ISO-10303-21;
HEADER;
FILE_DESCRIPTION (( 'STEP AP203' ),
    '1' );
FILE_NAME ('harmonic-base.step',
    '2025-12-03T23:57:28',
    ( '' ),
    ( '' ),
    'SwSTEP 2.0',
    'SolidWorks 2025',
    '' );
FILE_SCHEMA (( 'CONFIG_CONTROL_DESIGN' ));
ENDSEC;

DATA;
#1 = DIRECTION ( 'NONE',  ( 1.000000000000000000, 0.000000000000000000, 0.000000000000000000 ) ) ;
#2 = ORIENTED_EDGE ( 'NONE', *, *, #1191, .F. ) ;
#3 = DIRECTION ( 'NONE',  ( 0.000000000000000000, -1.000000000000000000, 0.000000000000000000 ) ) ;
#4 = CARTESIAN_POINT ( 'NONE',  ( 0.000000000000000000, 8.687500000000000000, 1.937500000000000000 ) ) ;
#5 = PLANE ( 'NONE',  #318 ) ;
#6 = DIRECTION ( 'NONE',  ( 0.000000000000000000, 0.000000000000000000, 1.000000000000000000 ) ) ;
#7 = DIRECTION ( 'NONE',  ( 8.741913579725612322E-15, 1.000000000000000000, 0.000000000000000000 ) ) ;
#8 = CYLINDRICAL_SURFACE ( 'NONE', #81, 0.1250000000000000000 ) ;
#9 = VECTOR ( 'NONE', #1138, 39.37007874015748143 ) ;
#10 = AXIS2_PLACEMENT_3D ( 'NONE', #775, #1223, #1110 ) ;
#11 = EDGE_CURVE ( 'NONE', #1197, #1416, #384, .T. ) ;
#12 = CARTESIAN_POINT ( 'NONE',  ( -5.187499999999999112, -8.750000000000000000, 0.6250000000000000000 ) ) ;
#13 = DIRECTION ( 'NONE',  ( 0.000000000000000000, 0.000000000000000000, 1.000000000000000000 ) ) ;
#14 = CARTESIAN_POINT ( 'NONE',  ( 5.283766029193273539, 8.783766029193500913, 0.5369925062239693236 ) ) ;
#15 = LINE ( 'NONE', #678, #1184 ) ;
#16 = CIRCLE ( 'NONE', #1026, 0.06249999999999995143 ) ;
#17 = CARTESIAN_POINT ( 'NONE',  ( -5.374999999999999112, 8.875000000000000000, 0.1250000000000000000 ) ) ;
#18 = AXIS2_PLACEMENT_3D ( 'NONE', #364, #1269, #592 ) ;
#19 = EDGE_CURVE ( 'NONE', #973, #658, #833, .T. ) ;
#20 = CARTESIAN_POINT ( 'NONE',  ( -5.256384236946358257, -8.697076355419468996, 0.5847230426562421979 ) ) ;
#21 = EDGE_CURVE ( 'NONE', #825, #658, #971, .T. ) ;
#22 = DIRECTION ( 'NONE',  ( 0.000000000000000000, 0.000000000000000000, 1.000000000000000000 ) ) ;
#23 = CARTESIAN_POINT ( 'NONE',  ( -5.298688263126575038, 8.798688263126360098, 0.5243335668468137589 ) ) ;
#24 = VECTOR ( 'NONE', #588, 39.37007874015748143 ) ;
#25 = ORIENTED_EDGE ( 'NONE', *, *, #204, .T. ) ;
#26 = DIRECTION ( 'NONE',  ( -1.000000000000000000, -8.741913579725612322E-15, -0.000000000000000000 ) ) ;
#27 = EDGE_CURVE ( 'NONE', #1369, #825, #1365, .T. ) ;
#28 = DIRECTION ( 'NONE',  ( 0.000000000000000000, 1.000000000000000000, 0.000000000000000000 ) ) ;
#29 = LINE ( 'NONE', #829, #395 ) ;
#30 = EDGE_LOOP ( 'NONE', ( #1435, #1434, #814 ) ) ;
#31 = CC_DESIGN_DATE_AND_TIME_ASSIGNMENT ( #87, #1188, ( #1018 ) ) ;
#32 = CARTESIAN_POINT ( 'NONE',  ( -5.374999999999999112, -8.875000000000000000, 0.5000000000000000000 ) ) ;
#33 = DIRECTION ( 'NONE',  ( 0.000000000000000000, 0.000000000000000000, -1.000000000000000000 ) ) ;
#34 = CARTESIAN_POINT ( 'NONE',  ( 5.250000000000000000, -8.750000000000000000, 1.937500000000000000 ) ) ;
#35 = LINE ( 'NONE', #1245, #9 ) ;
#36 = DIRECTION ( 'NONE',  ( -0.000000000000000000, 1.000000000000000000, -0.000000000000000000 ) ) ;
#37 = LINE ( 'NONE', #161, #1213 ) ;
#38 = ORIENTED_EDGE ( 'NONE', *, *, #1002, .T. ) ;
#39 = APPROVAL_PERSON_ORGANIZATION ( #1100, #74, #652 ) ;
#40 = DIRECTION ( 'NONE',  ( -0.000000000000000000, 1.000000000000000000, 0.000000000000000000 ) ) ;
#41 = CARTESIAN_POINT ( 'NONE',  ( -5.374999999999999112, 9.000000000000000000, 0.000000000000000000 ) ) ;
#42 = CARTESIAN_POINT ( 'NONE',  ( 5.250000000000000000, 8.875000000000000000, 0.5000000000000000000 ) ) ;
#43 = DIRECTION ( 'NONE',  ( 0.000000000000000000, 0.000000000000000000, -1.000000000000000000 ) ) ;
#44 = AXIS2_PLACEMENT_3D ( 'NONE', #569, #36, #150 ) ;
#45 = FACE_OUTER_BOUND ( 'NONE', #30, .T. ) ;
#46 = CARTESIAN_POINT ( 'NONE',  ( -5.374999999999999112, 9.000000000000000000, 0.3749999999999999445 ) ) ;
#47 = ORIENTED_EDGE ( 'NONE', *, *, #408, .F. ) ;
#48 = CARTESIAN_POINT ( 'NONE',  ( 5.187500000000000000, -8.687500000000000000, 1.937500000000000000 ) ) ;
#49 = ADVANCED_FACE ( 'NONE', ( #1276 ), #1251, .T. ) ;
#50 = LINE ( 'NONE', #729, #1230 ) ;
#51 = ORIENTED_EDGE ( 'NONE', *, *, #351, .F. ) ;
#52 = CARTESIAN_POINT ( 'NONE',  ( -5.374999999999998224, -8.875000000000000000, 0.1250000000000000278 ) ) ;
#53 = DIRECTION ( 'NONE',  ( -1.000000000000000000, 0.000000000000000000, 0.000000000000000000 ) ) ;
#54 = LINE ( 'NONE', #821, #846 ) ;
#55 = VERTEX_POINT ( 'NONE', #583 ) ;
#56 = CARTESIAN_POINT ( 'NONE',  ( -5.374999999999998224, -8.875000000000000000, 0.3749999999999999445 ) ) ;
#57 = DIRECTION ( 'NONE',  ( 0.000000000000000000, -8.741913579725640721E-15, 1.000000000000000000 ) ) ;
#58 = CARTESIAN_POINT ( 'NONE',  ( -5.374999999999999112, 8.875000000000000000, 0.3749999999999999445 ) ) ;
#59 = CARTESIAN_POINT ( 'NONE',  ( 5.500000000000000000, 9.000000000000000000, 0.1250000000000000278 ) ) ;
#60 = DIRECTION ( 'NONE',  ( 0.000000000000000000, 1.000000000000000000, 0.000000000000000000 ) ) ;
#61 = CARTESIAN_POINT ( 'NONE',  ( 5.374999999999999112, -9.000000000000000000, 0.1250000000000000278 ) ) ;
#62 = CARTESIAN_POINT ( 'NONE',  ( -5.249951346434400534, 8.749951346434400534, 0.6168452837953959378 ) ) ;
#63 = AXIS2_PLACEMENT_3D ( 'NONE', #586, #28, #593 ) ;
#64 = CARTESIAN_POINT ( 'NONE',  ( 5.333666445150121227, -8.833666445150118562, 0.5051739487220752167 ) ) ;
#65 = EDGE_CURVE ( 'NONE', #1125, #934, #264, .T. ) ;
#66 = CARTESIAN_POINT ( 'NONE',  ( -5.374999999999998224, 9.000000000000000000, 0.5000000000000000000 ) ) ;
#67 = VERTEX_POINT ( 'NONE', #711 ) ;
#68 = ADVANCED_FACE ( 'NONE', ( #1055 ), #1000, .T. ) ;
#69 = CARTESIAN_POINT ( 'NONE',  ( 5.188708641494276463, -8.750805760996229310, 0.6086377405028026155 ) ) ;
#70 = EDGE_LOOP ( 'NONE', ( #1302, #84, #964 ) ) ;
#71 = DIRECTION ( 'NONE',  ( 0.000000000000000000, 0.000000000000000000, 1.000000000000000000 ) ) ;
#72 = PERSON_AND_ORGANIZATION ( #746, #660 ) ;
#73 = ORIENTED_EDGE ( 'NONE', *, *, #27, .F. ) ;
#74 = APPROVAL ( #519, 'UNSPECIFIED' ) ;
#75 = EDGE_LOOP ( 'NONE', ( #183, #1265, #536 ) ) ;
#76 = CARTESIAN_POINT ( 'NONE',  ( 5.298751276043502045, -8.760626914065227311, 0.5256115467825762666 ) ) ;
#77 = EDGE_CURVE ( 'NONE', #1165, #450, #1296, .T. ) ;
#78 = ORIENTED_EDGE ( 'NONE', *, *, #1109, .T. ) ;
#79 = DIRECTION ( 'NONE',  ( -0.000000000000000000, 1.000000000000000000, 0.000000000000000000 ) ) ;
#80 = COORDINATED_UNIVERSAL_TIME_OFFSET ( 8, 0, .BEHIND. ) ;
#81 = AXIS2_PLACEMENT_3D ( 'NONE', #994, #1, #1438 ) ;
#82 = EDGE_LOOP ( 'NONE', ( #705, #402, #1004, #624 ) ) ;
#83 = CARTESIAN_POINT ( 'NONE',  ( 5.354545423243030733, -8.854545423244957192, 0.5000000000000301981 ) ) ;
#84 = ORIENTED_EDGE ( 'NONE', *, *, #1202, .F. ) ;
#85 = FACE_OUTER_BOUND ( 'NONE', #708, .T. ) ;
#86 = AXIS2_PLACEMENT_3D ( 'NONE', #494, #312, #1053 ) ;
#87 = DATE_AND_TIME ( #1327, #1395 ) ;
#88 = ORIENTED_EDGE ( 'NONE', *, *, #431, .F. ) ;
#89 = FACE_OUTER_BOUND ( 'NONE', #392, .T. ) ;
#90 = ORIENTED_EDGE ( 'NONE', *, *, #1202, .T. ) ;
#91 = AXIS2_PLACEMENT_3D ( 'NONE', #382, #304, #1201 ) ;
#92 = ORIENTED_EDGE ( 'NONE', *, *, #1343, .F. ) ;
#93 = CALENDAR_DATE ( 2025, 3, 12 ) ;
#94 = ADVANCED_FACE ( 'NONE', ( #779 ), #655, .T. ) ;
#95 = ORIENTED_EDGE ( 'NONE', *, *, #685, .F. ) ;
#96 = FACE_OUTER_BOUND ( 'NONE', #513, .T. ) ;
#97 = AXIS2_PLACEMENT_3D ( 'NONE', #1235, #353, #1371 ) ;
#98 = CARTESIAN_POINT ( 'NONE',  ( -5.225917320165251567, -8.775611546776795890, 0.5487512760521541244 ) ) ;
#99 = ORIENTED_EDGE ( 'NONE', *, *, #956, .F. ) ;
#100 = DIRECTION ( 'NONE',  ( -1.000000000000000000, -0.000000000000000000, 0.000000000000000000 ) ) ;
#101 = DIRECTION ( 'NONE',  ( -1.000000000000000000, 0.000000000000000000, 0.000000000000000000 ) ) ;
#102 = CIRCLE ( 'NONE', #369, 0.1250000000000004441 ) ;
#103 = LINE ( 'NONE', #550, #903 ) ;
#104 = ORIENTED_EDGE ( 'NONE', *, *, #848, .T. ) ;
#105 = AXIS2_PLACEMENT_3D ( 'NONE', #1292, #835, #160 ) ;
#106 = VECTOR ( 'NONE', #840, 39.37007874015748143 ) ;
#107 = CARTESIAN_POINT ( 'NONE',  ( -5.260626914065226423, 8.798751276043503822, 0.5256115467825764886 ) ) ;
#108 = CARTESIAN_POINT ( 'NONE',  ( 5.319606099234011509, 8.791909148851031475, 0.5126458799334733252 ) ) ;
#109 = CARTESIAN_POINT ( 'NONE',  ( -5.500000000000000000, 8.875000000000000000, 0.3749999999999999445 ) ) ;
#110 = CARTESIAN_POINT ( 'NONE',  ( -5.187500000000000000, -8.687500000000000000, 1.937500000000000000 ) ) ;
#111 = CARTESIAN_POINT ( 'NONE',  ( -5.250352461725571018, -8.750352461725571018, 0.6070977857932196020 ) ) ;
#112 = ORIENTED_EDGE ( 'NONE', *, *, #320, .F. ) ;
#113 = CARTESIAN_POINT ( 'NONE',  ( -5.333666445150573310, 8.833666445150575086, 0.5051739487220464619 ) ) ;
#114 = DIRECTION ( 'NONE',  ( -0.000000000000000000, 1.000000000000000000, 0.000000000000000000 ) ) ;
#115 = DIRECTION ( 'NONE',  ( -1.000000000000000000, 0.000000000000000000, 0.000000000000000000 ) ) ;
#116 = CARTESIAN_POINT ( 'NONE',  ( 5.374999999999999112, -8.875000000000000000, 0.3749999999999999445 ) ) ;
#117 = CARTESIAN_POINT ( 'NONE',  ( -5.212281575221294538, -8.766521050147568772, 0.5623561656929454422 ) ) ;
#118 = ADVANCED_FACE ( 'NONE', ( #999 ), #322, .T. ) ;
#119 = ORIENTED_EDGE ( 'NONE', *, *, #910, .F. ) ;
#120 = CARTESIAN_POINT ( 'NONE',  ( -5.500000000000000000, -9.000000000000000000, 0.1250000000000000278 ) ) ;
#121 = CARTESIAN_POINT ( 'NONE',  ( -5.261982590104777202, 8.761982590104775426, 0.5666081254852518567 ) ) ;
#122 = CARTESIAN_POINT ( 'NONE',  ( 5.291909148851029698, 8.819606099234011509, 0.5126458799334733252 ) ) ;
#123 = FACE_OUTER_BOUND ( 'NONE', #866, .T. ) ;
#124 = EDGE_CURVE ( 'NONE', #1078, #1430, #132, .T. ) ;
#125 = CARTESIAN_POINT ( 'NONE',  ( -5.374999999999998224, -9.000000000000000000, 0.3749999999999999445 ) ) ;
#126 = ADVANCED_FACE ( 'NONE', ( #1115 ), #5, .F. ) ;
#127 = CARTESIAN_POINT ( 'NONE',  ( -5.250000000000000000, -8.687500000000170530, 0.6168186763677185880 ) ) ;
#128 = CIRCLE ( 'NONE', #952, 0.06249999999999967387 ) ;
#129 = CARTESIAN_POINT ( 'NONE',  ( 5.187500000000000000, -8.750000000000000000, 0.6250000000000000000 ) ) ;
#130 = EDGE_CURVE ( 'NONE', #323, #1369, #347, .T. ) ;
#131 = CARTESIAN_POINT ( 'NONE',  ( -5.197076355419468108, 8.756384236946360033, 0.5847230426562423089 ) ) ;
#132 = LINE ( 'NONE', #774, #958 ) ;
#133 = SPHERICAL_SURFACE ( 'NONE', #468, 0.1250000000000000000 ) ;
#134 = VECTOR ( 'NONE', #1412, 39.37007874015748143 ) ;
#135 = LINE ( 'NONE', #59, #700 ) ;
#136 = ORIENTED_EDGE ( 'NONE', *, *, #177, .T. ) ;
#137 = CC_DESIGN_PERSON_AND_ORGANIZATION_ASSIGNMENT ( #514, #532, ( #405 ) ) ;
#138 = CARTESIAN_POINT ( 'NONE',  ( 5.250000000000000000, -8.875000000000000000, 0.6250000000000000000 ) ) ;
#139 = CARTESIAN_POINT ( 'NONE',  ( -5.375000000000000888, 8.875000000000001776, 0.5000000000000001110 ) ) ;
#140 = VECTOR ( 'NONE', #732, 39.37007874015748143 ) ;
#141 = DIRECTION ( 'NONE',  ( 0.000000000000000000, 0.000000000000000000, -1.000000000000000000 ) ) ;
#142 = CARTESIAN_POINT ( 'NONE',  ( 5.187500000000000000, 0.000000000000000000, 2.000000000000000000 ) ) ;
#143 = EDGE_CURVE ( 'NONE', #315, #1257, #530, .T. ) ;
#144 = SPHERICAL_SURFACE ( 'NONE', #63, 0.06250000000000000000 ) ;
#145 = CARTESIAN_POINT ( 'NONE',  ( -5.250000000000000000, 8.687500000000001776, 2.000000000000000000 ) ) ;
#146 = EDGE_LOOP ( 'NONE', ( #621, #668, #441, #777 ) ) ;
#147 = DIRECTION ( 'NONE',  ( 1.000000000000000000, 0.000000000000000000, 0.000000000000000000 ) ) ;
#148 = CYLINDRICAL_SURFACE ( 'NONE', #1414, 0.1250000000000004441 ) ;
#149 = EDGE_LOOP ( 'NONE', ( #1291, #603, #187, #297 ) ) ;
#150 = DIRECTION ( 'NONE',  ( 0.000000000000000000, 0.000000000000000000, -1.000000000000000000 ) ) ;
#151 = DIRECTION ( 'NONE',  ( 0.000000000000000000, 1.000000000000000000, 1.748382715945130038E-14 ) ) ;
#152 = VERTEX_POINT ( 'NONE', #598 ) ;
#153 = EDGE_CURVE ( 'NONE', #315, #973, #1142, .T. ) ;
#154 = VECTOR ( 'NONE', #1216, 39.37007874015748143 ) ;
#155 = CYLINDRICAL_SURFACE ( 'NONE', #237, 0.1250000000000004441 ) ;
#156 = DIRECTION ( 'NONE',  ( -0.000000000000000000, 1.000000000000000000, 0.000000000000000000 ) ) ;
#157 = CARTESIAN_POINT ( 'NONE',  ( -5.374999999999999112, 0.000000000000000000, 0.3749999999999999445 ) ) ;
#158 = DIRECTION ( 'NONE',  ( -0.000000000000000000, 0.000000000000000000, 1.000000000000000000 ) ) ;
#159 = VECTOR ( 'NONE', #606, 39.37007874015748143 ) ;
#160 = DIRECTION ( 'NONE',  ( 0.000000000000000000, 0.000000000000000000, 1.000000000000000000 ) ) ;
#161 = CARTESIAN_POINT ( 'NONE',  ( -5.500000000000000000, -8.875000000000000000, 0.5000000000000000000 ) ) ;
#162 = ORIENTED_EDGE ( 'NONE', *, *, #585, .F. ) ;
#163 = DIRECTION ( 'NONE',  ( 0.000000000000000000, -0.000000000000000000, -1.000000000000000000 ) ) ;
#164 = LINE ( 'NONE', #270, #159 ) ;
#165 = DIRECTION ( 'NONE',  ( 0.000000000000000000, 1.000000000000000000, 0.000000000000000000 ) ) ;
#166 = DIRECTION ( 'NONE',  ( 1.000000000000000000, 0.000000000000000000, 0.000000000000000000 ) ) ;
#167 = DIRECTION ( 'NONE',  ( 0.000000000000000000, 0.000000000000000000, -1.000000000000000000 ) ) ;
#168 = ORIENTED_EDGE ( 'NONE', *, *, #717, .F. ) ;
#169 = PLANE ( 'NONE',  #980 ) ;
#170 = LENGTH_MEASURE_WITH_UNIT ( LENGTH_MEASURE( 0.02539999999999999897 ), #1154 );
#171 = LINE ( 'NONE', #266, #935 ) ;
#172 = EDGE_CURVE ( 'NONE', #658, #1195, #524, .T. ) ;
#173 = ADVANCED_FACE ( 'NONE', ( #85 ), #195, .T. ) ;
#174 = CARTESIAN_POINT ( 'NONE',  ( 5.283766029193272651, -8.783766029193271763, 0.5369925062239845337 ) ) ;
#175 = CC_DESIGN_APPROVAL ( #74, ( #405 ) ) ;
#176 = CARTESIAN_POINT ( 'NONE',  ( 5.374999999999999112, -8.875000000000000000, 0.000000000000000000 ) ) ;
#177 = EDGE_CURVE ( 'NONE', #1101, #545, #750, .T. ) ;
#178 = EDGE_LOOP ( 'NONE', ( #428, #857, #619, #1439 ) ) ;
#179 = CARTESIAN_POINT ( 'NONE',  ( -5.187499999999999112, -8.687500000000000000, 1.937500000000000000 ) ) ;
#180 = AXIS2_PLACEMENT_3D ( 'NONE', #608, #737, #713 ) ;
#181 = LINE ( 'NONE', #309, #140 ) ;
#182 = EDGE_LOOP ( 'NONE', ( #1378, #521, #839, #1234 ) ) ;
#183 = ORIENTED_EDGE ( 'NONE', *, *, #962, .F. ) ;
#184 = ORIENTED_EDGE ( 'NONE', *, *, #1065, .T. ) ;
#185 = CARTESIAN_POINT ( 'NONE',  ( 5.256384236946358257, -8.697076355419468996, 0.5847230426562421979 ) ) ;
#186 = ADVANCED_FACE ( 'NONE', ( #604 ), #1428, .T. ) ;
#187 = ORIENTED_EDGE ( 'NONE', *, *, #393, .F. ) ;
#188 = DIRECTION ( 'NONE',  ( -1.000000000000000000, -0.000000000000000000, 0.000000000000000000 ) ) ;
#189 = EDGE_CURVE ( 'NONE', #1125, #610, #16, .T. ) ;
#190 = DATE_AND_TIME ( #1307, #784 ) ;
#191 = ORIENTED_EDGE ( 'NONE', *, *, #685, .T. ) ;
#192 = CARTESIAN_POINT ( 'NONE',  ( 5.319606099234011509, -8.791909148851029698, 0.5126458799334733252 ) ) ;
#193 =( BOUNDED_CURVE ( )  B_SPLINE_CURVE ( 3, ( #724, #391, #1264, #1271 ),
 .UNSPECIFIED., .F., .T. ) 
 B_SPLINE_CURVE_WITH_KNOTS ( ( 4, 4 ),
 ( 1.570796326794907438, 3.141592653589793116 ),
 .UNSPECIFIED. ) 
 CURVE ( )  GEOMETRIC_REPRESENTATION_ITEM ( )  RATIONAL_B_SPLINE_CURVE ( ( 1.000000000000000000, 0.8047378541243676020, 0.8047378541243676020, 1.000000000000000000 ) ) 
 REPRESENTATION_ITEM ( '' )  );
#194 = ORIENTED_EDGE ( 'NONE', *, *, #334, .T. ) ;
#195 = CYLINDRICAL_SURFACE ( 'NONE', #911, 0.06249999999999995143 ) ;
#196 = ADVANCED_FACE ( 'NONE', ( #419 ), #831, .T. ) ;
#197 = CC_DESIGN_APPROVAL ( #861, ( #997 ) ) ;
#198 = VECTOR ( 'NONE', #1174, 39.37007874015748143 ) ;
#199 = ORIENTED_EDGE ( 'NONE', *, *, #1398, .F. ) ;
#200 = CARTESIAN_POINT ( 'NONE',  ( 5.250814748562653733, -8.750814748562653733, 0.6015333615921083510 ) ) ;
#201 = ORIENTED_EDGE ( 'NONE', *, *, #27, .T. ) ;
#202 = ORIENTED_EDGE ( 'NONE', *, *, #19, .F. ) ;
#203 = ORIENTED_EDGE ( 'NONE', *, *, #848, .F. ) ;
#204 = EDGE_CURVE ( 'NONE', #934, #981, #718, .T. ) ;
#205 = CIRCLE ( 'NONE', #571, 0.1250000000000000000 ) ;
#206 = MECHANICAL_CONTEXT ( 'NONE', #356, 'mechanical' ) ;
#207 = VERTEX_POINT ( 'NONE', #1198 ) ;
#208 = CARTESIAN_POINT ( 'NONE',  ( 5.187500000000000000, 8.687500000000000000, 2.000000000000000000 ) ) ;
#209 = AXIS2_PLACEMENT_3D ( 'NONE', #845, #1156, #578 ) ;
#210 = ORIENTED_EDGE ( 'NONE', *, *, #414, .T. ) ;
#211 = SHAPE_DEFINITION_REPRESENTATION ( #697, #361 ) ;
#212 = CARTESIAN_POINT ( 'NONE',  ( 5.233739972831474851, 8.780826648554267422, 0.5423966561490971561 ) ) ;
#213 = ADVANCED_FACE ( 'NONE', ( #869 ), #635, .F. ) ;
#214 = DIRECTION ( 'NONE',  ( 0.000000000000000000, 0.000000000000000000, -1.000000000000000000 ) ) ;
#215 = CARTESIAN_POINT ( 'NONE',  ( -5.266521050147568772, -8.712281575221295427, 0.5623561656929454422 ) ) ;
#216 = ORIENTED_EDGE ( 'NONE', *, *, #334, .F. ) ;
#217 = CARTESIAN_POINT ( 'NONE',  ( 5.256384236946358257, 8.697076355419468996, 0.5847230426562421979 ) ) ;
#218 = CARTESIAN_POINT ( 'NONE',  ( 5.374999999999999112, 8.875000000000000000, 0.000000000000000000 ) ) ;
#219 = CARTESIAN_POINT ( 'NONE',  ( -5.187499999999999112, -8.750000000000000000, 1.937500000000000000 ) ) ;
#220 = CIRCLE ( 'NONE', #636, 0.06249999999999967387 ) ;
#221 = CARTESIAN_POINT ( 'NONE',  ( -5.291909148851029698, -8.819606099234011509, 0.5126458799334733252 ) ) ;
#222 = ORIENTED_EDGE ( 'NONE', *, *, #863, .F. ) ;
#223 = CARTESIAN_POINT ( 'NONE',  ( -5.281034248552423094, 8.812356165701599409, 0.5165210501417878408 ) ) ;
#224 = CARTESIAN_POINT ( 'NONE',  ( 5.358634588199787885, 8.850451882300887974, 0.5000000000000001110 ) ) ;
#225 = CARTESIAN_POINT ( 'NONE',  ( -5.374999999999999112, 8.875000000000000000, 0.5000000000000000000 ) ) ;
#226 = EDGE_CURVE ( 'NONE', #1106, #1426, #1282, .T. ) ;
#227 = DIRECTION ( 'NONE',  ( 0.000000000000000000, 0.000000000000000000, -1.000000000000000000 ) ) ;
#228 = CARTESIAN_POINT ( 'NONE',  ( -5.280826648554273639, -8.733739972831475740, 0.5423966561490904947 ) ) ;
#229 = EDGE_LOOP ( 'NONE', ( #1059, #418, #368 ) ) ;
#230 = EDGE_CURVE ( 'NONE', #450, #430, #1150, .T. ) ;
#231 = CYLINDRICAL_SURFACE ( 'NONE', #733, 0.1250000000000000278 ) ;
#232 = CARTESIAN_POINT ( 'NONE',  ( -5.250814748562652845, 8.750814748562655510, 0.6015333615921194532 ) ) ;
#233 = CARTESIAN_POINT ( 'NONE',  ( 5.260626914065226423, 8.798751276043503822, 0.5256115467825764886 ) ) ;
#234 = CARTESIAN_POINT ( 'NONE',  ( 5.250000000000000000, -8.750000000000000000, 2.000000000000000000 ) ) ;
#235 = FACE_OUTER_BOUND ( 'NONE', #626, .T. ) ;
#236 = CARTESIAN_POINT ( 'NONE',  ( -5.350451882300890638, -8.858634588199791438, 0.5000000000000001110 ) ) ;
#237 = AXIS2_PLACEMENT_3D ( 'NONE', #788, #1246, #1231 ) ;
#238 = FACE_OUTER_BOUND ( 'NONE', #694, .T. ) ;
#239 = CARTESIAN_POINT ( 'NONE',  ( -5.298751276043502045, 8.760626914065227311, 0.5256115467825762666 ) ) ;
#240 = CARTESIAN_POINT ( 'NONE',  ( 5.212281575221294538, 8.766521050147568772, 0.5623561656929456642 ) ) ;
#241 = LINE ( 'NONE', #1130, #1226 ) ;
#242 = DIRECTION ( 'NONE',  ( -1.000000000000000000, -0.000000000000000000, -0.000000000000000000 ) ) ;
#243 = CARTESIAN_POINT ( 'NONE',  ( -5.187500000000000000, -8.750000000000000000, 0.6250000000000000000 ) ) ;
#244 =( GEOMETRIC_REPRESENTATION_CONTEXT ( 3 ) GLOBAL_UNCERTAINTY_ASSIGNED_CONTEXT ( ( #1359 ) ) GLOBAL_UNIT_ASSIGNED_CONTEXT ( ( #614, #985, #742 ) ) REPRESENTATION_CONTEXT ( 'NONE', 'WORKASPACE' ) );
#245 = EDGE_CURVE ( 'NONE', #721, #1411, #205, .T. ) ;
#246 = CIRCLE ( 'NONE', #1076, 0.06249999999999967387 ) ;
#247 = CARTESIAN_POINT ( 'NONE',  ( 5.374999999999999112, 9.000000000000000000, 0.1250000000000000278 ) ) ;
#248 = DIRECTION ( 'NONE',  ( 0.000000000000000000, 0.000000000000000000, 1.000000000000000000 ) ) ;
#249 = ADVANCED_FACE ( 'NONE', ( #238 ), #1044, .F. ) ;
#250 = EDGE_LOOP ( 'NONE', ( #747, #410, #216 ) ) ;
#251 = DIRECTION ( 'NONE',  ( -1.000000000000000000, 0.000000000000000000, 0.000000000000000000 ) ) ;
#252 = CARTESIAN_POINT ( 'NONE',  ( 5.187500000000000000, 8.750000000000000000, 0.5517766952966377536 ) ) ;
#253 = CARTESIAN_POINT ( 'NONE',  ( 5.500000000000000000, 9.000000000000000000, 0.5000000000000000000 ) ) ;
#254 = ORIENTED_EDGE ( 'NONE', *, *, #1421, .F. ) ;
#255 = DIRECTION ( 'NONE',  ( -0.000000000000000000, -0.000000000000000000, 1.000000000000000000 ) ) ;
#256 = CARTESIAN_POINT ( 'NONE',  ( 5.374999999999999112, -8.875000000000000000, 0.5000000000000000000 ) ) ;
#257 = VERTEX_POINT ( 'NONE', #476 ) ;
#258 = DIRECTION ( 'NONE',  ( -0.000000000000000000, -0.000000000000000000, 1.000000000000000000 ) ) ;
#259 = CARTESIAN_POINT ( 'NONE',  ( 5.187499999999999112, 8.750000000000000000, 0.6250000000000000000 ) ) ;
#260 = CARTESIAN_POINT ( 'NONE',  ( 5.374999999999999112, 9.000000000000000000, 0.5000000000000000000 ) ) ;
#261 = ORIENTED_EDGE ( 'NONE', *, *, #1002, .F. ) ;
#262 = CARTESIAN_POINT ( 'NONE',  ( -5.500000000000000000, -9.000000000000000000, 0.3749999999999999445 ) ) ;
#263 = CARTESIAN_POINT ( 'NONE',  ( 0.000000000000000000, 0.000000000000000000, 2.000000000000000000 ) ) ;
#264 = LINE ( 'NONE', #34, #791 ) ;
#265 = FACE_OUTER_BOUND ( 'NONE', #1203, .T. ) ;
#266 = CARTESIAN_POINT ( 'NONE',  ( -5.187499999999999112, 8.750000000000000000, 2.000000000000000000 ) ) ;
#267 = CARTESIAN_POINT ( 'NONE',  ( 5.250000000000000000, -8.750000000000000000, 0.6250000000000000000 ) ) ;
#268 = ORIENTED_EDGE ( 'NONE', *, *, #736, .F. ) ;
#269 = CARTESIAN_POINT ( 'NONE',  ( 5.374999999999999112, 8.875000000000000000, 0.1250000000000000000 ) ) ;
#270 = CARTESIAN_POINT ( 'NONE',  ( 5.500000000000000000, 9.000000000000000000, 0.3749999999999999445 ) ) ;
#271 = ORIENTED_EDGE ( 'NONE', *, *, #1445, .F. ) ;
#272 = SPHERICAL_SURFACE ( 'NONE', #1073, 0.1250000000000000000 ) ;
#273 = LINE ( 'NONE', #961, #617 ) ;
#274 = ADVANCED_FACE ( 'NONE', ( #913 ), #469, .F. ) ;
#275 = VECTOR ( 'NONE', #1194, 39.37007874015748143 ) ;
#276 = FACE_OUTER_BOUND ( 'NONE', #1388, .T. ) ;
#277 = ORIENTED_EDGE ( 'NONE', *, *, #1319, .T. ) ;
#278 = EDGE_CURVE ( 'NONE', #981, #323, #1017, .T. ) ;
#279 = DIRECTION ( 'NONE',  ( -1.000000000000000000, -0.000000000000000000, -8.741913579725640721E-15 ) ) ;
#280 = ADVANCED_FACE ( 'NONE', ( #928 ), #451, .T. ) ;
#281 = CARTESIAN_POINT ( 'NONE',  ( -5.250000000000000000, -8.687500000000000000, 2.000000000000000000 ) ) ;
#282 = AXIS2_PLACEMENT_3D ( 'NONE', #253, #500, #838 ) ;
#283 = DIRECTION ( 'NONE',  ( -0.000000000000000000, 1.000000000000000000, 0.000000000000000000 ) ) ;
#284 = CARTESIAN_POINT ( 'NONE',  ( 5.250000000000000000, -8.687500000000000000, 0.6250000000000000000 ) ) ;
#285 = ADVANCED_FACE ( 'NONE', ( #937 ), #808, .F. ) ;
#286 = AXIS2_PLACEMENT_3D ( 'NONE', #816, #255, #1242 ) ;
#287 = CYLINDRICAL_SURFACE ( 'NONE', #314, 0.1250000000000000000 ) ;
#288 = ORIENTED_EDGE ( 'NONE', *, *, #143, .T. ) ;
#289 = DIRECTION ( 'NONE',  ( 0.000000000000000000, 0.000000000000000000, -1.000000000000000000 ) ) ;
#290 =( BOUNDED_CURVE ( )  B_SPLINE_CURVE ( 3, ( #680, #1263, #820, #672 ),
 .UNSPECIFIED., .F., .T. ) 
 B_SPLINE_CURVE_WITH_KNOTS ( ( 4, 4 ),
 ( 3.141592653589793116, 4.712388980384682569 ),
 .UNSPECIFIED. ) 
 CURVE ( )  GEOMETRIC_REPRESENTATION_ITEM ( )  RATIONAL_B_SPLINE_CURVE ( ( 1.000000000000000000, 0.8047378541243667138, 0.8047378541243667138, 1.000000000000000000 ) ) 
 REPRESENTATION_ITEM ( '' )  );
#291 = DIRECTION ( 'NONE',  ( 0.000000000000000000, 0.000000000000000000, -1.000000000000000000 ) ) ;
#292 = ORIENTED_EDGE ( 'NONE', *, *, #204, .F. ) ;
#293 = AXIS2_PLACEMENT_3D ( 'NONE', #780, #26, #1123 ) ;
#294 = APPROVAL_ROLE ( '' ) ;
#295 = EDGE_LOOP ( 'NONE', ( #782, #474, #409, #926 ) ) ;
#296 = CIRCLE ( 'NONE', #1440, 0.1250000000000004441 ) ;
#297 = ORIENTED_EDGE ( 'NONE', *, *, #230, .T. ) ;
#298 = CARTESIAN_POINT ( 'NONE',  ( 5.255486267300296888, -8.755486267300097936, 0.5815313649763614867 ) ) ;
#299 = AXIS2_PLACEMENT_3D ( 'NONE', #470, #676, #33 ) ;
#300 = VERTEX_POINT ( 'NONE', #682 ) ;
#301 = MANIFOLD_SOLID_BREP ( 'Fillet2', #587 ) ;
#302 = ORIENTED_EDGE ( 'NONE', *, *, #351, .T. ) ;
#303 = ADVANCED_FACE ( 'NONE', ( #691 ), #231, .F. ) ;
#304 = DIRECTION ( 'NONE',  ( 0.000000000000000000, 0.000000000000000000, 1.000000000000000000 ) ) ;
#305 = ORIENTED_EDGE ( 'NONE', *, *, #665, .F. ) ;
#306 = CARTESIAN_POINT ( 'NONE',  ( 5.500000000000000000, -9.000000000000000000, 0.3749999999999999445 ) ) ;
#307 = SECURITY_CLASSIFICATION_LEVEL ( 'unclassified' ) ;
#308 = EDGE_LOOP ( 'NONE', ( #1225, #850, #735 ) ) ;
#309 = CARTESIAN_POINT ( 'NONE',  ( 5.500000000000000000, -9.000000000000000000, 0.3749999999999999445 ) ) ;
#310 = ORIENTED_EDGE ( 'NONE', *, *, #1288, .T. ) ;
#311 = ORIENTED_EDGE ( 'NONE', *, *, #743, .T. ) ;
#312 = DIRECTION ( 'NONE',  ( 0.000000000000000000, 1.000000000000000000, 0.000000000000000000 ) ) ;
#313 = APPROVAL_STATUS ( 'not_yet_approved' ) ;
#314 = AXIS2_PLACEMENT_3D ( 'NONE', #1047, #401, #834 ) ;
#315 = VERTEX_POINT ( 'NONE', #247 ) ;
#316 = DIRECTION ( 'NONE',  ( -0.000000000000000000, 0.000000000000000000, 1.000000000000000000 ) ) ;
#317 = VERTEX_POINT ( 'NONE', #800 ) ;
#318 = AXIS2_PLACEMENT_3D ( 'NONE', #1006, #453, #906 ) ;
#319 = DATE_AND_TIME ( #765, #767 ) ;
#320 = EDGE_CURVE ( 'NONE', #67, #1426, #377, .T. ) ;
#321 = EDGE_CURVE ( 'NONE', #257, #942, #1258, .T. ) ;
#322 = CYLINDRICAL_SURFACE ( 'NONE', #1167, 0.06249999999999967387 ) ;
#323 = VERTEX_POINT ( 'NONE', #32 ) ;
#324 = DIRECTION ( 'NONE',  ( 0.000000000000000000, 0.000000000000000000, -1.000000000000000000 ) ) ;
#325 = AXIS2_PLACEMENT_3D ( 'NONE', #1294, #291, #738 ) ;
#326 = CARTESIAN_POINT ( 'NONE',  ( -5.325922271592578028, -8.842281514395072151, 0.5032534154413214056 ) ) ;
#327 = EDGE_LOOP ( 'NONE', ( #771, #383, #1081, #1153 ) ) ;
#328 = EDGE_CURVE ( 'NONE', #1426, #822, #679, .T. ) ;
#329 = DIRECTION ( 'NONE',  ( 0.000000000000000000, 0.000000000000000000, -1.000000000000000000 ) ) ;
#330 = CARTESIAN_POINT ( 'NONE',  ( -5.187500000000000000, 8.750000000000001776, 0.5517766952966375316 ) ) ;
#331 = CARTESIAN_POINT ( 'NONE',  ( 0.000000000000000000, -8.687500000000000000, 2.000000000000000000 ) ) ;
#332 = CARTESIAN_POINT ( 'NONE',  ( -5.342281514395071262, -8.825922271592578028, 0.5032534154413214056 ) ) ;
#333 = ORIENTED_EDGE ( 'NONE', *, *, #1126, .T. ) ;
#334 = EDGE_CURVE ( 'NONE', #317, #257, #1066, .T. ) ;
#335 = CARTESIAN_POINT ( 'NONE',  ( -5.280826648554273639, 8.733739972831475740, 0.5423966561490904947 ) ) ;
#336 = CARTESIAN_POINT ( 'NONE',  ( 5.255486267300099712, 8.755486267300099712, 0.5815313649763065307 ) ) ;
#337 = CARTESIAN_POINT ( 'NONE',  ( -5.301776695296636532, 8.765165042944955687, 0.5000000000000009992 ) ) ;
#338 = DIRECTION ( 'NONE',  ( 0.000000000000000000, 0.000000000000000000, 1.000000000000000000 ) ) ;
#339 = DIRECTION ( 'NONE',  ( 1.000000000000000000, 0.000000000000000000, 0.000000000000000000 ) ) ;
#340 = CC_DESIGN_APPROVAL ( #766, ( #1018 ) ) ;
#341 = ORIENTED_EDGE ( 'NONE', *, *, #1268, .F. ) ;
#342 = EDGE_CURVE ( 'NONE', #761, #496, #1107, .T. ) ;
#343 = VECTOR ( 'NONE', #372, 39.37007874015748143 ) ;
#344 =( BOUNDED_SURFACE ( )  B_SPLINE_SURFACE ( 3, 2, ( 
 ( #555, #1443, #243 ),
 ( #127, #1240, #544 ),
 ( #1217, #919, #789 ),
 ( #570, #111, #1105 ),
 ( #20, #1025, #440 ),
 ( #1224, #1003, #1008 ),
 ( #215, #1119, #117 ),
 ( #467, #1361, #98 ),
 ( #228, #358, #806 ),
 ( #1247, #449, #458 ),
 ( #681, #909, #657 ),
 ( #562, #666, #1356 ),
 ( #889, #798, #221 ),
 ( #332, #1331, #326 ),
 ( #352, #444, #236 ),
 ( #900, #1111, #1346 ) ),
 .UNSPECIFIED., .F., .F., .T. ) 
 B_SPLINE_SURFACE_WITH_KNOTS ( ( 4, 2, 2, 2, 2, 2, 2, 4 ),
 ( 3, 3 ),
 ( 3.141592653589793116, 3.337942194439155408, 3.534291735288517255, 3.730641276137879103, 3.926990816987241395, 4.123340357836603687, 4.319689898685965090, 4.712388980384689674 ),
 ( 0.000000000000000000, 1.000000000000000000 ),
 .UNSPECIFIED. ) 
 GEOMETRIC_REPRESENTATION_ITEM ( )  RATIONAL_B_SPLINE_SURFACE ( (
 ( 1.000000000000000000, 0.7071067811865475727, 1.000000000000000000),
 ( 1.000000000000000000, 0.7070717281021530187, 1.000000000000000000),
 ( 1.000000000000000000, 0.7117460028955775453, 1.000000000000000000),
 ( 1.000000000000000000, 0.7291288936477382521, 1.000000000000000000),
 ( 1.000000000000000000, 0.7418334183799719650, 1.000000000000000000),
 ( 1.000000000000000000, 0.7723968213172307529, 1.000000000000000000),
 ( 1.000000000000000000, 0.7902180090805392965, 1.000000000000000000),
 ( 1.000000000000000000, 0.8275942691627985459, 1.000000000000000000),
 ( 1.000000000000000000, 0.8471316607465979587, 1.000000000000000000),
 ( 1.000000000000000000, 0.8849191468222765700, 1.000000000000000000),
 ( 1.000000000000000000, 0.9031650996174774848, 1.000000000000000000),
 ( 1.000000000000000000, 0.9360421840689183703, 1.000000000000000000),
 ( 1.000000000000000000, 0.9506740355182062840, 1.000000000000000000),
 ( 1.000000000000000000, 0.9867291886070519435, 1.000000000000000000),
 ( 1.000000000000000000, 1.000158581256185730, 1.000000000000000000),
 ( 1.000000000000000000, 1.000000000000000000, 1.000000000000000000) ) ) 
 REPRESENTATION_ITEM ( '' )  SURFACE ( )  );
#345 = DIRECTION ( 'NONE',  ( 0.000000000000000000, 0.000000000000000000, -1.000000000000000000 ) ) ;
#346 = CARTESIAN_POINT ( 'NONE',  ( 5.187500000000000000, 8.687500000000000000, 0.6250000000000000000 ) ) ;
#347 = LINE ( 'NONE', #385, #134 ) ;
#348 = AXIS2_PLACEMENT_3D ( 'NONE', #157, #1145, #141 ) ;
#349 = CARTESIAN_POINT ( 'NONE',  ( 5.187500000000000000, -8.687500000000000000, 1.937500000000000000 ) ) ;
#350 = CARTESIAN_POINT ( 'NONE',  ( 5.187500000000000000, 8.750000000000000000, 2.000000000000000000 ) ) ;
#351 = EDGE_CURVE ( 'NONE', #973, #1257, #360, .T. ) ;
#352 = CARTESIAN_POINT ( 'NONE',  ( -5.358634588199787885, -8.850451882300886197, 0.5000000000000001110 ) ) ;
#353 = DIRECTION ( 'NONE',  ( 1.000000000000000000, 0.000000000000000000, 0.000000000000000000 ) ) ;
#354 = CARTESIAN_POINT ( 'NONE',  ( -5.233739972831474851, 8.780826648554267422, 0.5423966561490971561 ) ) ;
#355 = CARTESIAN_POINT ( 'NONE',  ( 5.197076355419468108, 8.756384236946360033, 0.5847230426562423089 ) ) ;
#356 = APPLICATION_CONTEXT ( 'configuration controlled 3d designs of mechanical parts and assemblies' ) ;
#357 = FACE_OUTER_BOUND ( 'NONE', #1089, .T. ) ;
#358 = CARTESIAN_POINT ( 'NONE',  ( -5.266294790316869978, -8.766294790316871754, 0.5588998569188182719 ) ) ;
#359 = EDGE_CURVE ( 'NONE', #761, #1211, #1266, .T. ) ;
#360 = CIRCLE ( 'NONE', #475, 0.1250000000000000000 ) ;
#361 = ADVANCED_BREP_SHAPE_REPRESENTATION ( 'harmonic-base', ( #301, #1299 ), #244 ) ;
#362 = DIRECTION ( 'NONE',  ( 1.000000000000000000, 0.000000000000000000, 0.000000000000000000 ) ) ;
#363 = CARTESIAN_POINT ( 'NONE',  ( -5.250805760996229310, 8.688708641494278240, 0.6086377405028026155 ) ) ;
#364 = CARTESIAN_POINT ( 'NONE',  ( 5.374999999999999112, 8.875000000000000000, 0.3749999999999999445 ) ) ;
#365 = CARTESIAN_POINT ( 'NONE',  ( -5.374999999999999112, 8.875000000000000000, 0.5000000000000000000 ) ) ;
#366 = CARTESIAN_POINT ( 'NONE',  ( 5.187500000000000000, -8.750000000000000000, 0.6250000000000000000 ) ) ;
#367 = CARTESIAN_POINT ( 'NONE',  ( 5.374999999999999112, -9.000000000000000000, 0.5000000000000000000 ) ) ;
#368 = ORIENTED_EDGE ( 'NONE', *, *, #429, .F. ) ;
#369 = AXIS2_PLACEMENT_3D ( 'NONE', #52, #849, #734 ) ;
#370 = CIRCLE ( 'NONE', #1187, 0.06249999999999967387 ) ;
#371 = CARTESIAN_POINT ( 'NONE',  ( 5.187500000000000000, 8.687500000000000000, 1.937500000000000000 ) ) ;
#372 = DIRECTION ( 'NONE',  ( 0.000000000000000000, -1.000000000000000000, 0.000000000000000000 ) ) ;
#373 = CARTESIAN_POINT ( 'NONE',  ( 5.250000000000000888, 8.750000000000001776, 0.6250000000000001110 ) ) ;
#374 = DIRECTION ( 'NONE',  ( -1.000000000000000000, 0.000000000000000000, 0.000000000000000000 ) ) ;
#375 = CARTESIAN_POINT ( 'NONE',  ( 5.374999999999999112, -9.000000000000000000, 0.1250000000000000278 ) ) ;
#376 = EDGE_LOOP ( 'NONE', ( #596, #948, #1427, #421 ) ) ;
#377 = LINE ( 'NONE', #1127, #654 ) ;
#378 = DIRECTION ( 'NONE',  ( -1.000000000000000000, 0.000000000000000000, 0.000000000000000000 ) ) ;
#379 = CARTESIAN_POINT ( 'NONE',  ( 5.187500000000170530, 8.750000000000001776, 0.6168186763677185880 ) ) ;
#380 = FACE_OUTER_BOUND ( 'NONE', #295, .T. ) ;
#381 = CARTESIAN_POINT ( 'NONE',  ( -5.250000000000000000, 8.687500000000001776, 0.6250000000000000000 ) ) ;
#382 = CARTESIAN_POINT ( 'NONE',  ( 5.374999999999999112, 8.875000000000000000, 0.3749999999999999445 ) ) ;
#383 = ORIENTED_EDGE ( 'NONE', *, *, #594, .T. ) ;
#384 = CIRCLE ( 'NONE', #1409, 0.06249999999999967387 ) ;
#385 = CARTESIAN_POINT ( 'NONE',  ( -5.375000000000000888, 8.750000000000000000, 0.5000000000000000000 ) ) ;
#386 = DIRECTION ( 'NONE',  ( 0.000000000000000000, 0.000000000000000000, 1.000000000000000000 ) ) ;
#387 = ADVANCED_FACE ( 'NONE', ( #1011 ), #155, .T. ) ;
#388 = CARTESIAN_POINT ( 'NONE',  ( -5.187500000000000000, 8.687500000000000000, 0.6250000000000000000 ) ) ;
#389 = DIRECTION ( 'NONE',  ( 0.000000000000000000, 0.000000000000000000, -1.000000000000000000 ) ) ;
#390 = DIRECTION ( 'NONE',  ( -1.000000000000000000, 0.000000000000000000, 0.000000000000000000 ) ) ;
#391 = CARTESIAN_POINT ( 'NONE',  ( 5.301776695296636532, 8.765165042944955687, 0.5000000000000009992 ) ) ;
#392 = EDGE_LOOP ( 'NONE', ( #73, #310, #268, #210 ) ) ;
#393 = EDGE_CURVE ( 'NONE', #450, #323, #1255, .T. ) ;
#394 = AXIS2_PLACEMENT_3D ( 'NONE', #730, #508, #57 ) ;
#395 = VECTOR ( 'NONE', #1256, 39.37007874015748143 ) ;
#396 = CARTESIAN_POINT ( 'NONE',  ( 5.374999999999999112, 0.000000000000000000, 0.3749999999999999445 ) ) ;
#397 = CARTESIAN_POINT ( 'NONE',  ( -5.250000000000000000, -8.687500000000000000, 0.6250000000000000000 ) ) ;
#398 =( BOUNDED_SURFACE ( )  B_SPLINE_SURFACE ( 3, 2, ( 
 ( #731, #1383, #381 ),
 ( #1177, #828, #615 ),
 ( #1072, #62, #363 ),
 ( #452, #1038, #809 ),
 ( #131, #232, #1350 ),
 ( #1357, #693, #1113 ),
 ( #1446, #573, #446 ),
 ( #896, #121, #558 ),
 ( #354, #1028, #335 ),
 ( #1128, #801, #582 ),
 ( #107, #1243, #239 ),
 ( #223, #23, #552 ),
 ( #1005, #659, #1341 ),
 ( #783, #113, #683 ),
 ( #921, #905, #1144 ),
 ( #564, #139, #1021 ) ),
 .UNSPECIFIED., .F., .F., .T. ) 
 B_SPLINE_SURFACE_WITH_KNOTS ( ( 4, 2, 2, 2, 2, 2, 2, 4 ),
 ( 3, 3 ),
 ( 3.141592653589793116, 3.337942194439155408, 3.534291735288517255, 3.730641276137879103, 3.926990816987241395, 4.123340357836603687, 4.319689898685965090, 4.712388980384689674 ),
 ( 0.000000000000000000, 1.000000000000000000 ),
 .UNSPECIFIED. ) 
 GEOMETRIC_REPRESENTATION_ITEM ( )  RATIONAL_B_SPLINE_SURFACE ( (
 ( 1.000000000000000000, 0.7071067811865413555, 1.000000000000000000),
 ( 1.000000000000000000, 0.7070717281021372536, 1.000000000000000000),
 ( 1.000000000000000000, 0.7117460028955953089, 1.000000000000000000),
 ( 1.000000000000000000, 0.7291288936477207105, 1.000000000000000000),
 ( 1.000000000000000000, 0.7418334183799952797, 1.000000000000000000),
 ( 1.000000000000000000, 0.7723968213172169861, 1.000000000000000000),
 ( 1.000000000000000000, 0.7902180090810921875, 1.000000000000000000),
 ( 1.000000000000000000, 0.8275942691622429903, 1.000000000000000000),
 ( 1.000000000000000000, 0.8471316607469797644, 1.000000000000000000),
 ( 1.000000000000000000, 0.8849191468218954304, 1.000000000000000000),
 ( 1.000000000000000000, 0.9031650996176360247, 1.000000000000000000),
 ( 1.000000000000000000, 0.9360421840687618289, 1.000000000000000000),
 ( 1.000000000000000000, 0.9506740355182317082, 1.000000000000000000),
 ( 1.000000000000000000, 0.9867291886070066464, 1.000000000000000000),
 ( 1.000000000000000000, 1.000158581256220591, 1.000000000000000000),
 ( 1.000000000000000000, 1.000000000000000000, 1.000000000000000000) ) ) 
 REPRESENTATION_ITEM ( '' )  SURFACE ( )  );
#399 = AXIS2_PLACEMENT_3D ( 'NONE', #915, #114, #661 ) ;
#400 = FACE_OUTER_BOUND ( 'NONE', #589, .T. ) ;
#401 = DIRECTION ( 'NONE',  ( 1.000000000000000000, 0.000000000000000000, 0.000000000000000000 ) ) ;
#402 = ORIENTED_EDGE ( 'NONE', *, *, #594, .F. ) ;
#403 = AXIS2_PLACEMENT_3D ( 'NONE', #375, #1280, #167 ) ;
#404 = DIRECTION ( 'NONE',  ( 0.000000000000000000, 0.000000000000000000, 1.000000000000000000 ) ) ;
#405 = PRODUCT_DEFINITION ( 'UNKNOWN', '', #997, #465 ) ;
#406 = CARTESIAN_POINT ( 'NONE',  ( 5.260626914065226423, -8.798751276043502045, 0.5256115467825762666 ) ) ;
#407 = ORIENTED_EDGE ( 'NONE', *, *, #321, .F. ) ;
#408 = EDGE_CURVE ( 'NONE', #545, #450, #290, .T. ) ;
#409 = ORIENTED_EDGE ( 'NONE', *, *, #743, .F. ) ;
#410 = ORIENTED_EDGE ( 'NONE', *, *, #499, .T. ) ;
#411 = DIRECTION ( 'NONE',  ( 0.000000000000000000, 0.000000000000000000, -1.000000000000000000 ) ) ;
#412 = EDGE_LOOP ( 'NONE', ( #199, #1141, #341 ) ) ;
#413 = CARTESIAN_POINT ( 'NONE',  ( 5.374999999999999112, 8.875000000000000000, 0.1250000000000000278 ) ) ;
#414 = EDGE_CURVE ( 'NONE', #207, #825, #1303, .T. ) ;
#415 = ORIENTED_EDGE ( 'NONE', *, *, #320, .T. ) ;
#416 = CARTESIAN_POINT ( 'NONE',  ( 5.307060473744350304, -8.807060473744350304, 0.5186976706703285700 ) ) ;
#417 = CIRCLE ( 'NONE', #1166, 0.1250000000000000000 ) ;
#418 = ORIENTED_EDGE ( 'NONE', *, *, #956, .T. ) ;
#419 = FACE_OUTER_BOUND ( 'NONE', #716, .T. ) ;
#420 = PERSON_AND_ORGANIZATION ( #746, #660 ) ;
#421 = ORIENTED_EDGE ( 'NONE', *, *, #1232, .F. ) ;
#422 = CARTESIAN_POINT ( 'NONE',  ( 5.250000000000000000, -8.750000000000000000, 0.6250000000000000000 ) ) ;
#423 = ORIENTED_EDGE ( 'NONE', *, *, #535, .T. ) ;
#424 = DIRECTION ( 'NONE',  ( -0.000000000000000000, -1.000000000000000000, -0.000000000000000000 ) ) ;
#425 = VECTOR ( 'NONE', #1158, 39.37007874015748143 ) ;
#426 = ORIENTED_EDGE ( 'NONE', *, *, #1222, .T. ) ;
#427 = CARTESIAN_POINT ( 'NONE',  ( 5.266294790316869978, -8.766294790316871754, 0.5588998569188182719 ) ) ;
#428 = ORIENTED_EDGE ( 'NONE', *, *, #1320, .T. ) ;
#429 = EDGE_CURVE ( 'NONE', #450, #1195, #1241, .T. ) ;
#430 = VERTEX_POINT ( 'NONE', #366 ) ;
#431 = EDGE_CURVE ( 'NONE', #822, #207, #1124, .T. ) ;
#432 = ADVANCED_FACE ( 'NONE', ( #899 ), #1139, .T. ) ;
#433 = PERSON_AND_ORGANIZATION ( #746, #660 ) ;
#434 = AXIS2_PLACEMENT_3D ( 'NONE', #489, #959, #950 ) ;
#435 = CARTESIAN_POINT ( 'NONE',  ( 5.261982590104777202, 8.761982590104775426, 0.5666081254852518567 ) ) ;
#436 = ORIENTED_EDGE ( 'NONE', *, *, #189, .T. ) ;
#437 = DIRECTION ( 'NONE',  ( 0.000000000000000000, -0.000000000000000000, -1.000000000000000000 ) ) ;
#438 = AXIS2_PLACEMENT_3D ( 'NONE', #116, #561, #1016 ) ;
#439 = ADVANCED_FACE ( 'NONE', ( #812 ), #466, .F. ) ;
#440 = CARTESIAN_POINT ( 'NONE',  ( -5.197076355419468108, -8.756384236946358257, 0.5847230426562421979 ) ) ;
#441 = ORIENTED_EDGE ( 'NONE', *, *, #1425, .F. ) ;
#442 = CARTESIAN_POINT ( 'NONE',  ( 5.307060473744114937, 8.807060473744115825, 0.5186976706703430029 ) ) ;
#443 = DIRECTION ( 'NONE',  ( -2.388157907355970577E-30, 2.731847993664253851E-16, 1.000000000000000000 ) ) ;
#444 = CARTESIAN_POINT ( 'NONE',  ( -5.354545423243030733, -8.854545423244957192, 0.5000000000000301981 ) ) ;
#445 = ORIENTED_EDGE ( 'NONE', *, *, #995, .T. ) ;
#446 = CARTESIAN_POINT ( 'NONE',  ( -5.266521050147568772, 8.712281575221295427, 0.5623561656929454422 ) ) ;
#447 = CARTESIAN_POINT ( 'NONE',  ( 5.281034248552423094, 8.812356165701599409, 0.5165210501417878408 ) ) ;
#448 = FACE_OUTER_BOUND ( 'NONE', #376, .T. ) ;
#449 = CARTESIAN_POINT ( 'NONE',  ( -5.277227223155973590, -8.777227223155973590, 0.5441089185457710364 ) ) ;
#450 = VERTEX_POINT ( 'NONE', #1155 ) ;
#451 = CYLINDRICAL_SURFACE ( 'NONE', #1293, 0.06249999999999995143 ) ;
#452 = CARTESIAN_POINT ( 'NONE',  ( -5.193496878354512347, 8.753997918902966191, 0.5925896789931656139 ) ) ;
#453 = DIRECTION ( 'NONE',  ( 1.000000000000000000, 0.000000000000000000, 0.000000000000000000 ) ) ;
#454 = ADVANCED_FACE ( 'NONE', ( #357 ), #144, .T. ) ;
#455 = DIRECTION ( 'NONE',  ( 0.000000000000000000, 1.000000000000000000, 0.000000000000000000 ) ) ;
#456 = CIRCLE ( 'NONE', #837, 0.1250000000000004441 ) ;
#457 = SPHERICAL_SURFACE ( 'NONE', #438, 0.1250000000000000000 ) ;
#458 = CARTESIAN_POINT ( 'NONE',  ( -5.251094984223571238, -8.792396656149092493, 0.5308266485542725288 ) ) ;
#459 = AXIS2_PLACEMENT_3D ( 'NONE', #413, #1168, #1311 ) ;
#460 = DIRECTION ( 'NONE',  ( 1.000000000000000000, 0.000000000000000000, 0.000000000000000000 ) ) ;
#461 = DIRECTION ( 'NONE',  ( 0.000000000000000000, 0.000000000000000000, 1.000000000000000000 ) ) ;
#462 = CARTESIAN_POINT ( 'NONE',  ( 5.354545423243404656, 8.854545423243889601, 0.5000000000000300870 ) ) ;
#463 = CARTESIAN_POINT ( 'NONE',  ( -5.250000000000000000, 8.687500000000001776, 0.5517766952966377536 ) ) ;
#464 = ADVANCED_FACE ( 'NONE', ( #45 ), #1041, .T. ) ;
#465 = DESIGN_CONTEXT ( 'detailed design', #881, 'design' ) ;
#466 = PLANE ( 'NONE',  #484 ) ;
#467 = CARTESIAN_POINT ( 'NONE',  ( -5.275611546776795890, -8.725917320165251567, 0.5487512760521541244 ) ) ;
#468 = AXIS2_PLACEMENT_3D ( 'NONE', #786, #795, #1229 ) ;
#469 = CYLINDRICAL_SURFACE ( 'NONE', #611, 0.1250000000000000278 ) ;
#470 = CARTESIAN_POINT ( 'NONE',  ( 5.374999999999999112, 8.875000000000000000, 0.3749999999999999445 ) ) ;
#471 = EDGE_LOOP ( 'NONE', ( #853, #90, #1423, #1314 ) ) ;
#472 = CARTESIAN_POINT ( 'NONE',  ( 5.250000000000000000, -8.750000000000000000, 1.937500000000000000 ) ) ;
#473 = DIRECTION ( 'NONE',  ( 1.000000000000000000, -0.000000000000000000, -0.000000000000000000 ) ) ;
#474 = ORIENTED_EDGE ( 'NONE', *, *, #393, .T. ) ;
#475 = AXIS2_PLACEMENT_3D ( 'NONE', #1379, #40, #823 ) ;
#476 = CARTESIAN_POINT ( 'NONE',  ( -5.500000000000000000, 8.875000000000000000, 0.1250000000000000278 ) ) ;
#477 = CYLINDRICAL_SURFACE ( 'NONE', #745, 0.06249999999999995143 ) ;
#478 = ORIENTED_EDGE ( 'NONE', *, *, #177, .F. ) ;
#479 = DIRECTION ( 'NONE',  ( 0.000000000000000000, 0.000000000000000000, -1.000000000000000000 ) ) ;
#480 = LINE ( 'NONE', #260, #198 ) ;
#481 = EDGE_LOOP ( 'NONE', ( #1403, #47, #92 ) ) ;
#482 = CIRCLE ( 'NONE', #293, 0.1250000000000004441 ) ;
#483 = EDGE_CURVE ( 'NONE', #509, #55, #998, .T. ) ;
#484 = AXIS2_PLACEMENT_3D ( 'NONE', #706, #1360, #338 ) ;
#485 = DIRECTION ( 'NONE',  ( 0.000000000000000000, 0.000000000000000000, -1.000000000000000000 ) ) ;
#486 = DIRECTION ( 'NONE',  ( -0.000000000000000000, 1.000000000000000000, -0.000000000000000000 ) ) ;
#487 = AXIS2_PLACEMENT_3D ( 'NONE', #346, #248, #793 ) ;
#488 = DIRECTION ( 'NONE',  ( 1.000000000000000000, -0.000000000000000000, -0.000000000000000000 ) ) ;
#489 = CARTESIAN_POINT ( 'NONE',  ( 5.187500000000000000, -8.687500000000000000, 0.6250000000000000000 ) ) ;
#490 = FACE_OUTER_BOUND ( 'NONE', #650, .T. ) ;
#491 = CARTESIAN_POINT ( 'NONE',  ( 5.187500000000000000, -8.750000000000000000, 1.937500000000000000 ) ) ;
#492 = EDGE_LOOP ( 'NONE', ( #945, #551, #878, #1182 ) ) ;
#493 = ADVANCED_FACE ( 'NONE', ( #576 ), #457, .T. ) ;
#494 = CARTESIAN_POINT ( 'NONE',  ( -5.374999999999999112, 8.875000000000000000, 0.1250000000000000000 ) ) ;
#495 = DIRECTION ( 'NONE',  ( 0.000000000000000000, 0.000000000000000000, -1.000000000000000000 ) ) ;
#496 = VERTEX_POINT ( 'NONE', #125 ) ;
#497 = CARTESIAN_POINT ( 'NONE',  ( -5.250000000000000000, 8.687500000000001776, 1.937500000000000000 ) ) ;
#498 = CYLINDRICAL_SURFACE ( 'NONE', #664, 0.06249999999999967387 ) ;
#499 = EDGE_CURVE ( 'NONE', #968, #257, #1305, .T. ) ;
#500 = DIRECTION ( 'NONE',  ( 0.000000000000000000, -1.000000000000000000, 0.000000000000000000 ) ) ;
#501 = ORIENTED_EDGE ( 'NONE', *, *, #1390, .F. ) ;
#502 = CARTESIAN_POINT ( 'NONE',  ( 5.187500000000000000, 0.000000000000000000, 1.937500000000000000 ) ) ;
#503 = CARTESIAN_POINT ( 'NONE',  ( 5.250000000000000000, 8.687500000000000000, 1.937500000000000000 ) ) ;
#504 = CARTESIAN_POINT ( 'NONE',  ( -5.374999999999999112, -8.875000000000000000, 0.000000000000000000 ) ) ;
#505 = DIRECTION ( 'NONE',  ( -0.000000000000000000, 1.000000000000000000, -0.000000000000000000 ) ) ;
#506 = VECTOR ( 'NONE', #455, 39.37007874015748143 ) ;
#507 = DIRECTION ( 'NONE',  ( 0.000000000000000000, 0.000000000000000000, 1.000000000000000000 ) ) ;
#508 = DIRECTION ( 'NONE',  ( 0.000000000000000000, 1.000000000000000000, 8.741913579725640721E-15 ) ) ;
#509 = VERTEX_POINT ( 'NONE', #1049 ) ;
#510 = CARTESIAN_POINT ( 'NONE',  ( 5.250000000000000000, -8.687500000000001776, 0.6250000000000000000 ) ) ;
#511 = EDGE_CURVE ( 'NONE', #1393, #152, #246, .T. ) ;
#512 = CARTESIAN_POINT ( 'NONE',  ( 5.342281514395071262, -8.825922271592578028, 0.5032534154413214056 ) ) ;
#513 = EDGE_LOOP ( 'NONE', ( #426, #768, #501 ) ) ;
#514 = PERSON_AND_ORGANIZATION ( #746, #660 ) ;
#515 = ORIENTED_EDGE ( 'NONE', *, *, #1268, .T. ) ;
#516 = CIRCLE ( 'NONE', #1334, 0.06249999999999995143 ) ;
#517 = CARTESIAN_POINT ( 'NONE',  ( 5.250352461725571018, -8.750352461725571018, 0.6070977857932196020 ) ) ;
#518 = ORIENTED_EDGE ( 'NONE', *, *, #912, .T. ) ;
#519 = APPROVAL_STATUS ( 'not_yet_approved' ) ;
#520 = EDGE_LOOP ( 'NONE', ( #1295, #222, #1432, #1407 ) ) ;
#521 = ORIENTED_EDGE ( 'NONE', *, *, #796, .F. ) ;
#522 = CARTESIAN_POINT ( 'NONE',  ( 5.225917320165251567, -8.775611546776795890, 0.5487512760521541244 ) ) ;
#523 = ORIENTED_EDGE ( 'NONE', *, *, #1421, .T. ) ;
#524 = LINE ( 'NONE', #306, #770 ) ;
#525 = AXIS2_PLACEMENT_3D ( 'NONE', #1323, #443, #1210 ) ;
#526 = ORIENTED_EDGE ( 'NONE', *, *, #863, .T. ) ;
#527 = CARTESIAN_POINT ( 'NONE',  ( 5.375000000000000888, -8.875000000000000000, 0.5000000000000001110 ) ) ;
#528 = AXIS2_PLACEMENT_3D ( 'NONE', #844, #283, #289 ) ;
#529 = EDGE_LOOP ( 'NONE', ( #99, #992, #1281, #305 ) ) ;
#530 = CIRCLE ( 'NONE', #1354, 0.1250000000000000000 ) ;
#531 = ADVANCED_FACE ( 'NONE', ( #235 ), #498, .T. ) ;
#532 = PERSON_AND_ORGANIZATION_ROLE ( 'creator' ) ;
#533 = EDGE_LOOP ( 'NONE', ( #882, #333, #95 ) ) ;
#534 = CYLINDRICAL_SURFACE ( 'NONE', #1032, 0.1250000000000000278 ) ;
#535 = EDGE_CURVE ( 'NONE', #545, #67, #273, .T. ) ;
#536 = ORIENTED_EDGE ( 'NONE', *, *, #653, .F. ) ;
#537 = ORIENTED_EDGE ( 'NONE', *, *, #902, .T. ) ;
#538 = EDGE_LOOP ( 'NONE', ( #725, #311, #162 ) ) ;
#539 = DIRECTION ( 'NONE',  ( 0.000000000000000000, 0.000000000000000000, 1.000000000000000000 ) ) ;
#540 = AXIS2_PLACEMENT_3D ( 'NONE', #703, #563, #147 ) ;
#541 = ADVANCED_FACE ( 'NONE', ( #851 ), #946, .F. ) ;
#542 = ORIENTED_EDGE ( 'NONE', *, *, #772, .T. ) ;
#543 = CYLINDRICAL_SURFACE ( 'NONE', #1204, 0.06249999999999967387 ) ;
#544 = CARTESIAN_POINT ( 'NONE',  ( -5.187500000000170530, -8.750000000000000000, 0.6168186763677185880 ) ) ;
#545 = VERTEX_POINT ( 'NONE', #510 ) ;
#546 = VECTOR ( 'NONE', #1389, 39.37007874015748143 ) ;
#547 = CARTESIAN_POINT ( 'NONE',  ( 5.251094984223571238, 8.792396656149097822, 0.5308266485542663116 ) ) ;
#548 = LINE ( 'NONE', #331, #1348 ) ;
#549 = CIRCLE ( 'NONE', #720, 0.06249999999999995143 ) ;
#550 = CARTESIAN_POINT ( 'NONE',  ( 5.374999999999999112, 0.000000000000000000, 0.5000000000000000000 ) ) ;
#551 = ORIENTED_EDGE ( 'NONE', *, *, #962, .T. ) ;
#552 = CARTESIAN_POINT ( 'NONE',  ( -5.312356165701597632, 8.781034248552424870, 0.5165210501417876188 ) ) ;
#553 = CARTESIAN_POINT ( 'NONE',  ( 5.350451882300667705, 8.858634588200125393, 0.5000000000000000000 ) ) ;
#554 = PLANE ( 'NONE',  #862 ) ;
#555 = CARTESIAN_POINT ( 'NONE',  ( -5.250000000000000000, -8.687500000000000000, 0.6250000000000000000 ) ) ;
#556 = ORIENTED_EDGE ( 'NONE', *, *, #1259, .T. ) ;
#557 = EDGE_CURVE ( 'NONE', #317, #968, #1114, .T. ) ;
#558 = CARTESIAN_POINT ( 'NONE',  ( -5.275611546776795890, 8.725917320165253344, 0.5487512760521541244 ) ) ;
#559 = CARTESIAN_POINT ( 'NONE',  ( 5.298688263126575038, 8.798688263126360098, 0.5243335668468137589 ) ) ;
#560 = CARTESIAN_POINT ( 'NONE',  ( -5.265165042944954799, 8.801776695296638309, 0.5000000000000007772 ) ) ;
#561 = DIRECTION ( 'NONE',  ( -0.000000000000000000, 1.000000000000000000, 0.000000000000000000 ) ) ;
#562 = CARTESIAN_POINT ( 'NONE',  ( -5.312356165701597632, -8.781034248552423094, 0.5165210501417876188 ) ) ;
#563 = DIRECTION ( 'NONE',  ( 0.000000000000000000, 0.000000000000000000, 1.000000000000000000 ) ) ;
#564 = CARTESIAN_POINT ( 'NONE',  ( -5.375000000000000888, 8.875000000000001776, 0.5000000000000001110 ) ) ;
#565 = CARTESIAN_POINT ( 'NONE',  ( 5.333666445150573310, 8.833666445150575086, 0.5051739487220464619 ) ) ;
#566 = DIRECTION ( 'NONE',  ( -1.000000000000000000, -0.000000000000000000, -0.000000000000000000 ) ) ;
#567 = AXIS2_PLACEMENT_3D ( 'NONE', #1374, #374, #819 ) ;
#568 = CIRCLE ( 'NONE', #764, 0.06249999999999995143 ) ;
#569 = CARTESIAN_POINT ( 'NONE',  ( -5.187500000000000000, -8.687500000000000000, 1.937500000000000000 ) ) ;
#570 = CARTESIAN_POINT ( 'NONE',  ( -5.253997918902964415, -8.693496878354512347, 0.5925896789931656139 ) ) ;
#571 = AXIS2_PLACEMENT_3D ( 'NONE', #972, #1037, #345 ) ;
#572 = CARTESIAN_POINT ( 'NONE',  ( 5.500000000000000000, -9.000000000000000000, 0.5000000000000000000 ) ) ;
#573 = CARTESIAN_POINT ( 'NONE',  ( -5.255486267300099712, 8.755486267300099712, 0.5815313649763065307 ) ) ;
#574 = CARTESIAN_POINT ( 'NONE',  ( 5.262645879925820225, 8.706468819888801391, 0.5696060992524857314 ) ) ;
#575 = DIRECTION ( 'NONE',  ( 0.000000000000000000, 0.000000000000000000, 1.000000000000000000 ) ) ;
#576 = FACE_OUTER_BOUND ( 'NONE', #229, .T. ) ;
#577 = EDGE_CURVE ( 'NONE', #1211, #1112, #296, .T. ) ;
#578 = DIRECTION ( 'NONE',  ( -1.000000000000000000, 0.000000000000000000, 0.000000000000000000 ) ) ;
#579 = ORIENTED_EDGE ( 'NONE', *, *, #1212, .F. ) ;
#580 = VECTOR ( 'NONE', #698, 39.37007874015748143 ) ;
#581 = CARTESIAN_POINT ( 'NONE',  ( -5.265165042944955687, -8.801776695296636532, 0.5000000000000006661 ) ) ;
#582 = CARTESIAN_POINT ( 'NONE',  ( -5.292396656149091605, 8.751094984223572126, 0.5308266485542725288 ) ) ;
#583 = CARTESIAN_POINT ( 'NONE',  ( -5.187500000000000000, -8.687500000000000000, 2.000000000000000000 ) ) ;
#584 = CARTESIAN_POINT ( 'NONE',  ( 5.500000000000000000, -8.875000000000000000, 0.3749999999999999445 ) ) ;
#585 = EDGE_CURVE ( 'NONE', #761, #323, #815, .T. ) ;
#586 = CARTESIAN_POINT ( 'NONE',  ( -5.187500000000000000, 8.687500000000000000, 1.937500000000000000 ) ) ;
#587 = CLOSED_SHELL ( 'NONE', ( #1015, #126, #249, #541, #872, #213, #285, #1207, #439, #799, #807, #493, #1206, #827, #303, #274, #1333, #847, #1313, #1102, #432, #1325, #1133, #726, #1362, #880, #196, #1436, #49, #94, #938, #1205, #186, #387, #1170, #1104, #68, #464, #954, #854, #757, #280, #531, #632, #927, #692, #173, #454, #639, #118 ) ) ;
#588 = DIRECTION ( 'NONE',  ( 0.000000000000000000, 0.000000000000000000, -1.000000000000000000 ) ) ;
#589 = EDGE_LOOP ( 'NONE', ( #445, #1098, #523, #542 ) ) ;
#590 = DIRECTION ( 'NONE',  ( 0.000000000000000000, 0.000000000000000000, 1.000000000000000000 ) ) ;
#591 = DIRECTION ( 'NONE',  ( 0.000000000000000000, -0.000000000000000000, -1.000000000000000000 ) ) ;
#592 = DIRECTION ( 'NONE',  ( 0.000000000000000000, 0.000000000000000000, 1.000000000000000000 ) ) ;
#593 = DIRECTION ( 'NONE',  ( 1.000000000000000000, 0.000000000000000000, 0.000000000000000000 ) ) ;
#594 = EDGE_CURVE ( 'NONE', #1197, #152, #171, .T. ) ;
#595 = CARTESIAN_POINT ( 'NONE',  ( 5.187500000000000000, 8.687500000000000000, 2.000000000000000000 ) ) ;
#596 = ORIENTED_EDGE ( 'NONE', *, *, #752, .T. ) ;
#597 = LOCAL_TIME ( 15, 57, 28.00000000000000000, #1199 ) ;
#598 = CARTESIAN_POINT ( 'NONE',  ( -5.187500000000000000, 8.750000000000000000, 1.937500000000000000 ) ) ;
#599 = CARTESIAN_POINT ( 'NONE',  ( -5.250000000000000000, 8.750000000000000000, 0.6250000000000000000 ) ) ;
#600 = ORIENTED_EDGE ( 'NONE', *, *, #1031, .T. ) ;
#601 = DIRECTION ( 'NONE',  ( -1.748382715945129722E-14, 0.000000000000000000, 1.000000000000000000 ) ) ;
#602 = FACE_OUTER_BOUND ( 'NONE', #1189, .T. ) ;
#603 = ORIENTED_EDGE ( 'NONE', *, *, #278, .T. ) ;
#604 = FACE_OUTER_BOUND ( 'NONE', #250, .T. ) ;
#605 = EDGE_CURVE ( 'NONE', #509, #934, #370, .T. ) ;
#606 = DIRECTION ( 'NONE',  ( 1.000000000000000000, -0.000000000000000000, -0.000000000000000000 ) ) ;
#607 = CARTESIAN_POINT ( 'NONE',  ( -5.374999999999999112, -8.875000000000000000, 0.5000000000000000000 ) ) ;
#608 = CARTESIAN_POINT ( 'NONE',  ( -5.374999999999999112, -8.875000000000000000, 0.3749999999999999445 ) ) ;
#609 = CYLINDRICAL_SURFACE ( 'NONE', #209, 0.06249999999999967387 ) ;
#610 = VERTEX_POINT ( 'NONE', #1064 ) ;
#611 = AXIS2_PLACEMENT_3D ( 'NONE', #138, #792, #920 ) ;
#612 = DIRECTION ( 'NONE',  ( -1.000000000000000000, 0.000000000000000000, -0.000000000000000000 ) ) ;
#613 = EDGE_CURVE ( 'NONE', #934, #55, #549, .T. ) ;
#614 =( CONVERSION_BASED_UNIT ( 'INCH', #170 ) LENGTH_UNIT ( ) NAMED_UNIT ( #892 ) );
#615 = CARTESIAN_POINT ( 'NONE',  ( -5.250000000000000000, 8.687500000000172307, 0.6168186763677185880 ) ) ;
#616 = CARTESIAN_POINT ( 'NONE',  ( 5.281034248552423094, -8.812356165701597632, 0.5165210501417876188 ) ) ;
#617 = VECTOR ( 'NONE', #1173, 39.37007874015748143 ) ;
#618 = CARTESIAN_POINT ( 'NONE',  ( -5.250000000000000000, 8.687500000000001776, 0.6250000000000000000 ) ) ;
#619 = ORIENTED_EDGE ( 'NONE', *, *, #1071, .T. ) ;
#620 = CARTESIAN_POINT ( 'NONE',  ( 5.187500000000000000, -8.750000000000000000, 0.6250000000000000000 ) ) ;
#621 = ORIENTED_EDGE ( 'NONE', *, *, #585, .T. ) ;
#622 = APPROVAL_STATUS ( 'not_yet_approved' ) ;
#623 = EDGE_LOOP ( 'NONE', ( #436, #755, #1157, #868 ) ) ;
#624 = ORIENTED_EDGE ( 'NONE', *, *, #1079, .F. ) ;
#625 = CARTESIAN_POINT ( 'NONE',  ( 5.266521050147568772, -8.712281575221295427, 0.5623561656929454422 ) ) ;
#626 = EDGE_LOOP ( 'NONE', ( #515, #292, #830, #271 ) ) ;
#627 = CARTESIAN_POINT ( 'NONE',  ( 5.250000000000000000, -8.687500000000000000, 2.000000000000000000 ) ) ;
#628 = APPROVAL_PERSON_ORGANIZATION ( #420, #766, #870 ) ;
#629 = DATE_AND_TIME ( #93, #597 ) ;
#630 = VERTEX_POINT ( 'NONE', #504 ) ;
#631 = CARTESIAN_POINT ( 'NONE',  ( 5.325922271592578028, -8.842281514395072151, 0.5032534154413214056 ) ) ;
#632 = ADVANCED_FACE ( 'NONE', ( #490 ), #1397, .T. ) ;
#633 = EDGE_LOOP ( 'NONE', ( #1347, #762, #1043, #871 ) ) ;
#634 = ORIENTED_EDGE ( 'NONE', *, *, #1390, .T. ) ;
#635 = PLANE ( 'NONE',  #1095 ) ;
#636 = AXIS2_PLACEMENT_3D ( 'NONE', #349, #1336, #671 ) ;
#637 = AXIS2_PLACEMENT_3D ( 'NONE', #256, #495, #949 ) ;
#638 = PERSON_AND_ORGANIZATION_ROLE ( 'creator' ) ;
#639 = ADVANCED_FACE ( 'NONE', ( #951 ), #398, .T. ) ;
#640 = ORIENTED_EDGE ( 'NONE', *, *, #772, .F. ) ;
#641 = CC_DESIGN_PERSON_AND_ORGANIZATION_ASSIGNMENT ( #1297, #978, ( #997 ) ) ;
#642 = CARTESIAN_POINT ( 'NONE',  ( 5.250000000000000000, 8.875000000000000000, 0.6250000000000000000 ) ) ;
#643 = ORIENTED_EDGE ( 'NONE', *, *, #499, .F. ) ;
#644 = VECTOR ( 'NONE', #1386, 39.37007874015748143 ) ;
#645 = EDGE_LOOP ( 'NONE', ( #1091, #2, #1408, #887 ) ) ;
#646 = PERSON_AND_ORGANIZATION_ROLE ( 'design_owner' ) ;
#647 = CIRCLE ( 'NONE', #1147, 0.06249999999999995143 ) ;
#648 = ORIENTED_EDGE ( 'NONE', *, *, #1126, .F. ) ;
#649 = FACE_OUTER_BOUND ( 'NONE', #1322, .T. ) ;
#650 = EDGE_LOOP ( 'NONE', ( #874, #699, #119 ) ) ;
#651 = CC_DESIGN_PERSON_AND_ORGANIZATION_ASSIGNMENT ( #72, #646, ( #727 ) ) ;
#652 = APPROVAL_ROLE ( '' ) ;
#653 = EDGE_CURVE ( 'NONE', #67, #207, #936, .T. ) ;
#654 = VECTOR ( 'NONE', #1151, 39.37007874015748143 ) ;
#655 = CYLINDRICAL_SURFACE ( 'NONE', #399, 0.1250000000000000000 ) ;
#656 = LINE ( 'NONE', #1330, #1277 ) ;
#657 = CARTESIAN_POINT ( 'NONE',  ( -5.260626914065226423, -8.798751276043502045, 0.5256115467825762666 ) ) ;
#658 = VERTEX_POINT ( 'NONE', #1136 ) ;
#659 = CARTESIAN_POINT ( 'NONE',  ( -5.307060473744114937, 8.807060473744115825, 0.5186976706703430029 ) ) ;
#660 = ORGANIZATION ( 'UNSPECIFIED', 'UNSPECIFIED', '' ) ;
#661 = DIRECTION ( 'NONE',  ( 0.000000000000000000, 0.000000000000000000, 1.000000000000000000 ) ) ;
#662 = LINE ( 'NONE', #472, #917 ) ;
#663 = SPHERICAL_SURFACE ( 'NONE', #714, 0.06250000000000000000 ) ;
#664 = AXIS2_PLACEMENT_3D ( 'NONE', #1162, #723, #53 ) ;
#665 = EDGE_CURVE ( 'NONE', #1195, #721, #1227, .T. ) ;
#666 = CARTESIAN_POINT ( 'NONE',  ( -5.298688263126575038, -8.798688263126571485, 0.5243335668468012134 ) ) ;
#667 = AXIS2_PLACEMENT_3D ( 'NONE', #710, #156, #1062 ) ;
#668 = ORIENTED_EDGE ( 'NONE', *, *, #130, .T. ) ;
#669 = DIRECTION ( 'NONE',  ( 0.000000000000000000, 0.000000000000000000, -1.000000000000000000 ) ) ;
#670 = CARTESIAN_POINT ( 'NONE',  ( 5.375000000000000888, 8.875000000000001776, 0.5000000000000001110 ) ) ;
#671 = DIRECTION ( 'NONE',  ( 1.000000000000000000, 0.000000000000000000, 0.000000000000000000 ) ) ;
#672 = CARTESIAN_POINT ( 'NONE',  ( 5.374999999999999112, -8.875000000000000000, 0.5000000000000000000 ) ) ;
#673 = DIRECTION ( 'NONE',  ( 1.000000000000000000, 1.748382715945137611E-14, 0.000000000000000000 ) ) ;
#674 = EDGE_LOOP ( 'NONE', ( #856, #25, #901, #518 ) ) ;
#675 = CARTESIAN_POINT ( 'NONE',  ( 5.375000000000000888, -8.750000000000000000, 0.6250000000000000000 ) ) ;
#676 = DIRECTION ( 'NONE',  ( -1.000000000000000000, -0.000000000000000000, -0.000000000000000000 ) ) ;
#677 = CARTESIAN_POINT ( 'NONE',  ( 5.292396656149091605, 8.751094984223572126, 0.5308266485542725288 ) ) ;
#678 = CARTESIAN_POINT ( 'NONE',  ( -5.500000000000000000, 9.000000000000000000, 0.1250000000000000278 ) ) ;
#679 = CIRCLE ( 'NONE', #1178, 0.06249999999999967387 ) ;
#680 = CARTESIAN_POINT ( 'NONE',  ( 5.250000000000000000, -8.687500000000001776, 0.6250000000000000000 ) ) ;
#681 = CARTESIAN_POINT ( 'NONE',  ( -5.298751276043502045, -8.760626914065227311, 0.5256115467825762666 ) ) ;
#682 = CARTESIAN_POINT ( 'NONE',  ( -5.187500000000000000, 8.687500000000000000, 2.000000000000000000 ) ) ;
#683 = CARTESIAN_POINT ( 'NONE',  ( -5.342281514395071262, 8.825922271592579804, 0.5032534154413214056 ) ) ;
#684 = CARTESIAN_POINT ( 'NONE',  ( 5.325922271592578028, 8.842281514395072151, 0.5032534154413216276 ) ) ;
#685 = EDGE_CURVE ( 'NONE', #825, #1340, #1353, .T. ) ;
#686 = CARTESIAN_POINT ( 'NONE',  ( 5.500000000000000000, -8.875000000000000000, 0.1250000000000000278 ) ) ;
#687 = EDGE_CURVE ( 'NONE', #300, #152, #1306, .T. ) ;
#688 = CIRCLE ( 'NONE', #931, 0.1250000000000000000 ) ;
#689 = LINE ( 'NONE', #947, #1406 ) ;
#690 = AXIS2_PLACEMENT_3D ( 'NONE', #696, #479, #1367 ) ;
#691 = FACE_OUTER_BOUND ( 'NONE', #492, .T. ) ;
#692 = ADVANCED_FACE ( 'NONE', ( #1250 ), #477, .T. ) ;
#693 = CARTESIAN_POINT ( 'NONE',  ( -5.253410967875354665, 8.753410967875357329, 0.5886698918461675811 ) ) ;
#694 = EDGE_LOOP ( 'NONE', ( #526, #1051, #78, #1190 ) ) ;
#695 = CARTESIAN_POINT ( 'NONE',  ( 5.374999999999999112, -8.875000000000000000, 0.1250000000000000000 ) ) ;
#696 = CARTESIAN_POINT ( 'NONE',  ( 5.374999999999999112, 8.875000000000000000, 0.5000000000000000000 ) ) ;
#697 = PRODUCT_DEFINITION_SHAPE ( 'NONE', 'NONE',  #405 ) ;
#698 = DIRECTION ( 'NONE',  ( -0.000000000000000000, 0.000000000000000000, 1.000000000000000000 ) ) ;
#699 = ORIENTED_EDGE ( 'NONE', *, *, #328, .T. ) ;
#700 = VECTOR ( 'NONE', #707, 39.37007874015748143 ) ;
#701 =( BOUNDED_CURVE ( )  B_SPLINE_CURVE ( 3, ( #225, #560, #330, #1116 ),
 .UNSPECIFIED., .F., .T. ) 
 B_SPLINE_CURVE_WITH_KNOTS ( ( 4, 4 ),
 ( 1.570796326794906106, 3.141592653589793116 ),
 .UNSPECIFIED. ) 
 CURVE ( )  GEOMETRIC_REPRESENTATION_ITEM ( )  RATIONAL_B_SPLINE_CURVE ( ( 1.000000000000000000, 0.8047378541243672689, 0.8047378541243672689, 1.000000000000000000 ) ) 
 REPRESENTATION_ITEM ( '' )  );
#702 = CC_DESIGN_PERSON_AND_ORGANIZATION_ASSIGNMENT ( #433, #638, ( #997 ) ) ;
#703 = CARTESIAN_POINT ( 'NONE',  ( -5.374999999999999112, -8.875000000000000000, 0.3749999999999999445 ) ) ;
#704 = CARTESIAN_POINT ( 'NONE',  ( 5.374999999999999112, 8.875000000000000000, 0.5000000000000000000 ) ) ;
#705 = ORIENTED_EDGE ( 'NONE', *, *, #511, .T. ) ;
#706 = CARTESIAN_POINT ( 'NONE',  ( 5.250000000000000000, -8.750000000000000000, 2.000000000000000000 ) ) ;
#707 = DIRECTION ( 'NONE',  ( 0.000000000000000000, 1.000000000000000000, 0.000000000000000000 ) ) ;
#708 = EDGE_LOOP ( 'NONE', ( #1186, #168, #1385, #753 ) ) ;
#709 = DIRECTION ( 'NONE',  ( 0.000000000000000000, -1.000000000000000000, 0.000000000000000000 ) ) ;
#710 = CARTESIAN_POINT ( 'NONE',  ( -5.375000000000000888, -8.750000000000000000, 0.6250000000000000000 ) ) ;
#711 = CARTESIAN_POINT ( 'NONE',  ( 5.250000000000000000, 8.687500000000000000, 0.6250000000000000000 ) ) ;
#712 = LINE ( 'NONE', #1382, #836 ) ;
#713 = DIRECTION ( 'NONE',  ( 0.000000000000000000, 0.000000000000000000, -1.000000000000000000 ) ) ;
#714 = AXIS2_PLACEMENT_3D ( 'NONE', #110, #316, #673 ) ;
#715 = CARTESIAN_POINT ( 'NONE',  ( -5.374999999999999112, 8.875000000000000000, 0.000000000000000000 ) ) ;
#716 = EDGE_LOOP ( 'NONE', ( #1082, #302, #989 ) ) ;
#717 = EDGE_CURVE ( 'NONE', #300, #55, #1236, .T. ) ;
#718 = LINE ( 'NONE', #943, #275 ) ;
#719 = DIRECTION ( 'NONE',  ( 0.000000000000000000, 0.000000000000000000, -1.000000000000000000 ) ) ;
#720 = AXIS2_PLACEMENT_3D ( 'NONE', #179, #1279, #601 ) ;
#721 = VERTEX_POINT ( 'NONE', #817 ) ;
#722 = FACE_OUTER_BOUND ( 'NONE', #533, .T. ) ;
#723 = DIRECTION ( 'NONE',  ( 0.000000000000000000, -0.000000000000000000, -1.000000000000000000 ) ) ;
#724 = CARTESIAN_POINT ( 'NONE',  ( 5.374999999999999112, 8.875000000000000000, 0.5000000000000000000 ) ) ;
#725 = ORIENTED_EDGE ( 'NONE', *, *, #342, .T. ) ;
#726 = ADVANCED_FACE ( 'NONE', ( #1260 ), #1121, .F. ) ;
#727 = PRODUCT ( 'harmonic-base', 'harmonic-base', '', ( #206 ) ) ;
#728 = CIRCLE ( 'NONE', #91, 0.1250000000000004441 ) ;
#729 = CARTESIAN_POINT ( 'NONE',  ( 5.250000000000000000, 8.750000000000000000, 1.937500000000000000 ) ) ;
#730 = CARTESIAN_POINT ( 'NONE',  ( -5.374999999999999112, 8.875000000000000000, 0.3749999999999999445 ) ) ;
#731 = CARTESIAN_POINT ( 'NONE',  ( -5.187500000000000000, 8.750000000000001776, 0.6250000000000000000 ) ) ;
#732 = DIRECTION ( 'NONE',  ( -1.000000000000000000, -0.000000000000000000, -0.000000000000000000 ) ) ;
#733 = AXIS2_PLACEMENT_3D ( 'NONE', #675, #3, #1249 ) ;
#734 = DIRECTION ( 'NONE',  ( -1.000000000000000000, 0.000000000000000000, 0.000000000000000000 ) ) ;
#735 = ORIENTED_EDGE ( 'NONE', *, *, #752, .F. ) ;
#736 = EDGE_CURVE ( 'NONE', #207, #1197, #1159, .T. ) ;
#737 = DIRECTION ( 'NONE',  ( -0.000000000000000000, 1.000000000000000000, -0.000000000000000000 ) ) ;
#738 = DIRECTION ( 'NONE',  ( -1.000000000000000000, 0.000000000000000000, 0.000000000000000000 ) ) ;
#739 = ORIENTED_EDGE ( 'NONE', *, *, #328, .F. ) ;
#740 = AXIS2_PLACEMENT_3D ( 'NONE', #907, #1352, #1238 ) ;
#741 = AXIS2_PLACEMENT_3D ( 'NONE', #1391, #390, #404 ) ;
#742 =( NAMED_UNIT ( * ) SI_UNIT ( $, .STERADIAN. ) SOLID_ANGLE_UNIT ( ) );
#743 = EDGE_CURVE ( 'NONE', #496, #323, #865, .T. ) ;
#744 = ORIENTED_EDGE ( 'NONE', *, *, #19, .T. ) ;
#745 = AXIS2_PLACEMENT_3D ( 'NONE', #4, #1372, #461 ) ;
#746 = PERSON ( 'UNSPECIFIED', 'UNSPECIFIED', 'UNSPECIFIED', ('UNSPECIFIED'), ('UNSPECIFIED'), ('UNSPECIFIED') ) ;
#747 = ORIENTED_EDGE ( 'NONE', *, *, #557, .T. ) ;
#748 = FACE_OUTER_BOUND ( 'NONE', #481, .T. ) ;
#749 = ORIENTED_EDGE ( 'NONE', *, *, #1191, .T. ) ;
#750 = LINE ( 'NONE', #627, #644 ) ;
#751 = COORDINATED_UNIVERSAL_TIME_OFFSET ( 8, 0, .BEHIND. ) ;
#752 = EDGE_CURVE ( 'NONE', #1411, #1430, #417, .T. ) ;
#753 = ORIENTED_EDGE ( 'NONE', *, *, #1273, .F. ) ;
#754 = CARTESIAN_POINT ( 'NONE',  ( 5.374999999999999112, -9.000000000000000000, 0.3749999999999999445 ) ) ;
#755 = ORIENTED_EDGE ( 'NONE', *, *, #902, .F. ) ;
#756 = DIRECTION ( 'NONE',  ( 0.000000000000000000, 0.000000000000000000, -1.000000000000000000 ) ) ;
#757 = ADVANCED_FACE ( 'NONE', ( #1401 ), #1267, .T. ) ;
#758 = CARTESIAN_POINT ( 'NONE',  ( 0.000000000000000000, 0.000000000000000000, 0.000000000000000000 ) ) ;
#759 = ORIENTED_EDGE ( 'NONE', *, *, #245, .T. ) ;
#760 = CARTESIAN_POINT ( 'NONE',  ( 5.249951346434400534, -8.749951346434400534, 0.6168452837954069290 ) ) ;
#761 = VERTEX_POINT ( 'NONE', #1054 ) ;
#762 = ORIENTED_EDGE ( 'NONE', *, *, #429, .T. ) ;
#763 = CIRCLE ( 'NONE', #740, 0.1250000000000000278 ) ;
#764 = AXIS2_PLACEMENT_3D ( 'NONE', #893, #1442, #324 ) ;
#765 = CALENDAR_DATE ( 2025, 3, 12 ) ;
#766 = APPROVAL ( #313, 'UNSPECIFIED' ) ;
#767 = LOCAL_TIME ( 15, 57, 28.00000000000000000, #967 ) ;
#768 = ORIENTED_EDGE ( 'NONE', *, *, #1370, .T. ) ;
#769 = PLANE ( 'NONE',  #10 ) ;
#770 = VECTOR ( 'NONE', #424, 39.37007874015748143 ) ;
#771 = ORIENTED_EDGE ( 'NONE', *, *, #736, .T. ) ;
#772 = EDGE_CURVE ( 'NONE', #1112, #1340, #164, .T. ) ;
#773 = APPROVAL_DATE_TIME ( #319, #766 ) ;
#774 = CARTESIAN_POINT ( 'NONE',  ( 5.500000000000000000, -9.000000000000000000, 0.1250000000000000278 ) ) ;
#775 = CARTESIAN_POINT ( 'NONE',  ( 0.000000000000000000, 0.000000000000000000, 0.000000000000000000 ) ) ;
#776 = FACE_OUTER_BOUND ( 'NONE', #1316, .T. ) ;
#777 = ORIENTED_EDGE ( 'NONE', *, *, #359, .F. ) ;
#778 = VECTOR ( 'NONE', #1160, 39.37007874015748143 ) ;
#779 = FACE_OUTER_BOUND ( 'NONE', #1444, .T. ) ;
#780 = CARTESIAN_POINT ( 'NONE',  ( -5.374999999999999112, -8.875000000000000000, 0.1250000000000000000 ) ) ;
#781 = DIRECTION ( 'NONE',  ( -0.000000000000000000, 0.000000000000000000, 1.000000000000000000 ) ) ;
#782 = ORIENTED_EDGE ( 'NONE', *, *, #77, .T. ) ;
#783 = CARTESIAN_POINT ( 'NONE',  ( -5.325922271592578028, 8.842281514395072151, 0.5032534154413216276 ) ) ;
#784 = LOCAL_TIME ( 15, 57, 28.00000000000000000, #751 ) ;
#785 = CARTESIAN_POINT ( 'NONE',  ( 5.375000000000000888, 8.875000000000001776, 0.5000000000000001110 ) ) ;
#786 = CARTESIAN_POINT ( 'NONE',  ( -5.374999999999999112, 8.875000000000000000, 0.3749999999999999445 ) ) ;
#787 = CC_DESIGN_SECURITY_CLASSIFICATION ( #1018, ( #997 ) ) ;
#788 = CARTESIAN_POINT ( 'NONE',  ( -5.374999999999999112, 8.875000000000000000, 0.5000000000000000000 ) ) ;
#789 = CARTESIAN_POINT ( 'NONE',  ( -5.188708641494276463, -8.750805760996229310, 0.6086377405028026155 ) ) ;
#790 = ORIENTED_EDGE ( 'NONE', *, *, #1273, .T. ) ;
#791 = VECTOR ( 'NONE', #940, 39.37007874015748143 ) ;
#792 = DIRECTION ( 'NONE',  ( -1.000000000000000000, 0.000000000000000000, 0.000000000000000000 ) ) ;
#793 = DIRECTION ( 'NONE',  ( 1.000000000000000000, 0.000000000000000000, 0.000000000000000000 ) ) ;
#794 = CARTESIAN_POINT ( 'NONE',  ( 5.249951346434400534, 8.749951346434400534, 0.6168452837953959378 ) ) ;
#795 = DIRECTION ( 'NONE',  ( 0.000000000000000000, 1.000000000000000000, 0.000000000000000000 ) ) ;
#796 = EDGE_CURVE ( 'NONE', #152, #822, #50, .T. ) ;
#797 = DIRECTION ( 'NONE',  ( 0.000000000000000000, 0.000000000000000000, -1.000000000000000000 ) ) ;
#798 = CARTESIAN_POINT ( 'NONE',  ( -5.307060473744350304, -8.807060473744350304, 0.5186976706703285700 ) ) ;
#799 = ADVANCED_FACE ( 'NONE', ( #1275 ), #169, .F. ) ;
#800 = CARTESIAN_POINT ( 'NONE',  ( -5.374999999999999112, 9.000000000000000000, 0.1250000000000000278 ) ) ;
#801 = CARTESIAN_POINT ( 'NONE',  ( -5.277227223155977143, 8.777227223155771085, 0.5441089185457808064 ) ) ;
#802 = CARTESIAN_POINT ( 'NONE',  ( 5.250814748562652845, 8.750814748562655510, 0.6015333615921194532 ) ) ;
#803 = DIRECTION ( 'NONE',  ( 1.000000000000000000, 0.000000000000000000, 0.000000000000000000 ) ) ;
#804 = VECTOR ( 'NONE', #797, 39.37007874015748143 ) ;
#805 = DIRECTION ( 'NONE',  ( -1.000000000000000000, 8.741913579725610745E-15, 0.000000000000000000 ) ) ;
#806 = CARTESIAN_POINT ( 'NONE',  ( -5.233739972831474851, -8.780826648554272751, 0.5423966561490904947 ) ) ;
#807 = ADVANCED_FACE ( 'NONE', ( #1169 ), #1069, .T. ) ;
#808 = PLANE ( 'NONE',  #97 ) ;
#809 = CARTESIAN_POINT ( 'NONE',  ( -5.253997918902964415, 8.693496878354514124, 0.5925896789931656139 ) ) ;
#810 = DIRECTION ( 'NONE',  ( 1.000000000000000000, 0.000000000000000000, 0.000000000000000000 ) ) ;
#811 = LOCAL_TIME ( 15, 57, 28.00000000000000000, #80 ) ;
#812 = FACE_OUTER_BOUND ( 'NONE', #1326, .T. ) ;
#813 = PLANE ( 'NONE',  #282 ) ;
#814 = ORIENTED_EDGE ( 'NONE', *, *, #1034, .F. ) ;
#815 = CIRCLE ( 'NONE', #180, 0.1250000000000000000 ) ;
#816 = CARTESIAN_POINT ( 'NONE',  ( -5.374999999999999112, 8.875000000000000000, 0.1250000000000000278 ) ) ;
#817 = CARTESIAN_POINT ( 'NONE',  ( 5.500000000000000000, -8.875000000000000000, 0.1250000000000000278 ) ) ;
#818 = CARTESIAN_POINT ( 'NONE',  ( 5.187500000000000000, 8.750000000000001776, 0.6250000000000000000 ) ) ;
#819 = DIRECTION ( 'NONE',  ( 0.000000000000000000, 0.000000000000000000, 1.000000000000000000 ) ) ;
#820 = CARTESIAN_POINT ( 'NONE',  ( 5.301776695296636532, -8.765165042944955687, 0.5000000000000006661 ) ) ;
#821 = CARTESIAN_POINT ( 'NONE',  ( 0.000000000000000000, 8.687500000000000000, 2.000000000000000000 ) ) ;
#822 = VERTEX_POINT ( 'NONE', #1152 ) ;
#823 = DIRECTION ( 'NONE',  ( 0.000000000000000000, 0.000000000000000000, 1.000000000000000000 ) ) ;
#824 = DIRECTION ( 'NONE',  ( 0.000000000000000000, 0.000000000000000000, -1.000000000000000000 ) ) ;
#825 = VERTEX_POINT ( 'NONE', #704 ) ;
#826 = SPHERICAL_SURFACE ( 'NONE', #1324, 0.1250000000000000000 ) ;
#827 = ADVANCED_FACE ( 'NONE', ( #1387 ), #1380, .T. ) ;
#828 = CARTESIAN_POINT ( 'NONE',  ( -5.249999999999660716, 8.750000000000170530, 0.6209240151575809996 ) ) ;
#829 = CARTESIAN_POINT ( 'NONE',  ( 5.374999999999999112, -9.000000000000000000, 0.000000000000000000 ) ) ;
#830 = ORIENTED_EDGE ( 'NONE', *, *, #605, .F. ) ;
#831 = SPHERICAL_SURFACE ( 'NONE', #1208, 0.1250000000000000000 ) ;
#832 = DIRECTION ( 'NONE',  ( 0.000000000000000000, 1.000000000000000000, 0.000000000000000000 ) ) ;
#833 = LINE ( 'NONE', #922, #778 ) ;
#834 = DIRECTION ( 'NONE',  ( 0.000000000000000000, 0.000000000000000000, -1.000000000000000000 ) ) ;
#835 = DIRECTION ( 'NONE',  ( -1.000000000000000000, 0.000000000000000000, 0.000000000000000000 ) ) ;
#836 = VECTOR ( 'NONE', #389, 39.37007874015748143 ) ;
#837 = AXIS2_PLACEMENT_3D ( 'NONE', #1339, #781, #339 ) ;
#838 = DIRECTION ( 'NONE',  ( 0.000000000000000000, -0.000000000000000000, -1.000000000000000000 ) ) ;
#839 = ORIENTED_EDGE ( 'NONE', *, *, #687, .F. ) ;
#840 = DIRECTION ( 'NONE',  ( -1.000000000000000000, 0.000000000000000000, 0.000000000000000000 ) ) ;
#841 = AXIS2_PLACEMENT_3D ( 'NONE', #1304, #1061, #71 ) ;
#842 = CYLINDRICAL_SURFACE ( 'NONE', #567, 0.1250000000000000278 ) ;
#843 = VECTOR ( 'NONE', #488, 39.37007874015748143 ) ;
#844 = CARTESIAN_POINT ( 'NONE',  ( 5.187500000000000000, 8.687500000000000000, 1.937500000000000000 ) ) ;
#845 = CARTESIAN_POINT ( 'NONE',  ( 5.187500000000000000, -8.687500000000000000, 2.000000000000000000 ) ) ;
#846 = VECTOR ( 'NONE', #1050, 39.37007874015748143 ) ;
#847 = ADVANCED_FACE ( 'NONE', ( #957 ), #148, .T. ) ;
#848 = EDGE_CURVE ( 'NONE', #630, #968, #1045, .T. ) ;
#849 = DIRECTION ( 'NONE',  ( -0.000000000000000000, -0.000000000000000000, -1.000000000000000000 ) ) ;
#850 = ORIENTED_EDGE ( 'NONE', *, *, #1180, .T. ) ;
#851 = FACE_OUTER_BOUND ( 'NONE', #1175, .T. ) ;
#852 = CARTESIAN_POINT ( 'NONE',  ( 5.375000000000000888, -8.875000000000000000, 0.5000000000000001110 ) ) ;
#853 = ORIENTED_EDGE ( 'NONE', *, *, #979, .F. ) ;
#854 = ADVANCED_FACE ( 'NONE', ( #649 ), #543, .T. ) ;
#855 = AXIS2_PLACEMENT_3D ( 'NONE', #1108, #100, #329 ) ;
#856 = ORIENTED_EDGE ( 'NONE', *, *, #65, .T. ) ;
#857 = ORIENTED_EDGE ( 'NONE', *, *, #321, .T. ) ;
#858 = CARTESIAN_POINT ( 'NONE',  ( 5.253410967875356441, -8.753410967875357329, 0.5886698918461793495 ) ) ;
#859 = ORIENTED_EDGE ( 'NONE', *, *, #912, .F. ) ;
#860 = CARTESIAN_POINT ( 'NONE',  ( -5.187500000000000000, 0.000000000000000000, 1.937500000000000000 ) ) ;
#861 = APPROVAL ( #622, 'UNSPECIFIED' ) ;
#862 = AXIS2_PLACEMENT_3D ( 'NONE', #234, #1030, #6 ) ;
#863 = EDGE_CURVE ( 'NONE', #496, #1078, #656, .T. ) ;
#864 = APPROVAL_DATE_TIME ( #877, #74 ) ;
#865 = CIRCLE ( 'NONE', #1052, 0.1250000000000000278 ) ;
#866 = EDGE_LOOP ( 'NONE', ( #1085, #277, #1332 ) ) ;
#867 = CARTESIAN_POINT ( 'NONE',  ( 5.253997918902964415, -8.693496878354512347, 0.5925896789931656139 ) ) ;
#868 = ORIENTED_EDGE ( 'NONE', *, *, #65, .F. ) ;
#869 = FACE_OUTER_BOUND ( 'NONE', #327, .T. ) ;
#870 = APPROVAL_ROLE ( '' ) ;
#871 = ORIENTED_EDGE ( 'NONE', *, *, #21, .F. ) ;
#872 = ADVANCED_FACE ( 'NONE', ( #993 ), #769, .T. ) ;
#873 = ORIENTED_EDGE ( 'NONE', *, *, #1445, .T. ) ;
#874 = ORIENTED_EDGE ( 'NONE', *, *, #226, .T. ) ;
#875 = DIRECTION ( 'NONE',  ( -1.000000000000000000, 0.000000000000000000, -0.000000000000000000 ) ) ;
#876 = VECTOR ( 'NONE', #242, 39.37007874015748143 ) ;
#877 = DATE_AND_TIME ( #1214, #811 ) ;
#878 = ORIENTED_EDGE ( 'NONE', *, *, #535, .F. ) ;
#879 = CARTESIAN_POINT ( 'NONE',  ( 5.280826648554273639, -8.733739972831475740, 0.5423966561490904947 ) ) ;
#880 = ADVANCED_FACE ( 'NONE', ( #96 ), #1103, .T. ) ;
#881 = APPLICATION_CONTEXT ( 'configuration controlled 3d designs of mechanical parts and assemblies' ) ;
#882 = ORIENTED_EDGE ( 'NONE', *, *, #21, .T. ) ;
#883 = CIRCLE ( 'NONE', #394, 0.1250000000000000278 ) ;
#884 = APPROVAL_DATE_TIME ( #190, #861 ) ;
#885 = AXIS2_PLACEMENT_3D ( 'NONE', #17, #7, #805 ) ;
#886 = CARTESIAN_POINT ( 'NONE',  ( 5.342281514395071262, 8.825922271592579804, 0.5032534154413214056 ) ) ;
#887 = ORIENTED_EDGE ( 'NONE', *, *, #1259, .F. ) ;
#888 = LINE ( 'NONE', #1001, #154 ) ;
#889 = CARTESIAN_POINT ( 'NONE',  ( -5.319606099234011509, -8.791909148851029698, 0.5126458799334733252 ) ) ;
#890 = ORIENTED_EDGE ( 'NONE', *, *, #1031, .F. ) ;
#891 = DIRECTION ( 'NONE',  ( -1.000000000000000000, 0.000000000000000000, 0.000000000000000000 ) ) ;
#892 = DIMENSIONAL_EXPONENTS ( 1.000000000000000000, 0.000000000000000000, 0.000000000000000000, 0.000000000000000000, 0.000000000000000000, 0.000000000000000000, 0.000000000000000000 ) ;
#893 = CARTESIAN_POINT ( 'NONE',  ( 5.187500000000000000, 8.687500000000000000, 1.937500000000000000 ) ) ;
#894 = DIRECTION ( 'NONE',  ( 0.000000000000000000, 1.000000000000000000, 0.000000000000000000 ) ) ;
#895 = ORIENTED_EDGE ( 'NONE', *, *, #153, .F. ) ;
#896 = CARTESIAN_POINT ( 'NONE',  ( -5.225917320165251567, 8.775611546776795890, 0.5487512760521542354 ) ) ;
#897 = CARTESIAN_POINT ( 'NONE',  ( 5.193496878354512347, 8.753997918902966191, 0.5925896789931656139 ) ) ;
#898 = FACE_OUTER_BOUND ( 'NONE', #674, .T. ) ;
#899 = FACE_OUTER_BOUND ( 'NONE', #1010, .T. ) ;
#900 = CARTESIAN_POINT ( 'NONE',  ( -5.375000000000000888, -8.875000000000000000, 0.5000000000000001110 ) ) ;
#901 = ORIENTED_EDGE ( 'NONE', *, *, #1009, .T. ) ;
#902 = EDGE_CURVE ( 'NONE', #55, #610, #548, .T. ) ;
#903 = VECTOR ( 'NONE', #894, 39.37007874015748143 ) ;
#904 = CARTESIAN_POINT ( 'NONE',  ( 0.000000000000000000, -8.687500000000000000, 1.937500000000000000 ) ) ;
#905 = CARTESIAN_POINT ( 'NONE',  ( -5.354545423243404656, 8.854545423243889601, 0.5000000000000300870 ) ) ;
#906 = DIRECTION ( 'NONE',  ( 0.000000000000000000, 0.000000000000000000, -1.000000000000000000 ) ) ;
#907 = CARTESIAN_POINT ( 'NONE',  ( -5.374999999999999112, 8.875000000000000000, 0.3749999999999999445 ) ) ;
#908 = CARTESIAN_POINT ( 'NONE',  ( -5.187500000000000000, 8.687500000000000000, 1.937500000000000000 ) ) ;
#909 = CARTESIAN_POINT ( 'NONE',  ( -5.283766029193272651, -8.783766029193271763, 0.5369925062239845337 ) ) ;
#910 = EDGE_CURVE ( 'NONE', #1106, #822, #568, .T. ) ;
#911 = AXIS2_PLACEMENT_3D ( 'NONE', #860, #1318, #1419 ) ;
#912 = EDGE_CURVE ( 'NONE', #430, #1125, #888, .T. ) ;
#913 = FACE_OUTER_BOUND ( 'NONE', #149, .T. ) ;
#914 = CARTESIAN_POINT ( 'NONE',  ( -5.187500000000000000, 0.000000000000000000, 2.000000000000000000 ) ) ;
#915 = CARTESIAN_POINT ( 'NONE',  ( -5.374999999999999112, -9.000000000000000000, 0.1250000000000000278 ) ) ;
#916 = DIRECTION ( 'NONE',  ( 0.000000000000000000, 0.000000000000000000, 1.000000000000000000 ) ) ;
#917 = VECTOR ( 'NONE', #923, 39.37007874015748143 ) ;
#918 = CARTESIAN_POINT ( 'NONE',  ( 5.374999999999999112, -8.875000000000000000, 0.3749999999999999445 ) ) ;
#919 = CARTESIAN_POINT ( 'NONE',  ( -5.249951346434400534, -8.749951346434400534, 0.6168452837954069290 ) ) ;
#920 = DIRECTION ( 'NONE',  ( 0.000000000000000000, 0.000000000000000000, 1.000000000000000000 ) ) ;
#921 = CARTESIAN_POINT ( 'NONE',  ( -5.350451882300667705, 8.858634588200125393, 0.5000000000000000000 ) ) ;
#922 = CARTESIAN_POINT ( 'NONE',  ( 5.500000000000000000, 8.875000000000000000, 0.5000000000000000000 ) ) ;
#923 = DIRECTION ( 'NONE',  ( -0.000000000000000000, -1.000000000000000000, -0.000000000000000000 ) ) ;
#924 = CARTESIAN_POINT ( 'NONE',  ( 5.187500000000000000, -8.687500000000000000, 1.937500000000000000 ) ) ;
#925 = LINE ( 'NONE', #145, #24 ) ;
#926 = ORIENTED_EDGE ( 'NONE', *, *, #1163, .F. ) ;
#927 = ADVANCED_FACE ( 'NONE', ( #1337 ), #663, .T. ) ;
#928 = FACE_OUTER_BOUND ( 'NONE', #623, .T. ) ;
#929 = CARTESIAN_POINT ( 'NONE',  ( 5.500000000000000000, -8.875000000000000000, 0.5000000000000000000 ) ) ;
#930 = FACE_OUTER_BOUND ( 'NONE', #538, .T. ) ;
#931 = AXIS2_PLACEMENT_3D ( 'NONE', #1172, #165, #1181 ) ;
#932 = DIRECTION ( 'NONE',  ( -0.000000000000000000, 1.000000000000000000, 0.000000000000000000 ) ) ;
#933 = DIRECTION ( 'NONE',  ( 1.000000000000000000, -0.000000000000000000, 0.000000000000000000 ) ) ;
#934 = VERTEX_POINT ( 'NONE', #219 ) ;
#935 = VECTOR ( 'NONE', #1183, 39.37007874015748143 ) ;
#936 = CIRCLE ( 'NONE', #487, 0.06249999999999967387 ) ;
#937 = FACE_OUTER_BOUND ( 'NONE', #1329, .T. ) ;
#938 = ADVANCED_FACE ( 'NONE', ( #776 ), #8, .T. ) ;
#939 = CARTESIAN_POINT ( 'NONE',  ( -5.374999999999998224, -8.875000000000000000, 0.5000000000000000000 ) ) ;
#940 = DIRECTION ( 'NONE',  ( -1.000000000000000000, -0.000000000000000000, -0.000000000000000000 ) ) ;
#941 = DIRECTION ( 'NONE',  ( 0.000000000000000000, -1.748382715945129722E-14, 1.000000000000000000 ) ) ;
#942 = VERTEX_POINT ( 'NONE', #1132 ) ;
#943 = CARTESIAN_POINT ( 'NONE',  ( -5.187499999999999112, -8.750000000000000000, 2.000000000000000000 ) ) ;
#944 = DIRECTION ( 'NONE',  ( 1.000000000000000000, -0.000000000000000000, -0.000000000000000000 ) ) ;
#945 = ORIENTED_EDGE ( 'NONE', *, *, #955, .T. ) ;
#946 = PLANE ( 'NONE',  #741 ) ;
#947 = CARTESIAN_POINT ( 'NONE',  ( 5.500000000000000000, 8.875000000000000000, 0.000000000000000000 ) ) ;
#948 = ORIENTED_EDGE ( 'NONE', *, *, #124, .F. ) ;
#949 = DIRECTION ( 'NONE',  ( -1.000000000000000000, 0.000000000000000000, 0.000000000000000000 ) ) ;
#950 = DIRECTION ( 'NONE',  ( 1.000000000000000000, 0.000000000000000000, 0.000000000000000000 ) ) ;
#951 = FACE_OUTER_BOUND ( 'NONE', #70, .T. ) ;
#952 = AXIS2_PLACEMENT_3D ( 'NONE', #1040, #916, #803 ) ;
#953 = DIRECTION ( 'NONE',  ( -0.000000000000000000, -0.000000000000000000, 1.000000000000000000 ) ) ;
#954 = ADVANCED_FACE ( 'NONE', ( #1233 ), #344, .T. ) ;
#955 = EDGE_CURVE ( 'NONE', #450, #825, #103, .T. ) ;
#956 = EDGE_CURVE ( 'NONE', #1165, #1195, #456, .T. ) ;
#957 = FACE_OUTER_BOUND ( 'NONE', #520, .T. ) ;
#958 = VECTOR ( 'NONE', #1220, 39.37007874015748143 ) ;
#959 = DIRECTION ( 'NONE',  ( -0.000000000000000000, 0.000000000000000000, 1.000000000000000000 ) ) ;
#960 = EDGE_LOOP ( 'NONE', ( #1068, #104, #600, #38 ) ) ;
#961 = CARTESIAN_POINT ( 'NONE',  ( 5.250000000000000000, 8.750000000000000000, 0.6250000000000000000 ) ) ;
#962 = EDGE_CURVE ( 'NONE', #825, #67, #193, .T. ) ;
#963 = CARTESIAN_POINT ( 'NONE',  ( 5.312356165701597632, -8.781034248552423094, 0.5165210501417876188 ) ) ;
#964 = ORIENTED_EDGE ( 'NONE', *, *, #11, .F. ) ;
#965 = CIRCLE ( 'NONE', #325, 0.1250000000000004441 ) ;
#966 = CC_DESIGN_PERSON_AND_ORGANIZATION_ASSIGNMENT ( #1094, #1422, ( #1018 ) ) ;
#967 = COORDINATED_UNIVERSAL_TIME_OFFSET ( 8, 0, .BEHIND. ) ;
#968 = VERTEX_POINT ( 'NONE', #715 ) ;
#969 = CARTESIAN_POINT ( 'NONE',  ( 5.206468819888799615, -8.762645879925820225, 0.5696060992524857314 ) ) ;
#970 = ORIENTED_EDGE ( 'NONE', *, *, #1343, .T. ) ;
#971 = CIRCLE ( 'NONE', #18, 0.1250000000000000278 ) ;
#972 = CARTESIAN_POINT ( 'NONE',  ( 5.374999999999999112, -8.875000000000000000, 0.1250000000000000000 ) ) ;
#973 = VERTEX_POINT ( 'NONE', #1035 ) ;
#974 = CARTESIAN_POINT ( 'NONE',  ( 5.291909148851029698, -8.819606099234011509, 0.5126458799334733252 ) ) ;
#975 = ORIENTED_EDGE ( 'NONE', *, *, #172, .T. ) ;
#976 = VECTOR ( 'NONE', #486, 39.37007874015748143 ) ;
#977 = DIRECTION ( 'NONE',  ( 0.000000000000000000, 0.000000000000000000, -1.000000000000000000 ) ) ;
#978 = PERSON_AND_ORGANIZATION_ROLE ( 'design_supplier' ) ;
#979 = EDGE_CURVE ( 'NONE', #1416, #1308, #1164, .T. ) ;
#980 = AXIS2_PLACEMENT_3D ( 'NONE', #263, #719, #612 ) ;
#981 = VERTEX_POINT ( 'NONE', #1058 ) ;
#982 = CARTESIAN_POINT ( 'NONE',  ( 5.375000000000000888, -8.875000000000000000, 0.5000000000000001110 ) ) ;
#983 = ORIENTED_EDGE ( 'NONE', *, *, #1060, .T. ) ;
#984 = DIRECTION ( 'NONE',  ( 0.000000000000000000, 0.000000000000000000, -1.000000000000000000 ) ) ;
#985 =( NAMED_UNIT ( * ) PLANE_ANGLE_UNIT ( ) SI_UNIT ( $, .RADIAN. ) );
#986 = ORIENTED_EDGE ( 'NONE', *, *, #717, .T. ) ;
#987 = CARTESIAN_POINT ( 'NONE',  ( 5.262645879925820225, -8.706468819888799615, 0.5696060992524857314 ) ) ;
#988 = ORIENTED_EDGE ( 'NONE', *, *, #995, .F. ) ;
#989 = ORIENTED_EDGE ( 'NONE', *, *, #143, .F. ) ;
#990 = VECTOR ( 'NONE', #709, 39.37007874015748143 ) ;
#991 = COORDINATED_UNIVERSAL_TIME_OFFSET ( 8, 0, .BEHIND. ) ;
#992 = ORIENTED_EDGE ( 'NONE', *, *, #1109, .F. ) ;
#993 = FACE_OUTER_BOUND ( 'NONE', #960, .T. ) ;
#994 = CARTESIAN_POINT ( 'NONE',  ( 5.500000000000000000, 8.875000000000000000, 0.1250000000000000278 ) ) ;
#995 = EDGE_CURVE ( 'NONE', #1340, #315, #480, .T. ) ;
#996 = EDGE_LOOP ( 'NONE', ( #1209, #1083, #1272 ) ) ;
#997 = PRODUCT_DEFINITION_FORMATION_WITH_SPECIFIED_SOURCE ( 'ANY', '', #727, .NOT_KNOWN. ) ;
#998 = CIRCLE ( 'NONE', #44, 0.06249999999999995143 ) ;
#999 = FACE_OUTER_BOUND ( 'NONE', #82, .T. ) ;
#1000 =( BOUNDED_SURFACE ( )  B_SPLINE_SURFACE ( 3, 2, ( 
 ( #1373, #373, #818 ),
 ( #1261, #1381, #379 ),
 ( #1228, #794, #1328 ),
 ( #1447, #1358, #897 ),
 ( #217, #802, #355 ),
 ( #574, #1244, #1342 ),
 ( #1029, #336, #240 ),
 ( #1237, #435, #1022 ),
 ( #1122, #1215, #212 ),
 ( #677, #1129, #547 ),
 ( #1351, #14, #233 ),
 ( #1335, #559, #447 ),
 ( #108, #442, #122 ),
 ( #886, #565, #684 ),
 ( #224, #462, #553 ),
 ( #670, #785, #1137 ) ),
 .UNSPECIFIED., .F., .F., .T. ) 
 B_SPLINE_SURFACE_WITH_KNOTS ( ( 4, 2, 2, 2, 2, 2, 2, 4 ),
 ( 3, 3 ),
 ( 3.141592653589793116, 3.337942194439155408, 3.534291735288517255, 3.730641276137879103, 3.926990816987241395, 4.123340357836603687, 4.319689898685965090, 4.712388980384689674 ),
 ( 0.000000000000000000, 1.000000000000000000 ),
 .UNSPECIFIED. ) 
 GEOMETRIC_REPRESENTATION_ITEM ( )  RATIONAL_B_SPLINE_SURFACE ( (
 ( 1.000000000000000000, 0.7071067811865413555, 1.000000000000000000),
 ( 1.000000000000000000, 0.7070717281021372536, 1.000000000000000000),
 ( 1.000000000000000000, 0.7117460028955953089, 1.000000000000000000),
 ( 1.000000000000000000, 0.7291288936477207105, 1.000000000000000000),
 ( 1.000000000000000000, 0.7418334183799952797, 1.000000000000000000),
 ( 1.000000000000000000, 0.7723968213172169861, 1.000000000000000000),
 ( 1.000000000000000000, 0.7902180090810921875, 1.000000000000000000),
 ( 1.000000000000000000, 0.8275942691622429903, 1.000000000000000000),
 ( 1.000000000000000000, 0.8471316607469797644, 1.000000000000000000),
 ( 1.000000000000000000, 0.8849191468218954304, 1.000000000000000000),
 ( 1.000000000000000000, 0.9031650996176360247, 1.000000000000000000),
 ( 1.000000000000000000, 0.9360421840687618289, 1.000000000000000000),
 ( 1.000000000000000000, 0.9506740355182317082, 1.000000000000000000),
 ( 1.000000000000000000, 0.9867291886070066464, 1.000000000000000000),
 ( 1.000000000000000000, 1.000158581256220591, 1.000000000000000000),
 ( 1.000000000000000000, 1.000000000000000000, 1.000000000000000000) ) ) 
 REPRESENTATION_ITEM ( '' )  SURFACE ( )  );
#1001 = CARTESIAN_POINT ( 'NONE',  ( 5.187500000000000000, -8.750000000000000000, 2.000000000000000000 ) ) ;
#1002 = EDGE_CURVE ( 'NONE', #1257, #1411, #29, .T. ) ;
#1003 = CARTESIAN_POINT ( 'NONE',  ( -5.253410967875356441, -8.753410967875357329, 0.5886698918461793495 ) ) ;
#1004 = ORIENTED_EDGE ( 'NONE', *, *, #11, .T. ) ;
#1005 = CARTESIAN_POINT ( 'NONE',  ( -5.291909148851029698, 8.819606099234011509, 0.5126458799334733252 ) ) ;
#1006 = CARTESIAN_POINT ( 'NONE',  ( -5.500000000000000000, -9.000000000000000000, 0.5000000000000000000 ) ) ;
#1007 = CARTESIAN_POINT ( 'NONE',  ( -5.250000000000000000, -8.687500000000000000, 0.6250000000000000000 ) ) ;
#1008 = CARTESIAN_POINT ( 'NONE',  ( -5.206468819888799615, -8.762645879925820225, 0.5696060992524857314 ) ) ;
#1009 = EDGE_CURVE ( 'NONE', #981, #430, #1399, .T. ) ;
#1010 = EDGE_LOOP ( 'NONE', ( #648, #202, #895, #988 ) ) ;
#1011 = FACE_OUTER_BOUND ( 'NONE', #1171, .T. ) ;
#1012 = CARTESIAN_POINT ( 'NONE',  ( -5.187500000000000000, 8.687500000000000000, 1.937500000000000000 ) ) ;
#1013 = CARTESIAN_POINT ( 'NONE',  ( -5.187500000000000000, 8.687500000000001776, 2.000000000000000000 ) ) ;
#1014 = CARTESIAN_POINT ( 'NONE',  ( -5.250000000000000000, 8.687500000000001776, 0.6250000000000000000 ) ) ;
#1015 = ADVANCED_FACE ( 'NONE', ( #400 ), #813, .F. ) ;
#1016 = DIRECTION ( 'NONE',  ( 0.000000000000000000, 0.000000000000000000, -1.000000000000000000 ) ) ;
#1017 =( BOUNDED_CURVE ( )  B_SPLINE_CURVE ( 3, ( #12, #1363, #581, #1020 ),
 .UNSPECIFIED., .F., .T. ) 
 B_SPLINE_CURVE_WITH_KNOTS ( ( 4, 4 ),
 ( 3.141592653589793116, 4.712388980384682569 ),
 .UNSPECIFIED. ) 
 CURVE ( )  GEOMETRIC_REPRESENTATION_ITEM ( )  RATIONAL_B_SPLINE_CURVE ( ( 1.000000000000000000, 0.8047378541243667138, 0.8047378541243667138, 1.000000000000000000 ) ) 
 REPRESENTATION_ITEM ( '' )  );
#1018 = SECURITY_CLASSIFICATION ( '', '', #307 ) ;
#1019 = VECTOR ( 'NONE', #1067, 39.37007874015748143 ) ;
#1020 = CARTESIAN_POINT ( 'NONE',  ( -5.374999999999999112, -8.875000000000000000, 0.5000000000000000000 ) ) ;
#1021 = CARTESIAN_POINT ( 'NONE',  ( -5.375000000000000888, 8.875000000000001776, 0.5000000000000001110 ) ) ;
#1022 = CARTESIAN_POINT ( 'NONE',  ( 5.225917320165251567, 8.775611546776795890, 0.5487512760521542354 ) ) ;
#1023 = FACE_OUTER_BOUND ( 'NONE', #308, .T. ) ;
#1024 = CARTESIAN_POINT ( 'NONE',  ( -5.250000000000000000, -8.875000000000000000, 0.5000000000000000000 ) ) ;
#1025 = CARTESIAN_POINT ( 'NONE',  ( -5.250814748562653733, -8.750814748562653733, 0.6015333615921083510 ) ) ;
#1026 = AXIS2_PLACEMENT_3D ( 'NONE', #48, #188, #756 ) ;
#1027 = CARTESIAN_POINT ( 'NONE',  ( 5.374999999999999112, -8.875000000000000000, 0.5000000000000000000 ) ) ;
#1028 = CARTESIAN_POINT ( 'NONE',  ( -5.266294790316873531, 8.766294790317084917, 0.5588998569188016186 ) ) ;
#1029 = CARTESIAN_POINT ( 'NONE',  ( 5.266521050147568772, 8.712281575221295427, 0.5623561656929454422 ) ) ;
#1030 = DIRECTION ( 'NONE',  ( 0.000000000000000000, 1.000000000000000000, -0.000000000000000000 ) ) ;
#1031 = EDGE_CURVE ( 'NONE', #968, #1257, #689, .T. ) ;
#1032 = AXIS2_PLACEMENT_3D ( 'NONE', #642, #1185, #411 ) ;
#1033 = DIRECTION ( 'NONE',  ( -0.000000000000000000, 1.000000000000000000, -0.000000000000000000 ) ) ;
#1034 = EDGE_CURVE ( 'NONE', #610, #1101, #647, .T. ) ;
#1035 = CARTESIAN_POINT ( 'NONE',  ( 5.500000000000000000, 8.875000000000000000, 0.1250000000000000278 ) ) ;
#1036 = ORIENTED_EDGE ( 'NONE', *, *, #1087, .T. ) ;
#1037 = DIRECTION ( 'NONE',  ( -0.000000000000000000, 1.000000000000000000, -0.000000000000000000 ) ) ;
#1038 = CARTESIAN_POINT ( 'NONE',  ( -5.250352461725570130, 8.750352461725571018, 0.6070977857932302602 ) ) ;
#1039 = ORIENTED_EDGE ( 'NONE', *, *, #1320, .F. ) ;
#1040 = CARTESIAN_POINT ( 'NONE',  ( -5.187500000000000000, -8.687500000000000000, 0.6250000000000000000 ) ) ;
#1041 = SPHERICAL_SURFACE ( 'NONE', #1254, 0.06250000000000000000 ) ;
#1042 = CYLINDRICAL_SURFACE ( 'NONE', #403, 0.1250000000000000000 ) ;
#1043 = ORIENTED_EDGE ( 'NONE', *, *, #172, .F. ) ;
#1044 = PLANE ( 'NONE',  #1400 ) ;
#1045 = LINE ( 'NONE', #41, #976 ) ;
#1046 = DIRECTION ( 'NONE',  ( 0.000000000000000000, -0.000000000000000000, 1.000000000000000000 ) ) ;
#1047 = CARTESIAN_POINT ( 'NONE',  ( 0.000000000000000000, -8.875000000000000000, 0.3749999999999999445 ) ) ;
#1048 = VECTOR ( 'NONE', #258, 39.37007874015748143 ) ;
#1049 = CARTESIAN_POINT ( 'NONE',  ( -5.250000000000000000, -8.687500000000000000, 1.937500000000000000 ) ) ;
#1050 = DIRECTION ( 'NONE',  ( -1.000000000000000000, 0.000000000000000000, 0.000000000000000000 ) ) ;
#1051 = ORIENTED_EDGE ( 'NONE', *, *, #124, .T. ) ;
#1052 = AXIS2_PLACEMENT_3D ( 'NONE', #56, #279, #1394 ) ;
#1053 = DIRECTION ( 'NONE',  ( -1.000000000000000000, 0.000000000000000000, 0.000000000000000000 ) ) ;
#1054 = CARTESIAN_POINT ( 'NONE',  ( -5.500000000000000000, -8.875000000000000000, 0.3749999999999999445 ) ) ;
#1055 = FACE_OUTER_BOUND ( 'NONE', #75, .T. ) ;
#1056 = DIRECTION ( 'NONE',  ( -0.000000000000000000, 1.000000000000000000, 0.000000000000000000 ) ) ;
#1057 = DIRECTION ( 'NONE',  ( 0.000000000000000000, 0.000000000000000000, 1.000000000000000000 ) ) ;
#1058 = CARTESIAN_POINT ( 'NONE',  ( -5.187499999999999112, -8.750000000000000000, 0.6250000000000000000 ) ) ;
#1059 = ORIENTED_EDGE ( 'NONE', *, *, #77, .F. ) ;
#1060 = EDGE_CURVE ( 'NONE', #1393, #300, #516, .T. ) ;
#1061 = DIRECTION ( 'NONE',  ( 0.000000000000000000, 1.000000000000000000, 0.000000000000000000 ) ) ;
#1062 = DIRECTION ( 'NONE',  ( 0.000000000000000000, 0.000000000000000000, 1.000000000000000000 ) ) ;
#1063 = CARTESIAN_POINT ( 'NONE',  ( -5.250000000000000888, -8.687500000000000000, 0.5517766952966374205 ) ) ;
#1064 = CARTESIAN_POINT ( 'NONE',  ( 5.187500000000000000, -8.687500000000000000, 2.000000000000000000 ) ) ;
#1065 = EDGE_CURVE ( 'NONE', #721, #973, #135, .T. ) ;
#1066 = CIRCLE ( 'NONE', #286, 0.1250000000000004441 ) ;
#1067 = DIRECTION ( 'NONE',  ( 0.000000000000000000, -1.000000000000000000, 0.000000000000000000 ) ) ;
#1068 = ORIENTED_EDGE ( 'NONE', *, *, #1232, .T. ) ;
#1069 = CYLINDRICAL_SURFACE ( 'NONE', #637, 0.1250000000000004441 ) ;
#1070 = CARTESIAN_POINT ( 'NONE',  ( 5.374999999999999112, 8.875000000000000000, 0.3749999999999999445 ) ) ;
#1071 = EDGE_CURVE ( 'NONE', #942, #761, #37, .T. ) ;
#1072 = CARTESIAN_POINT ( 'NONE',  ( -5.188708641494276463, 8.750805760996231086, 0.6086377405028026155 ) ) ;
#1073 = AXIS2_PLACEMENT_3D ( 'NONE', #1070, #1056, #43 ) ;
#1074 = CARTESIAN_POINT ( 'NONE',  ( 5.298688263126575038, -8.798688263126571485, 0.5243335668468012134 ) ) ;
#1075 = PRODUCT_RELATED_PRODUCT_CATEGORY ( 'detail', '', ( #727 ) ) ;
#1076 = AXIS2_PLACEMENT_3D ( 'NONE', #908, #1355, #1239 ) ;
#1077 = LINE ( 'NONE', #66, #546 ) ;
#1078 = VERTEX_POINT ( 'NONE', #1148 ) ;
#1079 = EDGE_CURVE ( 'NONE', #1393, #1416, #925, .T. ) ;
#1080 = CARTESIAN_POINT ( 'NONE',  ( 5.250000000000000000, -8.687500000000170530, 0.6168186763677185880 ) ) ;
#1081 = ORIENTED_EDGE ( 'NONE', *, *, #796, .T. ) ;
#1082 = ORIENTED_EDGE ( 'NONE', *, *, #153, .T. ) ;
#1083 = ORIENTED_EDGE ( 'NONE', *, *, #613, .T. ) ;
#1084 = CARTESIAN_POINT ( 'NONE',  ( 5.187500000000170530, -8.750000000000000000, 0.6168186763677185880 ) ) ;
#1085 = ORIENTED_EDGE ( 'NONE', *, *, #1425, .T. ) ;
#1086 = CARTESIAN_POINT ( 'NONE',  ( 5.374999999999999112, 8.875000000000000000, 0.1250000000000000000 ) ) ;
#1087 = EDGE_CURVE ( 'NONE', #1106, #300, #54, .T. ) ;
#1088 = APPLICATION_PROTOCOL_DEFINITION ( 'international standard', 'config_control_design', 1994, #881 ) ;
#1089 = EDGE_LOOP ( 'NONE', ( #983, #1218, #1200 ) ) ;
#1090 = CARTESIAN_POINT ( 'NONE',  ( 5.350451882300890638, -8.858634588199791438, 0.5000000000000001110 ) ) ;
#1091 = ORIENTED_EDGE ( 'NONE', *, *, #1034, .T. ) ;
#1092 = VECTOR ( 'NONE', #933, 39.37007874015748143 ) ;
#1093 = DIRECTION ( 'NONE',  ( 0.000000000000000000, -1.000000000000000000, 0.000000000000000000 ) ) ;
#1094 = PERSON_AND_ORGANIZATION ( #746, #660 ) ;
#1095 = AXIS2_PLACEMENT_3D ( 'NONE', #1274, #1093, #163 ) ;
#1096 = ORIENTED_EDGE ( 'NONE', *, *, #577, .T. ) ;
#1097 = CARTESIAN_POINT ( 'NONE',  ( 5.261982590104585356, -8.761982590104773649, 0.5666081254852088911 ) ) ;
#1098 = ORIENTED_EDGE ( 'NONE', *, *, #1212, .T. ) ;
#1099 = ORIENTED_EDGE ( 'NONE', *, *, #979, .T. ) ;
#1100 = PERSON_AND_ORGANIZATION ( #746, #660 ) ;
#1101 = VERTEX_POINT ( 'NONE', #1392 ) ;
#1102 = ADVANCED_FACE ( 'NONE', ( #602 ), #1042, .T. ) ;
#1103 = SPHERICAL_SURFACE ( 'NONE', #525, 0.1250000000000000000 ) ;
#1104 = ADVANCED_FACE ( 'NONE', ( #276 ), #609, .T. ) ;
#1105 = CARTESIAN_POINT ( 'NONE',  ( -5.193496878354512347, -8.753997918902964415, 0.5925896789931656139 ) ) ;
#1106 = VERTEX_POINT ( 'NONE', #595 ) ;
#1107 = CIRCLE ( 'NONE', #540, 0.1250000000000004441 ) ;
#1108 = CARTESIAN_POINT ( 'NONE',  ( 5.374999999999999112, -8.875000000000000000, 0.3749999999999999445 ) ) ;
#1109 = EDGE_CURVE ( 'NONE', #1430, #1165, #1368, .T. ) ;
#1110 = DIRECTION ( 'NONE',  ( -1.000000000000000000, 0.000000000000000000, -0.000000000000000000 ) ) ;
#1111 = CARTESIAN_POINT ( 'NONE',  ( -5.375000000000000888, -8.875000000000000000, 0.5000000000000001110 ) ) ;
#1112 = VERTEX_POINT ( 'NONE', #46 ) ;
#1113 = CARTESIAN_POINT ( 'NONE',  ( -5.262645879925820225, 8.706468819888801391, 0.5696060992524857314 ) ) ;
#1114 = CIRCLE ( 'NONE', #105, 0.1250000000000000000 ) ;
#1115 = FACE_OUTER_BOUND ( 'NONE', #178, .T. ) ;
#1116 = CARTESIAN_POINT ( 'NONE',  ( -5.187500000000000000, 8.750000000000000000, 0.6250000000000000000 ) ) ;
#1117 = VECTOR ( 'NONE', #669, 39.37007874015748143 ) ;
#1118 = DIRECTION ( 'NONE',  ( 1.000000000000000000, 0.000000000000000000, 0.000000000000000000 ) ) ;
#1119 = CARTESIAN_POINT ( 'NONE',  ( -5.255486267300296888, -8.755486267300097936, 0.5815313649763614867 ) ) ;
#1120 = ORIENTED_EDGE ( 'NONE', *, *, #1252, .F. ) ;
#1121 = CYLINDRICAL_SURFACE ( 'NONE', #667, 0.1250000000000000278 ) ;
#1122 = CARTESIAN_POINT ( 'NONE',  ( 5.280826648554273639, 8.733739972831475740, 0.5423966561490904947 ) ) ;
#1123 = DIRECTION ( 'NONE',  ( 8.741913579725610745E-15, -1.000000000000000000, 0.000000000000000000 ) ) ;
#1124 = LINE ( 'NONE', #350, #804 ) ;
#1125 = VERTEX_POINT ( 'NONE', #491 ) ;
#1126 = EDGE_CURVE ( 'NONE', #658, #1340, #728, .T. ) ;
#1127 = CARTESIAN_POINT ( 'NONE',  ( 5.250000000000000000, 8.687500000000001776, 2.000000000000000000 ) ) ;
#1128 = CARTESIAN_POINT ( 'NONE',  ( -5.251094984223571238, 8.792396656149097822, 0.5308266485542663116 ) ) ;
#1129 = CARTESIAN_POINT ( 'NONE',  ( 5.277227223155977143, 8.777227223155771085, 0.5441089185457808064 ) ) ;
#1130 = CARTESIAN_POINT ( 'NONE',  ( -5.500000000000000000, -8.875000000000000000, 0.000000000000000000 ) ) ;
#1131 = CARTESIAN_POINT ( 'NONE',  ( 5.374999999999999112, 8.875000000000000000, 0.5000000000000000000 ) ) ;
#1132 = CARTESIAN_POINT ( 'NONE',  ( -5.500000000000000000, -8.875000000000000000, 0.1250000000000000278 ) ) ;
#1133 = ADVANCED_FACE ( 'NONE', ( #89 ), #534, .F. ) ;
#1134 = CIRCLE ( 'NONE', #434, 0.06249999999999967387 ) ;
#1135 = DIRECTION ( 'NONE',  ( 0.000000000000000000, 1.000000000000000000, -0.000000000000000000 ) ) ;
#1136 = CARTESIAN_POINT ( 'NONE',  ( 5.500000000000000000, 8.875000000000000000, 0.3749999999999999445 ) ) ;
#1137 = CARTESIAN_POINT ( 'NONE',  ( 5.375000000000000888, 8.875000000000001776, 0.5000000000000001110 ) ) ;
#1138 = DIRECTION ( 'NONE',  ( -0.000000000000000000, 1.000000000000000000, -0.000000000000000000 ) ) ;
#1139 = CYLINDRICAL_SURFACE ( 'NONE', #690, 0.1250000000000004441 ) ;
#1140 = CARTESIAN_POINT ( 'NONE',  ( 5.187500000000000000, -8.687500000000000000, 1.937500000000000000 ) ) ;
#1141 = ORIENTED_EDGE ( 'NONE', *, *, #278, .F. ) ;
#1142 = CIRCLE ( 'NONE', #459, 0.1250000000000004441 ) ;
#1143 = CARTESIAN_POINT ( 'NONE',  ( 5.265165042944955687, -8.801776695296636532, 0.5000000000000005551 ) ) ;
#1144 = CARTESIAN_POINT ( 'NONE',  ( -5.358634588199787885, 8.850451882300887974, 0.5000000000000001110 ) ) ;
#1145 = DIRECTION ( 'NONE',  ( 0.000000000000000000, -1.000000000000000000, 0.000000000000000000 ) ) ;
#1146 = LINE ( 'NONE', #142, #506 ) ;
#1147 = AXIS2_PLACEMENT_3D ( 'NONE', #1140, #505, #1384 ) ;
#1148 = CARTESIAN_POINT ( 'NONE',  ( -5.374999999999998224, -9.000000000000000000, 0.1250000000000000278 ) ) ;
#1149 = ORIENTED_EDGE ( 'NONE', *, *, #1319, .F. ) ;
#1150 =( BOUNDED_CURVE ( )  B_SPLINE_CURVE ( 3, ( #1027, #1143, #1349, #129 ),
 .UNSPECIFIED., .F., .T. ) 
 B_SPLINE_CURVE_WITH_KNOTS ( ( 4, 4 ),
 ( 1.570796326794903441, 3.141592653589793116 ),
 .UNSPECIFIED. ) 
 CURVE ( )  GEOMETRIC_REPRESENTATION_ITEM ( )  RATIONAL_B_SPLINE_CURVE ( ( 1.000000000000000000, 0.8047378541243667138, 0.8047378541243667138, 1.000000000000000000 ) ) 
 REPRESENTATION_ITEM ( '' )  );
#1151 = DIRECTION ( 'NONE',  ( -0.000000000000000000, -0.000000000000000000, 1.000000000000000000 ) ) ;
#1152 = CARTESIAN_POINT ( 'NONE',  ( 5.187500000000000000, 8.750000000000000000, 1.937500000000000000 ) ) ;
#1153 = ORIENTED_EDGE ( 'NONE', *, *, #431, .T. ) ;
#1154 =( LENGTH_UNIT ( ) NAMED_UNIT ( * ) SI_UNIT ( $, .METRE. ) );
#1155 = CARTESIAN_POINT ( 'NONE',  ( 5.374999999999999112, -8.875000000000000000, 0.5000000000000000000 ) ) ;
#1156 = DIRECTION ( 'NONE',  ( 0.000000000000000000, 0.000000000000000000, -1.000000000000000000 ) ) ;
#1157 = ORIENTED_EDGE ( 'NONE', *, *, #613, .F. ) ;
#1158 = DIRECTION ( 'NONE',  ( -0.000000000000000000, 1.000000000000000000, -0.000000000000000000 ) ) ;
#1159 = LINE ( 'NONE', #599, #106 ) ;
#1160 = DIRECTION ( 'NONE',  ( -0.000000000000000000, -0.000000000000000000, 1.000000000000000000 ) ) ;
#1161 = CARTESIAN_POINT ( 'NONE',  ( 5.374999999999999112, 9.000000000000000000, 0.3749999999999999445 ) ) ;
#1162 = CARTESIAN_POINT ( 'NONE',  ( -5.187499999999999112, -8.687500000000000000, 2.000000000000000000 ) ) ;
#1163 = EDGE_CURVE ( 'NONE', #1165, #496, #181, .T. ) ;
#1164 = LINE ( 'NONE', #1286, #1019 ) ;
#1165 = VERTEX_POINT ( 'NONE', #754 ) ;
#1166 = AXIS2_PLACEMENT_3D ( 'NONE', #1176, #1283, #824 ) ;
#1167 = AXIS2_PLACEMENT_3D ( 'NONE', #1013, #1441, #891 ) ;
#1168 = DIRECTION ( 'NONE',  ( 0.000000000000000000, 0.000000000000000000, -1.000000000000000000 ) ) ;
#1169 = FACE_OUTER_BOUND ( 'NONE', #529, .T. ) ;
#1170 = ADVANCED_FACE ( 'NONE', ( #748 ), #1289, .T. ) ;
#1171 = EDGE_LOOP ( 'NONE', ( #1096, #254, #194, #1039 ) ) ;
#1172 = CARTESIAN_POINT ( 'NONE',  ( -5.374999999999999112, -8.875000000000000000, 0.1250000000000000278 ) ) ;
#1173 = DIRECTION ( 'NONE',  ( 0.000000000000000000, 1.000000000000000000, 0.000000000000000000 ) ) ;
#1174 = DIRECTION ( 'NONE',  ( 0.000000000000000000, 0.000000000000000000, -1.000000000000000000 ) ) ;
#1175 = EDGE_LOOP ( 'NONE', ( #1310, #184, #744, #975 ) ) ;
#1176 = CARTESIAN_POINT ( 'NONE',  ( 5.374999999999999112, -8.875000000000000000, 0.1250000000000000278 ) ) ;
#1177 = CARTESIAN_POINT ( 'NONE',  ( -5.187500000000170530, 8.750000000000001776, 0.6168186763677185880 ) ) ;
#1178 = AXIS2_PLACEMENT_3D ( 'NONE', #371, #590, #460 ) ;
#1179 = CARTESIAN_POINT ( 'NONE',  ( 5.292396656149091605, -8.751094984223570350, 0.5308266485542725288 ) ) ;
#1180 = EDGE_CURVE ( 'NONE', #721, #1430, #965, .T. ) ;
#1181 = DIRECTION ( 'NONE',  ( 0.000000000000000000, 0.000000000000000000, -1.000000000000000000 ) ) ;
#1182 = ORIENTED_EDGE ( 'NONE', *, *, #408, .T. ) ;
#1183 = DIRECTION ( 'NONE',  ( -0.000000000000000000, -0.000000000000000000, 1.000000000000000000 ) ) ;
#1184 = VECTOR ( 'NONE', #251, 39.37007874015748143 ) ;
#1185 = DIRECTION ( 'NONE',  ( 1.000000000000000000, 0.000000000000000000, 0.000000000000000000 ) ) ;
#1186 = ORIENTED_EDGE ( 'NONE', *, *, #483, .T. ) ;
#1187 = AXIS2_PLACEMENT_3D ( 'NONE', #1270, #1057, #166 ) ;
#1188 = DATE_TIME_ROLE ( 'classification_date' ) ;
#1189 = EDGE_LOOP ( 'NONE', ( #759, #261, #51, #1418 ) ) ;
#1190 = ORIENTED_EDGE ( 'NONE', *, *, #1163, .T. ) ;
#1191 = EDGE_CURVE ( 'NONE', #1426, #1101, #662, .T. ) ;
#1192 = CARTESIAN_POINT ( 'NONE',  ( 5.250000000000169642, -8.750000000000168754, 0.6209240151575710076 ) ) ;
#1193 = EDGE_LOOP ( 'NONE', ( #537, #556, #1036, #986 ) ) ;
#1194 = DIRECTION ( 'NONE',  ( 0.000000000000000000, -0.000000000000000000, -1.000000000000000000 ) ) ;
#1195 = VERTEX_POINT ( 'NONE', #584 ) ;
#1196 = CARTESIAN_POINT ( 'NONE',  ( 5.275611546776795890, -8.725917320165251567, 0.5487512760521541244 ) ) ;
#1197 = VERTEX_POINT ( 'NONE', #1221 ) ;
#1198 = CARTESIAN_POINT ( 'NONE',  ( 5.187499999999999112, 8.750000000000000000, 0.6250000000000000000 ) ) ;
#1199 = COORDINATED_UNIVERSAL_TIME_OFFSET ( 8, 0, .BEHIND. ) ;
#1200 = ORIENTED_EDGE ( 'NONE', *, *, #511, .F. ) ;
#1201 = DIRECTION ( 'NONE',  ( 1.000000000000000000, 0.000000000000000000, 0.000000000000000000 ) ) ;
#1202 = EDGE_CURVE ( 'NONE', #1416, #1369, #1437, .T. ) ;
#1203 = EDGE_LOOP ( 'NONE', ( #191, #640, #1149, #201 ) ) ;
#1204 = AXIS2_PLACEMENT_3D ( 'NONE', #208, #214, #101 ) ;
#1205 = ADVANCED_FACE ( 'NONE', ( #123 ), #133, .T. ) ;
#1206 = ADVANCED_FACE ( 'NONE', ( #1023 ), #1366, .T. ) ;
#1207 = ADVANCED_FACE ( 'NONE', ( #898 ), #554, .F. ) ;
#1208 = AXIS2_PLACEMENT_3D ( 'NONE', #1086, #79, #977 ) ;
#1209 = ORIENTED_EDGE ( 'NONE', *, *, #605, .T. ) ;
#1210 = DIRECTION ( 'NONE',  ( 1.000000000000000000, 8.741913579725610745E-15, 0.000000000000000000 ) ) ;
#1211 = VERTEX_POINT ( 'NONE', #109 ) ;
#1212 = EDGE_CURVE ( 'NONE', #315, #317, #15, .T. ) ;
#1213 = VECTOR ( 'NONE', #953, 39.37007874015748143 ) ;
#1214 = CALENDAR_DATE ( 2025, 3, 12 ) ;
#1215 = CARTESIAN_POINT ( 'NONE',  ( 5.266294790316873531, 8.766294790317084917, 0.5588998569188016186 ) ) ;
#1216 = DIRECTION ( 'NONE',  ( -0.000000000000000000, 0.000000000000000000, 1.000000000000000000 ) ) ;
#1217 = CARTESIAN_POINT ( 'NONE',  ( -5.250805760996229310, -8.688708641494276463, 0.6086377405028026155 ) ) ;
#1218 = ORIENTED_EDGE ( 'NONE', *, *, #687, .T. ) ;
#1219 = CC_DESIGN_DATE_AND_TIME_ASSIGNMENT ( #629, #1321, ( #405 ) ) ;
#1220 = DIRECTION ( 'NONE',  ( 1.000000000000000000, -0.000000000000000000, 0.000000000000000000 ) ) ;
#1221 = CARTESIAN_POINT ( 'NONE',  ( -5.187500000000000000, 8.750000000000000000, 0.6250000000000000000 ) ) ;
#1222 = EDGE_CURVE ( 'NONE', #630, #1078, #482, .T. ) ;
#1223 = DIRECTION ( 'NONE',  ( 0.000000000000000000, 0.000000000000000000, -1.000000000000000000 ) ) ;
#1224 = CARTESIAN_POINT ( 'NONE',  ( -5.262645879925820225, -8.706468819888799615, 0.5696060992524857314 ) ) ;
#1225 = ORIENTED_EDGE ( 'NONE', *, *, #245, .F. ) ;
#1226 = VECTOR ( 'NONE', #566, 39.37007874015748143 ) ;
#1227 = LINE ( 'NONE', #929, #1117 ) ;
#1228 = CARTESIAN_POINT ( 'NONE',  ( 5.250805760996229310, 8.688708641494278240, 0.6086377405028026155 ) ) ;
#1229 = DIRECTION ( 'NONE',  ( 1.000000000000000000, 0.000000000000000000, 0.000000000000000000 ) ) ;
#1230 = VECTOR ( 'NONE', #944, 39.37007874015748143 ) ;
#1231 = DIRECTION ( 'NONE',  ( -1.000000000000000000, 0.000000000000000000, 0.000000000000000000 ) ) ;
#1232 = EDGE_CURVE ( 'NONE', #1411, #630, #241, .T. ) ;
#1233 = FACE_OUTER_BOUND ( 'NONE', #412, .T. ) ;
#1234 = ORIENTED_EDGE ( 'NONE', *, *, #1087, .F. ) ;
#1235 = CARTESIAN_POINT ( 'NONE',  ( -5.250000000000000000, -8.750000000000000000, 2.000000000000000000 ) ) ;
#1236 = LINE ( 'NONE', #914, #343 ) ;
#1237 = CARTESIAN_POINT ( 'NONE',  ( 5.275611546776795890, 8.725917320165253344, 0.5487512760521541244 ) ) ;
#1238 = DIRECTION ( 'NONE',  ( 0.000000000000000000, 0.000000000000000000, 1.000000000000000000 ) ) ;
#1239 = DIRECTION ( 'NONE',  ( 1.000000000000000000, 0.000000000000000000, 0.000000000000000000 ) ) ;
#1240 = CARTESIAN_POINT ( 'NONE',  ( -5.250000000000169642, -8.750000000000168754, 0.6209240151575710076 ) ) ;
#1241 = CIRCLE ( 'NONE', #1433, 0.1250000000000000000 ) ;
#1242 = DIRECTION ( 'NONE',  ( -1.000000000000000000, 0.000000000000000000, 0.000000000000000000 ) ) ;
#1243 = CARTESIAN_POINT ( 'NONE',  ( -5.283766029193273539, 8.783766029193500913, 0.5369925062239693236 ) ) ;
#1244 = CARTESIAN_POINT ( 'NONE',  ( 5.253410967875354665, 8.753410967875357329, 0.5886698918461675811 ) ) ;
#1245 = CARTESIAN_POINT ( 'NONE',  ( -5.250000000000000000, -8.750000000000000000, 1.937500000000000000 ) ) ;
#1246 = DIRECTION ( 'NONE',  ( 0.000000000000000000, 0.000000000000000000, -1.000000000000000000 ) ) ;
#1247 = CARTESIAN_POINT ( 'NONE',  ( -5.292396656149091605, -8.751094984223570350, 0.5308266485542725288 ) ) ;
#1248 = AXIS2_PLACEMENT_3D ( 'NONE', #686, #115, #575 ) ;
#1249 = DIRECTION ( 'NONE',  ( 0.000000000000000000, 0.000000000000000000, -1.000000000000000000 ) ) ;
#1250 = FACE_OUTER_BOUND ( 'NONE', #182, .T. ) ;
#1251 = CYLINDRICAL_SURFACE ( 'NONE', #348, 0.1250000000000000000 ) ;
#1252 = EDGE_CURVE ( 'NONE', #1125, #1101, #220, .T. ) ;
#1253 = DIRECTION ( 'NONE',  ( 0.000000000000000000, 0.000000000000000000, -1.000000000000000000 ) ) ;
#1254 = AXIS2_PLACEMENT_3D ( 'NONE', #924, #932, #1376 ) ;
#1255 = LINE ( 'NONE', #1024, #876 ) ;
#1256 = DIRECTION ( 'NONE',  ( 0.000000000000000000, -1.000000000000000000, -0.000000000000000000 ) ) ;
#1257 = VERTEX_POINT ( 'NONE', #218 ) ;
#1258 = LINE ( 'NONE', #120, #990 ) ;
#1259 = EDGE_CURVE ( 'NONE', #610, #1106, #1146, .T. ) ;
#1260 = FACE_OUTER_BOUND ( 'NONE', #471, .T. ) ;
#1261 = CARTESIAN_POINT ( 'NONE',  ( 5.250000000000000000, 8.687500000000172307, 0.6168186763677185880 ) ) ;
#1262 = LINE ( 'NONE', #281, #1048 ) ;
#1263 = CARTESIAN_POINT ( 'NONE',  ( 5.250000000000000888, -8.687500000000000000, 0.5517766952966374205 ) ) ;
#1264 = CARTESIAN_POINT ( 'NONE',  ( 5.250000000000000000, 8.687500000000001776, 0.5517766952966377536 ) ) ;
#1265 = ORIENTED_EDGE ( 'NONE', *, *, #414, .F. ) ;
#1266 = LINE ( 'NONE', #262, #425 ) ;
#1267 = CYLINDRICAL_SURFACE ( 'NONE', #1420, 0.06249999999999995143 ) ;
#1268 = EDGE_CURVE ( 'NONE', #1308, #981, #128, .T. ) ;
#1269 = DIRECTION ( 'NONE',  ( 0.000000000000000000, 1.000000000000000000, 0.000000000000000000 ) ) ;
#1270 = CARTESIAN_POINT ( 'NONE',  ( -5.187500000000000000, -8.687500000000000000, 1.937500000000000000 ) ) ;
#1271 = CARTESIAN_POINT ( 'NONE',  ( 5.250000000000000000, 8.687500000000000000, 0.6250000000000000000 ) ) ;
#1272 = ORIENTED_EDGE ( 'NONE', *, *, #483, .F. ) ;
#1273 = EDGE_CURVE ( 'NONE', #509, #1393, #35, .T. ) ;
#1274 = CARTESIAN_POINT ( 'NONE',  ( 5.250000000000000000, 8.750000000000000000, 2.000000000000000000 ) ) ;
#1275 = FACE_OUTER_BOUND ( 'NONE', #1193, .T. ) ;
#1276 = FACE_OUTER_BOUND ( 'NONE', #146, .T. ) ;
#1277 = VECTOR ( 'NONE', #437, 39.37007874015748143 ) ;
#1278 = DIRECTION ( 'NONE',  ( 1.000000000000000000, 8.741913579725610745E-15, 0.000000000000000000 ) ) ;
#1279 = DIRECTION ( 'NONE',  ( -1.000000000000000000, -0.000000000000000000, -1.748382715945130038E-14 ) ) ;
#1280 = DIRECTION ( 'NONE',  ( 0.000000000000000000, -1.000000000000000000, 0.000000000000000000 ) ) ;
#1281 = ORIENTED_EDGE ( 'NONE', *, *, #1180, .F. ) ;
#1282 = CIRCLE ( 'NONE', #841, 0.06249999999999995143 ) ;
#1283 = DIRECTION ( 'NONE',  ( -1.000000000000000000, -0.000000000000000000, -0.000000000000000000 ) ) ;
#1284 = CARTESIAN_POINT ( 'NONE',  ( -5.301776695296636532, -8.765165042944955687, 0.5000000000000005551 ) ) ;
#1285 = DIRECTION ( 'NONE',  ( 1.000000000000000000, 0.000000000000000000, 0.000000000000000000 ) ) ;
#1286 = CARTESIAN_POINT ( 'NONE',  ( -5.250000000000000000, -8.750000000000000000, 0.6250000000000000000 ) ) ;
#1287 = AXIS2_PLACEMENT_3D ( 'NONE', #695, #1448, #1253 ) ;
#1288 = EDGE_CURVE ( 'NONE', #1369, #1197, #701, .T. ) ;
#1289 =( BOUNDED_SURFACE ( )  B_SPLINE_SURFACE ( 3, 2, ( 
 ( #620, #422, #284 ),
 ( #1084, #1192, #1080 ),
 ( #69, #760, #1315 ),
 ( #1424, #517, #867 ),
 ( #1301, #200, #185 ),
 ( #969, #858, #987 ),
 ( #1410, #298, #625 ),
 ( #522, #1097, #1196 ),
 ( #1431, #427, #879 ),
 ( #1417, #1309, #1179 ),
 ( #406, #174, #76 ),
 ( #616, #1074, #963 ),
 ( #974, #416, #192 ),
 ( #631, #64, #512 ),
 ( #1090, #83, #1405 ),
 ( #527, #982, #852 ) ),
 .UNSPECIFIED., .F., .F., .T. ) 
 B_SPLINE_SURFACE_WITH_KNOTS ( ( 4, 2, 2, 2, 2, 2, 2, 4 ),
 ( 3, 3 ),
 ( 3.141592653589793116, 3.337942194439155408, 3.534291735288517255, 3.730641276137879103, 3.926990816987241395, 4.123340357836603687, 4.319689898685965090, 4.712388980384689674 ),
 ( 0.000000000000000000, 1.000000000000000000 ),
 .UNSPECIFIED. ) 
 GEOMETRIC_REPRESENTATION_ITEM ( )  RATIONAL_B_SPLINE_SURFACE ( (
 ( 1.000000000000000000, 0.7071067811865475727, 1.000000000000000000),
 ( 1.000000000000000000, 0.7070717281021530187, 1.000000000000000000),
 ( 1.000000000000000000, 0.7117460028955775453, 1.000000000000000000),
 ( 1.000000000000000000, 0.7291288936477382521, 1.000000000000000000),
 ( 1.000000000000000000, 0.7418334183799719650, 1.000000000000000000),
 ( 1.000000000000000000, 0.7723968213172307529, 1.000000000000000000),
 ( 1.000000000000000000, 0.7902180090805392965, 1.000000000000000000),
 ( 1.000000000000000000, 0.8275942691627985459, 1.000000000000000000),
 ( 1.000000000000000000, 0.8471316607465979587, 1.000000000000000000),
 ( 1.000000000000000000, 0.8849191468222765700, 1.000000000000000000),
 ( 1.000000000000000000, 0.9031650996174774848, 1.000000000000000000),
 ( 1.000000000000000000, 0.9360421840689183703, 1.000000000000000000),
 ( 1.000000000000000000, 0.9506740355182062840, 1.000000000000000000),
 ( 1.000000000000000000, 0.9867291886070519435, 1.000000000000000000),
 ( 1.000000000000000000, 1.000158581256185730, 1.000000000000000000),
 ( 1.000000000000000000, 1.000000000000000000, 1.000000000000000000) ) ) 
 REPRESENTATION_ITEM ( '' )  SURFACE ( )  );
#1290 = CARTESIAN_POINT ( 'NONE',  ( -5.374999999999999112, -8.875000000000000000, 0.3749999999999999445 ) ) ;
#1291 = ORIENTED_EDGE ( 'NONE', *, *, #1009, .F. ) ;
#1292 = CARTESIAN_POINT ( 'NONE',  ( -5.374999999999999112, 8.875000000000000000, 0.1250000000000000278 ) ) ;
#1293 = AXIS2_PLACEMENT_3D ( 'NONE', #904, #362, #485 ) ;
#1294 = CARTESIAN_POINT ( 'NONE',  ( 5.374999999999999112, -8.875000000000000000, 0.1250000000000000278 ) ) ;
#1295 = ORIENTED_EDGE ( 'NONE', *, *, #1370, .F. ) ;
#1296 = CIRCLE ( 'NONE', #855, 0.1250000000000000000 ) ;
#1297 = PERSON_AND_ORGANIZATION ( #746, #660 ) ;
#1298 = ORIENTED_EDGE ( 'NONE', *, *, #557, .F. ) ;
#1299 = AXIS2_PLACEMENT_3D ( 'NONE', #758, #539, #1429 ) ;
#1300 = ORIENTED_EDGE ( 'NONE', *, *, #1079, .T. ) ;
#1301 = CARTESIAN_POINT ( 'NONE',  ( 5.197076355419468108, -8.756384236946358257, 0.5847230426562421979 ) ) ;
#1302 = ORIENTED_EDGE ( 'NONE', *, *, #1288, .F. ) ;
#1303 =( BOUNDED_CURVE ( )  B_SPLINE_CURVE ( 3, ( #259, #252, #1345, #1131 ),
 .UNSPECIFIED., .F., .T. ) 
 B_SPLINE_CURVE_WITH_KNOTS ( ( 4, 4 ),
 ( 3.141592653589793116, 4.712388980384679016 ),
 .UNSPECIFIED. ) 
 CURVE ( )  GEOMETRIC_REPRESENTATION_ITEM ( )  RATIONAL_B_SPLINE_CURVE ( ( 1.000000000000000000, 0.8047378541243676020, 0.8047378541243676020, 1.000000000000000000 ) ) 
 REPRESENTATION_ITEM ( '' )  );
#1304 = CARTESIAN_POINT ( 'NONE',  ( 5.187500000000000000, 8.687500000000000000, 1.937500000000000000 ) ) ;
#1305 = CIRCLE ( 'NONE', #885, 0.1250000000000004441 ) ;
#1306 = CIRCLE ( 'NONE', #1375, 0.06249999999999995143 ) ;
#1307 = CALENDAR_DATE ( 2025, 3, 12 ) ;
#1308 = VERTEX_POINT ( 'NONE', #1007 ) ;
#1309 = CARTESIAN_POINT ( 'NONE',  ( 5.277227223155973590, -8.777227223155973590, 0.5441089185457710364 ) ) ;
#1310 = ORIENTED_EDGE ( 'NONE', *, *, #665, .T. ) ;
#1311 = DIRECTION ( 'NONE',  ( -1.000000000000000000, 0.000000000000000000, 0.000000000000000000 ) ) ;
#1312 = PERSON_AND_ORGANIZATION ( #746, #660 ) ;
#1313 = ADVANCED_FACE ( 'NONE', ( #448 ), #1344, .T. ) ;
#1314 = ORIENTED_EDGE ( 'NONE', *, *, #1398, .T. ) ;
#1315 = CARTESIAN_POINT ( 'NONE',  ( 5.250805760996229310, -8.688708641494276463, 0.6086377405028026155 ) ) ;
#1316 = EDGE_LOOP ( 'NONE', ( #288, #890, #1298, #579 ) ) ;
#1317 = ORIENTED_EDGE ( 'NONE', *, *, #653, .T. ) ;
#1318 = DIRECTION ( 'NONE',  ( 0.000000000000000000, -1.000000000000000000, 0.000000000000000000 ) ) ;
#1319 = EDGE_CURVE ( 'NONE', #1369, #1112, #763, .T. ) ;
#1320 = EDGE_CURVE ( 'NONE', #1211, #257, #712, .T. ) ;
#1321 = DATE_TIME_ROLE ( 'creation_date' ) ;
#1322 = EDGE_LOOP ( 'NONE', ( #1317, #88, #739, #112 ) ) ;
#1323 = CARTESIAN_POINT ( 'NONE',  ( -5.374999999999999112, -8.875000000000000000, 0.1250000000000000000 ) ) ;
#1324 = AXIS2_PLACEMENT_3D ( 'NONE', #1290, #158, #1278 ) ;
#1325 = ADVANCED_FACE ( 'NONE', ( #722 ), #272, .T. ) ;
#1326 = EDGE_LOOP ( 'NONE', ( #423, #415, #749, #136 ) ) ;
#1327 = CALENDAR_DATE ( 2025, 3, 12 ) ;
#1328 = CARTESIAN_POINT ( 'NONE',  ( 5.188708641494276463, 8.750805760996231086, 0.6086377405028026155 ) ) ;
#1329 = EDGE_LOOP ( 'NONE', ( #790, #1300, #1099, #873 ) ) ;
#1330 = CARTESIAN_POINT ( 'NONE',  ( -5.374999999999998224, -9.000000000000000000, 0.5000000000000000000 ) ) ;
#1331 = CARTESIAN_POINT ( 'NONE',  ( -5.333666445150121227, -8.833666445150118562, 0.5051739487220752167 ) ) ;
#1332 = ORIENTED_EDGE ( 'NONE', *, *, #577, .F. ) ;
#1333 = ADVANCED_FACE ( 'NONE', ( #380 ), #287, .T. ) ;
#1334 = AXIS2_PLACEMENT_3D ( 'NONE', #1377, #151, #941 ) ;
#1335 = CARTESIAN_POINT ( 'NONE',  ( 5.312356165701597632, 8.781034248552424870, 0.5165210501417876188 ) ) ;
#1336 = DIRECTION ( 'NONE',  ( -0.000000000000000000, 0.000000000000000000, 1.000000000000000000 ) ) ;
#1337 = FACE_OUTER_BOUND ( 'NONE', #996, .T. ) ;
#1338 =( BOUNDED_CURVE ( )  B_SPLINE_CURVE ( 3, ( #607, #1284, #1063, #397 ),
 .UNSPECIFIED., .F., .T. ) 
 B_SPLINE_CURVE_WITH_KNOTS ( ( 4, 4 ),
 ( 1.570796326794903441, 3.141592653589793116 ),
 .UNSPECIFIED. ) 
 CURVE ( )  GEOMETRIC_REPRESENTATION_ITEM ( )  RATIONAL_B_SPLINE_CURVE ( ( 1.000000000000000000, 0.8047378541243667138, 0.8047378541243667138, 1.000000000000000000 ) ) 
 REPRESENTATION_ITEM ( '' )  );
#1339 = CARTESIAN_POINT ( 'NONE',  ( 5.374999999999999112, -8.875000000000000000, 0.3749999999999999445 ) ) ;
#1340 = VERTEX_POINT ( 'NONE', #1161 ) ;
#1341 = CARTESIAN_POINT ( 'NONE',  ( -5.319606099234011509, 8.791909148851031475, 0.5126458799334733252 ) ) ;
#1342 = CARTESIAN_POINT ( 'NONE',  ( 5.206468819888799615, 8.762645879925822001, 0.5696060992524858424 ) ) ;
#1343 = EDGE_CURVE ( 'NONE', #430, #545, #1134, .T. ) ;
#1344 = CYLINDRICAL_SURFACE ( 'NONE', #1248, 0.1250000000000000000 ) ;
#1345 = CARTESIAN_POINT ( 'NONE',  ( 5.265165042944954799, 8.801776695296640085, 0.5000000000000009992 ) ) ;
#1346 = CARTESIAN_POINT ( 'NONE',  ( -5.375000000000000888, -8.875000000000000000, 0.5000000000000001110 ) ) ;
#1347 = ORIENTED_EDGE ( 'NONE', *, *, #955, .F. ) ;
#1348 = VECTOR ( 'NONE', #1118, 39.37007874015748143 ) ;
#1349 = CARTESIAN_POINT ( 'NONE',  ( 5.187500000000000000, -8.750000000000001776, 0.5517766952966374205 ) ) ;
#1350 = CARTESIAN_POINT ( 'NONE',  ( -5.256384236946358257, 8.697076355419468996, 0.5847230426562421979 ) ) ;
#1351 = CARTESIAN_POINT ( 'NONE',  ( 5.298751276043502045, 8.760626914065227311, 0.5256115467825762666 ) ) ;
#1352 = DIRECTION ( 'NONE',  ( -1.000000000000000000, 0.000000000000000000, 0.000000000000000000 ) ) ;
#1353 = CIRCLE ( 'NONE', #299, 0.1250000000000000000 ) ;
#1354 = AXIS2_PLACEMENT_3D ( 'NONE', #269, #875, #984 ) ;
#1355 = DIRECTION ( 'NONE',  ( -0.000000000000000000, 0.000000000000000000, -1.000000000000000000 ) ) ;
#1356 = CARTESIAN_POINT ( 'NONE',  ( -5.281034248552423094, -8.812356165701597632, 0.5165210501417876188 ) ) ;
#1357 = CARTESIAN_POINT ( 'NONE',  ( -5.206468819888799615, 8.762645879925822001, 0.5696060992524858424 ) ) ;
#1358 = CARTESIAN_POINT ( 'NONE',  ( 5.250352461725570130, 8.750352461725571018, 0.6070977857932302602 ) ) ;
#1359 = UNCERTAINTY_MEASURE_WITH_UNIT (LENGTH_MEASURE( 1.000000000000000082E-05 ), #614, 'distance_accuracy_value', 'NONE');
#1360 = DIRECTION ( 'NONE',  ( -1.000000000000000000, 0.000000000000000000, 0.000000000000000000 ) ) ;
#1361 = CARTESIAN_POINT ( 'NONE',  ( -5.261982590104585356, -8.761982590104773649, 0.5666081254852088911 ) ) ;
#1362 = ADVANCED_FACE ( 'NONE', ( #930 ), #826, .T. ) ;
#1363 = CARTESIAN_POINT ( 'NONE',  ( -5.187500000000000000, -8.750000000000001776, 0.5517766952966374205 ) ) ;
#1364 = DIRECTION ( 'NONE',  ( -1.000000000000000000, 0.000000000000000000, 0.000000000000000000 ) ) ;
#1365 = LINE ( 'NONE', #42, #843 ) ;
#1366 = SPHERICAL_SURFACE ( 'NONE', #1287, 0.1250000000000000000 ) ;
#1367 = DIRECTION ( 'NONE',  ( -1.000000000000000000, 0.000000000000000000, 0.000000000000000000 ) ) ;
#1368 = LINE ( 'NONE', #367, #580 ) ;
#1369 = VERTEX_POINT ( 'NONE', #1402 ) ;
#1370 = EDGE_CURVE ( 'NONE', #1078, #942, #102, .T. ) ;
#1371 = DIRECTION ( 'NONE',  ( 0.000000000000000000, 0.000000000000000000, -1.000000000000000000 ) ) ;
#1372 = DIRECTION ( 'NONE',  ( -1.000000000000000000, 0.000000000000000000, 0.000000000000000000 ) ) ;
#1373 = CARTESIAN_POINT ( 'NONE',  ( 5.250000000000000000, 8.687500000000001776, 0.6250000000000000000 ) ) ;
#1374 = CARTESIAN_POINT ( 'NONE',  ( 0.000000000000000000, 8.875000000000000000, 0.3749999999999999445 ) ) ;
#1375 = AXIS2_PLACEMENT_3D ( 'NONE', #1012, #1364, #13 ) ;
#1376 = DIRECTION ( 'NONE',  ( 0.000000000000000000, 0.000000000000000000, -1.000000000000000000 ) ) ;
#1377 = CARTESIAN_POINT ( 'NONE',  ( -5.187500000000000000, 8.687500000000001776, 1.937500000000000000 ) ) ;
#1378 = ORIENTED_EDGE ( 'NONE', *, *, #910, .T. ) ;
#1379 = CARTESIAN_POINT ( 'NONE',  ( 5.374999999999999112, 8.875000000000000000, 0.1250000000000000278 ) ) ;
#1380 = CYLINDRICAL_SURFACE ( 'NONE', #1396, 0.1250000000000000278 ) ;
#1381 = CARTESIAN_POINT ( 'NONE',  ( 5.249999999999660716, 8.750000000000170530, 0.6209240151575809996 ) ) ;
#1382 = CARTESIAN_POINT ( 'NONE',  ( -5.500000000000000000, 8.875000000000000000, 0.5000000000000000000 ) ) ;
#1383 = CARTESIAN_POINT ( 'NONE',  ( -5.250000000000000888, 8.750000000000001776, 0.6250000000000001110 ) ) ;
#1384 = DIRECTION ( 'NONE',  ( 0.000000000000000000, 0.000000000000000000, -1.000000000000000000 ) ) ;
#1385 = ORIENTED_EDGE ( 'NONE', *, *, #1060, .F. ) ;
#1386 = DIRECTION ( 'NONE',  ( 0.000000000000000000, 0.000000000000000000, -1.000000000000000000 ) ) ;
#1387 = FACE_OUTER_BOUND ( 'NONE', #633, .T. ) ;
#1388 = EDGE_LOOP ( 'NONE', ( #970, #478, #1120, #859 ) ) ;
#1389 = DIRECTION ( 'NONE',  ( -0.000000000000000000, -0.000000000000000000, 1.000000000000000000 ) ) ;
#1390 = EDGE_CURVE ( 'NONE', #630, #942, #688, .T. ) ;
#1391 = CARTESIAN_POINT ( 'NONE',  ( 5.500000000000000000, -9.000000000000000000, 0.5000000000000000000 ) ) ;
#1392 = CARTESIAN_POINT ( 'NONE',  ( 5.250000000000000000, -8.687500000000000000, 1.937500000000000000 ) ) ;
#1393 = VERTEX_POINT ( 'NONE', #497 ) ;
#1394 = DIRECTION ( 'NONE',  ( -8.741913579725640721E-15, 0.000000000000000000, 1.000000000000000000 ) ) ;
#1395 = LOCAL_TIME ( 15, 57, 28.00000000000000000, #991 ) ;
#1396 = AXIS2_PLACEMENT_3D ( 'NONE', #396, #60, #507 ) ;
#1397 = SPHERICAL_SURFACE ( 'NONE', #528, 0.06250000000000000000 ) ;
#1398 = EDGE_CURVE ( 'NONE', #323, #1308, #1338, .T. ) ;
#1399 = LINE ( 'NONE', #267, #1092 ) ;
#1400 = AXIS2_PLACEMENT_3D ( 'NONE', #572, #1135, #22 ) ;
#1401 = FACE_OUTER_BOUND ( 'NONE', #645, .T. ) ;
#1402 = CARTESIAN_POINT ( 'NONE',  ( -5.374999999999999112, 8.875000000000000000, 0.5000000000000000000 ) ) ;
#1403 = ORIENTED_EDGE ( 'NONE', *, *, #230, .F. ) ;
#1404 = DIRECTION ( 'NONE',  ( -0.000000000000000000, 0.000000000000000000, -1.000000000000000000 ) ) ;
#1405 = CARTESIAN_POINT ( 'NONE',  ( 5.358634588199787885, -8.850451882300886197, 0.5000000000000001110 ) ) ;
#1406 = VECTOR ( 'NONE', #473, 39.37007874015748143 ) ;
#1407 = ORIENTED_EDGE ( 'NONE', *, *, #1071, .F. ) ;
#1408 = ORIENTED_EDGE ( 'NONE', *, *, #226, .F. ) ;
#1409 = AXIS2_PLACEMENT_3D ( 'NONE', #388, #1046, #810 ) ;
#1410 = CARTESIAN_POINT ( 'NONE',  ( 5.212281575221294538, -8.766521050147568772, 0.5623561656929454422 ) ) ;
#1411 = VERTEX_POINT ( 'NONE', #176 ) ;
#1412 = DIRECTION ( 'NONE',  ( -0.000000000000000000, 1.000000000000000000, -0.000000000000000000 ) ) ;
#1413 = APPLICATION_PROTOCOL_DEFINITION ( 'international standard', 'config_control_design', 1994, #356 ) ;
#1414 = AXIS2_PLACEMENT_3D ( 'NONE', #939, #591, #378 ) ;
#1415 = APPROVAL_PERSON_ORGANIZATION ( #1312, #861, #294 ) ;
#1416 = VERTEX_POINT ( 'NONE', #618 ) ;
#1417 = CARTESIAN_POINT ( 'NONE',  ( 5.251094984223571238, -8.792396656149092493, 0.5308266485542725288 ) ) ;
#1418 = ORIENTED_EDGE ( 'NONE', *, *, #1065, .F. ) ;
#1419 = DIRECTION ( 'NONE',  ( 0.000000000000000000, 0.000000000000000000, -1.000000000000000000 ) ) ;
#1420 = AXIS2_PLACEMENT_3D ( 'NONE', #502, #832, #386 ) ;
#1421 = EDGE_CURVE ( 'NONE', #317, #1112, #1077, .T. ) ;
#1422 = PERSON_AND_ORGANIZATION_ROLE ( 'classification_officer' ) ;
#1423 = ORIENTED_EDGE ( 'NONE', *, *, #130, .F. ) ;
#1424 = CARTESIAN_POINT ( 'NONE',  ( 5.193496878354512347, -8.753997918902964415, 0.5925896789931656139 ) ) ;
#1425 = EDGE_CURVE ( 'NONE', #1211, #1369, #883, .T. ) ;
#1426 = VERTEX_POINT ( 'NONE', #503 ) ;
#1427 = ORIENTED_EDGE ( 'NONE', *, *, #1222, .F. ) ;
#1428 = SPHERICAL_SURFACE ( 'NONE', #86, 0.1250000000000000000 ) ;
#1429 = DIRECTION ( 'NONE',  ( 1.000000000000000000, 0.000000000000000000, 0.000000000000000000 ) ) ;
#1430 = VERTEX_POINT ( 'NONE', #61 ) ;
#1431 = CARTESIAN_POINT ( 'NONE',  ( 5.233739972831474851, -8.780826648554272751, 0.5423966561490904947 ) ) ;
#1432 = ORIENTED_EDGE ( 'NONE', *, *, #342, .F. ) ;
#1433 = AXIS2_PLACEMENT_3D ( 'NONE', #918, #1033, #227 ) ;
#1434 = ORIENTED_EDGE ( 'NONE', *, *, #1252, .T. ) ;
#1435 = ORIENTED_EDGE ( 'NONE', *, *, #189, .F. ) ;
#1436 = ADVANCED_FACE ( 'NONE', ( #265 ), #842, .T. ) ;
#1437 =( BOUNDED_CURVE ( )  B_SPLINE_CURVE ( 3, ( #1014, #463, #337, #365 ),
 .UNSPECIFIED., .F., .T. ) 
 B_SPLINE_CURVE_WITH_KNOTS ( ( 4, 4 ),
 ( 3.141592653589793116, 4.712388980384679016 ),
 .UNSPECIFIED. ) 
 CURVE ( )  GEOMETRIC_REPRESENTATION_ITEM ( )  RATIONAL_B_SPLINE_CURVE ( ( 1.000000000000000000, 0.8047378541243676020, 0.8047378541243676020, 1.000000000000000000 ) ) 
 REPRESENTATION_ITEM ( '' )  );
#1438 = DIRECTION ( 'NONE',  ( 0.000000000000000000, 0.000000000000000000, -1.000000000000000000 ) ) ;
#1439 = ORIENTED_EDGE ( 'NONE', *, *, #359, .T. ) ;
#1440 = AXIS2_PLACEMENT_3D ( 'NONE', #58, #1404, #1285 ) ;
#1441 = DIRECTION ( 'NONE',  ( 0.000000000000000000, 0.000000000000000000, -1.000000000000000000 ) ) ;
#1442 = DIRECTION ( 'NONE',  ( -1.000000000000000000, -0.000000000000000000, -0.000000000000000000 ) ) ;
#1443 = CARTESIAN_POINT ( 'NONE',  ( -5.250000000000000000, -8.750000000000000000, 0.6250000000000000000 ) ) ;
#1444 = EDGE_LOOP ( 'NONE', ( #634, #407, #643, #203 ) ) ;
#1445 = EDGE_CURVE ( 'NONE', #1308, #509, #1262, .T. ) ;
#1446 = CARTESIAN_POINT ( 'NONE',  ( -5.212281575221294538, 8.766521050147568772, 0.5623561656929456642 ) ) ;
#1447 = CARTESIAN_POINT ( 'NONE',  ( 5.253997918902964415, 8.693496878354514124, 0.5925896789931656139 ) ) ;
#1448 = DIRECTION ( 'NONE',  ( 1.000000000000000000, 0.000000000000000000, 0.000000000000000000 ) ) ;
ENDSEC;
END-ISO-10303-21;
