ISO-10303-21;
HEADER;
FILE_DESCRIPTION (( 'STEP AP203' ),
    '1' );
FILE_NAME ('rocker-arm-support.step',
    '2025-12-04T02:28:40',
    ( '' ),
    ( '' ),
    'SwSTEP 2.0',
    'SolidWorks 2025',
    '' );
FILE_SCHEMA (( 'CONFIG_CONTROL_DESIGN' ));
ENDSEC;

DATA;
#1 = ORIENTED_EDGE ( 'NONE', *, *, #277, .T. ) ;
#2 = CARTESIAN_POINT ( 'NONE',  ( 1.086309523809523725, 2.500000000000000000, 1.375000000000000000 ) ) ;
#3 = ORIENTED_EDGE ( 'NONE', *, *, #611, .T. ) ;
#4 = FACE_OUTER_BOUND ( 'NONE', #1242, .T. ) ;
#5 = CARTESIAN_POINT ( 'NONE',  ( 0.9724793512108631521, 2.437952372483980223, 1.265776701429878193 ) ) ;
#6 = CARTESIAN_POINT ( 'NONE',  ( -0.3333333333333333148, -3.500000000000000000, 6.874999999999999112 ) ) ;
#7 = CARTESIAN_POINT ( 'NONE',  ( -0.9524423763870619730, -2.496746584558013460, 1.342281514393464104 ) ) ;
#8 = DATE_AND_TIME ( #479, #1455 ) ;
#9 = ADVANCED_FACE ( 'NONE', ( #468 ), #1395, .F. ) ;
#10 = DIRECTION ( 'NONE',  ( 1.000000000000000000, 0.000000000000000000, 0.000000000000000000 ) ) ;
#11 = ADVANCED_FACE ( 'NONE', ( #150 ), #614, .F. ) ;
#12 = CARTESIAN_POINT ( 'NONE',  ( 0.3475769616315905752, -3.624999999999999556, 6.891230474813307971 ) ) ;
#13 = EDGE_LOOP ( 'NONE', ( #318, #1743, #153, #1408 ) ) ;
#14 = DIRECTION ( 'NONE',  ( 0.000000000000000000, 1.000000000000000000, 0.000000000000000000 ) ) ;
#15 = EDGE_CURVE ( 'NONE', #924, #989, #434, .T. ) ;
#16 = ORIENTED_EDGE ( 'NONE', *, *, #747, .T. ) ;
#17 = ADVANCED_FACE ( 'NONE', ( #1222 ), #632, .T. ) ;
#18 = CARTESIAN_POINT ( 'NONE',  ( 0.3218494396806064750, 2.625000000000000000, 6.125000000000000000 ) ) ;
#19 = CIRCLE ( 'NONE', #1011, 0.1250000000000004441 ) ;
#20 = CARTESIAN_POINT ( 'NONE',  ( 1.100553152107780930, 2.375000000000000000, 1.141230474813308859 ) ) ;
#21 = CARTESIAN_POINT ( 'NONE',  ( 0.9438732492044160649, 2.500000000000000000, 1.375000000000000000 ) ) ;
#22 = CARTESIAN_POINT ( 'NONE',  ( 1.107563725394892673, -3.500000000000000000, 0.1250000000000004163 ) ) ;
#23 = PERSON_AND_ORGANIZATION_ROLE ( 'creator' ) ;
#24 = CARTESIAN_POINT ( 'NONE',  ( 0.2236351539663215260, -3.624999999999999556, 7.000000000000000000 ) ) ;
#25 = CARTESIAN_POINT ( 'NONE',  ( -1.250000000000000000, -2.500000000000000000, 1.250000000000000000 ) ) ;
#26 = ADVANCED_FACE ( 'NONE', ( #623 ), #1085, .T. ) ;
#27 = ORIENTED_EDGE ( 'NONE', *, *, #1419, .T. ) ;
#28 = CARTESIAN_POINT ( 'NONE',  ( 0.4171851453393734532, 2.500904744968003079, 6.359677071953873551 ) ) ;
#29 = ORIENTED_EDGE ( 'NONE', *, *, #44, .T. ) ;
#30 = DIRECTION ( 'NONE',  ( -1.000000000000000000, 0.000000000000000000, 0.000000000000000000 ) ) ;
#31 = AXIS2_PLACEMENT_3D ( 'NONE', #1107, #1437, #976 ) ;
#32 = AXIS2_PLACEMENT_3D ( 'NONE', #1930, #1311, #687 ) ;
#33 = DIRECTION ( 'NONE',  ( 0.1298437985064722633, 4.256562245275840773E-16, -0.9915344613221523939 ) ) ;
#34 = PERSON_AND_ORGANIZATION ( #1396, #157 ) ;
#35 = FACE_OUTER_BOUND ( 'NONE', #1191, .T. ) ;
#36 = CIRCLE ( 'NONE', #342, 0.1250000000000000000 ) ;
#37 = CARTESIAN_POINT ( 'NONE',  ( 0.4339394411137329488, -2.442686588867176933, 6.231735176949610100 ) ) ;
#38 = ORIENTED_EDGE ( 'NONE', *, *, #1351, .T. ) ;
#39 = CARTESIAN_POINT ( 'NONE',  ( 0.4330367896978128961, 2.429723396233013144, 6.238628151399134403 ) ) ;
#40 = EDGE_LOOP ( 'NONE', ( #1660, #1275, #555, #1503 ) ) ;
#41 = CYLINDRICAL_SURFACE ( 'NONE', #311, 0.1562500000000000000 ) ;
#42 = CARTESIAN_POINT ( 'NONE',  ( 1.076652947342993327, 2.491075872935246682, 1.323741129381375226 ) ) ;
#43 = LINE ( 'NONE', #310, #1273 ) ;
#44 = EDGE_CURVE ( 'NONE', #766, #1813, #138, .T. ) ;
#45 = FACE_OUTER_BOUND ( 'NONE', #13, .T. ) ;
#46 = CARTESIAN_POINT ( 'NONE',  ( -0.9438732492044168421, -2.500000000000000000, 1.375000000000000000 ) ) ;
#47 = ORIENTED_EDGE ( 'NONE', *, *, #1493, .T. ) ;
#48 = CARTESIAN_POINT ( 'NONE',  ( 1.083785430748096745, -2.444495228194155878, 1.269274892469576921 ) ) ;
#49 = ORIENTED_EDGE ( 'NONE', *, *, #100, .T. ) ;
#50 = ADVANCED_FACE ( 'NONE', ( #1838 ), #1026, .T. ) ;
#51 = LINE ( 'NONE', #852, #864 ) ;
#52 = AXIS2_PLACEMENT_3D ( 'NONE', #651, #166, #1864 ) ;
#53 = CARTESIAN_POINT ( 'NONE',  ( 0.3218494396806071411, -2.625000000000000000, 6.125000000000000000 ) ) ;
#54 = CARTESIAN_POINT ( 'NONE',  ( 0.4318386819772395135, -2.402806905269460280, 6.247777337627947070 ) ) ;
#55 = CIRCLE ( 'NONE', #398, 0.1250000000000000000 ) ;
#56 = ORIENTED_EDGE ( 'NONE', *, *, #88, .F. ) ;
#57 = LINE ( 'NONE', #1127, #943 ) ;
#58 = ORIENTED_EDGE ( 'NONE', *, *, #373, .F. ) ;
#59 = CARTESIAN_POINT ( 'NONE',  ( 0.1562500000000000000, 1.250000000000000000, 0.3749999999999999445 ) ) ;
#60 = CARTESIAN_POINT ( 'NONE',  ( -0.2956698704478561979, 2.451818340044303213, 6.224958355252335096 ) ) ;
#61 = CARTESIAN_POINT ( 'NONE',  ( -1.067815056869685808, 2.625000000000000000, 1.391230474813309081 ) ) ;
#62 = DIRECTION ( 'NONE',  ( -0.000000000000000000, -0.000000000000000000, -1.000000000000000000 ) ) ;
#63 = ORIENTED_EDGE ( 'NONE', *, *, #1328, .F. ) ;
#64 = CIRCLE ( 'NONE', #1931, 0.03125000000000000694 ) ;
#65 = DIRECTION ( 'NONE',  ( -5.463695987328506715E-16, 0.000000000000000000, -1.000000000000000000 ) ) ;
#66 = ORIENTED_EDGE ( 'NONE', *, *, #1876, .F. ) ;
#67 = AXIS2_PLACEMENT_3D ( 'NONE', #717, #544, #1638 ) ;
#68 =( BOUNDED_CURVE ( )  B_SPLINE_CURVE ( 3, ( #735, #406, #893, #1356 ),
 .UNSPECIFIED., .F., .F. ) 
 B_SPLINE_CURVE_WITH_KNOTS ( ( 4, 4 ),
 ( 1.570796326794896780, 3.141592653589793116 ),
 .UNSPECIFIED. ) 
 CURVE ( )  GEOMETRIC_REPRESENTATION_ITEM ( )  RATIONAL_B_SPLINE_CURVE ( ( 1.000000000000000000, 0.8047378541243650485, 0.8047378541243650485, 1.000000000000000000 ) ) 
 REPRESENTATION_ITEM ( '' )  );
#69 = DIRECTION ( 'NONE',  ( 0.000000000000000000, 0.000000000000000000, 1.000000000000000000 ) ) ;
#70 = CARTESIAN_POINT ( 'NONE',  ( -1.250000000000000000, -3.500000000000000000, 0.000000000000000000 ) ) ;
#71 = CARTESIAN_POINT ( 'NONE',  ( 1.107563725394892895, 3.500000000000000000, 0.1250000000000000000 ) ) ;
#72 = EDGE_CURVE ( 'NONE', #1794, #346, #1237, .T. ) ;
#73 = CARTESIAN_POINT ( 'NONE',  ( 0.2891113444425258416, -2.391365411797869989, 6.249999999999999112 ) ) ;
#74 = EDGE_CURVE ( 'NONE', #528, #368, #1661, .T. ) ;
#75 = DIRECTION ( 'NONE',  ( 1.000000000000000000, 0.000000000000000000, 0.000000000000000000 ) ) ;
#76 = ORIENTED_EDGE ( 'NONE', *, *, #1140, .F. ) ;
#77 = FACE_OUTER_BOUND ( 'NONE', #828, .T. ) ;
#78 = VERTEX_POINT ( 'NONE', #481 ) ;
#79 = ADVANCED_FACE ( 'NONE', ( #1427 ), #829, .F. ) ;
#80 = CARTESIAN_POINT ( 'NONE',  ( 0.9438732492044163980, -2.500000000000000000, 1.375000000000000000 ) ) ;
#81 = ADVANCED_FACE ( 'NONE', ( #1597 ), #189, .F. ) ;
#82 = DIRECTION ( 'NONE',  ( -0.9915344613221521719, 0.000000000000000000, 0.1298437985064722910 ) ) ;
#83 = AXIS2_PLACEMENT_3D ( 'NONE', #443, #1061, #810 ) ;
#84 = DIRECTION ( 'NONE',  ( -0.000000000000000000, -1.000000000000000000, -0.000000000000000000 ) ) ;
#85 = CARTESIAN_POINT ( 'NONE',  ( 0.000000000000000000, 1.250000000000000000, 0.3749999999999999445 ) ) ;
#86 = DIRECTION ( 'NONE',  ( 0.000000000000000000, 1.000000000000000000, -0.000000000000000000 ) ) ;
#87 = CARTESIAN_POINT ( 'NONE',  ( -0.03125000000000000694, 1.250000000000000000, 0.5000000000000000000 ) ) ;
#88 = EDGE_CURVE ( 'NONE', #741, #1642, #1045, .T. ) ;
#89 = CC_DESIGN_APPROVAL ( #1271, ( #877 ) ) ;
#90 = ORIENTED_EDGE ( 'NONE', *, *, #284, .T. ) ;
#91 = ORIENTED_EDGE ( 'NONE', *, *, #1922, .T. ) ;
#92 = CARTESIAN_POINT ( 'NONE',  ( -0.4130531521077798751, 2.407730823595814584, 6.391230474813315965 ) ) ;
#93 = CARTESIAN_POINT ( 'NONE',  ( 0.4266137151616615775, -2.625000000000000444, 6.287677084220034907 ) ) ;
#94 = CIRCLE ( 'NONE', #1347, 0.1250000000000000000 ) ;
#95 = FACE_OUTER_BOUND ( 'NONE', #1235, .T. ) ;
#96 = CARTESIAN_POINT ( 'NONE',  ( 0.000000000000000000, -1.250000000000000000, 0.5000000000000000000 ) ) ;
#97 = EDGE_LOOP ( 'NONE', ( #1285, #1, #667, #1183 ) ) ;
#98 = CARTESIAN_POINT ( 'NONE',  ( 0.000000000000000000, -1.250000000000000000, 0.5000000000000000000 ) ) ;
#99 = ORIENTED_EDGE ( 'NONE', *, *, #1156, .T. ) ;
#100 = EDGE_CURVE ( 'NONE', #1732, #1848, #1317, .T. ) ;
#101 = CARTESIAN_POINT ( 'NONE',  ( -0.3218494396806070856, 2.500000000000000000, 6.125000000000000000 ) ) ;
#102 = DIRECTION ( 'NONE',  ( 0.000000000000000000, 0.000000000000000000, -1.000000000000000000 ) ) ;
#103 = LINE ( 'NONE', #1179, #1980 ) ;
#104 = ORIENTED_EDGE ( 'NONE', *, *, #1392, .T. ) ;
#105 = FACE_OUTER_BOUND ( 'NONE', #268, .T. ) ;
#106 = ORIENTED_EDGE ( 'NONE', *, *, #489, .F. ) ;
#107 = CARTESIAN_POINT ( 'NONE',  ( -0.9766113444425118528, -2.500000000000000000, 1.250000000000000000 ) ) ;
#108 = EDGE_CURVE ( 'NONE', #357, #397, #1345, .T. ) ;
#109 = FACE_OUTER_BOUND ( 'NONE', #151, .T. ) ;
#110 = CARTESIAN_POINT ( 'NONE',  ( 0.9623677161442544259, -2.500000000000000000, 1.233769525186690919 ) ) ;
#111 = DIRECTION ( 'NONE',  ( -0.9915344613221521719, 0.000000000000000000, 0.1298437985064722633 ) ) ;
#112 = AXIS2_PLACEMENT_3D ( 'NONE', #653, #188, #1124 ) ;
#113 = DIRECTION ( 'NONE',  ( -1.000000000000000000, 0.000000000000000000, 0.000000000000000000 ) ) ;
#114 = ORIENTED_EDGE ( 'NONE', *, *, #1073, .F. ) ;
#115 = CARTESIAN_POINT ( 'NONE',  ( -1.107563725394892451, 3.500000000000000000, 0.1250000000000000000 ) ) ;
#116 = VERTEX_POINT ( 'NONE', #1576 ) ;
#117 = DIRECTION ( 'NONE',  ( 0.000000000000000000, 1.000000000000000000, 0.000000000000000000 ) ) ;
#118 = FACE_OUTER_BOUND ( 'NONE', #1649, .T. ) ;
#119 = CARTESIAN_POINT ( 'NONE',  ( 0.4130531521077806523, 2.521446609406726491, 6.391230474813308859 ) ) ;
#120 = CARTESIAN_POINT ( 'NONE',  ( -0.4171851453393735643, -2.500904744968003079, 6.359677071953873551 ) ) ;
#121 = VERTEX_POINT ( 'NONE', #1262 ) ;
#122 = AXIS2_PLACEMENT_3D ( 'NONE', #98, #69, #849 ) ;
#123 = CARTESIAN_POINT ( 'NONE',  ( 0.2236351539663214427, 3.624999999999999556, 6.874999999999999112 ) ) ;
#124 = CIRCLE ( 'NONE', #1636, 0.1249999999999999029 ) ;
#125 = AXIS2_PLACEMENT_3D ( 'NONE', #1476, #102, #1782 ) ;
#126 = CARTESIAN_POINT ( 'NONE',  ( -0.9603607753313903039, -2.484223298569809391, 1.312047627515263271 ) ) ;
#127 = CARTESIAN_POINT ( 'NONE',  ( -0.3218494396806070856, -2.625000000000000000, 6.125000000000000000 ) ) ;
#128 = ADVANCED_FACE ( 'NONE', ( #364 ), #1607, .T. ) ;
#129 = VERTEX_POINT ( 'NONE', #1274 ) ;
#130 = CARTESIAN_POINT ( 'NONE',  ( 0.000000000000000000, 3.624999999999999556, 0.000000000000000000 ) ) ;
#131 = ORIENTED_EDGE ( 'NONE', *, *, #218, .T. ) ;
#132 = ADVANCED_FACE ( 'NONE', ( #1906 ), #1313, .T. ) ;
#133 = CARTESIAN_POINT ( 'NONE',  ( -0.9766113444425118528, -2.375000000000000000, 1.125000000000000000 ) ) ;
#134 = ADVANCED_FACE ( 'NONE', ( #118, #1022 ), #880, .T. ) ;
#135 = CARTESIAN_POINT ( 'NONE',  ( -0.9766113444423416556, -2.391365411797898410, 1.249999999999999778 ) ) ;
#136 = CIRCLE ( 'NONE', #1592, 0.2812500000000000000 ) ;
#137 = CARTESIAN_POINT ( 'NONE',  ( 0.3475769616315905752, 3.500000000000000000, 6.891230474813307971 ) ) ;
#138 = LINE ( 'NONE', #1062, #1153 ) ;
#139 = CC_DESIGN_SECURITY_CLASSIFICATION ( #1105, ( #877 ) ) ;
#140 = ORIENTED_EDGE ( 'NONE', *, *, #1474, .F. ) ;
#141 = CIRCLE ( 'NONE', #1106, 0.2812500000000000000 ) ;
#142 = DIRECTION ( 'NONE',  ( -0.000000000000000000, -0.000000000000000000, -1.000000000000000000 ) ) ;
#143 = EDGE_LOOP ( 'NONE', ( #1172, #591, #1826, #694 ) ) ;
#144 = FACE_OUTER_BOUND ( 'NONE', #968, .T. ) ;
#145 = CARTESIAN_POINT ( 'NONE',  ( 0.9524423763870675241, 2.496746584558011683, 1.342281514393459441 ) ) ;
#146 = CARTESIAN_POINT ( 'NONE',  ( 0.1562500000000000000, 1.250000000000000000, 0.5000000000000000000 ) ) ;
#147 = CARTESIAN_POINT ( 'NONE',  ( -1.085779944010177411, -2.411518787317109336, 1.254044063923082541 ) ) ;
#148 = DIRECTION ( 'NONE',  ( 0.000000000000000000, 0.000000000000000000, 1.000000000000000000 ) ) ;
#149 = FACE_OUTER_BOUND ( 'NONE', #1074, .T. ) ;
#150 = FACE_OUTER_BOUND ( 'NONE', #913, .T. ) ;
#151 = EDGE_LOOP ( 'NONE', ( #427, #47, #1364, #1378 ) ) ;
#152 = CARTESIAN_POINT ( 'NONE',  ( 0.4363880719696334176, 2.466064124693970960, 6.213036541322858319 ) ) ;
#153 = ORIENTED_EDGE ( 'NONE', *, *, #486, .F. ) ;
#154 = DIRECTION ( 'NONE',  ( 0.9915344613221522829, 0.000000000000000000, 0.1298437985064722355 ) ) ;
#155 = FACE_OUTER_BOUND ( 'NONE', #380, .T. ) ;
#156 = VECTOR ( 'NONE', #725, 39.37007874015748143 ) ;
#157 = ORGANIZATION ( 'UNSPECIFIED', 'UNSPECIFIED', '' ) ;
#158 = CARTESIAN_POINT ( 'NONE',  ( -0.3026719074963928335, 2.500000000000000000, 6.198223304703363468 ) ) ;
#159 = DIRECTION ( 'NONE',  ( 1.000000000000000000, 0.000000000000000000, 0.000000000000000000 ) ) ;
#160 = ADVANCED_FACE ( 'NONE', ( #1943 ), #376, .T. ) ;
#161 = ORIENTED_EDGE ( 'NONE', *, *, #1472, .F. ) ;
#162 = ORIENTED_EDGE ( 'NONE', *, *, #567, .F. ) ;
#163 = CARTESIAN_POINT ( 'NONE',  ( 1.072101236150240000, -2.625000000000000444, 1.358499651216348303 ) ) ;
#164 = ORIENTED_EDGE ( 'NONE', *, *, #227, .F. ) ;
#165 = CARTESIAN_POINT ( 'NONE',  ( -1.067815056869685808, -2.625000000000000000, 1.391230474813309081 ) ) ;
#166 = DIRECTION ( 'NONE',  ( 0.000000000000000000, 0.000000000000000000, -1.000000000000000000 ) ) ;
#167 = EDGE_CURVE ( 'NONE', #1693, #766, #1166, .T. ) ;
#168 = CARTESIAN_POINT ( 'NONE',  ( 0.000000000000000000, -3.624999999999999556, 0.000000000000000000 ) ) ;
#169 = CARTESIAN_POINT ( 'NONE',  ( -0.2812500000000000000, 1.250000000000000000, 1.707404996040164512E-17 ) ) ;
#170 = DIRECTION ( 'NONE',  ( 0.000000000000000000, 0.000000000000000000, 1.000000000000000000 ) ) ;
#171 = AXIS2_PLACEMENT_3D ( 'NONE', #127, #1967, #1190 ) ;
#172 = ORIENTED_EDGE ( 'NONE', *, *, #15, .F. ) ;
#173 = CYLINDRICAL_SURFACE ( 'NONE', #1627, 0.1250000000000004441 ) ;
#174 = ORIENTED_EDGE ( 'NONE', *, *, #1644, .T. ) ;
#175 = CYLINDRICAL_SURFACE ( 'NONE', #1483, 0.1249999999999999306 ) ;
#176 = VECTOR ( 'NONE', #178, 39.37007874015748143 ) ;
#177 = CARTESIAN_POINT ( 'NONE',  ( 0.9757592594457327184, 2.407718485607292180, 1.253253415442300067 ) ) ;
#178 = DIRECTION ( 'NONE',  ( -0.1298437985064723466, -0.000000000000000000, -0.9915344613221522829 ) ) ;
#179 = DATE_TIME_ROLE ( 'classification_date' ) ;
#180 = DIRECTION ( 'NONE',  ( 0.000000000000000000, 0.000000000000000000, -1.000000000000000000 ) ) ;
#181 = DIRECTION ( 'NONE',  ( -0.000000000000000000, -1.000000000000000000, 0.000000000000000000 ) ) ;
#182 = EDGE_LOOP ( 'NONE', ( #174, #1800, #1549 ) ) ;
#183 = CARTESIAN_POINT ( 'NONE',  ( 0.4315476190474484830, 2.388914202529937914, 6.249999999999999112 ) ) ;
#184 = ORIENTED_EDGE ( 'NONE', *, *, #1267, .F. ) ;
#185 = CARTESIAN_POINT ( 'NONE',  ( 1.250000000000000000, 3.500000000000000444, 0.000000000000000000 ) ) ;
#186 = AXIS2_PLACEMENT_3D ( 'NONE', #262, #228, #1159 ) ;
#187 = LINE ( 'NONE', #146, #625 ) ;
#188 = DIRECTION ( 'NONE',  ( -0.000000000000000000, -1.000000000000000000, -0.000000000000000000 ) ) ;
#189 = CYLINDRICAL_SURFACE ( 'NONE', #274, 0.1250000000000004441 ) ;
#190 = EDGE_LOOP ( 'NONE', ( #1224, #455, #1792, #987 ) ) ;
#191 = CARTESIAN_POINT ( 'NONE',  ( 0.4379243289856127874, 2.476438131570406931, 6.201305124109697253 ) ) ;
#192 = ADVANCED_FACE ( 'NONE', ( #999 ), #1780, .T. ) ;
#193 = ORIENTED_EDGE ( 'NONE', *, *, #1500, .T. ) ;
#194 = CC_DESIGN_PERSON_AND_ORGANIZATION_ASSIGNMENT ( #630, #974, ( #877 ) ) ;
#195 = DIRECTION ( 'NONE',  ( -1.000000000000000000, 0.000000000000000000, 0.000000000000000000 ) ) ;
#196 = DIRECTION ( 'NONE',  ( -0.9915344613221523939, 0.000000000000000000, 0.1298437985064721800 ) ) ;
#197 = CARTESIAN_POINT ( 'NONE',  ( 0.3218494396806068636, -2.500000000000000444, 6.125000000000000000 ) ) ;
#198 = ORIENTED_EDGE ( 'NONE', *, *, #1513, .F. ) ;
#199 = CARTESIAN_POINT ( 'NONE',  ( -0.3218494396806070301, -2.500000000000000444, 6.125000000000000000 ) ) ;
#200 = ORIENTED_EDGE ( 'NONE', *, *, #567, .T. ) ;
#201 = SPHERICAL_SURFACE ( 'NONE', #1414, 0.1250000000000000000 ) ;
#202 = CARTESIAN_POINT ( 'NONE',  ( -0.4139052371045572332, 2.440436971214542616, 6.384723643928834846 ) ) ;
#203 = AXIS2_PLACEMENT_3D ( 'NONE', #1879, #1716, #324 ) ;
#204 = DIRECTION ( 'NONE',  ( -0.1298437985064722910, 0.000000000000000000, -0.9915344613221522829 ) ) ;
#205 = CARTESIAN_POINT ( 'NONE',  ( -1.250000000000000000, 2.375000000000000000, 6.125000000000000000 ) ) ;
#206 = EDGE_CURVE ( 'NONE', #1298, #1244, #1046, .T. ) ;
#207 = AXIS2_PLACEMENT_3D ( 'NONE', #821, #1903, #512 ) ;
#208 = ORIENTED_EDGE ( 'NONE', *, *, #1655, .F. ) ;
#209 = CARTESIAN_POINT ( 'NONE',  ( -0.3053619135536332352, -2.484223298569801397, 6.187952372484753383 ) ) ;
#210 = VERTEX_POINT ( 'NONE', #1465 ) ;
#211 = ADVANCED_BREP_SHAPE_REPRESENTATION ( 'rocker-arm-support', ( #617, #1807 ), #1290 ) ;
#212 = CARTESIAN_POINT ( 'NONE',  ( -0.9651274413245595207, 2.625000000000000000, 1.212695260173454193 ) ) ;
#213 = CARTESIAN_POINT ( 'NONE',  ( -0.4130531521077808188, 2.375000000000000000, 6.391230474813308859 ) ) ;
#214 = AXIS2_PLACEMENT_3D ( 'NONE', #343, #181, #797 ) ;
#215 = AXIS2_PLACEMENT_3D ( 'NONE', #1475, #707, #410 ) ;
#216 = EDGE_CURVE ( 'NONE', #1406, #790, #551, .T. ) ;
#217 = DIRECTION ( 'NONE',  ( 0.000000000000000000, 0.000000000000000000, 1.000000000000000000 ) ) ;
#218 = EDGE_CURVE ( 'NONE', #1578, #924, #870, .T. ) ;
#219 = ORIENTED_EDGE ( 'NONE', *, *, #429, .T. ) ;
#220 = CIRCLE ( 'NONE', #734, 0.1250000000000000000 ) ;
#221 = DIRECTION ( 'NONE',  ( 1.000000000000000000, 0.000000000000000000, -5.463695987328506715E-16 ) ) ;
#222 = EDGE_CURVE ( 'NONE', #1669, #248, #585, .T. ) ;
#223 = VERTEX_POINT ( 'NONE', #1622 ) ;
#224 = AXIS2_PLACEMENT_3D ( 'NONE', #1836, #1340, #148 ) ;
#225 = CARTESIAN_POINT ( 'NONE',  ( 1.067815056869685586, 2.625000000000000444, 1.391230474813309304 ) ) ;
#226 = CARTESIAN_POINT ( 'NONE',  ( -0.4318386819772115359, 2.402806905269469162, 6.247777337628401817 ) ) ;
#227 = EDGE_CURVE ( 'NONE', #448, #1693, #94, .T. ) ;
#228 = DIRECTION ( 'NONE',  ( 1.000000000000000000, -0.000000000000000000, -5.463695987328506715E-16 ) ) ;
#229 = CARTESIAN_POINT ( 'NONE',  ( 1.231505533060161861, -3.500000000000000000, 0.1412304748133094701 ) ) ;
#230 = CARTESIAN_POINT ( 'NONE',  ( 0.9724793512108631521, -2.437952372484020636, 1.265776701429895068 ) ) ;
#231 = ORIENTED_EDGE ( 'NONE', *, *, #1505, .F. ) ;
#232 = CARTESIAN_POINT ( 'NONE',  ( -0.4130531521077807633, -2.521446609406726491, 6.391230474813308859 ) ) ;
#233 = AXIS2_PLACEMENT_3D ( 'NONE', #1168, #709, #1974 ) ;
#234 = CARTESIAN_POINT ( 'NONE',  ( -1.107563725394892673, 3.500000000000000000, 0.1250000000000000278 ) ) ;
#235 = APPLICATION_CONTEXT ( 'configuration controlled 3d designs of mechanical parts and assemblies' ) ;
#236 = AXIS2_PLACEMENT_3D ( 'NONE', #807, #1423, #1079 ) ;
#237 = AXIS2_PLACEMENT_3D ( 'NONE', #1341, #285, #1199 ) ;
#238 = DIRECTION ( 'NONE',  ( 0.000000000000000000, 0.000000000000000000, -1.000000000000000000 ) ) ;
#239 = CARTESIAN_POINT ( 'NONE',  ( 0.000000000000000000, -1.250000000000000000, 0.1250000000000000278 ) ) ;
#240 = CARTESIAN_POINT ( 'NONE',  ( -1.107563725394893117, -3.624999999999999556, 0.1250000000000000000 ) ) ;
#241 = ORIENTED_EDGE ( 'NONE', *, *, #690, .F. ) ;
#242 = CARTESIAN_POINT ( 'NONE',  ( -0.3333333333333333148, 3.500000000000000444, 7.000000000000000000 ) ) ;
#243 = ORIENTED_EDGE ( 'NONE', *, *, #1286, .T. ) ;
#244 = EDGE_CURVE ( 'NONE', #1538, #78, #1014, .T. ) ;
#245 = CARTESIAN_POINT ( 'NONE',  ( -1.067815056869685808, 2.625000000000000000, 1.391230474813309081 ) ) ;
#246 = CARTESIAN_POINT ( 'NONE',  ( 0.4457912473458761626, -2.625000000000000000, 6.141230474813308859 ) ) ;
#247 = DIRECTION ( 'NONE',  ( -0.000000000000000000, -1.000000000000000000, -0.000000000000000000 ) ) ;
#248 = VERTEX_POINT ( 'NONE', #246 ) ;
#249 = CARTESIAN_POINT ( 'NONE',  ( -0.9438732492044166200, 2.625000000000000000, 1.375000000000000000 ) ) ;
#250 = ADVANCED_FACE ( 'NONE', ( #1339 ), #1329, .T. ) ;
#251 = CIRCLE ( 'NONE', #281, 0.1250000000000000278 ) ;
#252 = EDGE_LOOP ( 'NONE', ( #437, #492 ) ) ;
#253 = SPHERICAL_SURFACE ( 'NONE', #996, 0.1250000000000000000 ) ;
#254 = DIRECTION ( 'NONE',  ( 1.000000000000000000, 0.000000000000000000, 0.000000000000000000 ) ) ;
#255 = DIRECTION ( 'NONE',  ( 0.000000000000000000, 0.000000000000000000, 1.000000000000000000 ) ) ;
#256 = FACE_OUTER_BOUND ( 'NONE', #1263, .T. ) ;
#257 = CARTESIAN_POINT ( 'NONE',  ( 0.000000000000000000, -1.250000000000000000, 0.1250000000000000278 ) ) ;
#258 = ORIENTED_EDGE ( 'NONE', *, *, #1078, .T. ) ;
#259 = LINE ( 'NONE', #1201, #299 ) ;
#260 = ORIENTED_EDGE ( 'NONE', *, *, #409, .T. ) ;
#261 = DIRECTION ( 'NONE',  ( 0.000000000000000000, 0.000000000000000000, 1.000000000000000000 ) ) ;
#262 = CARTESIAN_POINT ( 'NONE',  ( -0.2236351539663214427, -3.500000000000000000, 6.874999999999999112 ) ) ;
#263 = MECHANICAL_CONTEXT ( 'NONE', #1927, 'mechanical' ) ;
#264 = CARTESIAN_POINT ( 'NONE',  ( 0.000000000000000000, 1.250000000000000000, 0.1250000000000000278 ) ) ;
#265 = VECTOR ( 'NONE', #1412, 39.37007874015748143 ) ;
#266 = EDGE_LOOP ( 'NONE', ( #1528, #1918, #1430, #1785 ) ) ;
#267 = CARTESIAN_POINT ( 'NONE',  ( 1.250000000000000000, -3.500000000000000000, -1.092739197465705287E-15 ) ) ;
#268 = EDGE_LOOP ( 'NONE', ( #571, #655, #1600, #1309 ) ) ;
#269 = DIRECTION ( 'NONE',  ( -0.000000000000000000, -1.000000000000000000, -0.000000000000000000 ) ) ;
#270 = ADVANCED_FACE ( 'NONE', ( #842 ), #1954, .T. ) ;
#271 = CARTESIAN_POINT ( 'NONE',  ( -1.082312705391808461, -2.459233106819397108, 1.280521158826476880 ) ) ;
#272 =( NAMED_UNIT ( * ) SI_UNIT ( $, .STERADIAN. ) SOLID_ANGLE_UNIT ( ) );
#273 = CARTESIAN_POINT ( 'NONE',  ( 0.2792559072574000711, -2.625000000000000000, 6.450259702140850315 ) ) ;
#274 = AXIS2_PLACEMENT_3D ( 'NONE', #205, #825, #1134 ) ;
#275 = CARTESIAN_POINT ( 'NONE',  ( 0.4130531521077806523, -2.375000000000000000, 6.391230474813308859 ) ) ;
#276 = AXIS2_PLACEMENT_3D ( 'NONE', #673, #1880, #654 ) ;
#277 = EDGE_CURVE ( 'NONE', #1633, #1642, #1637, .T. ) ;
#278 = LINE ( 'NONE', #1659, #1602 ) ;
#279 = ORIENTED_EDGE ( 'NONE', *, *, #244, .F. ) ;
#280 = FACE_OUTER_BOUND ( 'NONE', #1841, .T. ) ;
#281 = AXIS2_PLACEMENT_3D ( 'NONE', #428, #595, #401 ) ;
#282 = CIRCLE ( 'NONE', #313, 0.1562500000000000000 ) ;
#283 = CARTESIAN_POINT ( 'NONE',  ( -1.076384184052340709, -2.618493169116108188, 1.325793503600307011 ) ) ;
#284 = EDGE_CURVE ( 'NONE', #790, #1857, #883, .T. ) ;
#285 = DIRECTION ( 'NONE',  ( -0.000000000000000000, 1.000000000000000000, -0.000000000000000000 ) ) ;
#286 = CARTESIAN_POINT ( 'NONE',  ( 0.000000000000000000, 3.500000000000000000, 6.874999999999999112 ) ) ;
#287 = ORIENTED_EDGE ( 'NONE', *, *, #1146, .T. ) ;
#288 = DIRECTION ( 'NONE',  ( 1.000000000000000000, -0.000000000000000000, -4.370956789862821150E-15 ) ) ;
#289 = ORIENTED_EDGE ( 'NONE', *, *, #1533, .F. ) ;
#290 = CARTESIAN_POINT ( 'NONE',  ( 0.03125000000000000694, -1.250000000000000000, 0.3749999999999999445 ) ) ;
#291 = CARTESIAN_POINT ( 'NONE',  ( -0.9639923382636363947, 2.474958355252415920, 1.298181659955778722 ) ) ;
#292 = CARTESIAN_POINT ( 'NONE',  ( 0.9438732492044163980, -2.500000000000000000, 1.375000000000000000 ) ) ;
#293 = DIRECTION ( 'NONE',  ( -2.185478394931410575E-15, 0.000000000000000000, -1.000000000000000000 ) ) ;
#294 = EDGE_LOOP ( 'NONE', ( #287, #665, #1840, #1635 ) ) ;
#295 = ORIENTED_EDGE ( 'NONE', *, *, #1784, .F. ) ;
#296 = FACE_OUTER_BOUND ( 'NONE', #445, .T. ) ;
#297 = ORIENTED_EDGE ( 'NONE', *, *, #1308, .T. ) ;
#298 = DIRECTION ( 'NONE',  ( 0.1298437985064715416, -0.000000000000000000, -0.9915344613221523939 ) ) ;
#299 = VECTOR ( 'NONE', #874, 39.37007874015748143 ) ;
#300 = DIRECTION ( 'NONE',  ( 0.000000000000000000, 0.000000000000000000, 1.000000000000000000 ) ) ;
#301 = CARTESIAN_POINT ( 'NONE',  ( -1.086309523809523725, 2.374999999999999556, 1.249999999999999778 ) ) ;
#302 = CARTESIAN_POINT ( 'NONE',  ( 1.107563725394892895, 3.500000000000000000, 0.1250000000000000000 ) ) ;
#303 = CARTESIAN_POINT ( 'NONE',  ( 0.2891113444425112977, -2.375000000000000000, 6.250000000000000000 ) ) ;
#304 = ORIENTED_EDGE ( 'NONE', *, *, #1360, .T. ) ;
#305 = ORIENTED_EDGE ( 'NONE', *, *, #1577, .T. ) ;
#306 = CARTESIAN_POINT ( 'NONE',  ( 0.4415050680653029302, 2.625000000000000444, 6.173961298410412191 ) ) ;
#307 = ORIENTED_EDGE ( 'NONE', *, *, #1754, .F. ) ;
#308 = ADVANCED_FACE ( 'NONE', ( #109 ), #1714, .T. ) ;
#309 = CARTESIAN_POINT ( 'NONE',  ( 0.9603607753313846418, 2.484223298569810723, 1.312047627515268156 ) ) ;
#310 = CARTESIAN_POINT ( 'NONE',  ( -0.3076058113823498252, -2.500000000000000000, 6.233769525186691141 ) ) ;
#311 = AXIS2_PLACEMENT_3D ( 'NONE', #1560, #648, #779 ) ;
#312 = APPROVAL ( #1382, 'UNSPECIFIED' ) ;
#313 = AXIS2_PLACEMENT_3D ( 'NONE', #1647, #762, #159 ) ;
#314 = CARTESIAN_POINT ( 'NONE',  ( -0.2891113444425117973, 2.448223304703363468, 6.250000000000000000 ) ) ;
#315 = DIRECTION ( 'NONE',  ( -1.000000000000000000, 0.000000000000000000, 0.000000000000000000 ) ) ;
#316 =( BOUNDED_SURFACE ( )  B_SPLINE_SURFACE ( 3, 2, ( 
 ( #20, #1390, #1863 ),
 ( #908, #474, #1092 ),
 ( #1710, #608, #177 ),
 ( #1101, #793, #5 ),
 ( #1410, #806, #462 ),
 ( #1724, #1832, #1696 ),
 ( #1077, #42, #309 ),
 ( #440, #1531, #145 ),
 ( #759, #1628, #355 ),
 ( #225, #1010, #1441 ) ),
 .UNSPECIFIED., .F., .F., .F. ) 
 B_SPLINE_SURFACE_WITH_KNOTS ( ( 4, 2, 2, 2, 4 ),
 ( 3, 3 ),
 ( 3.141592653589793116, 3.534291735288517255, 3.926990816987241395, 4.319689898685965090, 4.712388980384689674 ),
 ( 0.000000000000000000, 1.000000000000000000 ),
 .UNSPECIFIED. ) 
 GEOMETRIC_REPRESENTATION_ITEM ( )  RATIONAL_B_SPLINE_SURFACE ( (
 ( 1.000000000000000000, 0.7516128652792181120, 1.000000000000000000),
 ( 1.000000000000000000, 0.7516172658126727413, 1.000000000000000000),
 ( 1.000000000000000000, 0.7504910910641893196, 1.000000000000000000),
 ( 1.000000000000000000, 0.7461451559000824574, 1.000000000000000000),
 ( 1.000000000000000000, 0.7429215483138351672, 1.000000000000000000),
 ( 1.000000000000000000, 0.7347884573496210603, 1.000000000000000000),
 ( 1.000000000000000000, 0.7298803077409761197, 1.000000000000000000),
 ( 1.000000000000000000, 0.7190427892409017030, 1.000000000000000000),
 ( 1.000000000000000000, 0.7131182554850964417, 1.000000000000000000),
 ( 1.000000000000000000, 0.7071067811865471286, 1.000000000000000000) ) ) 
 REPRESENTATION_ITEM ( '' )  SURFACE ( )  );
#317 = DIRECTION ( 'NONE',  ( 0.1298437985064723466, -0.000000000000000000, 0.9915344613221522829 ) ) ;
#318 = ORIENTED_EDGE ( 'NONE', *, *, #1700, .T. ) ;
#319 = DIRECTION ( 'NONE',  ( 0.9915344613221523939, 0.000000000000000000, -0.1298437985064722355 ) ) ;
#320 = ORIENTED_EDGE ( 'NONE', *, *, #1293, .F. ) ;
#321 = DIRECTION ( 'NONE',  ( -0.9915344613221522829, 0.000000000000000000, 0.1298437985064722355 ) ) ;
#322 = DIRECTION ( 'NONE',  ( -0.000000000000000000, -1.000000000000000000, -0.000000000000000000 ) ) ;
#323 = PLANE ( 'NONE',  #1480 ) ;
#324 = DIRECTION ( 'NONE',  ( 0.9915344613221522829, 0.000000000000000000, -0.1298437985064722355 ) ) ;
#325 = CIRCLE ( 'NONE', #1727, 0.1250000000000000000 ) ;
#326 = EDGE_LOOP ( 'NONE', ( #1985, #1432, #1846, #839 ) ) ;
#327 = CARTESIAN_POINT ( 'NONE',  ( 0.4318386819772114804, 2.402806905269469606, 6.247777337627943517 ) ) ;
#328 = ORIENTED_EDGE ( 'NONE', *, *, #222, .F. ) ;
#329 = AXIS2_PLACEMENT_3D ( 'NONE', #53, #33, #963 ) ;
#330 = DIRECTION ( 'NONE',  ( -0.9915344613221522829, 0.000000000000000000, -0.1298437985064724576 ) ) ;
#331 = CIRCLE ( 'NONE', #590, 0.1250000000000004441 ) ;
#332 = CARTESIAN_POINT ( 'NONE',  ( 0.000000000000000000, 1.250000000000000000, 0.000000000000000000 ) ) ;
#333 = ADVANCED_FACE ( 'NONE', ( #430 ), #954, .T. ) ;
#334 = CYLINDRICAL_SURFACE ( 'NONE', #1885, 0.1250000000000000555 ) ;
#335 = CARTESIAN_POINT ( 'NONE',  ( 0.4415328324235825441, -2.492323744478844638, 6.173749279674623835 ) ) ;
#336 = ORIENTED_EDGE ( 'NONE', *, *, #1217, .F. ) ;
#337 = CARTESIAN_POINT ( 'NONE',  ( 0.4293037212188891005, 2.593446597139553944, 6.267135219783025235 ) ) ;
#338 = EDGE_CURVE ( 'NONE', #1858, #1428, #562, .T. ) ;
#339 = ORIENTED_EDGE ( 'NONE', *, *, #498, .T. ) ;
#340 = CARTESIAN_POINT ( 'NONE',  ( 0.2891113444425112977, -2.375000000000000000, 6.375000000000000888 ) ) ;
#341 = CARTESIAN_POINT ( 'NONE',  ( 1.250000000000000000, -3.624999999999999556, 0.1250000000000000000 ) ) ;
#342 = AXIS2_PLACEMENT_3D ( 'NONE', #669, #348, #372 ) ;
#343 = CARTESIAN_POINT ( 'NONE',  ( -0.9766113444425118528, 2.375000000000000000, 1.125000000000000000 ) ) ;
#344 = ORIENTED_EDGE ( 'NONE', *, *, #167, .T. ) ;
#345 = CARTESIAN_POINT ( 'NONE',  ( 0.9700528184371816076, -2.451818340044189082, 1.275041644747551661 ) ) ;
#346 = VERTEX_POINT ( 'NONE', #478 ) ;
#347 = FACE_OUTER_BOUND ( 'NONE', #413, .T. ) ;
#348 = DIRECTION ( 'NONE',  ( 0.1298437985064722633, 7.094270408793067544E-17, -0.9915344613221523939 ) ) ;
#349 = COORDINATED_UNIVERSAL_TIME_OFFSET ( 8, 0, .BEHIND. ) ;
#350 = CARTESIAN_POINT ( 'NONE',  ( 0.000000000000000000, 1.250000000000000000, 0.5000000000000000000 ) ) ;
#351 = CARTESIAN_POINT ( 'NONE',  ( 0.4457912473458758851, -2.500000000000000444, 6.141230474813308859 ) ) ;
#352 = VERTEX_POINT ( 'NONE', #1866 ) ;
#353 = CARTESIAN_POINT ( 'NONE',  ( -0.4415328324235825996, -2.492323744478617709, 6.173749279674623835 ) ) ;
#354 = VERTEX_POINT ( 'NONE', #945 ) ;
#355 = CARTESIAN_POINT ( 'NONE',  ( 0.9481594284848251508, 2.500000000000000444, 1.358634588201503846 ) ) ;
#356 = ADVANCED_FACE ( 'NONE', ( #1094 ), #323, .F. ) ;
#357 = VERTEX_POINT ( 'NONE', #87 ) ;
#358 = EDGE_CURVE ( 'NONE', #1858, #1578, #1487, .T. ) ;
#359 = CARTESIAN_POINT ( 'NONE',  ( -0.4293037212189481089, 2.593446597139782650, 6.267135219782577593 ) ) ;
#360 = CIRCLE ( 'NONE', #1822, 0.1562500000000000000 ) ;
#361 = ADVANCED_FACE ( 'NONE', ( #1947 ), #1958, .T. ) ;
#362 = ADVANCED_FACE ( 'NONE', ( #1180 ), #316, .T. ) ;
#363 = DIRECTION ( 'NONE',  ( 1.000000000000000000, 0.000000000000000000, 0.000000000000000000 ) ) ;
#364 = FACE_OUTER_BOUND ( 'NONE', #1734, .T. ) ;
#365 = CARTESIAN_POINT ( 'NONE',  ( -0.3475769616315904642, -3.500000000000000000, 6.891230474813307971 ) ) ;
#366 = VERTEX_POINT ( 'NONE', #547 ) ;
#367 = CARTESIAN_POINT ( 'NONE',  ( -0.4363880719696368593, -2.466064124694230308, 6.213036541322833450 ) ) ;
#368 = VERTEX_POINT ( 'NONE', #59 ) ;
#369 = DIRECTION ( 'NONE',  ( -0.9915344613221523939, 0.000000000000000000, -0.1298437985064721800 ) ) ;
#370 = EDGE_LOOP ( 'NONE', ( #208, #1034, #1988, #1810, #1929, #1417, #1462, #1344 ) ) ;
#371 = EDGE_CURVE ( 'NONE', #1428, #1200, #389, .T. ) ;
#372 = DIRECTION ( 'NONE',  ( 0.9915344613221522829, 0.000000000000000000, 0.1298437985064722355 ) ) ;
#373 = EDGE_CURVE ( 'NONE', #1057, #352, #1786, .T. ) ;
#374 = AXIS2_PLACEMENT_3D ( 'NONE', #859, #991, #1745 ) ;
#375 = CARTESIAN_POINT ( 'NONE',  ( 0.000000000000000000, 1.250000000000000000, 0.5000000000000000000 ) ) ;
#376 = SPHERICAL_SURFACE ( 'NONE', #1738, 0.1250000000000000000 ) ;
#377 = CARTESIAN_POINT ( 'NONE',  ( 0.2891113444425112977, 2.375000000000000000, 6.250000000000000000 ) ) ;
#378 = VECTOR ( 'NONE', #1312, 39.37007874015748143 ) ;
#379 = CARTESIAN_POINT ( 'NONE',  ( 0.4457912473458761626, 2.625000000000000000, 6.141230474813308859 ) ) ;
#380 = EDGE_LOOP ( 'NONE', ( #594, #1957, #131, #1365 ) ) ;
#381 = AXIS2_PLACEMENT_3D ( 'NONE', #1522, #731, #1350 ) ;
#382 = ORIENTED_EDGE ( 'NONE', *, *, #1323, .F. ) ;
#383 = DIRECTION ( 'NONE',  ( -1.000000000000000000, 0.000000000000000000, 0.000000000000000000 ) ) ;
#384 = CARTESIAN_POINT ( 'NONE',  ( 0.4130531521077806523, -2.521446609406726491, 6.391230474813308859 ) ) ;
#385 = DIRECTION ( 'NONE',  ( 1.000000000000000000, 0.000000000000000000, 0.000000000000000000 ) ) ;
#386 = CARTESIAN_POINT ( 'NONE',  ( 1.099701067110996133, -2.440436971214543060, 1.147737305697846821 ) ) ;
#387 = VERTEX_POINT ( 'NONE', #1774 ) ;
#388 = EDGE_CURVE ( 'NONE', #1970, #400, #729, .T. ) ;
#389 = LINE ( 'NONE', #1921, #727 ) ;
#390 = ORIENTED_EDGE ( 'NONE', *, *, #1411, .T. ) ;
#391 = CARTESIAN_POINT ( 'NONE',  ( -0.2932433376741603315, 2.437952372484100572, 6.234223298570071847 ) ) ;
#392 = CIRCLE ( 'NONE', #1240, 0.1250000000000000555 ) ;
#393 = DIRECTION ( 'NONE',  ( 0.000000000000000000, 1.000000000000000000, 0.000000000000000000 ) ) ;
#394 = ADVANCED_FACE ( 'NONE', ( #1129 ), #1911, .F. ) ;
#395 = DIRECTION ( 'NONE',  ( -1.000000000000000000, 0.000000000000000000, 0.000000000000000000 ) ) ;
#396 = LINE ( 'NONE', #1632, #689 ) ;
#397 = VERTEX_POINT ( 'NONE', #538 ) ;
#398 = AXIS2_PLACEMENT_3D ( 'NONE', #115, #288, #1377 ) ;
#399 = FACE_BOUND ( 'NONE', #812, .T. ) ;
#400 = VERTEX_POINT ( 'NONE', #1004 ) ;
#401 = DIRECTION ( 'NONE',  ( 0.9915344613221522829, 0.000000000000000000, 0.1298437985064722078 ) ) ;
#402 = FACE_OUTER_BOUND ( 'NONE', #1581, .T. ) ;
#403 = CYLINDRICAL_SURFACE ( 'NONE', #1886, 0.1250000000000000000 ) ;
#404 = ORIENTED_EDGE ( 'NONE', *, *, #1865, .T. ) ;
#405 = AXIS2_PLACEMENT_3D ( 'NONE', #1643, #117, #261 ) ;
#406 = CARTESIAN_POINT ( 'NONE',  ( 1.086992589053899838, -2.625000000000000000, 1.244783865406582812 ) ) ;
#407 = ORIENTED_EDGE ( 'NONE', *, *, #417, .F. ) ;
#408 = CYLINDRICAL_SURFACE ( 'NONE', #1805, 0.1250000000000000833 ) ;
#409 = EDGE_CURVE ( 'NONE', #1721, #766, #1251, .T. ) ;
#410 = DIRECTION ( 'NONE',  ( 0.1298437985064723466, 0.000000000000000000, 0.9915344613221522829 ) ) ;
#411 = DIRECTION ( 'NONE',  ( 0.000000000000000000, 0.000000000000000000, 1.000000000000000000 ) ) ;
#412 = DIRECTION ( 'NONE',  ( -1.000000000000000000, 0.000000000000000000, 0.000000000000000000 ) ) ;
#413 = EDGE_LOOP ( 'NONE', ( #1112, #971, #161 ) ) ;
#414 = DIRECTION ( 'NONE',  ( 0.000000000000000000, 0.000000000000000000, -1.000000000000000000 ) ) ;
#415 = ORIENTED_EDGE ( 'NONE', *, *, #1196, .T. ) ;
#416 = CARTESIAN_POINT ( 'NONE',  ( 0.000000000000000000, 1.250000000000000000, 0.3749999999999999445 ) ) ;
#417 = EDGE_CURVE ( 'NONE', #1970, #977, #1510, .T. ) ;
#418 = VECTOR ( 'NONE', #1610, 39.37007874015748143 ) ;
#419 = EDGE_CURVE ( 'NONE', #914, #1519, #888, .T. ) ;
#420 = CARTESIAN_POINT ( 'NONE',  ( -1.082312705391692109, 2.459233106819190606, 1.280521158826500416 ) ) ;
#421 = EDGE_CURVE ( 'NONE', #1802, #1559, #841, .T. ) ;
#422 =( NAMED_UNIT ( * ) PLANE_ANGLE_UNIT ( ) SI_UNIT ( $, .RADIAN. ) );
#423 = CARTESIAN_POINT ( 'NONE',  ( -0.4318386819772117025, -2.402806905269469606, 6.247777337627943517 ) ) ;
#424 = CIRCLE ( 'NONE', #1436, 0.1250000000000004441 ) ;
#425 = DIRECTION ( 'NONE',  ( 1.000000000000000000, 0.000000000000000000, 0.000000000000000000 ) ) ;
#426 = DIRECTION ( 'NONE',  ( 1.224646799147353207E-16, 1.000000000000000000, -0.000000000000000000 ) ) ;
#427 = ORIENTED_EDGE ( 'NONE', *, *, #641, .T. ) ;
#428 = CARTESIAN_POINT ( 'NONE',  ( 0.2236351539663214705, -3.500000000000000000, 6.874999999999999112 ) ) ;
#429 = EDGE_CURVE ( 'NONE', #1538, #121, #1853, .T. ) ;
#430 = FACE_OUTER_BOUND ( 'NONE', #1891, .T. ) ;
#431 = APPLICATION_PROTOCOL_DEFINITION ( 'international standard', 'config_control_design', 1994, #235 ) ;
#432 = CARTESIAN_POINT ( 'NONE',  ( -0.4330367896978130626, -2.429723396233013144, 6.238628151399134403 ) ) ;
#433 = LOCAL_TIME ( 18, 28, 40.00000000000000000, #795 ) ;
#434 = LINE ( 'NONE', #12, #800 ) ;
#435 = ORIENTED_EDGE ( 'NONE', *, *, #421, .F. ) ;
#436 = DIRECTION ( 'NONE',  ( -0.000000000000000000, -1.000000000000000000, -0.000000000000000000 ) ) ;
#437 = ORIENTED_EDGE ( 'NONE', *, *, #1715, .T. ) ;
#438 = CARTESIAN_POINT ( 'NONE',  ( 0.4130531521077808188, -2.375000000000000000, 6.391230474813309748 ) ) ;
#439 = TOROIDAL_SURFACE ( 'NONE', #1582, 0.03125000000000000694, 0.1250000000000000000 ) ;
#440 = CARTESIAN_POINT ( 'NONE',  ( 1.076384184052331383, 2.618493169115861274, 1.325793503600376511 ) ) ;
#441 = CARTESIAN_POINT ( 'NONE',  ( -1.069974844578193585, 2.502105998100891515, 1.374737550495340965 ) ) ;
#442 = DIRECTION ( 'NONE',  ( 0.000000000000000000, 0.000000000000000000, -1.000000000000000000 ) ) ;
#443 = CARTESIAN_POINT ( 'NONE',  ( -0.2236351539663213872, -3.624999999999999556, 6.874999999999999112 ) ) ;
#444 = ORIENTED_EDGE ( 'NONE', *, *, #1143, .F. ) ;
#445 = EDGE_LOOP ( 'NONE', ( #200, #858, #754, #685 ) ) ;
#446 = DIRECTION ( 'NONE',  ( -1.092739197465705090E-15, 0.000000000000000000, 1.000000000000000000 ) ) ;
#447 = ADVANCED_FACE ( 'NONE', ( #347 ), #201, .T. ) ;
#448 = VERTEX_POINT ( 'NONE', #1287 ) ;
#449 = ADVANCED_FACE ( 'NONE', ( #1756 ), #981, .T. ) ;
#450 = LINE ( 'NONE', #1694, #1223 ) ;
#451 = DIRECTION ( 'NONE',  ( 0.000000000000000000, -1.000000000000000000, 0.000000000000000000 ) ) ;
#452 = CARTESIAN_POINT ( 'NONE',  ( -1.099701067110998132, 2.440436971214543060, 1.147737305697832166 ) ) ;
#453 =( LENGTH_UNIT ( ) NAMED_UNIT ( * ) SI_UNIT ( $, .METRE. ) );
#454 = DIRECTION ( 'NONE',  ( -0.000000000000000000, 0.000000000000000000, 1.000000000000000000 ) ) ;
#455 = ORIENTED_EDGE ( 'NONE', *, *, #1392, .F. ) ;
#456 = ADVANCED_FACE ( 'NONE', ( #1940 ), #1601, .T. ) ;
#457 = ORIENTED_EDGE ( 'NONE', *, *, #227, .T. ) ;
#458 = CIRCLE ( 'NONE', #1625, 0.1250000000000004441 ) ;
#459 = CARTESIAN_POINT ( 'NONE',  ( 0.3132803124979560150, 2.496746584558044546, 6.157718485606459957 ) ) ;
#460 = ORIENTED_EDGE ( 'NONE', *, *, #421, .T. ) ;
#461 = DIRECTION ( 'NONE',  ( 1.000000000000000000, -0.000000000000000000, -0.000000000000000000 ) ) ;
#462 = CARTESIAN_POINT ( 'NONE',  ( 0.9700528184371816076, 2.451818340044302769, 1.275041644747665792 ) ) ;
#463 = AXIS2_PLACEMENT_3D ( 'NONE', #1366, #1343, #593 ) ;
#464 = PLANE ( 'NONE',  #236 ) ;
#465 = CARTESIAN_POINT ( 'NONE',  ( -1.100553152107758947, -2.407730823595830127, 1.141230474813476281 ) ) ;
#466 = APPROVAL_ROLE ( '' ) ;
#467 = CARTESIAN_POINT ( 'NONE',  ( -0.2236351539663214150, -3.500000000000000000, 6.874999999999999112 ) ) ;
#468 = FACE_OUTER_BOUND ( 'NONE', #1861, .T. ) ;
#469 = ORIENTED_EDGE ( 'NONE', *, *, #995, .F. ) ;
#470 = CARTESIAN_POINT ( 'NONE',  ( 0.2956698704478504802, 2.451818340044336075, 6.224958355252300457 ) ) ;
#471 =( BOUNDED_SURFACE ( )  B_SPLINE_SURFACE ( 3, 2, ( 
 ( #509, #1892, #199 ),
 ( #502, #1742, #819 ),
 ( #1439, #353, #1138 ),
 ( #1599, #1763, #209 ),
 ( #1297, #367, #988 ),
 ( #1033, #872, #1325 ),
 ( #120, #432, #1799 ),
 ( #740, #423, #1050 ),
 ( #718, #1041, #1667 ),
 ( #1938, #1211, #1492 ) ),
 .UNSPECIFIED., .F., .F., .F. ) 
 B_SPLINE_SURFACE_WITH_KNOTS ( ( 4, 2, 2, 2, 4 ),
 ( 3, 3 ),
 ( 1.570796326794896558, 1.963495408493620697, 2.356194490192344837, 2.748893571891068976, 3.141592653589793116 ),
 ( 0.000000000000000000, 1.000000000000000000 ),
 .UNSPECIFIED. ) 
 GEOMETRIC_REPRESENTATION_ITEM ( )  RATIONAL_B_SPLINE_SURFACE ( (
 ( 1.000000000000000000, 0.7071067811865475727, 1.000000000000000000),
 ( 1.000000000000000000, 0.7010979906011658436, 1.000000000000000000),
 ( 1.000000000000000000, 0.6950102616155954260, 1.000000000000000000),
 ( 1.000000000000000000, 0.6836201671188223417, 1.000000000000000000),
 ( 1.000000000000000000, 0.6783231826412401411, 1.000000000000000000),
 ( 1.000000000000000000, 0.6694056992790471394, 1.000000000000000000),
 ( 1.000000000000000000, 0.6657913615925827866, 1.000000000000000000),
 ( 1.000000000000000000, 0.6608886843388774857, 1.000000000000000000),
 ( 1.000000000000000000, 0.6595973320071678581, 1.000000000000000000),
 ( 1.000000000000000000, 0.6596045032796274965, 1.000000000000000000) ) ) 
 REPRESENTATION_ITEM ( '' )  SURFACE ( )  );
#472 = ORIENTED_EDGE ( 'NONE', *, *, #1781, .F. ) ;
#473 = CARTESIAN_POINT ( 'NONE',  ( -1.107563725394893117, 3.500000000000000000, 0.000000000000000000 ) ) ;
#474 = CARTESIAN_POINT ( 'NONE',  ( 1.086309523808899336, 2.393249484405917116, 1.250000000000681233 ) ) ;
#475 = CARTESIAN_POINT ( 'NONE',  ( -0.4266137151616618550, 2.625000000000000444, 6.287677084220034907 ) ) ;
#476 = AXIS2_PLACEMENT_3D ( 'NONE', #792, #1409, #30 ) ;
#477 = CIRCLE ( 'NONE', #67, 0.1250000000000004441 ) ;
#478 = CARTESIAN_POINT ( 'NONE',  ( -0.9438732492044168421, -2.500000000000000000, 1.375000000000000000 ) ) ;
#479 = CALENDAR_DATE ( 2025, 3, 12 ) ;
#480 = CARTESIAN_POINT ( 'NONE',  ( 0.000000000000000000, 1.250000000000000000, 0.1250000000000000278 ) ) ;
#481 = CARTESIAN_POINT ( 'NONE',  ( -1.067815056869685808, -2.625000000000000000, 1.391230474813309081 ) ) ;
#482 = ORIENTED_EDGE ( 'NONE', *, *, #1715, .F. ) ;
#483 = CARTESIAN_POINT ( 'NONE',  ( 0.4196116781131302154, 2.528636680088443889, 6.341147185317912438 ) ) ;
#484 = ORIENTED_EDGE ( 'NONE', *, *, #747, .F. ) ;
#485 = DIRECTION ( 'NONE',  ( 1.000000000000000000, 0.000000000000000000, 0.000000000000000000 ) ) ;
#486 = EDGE_CURVE ( 'NONE', #1017, #1994, #1688, .T. ) ;
#487 = EDGE_CURVE ( 'NONE', #354, #121, #278, .T. ) ;
#488 = CARTESIAN_POINT ( 'NONE',  ( 0.9766113444425118528, 2.500000000000000000, 1.250000000000000000 ) ) ;
#489 = EDGE_CURVE ( 'NONE', #989, #1858, #1334, .T. ) ;
#490 = CARTESIAN_POINT ( 'NONE',  ( 0.4457912473458758851, -2.625000000000000444, 6.141230474813308859 ) ) ;
#491 = CIRCLE ( 'NONE', #237, 0.1250000000000004441 ) ;
#492 = ORIENTED_EDGE ( 'NONE', *, *, #1474, .T. ) ;
#493 = DIRECTION ( 'NONE',  ( 0.000000000000000000, 0.000000000000000000, 1.000000000000000000 ) ) ;
#494 = VERTEX_POINT ( 'NONE', #755 ) ;
#495 = VECTOR ( 'NONE', #1553, 39.37007874015748143 ) ;
#496 = CARTESIAN_POINT ( 'NONE',  ( -0.4130531521077807633, 2.521446609406726491, 6.391230474813308859 ) ) ;
#497 = PRODUCT_RELATED_PRODUCT_CATEGORY ( 'detail', '', ( #1584 ) ) ;
#498 = EDGE_CURVE ( 'NONE', #1587, #1405, #55, .T. ) ;
#499 = DIRECTION ( 'NONE',  ( 8.195543980992760073E-16, 0.000000000000000000, -1.000000000000000000 ) ) ;
#500 = CARTESIAN_POINT ( 'NONE',  ( 0.2899634294393037548, -2.407718485607321934, 6.246746584557686610 ) ) ;
#501 = ORIENTED_EDGE ( 'NONE', *, *, #822, .T. ) ;
#502 = CARTESIAN_POINT ( 'NONE',  ( -0.4415050680652989890, -2.625000000000000444, 6.173961298410442389 ) ) ;
#503 = ORIENTED_EDGE ( 'NONE', *, *, #878, .T. ) ;
#504 = DIRECTION ( 'NONE',  ( 0.000000000000000000, 0.000000000000000000, -1.000000000000000000 ) ) ;
#505 = DIRECTION ( 'NONE',  ( -0.000000000000000000, -1.000000000000000000, -0.000000000000000000 ) ) ;
#506 = CIRCLE ( 'NONE', #1991, 0.1250000000000000000 ) ;
#507 = CARTESIAN_POINT ( 'NONE',  ( 0.4435914172235112529, -2.497854956742576960, 6.158029177565238932 ) ) ;
#508 = ORIENTED_EDGE ( 'NONE', *, *, #932, .F. ) ;
#509 = CARTESIAN_POINT ( 'NONE',  ( -0.4457912473458760516, -2.625000000000000444, 6.141230474813308859 ) ) ;
#510 = ORIENTED_EDGE ( 'NONE', *, *, #1354, .F. ) ;
#511 = EDGE_CURVE ( 'NONE', #1120, #1405, #259, .T. ) ;
#512 = DIRECTION ( 'NONE',  ( -1.000000000000000000, 4.370956789862820361E-15, 0.000000000000000000 ) ) ;
#513 = DIRECTION ( 'NONE',  ( -0.1298437985064723188, 1.483347449111278129E-16, -0.9915344613221522829 ) ) ;
#514 = CARTESIAN_POINT ( 'NONE',  ( -0.2891113444425116863, -2.375000000000000000, 6.250000000000000000 ) ) ;
#515 = CARTESIAN_POINT ( 'NONE',  ( 0.4139052371046149092, -2.440436971214521744, 6.384723643928392534 ) ) ;
#516 = DIRECTION ( 'NONE',  ( 1.000000000000000000, 0.000000000000000000, 0.000000000000000000 ) ) ;
#517 = ORIENTED_EDGE ( 'NONE', *, *, #1779, .F. ) ;
#518 = FACE_OUTER_BOUND ( 'NONE', #1899, .T. ) ;
#519 = ADVANCED_FACE ( 'NONE', ( #1056 ), #904, .F. ) ;
#520 = ORIENTED_EDGE ( 'NONE', *, *, #686, .T. ) ;
#521 = CARTESIAN_POINT ( 'NONE',  ( -0.4130531521077808188, -2.375000000000000000, 6.391230474813309748 ) ) ;
#522 = EDGE_LOOP ( 'NONE', ( #382, #962, #1494, #1086 ) ) ;
#523 = CARTESIAN_POINT ( 'NONE',  ( -0.4315476190473635509, 2.388914202529937025, 6.249999999999999112 ) ) ;
#524 = VECTOR ( 'NONE', #322, 39.37007874015748143 ) ;
#525 = DIRECTION ( 'NONE',  ( 1.000000000000000000, -0.000000000000000000, 0.000000000000000000 ) ) ;
#526 = CARTESIAN_POINT ( 'NONE',  ( -1.231505533060161861, -3.624999999999999556, 0.1412304748133090260 ) ) ;
#527 = DIRECTION ( 'NONE',  ( -1.000000000000000000, 0.000000000000000000, 0.000000000000000000 ) ) ;
#528 = VERTEX_POINT ( 'NONE', #1518 ) ;
#529 = CARTESIAN_POINT ( 'NONE',  ( 1.078751287348972188, -2.482537464094981328, 1.307717442062539037 ) ) ;
#530 = EDGE_LOOP ( 'NONE', ( #510, #1746, #1009, #1589 ) ) ;
#531 = CARTESIAN_POINT ( 'NONE',  ( -0.4457912473458762737, -2.625000000000000000, 6.141230474813308859 ) ) ;
#532 = CARTESIAN_POINT ( 'NONE',  ( -0.4457912473458761071, 2.625000000000000444, 6.141230474813308859 ) ) ;
#533 = CARTESIAN_POINT ( 'NONE',  ( -0.9766113444425118528, -2.500000000000000000, 1.125000000000000000 ) ) ;
#534 = CARTESIAN_POINT ( 'NONE',  ( 1.086309523809523725, -2.375000000000000000, 1.250000000000000000 ) ) ;
#535 = AXIS2_PLACEMENT_3D ( 'NONE', #18, #298, #154 ) ;
#536 = ORIENTED_EDGE ( 'NONE', *, *, #714, .T. ) ;
#537 = AXIS2_PLACEMENT_3D ( 'NONE', #1907, #1330, #385 ) ;
#538 = CARTESIAN_POINT ( 'NONE',  ( 0.03125000000000000694, 1.250000000000000000, 0.5000000000000000000 ) ) ;
#539 = VERTEX_POINT ( 'NONE', #885 ) ;
#540 = CARTESIAN_POINT ( 'NONE',  ( -0.3017303506213814823, 2.474958355252334652, 6.201818340044303213 ) ) ;
#541 = EDGE_CURVE ( 'NONE', #1557, #741, #1175, .T. ) ;
#542 = DIRECTION ( 'NONE',  ( 1.000000000000000000, 0.000000000000000000, 0.000000000000000000 ) ) ;
#543 = CC_DESIGN_PERSON_AND_ORGANIZATION_ASSIGNMENT ( #652, #23, ( #877 ) ) ;
#544 = DIRECTION ( 'NONE',  ( 0.000000000000000000, -1.000000000000000000, -0.000000000000000000 ) ) ;
#545 = CARTESIAN_POINT ( 'NONE',  ( 0.9766113444425118528, -2.500000000000000000, 1.125000000000000000 ) ) ;
#546 = ORIENTED_EDGE ( 'NONE', *, *, #758, .F. ) ;
#547 = CARTESIAN_POINT ( 'NONE',  ( 1.107563725394892895, -3.500000000000000000, 0.000000000000000000 ) ) ;
#548 = EDGE_LOOP ( 'NONE', ( #297, #1986, #1881, #814 ) ) ;
#549 = CARTESIAN_POINT ( 'NONE',  ( 1.100553152107780708, 2.521446609406726491, 1.141230474813308637 ) ) ;
#550 = VECTOR ( 'NONE', #10, 39.37007874015748143 ) ;
#551 = LINE ( 'NONE', #1797, #1319 ) ;
#552 = CARTESIAN_POINT ( 'NONE',  ( -0.9766113444425116308, 2.448223304703363468, 1.250000000000000000 ) ) ;
#553 = CARTESIAN_POINT ( 'NONE',  ( -0.2891113444425117973, -2.375000000000000000, 6.375000000000000888 ) ) ;
#554 = DIRECTION ( 'NONE',  ( 0.000000000000000000, 1.000000000000000000, 0.000000000000000000 ) ) ;
#555 = ORIENTED_EDGE ( 'NONE', *, *, #419, .T. ) ;
#556 = AXIS2_PLACEMENT_3D ( 'NONE', #130, #1641, #1171 ) ;
#557 = DIRECTION ( 'NONE',  ( 0.000000000000000000, 0.000000000000000000, -1.000000000000000000 ) ) ;
#558 = VERTEX_POINT ( 'NONE', #1506 ) ;
#559 = DIRECTION ( 'NONE',  ( 0.1298437985064723466, -0.000000000000000000, -0.9915344613221522829 ) ) ;
#560 =( BOUNDED_CURVE ( )  B_SPLINE_CURVE ( 3, ( #377, #844, #871, #1491 ),
 .UNSPECIFIED., .F., .F. ) 
 B_SPLINE_CURVE_WITH_KNOTS ( ( 4, 4 ),
 ( 0.000000000000000000, 1.570796326794895892 ),
 .UNSPECIFIED. ) 
 CURVE ( )  GEOMETRIC_REPRESENTATION_ITEM ( )  RATIONAL_B_SPLINE_CURVE ( ( 1.000000000000000000, 0.8047378541243652705, 0.8047378541243652705, 1.000000000000000000 ) ) 
 REPRESENTATION_ITEM ( '' )  );
#561 = AXIS2_PLACEMENT_3D ( 'NONE', #286, #425, #1042 ) ;
#562 = CIRCLE ( 'NONE', #1449, 0.1250000000000000833 ) ;
#563 = DIRECTION ( 'NONE',  ( 0.000000000000000000, 0.000000000000000000, -1.000000000000000000 ) ) ;
#564 = DIRECTION ( 'NONE',  ( 0.000000000000000000, 0.000000000000000000, -1.000000000000000000 ) ) ;
#565 = DIRECTION ( 'NONE',  ( 0.000000000000000000, 0.000000000000000000, -1.000000000000000000 ) ) ;
#566 = ORIENTED_EDGE ( 'NONE', *, *, #932, .T. ) ;
#567 = EDGE_CURVE ( 'NONE', #977, #763, #68, .T. ) ;
#568 = VECTOR ( 'NONE', #627, 39.37007874015748143 ) ;
#569 = CARTESIAN_POINT ( 'NONE',  ( -0.03125000000000000694, -1.250000000000000000, 0.3749999999999999445 ) ) ;
#570 = CC_DESIGN_APPROVAL ( #312, ( #906 ) ) ;
#571 = ORIENTED_EDGE ( 'NONE', *, *, #671, .T. ) ;
#572 = ADVANCED_FACE ( 'NONE', ( #105 ), #1978, .T. ) ;
#573 = DIRECTION ( 'NONE',  ( 0.9915344613221521719, 0.000000000000000000, -0.1298437985064722910 ) ) ;
#574 = ADVANCED_FACE ( 'NONE', ( #399, #743, #1793 ), #723, .T. ) ;
#575 = CARTESIAN_POINT ( 'NONE',  ( -1.072101236150241332, -2.625000000000000444, 1.358499651216336979 ) ) ;
#576 = DIRECTION ( 'NONE',  ( -0.000000000000000000, 1.000000000000000000, -0.000000000000000000 ) ) ;
#577 = CARTESIAN_POINT ( 'NONE',  ( 0.2236351539663215260, -3.500000000000000000, 7.000000000000000000 ) ) ;
#578 = ORIENTED_EDGE ( 'NONE', *, *, #1717, .F. ) ;
#579 = DIRECTION ( 'NONE',  ( -1.000000000000000000, 0.000000000000000000, -0.000000000000000000 ) ) ;
#580 = EDGE_CURVE ( 'NONE', #387, #1306, #1855, .T. ) ;
#581 = VERTEX_POINT ( 'NONE', #711 ) ;
#582 = CARTESIAN_POINT ( 'NONE',  ( 1.231505533060161861, 3.500000000000000000, 0.1412304748133094701 ) ) ;
#583 = CIRCLE ( 'NONE', #171, 0.1250000000000000000 ) ;
#584 = CARTESIAN_POINT ( 'NONE',  ( -0.9603607753313846418, 2.484223298569817384, 1.312047627515285031 ) ) ;
#585 =( BOUNDED_CURVE ( )  B_SPLINE_CURVE ( 3, ( #691, #384, #93, #1645 ),
 .UNSPECIFIED., .F., .F. ) 
 B_SPLINE_CURVE_WITH_KNOTS ( ( 4, 4 ),
 ( 0.000000000000000000, 1.570796326794896780 ),
 .UNSPECIFIED. ) 
 CURVE ( )  GEOMETRIC_REPRESENTATION_ITEM ( )  RATIONAL_B_SPLINE_CURVE ( ( 1.000000000000000000, 0.8047378541243649375, 0.8047378541243649375, 1.000000000000000000 ) ) 
 REPRESENTATION_ITEM ( '' )  );
#586 = VECTOR ( 'NONE', #794, 39.37007874015748143 ) ;
#587 = LENGTH_MEASURE_WITH_UNIT ( LENGTH_MEASURE( 0.02539999999999999897 ), #453 );
#588 = AXIS2_PLACEMENT_3D ( 'NONE', #1192, #1035, #319 ) ;
#589 = DIRECTION ( 'NONE',  ( 0.000000000000000000, 0.000000000000000000, 1.000000000000000000 ) ) ;
#590 = AXIS2_PLACEMENT_3D ( 'NONE', #646, #14, #493 ) ;
#591 = ORIENTED_EDGE ( 'NONE', *, *, #1293, .T. ) ;
#592 = ORIENTED_EDGE ( 'NONE', *, *, #1234, .T. ) ;
#593 = DIRECTION ( 'NONE',  ( 0.000000000000000000, 0.000000000000000000, -1.000000000000000000 ) ) ;
#594 = ORIENTED_EDGE ( 'NONE', *, *, #489, .T. ) ;
#595 = DIRECTION ( 'NONE',  ( -0.1298437985064722078, 0.000000000000000000, 0.9915344613221523939 ) ) ;
#596 = CARTESIAN_POINT ( 'NONE',  ( -1.078751287349034360, 2.482537464094950685, 1.307717442062502844 ) ) ;
#597 = CARTESIAN_POINT ( 'NONE',  ( 1.107563725394892895, -3.500000000000000000, 0.1250000000000000000 ) ) ;
#598 = EDGE_CURVE ( 'NONE', #1428, #366, #1338, .T. ) ;
#599 = DIRECTION ( 'NONE',  ( 0.000000000000000000, 1.000000000000000000, -0.000000000000000000 ) ) ;
#600 = EDGE_LOOP ( 'NONE', ( #940, #1181, #820 ) ) ;
#601 = AXIS2_PLACEMENT_3D ( 'NONE', #533, #1148, #1788 ) ;
#602 = ORIENTED_EDGE ( 'NONE', *, *, #1593, .F. ) ;
#603 = DIRECTION ( 'NONE',  ( -0.000000000000000000, -1.000000000000000000, -0.000000000000000000 ) ) ;
#604 = VERTEX_POINT ( 'NONE', #1526 ) ;
#605 = LINE ( 'NONE', #1227, #568 ) ;
#606 = AXIS2_PLACEMENT_3D ( 'NONE', #855, #1926, #395 ) ;
#607 = DESIGN_CONTEXT ( 'detailed design', #235, 'design' ) ;
#608 = CARTESIAN_POINT ( 'NONE',  ( 1.085779944010063724, 2.411518787317117773, 1.254044063923313912 ) ) ;
#609 = PRODUCT_DEFINITION_SHAPE ( 'NONE', 'NONE',  #906 ) ;
#610 = CARTESIAN_POINT ( 'NONE',  ( -0.2236351539663213872, -3.624999999999999556, 7.000000000000000000 ) ) ;
#611 = EDGE_CURVE ( 'NONE', #116, #223, #983, .T. ) ;
#612 = CARTESIAN_POINT ( 'NONE',  ( -1.096421158876135893, 2.500904744968003079, 1.172783877673142738 ) ) ;
#613 = DIRECTION ( 'NONE',  ( 0.000000000000000000, 0.000000000000000000, 1.000000000000000000 ) ) ;
#614 = PLANE ( 'NONE',  #1695 ) ;
#615 = EDGE_LOOP ( 'NONE', ( #295, #928, #1948, #1691 ) ) ;
#616 = CARTESIAN_POINT ( 'NONE',  ( 0.4139052371046156864, 2.440436971214543060, 6.384723643928387204 ) ) ;
#617 = MANIFOLD_SOLID_BREP ( 'External Fillets', #1446 ) ;
#618 = ORIENTED_EDGE ( 'NONE', *, *, #1513, .T. ) ;
#619 = CARTESIAN_POINT ( 'NONE',  ( -0.2891113444425116863, 2.500000000000000000, 6.250000000000000000 ) ) ;
#620 = CARTESIAN_POINT ( 'NONE',  ( 0.000000000000000000, -1.250000000000000000, 0.000000000000000000 ) ) ;
#621 = CARTESIAN_POINT ( 'NONE',  ( -1.067815056869685586, 2.625000000000000444, 1.391230474813309081 ) ) ;
#622 = CARTESIAN_POINT ( 'NONE',  ( 0.3026719074963926670, -2.500000000000000000, 6.198223304703363468 ) ) ;
#623 = FACE_OUTER_BOUND ( 'NONE', #143, .T. ) ;
#624 = ORIENTED_EDGE ( 'NONE', *, *, #1177, .T. ) ;
#625 = VECTOR ( 'NONE', #1067, 39.37007874015748143 ) ;
#626 = ORIENTED_EDGE ( 'NONE', *, *, #1779, .T. ) ;
#627 = DIRECTION ( 'NONE',  ( -1.000000000000000000, 0.000000000000000000, -0.000000000000000000 ) ) ;
#628 = LINE ( 'NONE', #942, #1310 ) ;
#629 = CARTESIAN_POINT ( 'NONE',  ( -0.9438732492044166200, -2.500000000000000444, 1.375000000000000000 ) ) ;
#630 = PERSON_AND_ORGANIZATION ( #1396, #157 ) ;
#631 = DIRECTION ( 'NONE',  ( 0.000000000000000000, 1.000000000000000000, -0.000000000000000000 ) ) ;
#632 = CYLINDRICAL_SURFACE ( 'NONE', #561, 0.1250000000000004441 ) ;
#633 = VERTEX_POINT ( 'NONE', #1828 ) ;
#634 = CARTESIAN_POINT ( 'NONE',  ( 0.3017303506213870889, 2.474958355252301789, 6.201818340044335187 ) ) ;
#635 = VECTOR ( 'NONE', #1484, 39.37007874015748143 ) ;
#636 = EDGE_CURVE ( 'NONE', #397, #357, #1536, .T. ) ;
#637 = EDGE_LOOP ( 'NONE', ( #56, #1961, #1525, #804 ) ) ;
#638 = DIRECTION ( 'NONE',  ( -0.1298437985064723466, 0.000000000000000000, -0.9915344613221522829 ) ) ;
#639 = CYLINDRICAL_SURFACE ( 'NONE', #1173, 0.1250000000000004441 ) ;
#640 = VECTOR ( 'NONE', #461, 39.37007874015748143 ) ;
#641 = EDGE_CURVE ( 'NONE', #884, #1108, #1913, .T. ) ;
#642 = COORDINATED_UNIVERSAL_TIME_OFFSET ( 8, 0, .BEHIND. ) ;
#643 = SPHERICAL_SURFACE ( 'NONE', #1039, 0.1250000000000000000 ) ;
#644 = DIRECTION ( 'NONE',  ( -1.000000000000000000, 0.000000000000000000, 0.000000000000000000 ) ) ;
#645 = ORIENTED_EDGE ( 'NONE', *, *, #206, .T. ) ;
#646 = CARTESIAN_POINT ( 'NONE',  ( 0.2236351539663215260, 3.500000000000000000, 6.874999999999999112 ) ) ;
#647 = EDGE_LOOP ( 'NONE', ( #1150, #676, #407, #307 ) ) ;
#648 = DIRECTION ( 'NONE',  ( 0.000000000000000000, 0.000000000000000000, -1.000000000000000000 ) ) ;
#649 = EDGE_CURVE ( 'NONE', #914, #387, #136, .T. ) ;
#650 = EDGE_CURVE ( 'NONE', #558, #1215, #1269, .T. ) ;
#651 = CARTESIAN_POINT ( 'NONE',  ( 0.000000000000000000, -1.250000000000000000, 0.1250000000000000278 ) ) ;
#652 = PERSON_AND_ORGANIZATION ( #1396, #157 ) ;
#653 = CARTESIAN_POINT ( 'NONE',  ( -0.2891113444425116863, 2.375000000000000000, 6.375000000000000888 ) ) ;
#654 = DIRECTION ( 'NONE',  ( 0.000000000000000000, 0.000000000000000000, 1.000000000000000000 ) ) ;
#655 = ORIENTED_EDGE ( 'NONE', *, *, #1296, .T. ) ;
#656 = FACE_OUTER_BOUND ( 'NONE', #774, .T. ) ;
#657 = ORIENTED_EDGE ( 'NONE', *, *, #371, .F. ) ;
#658 = LOCAL_TIME ( 18, 28, 40.00000000000000000, #1594 ) ;
#659 = AXIS2_PLACEMENT_3D ( 'NONE', #1221, #1837, #613 ) ;
#660 = CARTESIAN_POINT ( 'NONE',  ( -0.4171851453394320175, 2.500904744968002191, 6.359677071953427685 ) ) ;
#661 = AXIS2_PLACEMENT_3D ( 'NONE', #1182, #142, #1634 ) ;
#662 = CALENDAR_DATE ( 2025, 3, 12 ) ;
#663 = CARTESIAN_POINT ( 'NONE',  ( -0.9438732492044168421, -2.625000000000000000, 1.375000000000000000 ) ) ;
#664 = ADVANCED_FACE ( 'NONE', ( #1579 ), #173, .T. ) ;
#665 = ORIENTED_EDGE ( 'NONE', *, *, #371, .T. ) ;
#666 = CARTESIAN_POINT ( 'NONE',  ( 0.9766113444425118528, -2.375000000000000000, 1.249999999999999778 ) ) ;
#667 = ORIENTED_EDGE ( 'NONE', *, *, #1729, .T. ) ;
#668 = CARTESIAN_POINT ( 'NONE',  ( 0.9766113444425116308, -2.448223304703363468, 1.250000000000000000 ) ) ;
#669 = CARTESIAN_POINT ( 'NONE',  ( 0.2236351539663215260, 3.500000000000000000, 6.874999999999999112 ) ) ;
#670 = AXIS2_PLACEMENT_3D ( 'NONE', #1131, #1747, #973 ) ;
#671 = EDGE_CURVE ( 'NONE', #558, #1541, #1264, .T. ) ;
#672 = CARTESIAN_POINT ( 'NONE',  ( -0.3218494396806070856, -2.500000000000000000, 6.125000000000000000 ) ) ;
#673 = CARTESIAN_POINT ( 'NONE',  ( 0.000000000000000000, 3.500000000000000000, 0.1250000000000000000 ) ) ;
#674 = ORIENTED_EDGE ( 'NONE', *, *, #936, .T. ) ;
#675 = CARTESIAN_POINT ( 'NONE',  ( 0.9757592594457327184, -2.407718485607252656, 1.253253415442283636 ) ) ;
#676 = ORIENTED_EDGE ( 'NONE', *, *, #1803, .F. ) ;
#677 = DIRECTION ( 'NONE',  ( 0.9915344613221522829, 0.000000000000000000, -0.1298437985064723188 ) ) ;
#678 = CARTESIAN_POINT ( 'NONE',  ( -0.4196116781131216666, 2.528636680088605537, 6.341147185317979051 ) ) ;
#679 = CARTESIAN_POINT ( 'NONE',  ( 1.107563725394892895, 3.624999999999999556, 0.1250000000000000000 ) ) ;
#680 = CARTESIAN_POINT ( 'NONE',  ( 0.4196116781131258300, -2.528636680088638400, 6.341147185317946189 ) ) ;
#681 = CYLINDRICAL_SURFACE ( 'NONE', #224, 0.1249999999999999029 ) ;
#682 = ORIENTED_EDGE ( 'NONE', *, *, #1196, .F. ) ;
#683 = DIRECTION ( 'NONE',  ( 0.000000000000000000, 0.000000000000000000, 1.000000000000000000 ) ) ;
#684 = VECTOR ( 'NONE', #951, 39.37007874015748143 ) ;
#685 = ORIENTED_EDGE ( 'NONE', *, *, #417, .T. ) ;
#686 = EDGE_CURVE ( 'NONE', #884, #1994, #1255, .T. ) ;
#687 = DIRECTION ( 'NONE',  ( 0.000000000000000000, 0.000000000000000000, -1.000000000000000000 ) ) ;
#688 = CARTESIAN_POINT ( 'NONE',  ( -0.3175632604002598947, 2.500000000000000444, 6.141365411798276774 ) ) ;
#689 = VECTOR ( 'NONE', #1016, 39.37007874015748143 ) ;
#690 = EDGE_CURVE ( 'NONE', #494, #633, #1816, .T. ) ;
#691 = CARTESIAN_POINT ( 'NONE',  ( 0.4130531521077808188, -2.375000000000000000, 6.391230474813309748 ) ) ;
#692 = CARTESIAN_POINT ( 'NONE',  ( 0.2891113444425112977, 2.375000000000000000, 6.250000000000000000 ) ) ;
#693 = CARTESIAN_POINT ( 'NONE',  ( 0.9524423763870617510, -2.496746584557980153, 1.342281514393383057 ) ) ;
#694 = ORIENTED_EDGE ( 'NONE', *, *, #1053, .T. ) ;
#695 = CARTESIAN_POINT ( 'NONE',  ( 0.9630507813886306501, -2.500000000000000000, 1.301776695296636976 ) ) ;
#696 = ADVANCED_FACE ( 'NONE', ( #1733 ), #1355, .T. ) ;
#697 = ORIENTED_EDGE ( 'NONE', *, *, #1580, .T. ) ;
#698 = LINE ( 'NONE', #70, #1250 ) ;
#699 = DIRECTION ( 'NONE',  ( -0.1298437985064723466, 0.000000000000000000, -0.9915344613221522829 ) ) ;
#700 = DIRECTION ( 'NONE',  ( 0.000000000000000000, 0.000000000000000000, 1.000000000000000000 ) ) ;
#701 = CIRCLE ( 'NONE', #1834, 0.1562500000000000000 ) ;
#702 = CYLINDRICAL_SURFACE ( 'NONE', #1109, 0.1250000000000000278 ) ;
#703 = ORIENTED_EDGE ( 'NONE', *, *, #1300, .T. ) ;
#704 = DIRECTION ( 'NONE',  ( -1.000000000000000000, 0.000000000000000000, -0.000000000000000000 ) ) ;
#705 = ORIENTED_EDGE ( 'NONE', *, *, #74, .F. ) ;
#706 = CARTESIAN_POINT ( 'NONE',  ( 1.067815056869685808, 2.625000000000000000, 1.391230474813309081 ) ) ;
#707 = DIRECTION ( 'NONE',  ( -0.9915344613221522829, 0.000000000000000000, 0.1298437985064723466 ) ) ;
#708 = DIRECTION ( 'NONE',  ( 0.1298437985064723466, 0.000000000000000000, -0.9915344613221522829 ) ) ;
#709 = DIRECTION ( 'NONE',  ( 1.224646799147353207E-16, 1.000000000000000000, -0.000000000000000000 ) ) ;
#710 = ORIENTED_EDGE ( 'NONE', *, *, #216, .T. ) ;
#711 = CARTESIAN_POINT ( 'NONE',  ( 1.107563725394892895, 3.500000000000000000, 0.000000000000000000 ) ) ;
#712 = DIRECTION ( 'NONE',  ( 0.000000000000000000, 0.000000000000000000, -1.000000000000000000 ) ) ;
#713 = VECTOR ( 'NONE', #525, 39.37007874015748143 ) ;
#714 = EDGE_CURVE ( 'NONE', #1057, #924, #331, .T. ) ;
#715 = CARTESIAN_POINT ( 'NONE',  ( 0.3333333333333333148, 3.500000000000000444, 7.000000000000000000 ) ) ;
#716 = EDGE_CURVE ( 'NONE', #368, #397, #325, .T. ) ;
#717 = CARTESIAN_POINT ( 'NONE',  ( 0.2891113444425117973, 2.375000000000000000, 6.375000000000000888 ) ) ;
#718 = CARTESIAN_POINT ( 'NONE',  ( -0.4130531521077798751, -2.407730823595814584, 6.391230474813315965 ) ) ;
#719 = ORIENTED_EDGE ( 'NONE', *, *, #902, .F. ) ;
#720 = EDGE_CURVE ( 'NONE', #1857, #1762, #1072, .T. ) ;
#721 = AXIS2_PLACEMENT_3D ( 'NONE', #1651, #867, #557 ) ;
#722 = ADVANCED_FACE ( 'NONE', ( #296 ), #815, .T. ) ;
#723 = PLANE ( 'NONE',  #1953 ) ;
#724 = ORIENTED_EDGE ( 'NONE', *, *, #944, .T. ) ;
#725 = DIRECTION ( 'NONE',  ( 0.000000000000000000, 1.000000000000000000, -0.000000000000000000 ) ) ;
#726 = AXIS2_PLACEMENT_3D ( 'NONE', #1447, #62, #1416 ) ;
#727 = VECTOR ( 'NONE', #1612, 39.37007874015748143 ) ;
#728 = CARTESIAN_POINT ( 'NONE',  ( -1.100553152107780930, -2.375000000000000000, 1.141230474813308859 ) ) ;
#729 =( BOUNDED_CURVE ( )  B_SPLINE_CURVE ( 3, ( #80, #695, #668, #1299 ),
 .UNSPECIFIED., .F., .F. ) 
 B_SPLINE_CURVE_WITH_KNOTS ( ( 4, 4 ),
 ( 1.570796326794896558, 3.141592653589793116 ),
 .UNSPECIFIED. ) 
 CURVE ( )  GEOMETRIC_REPRESENTATION_ITEM ( )  RATIONAL_B_SPLINE_CURVE ( ( 1.000000000000000000, 0.8047378541243649375, 0.8047378541243649375, 1.000000000000000000 ) ) 
 REPRESENTATION_ITEM ( '' )  );
#730 = EDGE_CURVE ( 'NONE', #1994, #1406, #1284, .T. ) ;
#731 = DIRECTION ( 'NONE',  ( 0.000000000000000000, 0.000000000000000000, 1.000000000000000000 ) ) ;
#732 = CYLINDRICAL_SURFACE ( 'NONE', #1302, 0.1562500000000000000 ) ;
#733 = EDGE_LOOP ( 'NONE', ( #1829, #91, #503, #193 ) ) ;
#734 = AXIS2_PLACEMENT_3D ( 'NONE', #1509, #1830, #1194 ) ;
#735 = CARTESIAN_POINT ( 'NONE',  ( 1.067815056869685808, -2.625000000000000000, 1.391230474813309081 ) ) ;
#736 = AXIS2_PLACEMENT_3D ( 'NONE', #302, #1657, #442 ) ;
#737 = ORIENTED_EDGE ( 'NONE', *, *, #1679, .F. ) ;
#738 = DIRECTION ( 'NONE',  ( 0.000000000000000000, 0.000000000000000000, 1.000000000000000000 ) ) ;
#739 = CARTESIAN_POINT ( 'NONE',  ( -1.067815056869685586, -2.625000000000000444, 1.391230474813309081 ) ) ;
#740 = CARTESIAN_POINT ( 'NONE',  ( -0.4139052371046157974, -2.440436971214543060, 6.384723643928387204 ) ) ;
#741 = VERTEX_POINT ( 'NONE', #827 ) ;
#742 = ORIENTED_EDGE ( 'NONE', *, *, #541, .T. ) ;
#743 = FACE_BOUND ( 'NONE', #1071, .T. ) ;
#744 = ORIENTED_EDGE ( 'NONE', *, *, #358, .F. ) ;
#745 = DIRECTION ( 'NONE',  ( 0.000000000000000000, -1.000000000000000000, 0.000000000000000000 ) ) ;
#746 = AXIS2_PLACEMENT_3D ( 'NONE', #1790, #1025, #589 ) ;
#747 = EDGE_CURVE ( 'NONE', #633, #1732, #57, .T. ) ;
#748 = CARTESIAN_POINT ( 'NONE',  ( -0.9724793512108633742, 2.437952372484020636, 1.265776701429895068 ) ) ;
#749 = CIRCLE ( 'NONE', #851, 0.1250000000000004441 ) ;
#750 = DIRECTION ( 'NONE',  ( 1.000000000000000000, 0.000000000000000000, 0.000000000000000000 ) ) ;
#751 = LINE ( 'NONE', #900, #1946 ) ;
#752 = VECTOR ( 'NONE', #1245, 39.37007874015748143 ) ;
#753 = CARTESIAN_POINT ( 'NONE',  ( 0.2891113444425116308, -2.375000000000000000, 6.249999999999999112 ) ) ;
#754 = ORIENTED_EDGE ( 'NONE', *, *, #388, .F. ) ;
#755 = CARTESIAN_POINT ( 'NONE',  ( 1.100553152107781152, 2.375000000000000000, 1.141230474813309081 ) ) ;
#756 = EDGE_LOOP ( 'NONE', ( #1375, #90, #682, #243 ) ) ;
#757 = DIRECTION ( 'NONE',  ( 1.092739197465706076E-15, -1.000000000000000000, 0.000000000000000000 ) ) ;
#758 = EDGE_CURVE ( 'NONE', #1541, #1057, #1561, .T. ) ;
#759 = CARTESIAN_POINT ( 'NONE',  ( 1.072101236150248438, 2.625000000000000444, 1.358499651216284576 ) ) ;
#760 = CARTESIAN_POINT ( 'NONE',  ( -0.3475769616315904642, 3.500000000000000000, 6.891230474813307971 ) ) ;
#761 = CARTESIAN_POINT ( 'NONE',  ( -1.078751287348917787, -2.482537464094733970, 1.307717442062517943 ) ) ;
#762 = DIRECTION ( 'NONE',  ( 0.000000000000000000, 0.000000000000000000, 1.000000000000000000 ) ) ;
#763 = VERTEX_POINT ( 'NONE', #838 ) ;
#764 = ORIENTED_EDGE ( 'NONE', *, *, #1933, .F. ) ;
#765 = CARTESIAN_POINT ( 'NONE',  ( 0.4415328324235801016, 2.492323744478833092, 6.173749279674641599 ) ) ;
#766 = VERTEX_POINT ( 'NONE', #1008 ) ;
#767 = CIRCLE ( 'NONE', #405, 0.1250000000000000000 ) ;
#768 = CARTESIAN_POINT ( 'NONE',  ( -1.100553152107780708, -2.521446609406726491, 1.141230474813308637 ) ) ;
#769 = AXIS2_PLACEMENT_3D ( 'NONE', #860, #1823, #1482 ) ;
#770 = CARTESIAN_POINT ( 'NONE',  ( -0.2236351539663214427, -3.624999999999999556, 6.874999999999999112 ) ) ;
#771 = CARTESIAN_POINT ( 'NONE',  ( -0.9639923382636321758, -2.474958355252317777, 1.298181659955681022 ) ) ;
#772 = DATE_TIME_ROLE ( 'creation_date' ) ;
#773 = CARTESIAN_POINT ( 'NONE',  ( -1.100553152107780930, -2.375000000000000000, 1.141230474813309081 ) ) ;
#774 = EDGE_LOOP ( 'NONE', ( #1353, #1893, #1065, #1571 ) ) ;
#775 = VERTEX_POINT ( 'NONE', #379 ) ;
#776 = CARTESIAN_POINT ( 'NONE',  ( 1.069974844578054585, -2.502105998100922601, 1.374737550495216842 ) ) ;
#777 = ADVANCED_FACE ( 'NONE', ( #77 ), #1618, .T. ) ;
#778 = EDGE_LOOP ( 'NONE', ( #1316, #1908, #460, #1163 ) ) ;
#779 = DIRECTION ( 'NONE',  ( -1.000000000000000000, 0.000000000000000000, 0.000000000000000000 ) ) ;
#780 = FACE_OUTER_BOUND ( 'NONE', #866, .T. ) ;
#781 = DIRECTION ( 'NONE',  ( 0.000000000000000000, 1.000000000000000000, 0.000000000000000000 ) ) ;
#782 = APPROVAL_ROLE ( '' ) ;
#783 = ADVANCED_FACE ( 'NONE', ( #656 ), #845, .T. ) ;
#784 = DIRECTION ( 'NONE',  ( -0.000000000000000000, 1.000000000000000000, -0.000000000000000000 ) ) ;
#785 = CARTESIAN_POINT ( 'NONE',  ( -1.250000000000000000, 2.500000000000000000, 1.250000000000000000 ) ) ;
#786 = ORIENTED_EDGE ( 'NONE', *, *, #1053, .F. ) ;
#787 = TOROIDAL_SURFACE ( 'NONE', #1791, 0.2812500000000000000, 0.1250000000000000000 ) ;
#788 = CARTESIAN_POINT ( 'NONE',  ( 0.9766113444425118528, 2.375000000000000000, 1.125000000000000000 ) ) ;
#789 = ADVANCED_FACE ( 'NONE', ( #518 ), #471, .T. ) ;
#790 = VERTEX_POINT ( 'NONE', #1515 ) ;
#791 = EDGE_CURVE ( 'NONE', #1813, #1298, #491, .T. ) ;
#792 = CARTESIAN_POINT ( 'NONE',  ( 0.000000000000000000, -1.250000000000000000, 0.5000000000000000000 ) ) ;
#793 = CARTESIAN_POINT ( 'NONE',  ( 1.083785430748040124, 2.444495228194151437, 1.269274892469347105 ) ) ;
#794 = DIRECTION ( 'NONE',  ( 0.000000000000000000, 1.000000000000000000, 0.000000000000000000 ) ) ;
#795 = COORDINATED_UNIVERSAL_TIME_OFFSET ( 8, 0, .BEHIND. ) ;
#796 = FACE_OUTER_BOUND ( 'NONE', #1773, .T. ) ;
#797 = DIRECTION ( 'NONE',  ( 0.000000000000000000, 0.000000000000000000, 1.000000000000000000 ) ) ;
#798 = ADVANCED_FACE ( 'NONE', ( #1825 ), #1818, .T. ) ;
#799 = ORIENTED_EDGE ( 'NONE', *, *, #1419, .F. ) ;
#800 = VECTOR ( 'NONE', #1556, 39.37007874015748143 ) ;
#801 = CARTESIAN_POINT ( 'NONE',  ( 0.2891113444425116308, 2.375000000000000000, 6.249999999999999112 ) ) ;
#802 = ADVANCED_FACE ( 'NONE', ( #1648 ), #732, .F. ) ;
#803 = AXIS2_PLACEMENT_3D ( 'NONE', #854, #254, #238 ) ;
#804 = ORIENTED_EDGE ( 'NONE', *, *, #1729, .F. ) ;
#805 = FACE_OUTER_BOUND ( 'NONE', #1450, .T. ) ;
#806 = CARTESIAN_POINT ( 'NONE',  ( 1.082312705391754282, 2.459233106819381121, 1.280521158826458228 ) ) ;
#807 = CARTESIAN_POINT ( 'NONE',  ( 0.3333333333333333148, -3.624999999999999556, 7.000000000000000000 ) ) ;
#808 = CIRCLE ( 'NONE', #892, 0.1250000000000000833 ) ;
#809 = DATE_AND_TIME ( #662, #658 ) ;
#810 = DIRECTION ( 'NONE',  ( 0.000000000000000000, 0.000000000000000000, 1.000000000000000000 ) ) ;
#811 = CARTESIAN_POINT ( 'NONE',  ( 0.4363880719696351385, -2.466064124693875037, 6.213036541322845885 ) ) ;
#812 = EDGE_LOOP ( 'NONE', ( #1910, #1524 ) ) ;
#813 = CARTESIAN_POINT ( 'NONE',  ( 0.3175632604001607517, 2.500000000000000444, 6.141365411798545892 ) ) ;
#814 = ORIENTED_EDGE ( 'NONE', *, *, #995, .T. ) ;
#815 =( BOUNDED_SURFACE ( )  B_SPLINE_SURFACE ( 3, 2, ( 
 ( #915, #927, #1550 ),
 ( #163, #776, #1706 ),
 ( #1276, #1919, #693 ),
 ( #1909, #1315, #1783 ),
 ( #1000, #529, #1624 ),
 ( #1461, #1162, #345 ),
 ( #856, #48, #230 ),
 ( #386, #1928, #675 ),
 ( #1307, #1588, #978 ),
 ( #1151, #1119, #666 ) ),
 .UNSPECIFIED., .F., .F., .F. ) 
 B_SPLINE_SURFACE_WITH_KNOTS ( ( 4, 2, 2, 2, 4 ),
 ( 3, 3 ),
 ( 1.570796326794896558, 1.963495408493620697, 2.356194490192344837, 2.748893571891068976, 3.141592653589793116 ),
 ( 0.000000000000000000, 1.000000000000000000 ),
 .UNSPECIFIED. ) 
 GEOMETRIC_REPRESENTATION_ITEM ( )  RATIONAL_B_SPLINE_SURFACE ( (
 ( 1.000000000000000000, 0.7071067811865471286, 1.000000000000000000),
 ( 1.000000000000000000, 0.7131182554852413258, 1.000000000000000000),
 ( 1.000000000000000000, 0.7190427892407083021, 1.000000000000000000),
 ( 1.000000000000000000, 0.7298803077411699647, 1.000000000000000000),
 ( 1.000000000000000000, 0.7347884573495752081, 1.000000000000000000),
 ( 1.000000000000000000, 0.7429215483138819076, 1.000000000000000000),
 ( 1.000000000000000000, 0.7461451558998972722, 1.000000000000000000),
 ( 1.000000000000000000, 0.7504910910643738386, 1.000000000000000000),
 ( 1.000000000000000000, 0.7516172658125340744, 1.000000000000000000),
 ( 1.000000000000000000, 0.7516128652792181120, 1.000000000000000000) ) ) 
 REPRESENTATION_ITEM ( '' )  SURFACE ( )  );
#816 = CARTESIAN_POINT ( 'NONE',  ( 0.3333333333333333148, -3.500000000000000000, 7.000000000000000000 ) ) ;
#817 = CARTESIAN_POINT ( 'NONE',  ( 0.4330367896977849740, -2.429723396233022470, 6.238628151399131738 ) ) ;
#818 = VERTEX_POINT ( 'NONE', #577 ) ;
#819 = CARTESIAN_POINT ( 'NONE',  ( -0.3175632604001979997, -2.500000000000000444, 6.141365411798513030 ) ) ;
#820 = ORIENTED_EDGE ( 'NONE', *, *, #1865, .F. ) ;
#821 = CARTESIAN_POINT ( 'NONE',  ( -1.107563725394892895, 3.500000000000000000, 0.1250000000000000000 ) ) ;
#822 = EDGE_CURVE ( 'NONE', #1519, #1306, #1206, .T. ) ;
#823 = DIRECTION ( 'NONE',  ( -0.1298437985064723466, 0.000000000000000000, -0.9915344613221522829 ) ) ;
#824 = DIRECTION ( 'NONE',  ( -0.000000000000000000, 1.000000000000000000, -0.000000000000000000 ) ) ;
#825 = DIRECTION ( 'NONE',  ( -1.000000000000000000, 0.000000000000000000, 0.000000000000000000 ) ) ;
#826 = ORIENTED_EDGE ( 'NONE', *, *, #167, .F. ) ;
#827 = CARTESIAN_POINT ( 'NONE',  ( 0.2812500000000000000, -1.250000000000000000, 1.707404996040164512E-17 ) ) ;
#828 = EDGE_LOOP ( 'NONE', ( #724, #826, #164, #1357, #1253 ) ) ;
#829 = TOROIDAL_SURFACE ( 'NONE', #990, 0.03125000000000000694, 0.1250000000000000000 ) ;
#830 = CARTESIAN_POINT ( 'NONE',  ( -0.2236351539663214150, 3.500000000000000000, 6.874999999999999112 ) ) ;
#831 = AXIS2_PLACEMENT_3D ( 'NONE', #257, #565, #113 ) ;
#832 = CARTESIAN_POINT ( 'NONE',  ( -0.4256721582866541120, 2.574916710504668416, 6.294867154901913509 ) ) ;
#833 = CIRCLE ( 'NONE', #670, 0.1249999999999999029 ) ;
#834 = CIRCLE ( 'NONE', #1548, 0.1249999999999999861 ) ;
#835 = CARTESIAN_POINT ( 'NONE',  ( 0.4171851453393740639, -2.500904744968024396, 6.359677071953867333 ) ) ;
#836 = FACE_OUTER_BOUND ( 'NONE', #1507, .T. ) ;
#837 = ORIENTED_EDGE ( 'NONE', *, *, #1504, .T. ) ;
#838 = CARTESIAN_POINT ( 'NONE',  ( 1.100553152107781152, -2.375000000000000000, 1.141230474813309081 ) ) ;
#839 = ORIENTED_EDGE ( 'NONE', *, *, #720, .F. ) ;
#840 = ADVANCED_FACE ( 'NONE', ( #256 ), #702, .T. ) ;
#841 = LINE ( 'NONE', #972, #1155 ) ;
#842 = FACE_OUTER_BOUND ( 'NONE', #1452, .T. ) ;
#843 = ADVANCED_FACE ( 'NONE', ( #882 ), #403, .T. ) ;
#844 = CARTESIAN_POINT ( 'NONE',  ( 0.2891113444425116308, 2.448223304703363468, 6.250000000000001776 ) ) ;
#845 = CYLINDRICAL_SURFACE ( 'NONE', #1464, 0.1250000000000004441 ) ;
#846 = AXIS2_PLACEMENT_3D ( 'NONE', #264, #865, #1486 ) ;
#847 = ORIENTED_EDGE ( 'NONE', *, *, #1505, .T. ) ;
#848 = EDGE_CURVE ( 'NONE', #1538, #1420, #583, .T. ) ;
#849 = DIRECTION ( 'NONE',  ( 1.000000000000000000, 0.000000000000000000, -0.000000000000000000 ) ) ;
#850 = EDGE_CURVE ( 'NONE', #528, #357, #1723, .T. ) ;
#851 = AXIS2_PLACEMENT_3D ( 'NONE', #1758, #824, #499 ) ;
#852 = CARTESIAN_POINT ( 'NONE',  ( -0.9623677161442547590, 2.500000000000000000, 1.233769525186690919 ) ) ;
#853 = AXIS2_PLACEMENT_3D ( 'NONE', #240, #1901, #683 ) ;
#854 = CARTESIAN_POINT ( 'NONE',  ( 0.2236351539663214705, -3.500000000000000000, 6.874999999999999112 ) ) ;
#855 = CARTESIAN_POINT ( 'NONE',  ( 0.2236351539663214705, 3.500000000000000000, 6.874999999999999112 ) ) ;
#856 = CARTESIAN_POINT ( 'NONE',  ( 1.096421158876137891, -2.500904744968003079, 1.172783877673128083 ) ) ;
#857 = ADVANCED_FACE ( 'NONE', ( #1331 ), #1352, .T. ) ;
#858 = ORIENTED_EDGE ( 'NONE', *, *, #1073, .T. ) ;
#859 = CARTESIAN_POINT ( 'NONE',  ( -1.107563725394892895, -3.500000000000000000, 0.1250000000000000000 ) ) ;
#860 = CARTESIAN_POINT ( 'NONE',  ( 0.000000000000000000, -1.250000000000000000, 0.1250000000000000278 ) ) ;
#861 = AXIS2_PLACEMENT_3D ( 'NONE', #1324, #542, #563 ) ;
#862 = CARTESIAN_POINT ( 'NONE',  ( 0.1562500000000000000, -1.250000000000000000, 0.5000000000000000000 ) ) ;
#863 = CYLINDRICAL_SURFACE ( 'NONE', #1777, 0.1250000000000004441 ) ;
#864 = VECTOR ( 'NONE', #823, 39.37007874015748143 ) ;
#865 = DIRECTION ( 'NONE',  ( 0.000000000000000000, 0.000000000000000000, -1.000000000000000000 ) ) ;
#866 = EDGE_LOOP ( 'NONE', ( #645, #1440, #1496, #1019 ) ) ;
#867 = DIRECTION ( 'NONE',  ( 0.000000000000000000, -1.000000000000000000, -0.000000000000000000 ) ) ;
#868 = FACE_OUTER_BOUND ( 'NONE', #1097, .T. ) ;
#869 = EDGE_CURVE ( 'NONE', #1108, #1326, #103, .T. ) ;
#870 = LINE ( 'NONE', #715, #961 ) ;
#871 = CARTESIAN_POINT ( 'NONE',  ( 0.3026719074963927225, 2.500000000000000000, 6.198223304703363468 ) ) ;
#872 = CARTESIAN_POINT ( 'NONE',  ( -0.4339394411137311725, -2.442686588866815889, 6.231735176949623423 ) ) ;
#873 = ORIENTED_EDGE ( 'NONE', *, *, #1448, .F. ) ;
#874 = DIRECTION ( 'NONE',  ( -1.000000000000000000, 0.000000000000000000, 0.000000000000000000 ) ) ;
#875 = ORIENTED_EDGE ( 'NONE', *, *, #1323, .T. ) ;
#876 = CARTESIAN_POINT ( 'NONE',  ( -1.086992589053899838, 2.625000000000000444, 1.244783865406582812 ) ) ;
#877 = PRODUCT_DEFINITION_FORMATION_WITH_SPECIFIED_SOURCE ( 'ANY', '', #1584, .NOT_KNOWN. ) ;
#878 = EDGE_CURVE ( 'NONE', #116, #1478, #396, .T. ) ;
#879 = CIRCLE ( 'NONE', #1336, 0.1250000000000000278 ) ;
#880 = PLANE ( 'NONE',  #215 ) ;
#881 = PERSON_AND_ORGANIZATION ( #1396, #157 ) ;
#882 = FACE_OUTER_BOUND ( 'NONE', #647, .T. ) ;
#883 =( BOUNDED_CURVE ( )  B_SPLINE_CURVE ( 3, ( #101, #158, #314, #1675 ),
 .UNSPECIFIED., .F., .F. ) 
 B_SPLINE_CURVE_WITH_KNOTS ( ( 4, 4 ),
 ( 1.570796326794896558, 3.141592653589793116 ),
 .UNSPECIFIED. ) 
 CURVE ( )  GEOMETRIC_REPRESENTATION_ITEM ( )  RATIONAL_B_SPLINE_CURVE ( ( 1.000000000000000000, 0.8047378541243649375, 0.8047378541243649375, 1.000000000000000000 ) ) 
 REPRESENTATION_ITEM ( '' )  );
#884 = VERTEX_POINT ( 'NONE', #1809 ) ;
#885 = CARTESIAN_POINT ( 'NONE',  ( -1.107563725394893117, -3.500000000000000000, 0.000000000000000000 ) ) ;
#886 = ORIENTED_EDGE ( 'NONE', *, *, #1896, .F. ) ;
#887 = DIRECTION ( 'NONE',  ( -0.000000000000000000, -0.000000000000000000, -1.000000000000000000 ) ) ;
#888 = CIRCLE ( 'NONE', #32, 0.1250000000000000000 ) ;
#889 = CARTESIAN_POINT ( 'NONE',  ( -0.9766113444423416556, 2.391365411797921947, 1.249999999999999778 ) ) ;
#890 = DIRECTION ( 'NONE',  ( 0.9915344613221522829, 0.000000000000000000, 0.1298437985064722355 ) ) ;
#891 = CARTESIAN_POINT ( 'NONE',  ( 0.4315476190476186802, -2.375000000000000444, 6.249999999999999112 ) ) ;
#892 = AXIS2_PLACEMENT_3D ( 'NONE', #234, #513, #82 ) ;
#893 = CARTESIAN_POINT ( 'NONE',  ( 1.100553152107780930, -2.521446609406726047, 1.141230474813308859 ) ) ;
#894 = VECTOR ( 'NONE', #1761, 39.37007874015748143 ) ;
#895 = ORIENTED_EDGE ( 'NONE', *, *, #902, .T. ) ;
#896 = CC_DESIGN_DATE_AND_TIME_ASSIGNMENT ( #1895, #179, ( #1105 ) ) ;
#897 = CARTESIAN_POINT ( 'NONE',  ( 1.086309523809523725, 2.625000000000000000, 1.250000000000000000 ) ) ;
#898 = CARTESIAN_POINT ( 'NONE',  ( -0.9438732492044166200, 2.500000000000000444, 1.375000000000000000 ) ) ;
#899 = CARTESIAN_POINT ( 'NONE',  ( 0.2093915256680642656, -3.500000000000000000, 6.983769525186690252 ) ) ;
#900 = CARTESIAN_POINT ( 'NONE',  ( -1.100553152107780930, 2.500000000000000000, 1.141230474813309081 ) ) ;
#901 = DIRECTION ( 'NONE',  ( 1.000000000000000000, 0.000000000000000000, -0.000000000000000000 ) ) ;
#902 = EDGE_CURVE ( 'NONE', #121, #1559, #424, .T. ) ;
#903 = VERTEX_POINT ( 'NONE', #773 ) ;
#904 = PLANE ( 'NONE',  #721 ) ;
#905 = ORIENTED_EDGE ( 'NONE', *, *, #1360, .F. ) ;
#906 = PRODUCT_DEFINITION ( 'UNKNOWN', '', #877, #607 ) ;
#907 = DIRECTION ( 'NONE',  ( 0.000000000000000000, 0.000000000000000000, 1.000000000000000000 ) ) ;
#908 = CARTESIAN_POINT ( 'NONE',  ( 1.100553152107753174, 2.407730823595812364, 1.141230474813520246 ) ) ;
#909 = CARTESIAN_POINT ( 'NONE',  ( -1.099701067110991914, -2.440436971214521744, 1.147737305697879018 ) ) ;
#910 = AXIS2_PLACEMENT_3D ( 'NONE', #350, #1888, #1116 ) ;
#911 = LINE ( 'NONE', #1049, #1871 ) ;
#912 = DIRECTION ( 'NONE',  ( 0.000000000000000000, 1.000000000000000000, -0.000000000000000000 ) ) ;
#913 = EDGE_LOOP ( 'NONE', ( #520, #1609, #710, #1672 ) ) ;
#914 = VERTEX_POINT ( 'NONE', #169 ) ;
#915 = CARTESIAN_POINT ( 'NONE',  ( 1.067815056869685586, -2.625000000000000444, 1.391230474813309081 ) ) ;
#916 = ORIENTED_EDGE ( 'NONE', *, *, #511, .F. ) ;
#917 = AXIS2_PLACEMENT_3D ( 'NONE', #1142, #1765, #369 ) ;
#918 = DIRECTION ( 'NONE',  ( 0.000000000000000000, 0.000000000000000000, -1.000000000000000000 ) ) ;
#919 = DIRECTION ( 'NONE',  ( -0.000000000000000000, -0.000000000000000000, 1.000000000000000000 ) ) ;
#920 = CARTESIAN_POINT ( 'NONE',  ( -1.086309523809523725, -2.375000000000000888, 1.249999999999999778 ) ) ;
#921 = EDGE_CURVE ( 'NONE', #1420, #129, #946, .T. ) ;
#922 =( CONVERSION_BASED_UNIT ( 'INCH', #587 ) LENGTH_UNIT ( ) NAMED_UNIT ( #1445 ) );
#923 = LINE ( 'NONE', #1856, #1563 ) ;
#924 = VERTEX_POINT ( 'NONE', #137 ) ;
#925 = ORIENTED_EDGE ( 'NONE', *, *, #848, .F. ) ;
#926 =( BOUNDED_CURVE ( )  B_SPLINE_CURVE ( 3, ( #21, #1113, #1248, #1843 ),
 .UNSPECIFIED., .F., .F. ) 
 B_SPLINE_CURVE_WITH_KNOTS ( ( 4, 4 ),
 ( 1.570796326794895892, 3.141592653589793116 ),
 .UNSPECIFIED. ) 
 CURVE ( )  GEOMETRIC_REPRESENTATION_ITEM ( )  RATIONAL_B_SPLINE_CURVE ( ( 1.000000000000000000, 0.8047378541243649375, 0.8047378541243649375, 1.000000000000000000 ) ) 
 REPRESENTATION_ITEM ( '' )  );
#927 = CARTESIAN_POINT ( 'NONE',  ( 1.067815056869685586, -2.500000000000000888, 1.391230474813308859 ) ) ;
#928 = ORIENTED_EDGE ( 'NONE', *, *, #1833, .T. ) ;
#929 = AXIS2_PLACEMENT_3D ( 'NONE', #953, #1400, #757 ) ;
#930 = DIRECTION ( 'NONE',  ( 0.1298437985064723466, 0.000000000000000000, -0.9915344613221522829 ) ) ;
#931 = APPROVAL_PERSON_ORGANIZATION ( #1535, #312, #1993 ) ;
#932 = EDGE_CURVE ( 'NONE', #400, #633, #1104, .T. ) ;
#933 = DIRECTION ( 'NONE',  ( 0.1298437985064723466, 0.000000000000000000, 0.9915344613221522829 ) ) ;
#934 = CARTESIAN_POINT ( 'NONE',  ( -1.093994626102450463, -2.528636680088638400, 1.191313764308560064 ) ) ;
#935 = DIRECTION ( 'NONE',  ( 0.000000000000000000, 0.000000000000000000, 1.000000000000000000 ) ) ;
#936 = EDGE_CURVE ( 'NONE', #1669, #604, #923, .T. ) ;
#937 = DIRECTION ( 'NONE',  ( 0.000000000000000000, 0.000000000000000000, 1.000000000000000000 ) ) ;
#938 = ORIENTED_EDGE ( 'NONE', *, *, #611, .F. ) ;
#939 = DIRECTION ( 'NONE',  ( 0.000000000000000000, 0.000000000000000000, -1.000000000000000000 ) ) ;
#940 = ORIENTED_EDGE ( 'NONE', *, *, #1812, .T. ) ;
#941 = DIRECTION ( 'NONE',  ( 1.000000000000000000, -2.731847993664265191E-16, 0.000000000000000000 ) ) ;
#942 = CARTESIAN_POINT ( 'NONE',  ( -0.1562500000000000000, 1.250000000000000000, 0.5000000000000000000 ) ) ;
#943 = VECTOR ( 'NONE', #1772, 39.37007874015748143 ) ;
#944 = EDGE_CURVE ( 'NONE', #539, #766, #1141, .T. ) ;
#945 = CARTESIAN_POINT ( 'NONE',  ( -0.4130531521077808188, 2.375000000000000000, 6.391230474813309748 ) ) ;
#946 = LINE ( 'NONE', #1523, #550 ) ;
#947 = AXIS2_PLACEMENT_3D ( 'NONE', #375, #1291, #1905 ) ;
#948 = CARTESIAN_POINT ( 'NONE',  ( 0.2812500000000000000, -1.250000000000000000, 0.1250000000000000278 ) ) ;
#949 = EDGE_LOOP ( 'NONE', ( #415, #578, #719, #1295 ) ) ;
#950 = CIRCLE ( 'NONE', #1402, 0.1250000000000000000 ) ;
#951 = DIRECTION ( 'NONE',  ( 1.000000000000000000, -0.000000000000000000, 0.000000000000000000 ) ) ;
#952 = ORIENTED_EDGE ( 'NONE', *, *, #641, .F. ) ;
#953 = CARTESIAN_POINT ( 'NONE',  ( -1.107563725394893117, -3.500000000000000000, 0.1250000000000000000 ) ) ;
#954 =( BOUNDED_SURFACE ( )  B_SPLINE_SURFACE ( 3, 2, ( 
 ( #728, #920, #1521 ),
 ( #465, #1219, #135 ),
 ( #909, #147, #1686 ),
 ( #1040, #1048, #1545 ),
 ( #934, #271, #1664 ),
 ( #1835, #761, #771 ),
 ( #1081, #1554, #126 ),
 ( #283, #1393, #7 ),
 ( #575, #1197, #1512 ),
 ( #739, #1401, #629 ) ),
 .UNSPECIFIED., .F., .F., .F. ) 
 B_SPLINE_SURFACE_WITH_KNOTS ( ( 4, 2, 2, 2, 4 ),
 ( 3, 3 ),
 ( -0.000000000000000000, 0.3926990816987241395, 0.7853981633974482790, 1.178097245096172418, 1.570796326794896558 ),
 ( 0.000000000000000000, 1.000000000000000000 ),
 .UNSPECIFIED. ) 
 GEOMETRIC_REPRESENTATION_ITEM ( )  RATIONAL_B_SPLINE_SURFACE ( (
 ( 1.000000000000000000, 0.7516128652792177789, 1.000000000000000000),
 ( 1.000000000000000000, 0.7516172658126027972, 1.000000000000000000),
 ( 1.000000000000000000, 0.7504910910642829114, 1.000000000000000000),
 ( 1.000000000000000000, 0.7461451558999881994, 1.000000000000000000),
 ( 1.000000000000000000, 0.7429215483137830978, 1.000000000000000000),
 ( 1.000000000000000000, 0.7347884573496733518, 1.000000000000000000),
 ( 1.000000000000000000, 0.7298803077410301876, 1.000000000000000000),
 ( 1.000000000000000000, 0.7190427892408474131, 1.000000000000000000),
 ( 1.000000000000000000, 0.7131182554851376310, 1.000000000000000000),
 ( 1.000000000000000000, 0.7071067811865475727, 1.000000000000000000) ) ) 
 REPRESENTATION_ITEM ( '' )  SURFACE ( )  );
#955 = DIRECTION ( 'NONE',  ( -0.000000000000000000, -0.000000000000000000, 1.000000000000000000 ) ) ;
#956 = PERSON_AND_ORGANIZATION ( #1396, #157 ) ;
#957 = CARTESIAN_POINT ( 'NONE',  ( -1.086309523809523725, -2.500000000000000000, 1.375000000000000000 ) ) ;
#958 = DIRECTION ( 'NONE',  ( -1.224646799147353207E-16, 1.000000000000000000, 0.000000000000000000 ) ) ;
#959 = ORIENTED_EDGE ( 'NONE', *, *, #1328, .T. ) ;
#960 = DIRECTION ( 'NONE',  ( 1.000000000000000000, -0.000000000000000000, 0.000000000000000000 ) ) ;
#961 = VECTOR ( 'NONE', #1925, 39.37007874015748143 ) ;
#962 = ORIENTED_EDGE ( 'NONE', *, *, #88, .T. ) ;
#963 = DIRECTION ( 'NONE',  ( 0.9915344613221522829, 0.000000000000000000, 0.1298437985064722355 ) ) ;
#964 = VECTOR ( 'NONE', #708, 39.37007874015748143 ) ;
#965 = SHAPE_DEFINITION_REPRESENTATION ( #609, #211 ) ;
#966 = CARTESIAN_POINT ( 'NONE',  ( 0.9229789112980855137, 2.625000000000000000, 1.534556762193796997 ) ) ;
#967 = DIRECTION ( 'NONE',  ( 0.000000000000000000, 0.000000000000000000, 1.000000000000000000 ) ) ;
#968 = EDGE_LOOP ( 'NONE', ( #1397, #1932, #66, #484 ) ) ;
#969 = DIRECTION ( 'NONE',  ( 0.000000000000000000, 0.000000000000000000, 1.000000000000000000 ) ) ;
#970 = EDGE_CURVE ( 'NONE', #903, #1848, #751, .T. ) ;
#971 = ORIENTED_EDGE ( 'NONE', *, *, #1115, .T. ) ;
#972 = CARTESIAN_POINT ( 'NONE',  ( -0.4315476190476188467, -2.375000000000000000, 6.250000000000000000 ) ) ;
#973 = DIRECTION ( 'NONE',  ( -2.458663194297839066E-15, -1.000000000000000000, 0.000000000000000000 ) ) ;
#974 = PERSON_AND_ORGANIZATION_ROLE ( 'design_supplier' ) ;
#975 = CARTESIAN_POINT ( 'NONE',  ( -0.2812500000000000000, -1.250000000000000000, 0.1250000000000000278 ) ) ;
#976 = DIRECTION ( 'NONE',  ( 1.000000000000000000, 0.000000000000000000, 0.000000000000000000 ) ) ;
#977 = VERTEX_POINT ( 'NONE', #1394 ) ;
#978 = CARTESIAN_POINT ( 'NONE',  ( 0.9766113444423415446, -2.391365411797921947, 1.249999999999999778 ) ) ;
#979 = EDGE_LOOP ( 'NONE', ( #1399, #959, #104, #592 ) ) ;
#980 = AXIS2_PLACEMENT_3D ( 'NONE', #71, #363, #1767 ) ;
#981 = SPHERICAL_SURFACE ( 'NONE', #207, 0.1250000000000000000 ) ;
#982 = PLANE ( 'NONE',  #1054 ) ;
#983 = CIRCLE ( 'NONE', #1278, 0.1250000000000000000 ) ;
#984 = DIRECTION ( 'NONE',  ( 0.000000000000000000, 0.000000000000000000, -1.000000000000000000 ) ) ;
#985 = CARTESIAN_POINT ( 'NONE',  ( 0.3017303506213912523, -2.474958355252318221, 6.201818340044320088 ) ) ;
#986 = CARTESIAN_POINT ( 'NONE',  ( 1.107563725394892895, 3.500000000000000000, 0.1250000000000000000 ) ) ;
#987 = ORIENTED_EDGE ( 'NONE', *, *, #1146, .F. ) ;
#988 = CARTESIAN_POINT ( 'NONE',  ( -0.3017303506213814268, -2.474958355252448783, 6.201818340044189526 ) ) ;
#989 = VERTEX_POINT ( 'NONE', #1230 ) ;
#990 = AXIS2_PLACEMENT_3D ( 'NONE', #1740, #967, #1889 ) ;
#991 = DIRECTION ( 'NONE',  ( -0.1298437985064725686, -0.000000000000000000, -0.9915344613221522829 ) ) ;
#992 = VECTOR ( 'NONE', #1154, 39.37007874015748143 ) ;
#993 = CARTESIAN_POINT ( 'NONE',  ( -0.3132803124979560705, 2.496746584557883342, 6.157718485606850756 ) ) ;
#994 =( BOUNDED_CURVE ( )  B_SPLINE_CURVE ( 3, ( #1665, #1817, #119, #1687 ),
 .UNSPECIFIED., .F., .F. ) 
 B_SPLINE_CURVE_WITH_KNOTS ( ( 4, 4 ),
 ( 4.712388980384689674, 6.283185307179586232 ),
 .UNSPECIFIED. ) 
 CURVE ( )  GEOMETRIC_REPRESENTATION_ITEM ( )  RATIONAL_B_SPLINE_CURVE ( ( 1.000000000000000000, 0.8047378541243649375, 0.8047378541243649375, 1.000000000000000000 ) ) 
 REPRESENTATION_ITEM ( '' )  );
#995 = EDGE_CURVE ( 'NONE', #129, #1802, #1160, .T. ) ;
#996 = AXIS2_PLACEMENT_3D ( 'NONE', #1203, #1654, #712 ) ;
#997 = CARTESIAN_POINT ( 'NONE',  ( -0.2891113444425117973, -2.448223304703363468, 6.250000000000000000 ) ) ;
#998 = AXIS2_PLACEMENT_3D ( 'NONE', #597, #576, #1844 ) ;
#999 = FACE_OUTER_BOUND ( 'NONE', #190, .T. ) ;
#1000 = CARTESIAN_POINT ( 'NONE',  ( 1.087934145928900254, -2.574916710504896233, 1.237593794724760832 ) ) ;
#1001 = ADVANCED_FACE ( 'NONE', ( #1566 ), #643, .T. ) ;
#1002 = DIRECTION ( 'NONE',  ( 0.000000000000000000, -0.000000000000000000, 1.000000000000000000 ) ) ;
#1003 = ORIENTED_EDGE ( 'NONE', *, *, #388, .T. ) ;
#1004 = CARTESIAN_POINT ( 'NONE',  ( 0.9766113444425118528, -2.375000000000000000, 1.250000000000000000 ) ) ;
#1005 = CARTESIAN_POINT ( 'NONE',  ( 1.107563725394892895, -3.624999999999999556, 0.1250000000000000000 ) ) ;
#1006 = EDGE_CURVE ( 'NONE', #1306, #1519, #360, .T. ) ;
#1007 = DIRECTION ( 'NONE',  ( -0.000000000000000000, 1.000000000000000000, 0.000000000000000000 ) ) ;
#1008 = CARTESIAN_POINT ( 'NONE',  ( -1.231505533060161861, -3.500000000000000000, 0.1412304748133090537 ) ) ;
#1009 = ORIENTED_EDGE ( 'NONE', *, *, #822, .F. ) ;
#1010 = CARTESIAN_POINT ( 'NONE',  ( 1.067815056869685586, 2.500000000000000888, 1.391230474813309304 ) ) ;
#1011 = AXIS2_PLACEMENT_3D ( 'NONE', #340, #451, #1391 ) ;
#1012 = LINE ( 'NONE', #1498, #1021 ) ;
#1013 = AXIS2_PLACEMENT_3D ( 'NONE', #1987, #1811, #1489 ) ;
#1014 = LINE ( 'NONE', #1188, #1218 ) ;
#1015 = CARTESIAN_POINT ( 'NONE',  ( -0.9766113444425118528, -2.375000000000000000, 1.250000000000000000 ) ) ;
#1016 = DIRECTION ( 'NONE',  ( 0.000000000000000000, 0.000000000000000000, -1.000000000000000000 ) ) ;
#1017 = VERTEX_POINT ( 'NONE', #1677 ) ;
#1018 = DIRECTION ( 'NONE',  ( -1.000000000000000000, 0.000000000000000000, 0.000000000000000000 ) ) ;
#1019 = ORIENTED_EDGE ( 'NONE', *, *, #1421, .F. ) ;
#1020 = CARTESIAN_POINT ( 'NONE',  ( 1.086992589053899838, 2.625000000000000444, 1.244783865406582812 ) ) ;
#1021 = VECTOR ( 'NONE', #269, 39.37007874015748143 ) ;
#1022 = FACE_BOUND ( 'NONE', #370, .T. ) ;
#1023 = CARTESIAN_POINT ( 'NONE',  ( 1.107563725394892673, 3.500000000000000000, 0.1250000000000004163 ) ) ;
#1024 = CIRCLE ( 'NONE', #381, 0.1562500000000000000 ) ;
#1025 = DIRECTION ( 'NONE',  ( 0.000000000000000000, 1.000000000000000000, 0.000000000000000000 ) ) ;
#1026 =( BOUNDED_SURFACE ( )  B_SPLINE_SURFACE ( 3, 2, ( 
 ( #275, #891, #753 ),
 ( #1678, #1567, #73 ),
 ( #515, #54, #500 ),
 ( #835, #817, #1292 ),
 ( #680, #37, #1870 ),
 ( #1731, #811, #985 ),
 ( #1096, #1751, #1718 ),
 ( #1898, #335, #1125 ),
 ( #1586, #507, #1458 ),
 ( #490, #351, #197 ) ),
 .UNSPECIFIED., .F., .F., .F. ) 
 B_SPLINE_SURFACE_WITH_KNOTS ( ( 4, 2, 2, 2, 4 ),
 ( 3, 3 ),
 ( 0.000000000000000000, 0.3926990816987241395, 0.7853981633974482790, 1.178097245096172418, 1.570796326794896558 ),
 ( 0.000000000000000000, 1.000000000000000000 ),
 .UNSPECIFIED. ) 
 GEOMETRIC_REPRESENTATION_ITEM ( )  RATIONAL_B_SPLINE_SURFACE ( (
 ( 1.000000000000000000, 0.6596045032796272745, 1.000000000000000000),
 ( 1.000000000000000000, 0.6595973320071687462, 1.000000000000000000),
 ( 1.000000000000000000, 0.6608886843388758203, 1.000000000000000000),
 ( 1.000000000000000000, 0.6657913615925844519, 1.000000000000000000),
 ( 1.000000000000000000, 0.6694056992790534677, 1.000000000000000000),
 ( 1.000000000000000000, 0.6783231826412338128, 1.000000000000000000),
 ( 1.000000000000000000, 0.6836201671188223417, 1.000000000000000000),
 ( 1.000000000000000000, 0.6950102616155954260, 1.000000000000000000),
 ( 1.000000000000000000, 0.7010979906011658436, 1.000000000000000000),
 ( 1.000000000000000000, 0.7071067811865475727, 1.000000000000000000) ) ) 
 REPRESENTATION_ITEM ( '' )  SURFACE ( )  );
#1027 = ORIENTED_EDGE ( 'NONE', *, *, #970, .F. ) ;
#1028 = DIRECTION ( 'NONE',  ( -0.000000000000000000, -0.000000000000000000, 1.000000000000000000 ) ) ;
#1029 = ADVANCED_FACE ( 'NONE', ( #1383 ), #787, .T. ) ;
#1030 = DIRECTION ( 'NONE',  ( -0.000000000000000000, -1.000000000000000000, 0.000000000000000000 ) ) ;
#1031 = CC_DESIGN_PERSON_AND_ORGANIZATION_ASSIGNMENT ( #881, #1220, ( #1584 ) ) ;
#1032 = DIRECTION ( 'NONE',  ( -1.000000000000000000, 0.000000000000000000, -0.000000000000000000 ) ) ;
#1033 = CARTESIAN_POINT ( 'NONE',  ( -0.4196116781131216111, -2.528636680088377719, 6.341147185317979051 ) ) ;
#1034 = ORIENTED_EDGE ( 'NONE', *, *, #970, .T. ) ;
#1035 = DIRECTION ( 'NONE',  ( 0.1298437985064718747, -0.000000000000000000, 0.9915344613221523939 ) ) ;
#1036 = AXIS2_PLACEMENT_3D ( 'NONE', #1753, #221, #65 ) ;
#1037 = EDGE_LOOP ( 'NONE', ( #1741, #657, #1979, #106 ) ) ;
#1038 = CARTESIAN_POINT ( 'NONE',  ( -1.104983927321494086, 3.500000000000000000, 0.1447002761968623485 ) ) ;
#1039 = AXIS2_PLACEMENT_3D ( 'NONE', #467, #454, #1084 ) ;
#1040 = CARTESIAN_POINT ( 'NONE',  ( -1.096421158876142110, -2.500904744968024396, 1.172783877673095665 ) ) ;
#1041 = CARTESIAN_POINT ( 'NONE',  ( -0.4315476190473635509, -2.388914202529937469, 6.249999999999998224 ) ) ;
#1042 = DIRECTION ( 'NONE',  ( 0.000000000000000000, 0.000000000000000000, -1.000000000000000000 ) ) ;
#1043 = CARTESIAN_POINT ( 'NONE',  ( 0.000000000000000000, 1.250000000000000000, 0.000000000000000000 ) ) ;
#1044 = CARTESIAN_POINT ( 'NONE',  ( -0.4457912473458762737, -2.625000000000000000, 6.141230474813308859 ) ) ;
#1045 = CIRCLE ( 'NONE', #1082, 0.1250000000000000000 ) ;
#1046 = CIRCLE ( 'NONE', #186, 0.1250000000000004441 ) ;
#1047 = ADVANCED_FACE ( 'NONE', ( #149 ), #1759, .F. ) ;
#1048 = CARTESIAN_POINT ( 'NONE',  ( -1.083785430747924883, -2.444495228194165204, 1.269274892469581584 ) ) ;
#1049 = CARTESIAN_POINT ( 'NONE',  ( -1.104983927321493642, 3.624999999999999556, 0.1447002761968623208 ) ) ;
#1050 = CARTESIAN_POINT ( 'NONE',  ( -0.2899634294392908762, -2.407718485607332592, 6.246746584557682169 ) ) ;
#1051 =( BOUNDED_CURVE ( )  B_SPLINE_CURVE ( 3, ( #245, #876, #1962, #1981 ),
 .UNSPECIFIED., .F., .F. ) 
 B_SPLINE_CURVE_WITH_KNOTS ( ( 4, 4 ),
 ( 4.712388980384689674, 6.283185307179586232 ),
 .UNSPECIFIED. ) 
 CURVE ( )  GEOMETRIC_REPRESENTATION_ITEM ( )  RATIONAL_B_SPLINE_CURVE ( ( 1.000000000000000000, 0.8047378541243649375, 0.8047378541243649375, 1.000000000000000000 ) ) 
 REPRESENTATION_ITEM ( '' )  );
#1052 = ORIENTED_EDGE ( 'NONE', *, *, #848, .T. ) ;
#1053 = EDGE_CURVE ( 'NONE', #818, #1057, #1404, .T. ) ;
#1054 = AXIS2_PLACEMENT_3D ( 'NONE', #1473, #1443, #1934 ) ;
#1055 = ORIENTED_EDGE ( 'NONE', *, *, #1955, .F. ) ;
#1056 = FACE_OUTER_BOUND ( 'NONE', #1941, .T. ) ;
#1057 = VERTEX_POINT ( 'NONE', #1868 ) ;
#1058 = CYLINDRICAL_SURFACE ( 'NONE', #1288, 0.1249999999999999029 ) ;
#1059 = CARTESIAN_POINT ( 'NONE',  ( -1.072101236150237336, 2.625000000000000444, 1.358499651216368953 ) ) ;
#1060 = DIRECTION ( 'NONE',  ( 0.9915344613221522829, 0.000000000000000000, 0.1298437985064722355 ) ) ;
#1061 = DIRECTION ( 'NONE',  ( 0.000000000000000000, 1.000000000000000000, -0.000000000000000000 ) ) ;
#1062 = CARTESIAN_POINT ( 'NONE',  ( -0.3333333333333332593, -3.500000000000000000, 7.000000000000000888 ) ) ;
#1063 = ORIENTED_EDGE ( 'NONE', *, *, #869, .F. ) ;
#1064 = CARTESIAN_POINT ( 'NONE',  ( 0.4457912473458758851, 2.500000000000000444, 6.141230474813308859 ) ) ;
#1065 = ORIENTED_EDGE ( 'NONE', *, *, #1308, .F. ) ;
#1066 = CARTESIAN_POINT ( 'NONE',  ( -0.3214044372838739672, -2.625000000000000000, 6.128398200120507511 ) ) ;
#1067 = DIRECTION ( 'NONE',  ( 0.000000000000000000, 0.000000000000000000, -1.000000000000000000 ) ) ;
#1068 = CARTESIAN_POINT ( 'NONE',  ( -0.9700528184371729479, 2.451818340044221944, 1.275041644747584968 ) ) ;
#1069 = AXIS2_PLACEMENT_3D ( 'NONE', #1555, #599, #293 ) ;
#1070 = ORIENTED_EDGE ( 'NONE', *, *, #1140, .T. ) ;
#1071 = EDGE_LOOP ( 'NONE', ( #742, #875 ) ) ;
#1072 = LINE ( 'NONE', #1110, #1367 ) ;
#1073 = EDGE_CURVE ( 'NONE', #763, #400, #879, .T. ) ;
#1074 = EDGE_LOOP ( 'NONE', ( #1488, #3, #482, #602 ) ) ;
#1075 = AXIS2_PLACEMENT_3D ( 'NONE', #1495, #1821, #1018 ) ;
#1076 = CARTESIAN_POINT ( 'NONE',  ( 0.1562500000000000000, -1.250000000000000000, 0.3749999999999999445 ) ) ;
#1077 = CARTESIAN_POINT ( 'NONE',  ( 1.084302582996658604, 2.593446597139782650, 1.265325729843696401 ) ) ;
#1078 = EDGE_CURVE ( 'NONE', #790, #1326, #1468, .T. ) ;
#1079 = DIRECTION ( 'NONE',  ( 0.1298437985064723466, 0.000000000000000000, -0.9915344613221522829 ) ) ;
#1080 = ADVANCED_FACE ( 'NONE', ( #796 ), #1415, .F. ) ;
#1081 = CARTESIAN_POINT ( 'NONE',  ( -1.084302582996649500, -2.593446597139535736, 1.265325729843766123 ) ) ;
#1082 = AXIS2_PLACEMENT_3D ( 'NONE', #948, #958, #644 ) ;
#1083 = SECURITY_CLASSIFICATION_LEVEL ( 'unclassified' ) ;
#1084 = DIRECTION ( 'NONE',  ( 1.000000000000000000, 0.000000000000000000, 0.000000000000000000 ) ) ;
#1085 = PLANE ( 'NONE',  #1508 ) ;
#1086 = ORIENTED_EDGE ( 'NONE', *, *, #1111, .F. ) ;
#1087 = CARTESIAN_POINT ( 'NONE',  ( 0.4130531521077797086, 2.407730823595815473, 6.391230474813315965 ) ) ;
#1088 = ORIENTED_EDGE ( 'NONE', *, *, #598, .T. ) ;
#1089 = TOROIDAL_SURFACE ( 'NONE', #1613, 0.2812500000000000000, 0.1250000000000000000 ) ;
#1090 = FACE_OUTER_BOUND ( 'NONE', #1254, .T. ) ;
#1091 = ADVANCED_FACE ( 'NONE', ( #35 ), #1261, .T. ) ;
#1092 = CARTESIAN_POINT ( 'NONE',  ( 0.9766113444423415446, 2.391365411797889973, 1.249999999999999778 ) ) ;
#1093 = LINE ( 'NONE', #1228, #495 ) ;
#1094 = FACE_OUTER_BOUND ( 'NONE', #294, .T. ) ;
#1095 = CARTESIAN_POINT ( 'NONE',  ( 0.9766113444425120749, -2.375000000000000000, 1.125000000000000000 ) ) ;
#1096 = CARTESIAN_POINT ( 'NONE',  ( 0.4293037212188834939, -2.593446597139535736, 6.267135219783069644 ) ) ;
#1097 = EDGE_LOOP ( 'NONE', ( #799, #1152, #1469, #1055 ) ) ;
#1098 = DIRECTION ( 'NONE',  ( 0.000000000000000000, 0.000000000000000000, -1.000000000000000000 ) ) ;
#1099 = ORIENTED_EDGE ( 'NONE', *, *, #1570, .T. ) ;
#1100 = DIRECTION ( 'NONE',  ( 0.000000000000000000, 1.000000000000000000, -0.000000000000000000 ) ) ;
#1101 = CARTESIAN_POINT ( 'NONE',  ( 1.096421158876137891, 2.500904744968002191, 1.172783877673127861 ) ) ;
#1102 = CARTESIAN_POINT ( 'NONE',  ( 0.1562500000000000000, 1.250000000000000000, 0.1250000000000000278 ) ) ;
#1103 = DATE_AND_TIME ( #1854, #1820 ) ;
#1104 = LINE ( 'NONE', #488, #1530 ) ;
#1105 = SECURITY_CLASSIFICATION ( '', '', #1083 ) ;
#1106 = AXIS2_PLACEMENT_3D ( 'NONE', #332, #919, #1544 ) ;
#1107 = CARTESIAN_POINT ( 'NONE',  ( 0.000000000000000000, 1.250000000000000000, 0.3749999999999999445 ) ) ;
#1108 = VERTEX_POINT ( 'NONE', #61 ) ;
#1109 = AXIS2_PLACEMENT_3D ( 'NONE', #545, #1658, #564 ) ;
#1110 = CARTESIAN_POINT ( 'NONE',  ( 0.4315476190476186247, 2.375000000000000000, 6.250000000000000000 ) ) ;
#1111 = EDGE_CURVE ( 'NONE', #1557, #1478, #950, .T. ) ;
#1112 = ORIENTED_EDGE ( 'NONE', *, *, #650, .T. ) ;
#1113 = CARTESIAN_POINT ( 'NONE',  ( 0.9630507813886306501, 2.500000000000000000, 1.301776695296636976 ) ) ;
#1114 = DATE_AND_TIME ( #1270, #433 ) ;
#1115 = EDGE_CURVE ( 'NONE', #1215, #352, #458, .T. ) ;
#1116 = DIRECTION ( 'NONE',  ( 1.000000000000000000, 0.000000000000000000, -0.000000000000000000 ) ) ;
#1117 = CARTESIAN_POINT ( 'NONE',  ( -0.9630507813886307611, -2.500000000000000000, 1.301776695296636976 ) ) ;
#1118 = ORIENTED_EDGE ( 'NONE', *, *, #791, .F. ) ;
#1119 = CARTESIAN_POINT ( 'NONE',  ( 1.086309523809523947, -2.375000000000000444, 1.249999999999999778 ) ) ;
#1120 = VERTEX_POINT ( 'NONE', #679 ) ;
#1121 =( BOUNDED_SURFACE ( )  B_SPLINE_SURFACE ( 3, 2, ( 
 ( #213, #1757, #1463 ),
 ( #92, #523, #1787 ),
 ( #202, #226, #1912 ),
 ( #660, #1894, #391 ),
 ( #678, #1604, #60 ),
 ( #832, #1279, #540 ),
 ( #359, #1301, #1289 ),
 ( #1591, #1454, #993 ),
 ( #1165, #1904, #688 ),
 ( #532, #1585, #1144 ) ),
 .UNSPECIFIED., .F., .F., .F. ) 
 B_SPLINE_SURFACE_WITH_KNOTS ( ( 4, 2, 2, 2, 4 ),
 ( 3, 3 ),
 ( 3.141592653589793116, 3.534291735288517255, 3.926990816987241395, 4.319689898685965090, 4.712388980384689674 ),
 ( 0.000000000000000000, 1.000000000000000000 ),
 .UNSPECIFIED. ) 
 GEOMETRIC_REPRESENTATION_ITEM ( )  RATIONAL_B_SPLINE_SURFACE ( (
 ( 1.000000000000000000, 0.6596045032796274965, 1.000000000000000000),
 ( 1.000000000000000000, 0.6595973320071676360, 1.000000000000000000),
 ( 1.000000000000000000, 0.6608886843388774857, 1.000000000000000000),
 ( 1.000000000000000000, 0.6657913615925827866, 1.000000000000000000),
 ( 1.000000000000000000, 0.6694056992790007321, 1.000000000000000000),
 ( 1.000000000000000000, 0.6783231826412864374, 1.000000000000000000),
 ( 1.000000000000000000, 0.6836201671188769646, 1.000000000000000000),
 ( 1.000000000000000000, 0.6950102616155409141, 1.000000000000000000),
 ( 1.000000000000000000, 0.7010979906012068108, 1.000000000000000000),
 ( 1.000000000000000000, 0.7071067811865475727, 1.000000000000000000) ) ) 
 REPRESENTATION_ITEM ( '' )  SURFACE ( )  );
#1122 = FACE_OUTER_BOUND ( 'NONE', #778, .T. ) ;
#1123 = VECTOR ( 'NONE', #75, 39.37007874015748143 ) ;
#1124 = DIRECTION ( 'NONE',  ( -8.195543980992760073E-16, 0.000000000000000000, 1.000000000000000000 ) ) ;
#1125 = CARTESIAN_POINT ( 'NONE',  ( 0.3132803124979616771, -2.496746584558053428, 6.157718485606437753 ) ) ;
#1126 = ORIENTED_EDGE ( 'NONE', *, *, #72, .T. ) ;
#1127 = CARTESIAN_POINT ( 'NONE',  ( -1.086309523809523725, 2.375000000000000000, 1.250000000000000000 ) ) ;
#1128 = ORIENTED_EDGE ( 'NONE', *, *, #409, .F. ) ;
#1129 = FACE_OUTER_BOUND ( 'NONE', #252, .T. ) ;
#1130 = ORIENTED_EDGE ( 'NONE', *, *, #486, .T. ) ;
#1131 = CARTESIAN_POINT ( 'NONE',  ( -0.2236351539663213872, 3.500000000000000000, 6.874999999999999112 ) ) ;
#1132 = ADVANCED_FACE ( 'NONE', ( #1897 ), #1914, .F. ) ;
#1133 = LINE ( 'NONE', #341, #713 ) ;
#1134 = DIRECTION ( 'NONE',  ( 0.000000000000000000, 0.000000000000000000, 1.000000000000000000 ) ) ;
#1135 = LINE ( 'NONE', #110, #964 ) ;
#1136 = ORIENTED_EDGE ( 'NONE', *, *, #1754, .T. ) ;
#1137 = APPROVAL_PERSON_ORGANIZATION ( #1564, #1271, #466 ) ;
#1138 = CARTESIAN_POINT ( 'NONE',  ( -0.3132803124979617326, -2.496746584558020121, 6.157718485606518577 ) ) ;
#1139 = EDGE_LOOP ( 'NONE', ( #1975, #63, #1551, #744 ) ) ;
#1140 = EDGE_CURVE ( 'NONE', #78, #346, #392, .T. ) ;
#1141 = CIRCLE ( 'NONE', #1069, 0.1250000000000000000 ) ;
#1142 = CARTESIAN_POINT ( 'NONE',  ( 0.9438732492044168421, 2.625000000000000000, 1.375000000000000000 ) ) ;
#1143 = EDGE_CURVE ( 'NONE', #1559, #1420, #1187, .T. ) ;
#1144 = CARTESIAN_POINT ( 'NONE',  ( -0.3218494396806070856, 2.500000000000000444, 6.125000000000000000 ) ) ;
#1145 = ADVANCED_FACE ( 'NONE', ( #45 ), #334, .T. ) ;
#1146 = EDGE_CURVE ( 'NONE', #1721, #1428, #1133, .T. ) ;
#1147 = FACE_OUTER_BOUND ( 'NONE', #600, .T. ) ;
#1148 = DIRECTION ( 'NONE',  ( 0.000000000000000000, 1.000000000000000000, 0.000000000000000000 ) ) ;
#1149 = CARTESIAN_POINT ( 'NONE',  ( 0.4315476190476189577, -2.625000000000000000, 6.250000000000000000 ) ) ;
#1150 = ORIENTED_EDGE ( 'NONE', *, *, #1208, .T. ) ;
#1151 = CARTESIAN_POINT ( 'NONE',  ( 1.100553152107780930, -2.375000000000000000, 1.141230474813308859 ) ) ;
#1152 = ORIENTED_EDGE ( 'NONE', *, *, #1351, .F. ) ;
#1153 = VECTOR ( 'NONE', #317, 39.37007874015748143 ) ;
#1154 = DIRECTION ( 'NONE',  ( -1.000000000000000000, -0.000000000000000000, 0.000000000000000000 ) ) ;
#1155 = VECTOR ( 'NONE', #704, 39.37007874015748143 ) ;
#1156 = EDGE_CURVE ( 'NONE', #818, #989, #749, .T. ) ;
#1157 = CARTESIAN_POINT ( 'NONE',  ( 0.000000000000000000, 1.250000000000000000, 0.1250000000000000278 ) ) ;
#1158 = VECTOR ( 'NONE', #1030, 39.37007874015748143 ) ;
#1159 = DIRECTION ( 'NONE',  ( 5.463695987328506715E-16, 0.000000000000000000, 1.000000000000000000 ) ) ;
#1160 =( BOUNDED_CURVE ( )  B_SPLINE_CURVE ( 3, ( #1252, #622, #1241, #303 ),
 .UNSPECIFIED., .F., .F. ) 
 B_SPLINE_CURVE_WITH_KNOTS ( ( 4, 4 ),
 ( 4.712388980384689674, 6.283185307179586232 ),
 .UNSPECIFIED. ) 
 CURVE ( )  GEOMETRIC_REPRESENTATION_ITEM ( )  RATIONAL_B_SPLINE_CURVE ( ( 1.000000000000000000, 0.8047378541243649375, 0.8047378541243649375, 1.000000000000000000 ) ) 
 REPRESENTATION_ITEM ( '' )  );
#1161 = CARTESIAN_POINT ( 'NONE',  ( 0.2891113444425112977, -2.375000000000000000, 6.250000000000000000 ) ) ;
#1162 = CARTESIAN_POINT ( 'NONE',  ( 1.082312705391754060, -2.459233106819155967, 1.280521158826459116 ) ) ;
#1163 = ORIENTED_EDGE ( 'NONE', *, *, #1717, .T. ) ;
#1164 = CARTESIAN_POINT ( 'NONE',  ( -0.4266137151616618550, -2.625000000000000444, 6.287677084220034907 ) ) ;
#1165 = CARTESIAN_POINT ( 'NONE',  ( -0.4415050680653478388, 2.625000000000000444, 6.173961298410070242 ) ) ;
#1166 = LINE ( 'NONE', #526, #1831 ) ;
#1167 = LINE ( 'NONE', #534, #1123 ) ;
#1168 = CARTESIAN_POINT ( 'NONE',  ( -0.03125000000000000694, 1.250000000000000000, 0.3749999999999999445 ) ) ;
#1169 = ORIENTED_EDGE ( 'NONE', *, *, #1572, .F. ) ;
#1170 = ADVANCED_FACE ( 'NONE', ( #1147 ), #1444, .T. ) ;
#1171 = DIRECTION ( 'NONE',  ( 0.000000000000000000, -0.000000000000000000, 1.000000000000000000 ) ) ;
#1172 = ORIENTED_EDGE ( 'NONE', *, *, #373, .T. ) ;
#1173 = AXIS2_PLACEMENT_3D ( 'NONE', #6, #1990, #300 ) ;
#1174 = CARTESIAN_POINT ( 'NONE',  ( 0.2891113444425112977, -2.500000000000000000, 6.250000000000000000 ) ) ;
#1175 = CIRCLE ( 'NONE', #1013, 0.2812500000000000000 ) ;
#1176 = DIRECTION ( 'NONE',  ( -1.000000000000000000, 4.370956789862820361E-15, 0.000000000000000000 ) ) ;
#1177 = EDGE_CURVE ( 'NONE', #1970, #346, #1575, .T. ) ;
#1178 = CARTESIAN_POINT ( 'NONE',  ( -0.9766113444425118528, 2.375000000000000000, 1.250000000000000000 ) ) ;
#1179 = CARTESIAN_POINT ( 'NONE',  ( -0.4315476190476188467, 2.625000000000000000, 6.250000000000001776 ) ) ;
#1180 = FACE_OUTER_BOUND ( 'NONE', #1874, .T. ) ;
#1181 = ORIENTED_EDGE ( 'NONE', *, *, #1933, .T. ) ;
#1182 = CARTESIAN_POINT ( 'NONE',  ( 0.000000000000000000, 1.250000000000000000, 0.5000000000000000000 ) ) ;
#1183 = ORIENTED_EDGE ( 'NONE', *, *, #878, .F. ) ;
#1184 = CARTESIAN_POINT ( 'NONE',  ( 0.000000000000000000, -1.250000000000000000, 0.5000000000000000000 ) ) ;
#1185 = AXIS2_PLACEMENT_3D ( 'NONE', #1304, #1936, #1616 ) ;
#1186 = VECTOR ( 'NONE', #1346, 39.37007874015748143 ) ;
#1187 =( BOUNDED_CURVE ( )  B_SPLINE_CURVE ( 3, ( #514, #997, #1435, #672 ),
 .UNSPECIFIED., .F., .F. ) 
 B_SPLINE_CURVE_WITH_KNOTS ( ( 4, 4 ),
 ( 3.141592653589793116, 4.712388980384689674 ),
 .UNSPECIFIED. ) 
 CURVE ( )  GEOMETRIC_REPRESENTATION_ITEM ( )  RATIONAL_B_SPLINE_CURVE ( ( 1.000000000000000000, 0.8047378541243649375, 0.8047378541243649375, 1.000000000000000000 ) ) 
 REPRESENTATION_ITEM ( '' )  );
#1188 = CARTESIAN_POINT ( 'NONE',  ( -1.086309523809523725, -2.625000000000000000, 1.250000000000000000 ) ) ;
#1189 = AXIS2_PLACEMENT_3D ( 'NONE', #899, #1198, #1060 ) ;
#1190 = DIRECTION ( 'NONE',  ( 0.9915344613221522829, 0.000000000000000000, -0.1298437985064722355 ) ) ;
#1191 = EDGE_LOOP ( 'NONE', ( #1951, #320, #1883, #1169 ) ) ;
#1192 = CARTESIAN_POINT ( 'NONE',  ( -0.2236351539663210819, 3.500000000000000000, 6.874999999999999112 ) ) ;
#1193 = ORIENTED_EDGE ( 'NONE', *, *, #1803, .T. ) ;
#1194 = DIRECTION ( 'NONE',  ( 0.9915344613221523939, 0.000000000000000000, -0.1298437985064722355 ) ) ;
#1195 = UNCERTAINTY_MEASURE_WITH_UNIT (LENGTH_MEASURE( 1.000000000000000082E-05 ), #922, 'distance_accuracy_value', 'NONE');
#1196 = EDGE_CURVE ( 'NONE', #354, #1857, #1850, .T. ) ;
#1197 = CARTESIAN_POINT ( 'NONE',  ( -1.069974844578210238, -2.502105998100908391, 1.374737550495328975 ) ) ;
#1198 = DIRECTION ( 'NONE',  ( -0.1298437985064723466, 0.000000000000000000, 0.9915344613221522829 ) ) ;
#1199 = DIRECTION ( 'NONE',  ( -8.195543980992760073E-16, 0.000000000000000000, -1.000000000000000000 ) ) ;
#1200 = VERTEX_POINT ( 'NONE', #1426 ) ;
#1201 = CARTESIAN_POINT ( 'NONE',  ( 0.000000000000000000, 3.624999999999999556, 0.1250000000000000000 ) ) ;
#1202 = EDGE_LOOP ( 'NONE', ( #472, #457, #27 ) ) ;
#1203 = CARTESIAN_POINT ( 'NONE',  ( -1.107563725394892895, -3.500000000000000000, 0.1250000000000000000 ) ) ;
#1204 = ADVANCED_FACE ( 'NONE', ( #1750 ), #1272, .F. ) ;
#1205 = LOCAL_TIME ( 18, 28, 40.00000000000000000, #349 ) ;
#1206 = CIRCLE ( 'NONE', #846, 0.1562500000000000000 ) ;
#1207 = ADVANCED_FACE ( 'NONE', ( #1739 ), #1497, .T. ) ;
#1208 = EDGE_CURVE ( 'NONE', #129, #248, #1653, .T. ) ;
#1209 = CC_DESIGN_APPROVAL ( #1431, ( #1105 ) ) ;
#1210 = APPLICATION_PROTOCOL_DEFINITION ( 'international standard', 'config_control_design', 1994, #1927 ) ;
#1211 = CARTESIAN_POINT ( 'NONE',  ( -0.4315476190476189577, -2.375000000000000000, 6.250000000000000000 ) ) ;
#1212 = DIRECTION ( 'NONE',  ( 0.000000000000000000, 0.000000000000000000, -1.000000000000000000 ) ) ;
#1213 = ORIENTED_EDGE ( 'NONE', *, *, #1217, .T. ) ;
#1214 = DIRECTION ( 'NONE',  ( -1.000000000000000000, 0.000000000000000000, 0.000000000000000000 ) ) ;
#1215 = VERTEX_POINT ( 'NONE', #760 ) ;
#1216 = CARTESIAN_POINT ( 'NONE',  ( -0.3475769616315904642, -3.624999999999999556, 6.891230474813307971 ) ) ;
#1217 = EDGE_CURVE ( 'NONE', #368, #1306, #187, .T. ) ;
#1218 = VECTOR ( 'NONE', #699, 39.37007874015748143 ) ;
#1219 = CARTESIAN_POINT ( 'NONE',  ( -1.086309523809353639, -2.393249484405928218, 1.250000000000340394 ) ) ;
#1220 = PERSON_AND_ORGANIZATION_ROLE ( 'design_owner' ) ;
#1221 = CARTESIAN_POINT ( 'NONE',  ( -1.250000000000000000, -2.375000000000000000, 6.125000000000000000 ) ) ;
#1222 = FACE_OUTER_BOUND ( 'NONE', #1547, .T. ) ;
#1223 = VECTOR ( 'NONE', #1862, 39.37007874015748143 ) ;
#1224 = ORIENTED_EDGE ( 'NONE', *, *, #1679, .T. ) ;
#1225 = CARTESIAN_POINT ( 'NONE',  ( 0.2891113444425258416, 2.391365411797862439, 6.249999999999999112 ) ) ;
#1226 = EDGE_LOOP ( 'NONE', ( #231, #1583, #1128, #1690 ) ) ;
#1227 = CARTESIAN_POINT ( 'NONE',  ( -0.3333333333333333148, -3.624999999999999556, 6.874999999999999112 ) ) ;
#1228 = CARTESIAN_POINT ( 'NONE',  ( 1.104983927321494086, 3.624999999999999556, 0.1447002761968623485 ) ) ;
#1229 = CARTESIAN_POINT ( 'NONE',  ( -1.100553152107755173, 2.407730823595815473, 1.141230474813505591 ) ) ;
#1230 = CARTESIAN_POINT ( 'NONE',  ( 0.3475769616315905752, -3.500000000000000000, 6.891230474813307971 ) ) ;
#1231 = DIRECTION ( 'NONE',  ( 0.000000000000000000, 1.000000000000000000, -0.000000000000000000 ) ) ;
#1232 = EDGE_LOOP ( 'NONE', ( #1902, #1213, #1256, #184 ) ) ;
#1233 = CARTESIAN_POINT ( 'NONE',  ( 0.03125000000000000694, 1.250000000000000000, 0.3749999999999999445 ) ) ;
#1234 = EDGE_CURVE ( 'NONE', #539, #1587, #1268, .T. ) ;
#1235 = EDGE_LOOP ( 'NONE', ( #938, #1764, #1920, #140 ) ) ;
#1236 = CARTESIAN_POINT ( 'NONE',  ( -1.086992589053899838, -2.625000000000000444, 1.244783865406582812 ) ) ;
#1237 =( BOUNDED_CURVE ( )  B_SPLINE_CURVE ( 3, ( #1282, #1760, #1117, #46 ),
 .UNSPECIFIED., .F., .F. ) 
 B_SPLINE_CURVE_WITH_KNOTS ( ( 4, 4 ),
 ( 0.000000000000000000, 1.570796326794896558 ),
 .UNSPECIFIED. ) 
 CURVE ( )  GEOMETRIC_REPRESENTATION_ITEM ( )  RATIONAL_B_SPLINE_CURVE ( ( 1.000000000000000000, 0.8047378541243649375, 0.8047378541243649375, 1.000000000000000000 ) ) 
 REPRESENTATION_ITEM ( '' )  );
#1238 = DIRECTION ( 'NONE',  ( -1.000000000000000000, 0.000000000000000000, 0.000000000000000000 ) ) ;
#1239 = CARTESIAN_POINT ( 'NONE',  ( -1.083785430747925771, 2.444495228194156766, 1.269274892469577587 ) ) ;
#1240 = AXIS2_PLACEMENT_3D ( 'NONE', #663, #204, #196 ) ;
#1241 = CARTESIAN_POINT ( 'NONE',  ( 0.2891113444425116308, -2.448223304703363468, 6.250000000000000000 ) ) ;
#1242 = EDGE_LOOP ( 'NONE', ( #390, #1516, #404, #1680 ) ) ;
#1243 = ADVANCED_FACE ( 'NONE', ( #780 ), #639, .T. ) ;
#1244 = VERTEX_POINT ( 'NONE', #770 ) ;
#1245 = DIRECTION ( 'NONE',  ( 1.000000000000000000, 0.000000000000000000, 0.000000000000000000 ) ) ;
#1246 = ORIENTED_EDGE ( 'NONE', *, *, #1177, .F. ) ;
#1247 = FACE_OUTER_BOUND ( 'NONE', #733, .T. ) ;
#1248 = CARTESIAN_POINT ( 'NONE',  ( 0.9766113444425116308, 2.448223304703363468, 1.250000000000000000 ) ) ;
#1249 = DIRECTION ( 'NONE',  ( -0.9915344613221521719, 0.000000000000000000, -0.1298437985064722910 ) ) ;
#1250 = VECTOR ( 'NONE', #195, 39.37007874015748143 ) ;
#1251 = CIRCLE ( 'NONE', #374, 0.1249999999999999306 ) ;
#1252 = CARTESIAN_POINT ( 'NONE',  ( 0.3218494396806067526, -2.500000000000000000, 6.125000000000000000 ) ) ;
#1253 = ORIENTED_EDGE ( 'NONE', *, *, #1234, .F. ) ;
#1254 = EDGE_LOOP ( 'NONE', ( #1052, #905, #76, #279 ) ) ;
#1255 = LINE ( 'NONE', #2, #684 ) ;
#1256 = ORIENTED_EDGE ( 'NONE', *, *, #1006, .T. ) ;
#1257 = VECTOR ( 'NONE', #559, 39.37007874015748143 ) ;
#1258 = DIRECTION ( 'NONE',  ( -1.000000000000000000, 0.000000000000000000, 0.000000000000000000 ) ) ;
#1259 = CIRCLE ( 'NONE', #1704, 0.1249999999999999861 ) ;
#1260 = CARTESIAN_POINT ( 'NONE',  ( -0.2236351539663213872, -3.500000000000000000, 7.000000000000000000 ) ) ;
#1261 = CYLINDRICAL_SURFACE ( 'NONE', #83, 0.1250000000000004441 ) ;
#1262 = CARTESIAN_POINT ( 'NONE',  ( -0.4130531521077808188, -2.375000000000000000, 6.391230474813309748 ) ) ;
#1263 = EDGE_LOOP ( 'NONE', ( #1976, #508, #114, #1705 ) ) ;
#1264 = LINE ( 'NONE', #1882, #752 ) ;
#1265 = ORIENTED_EDGE ( 'NONE', *, *, #1267, .T. ) ;
#1266 =( BOUNDED_CURVE ( )  B_SPLINE_CURVE ( 3, ( #1942, #549, #1020, #706 ),
 .UNSPECIFIED., .F., .F. ) 
 B_SPLINE_CURVE_WITH_KNOTS ( ( 4, 4 ),
 ( 3.141592653589793116, 4.712388980384689674 ),
 .UNSPECIFIED. ) 
 CURVE ( )  GEOMETRIC_REPRESENTATION_ITEM ( )  RATIONAL_B_SPLINE_CURVE ( ( 1.000000000000000000, 0.8047378541243649375, 0.8047378541243649375, 1.000000000000000000 ) ) 
 REPRESENTATION_ITEM ( '' )  );
#1267 = EDGE_CURVE ( 'NONE', #528, #1519, #628, .T. ) ;
#1268 = LINE ( 'NONE', #1380, #586 ) ;
#1269 = CIRCLE ( 'NONE', #588, 0.1250000000000000000 ) ;
#1270 = CALENDAR_DATE ( 2025, 3, 12 ) ;
#1271 = APPROVAL ( #1403, 'UNSPECIFIED' ) ;
#1272 = PLANE ( 'NONE',  #910 ) ;
#1273 = VECTOR ( 'NONE', #933, 39.37007874015748143 ) ;
#1274 = CARTESIAN_POINT ( 'NONE',  ( 0.3218494396806067526, -2.500000000000000000, 6.125000000000000000 ) ) ;
#1275 = ORIENTED_EDGE ( 'NONE', *, *, #649, .F. ) ;
#1276 = CARTESIAN_POINT ( 'NONE',  ( 1.076384184052342485, -2.618493169115879482, 1.325793503600292356 ) ) ;
#1277 = ORIENTED_EDGE ( 'NONE', *, *, #1143, .T. ) ;
#1278 = AXIS2_PLACEMENT_3D ( 'NONE', #569, #426, #1214 ) ;
#1279 = CARTESIAN_POINT ( 'NONE',  ( -0.4363880719696651145, 2.466064124694003823, 6.213036541322832562 ) ) ;
#1280 =( BOUNDED_CURVE ( )  B_SPLINE_CURVE ( 3, ( #1422, #768, #1236, #165 ),
 .UNSPECIFIED., .F., .F. ) 
 B_SPLINE_CURVE_WITH_KNOTS ( ( 4, 4 ),
 ( 0.000000000000000000, 1.570796326794896558 ),
 .UNSPECIFIED. ) 
 CURVE ( )  GEOMETRIC_REPRESENTATION_ITEM ( )  RATIONAL_B_SPLINE_CURVE ( ( 1.000000000000000000, 0.8047378541243649375, 0.8047378541243649375, 1.000000000000000000 ) ) 
 REPRESENTATION_ITEM ( '' )  );
#1281 = CARTESIAN_POINT ( 'NONE',  ( -0.2236351539663214427, 3.500000000000000000, 6.874999999999999112 ) ) ;
#1282 = CARTESIAN_POINT ( 'NONE',  ( -0.9766113444425118528, -2.375000000000000000, 1.250000000000000000 ) ) ;
#1283 = ORIENTED_EDGE ( 'NONE', *, *, #671, .F. ) ;
#1284 = LINE ( 'NONE', #1451, #418 ) ;
#1285 = ORIENTED_EDGE ( 'NONE', *, *, #1923, .T. ) ;
#1286 = EDGE_CURVE ( 'NONE', #354, #1326, #1748, .T. ) ;
#1287 = CARTESIAN_POINT ( 'NONE',  ( -1.232563725394892895, 3.500000000000000000, 0.1250000000000000000 ) ) ;
#1288 = AXIS2_PLACEMENT_3D ( 'NONE', #1674, #1258, #907 ) ;
#1289 = CARTESIAN_POINT ( 'NONE',  ( -0.3053619135536388973, 2.484223298569939065, 6.187952372484422980 ) ) ;
#1290 =( GEOMETRIC_REPRESENTATION_CONTEXT ( 3 ) GLOBAL_UNCERTAINTY_ASSIGNED_CONTEXT ( ( #1195 ) ) GLOBAL_UNIT_ASSIGNED_CONTEXT ( ( #922, #422, #272 ) ) REPRESENTATION_CONTEXT ( 'NONE', 'WORKASPACE' ) );
#1291 = DIRECTION ( 'NONE',  ( 0.000000000000000000, 0.000000000000000000, -1.000000000000000000 ) ) ;
#1292 = CARTESIAN_POINT ( 'NONE',  ( 0.2932433376741471753, -2.437952372483950914, 6.234223298570133132 ) ) ;
#1293 = EDGE_CURVE ( 'NONE', #352, #1298, #1736, .T. ) ;
#1294 = CARTESIAN_POINT ( 'NONE',  ( 0.1562500000000000000, -1.250000000000000000, 0.1250000000000000278 ) ) ;
#1295 = ORIENTED_EDGE ( 'NONE', *, *, #487, .F. ) ;
#1296 = EDGE_CURVE ( 'NONE', #1541, #1120, #1093, .T. ) ;
#1297 = CARTESIAN_POINT ( 'NONE',  ( -0.4256721582866540010, -2.574916710504896233, 6.294867154901913509 ) ) ;
#1298 = VERTEX_POINT ( 'NONE', #1260 ) ;
#1299 = CARTESIAN_POINT ( 'NONE',  ( 0.9766113444425118528, -2.375000000000000000, 1.250000000000000000 ) ) ;
#1300 = EDGE_CURVE ( 'NONE', #1994, #633, #926, .T. ) ;
#1301 = CARTESIAN_POINT ( 'NONE',  ( -0.4379243289856128984, 2.476438131570407375, 6.201305124109236289 ) ) ;
#1302 = AXIS2_PLACEMENT_3D ( 'NONE', #96, #1956, #412 ) ;
#1303 = DIRECTION ( 'NONE',  ( 0.1298437985064723466, 0.000000000000000000, -0.9915344613221522829 ) ) ;
#1304 = CARTESIAN_POINT ( 'NONE',  ( 1.250000000000000000, -3.500000000000000000, 0.1250000000000000000 ) ) ;
#1305 = DIRECTION ( 'NONE',  ( 0.000000000000000000, 1.000000000000000000, -0.000000000000000000 ) ) ;
#1306 = VERTEX_POINT ( 'NONE', #1102 ) ;
#1307 = CARTESIAN_POINT ( 'NONE',  ( 1.100553152107753174, -2.407730823595813252, 1.141230474813520246 ) ) ;
#1308 = EDGE_CURVE ( 'NONE', #1802, #1669, #19, .T. ) ;
#1309 = ORIENTED_EDGE ( 'NONE', *, *, #1955, .T. ) ;
#1310 = VECTOR ( 'NONE', #1884, 39.37007874015748143 ) ;
#1311 = DIRECTION ( 'NONE',  ( -0.000000000000000000, -1.000000000000000000, -0.000000000000000000 ) ) ;
#1312 = DIRECTION ( 'NONE',  ( 1.000000000000000000, -0.000000000000000000, 0.000000000000000000 ) ) ;
#1313 = SPHERICAL_SURFACE ( 'NONE', #803, 0.1250000000000000000 ) ;
#1314 = SPHERICAL_SURFACE ( 'NONE', #606, 0.1250000000000000000 ) ;
#1315 = CARTESIAN_POINT ( 'NONE',  ( 1.076652947342882305, -2.491075872935241353, 1.323741129381355908 ) ) ;
#1316 = ORIENTED_EDGE ( 'NONE', *, *, #720, .T. ) ;
#1317 = CIRCLE ( 'NONE', #214, 0.1250000000000000278 ) ;
#1318 = DIRECTION ( 'NONE',  ( -0.9915344613221522829, 0.000000000000000000, -0.1298437985064723188 ) ) ;
#1319 = VECTOR ( 'NONE', #1032, 39.37007874015748143 ) ;
#1320 = ORIENTED_EDGE ( 'NONE', *, *, #1472, .T. ) ;
#1321 = CARTESIAN_POINT ( 'NONE',  ( -1.107563725394892451, 3.624999999999999556, 0.1250000000000000000 ) ) ;
#1322 = CIRCLE ( 'NONE', #535, 0.1250000000000000000 ) ;
#1323 = EDGE_CURVE ( 'NONE', #741, #1557, #1977, .T. ) ;
#1324 = CARTESIAN_POINT ( 'NONE',  ( 1.107563725394892895, -3.500000000000000000, 0.1250000000000000000 ) ) ;
#1325 = CARTESIAN_POINT ( 'NONE',  ( -0.2956698704478561979, -2.451818340044189082, 6.224958355252448783 ) ) ;
#1326 = VERTEX_POINT ( 'NONE', #1877 ) ;
#1327 = DIRECTION ( 'NONE',  ( 0.000000000000000000, -0.000000000000000000, 1.000000000000000000 ) ) ;
#1328 = EDGE_CURVE ( 'NONE', #581, #366, #1685, .T. ) ;
#1329 = CYLINDRICAL_SURFACE ( 'NONE', #601, 0.1250000000000000278 ) ;
#1330 = DIRECTION ( 'NONE',  ( 0.000000000000000000, 0.000000000000000000, 1.000000000000000000 ) ) ;
#1331 = FACE_OUTER_BOUND ( 'NONE', #1139, .T. ) ;
#1332 = CARTESIAN_POINT ( 'NONE',  ( 1.231505533060161861, -3.624999999999999556, 0.1412304748133094701 ) ) ;
#1333 = EDGE_LOOP ( 'NONE', ( #258, #1063, #952, #873 ) ) ;
#1334 = LINE ( 'NONE', #267, #1442 ) ;
#1335 = ORIENTED_EDGE ( 'NONE', *, *, #850, .T. ) ;
#1336 = AXIS2_PLACEMENT_3D ( 'NONE', #1095, #1984, #1546 ) ;
#1337 = CARTESIAN_POINT ( 'NONE',  ( -0.2812500000000000000, -1.250000000000000000, 1.707404996040164512E-17 ) ) ;
#1338 = CIRCLE ( 'NONE', #463, 0.1250000000000000000 ) ;
#1339 = FACE_OUTER_BOUND ( 'NONE', #1611, .T. ) ;
#1340 = DIRECTION ( 'NONE',  ( -1.000000000000000000, 0.000000000000000000, 0.000000000000000000 ) ) ;
#1341 = CARTESIAN_POINT ( 'NONE',  ( -0.2236351539663213872, -3.500000000000000000, 6.874999999999999112 ) ) ;
#1342 = ORIENTED_EDGE ( 'NONE', *, *, #1623, .F. ) ;
#1343 = DIRECTION ( 'NONE',  ( 1.000000000000000000, 0.000000000000000000, 0.000000000000000000 ) ) ;
#1344 = ORIENTED_EDGE ( 'NONE', *, *, #244, .T. ) ;
#1345 = CIRCLE ( 'NONE', #726, 0.03125000000000000694 ) ;
#1346 = DIRECTION ( 'NONE',  ( 0.000000000000000000, -1.000000000000000000, 0.000000000000000000 ) ) ;
#1347 = AXIS2_PLACEMENT_3D ( 'NONE', #1916, #393, #1808 ) ;
#1348 = CIRCLE ( 'NONE', #1775, 0.03125000000000000694 ) ;
#1349 = CARTESIAN_POINT ( 'NONE',  ( -1.087934145928901586, 2.574916710504831396, 1.237593794724752172 ) ) ;
#1350 = DIRECTION ( 'NONE',  ( 1.000000000000000000, 0.000000000000000000, 0.000000000000000000 ) ) ;
#1351 = EDGE_CURVE ( 'NONE', #1215, #1693, #1725, .T. ) ;
#1352 = CYLINDRICAL_SURFACE ( 'NONE', #746, 0.1250000000000000000 ) ;
#1353 = ORIENTED_EDGE ( 'NONE', *, *, #1784, .T. ) ;
#1354 = EDGE_CURVE ( 'NONE', #387, #914, #141, .T. ) ;
#1355 =( BOUNDED_SURFACE ( )  B_SPLINE_SURFACE ( 3, 2, ( 
 ( #1859, #1064, #1847 ),
 ( #306, #1407, #813 ),
 ( #1429, #765, #459 ),
 ( #337, #191, #1873 ),
 ( #1398, #152, #634 ),
 ( #483, #1720, #470 ),
 ( #28, #39, #1569 ),
 ( #616, #327, #1418 ),
 ( #1087, #183, #1225 ),
 ( #1558, #1681, #801 ) ),
 .UNSPECIFIED., .F., .F., .F. ) 
 B_SPLINE_SURFACE_WITH_KNOTS ( ( 4, 2, 2, 2, 4 ),
 ( 3, 3 ),
 ( 4.712388980384689674, 5.105088062083414258, 5.497787143782137953, 5.890486225480861648, 6.283185307179586232 ),
 ( 0.000000000000000000, 1.000000000000000000 ),
 .UNSPECIFIED. ) 
 GEOMETRIC_REPRESENTATION_ITEM ( )  RATIONAL_B_SPLINE_SURFACE ( (
 ( 1.000000000000000000, 0.7071067811865475727, 1.000000000000000000),
 ( 1.000000000000000000, 0.7010979906011717278, 1.000000000000000000),
 ( 1.000000000000000000, 0.6950102616155873214, 1.000000000000000000),
 ( 1.000000000000000000, 0.6836201671188304463, 1.000000000000000000),
 ( 1.000000000000000000, 0.6783231826412738918, 1.000000000000000000),
 ( 1.000000000000000000, 0.6694056992790133886, 1.000000000000000000),
 ( 1.000000000000000000, 0.6657913615925827866, 1.000000000000000000),
 ( 1.000000000000000000, 0.6608886843388774857, 1.000000000000000000),
 ( 1.000000000000000000, 0.6595973320071679691, 1.000000000000000000),
 ( 1.000000000000000000, 0.6596045032796272745, 1.000000000000000000) ) ) 
 REPRESENTATION_ITEM ( '' )  SURFACE ( )  );
#1356 = CARTESIAN_POINT ( 'NONE',  ( 1.100553152107781152, -2.375000000000000000, 1.141230474813309081 ) ) ;
#1357 = ORIENTED_EDGE ( 'NONE', *, *, #1504, .F. ) ;
#1358 = ADVANCED_FACE ( 'NONE', ( #1574, #155 ), #464, .T. ) ;
#1359 = DIRECTION ( 'NONE',  ( 0.1298437985064723466, -0.000000000000000000, 0.9915344613221522829 ) ) ;
#1360 = EDGE_CURVE ( 'NONE', #346, #1420, #43, .T. ) ;
#1361 = CARTESIAN_POINT ( 'NONE',  ( -1.072266961539537045, 2.500900906478575880, 1.357234111879177085 ) ) ;
#1362 = CARTESIAN_POINT ( 'NONE',  ( 0.000000000000000000, 0.000000000000000000, 0.000000000000000000 ) ) ;
#1363 = DIRECTION ( 'NONE',  ( -0.1298437985064723466, 0.000000000000000000, 0.9915344613221522829 ) ) ;
#1364 = ORIENTED_EDGE ( 'NONE', *, *, #100, .F. ) ;
#1365 = ORIENTED_EDGE ( 'NONE', *, *, #15, .T. ) ;
#1366 = CARTESIAN_POINT ( 'NONE',  ( 1.107563725394892895, -3.500000000000000000, 0.1250000000000000000 ) ) ;
#1367 = VECTOR ( 'NONE', #960, 39.37007874015748143 ) ;
#1368 = ADVANCED_FACE ( 'NONE', ( #1776 ), #1121, .T. ) ;
#1369 = ORIENTED_EDGE ( 'NONE', *, *, #921, .T. ) ;
#1370 = DIRECTION ( 'NONE',  ( 0.000000000000000000, 0.000000000000000000, -1.000000000000000000 ) ) ;
#1371 = VECTOR ( 'NONE', #631, 39.37007874015748143 ) ;
#1372 = CARTESIAN_POINT ( 'NONE',  ( -1.067815056869685586, 2.500000000000000444, 1.391230474813309081 ) ) ;
#1373 = CARTESIAN_POINT ( 'NONE',  ( 0.9438732492044160649, 2.500000000000000000, 1.375000000000000000 ) ) ;
#1374 = CARTESIAN_POINT ( 'NONE',  ( 0.000000000000000000, 1.250000000000000000, 0.1250000000000000278 ) ) ;
#1375 = ORIENTED_EDGE ( 'NONE', *, *, #1078, .F. ) ;
#1376 = ORIENTED_EDGE ( 'NONE', *, *, #1781, .T. ) ;
#1377 = DIRECTION ( 'NONE',  ( 4.370956789862821150E-15, 0.000000000000000000, 1.000000000000000000 ) ) ;
#1378 = ORIENTED_EDGE ( 'NONE', *, *, #1876, .T. ) ;
#1379 = CARTESIAN_POINT ( 'NONE',  ( -1.231505533060161861, 3.500000000000000000, 0.1412304748133090537 ) ) ;
#1380 = CARTESIAN_POINT ( 'NONE',  ( -1.107563725394893117, -3.624999999999999556, 0.000000000000000000 ) ) ;
#1381 = CARTESIAN_POINT ( 'NONE',  ( -0.9481594284849061971, 2.500000000000000444, 1.358634588201538262 ) ) ;
#1382 = APPROVAL_STATUS ( 'not_yet_approved' ) ;
#1383 = FACE_OUTER_BOUND ( 'NONE', #40, .T. ) ;
#1384 = ORIENTED_EDGE ( 'NONE', *, *, #636, .F. ) ;
#1385 = AXIS2_PLACEMENT_3D ( 'NONE', #416, #738, #1971 ) ;
#1386 = EDGE_LOOP ( 'NONE', ( #336, #305, #1265, #501 ) ) ;
#1387 = DIRECTION ( 'NONE',  ( 0.000000000000000000, -1.000000000000000000, 0.000000000000000000 ) ) ;
#1388 = ORIENTED_EDGE ( 'NONE', *, *, #636, .T. ) ;
#1389 = LINE ( 'NONE', #619, #1663 ) ;
#1390 = CARTESIAN_POINT ( 'NONE',  ( 1.086309523809523947, 2.375000000000000444, 1.249999999999999778 ) ) ;
#1391 = DIRECTION ( 'NONE',  ( 0.000000000000000000, 0.000000000000000000, -1.000000000000000000 ) ) ;
#1392 = EDGE_CURVE ( 'NONE', #366, #539, #698, .T. ) ;
#1393 = CARTESIAN_POINT ( 'NONE',  ( -1.072266961539533492, -2.500900906478582542, 1.357234111879200844 ) ) ;
#1394 = CARTESIAN_POINT ( 'NONE',  ( 1.067815056869685808, -2.625000000000000000, 1.391230474813309081 ) ) ;
#1395 = PLANE ( 'NONE',  #1924 ) ;
#1396 = PERSON ( 'UNSPECIFIED', 'UNSPECIFIED', 'UNSPECIFIED', ('UNSPECIFIED'), ('UNSPECIFIED'), ('UNSPECIFIED') ) ;
#1397 = ORIENTED_EDGE ( 'NONE', *, *, #1300, .F. ) ;
#1398 = CARTESIAN_POINT ( 'NONE',  ( 0.4256721582866453968, 2.574916710504831396, 6.294867154901978346 ) ) ;
#1399 = ORIENTED_EDGE ( 'NONE', *, *, #1623, .T. ) ;
#1400 = DIRECTION ( 'NONE',  ( 1.000000000000000000, 1.092739197465706076E-15, 0.000000000000000000 ) ) ;
#1401 = CARTESIAN_POINT ( 'NONE',  ( -1.067815056869685586, -2.500000000000000444, 1.391230474813309081 ) ) ;
#1402 = AXIS2_PLACEMENT_3D ( 'NONE', #975, #505, #984 ) ;
#1403 = APPROVAL_STATUS ( 'not_yet_approved' ) ;
#1404 = LINE ( 'NONE', #24, #1371 ) ;
#1405 = VERTEX_POINT ( 'NONE', #1321 ) ;
#1406 = VERTEX_POINT ( 'NONE', #1766 ) ;
#1407 = CARTESIAN_POINT ( 'NONE',  ( 0.4435914172234848851, 2.497854956742578736, 6.158029177565219392 ) ) ;
#1408 = ORIENTED_EDGE ( 'NONE', *, *, #1570, .F. ) ;
#1409 = DIRECTION ( 'NONE',  ( 0.000000000000000000, 0.000000000000000000, -1.000000000000000000 ) ) ;
#1410 = CARTESIAN_POINT ( 'NONE',  ( 1.093994626102440026, 2.528636680088605537, 1.191313764308639556 ) ) ;
#1411 = EDGE_CURVE ( 'NONE', #1541, #924, #36, .T. ) ;
#1412 = DIRECTION ( 'NONE',  ( -0.000000000000000000, -1.000000000000000000, 0.000000000000000000 ) ) ;
#1413 = APPROVAL_DATE_TIME ( #809, #1271 ) ;
#1414 = AXIS2_PLACEMENT_3D ( 'NONE', #830, #1327, #1471 ) ;
#1415 = CYLINDRICAL_SURFACE ( 'NONE', #659, 0.1250000000000004441 ) ;
#1416 = DIRECTION ( 'NONE',  ( 1.000000000000000000, 0.000000000000000000, 0.000000000000000000 ) ) ;
#1417 = ORIENTED_EDGE ( 'NONE', *, *, #487, .T. ) ;
#1418 = CARTESIAN_POINT ( 'NONE',  ( 0.2899634294392907097, 2.407718485607332592, 6.246746584557682169 ) ) ;
#1419 = EDGE_CURVE ( 'NONE', #1693, #1405, #808, .T. ) ;
#1420 = VERTEX_POINT ( 'NONE', #1614 ) ;
#1421 = EDGE_CURVE ( 'NONE', #1298, #818, #1621, .T. ) ;
#1422 = CARTESIAN_POINT ( 'NONE',  ( -1.100553152107780930, -2.375000000000000000, 1.141230474813309081 ) ) ;
#1423 = DIRECTION ( 'NONE',  ( 0.9915344613221522829, -0.000000000000000000, 0.1298437985064723466 ) ) ;
#1424 = ADVANCED_FACE ( 'NONE', ( #1433 ), #1089, .T. ) ;
#1425 = COORDINATED_UNIVERSAL_TIME_OFFSET ( 8, 0, .BEHIND. ) ;
#1426 = CARTESIAN_POINT ( 'NONE',  ( 0.2236351539663214705, -3.624999999999999556, 6.874999999999999112 ) ) ;
#1427 = FACE_OUTER_BOUND ( 'NONE', #266, .T. ) ;
#1428 = VERTEX_POINT ( 'NONE', #1005 ) ;
#1429 = CARTESIAN_POINT ( 'NONE',  ( 0.4372221201632437992, 2.618493169116090424, 6.206667446026135515 ) ) ;
#1430 = ORIENTED_EDGE ( 'NONE', *, *, #716, .T. ) ;
#1431 = APPROVAL ( #1728, 'UNSPECIFIED' ) ;
#1432 = ORIENTED_EDGE ( 'NONE', *, *, #216, .F. ) ;
#1433 = FACE_OUTER_BOUND ( 'NONE', #530, .T. ) ;
#1434 = APPROVAL_DATE_TIME ( #8, #312 ) ;
#1435 = CARTESIAN_POINT ( 'NONE',  ( -0.3026719074963928335, -2.500000000000000000, 6.198223304703363468 ) ) ;
#1436 = AXIS2_PLACEMENT_3D ( 'NONE', #553, #247, #1639 ) ;
#1437 = DIRECTION ( 'NONE',  ( 0.000000000000000000, 0.000000000000000000, 1.000000000000000000 ) ) ;
#1438 = EDGE_LOOP ( 'NONE', ( #1388, #1872 ) ) ;
#1439 = CARTESIAN_POINT ( 'NONE',  ( -0.4372221201632494614, -2.618493169115879482, 6.206667446026092883 ) ) ;
#1440 = ORIENTED_EDGE ( 'NONE', *, *, #1709, .F. ) ;
#1441 = CARTESIAN_POINT ( 'NONE',  ( 0.9438732492044165090, 2.500000000000000444, 1.375000000000000222 ) ) ;
#1442 = VECTOR ( 'NONE', #1969, 39.37007874015748143 ) ;
#1443 = DIRECTION ( 'NONE',  ( 0.000000000000000000, 0.000000000000000000, 1.000000000000000000 ) ) ;
#1444 = SPHERICAL_SURFACE ( 'NONE', #980, 0.1250000000000000000 ) ;
#1445 = DIMENSIONAL_EXPONENTS ( 1.000000000000000000, 0.000000000000000000, 0.000000000000000000, 0.000000000000000000, 0.000000000000000000, 0.000000000000000000, 0.000000000000000000 ) ;
#1446 = CLOSED_SHELL ( 'NONE', ( #160, #1047, #361, #1424, #1726, #802, #1132, #1358, #26, #134, #574, #356, #572, #519, #1456, #11, #9, #1673, #1204, #1711, #394, #79, #1029, #1207, #1806, #81, #1368, #696, #664, #456, #1590, #1145, #783, #1080, #789, #308, #362, #50, #1603, #250, #840, #843, #333, #722, #1890, #798, #1001, #1543, #1243, #1091, #1499, #777, #192, #1935, #132, #447, #449, #270, #1860, #17, #128, #857, #1778, #1170, #1671 ) ) ;
#1447 = CARTESIAN_POINT ( 'NONE',  ( 0.000000000000000000, 1.250000000000000000, 0.5000000000000000000 ) ) ;
#1448 = EDGE_CURVE ( 'NONE', #790, #884, #51, .T. ) ;
#1449 = AXIS2_PLACEMENT_3D ( 'NONE', #22, #1713, #1249 ) ;
#1450 = EDGE_LOOP ( 'NONE', ( #705, #1335, #1384, #1968 ) ) ;
#1451 = CARTESIAN_POINT ( 'NONE',  ( 0.3076058113823491036, 2.500000000000000000, 6.233769525186692029 ) ) ;
#1452 = EDGE_LOOP ( 'NONE', ( #1827, #1088, #886 ) ) ;
#1453 = DIRECTION ( 'NONE',  ( 0.1298437985064723466, 0.000000000000000000, 0.9915344613221522829 ) ) ;
#1454 = CARTESIAN_POINT ( 'NONE',  ( -0.4415328324235802682, 2.492323744478834868, 6.173749279675096346 ) ) ;
#1455 = LOCAL_TIME ( 18, 28, 40.00000000000000000, #1425 ) ;
#1456 = ADVANCED_FACE ( 'NONE', ( #1122 ), #982, .F. ) ;
#1457 = DIRECTION ( 'NONE',  ( -1.000000000000000000, -0.000000000000000000, -0.000000000000000000 ) ) ;
#1458 = CARTESIAN_POINT ( 'NONE',  ( 0.3175632604001832893, -2.500000000000000444, 6.141365411798568985 ) ) ;
#1459 = CARTESIAN_POINT ( 'NONE',  ( -0.9438732492044166200, 2.500000000000000000, 1.375000000000000000 ) ) ;
#1460 = ORIENTED_EDGE ( 'NONE', *, *, #1411, .F. ) ;
#1461 = CARTESIAN_POINT ( 'NONE',  ( 1.093994626102447354, -2.528636680088377719, 1.191313764308583156 ) ) ;
#1462 = ORIENTED_EDGE ( 'NONE', *, *, #429, .F. ) ;
#1463 = CARTESIAN_POINT ( 'NONE',  ( -0.2891113444425117973, 2.375000000000000000, 6.249999999999999112 ) ) ;
#1464 = AXIS2_PLACEMENT_3D ( 'NONE', #1467, #86, #969 ) ;
#1465 = CARTESIAN_POINT ( 'NONE',  ( 0.03125000000000000694, -1.250000000000000000, 0.5000000000000000000 ) ) ;
#1466 = DIRECTION ( 'NONE',  ( -0.1298437985064757882, -0.000000000000000000, 0.9915344613221518388 ) ) ;
#1467 = CARTESIAN_POINT ( 'NONE',  ( 0.2891113444425112977, 2.500000000000000000, 6.375000000000000888 ) ) ;
#1468 = CIRCLE ( 'NONE', #203, 0.1250000000000000000 ) ;
#1469 = ORIENTED_EDGE ( 'NONE', *, *, #650, .F. ) ;
#1470 = AXIS2_PLACEMENT_3D ( 'NONE', #788, #603, #446 ) ;
#1471 = DIRECTION ( 'NONE',  ( -1.000000000000000000, 4.370956789862821150E-15, 0.000000000000000000 ) ) ;
#1472 = EDGE_CURVE ( 'NONE', #558, #352, #833, .T. ) ;
#1473 = CARTESIAN_POINT ( 'NONE',  ( -1.250000000000000000, 2.500000000000000000, 6.250000000000000000 ) ) ;
#1474 = EDGE_CURVE ( 'NONE', #223, #210, #64, .T. ) ;
#1475 = CARTESIAN_POINT ( 'NONE',  ( -1.250000000000000000, -3.624999999999999556, 0.000000000000000000 ) ) ;
#1476 = CARTESIAN_POINT ( 'NONE',  ( -1.107563725394892895, 3.500000000000000000, 0.1250000000000000000 ) ) ;
#1477 = DIRECTION ( 'NONE',  ( -0.1298437985064723466, 0.000000000000000000, -0.9915344613221522829 ) ) ;
#1478 = VERTEX_POINT ( 'NONE', #1804 ) ;
#1479 = DIRECTION ( 'NONE',  ( 0.1298437985064718747, 0.000000000000000000, -0.9915344613221522829 ) ) ;
#1480 = AXIS2_PLACEMENT_3D ( 'NONE', #168, #781, #1002 ) ;
#1481 = EDGE_CURVE ( 'NONE', #1762, #1802, #1814, .T. ) ;
#1482 = DIRECTION ( 'NONE',  ( -1.000000000000000000, 0.000000000000000000, 0.000000000000000000 ) ) ;
#1483 = AXIS2_PLACEMENT_3D ( 'NONE', #1529, #930, #330 ) ;
#1484 = DIRECTION ( 'NONE',  ( 0.000000000000000000, 0.000000000000000000, -1.000000000000000000 ) ) ;
#1485 = DIRECTION ( 'NONE',  ( -0.9915344613221518388, 0.000000000000000000, -0.1298437985064758160 ) ) ;
#1486 = DIRECTION ( 'NONE',  ( -1.000000000000000000, 0.000000000000000000, 0.000000000000000000 ) ) ;
#1487 = LINE ( 'NONE', #1332, #1697 ) ;
#1488 = ORIENTED_EDGE ( 'NONE', *, *, #1923, .F. ) ;
#1489 = DIRECTION ( 'NONE',  ( -1.000000000000000000, 0.000000000000000000, 0.000000000000000000 ) ) ;
#1490 = LINE ( 'NONE', #107, #1186 ) ;
#1491 = CARTESIAN_POINT ( 'NONE',  ( 0.3218494396806064750, 2.500000000000000000, 6.125000000000000000 ) ) ;
#1492 = CARTESIAN_POINT ( 'NONE',  ( -0.2891113444425117973, -2.375000000000000000, 6.249999999999999112 ) ) ;
#1493 = EDGE_CURVE ( 'NONE', #1108, #1848, #1051, .T. ) ;
#1494 = ORIENTED_EDGE ( 'NONE', *, *, #1500, .F. ) ;
#1495 = CARTESIAN_POINT ( 'NONE',  ( 0.2812500000000000000, 1.250000000000000000, 0.1250000000000000278 ) ) ;
#1496 = ORIENTED_EDGE ( 'NONE', *, *, #1644, .F. ) ;
#1497 = TOROIDAL_SURFACE ( 'NONE', #52, 0.2812500000000000000, 0.1250000000000000000 ) ;
#1498 = CARTESIAN_POINT ( 'NONE',  ( 1.100553152107781152, -2.500000000000000000, 1.141230474813309081 ) ) ;
#1499 = ADVANCED_FACE ( 'NONE', ( #868 ), #408, .T. ) ;
#1500 = EDGE_CURVE ( 'NONE', #1478, #1642, #1900, .T. ) ;
#1501 = FACE_OUTER_BOUND ( 'NONE', #1037, .T. ) ;
#1502 = DIRECTION ( 'NONE',  ( 0.1298437985064723466, -0.000000000000000000, 0.9915344613221522829 ) ) ;
#1503 = ORIENTED_EDGE ( 'NONE', *, *, #1006, .F. ) ;
#1504 = EDGE_CURVE ( 'NONE', #1587, #448, #767, .T. ) ;
#1505 = EDGE_CURVE ( 'NONE', #1813, #1244, #220, .T. ) ;
#1506 = CARTESIAN_POINT ( 'NONE',  ( -0.2236351539663210819, 3.624999999999999556, 6.874999999999999112 ) ) ;
#1507 = EDGE_LOOP ( 'NONE', ( #1126, #1246, #1003, #517 ) ) ;
#1508 = AXIS2_PLACEMENT_3D ( 'NONE', #1703, #170, #901 ) ;
#1509 = CARTESIAN_POINT ( 'NONE',  ( -0.2236351539663214427, -3.500000000000000000, 6.874999999999999112 ) ) ;
#1510 = CIRCLE ( 'NONE', #1769, 0.1249999999999999306 ) ;
#1511 = AXIS2_PLACEMENT_3D ( 'NONE', #1066, #638, #321 ) ;
#1512 = CARTESIAN_POINT ( 'NONE',  ( -0.9481594284849383936, -2.500000000000000444, 1.358634588201529603 ) ) ;
#1513 = EDGE_CURVE ( 'NONE', #494, #1017, #1266, .T. ) ;
#1514 = CIRCLE ( 'NONE', #736, 0.1250000000000000000 ) ;
#1515 = CARTESIAN_POINT ( 'NONE',  ( -0.3218494396806070856, 2.500000000000000000, 6.125000000000000000 ) ) ;
#1516 = ORIENTED_EDGE ( 'NONE', *, *, #218, .F. ) ;
#1517 = ORIENTED_EDGE ( 'NONE', *, *, #1565, .T. ) ;
#1518 = CARTESIAN_POINT ( 'NONE',  ( -0.1562500000000000000, 1.250000000000000000, 0.3749999999999999445 ) ) ;
#1519 = VERTEX_POINT ( 'NONE', #1795 ) ;
#1520 = LINE ( 'NONE', #1216, #156 ) ;
#1521 = CARTESIAN_POINT ( 'NONE',  ( -0.9766113444425119638, -2.375000000000000000, 1.249999999999999778 ) ) ;
#1522 = CARTESIAN_POINT ( 'NONE',  ( 0.000000000000000000, -1.250000000000000000, 0.3749999999999999445 ) ) ;
#1523 = CARTESIAN_POINT ( 'NONE',  ( 0.4315476190476188467, -2.500000000000000000, 6.125000000000000000 ) ) ;
#1524 = ORIENTED_EDGE ( 'NONE', *, *, #1354, .T. ) ;
#1525 = ORIENTED_EDGE ( 'NONE', *, *, #1111, .T. ) ;
#1526 = CARTESIAN_POINT ( 'NONE',  ( 0.4130531521077808188, 2.375000000000000000, 6.391230474813309748 ) ) ;
#1528 = ORIENTED_EDGE ( 'NONE', *, *, #850, .F. ) ;
#1527 = AXIS2_PLACEMENT_3D ( 'NONE', #249, #1950, #1801 ) ;
#1529 = CARTESIAN_POINT ( 'NONE',  ( 1.104983927321494086, 3.500000000000000000, 0.1447002761968623485 ) ) ;
#1530 = VECTOR ( 'NONE', #1730, 39.37007874015748143 ) ;
#1531 = CARTESIAN_POINT ( 'NONE',  ( 1.072266961539536823, 2.500900906478345842, 1.357234111879291216 ) ) ;
#1532 = EDGE_CURVE ( 'NONE', #1200, #989, #251, .T. ) ;
#1533 = EDGE_CURVE ( 'NONE', #1732, #1794, #1490, .T. ) ;
#1534 = CARTESIAN_POINT ( 'NONE',  ( -1.093994626102446022, 2.528636680088443889, 1.191313764308593370 ) ) ;
#1535 = PERSON_AND_ORGANIZATION ( #1396, #157 ) ;
#1536 = CIRCLE ( 'NONE', #661, 0.03125000000000000694 ) ;
#1537 = DIRECTION ( 'NONE',  ( -1.000000000000000000, 0.000000000000000000, 0.000000000000000000 ) ) ;
#1538 = VERTEX_POINT ( 'NONE', #1044 ) ;
#1539 = ORIENTED_EDGE ( 'NONE', *, *, #1655, .T. ) ;
#1540 = DIRECTION ( 'NONE',  ( 0.000000000000000000, -1.000000000000000000, 0.000000000000000000 ) ) ;
#1541 = VERTEX_POINT ( 'NONE', #123 ) ;
#1542 = DIRECTION ( 'NONE',  ( 2.731847993664265191E-16, 1.000000000000000000, 0.000000000000000000 ) ) ;
#1543 = ADVANCED_FACE ( 'NONE', ( #280 ), #253, .T. ) ;
#1544 = DIRECTION ( 'NONE',  ( -1.000000000000000000, 0.000000000000000000, 0.000000000000000000 ) ) ;
#1545 = CARTESIAN_POINT ( 'NONE',  ( -0.9724793512108621529, -2.437952372483991326, 1.265776701429882412 ) ) ;
#1546 = DIRECTION ( 'NONE',  ( 0.000000000000000000, 0.000000000000000000, -1.000000000000000000 ) ) ;
#1547 = EDGE_LOOP ( 'NONE', ( #1320, #58, #546, #1283 ) ) ;
#1548 = AXIS2_PLACEMENT_3D ( 'NONE', #986, #1466, #1485 ) ;
#1549 = ORIENTED_EDGE ( 'NONE', *, *, #1156, .F. ) ;
#1550 = CARTESIAN_POINT ( 'NONE',  ( 0.9438732492044165090, -2.500000000000000444, 1.375000000000000000 ) ) ;
#1551 = ORIENTED_EDGE ( 'NONE', *, *, #1812, .F. ) ;
#1552 = FACE_OUTER_BOUND ( 'NONE', #1386, .T. ) ;
#1553 = DIRECTION ( 'NONE',  ( 0.1298437985064723466, 0.000000000000000000, -0.9915344613221522829 ) ) ;
#1554 = CARTESIAN_POINT ( 'NONE',  ( -1.076652947342996436, -2.491075872935013091, 1.323741129381466264 ) ) ;
#1555 = CARTESIAN_POINT ( 'NONE',  ( -1.107563725394892673, -3.500000000000000000, 0.1250000000000000000 ) ) ;
#1556 = DIRECTION ( 'NONE',  ( -0.000000000000000000, -1.000000000000000000, -0.000000000000000000 ) ) ;
#1557 = VERTEX_POINT ( 'NONE', #1337 ) ;
#1558 = CARTESIAN_POINT ( 'NONE',  ( 0.4130531521077806523, 2.374999999999999556, 6.391230474813308859 ) ) ;
#1559 = VERTEX_POINT ( 'NONE', #1662 ) ;
#1560 = CARTESIAN_POINT ( 'NONE',  ( 0.000000000000000000, 1.250000000000000000, 0.5000000000000000000 ) ) ;
#1561 = CIRCLE ( 'NONE', #1036, 0.1250000000000004441 ) ;
#1562 = CARTESIAN_POINT ( 'NONE',  ( -0.4130531521077808188, 2.375000000000000000, 6.391230474813309748 ) ) ;
#1563 = VECTOR ( 'NONE', #912, 39.37007874015748143 ) ;
#1564 = PERSON_AND_ORGANIZATION ( #1396, #157 ) ;
#1565 = EDGE_CURVE ( 'NONE', #494, #763, #1012, .T. ) ;
#1566 = FACE_OUTER_BOUND ( 'NONE', #1755, .T. ) ;
#1567 = CARTESIAN_POINT ( 'NONE',  ( 0.4315476190474484830, -2.388914202529943687, 6.249999999999999112 ) ) ;
#1568 = ORIENTED_EDGE ( 'NONE', *, *, #1533, .T. ) ;
#1569 = CARTESIAN_POINT ( 'NONE',  ( 0.2932433376741602205, 2.437952372483940255, 6.234223298570137572 ) ) ;
#1570 = EDGE_CURVE ( 'NONE', #775, #1017, #1952, .T. ) ;
#1571 = ORIENTED_EDGE ( 'NONE', *, *, #1481, .F. ) ;
#1572 = EDGE_CURVE ( 'NONE', #1813, #1215, #1520, .T. ) ;
#1573 = DIRECTION ( 'NONE',  ( -0.000000000000000000, -0.000000000000000000, -1.000000000000000000 ) ) ;
#1574 = FACE_BOUND ( 'NONE', #1682, .T. ) ;
#1575 = LINE ( 'NONE', #957, #1596 ) ;
#1576 = CARTESIAN_POINT ( 'NONE',  ( -0.1562500000000000000, -1.250000000000000000, 0.3749999999999999445 ) ) ;
#1577 = EDGE_CURVE ( 'NONE', #368, #528, #1869, .T. ) ;
#1578 = VERTEX_POINT ( 'NONE', #582 ) ;
#1579 = FACE_OUTER_BOUND ( 'NONE', #949, .T. ) ;
#1580 = EDGE_CURVE ( 'NONE', #1794, #903, #1744, .T. ) ;
#1581 = EDGE_LOOP ( 'NONE', ( #1626, #536, #1460 ) ) ;
#1582 = AXIS2_PLACEMENT_3D ( 'NONE', #85, #1789, #516 ) ;
#1583 = ORIENTED_EDGE ( 'NONE', *, *, #44, .F. ) ;
#1584 = PRODUCT ( 'rocker-arm-support', 'rocker-arm-support', '', ( #263 ) ) ;
#1585 = CARTESIAN_POINT ( 'NONE',  ( -0.4457912473458761626, 2.500000000000000444, 6.141230474813308859 ) ) ;
#1586 = CARTESIAN_POINT ( 'NONE',  ( 0.4415050680652988779, -2.625000000000000444, 6.173961298410442389 ) ) ;
#1587 = VERTEX_POINT ( 'NONE', #473 ) ;
#1588 = CARTESIAN_POINT ( 'NONE',  ( 1.086309523808899558, -2.393249484405919780, 1.250000000000681233 ) ) ;
#1589 = ORIENTED_EDGE ( 'NONE', *, *, #419, .F. ) ;
#1590 = ADVANCED_FACE ( 'NONE', ( #144 ), #1058, .F. ) ;
#1591 = CARTESIAN_POINT ( 'NONE',  ( -0.4372221201631850129, 2.618493169115861274, 6.206667446026586710 ) ) ;
#1592 = AXIS2_PLACEMENT_3D ( 'NONE', #1043, #1028, #1960 ) ;
#1593 = EDGE_CURVE ( 'NONE', #1633, #210, #506, .T. ) ;
#1594 = COORDINATED_UNIVERSAL_TIME_OFFSET ( 8, 0, .BEHIND. ) ;
#1595 = DIRECTION ( 'NONE',  ( 0.000000000000000000, 1.000000000000000000, -0.000000000000000000 ) ) ;
#1596 = VECTOR ( 'NONE', #1457, 39.37007874015748143 ) ;
#1597 = FACE_OUTER_BOUND ( 'NONE', #326, .T. ) ;
#1598 = ORIENTED_EDGE ( 'NONE', *, *, #714, .F. ) ;
#1599 = CARTESIAN_POINT ( 'NONE',  ( -0.4293037212188836049, -2.593446597139764886, 6.267135219783069644 ) ) ;
#1600 = ORIENTED_EDGE ( 'NONE', *, *, #511, .T. ) ;
#1601 = CYLINDRICAL_SURFACE ( 'NONE', #1796, 0.1249999999999999306 ) ;
#1602 = VECTOR ( 'NONE', #436, 39.37007874015748143 ) ;
#1603 = ADVANCED_FACE ( 'NONE', ( #1090 ), #1708, .T. ) ;
#1604 = CARTESIAN_POINT ( 'NONE',  ( -0.4339394411137024732, 2.442686588867044151, 6.231735176949624311 ) ) ;
#1605 = CC_DESIGN_DATE_AND_TIME_ASSIGNMENT ( #1114, #772, ( #906 ) ) ;
#1606 = DIRECTION ( 'NONE',  ( -0.9915344613221523939, 0.000000000000000000, -0.1298437985064721800 ) ) ;
#1607 = CYLINDRICAL_SURFACE ( 'NONE', #276, 0.1250000000000000000 ) ;
#1608 = CARTESIAN_POINT ( 'NONE',  ( 0.2236351539663215260, -3.624999999999999556, 6.874999999999999112 ) ) ;
#1609 = ORIENTED_EDGE ( 'NONE', *, *, #730, .T. ) ;
#1610 = DIRECTION ( 'NONE',  ( -0.1298437985064723466, 0.000000000000000000, 0.9915344613221522829 ) ) ;
#1611 = EDGE_LOOP ( 'NONE', ( #49, #1027, #1735, #289 ) ) ;
#1612 = DIRECTION ( 'NONE',  ( -0.1298437985064723466, -0.000000000000000000, 0.9915344613221522829 ) ) ;
#1613 = AXIS2_PLACEMENT_3D ( 'NONE', #1157, #504, #383 ) ;
#1614 = CARTESIAN_POINT ( 'NONE',  ( -0.3218494396806070856, -2.500000000000000000, 6.125000000000000000 ) ) ;
#1615 = CIRCLE ( 'NONE', #998, 0.1250000000000000000 ) ;
#1616 = DIRECTION ( 'NONE',  ( 0.000000000000000000, 0.000000000000000000, -1.000000000000000000 ) ) ;
#1617 = CARTESIAN_POINT ( 'NONE',  ( -1.100553152107780930, 2.375000000000000000, 1.141230474813309081 ) ) ;
#1618 = CYLINDRICAL_SURFACE ( 'NONE', #853, 0.1250000000000000000 ) ;
#1619 = EDGE_LOOP ( 'NONE', ( #837, #1376, #1707 ) ) ;
#1620 = CARTESIAN_POINT ( 'NONE',  ( 0.9438732492044163980, -2.625000000000000000, 1.375000000000000000 ) ) ;
#1621 = LINE ( 'NONE', #816, #378 ) ;
#1622 = CARTESIAN_POINT ( 'NONE',  ( -0.03125000000000000694, -1.250000000000000000, 0.5000000000000000000 ) ) ;
#1623 = EDGE_CURVE ( 'NONE', #1587, #581, #1849, .T. ) ;
#1624 = CARTESIAN_POINT ( 'NONE',  ( 0.9639923382636278459, -2.474958355252448783, 1.298181659955810918 ) ) ;
#1625 = AXIS2_PLACEMENT_3D ( 'NONE', #1281, #1595, #217 ) ;
#1626 = ORIENTED_EDGE ( 'NONE', *, *, #758, .T. ) ;
#1627 = AXIS2_PLACEMENT_3D ( 'NONE', #1692, #1540, #1098 ) ;
#1628 = CARTESIAN_POINT ( 'NONE',  ( 1.069974844577937345, 2.502105998101090023, 1.374737550495224392 ) ) ;
#1629 = DIRECTION ( 'NONE',  ( 1.000000000000000000, 0.000000000000000000, 0.000000000000000000 ) ) ;
#1630 = CARTESIAN_POINT ( 'NONE',  ( -1.107563725394892895, 3.500000000000000000, 0.1250000000000000000 ) ) ;
#1631 = FACE_OUTER_BOUND ( 'NONE', #1819, .T. ) ;
#1632 = CARTESIAN_POINT ( 'NONE',  ( -0.1562500000000000000, -1.250000000000000000, 0.5000000000000000000 ) ) ;
#1633 = VERTEX_POINT ( 'NONE', #1076 ) ;
#1634 = DIRECTION ( 'NONE',  ( 1.000000000000000000, 0.000000000000000000, 0.000000000000000000 ) ) ;
#1635 = ORIENTED_EDGE ( 'NONE', *, *, #1646, .T. ) ;
#1636 = AXIS2_PLACEMENT_3D ( 'NONE', #1989, #941, #1542 ) ;
#1637 = LINE ( 'NONE', #862, #635 ) ;
#1638 = DIRECTION ( 'NONE',  ( -8.195543980992760073E-16, 0.000000000000000000, 1.000000000000000000 ) ) ;
#1639 = DIRECTION ( 'NONE',  ( 0.000000000000000000, 0.000000000000000000, -1.000000000000000000 ) ) ;
#1640 = ORIENTED_EDGE ( 'NONE', *, *, #1572, .T. ) ;
#1641 = DIRECTION ( 'NONE',  ( 0.000000000000000000, 1.000000000000000000, 0.000000000000000000 ) ) ;
#1642 = VERTEX_POINT ( 'NONE', #1294 ) ;
#1643 = CARTESIAN_POINT ( 'NONE',  ( -1.107563725394893117, 3.500000000000000000, 0.1250000000000000000 ) ) ;
#1644 = EDGE_CURVE ( 'NONE', #818, #1200, #124, .T. ) ;
#1645 = CARTESIAN_POINT ( 'NONE',  ( 0.4457912473458761626, -2.625000000000000000, 6.141230474813308859 ) ) ;
#1646 = EDGE_CURVE ( 'NONE', #1244, #1721, #450, .T. ) ;
#1647 = CARTESIAN_POINT ( 'NONE',  ( 0.000000000000000000, -1.250000000000000000, 0.3749999999999999445 ) ) ;
#1648 = FACE_OUTER_BOUND ( 'NONE', #97, .T. ) ;
#1649 = EDGE_LOOP ( 'NONE', ( #38, #344, #29, #1640 ) ) ;
#1650 = APPROVAL_PERSON_ORGANIZATION ( #34, #1431, #782 ) ;
#1651 = CARTESIAN_POINT ( 'NONE',  ( -1.250000000000000000, -2.500000000000000000, 6.250000000000000000 ) ) ;
#1652 = ORIENTED_EDGE ( 'NONE', *, *, #1982, .F. ) ;
#1653 = CIRCLE ( 'NONE', #329, 0.1250000000000000000 ) ;
#1654 = DIRECTION ( 'NONE',  ( 1.000000000000000000, 0.000000000000000000, 0.000000000000000000 ) ) ;
#1655 = EDGE_CURVE ( 'NONE', #903, #78, #1280, .T. ) ;
#1656 = CARTESIAN_POINT ( 'NONE',  ( -1.076652947342993327, 2.491075872935019309, 1.323741129381490023 ) ) ;
#1657 = DIRECTION ( 'NONE',  ( 1.000000000000000000, -0.000000000000000000, 0.000000000000000000 ) ) ;
#1658 = DIRECTION ( 'NONE',  ( 0.000000000000000000, -1.000000000000000000, 0.000000000000000000 ) ) ;
#1659 = CARTESIAN_POINT ( 'NONE',  ( -0.4130531521077808188, -2.500000000000000000, 6.391230474813309748 ) ) ;
#1660 = ORIENTED_EDGE ( 'NONE', *, *, #580, .F. ) ;
#1661 = CIRCLE ( 'NONE', #31, 0.1562500000000000000 ) ;
#1662 = CARTESIAN_POINT ( 'NONE',  ( -0.2891113444425116863, -2.375000000000000000, 6.250000000000000000 ) ) ;
#1663 = VECTOR ( 'NONE', #1100, 39.37007874015748143 ) ;
#1664 = CARTESIAN_POINT ( 'NONE',  ( -0.9700528184371774998, -2.451818340044318756, 1.275041644747682223 ) ) ;
#1665 = CARTESIAN_POINT ( 'NONE',  ( 0.4457912473458761626, 2.625000000000000000, 6.141230474813308859 ) ) ;
#1666 = TOROIDAL_SURFACE ( 'NONE', #537, 0.03125000000000000694, 0.1250000000000000000 ) ;
#1667 = CARTESIAN_POINT ( 'NONE',  ( -0.2891113444425260082, -2.391365411797860219, 6.249999999999999112 ) ) ;
#1668 = DIRECTION ( 'NONE',  ( -1.000000000000000000, 0.000000000000000000, -0.000000000000000000 ) ) ;
#1669 = VERTEX_POINT ( 'NONE', #438 ) ;
#1670 = CARTESIAN_POINT ( 'NONE',  ( 1.250000000000000000, -3.624999999999999556, 0.000000000000000000 ) ) ;
#1671 = ADVANCED_FACE ( 'NONE', ( #4 ), #175, .T. ) ;
#1672 = ORIENTED_EDGE ( 'NONE', *, *, #1448, .T. ) ;
#1673 = ADVANCED_FACE ( 'NONE', ( #1552 ), #41, .F. ) ;
#1674 = CARTESIAN_POINT ( 'NONE',  ( -1.250000000000000000, 2.375000000000000000, 1.375000000000000000 ) ) ;
#1675 = CARTESIAN_POINT ( 'NONE',  ( -0.2891113444425116863, 2.375000000000000000, 6.250000000000000000 ) ) ;
#1676 = CYLINDRICAL_SURFACE ( 'NONE', #1189, 0.1250000000000000000 ) ;
#1677 = CARTESIAN_POINT ( 'NONE',  ( 1.067815056869685808, 2.625000000000000000, 1.391230474813309081 ) ) ;
#1678 = CARTESIAN_POINT ( 'NONE',  ( 0.4130531521077797086, -2.407730823595829239, 6.391230474813315965 ) ) ;
#1679 = EDGE_CURVE ( 'NONE', #1721, #539, #1963, .T. ) ;
#1680 = ORIENTED_EDGE ( 'NONE', *, *, #1296, .F. ) ;
#1681 = CARTESIAN_POINT ( 'NONE',  ( 0.4315476190476186802, 2.375000000000000000, 6.249999999999999112 ) ) ;
#1682 = EDGE_LOOP ( 'NONE', ( #1652, #1099, #198, #1517, #162, #1193, #328, #674 ) ) ;
#1683 = DIRECTION ( 'NONE',  ( 0.000000000000000000, -1.000000000000000000, 0.000000000000000000 ) ) ;
#1684 = AXIS2_PLACEMENT_3D ( 'NONE', #1701, #935, #1689 ) ;
#1685 = LINE ( 'NONE', #1712, #524 ) ;
#1686 = CARTESIAN_POINT ( 'NONE',  ( -0.9757592594457340507, -2.407718485607281966, 1.253253415442295626 ) ) ;
#1687 = CARTESIAN_POINT ( 'NONE',  ( 0.4130531521077808188, 2.375000000000000000, 6.391230474813309748 ) ) ;
#1688 = CIRCLE ( 'NONE', #917, 0.1250000000000000555 ) ;
#1689 = DIRECTION ( 'NONE',  ( 1.000000000000000000, 0.000000000000000000, 0.000000000000000000 ) ) ;
#1690 = ORIENTED_EDGE ( 'NONE', *, *, #1646, .F. ) ;
#1691 = ORIENTED_EDGE ( 'NONE', *, *, #1982, .T. ) ;
#1692 = CARTESIAN_POINT ( 'NONE',  ( -0.2891113444425116863, 2.500000000000000000, 6.375000000000000888 ) ) ;
#1693 = VERTEX_POINT ( 'NONE', #1379 ) ;
#1694 = CARTESIAN_POINT ( 'NONE',  ( -1.126058192334731034, -3.624999999999999556, -0.01623047481330905373 ) ) ;
#1695 = AXIS2_PLACEMENT_3D ( 'NONE', #785, #1231, #937 ) ;
#1696 = CARTESIAN_POINT ( 'NONE',  ( 0.9639923382636278459, 2.474958355252334208, 1.298181659955697231 ) ) ;
#1697 = VECTOR ( 'NONE', #554, 39.37007874015748143 ) ;
#1698 = CARTESIAN_POINT ( 'NONE',  ( -0.4457912473458762737, 2.625000000000000000, 6.141230474813308859 ) ) ;
#1699 = CARTESIAN_POINT ( 'NONE',  ( -1.084302582996643949, 2.593446597139553944, 1.265325729843809199 ) ) ;
#1700 = EDGE_CURVE ( 'NONE', #775, #1406, #1322, .T. ) ;
#1701 = CARTESIAN_POINT ( 'NONE',  ( 0.000000000000000000, -1.250000000000000000, 0.3749999999999999445 ) ) ;
#1702 = AXIS2_PLACEMENT_3D ( 'NONE', #133, #745, #1370 ) ;
#1703 = CARTESIAN_POINT ( 'NONE',  ( -0.3333333333333333148, -3.624999999999999556, 7.000000000000000000 ) ) ;
#1704 = AXIS2_PLACEMENT_3D ( 'NONE', #1023, #1007, #700 ) ;
#1705 = ORIENTED_EDGE ( 'NONE', *, *, #1565, .F. ) ;
#1706 = CARTESIAN_POINT ( 'NONE',  ( 0.9481594284849234056, -2.500000000000000444, 1.358634588201586002 ) ) ;
#1707 = ORIENTED_EDGE ( 'NONE', *, *, #498, .F. ) ;
#1708 = CYLINDRICAL_SURFACE ( 'NONE', #1511, 0.1250000000000000000 ) ;
#1709 = EDGE_CURVE ( 'NONE', #1200, #1244, #605, .T. ) ;
#1710 = CARTESIAN_POINT ( 'NONE',  ( 1.099701067110996133, 2.440436971214542616, 1.147737305697846377 ) ) ;
#1711 = ADVANCED_FACE ( 'NONE', ( #1247 ), #1842, .F. ) ;
#1712 = CARTESIAN_POINT ( 'NONE',  ( 1.107563725394892895, -3.624999999999999556, 0.000000000000000000 ) ) ;
#1713 = DIRECTION ( 'NONE',  ( 0.1298437985064723188, 3.527787194190736186E-15, -0.9915344613221522829 ) ) ;
#1714 =( BOUNDED_SURFACE ( )  B_SPLINE_SURFACE ( 3, 2, ( 
 ( #621, #1372, #898 ),
 ( #1059, #441, #1381 ),
 ( #1815, #1361, #1992 ),
 ( #1699, #1656, #584 ),
 ( #1349, #596, #291 ),
 ( #1534, #420, #1068 ),
 ( #612, #1239, #748 ),
 ( #452, #1852, #1983 ),
 ( #1229, #1972, #889 ),
 ( #1965, #301, #1824 ) ),
 .UNSPECIFIED., .F., .F., .F. ) 
 B_SPLINE_SURFACE_WITH_KNOTS ( ( 4, 2, 2, 2, 4 ),
 ( 3, 3 ),
 ( 4.712388980384689674, 5.105088062083414258, 5.497787143782137953, 5.890486225480861648, 6.283185307179586232 ),
 ( 0.000000000000000000, 1.000000000000000000 ),
 .UNSPECIFIED. ) 
 GEOMETRIC_REPRESENTATION_ITEM ( )  RATIONAL_B_SPLINE_SURFACE ( (
 ( 1.000000000000000000, 0.7071067811865475727, 1.000000000000000000),
 ( 1.000000000000000000, 0.7131182554851317468, 1.000000000000000000),
 ( 1.000000000000000000, 0.7190427892408551847, 1.000000000000000000),
 ( 1.000000000000000000, 0.7298803077410224160, 1.000000000000000000),
 ( 1.000000000000000000, 0.7347884573494473104, 1.000000000000000000),
 ( 1.000000000000000000, 0.7429215483140089171, 1.000000000000000000),
 ( 1.000000000000000000, 0.7461451558998507538, 1.000000000000000000),
 ( 1.000000000000000000, 0.7504910910644196909, 1.000000000000000000),
 ( 1.000000000000000000, 0.7516172658124999906, 1.000000000000000000),
 ( 1.000000000000000000, 0.7516128652792177789, 1.000000000000000000) ) ) 
 REPRESENTATION_ITEM ( '' )  SURFACE ( )  );
#1715 = EDGE_CURVE ( 'NONE', #210, #223, #1348, .T. ) ;
#1716 = DIRECTION ( 'NONE',  ( -0.1298437985064722633, -1.418854081758613509E-16, -0.9915344613221523939 ) ) ;
#1717 = EDGE_CURVE ( 'NONE', #1559, #1857, #1389, .T. ) ;
#1718 = CARTESIAN_POINT ( 'NONE',  ( 0.3053619135536331797, -2.484223298569768090, 6.187952372484834207 ) ) ;
#1719 = ORIENTED_EDGE ( 'NONE', *, *, #206, .F. ) ;
#1720 = CARTESIAN_POINT ( 'NONE',  ( 0.4339394411137346141, 2.442686588867077901, 6.231735176949596777 ) ) ;
#1721 = VERTEX_POINT ( 'NONE', #1722 ) ;
#1722 = CARTESIAN_POINT ( 'NONE',  ( -1.107563725394892895, -3.624999999999999556, 0.1250000000000000000 ) ) ;
#1723 = CIRCLE ( 'NONE', #233, 0.1250000000000000000 ) ;
#1724 = CARTESIAN_POINT ( 'NONE',  ( 1.087934145928907581, 2.574916710504668416, 1.237593794724705099 ) ) ;
#1725 = LINE ( 'NONE', #1851, #176 ) ;
#1726 = ADVANCED_FACE ( 'NONE', ( #805 ), #439, .F. ) ;
#1727 = AXIS2_PLACEMENT_3D ( 'NONE', #1233, #1387, #939 ) ;
#1728 = APPROVAL_STATUS ( 'not_yet_approved' ) ;
#1729 = EDGE_CURVE ( 'NONE', #1642, #1478, #701, .T. ) ;
#1730 = DIRECTION ( 'NONE',  ( -0.000000000000000000, 1.000000000000000000, 0.000000000000000000 ) ) ;
#1731 = CARTESIAN_POINT ( 'NONE',  ( 0.4256721582866496711, -2.574916710504635553, 6.294867154901946371 ) ) ;
#1732 = VERTEX_POINT ( 'NONE', #1917 ) ;
#1733 = FACE_OUTER_BOUND ( 'NONE', #615, .T. ) ;
#1734 = EDGE_LOOP ( 'NONE', ( #339, #916, #764, #1342 ) ) ;
#1735 = ORIENTED_EDGE ( 'NONE', *, *, #1580, .F. ) ;
#1736 = LINE ( 'NONE', #610, #265 ) ;
#1737 = PERSON_AND_ORGANIZATION_ROLE ( 'creator' ) ;
#1738 = AXIS2_PLACEMENT_3D ( 'NONE', #1630, #1768, #1176 ) ;
#1739 = FACE_OUTER_BOUND ( 'NONE', #637, .T. ) ;
#1740 = CARTESIAN_POINT ( 'NONE',  ( 0.000000000000000000, 1.250000000000000000, 0.3749999999999999445 ) ) ;
#1741 = ORIENTED_EDGE ( 'NONE', *, *, #1532, .F. ) ;
#1742 = CARTESIAN_POINT ( 'NONE',  ( -0.4435914172235141395, -2.497854956742579180, 6.158029177565217616 ) ) ;
#1743 = ORIENTED_EDGE ( 'NONE', *, *, #730, .F. ) ;
#1744 = CIRCLE ( 'NONE', #1702, 0.1250000000000000278 ) ;
#1745 = DIRECTION ( 'NONE',  ( -0.9915344613221522829, 0.000000000000000000, 0.1298437985064725964 ) ) ;
#1746 = ORIENTED_EDGE ( 'NONE', *, *, #580, .T. ) ;
#1747 = DIRECTION ( 'NONE',  ( 1.000000000000000000, -2.458663194297838672E-15, -0.000000000000000000 ) ) ;
#1748 =( BOUNDED_CURVE ( )  B_SPLINE_CURVE ( 3, ( #1562, #496, #475, #1698 ),
 .UNSPECIFIED., .F., .F. ) 
 B_SPLINE_CURVE_WITH_KNOTS ( ( 4, 4 ),
 ( 3.141592653589793116, 4.712388980384689674 ),
 .UNSPECIFIED. ) 
 CURVE ( )  GEOMETRIC_REPRESENTATION_ITEM ( )  RATIONAL_B_SPLINE_CURVE ( ( 1.000000000000000000, 0.8047378541243649375, 0.8047378541243649375, 1.000000000000000000 ) ) 
 REPRESENTATION_ITEM ( '' )  );
#1749 = APPROVAL_DATE_TIME ( #1103, #1431 ) ;
#1750 = FACE_OUTER_BOUND ( 'NONE', #1438, .T. ) ;
#1751 = CARTESIAN_POINT ( 'NONE',  ( 0.4379243289856101229, -2.476438131570395385, 6.201305124109716793 ) ) ;
#1752 = ORIENTED_EDGE ( 'NONE', *, *, #921, .F. ) ;
#1753 = CARTESIAN_POINT ( 'NONE',  ( 0.2236351539663214427, 3.500000000000000000, 6.874999999999999112 ) ) ;
#1754 = EDGE_CURVE ( 'NONE', #129, #1970, #1135, .T. ) ;
#1755 = EDGE_LOOP ( 'NONE', ( #1118, #847, #1719 ) ) ;
#1756 = FACE_OUTER_BOUND ( 'NONE', #1202, .T. ) ;
#1757 = CARTESIAN_POINT ( 'NONE',  ( -0.4315476190476189577, 2.375000000000000888, 6.250000000000000000 ) ) ;
#1758 = CARTESIAN_POINT ( 'NONE',  ( 0.2236351539663215260, -3.500000000000000000, 6.874999999999999112 ) ) ;
#1759 = TOROIDAL_SURFACE ( 'NONE', #1684, 0.03125000000000000694, 0.1250000000000000000 ) ;
#1760 = CARTESIAN_POINT ( 'NONE',  ( -0.9766113444425116308, -2.448223304703363468, 1.250000000000000000 ) ) ;
#1761 = DIRECTION ( 'NONE',  ( -0.1298437985064723466, -0.000000000000000000, 0.9915344613221522829 ) ) ;
#1762 = VERTEX_POINT ( 'NONE', #692 ) ;
#1763 = CARTESIAN_POINT ( 'NONE',  ( -0.4379243289856101784, -2.476438131570626755, 6.201305124109716793 ) ) ;
#1764 = ORIENTED_EDGE ( 'NONE', *, *, #1922, .F. ) ;
#1765 = DIRECTION ( 'NONE',  ( 0.1298437985064722910, -7.094270408793070749E-16, -0.9915344613221522829 ) ) ;
#1766 = CARTESIAN_POINT ( 'NONE',  ( 0.3218494396806064750, 2.500000000000000000, 6.125000000000000000 ) ) ;
#1767 = DIRECTION ( 'NONE',  ( 0.000000000000000000, 0.000000000000000000, 1.000000000000000000 ) ) ;
#1768 = DIRECTION ( 'NONE',  ( 0.000000000000000000, -0.000000000000000000, 1.000000000000000000 ) ) ;
#1769 = AXIS2_PLACEMENT_3D ( 'NONE', #1620, #1479, #1318 ) ;
#1770 = LINE ( 'NONE', #1149, #894 ) ;
#1771 = ORIENTED_EDGE ( 'NONE', *, *, #944, .F. ) ;
#1772 = DIRECTION ( 'NONE',  ( -1.000000000000000000, -0.000000000000000000, -0.000000000000000000 ) ) ;
#1773 = EDGE_LOOP ( 'NONE', ( #444, #435, #469, #1752 ) ) ;
#1774 = CARTESIAN_POINT ( 'NONE',  ( 0.2812500000000000000, 1.250000000000000000, 1.707404996040164512E-17 ) ) ;
#1775 = AXIS2_PLACEMENT_3D ( 'NONE', #1875, #1573, #485 ) ;
#1776 = FACE_OUTER_BOUND ( 'NONE', #756, .T. ) ;
#1777 = AXIS2_PLACEMENT_3D ( 'NONE', #1608, #1305, #255 ) ;
#1778 = ADVANCED_FACE ( 'NONE', ( #402 ), #1314, .T. ) ;
#1779 = EDGE_CURVE ( 'NONE', #1794, #400, #1167, .T. ) ;
#1780 = CYLINDRICAL_SURFACE ( 'NONE', #1185, 0.1250000000000000000 ) ;
#1781 = EDGE_CURVE ( 'NONE', #448, #1405, #1964, .T. ) ;
#1782 = DIRECTION ( 'NONE',  ( -1.000000000000000000, 0.000000000000000000, 0.000000000000000000 ) ) ;
#1783 = CARTESIAN_POINT ( 'NONE',  ( 0.9603607753313900819, -2.484223298569842697, 1.312047627515344095 ) ) ;
#1784 = EDGE_CURVE ( 'NONE', #1762, #604, #477, .T. ) ;
#1785 = ORIENTED_EDGE ( 'NONE', *, *, #108, .F. ) ;
#1786 = LINE ( 'NONE', #242, #992 ) ;
#1787 = CARTESIAN_POINT ( 'NONE',  ( -0.2891113444425260082, 2.391365411797982343, 6.249999999999999112 ) ) ;
#1788 = DIRECTION ( 'NONE',  ( 0.000000000000000000, 0.000000000000000000, 1.000000000000000000 ) ) ;
#1789 = DIRECTION ( 'NONE',  ( 0.000000000000000000, 0.000000000000000000, 1.000000000000000000 ) ) ;
#1790 = CARTESIAN_POINT ( 'NONE',  ( 1.107563725394892895, -3.624999999999999556, 0.1250000000000004441 ) ) ;
#1791 = AXIS2_PLACEMENT_3D ( 'NONE', #480, #180, #1537 ) ;
#1792 = ORIENTED_EDGE ( 'NONE', *, *, #598, .F. ) ;
#1793 = FACE_OUTER_BOUND ( 'NONE', #979, .T. ) ;
#1794 = VERTEX_POINT ( 'NONE', #1015 ) ;
#1795 = CARTESIAN_POINT ( 'NONE',  ( -0.1562500000000000000, 1.250000000000000000, 0.1250000000000000278 ) ) ;
#1796 = AXIS2_PLACEMENT_3D ( 'NONE', #212, #1453, #677 ) ;
#1797 = CARTESIAN_POINT ( 'NONE',  ( -0.4315476190476188467, 2.500000000000000000, 6.125000000000000000 ) ) ;
#1798 = CARTESIAN_POINT ( 'NONE',  ( -0.9630507813886307611, 2.500000000000000000, 1.301776695296636976 ) ) ;
#1799 = CARTESIAN_POINT ( 'NONE',  ( -0.2932433376741603870, -2.437952372483940255, 6.234223298570137572 ) ) ;
#1800 = ORIENTED_EDGE ( 'NONE', *, *, #1532, .T. ) ;
#1801 = DIRECTION ( 'NONE',  ( -0.9915344613221522829, 0.000000000000000000, 0.1298437985064723188 ) ) ;
#1802 = VERTEX_POINT ( 'NONE', #1161 ) ;
#1803 = EDGE_CURVE ( 'NONE', #977, #248, #1770, .T. ) ;
#1804 = CARTESIAN_POINT ( 'NONE',  ( -0.1562500000000000000, -1.250000000000000000, 0.1250000000000000278 ) ) ;
#1805 = AXIS2_PLACEMENT_3D ( 'NONE', #1038, #1359, #573 ) ;
#1806 = ADVANCED_FACE ( 'NONE', ( #95 ), #1666, .F. ) ;
#1807 = AXIS2_PLACEMENT_3D ( 'NONE', #1362, #411, #750 ) ;
#1808 = DIRECTION ( 'NONE',  ( 0.000000000000000000, 0.000000000000000000, 1.000000000000000000 ) ) ;
#1809 = CARTESIAN_POINT ( 'NONE',  ( -0.9438732492044166200, 2.500000000000000000, 1.375000000000000000 ) ) ;
#1810 = ORIENTED_EDGE ( 'NONE', *, *, #869, .T. ) ;
#1811 = DIRECTION ( 'NONE',  ( -0.000000000000000000, -0.000000000000000000, 1.000000000000000000 ) ) ;
#1812 = EDGE_CURVE ( 'NONE', #1578, #581, #1259, .T. ) ;
#1813 = VERTEX_POINT ( 'NONE', #365 ) ;
#1814 = LINE ( 'NONE', #1174, #1158 ) ;
#1815 = CARTESIAN_POINT ( 'NONE',  ( -1.076384184052346260, 2.618493169116090424, 1.325793503600264378 ) ) ;
#1816 = CIRCLE ( 'NONE', #1470, 0.1250000000000000278 ) ;
#1817 = CARTESIAN_POINT ( 'NONE',  ( 0.4266137151616615775, 2.625000000000000444, 6.287677084220034907 ) ) ;
#1818 = CYLINDRICAL_SURFACE ( 'NONE', #1973, 0.1250000000000000833 ) ;
#1819 = EDGE_LOOP ( 'NONE', ( #99, #172, #1598, #786 ) ) ;
#1820 = LOCAL_TIME ( 18, 28, 40.00000000000000000, #642 ) ;
#1821 = DIRECTION ( 'NONE',  ( -1.224646799147353207E-16, 1.000000000000000000, 0.000000000000000000 ) ) ;
#1822 = AXIS2_PLACEMENT_3D ( 'NONE', #1374, #1845, #315 ) ;
#1823 = DIRECTION ( 'NONE',  ( 0.000000000000000000, 0.000000000000000000, -1.000000000000000000 ) ) ;
#1824 = CARTESIAN_POINT ( 'NONE',  ( -0.9766113444425119638, 2.375000000000000000, 1.249999999999999778 ) ) ;
#1825 = FACE_OUTER_BOUND ( 'NONE', #1226, .T. ) ;
#1826 = ORIENTED_EDGE ( 'NONE', *, *, #1421, .T. ) ;
#1827 = ORIENTED_EDGE ( 'NONE', *, *, #338, .T. ) ;
#1828 = CARTESIAN_POINT ( 'NONE',  ( 0.9766113444425118528, 2.375000000000000000, 1.250000000000000000 ) ) ;
#1829 = ORIENTED_EDGE ( 'NONE', *, *, #277, .F. ) ;
#1830 = DIRECTION ( 'NONE',  ( 0.1298437985064722633, 0.000000000000000000, 0.9915344613221523939 ) ) ;
#1831 = VECTOR ( 'NONE', #84, 39.37007874015748143 ) ;
#1832 = CARTESIAN_POINT ( 'NONE',  ( 1.078751287348972410, 2.482537464094751289, 1.307717442062538149 ) ) ;
#1833 = EDGE_CURVE ( 'NONE', #1762, #1406, #560, .T. ) ;
#1834 = AXIS2_PLACEMENT_3D ( 'NONE', #239, #1937, #527 ) ;
#1835 = CARTESIAN_POINT ( 'NONE',  ( -1.087934145928897145, -2.574916710504635553, 1.237593794724784368 ) ) ;
#1836 = CARTESIAN_POINT ( 'NONE',  ( -1.250000000000000000, -2.375000000000000000, 1.375000000000000000 ) ) ;
#1837 = DIRECTION ( 'NONE',  ( -1.000000000000000000, 0.000000000000000000, 0.000000000000000000 ) ) ;
#1838 = FACE_OUTER_BOUND ( 'NONE', #548, .T. ) ;
#1839 = CC_DESIGN_PERSON_AND_ORGANIZATION_ASSIGNMENT ( #956, #1878, ( #1105 ) ) ;
#1840 = ORIENTED_EDGE ( 'NONE', *, *, #1709, .T. ) ;
#1841 = EDGE_LOOP ( 'NONE', ( #737, #260, #1771 ) ) ;
#1842 = CYLINDRICAL_SURFACE ( 'NONE', #476, 0.1562500000000000000 ) ;
#1843 = CARTESIAN_POINT ( 'NONE',  ( 0.9766113444425118528, 2.375000000000000000, 1.250000000000000000 ) ) ;
#1844 = DIRECTION ( 'NONE',  ( -2.185478394931410575E-15, 0.000000000000000000, -1.000000000000000000 ) ) ;
#1845 = DIRECTION ( 'NONE',  ( 0.000000000000000000, 0.000000000000000000, -1.000000000000000000 ) ) ;
#1846 = ORIENTED_EDGE ( 'NONE', *, *, #1833, .F. ) ;
#1847 = CARTESIAN_POINT ( 'NONE',  ( 0.3218494396806068636, 2.500000000000000444, 6.125000000000000000 ) ) ;
#1848 = VERTEX_POINT ( 'NONE', #1617 ) ;
#1849 = LINE ( 'NONE', #185, #640 ) ;
#1850 = CIRCLE ( 'NONE', #112, 0.1250000000000004441 ) ;
#1851 = CARTESIAN_POINT ( 'NONE',  ( -1.250000000000000000, 3.500000000000000444, 0.000000000000000000 ) ) ;
#1852 = CARTESIAN_POINT ( 'NONE',  ( -1.085779944010176967, 2.411518787317123103, 1.254044063923089647 ) ) ;
#1853 =( BOUNDED_CURVE ( )  B_SPLINE_CURVE ( 3, ( #531, #1164, #232, #521 ),
 .UNSPECIFIED., .F., .F. ) 
 B_SPLINE_CURVE_WITH_KNOTS ( ( 4, 4 ),
 ( 1.570796326794896558, 3.141592653589793116 ),
 .UNSPECIFIED. ) 
 CURVE ( )  GEOMETRIC_REPRESENTATION_ITEM ( )  RATIONAL_B_SPLINE_CURVE ( ( 1.000000000000000000, 0.8047378541243649375, 0.8047378541243649375, 1.000000000000000000 ) ) 
 REPRESENTATION_ITEM ( '' )  );
#1854 = CALENDAR_DATE ( 2025, 3, 12 ) ;
#1855 = CIRCLE ( 'NONE', #1075, 0.1250000000000000000 ) ;
#1856 = CARTESIAN_POINT ( 'NONE',  ( 0.4130531521077808188, 2.500000000000000000, 6.391230474813309748 ) ) ;
#1857 = VERTEX_POINT ( 'NONE', #1944 ) ;
#1858 = VERTEX_POINT ( 'NONE', #229 ) ;
#1859 = CARTESIAN_POINT ( 'NONE',  ( 0.4457912473458758851, 2.625000000000000444, 6.141230474813308859 ) ) ;
#1860 = ADVANCED_FACE ( 'NONE', ( #1631 ), #863, .T. ) ;
#1861 = EDGE_LOOP ( 'NONE', ( #626, #566, #16, #1568 ) ) ;
#1862 = DIRECTION ( 'NONE',  ( -0.1298437985064723466, 0.000000000000000000, -0.9915344613221522829 ) ) ;
#1863 = CARTESIAN_POINT ( 'NONE',  ( 0.9766113444425118528, 2.375000000000000000, 1.249999999999999778 ) ) ;
#1864 = DIRECTION ( 'NONE',  ( -1.000000000000000000, 0.000000000000000000, 0.000000000000000000 ) ) ;
#1865 = EDGE_CURVE ( 'NONE', #1578, #1120, #834, .T. ) ;
#1866 = CARTESIAN_POINT ( 'NONE',  ( -0.2236351539663213872, 3.500000000000000000, 7.000000000000000000 ) ) ;
#1867 = PERSON_AND_ORGANIZATION ( #1396, #157 ) ;
#1868 = CARTESIAN_POINT ( 'NONE',  ( 0.2236351539663215260, 3.500000000000000000, 7.000000000000000000 ) ) ;
#1869 = CIRCLE ( 'NONE', #1385, 0.1562500000000000000 ) ;
#1870 = CARTESIAN_POINT ( 'NONE',  ( 0.2956698704478461504, -2.451818340044319644, 6.224958355252318221 ) ) ;
#1871 = VECTOR ( 'NONE', #1966, 39.37007874015748143 ) ;
#1872 = ORIENTED_EDGE ( 'NONE', *, *, #108, .T. ) ;
#1873 = CARTESIAN_POINT ( 'NONE',  ( 0.3053619135536388418, 2.484223298569776972, 6.187952372484812003 ) ) ;
#1874 = EDGE_LOOP ( 'NONE', ( #1130, #703, #241, #618 ) ) ;
#1875 = CARTESIAN_POINT ( 'NONE',  ( 0.000000000000000000, -1.250000000000000000, 0.5000000000000000000 ) ) ;
#1876 = EDGE_CURVE ( 'NONE', #1732, #884, #1949, .T. ) ;
#1877 = CARTESIAN_POINT ( 'NONE',  ( -0.4457912473458762737, 2.625000000000000000, 6.141230474813308859 ) ) ;
#1878 = PERSON_AND_ORGANIZATION_ROLE ( 'classification_officer' ) ;
#1879 = CARTESIAN_POINT ( 'NONE',  ( -0.3218494396806071967, 2.625000000000000000, 6.125000000000000000 ) ) ;
#1880 = DIRECTION ( 'NONE',  ( -1.000000000000000000, 0.000000000000000000, 0.000000000000000000 ) ) ;
#1881 = ORIENTED_EDGE ( 'NONE', *, *, #1208, .F. ) ;
#1882 = CARTESIAN_POINT ( 'NONE',  ( 0.000000000000000000, 3.624999999999999556, 6.874999999999999112 ) ) ;
#1883 = ORIENTED_EDGE ( 'NONE', *, *, #1115, .F. ) ;
#1884 = DIRECTION ( 'NONE',  ( 0.000000000000000000, 0.000000000000000000, -1.000000000000000000 ) ) ;
#1885 = AXIS2_PLACEMENT_3D ( 'NONE', #966, #1303, #1606 ) ;
#1886 = AXIS2_PLACEMENT_3D ( 'NONE', #273, #1363, #890 ) ;
#1887 = CALENDAR_DATE ( 2025, 3, 12 ) ;
#1888 = DIRECTION ( 'NONE',  ( 0.000000000000000000, 0.000000000000000000, 1.000000000000000000 ) ) ;
#1889 = DIRECTION ( 'NONE',  ( 1.000000000000000000, 0.000000000000000000, 0.000000000000000000 ) ) ;
#1890 = ADVANCED_FACE ( 'NONE', ( #836 ), #681, .F. ) ;
#1891 = EDGE_LOOP ( 'NONE', ( #1539, #1070, #1939, #697 ) ) ;
#1892 = CARTESIAN_POINT ( 'NONE',  ( -0.4457912473458760516, -2.500000000000000444, 6.141230474813308859 ) ) ;
#1893 = ORIENTED_EDGE ( 'NONE', *, *, #936, .F. ) ;
#1894 = CARTESIAN_POINT ( 'NONE',  ( -0.4330367896978130071, 2.429723396233012700, 6.238628151398683208 ) ) ;
#1895 = DATE_AND_TIME ( #1887, #1205 ) ;
#1896 = EDGE_CURVE ( 'NONE', #1858, #366, #1615, .T. ) ;
#1897 = FACE_OUTER_BOUND ( 'NONE', #1232, .T. ) ;
#1898 = CARTESIAN_POINT ( 'NONE',  ( 0.4372221201632494059, -2.618493169116108188, 6.206667446026092883 ) ) ;
#1899 = EDGE_LOOP ( 'NONE', ( #895, #1277, #925, #219 ) ) ;
#1900 = CIRCLE ( 'NONE', #769, 0.1562500000000000000 ) ;
#1901 = DIRECTION ( 'NONE',  ( 0.000000000000000000, 1.000000000000000000, 0.000000000000000000 ) ) ;
#1902 = ORIENTED_EDGE ( 'NONE', *, *, #74, .T. ) ;
#1903 = DIRECTION ( 'NONE',  ( 0.000000000000000000, -0.000000000000000000, 1.000000000000000000 ) ) ;
#1904 = CARTESIAN_POINT ( 'NONE',  ( -0.4435914172235534969, 2.497854956742847410, 6.158029177564917411 ) ) ;
#1905 = DIRECTION ( 'NONE',  ( -1.000000000000000000, 0.000000000000000000, 0.000000000000000000 ) ) ;
#1906 = FACE_OUTER_BOUND ( 'NONE', #182, .T. ) ;
#1907 = CARTESIAN_POINT ( 'NONE',  ( 0.000000000000000000, -1.250000000000000000, 0.3749999999999999445 ) ) ;
#1908 = ORIENTED_EDGE ( 'NONE', *, *, #1481, .T. ) ;
#1909 = CARTESIAN_POINT ( 'NONE',  ( 1.084302582996647724, -2.593446597139764886, 1.265325729843780778 ) ) ;
#1910 = ORIENTED_EDGE ( 'NONE', *, *, #649, .T. ) ;
#1911 = PLANE ( 'NONE',  #122 ) ;
#1912 = CARTESIAN_POINT ( 'NONE',  ( -0.2899634294392908762, 2.407718485607171832, 6.246746584557749671 ) ) ;
#1913 = CIRCLE ( 'NONE', #1527, 0.1249999999999999306 ) ;
#1914 = CYLINDRICAL_SURFACE ( 'NONE', #947, 0.1562500000000000000 ) ;
#1915 = AXIS2_PLACEMENT_3D ( 'NONE', #620, #955, #1238 ) ;
#1916 = CARTESIAN_POINT ( 'NONE',  ( -1.107563725394893117, 3.500000000000000000, 0.1250000000000000000 ) ) ;
#1917 = CARTESIAN_POINT ( 'NONE',  ( -0.9766113444425118528, 2.375000000000000000, 1.250000000000000000 ) ) ;
#1918 = ORIENTED_EDGE ( 'NONE', *, *, #1577, .F. ) ;
#1919 = CARTESIAN_POINT ( 'NONE',  ( 1.072266961539648511, -2.500900906478353836, 1.357234111879319194 ) ) ;
#1920 = ORIENTED_EDGE ( 'NONE', *, *, #1593, .T. ) ;
#1921 = CARTESIAN_POINT ( 'NONE',  ( 0.2093915256680642656, -3.624999999999999556, 6.983769525186690252 ) ) ;
#1922 = EDGE_CURVE ( 'NONE', #1633, #116, #1024, .T. ) ;
#1923 = EDGE_CURVE ( 'NONE', #116, #1633, #282, .T. ) ;
#1924 = AXIS2_PLACEMENT_3D ( 'NONE', #25, #1212, #1668 ) ;
#1925 = DIRECTION ( 'NONE',  ( -0.1298437985064723466, -0.000000000000000000, 0.9915344613221522829 ) ) ;
#1926 = DIRECTION ( 'NONE',  ( 0.000000000000000000, 0.000000000000000000, 1.000000000000000000 ) ) ;
#1927 = APPLICATION_CONTEXT ( 'configuration controlled 3d designs of mechanical parts and assemblies' ) ;
#1928 = CARTESIAN_POINT ( 'NONE',  ( 1.085779944010006659, -2.411518787317122214, 1.254044063923088759 ) ) ;
#1929 = ORIENTED_EDGE ( 'NONE', *, *, #1286, .F. ) ;
#1930 = CARTESIAN_POINT ( 'NONE',  ( -0.2812500000000000000, 1.250000000000000000, 0.1250000000000000278 ) ) ;
#1931 = AXIS2_PLACEMENT_3D ( 'NONE', #1184, #887, #1629 ) ;
#1932 = ORIENTED_EDGE ( 'NONE', *, *, #686, .F. ) ;
#1933 = EDGE_CURVE ( 'NONE', #581, #1120, #1514, .T. ) ;
#1934 = DIRECTION ( 'NONE',  ( 1.000000000000000000, 0.000000000000000000, -0.000000000000000000 ) ) ;
#1935 = ADVANCED_FACE ( 'NONE', ( #1501 ), #1676, .T. ) ;
#1936 = DIRECTION ( 'NONE',  ( 1.000000000000000000, -0.000000000000000000, 0.000000000000000000 ) ) ;
#1937 = DIRECTION ( 'NONE',  ( 0.000000000000000000, 0.000000000000000000, -1.000000000000000000 ) ) ;
#1938 = CARTESIAN_POINT ( 'NONE',  ( -0.4130531521077808188, -2.375000000000000000, 6.391230474813308859 ) ) ;
#1939 = ORIENTED_EDGE ( 'NONE', *, *, #72, .F. ) ;
#1940 = FACE_OUTER_BOUND ( 'NONE', #1333, .T. ) ;
#1941 = EDGE_LOOP ( 'NONE', ( #1369, #1136, #624, #304 ) ) ;
#1942 = CARTESIAN_POINT ( 'NONE',  ( 1.100553152107781152, 2.375000000000000000, 1.141230474813309081 ) ) ;
#1943 = FACE_OUTER_BOUND ( 'NONE', #1619, .T. ) ;
#1944 = CARTESIAN_POINT ( 'NONE',  ( -0.2891113444425116863, 2.375000000000000000, 6.250000000000000000 ) ) ;
#1945 = CARTESIAN_POINT ( 'NONE',  ( -1.126058192334731034, -3.500000000000000000, -0.01623047481330904332 ) ) ;
#1946 = VECTOR ( 'NONE', #784, 39.37007874015748143 ) ;
#1947 = FACE_OUTER_BOUND ( 'NONE', #522, .T. ) ;
#1948 = ORIENTED_EDGE ( 'NONE', *, *, #1700, .F. ) ;
#1949 =( BOUNDED_CURVE ( )  B_SPLINE_CURVE ( 3, ( #1178, #552, #1798, #1459 ),
 .UNSPECIFIED., .F., .F. ) 
 B_SPLINE_CURVE_WITH_KNOTS ( ( 4, 4 ),
 ( 0.000000000000000000, 1.570796326794896558 ),
 .UNSPECIFIED. ) 
 CURVE ( )  GEOMETRIC_REPRESENTATION_ITEM ( )  RATIONAL_B_SPLINE_CURVE ( ( 1.000000000000000000, 0.8047378541243649375, 0.8047378541243649375, 1.000000000000000000 ) ) 
 REPRESENTATION_ITEM ( '' )  );
#1950 = DIRECTION ( 'NONE',  ( -0.1298437985064721800, -0.000000000000000000, -0.9915344613221522829 ) ) ;
#1951 = ORIENTED_EDGE ( 'NONE', *, *, #791, .T. ) ;
#1952 = LINE ( 'NONE', #897, #1257 ) ;
#1953 = AXIS2_PLACEMENT_3D ( 'NONE', #1670, #414, #579 ) ;
#1954 = SPHERICAL_SURFACE ( 'NONE', #861, 0.1250000000000000000 ) ;
#1955 = EDGE_CURVE ( 'NONE', #1405, #558, #911, .T. ) ;
#1956 = DIRECTION ( 'NONE',  ( 0.000000000000000000, 0.000000000000000000, -1.000000000000000000 ) ) ;
#1957 = ORIENTED_EDGE ( 'NONE', *, *, #358, .T. ) ;
#1958 = TOROIDAL_SURFACE ( 'NONE', #831, 0.2812500000000000000, 0.1250000000000000000 ) ;
#1959 = CC_DESIGN_PERSON_AND_ORGANIZATION_ASSIGNMENT ( #1867, #1737, ( #906 ) ) ;
#1960 = DIRECTION ( 'NONE',  ( -1.000000000000000000, 0.000000000000000000, 0.000000000000000000 ) ) ;
#1961 = ORIENTED_EDGE ( 'NONE', *, *, #541, .F. ) ;
#1962 = CARTESIAN_POINT ( 'NONE',  ( -1.100553152107780708, 2.521446609406726491, 1.141230474813308637 ) ) ;
#1963 = CIRCLE ( 'NONE', #929, 0.1249999999999999029 ) ;
#1964 = CIRCLE ( 'NONE', #125, 0.1250000000000000278 ) ;
#1965 = CARTESIAN_POINT ( 'NONE',  ( -1.100553152107780930, 2.374999999999999556, 1.141230474813308859 ) ) ;
#1966 = DIRECTION ( 'NONE',  ( 0.1298437985064723466, -0.000000000000000000, 0.9915344613221522829 ) ) ;
#1967 = DIRECTION ( 'NONE',  ( -0.1298437985064720968, 0.000000000000000000, -0.9915344613221522829 ) ) ;
#1968 = ORIENTED_EDGE ( 'NONE', *, *, #716, .F. ) ;
#1969 = DIRECTION ( 'NONE',  ( 0.1298437985064723466, 0.000000000000000000, -0.9915344613221522829 ) ) ;
#1970 = VERTEX_POINT ( 'NONE', #292 ) ;
#1971 = DIRECTION ( 'NONE',  ( 1.000000000000000000, 0.000000000000000000, 0.000000000000000000 ) ) ;
#1972 = CARTESIAN_POINT ( 'NONE',  ( -1.086309523809126043, 2.393249484405923333, 1.250000000000340394 ) ) ;
#1973 = AXIS2_PLACEMENT_3D ( 'NONE', #1945, #1477, #111 ) ;
#1974 = DIRECTION ( 'NONE',  ( -1.000000000000000000, 0.000000000000000000, 0.000000000000000000 ) ) ;
#1975 = ORIENTED_EDGE ( 'NONE', *, *, #1896, .T. ) ;
#1976 = ORIENTED_EDGE ( 'NONE', *, *, #690, .T. ) ;
#1977 = CIRCLE ( 'NONE', #1915, 0.2812500000000000000 ) ;
#1978 = PLANE ( 'NONE',  #556 ) ;
#1979 = ORIENTED_EDGE ( 'NONE', *, *, #338, .F. ) ;
#1980 = VECTOR ( 'NONE', #1502, 39.37007874015748143 ) ;
#1981 = CARTESIAN_POINT ( 'NONE',  ( -1.100553152107780930, 2.375000000000000000, 1.141230474813309081 ) ) ;
#1982 = EDGE_CURVE ( 'NONE', #775, #604, #994, .T. ) ;
#1983 = CARTESIAN_POINT ( 'NONE',  ( -0.9757592594457328294, 2.407718485607252656, 1.253253415442283636 ) ) ;
#1984 = DIRECTION ( 'NONE',  ( 0.000000000000000000, -1.000000000000000000, 0.000000000000000000 ) ) ;
#1985 = ORIENTED_EDGE ( 'NONE', *, *, #284, .F. ) ;
#1986 = ORIENTED_EDGE ( 'NONE', *, *, #222, .T. ) ;
#1987 = CARTESIAN_POINT ( 'NONE',  ( 0.000000000000000000, -1.250000000000000000, 0.000000000000000000 ) ) ;
#1988 = ORIENTED_EDGE ( 'NONE', *, *, #1493, .F. ) ;
#1989 = CARTESIAN_POINT ( 'NONE',  ( 0.2236351539663215260, -3.500000000000000000, 6.874999999999999112 ) ) ;
#1990 = DIRECTION ( 'NONE',  ( -1.000000000000000000, 0.000000000000000000, 0.000000000000000000 ) ) ;
#1991 = AXIS2_PLACEMENT_3D ( 'NONE', #290, #1683, #918 ) ;
#1992 = CARTESIAN_POINT ( 'NONE',  ( -0.9524423763870675241, 2.496746584558004134, 1.342281514393442787 ) ) ;
#1993 = APPROVAL_ROLE ( '' ) ;
#1994 = VERTEX_POINT ( 'NONE', #1373 ) ;
ENDSEC;
END-ISO-10303-21;
