ISO-10303-21;
HEADER;
FILE_DESCRIPTION (( 'STEP AP214' ),
    '1' );
FILE_NAME ('rocker-arm-support-pedro-no-fillet.STEP',
    '2025-12-04T23:43:56',
    ( '' ),
    ( '' ),
    'SwSTEP 2.0',
    'SolidWorks 2025',
    '' );
FILE_SCHEMA (( 'AUTOMOTIVE_DESIGN' ));
ENDSEC;

DATA;
#1 = ORIENTED_EDGE ( 'NONE', *, *, #1724, .T. ) ;
#2 = LINE ( 'NONE', #995, #2056 ) ;
#3 = EDGE_CURVE ( 'NONE', #1991, #2079, #1901, .T. ) ;
#4 = ORIENTED_EDGE ( 'NONE', *, *, #2043, .F. ) ;
#5 = LINE ( 'NONE', #656, #1088 ) ;
#6 = CARTESIAN_POINT ( 'NONE',  ( -1.159236441382020200, -3.249999999999999556, -3.250000000000000000 ) ) ;
#7 = DIRECTION ( 'NONE',  ( -1.000000000000000000, 0.000000000000000000, 0.000000000000000000 ) ) ;
#8 = DIRECTION ( 'NONE',  ( -0.1298437985064722078, 0.000000000000000000, 0.9915344613221522829 ) ) ;
#9 = EDGE_CURVE ( 'NONE', #92, #1020, #669, .T. ) ;
#10 = ORIENTED_EDGE ( 'NONE', *, *, #915, .F. ) ;
#11 = DIRECTION ( 'NONE',  ( 1.000000000000000000, -0.000000000000000000, -0.000000000000000000 ) ) ;
#12 = AXIS2_PLACEMENT_3D ( 'NONE', #222, #1546, #724 ) ;
#13 = EDGE_LOOP ( 'NONE', ( #1679, #1669, #1340, #1113 ) ) ;
#14 = VECTOR ( 'NONE', #984, 39.37007874015748143 ) ;
#15 = CARTESIAN_POINT ( 'NONE',  ( 0.1250000000000000000, -2.549999999999999822, 2.000000000000000000 ) ) ;
#16 = ADVANCED_FACE ( 'NONE', ( #713 ), #553, .F. ) ;
#17 = AXIS2_PLACEMENT_3D ( 'NONE', #589, #1270, #965 ) ;
#18 = CARTESIAN_POINT ( 'NONE',  ( -0.3333333333333332593, 3.449999999999997957, 3.500000000000000888 ) ) ;
#19 = CARTESIAN_POINT ( 'NONE',  ( 0.6874999999999993339, 2.375000000000000000, -3.500000000000000000 ) ) ;
#20 = ADVANCED_FACE ( 'NONE', ( #1707 ), #97, .T. ) ;
#21 = PLANE ( 'NONE',  #912 ) ;
#22 = ORIENTED_EDGE ( 'NONE', *, *, #776, .F. ) ;
#23 = CARTESIAN_POINT ( 'NONE',  ( -1.162052688153279556, -3.244977168949771063, -3.252164063308441655 ) ) ;
#24 = ORIENTED_EDGE ( 'NONE', *, *, #41, .T. ) ;
#25 = VECTOR ( 'NONE', #989, 39.37007874015748143 ) ;
#26 = CARTESIAN_POINT ( 'NONE',  ( -0.3398255232586569474, 3.449999999999997957, 3.450423276933892502 ) ) ;
#27 = DIRECTION ( 'NONE',  ( -1.000000000000000000, 0.000000000000000000, 0.000000000000000000 ) ) ;
#28 = DIRECTION ( 'NONE',  ( -0.000000000000000000, -1.000000000000000000, -0.000000000000000000 ) ) ;
#29 = EDGE_CURVE ( 'NONE', #690, #2053, #723, .T. ) ;
#30 = ORIENTED_EDGE ( 'NONE', *, *, #1596, .F. ) ;
#31 = CARTESIAN_POINT ( 'NONE',  ( 0.4452999999999995295, 2.375000000000000000, -3.250000000000000000 ) ) ;
#32 = ADVANCED_BREP_SHAPE_REPRESENTATION ( 'rocker-arm-support-pedro-no-fillet', ( #717, #190 ), #390 ) ;
#33 = VERTEX_POINT ( 'NONE', #380 ) ;
#34 = ORIENTED_EDGE ( 'NONE', *, *, #237, .T. ) ;
#35 = DIRECTION ( 'NONE',  ( -0.7011207413810471856, 0.7071067811865446862, 0.09181343041894673984 ) ) ;
#36 = DIRECTION ( 'NONE',  ( 1.000000000000000000, -0.000000000000000000, -0.000000000000000000 ) ) ;
#37 = FACE_BOUND ( 'NONE', #469, .T. ) ;
#38 = ORIENTED_EDGE ( 'NONE', *, *, #87, .F. ) ;
#39 = DIRECTION ( 'NONE',  ( 0.000000000000000000, 1.000000000000000000, 0.000000000000000000 ) ) ;
#40 = EDGE_CURVE ( 'NONE', #1943, #1574, #1912, .T. ) ;
#41 = EDGE_CURVE ( 'NONE', #505, #1892, #1545, .T. ) ;
#42 = EDGE_LOOP ( 'NONE', ( #1683, #910, #69, #1358, #106, #211 ) ) ;
#43 = CIRCLE ( 'NONE', #353, 0.5000000000000001110 ) ;
#44 = VECTOR ( 'NONE', #65, 39.37007874015748143 ) ;
#45 = ORIENTED_EDGE ( 'NONE', *, *, #2018, .F. ) ;
#46 = DIRECTION ( 'NONE',  ( -1.000000000000000000, -0.000000000000000000, -0.000000000000000000 ) ) ;
#47 = DIRECTION ( 'NONE',  ( 1.000000000000000000, 0.000000000000000000, 0.000000000000000000 ) ) ;
#48 = VECTOR ( 'NONE', #28, 39.37007874015748143 ) ;
#49 = LINE ( 'NONE', #1820, #1052 ) ;
#50 = CIRCLE ( 'NONE', #2062, 0.2421999999999995268 ) ;
#51 = ORIENTED_EDGE ( 'NONE', *, *, #1076, .T. ) ;
#52 = DIRECTION ( 'NONE',  ( -0.000000000000000000, -0.000000000000000000, -1.000000000000000000 ) ) ;
#53 = DIRECTION ( 'NONE',  ( 0.000000000000000000, 1.000000000000000000, 0.000000000000000000 ) ) ;
#54 = DIRECTION ( 'NONE',  ( 0.7071067811865496822, 0.7071067811865453523, 7.726832965963436494E-17 ) ) ;
#55 = EDGE_CURVE ( 'NONE', #2016, #1587, #914, .T. ) ;
#56 = VECTOR ( 'NONE', #578, 39.37007874015748854 ) ;
#57 = VERTEX_POINT ( 'NONE', #1044 ) ;
#58 = LINE ( 'NONE', #228, #1951 ) ;
#59 = ORIENTED_EDGE ( 'NONE', *, *, #55, .T. ) ;
#60 = CARTESIAN_POINT ( 'NONE',  ( -1.244210526315790544, 3.500000000000000000, -3.455789473684212521 ) ) ;
#61 = AXIS2_PLACEMENT_3D ( 'NONE', #1247, #1421, #428 ) ;
#62 = CYLINDRICAL_SURFACE ( 'NONE', #1644, 0.2421999999999997488 ) ;
#63 = ORIENTED_EDGE ( 'NONE', *, *, #939, .F. ) ;
#64 = CARTESIAN_POINT ( 'NONE',  ( -0.1250000000000000000, 2.550000000000001155, 2.786484953537549863E-16 ) ) ;
#65 = DIRECTION ( 'NONE',  ( 0.000000000000000000, 1.000000000000000000, 0.000000000000000000 ) ) ;
#66 = PRODUCT_DEFINITION_SHAPE ( 'NONE', 'NONE',  #395 ) ;
#67 = CARTESIAN_POINT ( 'NONE',  ( -0.3595792386461050816, -3.249999999999999112, 3.299576723066107053 ) ) ;
#68 = ADVANCED_FACE ( 'NONE', ( #899 ), #1081, .F. ) ;
#69 = ORIENTED_EDGE ( 'NONE', *, *, #1550, .T. ) ;
#70 = CARTESIAN_POINT ( 'NONE',  ( -0.6875000000000006661, 2.375000000000130562, -3.500000000000000000 ) ) ;
#71 = LINE ( 'NONE', #699, #1464 ) ;
#72 = CARTESIAN_POINT ( 'NONE',  ( 0.1250000000000000000, -2.000000000000000000, -2.000000000000000000 ) ) ;
#73 = ADVANCED_FACE ( 'NONE', ( #86 ), #748, .T. ) ;
#74 = DIRECTION ( 'NONE',  ( -1.000000000000000000, 0.000000000000000000, 0.000000000000000000 ) ) ;
#75 = CARTESIAN_POINT ( 'NONE',  ( 0.000000000000000000, 3.500000000000000000, 0.000000000000000000 ) ) ;
#76 = ORIENTED_EDGE ( 'NONE', *, *, #696, .T. ) ;
#77 = DIRECTION ( 'NONE',  ( -0.7130089726976450715, 0.6965013861658997385, -0.08064752892450441357 ) ) ;
#78 = ORIENTED_EDGE ( 'NONE', *, *, #1413, .T. ) ;
#79 = AXIS2_PLACEMENT_3D ( 'NONE', #1612, #797, #780 ) ;
#80 = DIRECTION ( 'NONE',  ( 0.000000000000000000, 0.000000000000000000, -1.000000000000000000 ) ) ;
#81 = AXIS2_PLACEMENT_3D ( 'NONE', #232, #592, #430 ) ;
#82 = EDGE_CURVE ( 'NONE', #1286, #1923, #1877, .T. ) ;
#83 = ORIENTED_EDGE ( 'NONE', *, *, #316, .F. ) ;
#84 = CARTESIAN_POINT ( 'NONE',  ( 1.249999999999999334, -3.249999999999999556, 3.249999999999999556 ) ) ;
#85 = VECTOR ( 'NONE', #1142, 39.37007874015748854 ) ;
#86 = FACE_OUTER_BOUND ( 'NONE', #397, .T. ) ;
#87 = EDGE_CURVE ( 'NONE', #597, #414, #1058, .T. ) ;
#88 = CARTESIAN_POINT ( 'NONE',  ( -0.1250000000000000000, -2.000000000000000444, 2.550000000000001155 ) ) ;
#89 = DIRECTION ( 'NONE',  ( 0.000000000000000000, -1.000000000000000000, 0.000000000000000000 ) ) ;
#90 = ORIENTED_EDGE ( 'NONE', *, *, #781, .T. ) ;
#91 = DIRECTION ( 'NONE',  ( -0.000000000000000000, -0.000000000000000000, -1.000000000000000000 ) ) ;
#92 = VERTEX_POINT ( 'NONE', #1556 ) ;
#93 = CARTESIAN_POINT ( 'NONE',  ( -0.1250000000000000278, -2.500000000000000000, -2.000000000000000000 ) ) ;
#94 = ORIENTED_EDGE ( 'NONE', *, *, #1793, .T. ) ;
#95 = DIRECTION ( 'NONE',  ( -1.000000000000000000, -0.000000000000000000, -0.000000000000000000 ) ) ;
#96 = FACE_BOUND ( 'NONE', #1480, .T. ) ;
#97 = PLANE ( 'NONE',  #642 ) ;
#98 = VECTOR ( 'NONE', #1199, 39.37007874015748143 ) ;
#99 = DIRECTION ( 'NONE',  ( -0.6474280401754473058, 0.5773502691896272854, 0.4974973361348221657 ) ) ;
#100 = DIRECTION ( 'NONE',  ( 0.1298437985064722078, 0.000000000000000000, -0.9915344613221522829 ) ) ;
#101 = EDGE_CURVE ( 'NONE', #1584, #195, #882, .T. ) ;
#102 = ORIENTED_EDGE ( 'NONE', *, *, #489, .F. ) ;
#103 = LINE ( 'NONE', #2065, #1263 ) ;
#104 = ORIENTED_EDGE ( 'NONE', *, *, #1513, .F. ) ;
#105 = EDGE_LOOP ( 'NONE', ( #445, #2098 ) ) ;
#106 = ORIENTED_EDGE ( 'NONE', *, *, #355, .F. ) ;
#107 = DIRECTION ( 'NONE',  ( 0.1725445975333383952, -0.6965013861659159478, -0.6965013861658968519 ) ) ;
#108 = CARTESIAN_POINT ( 'NONE',  ( -0.1250000000000000000, 3.250000000000000000, 3.249999999999999556 ) ) ;
#109 = ORIENTED_EDGE ( 'NONE', *, *, #1032, .T. ) ;
#110 = EDGE_CURVE ( 'NONE', #1904, #575, #130, .T. ) ;
#111 = EDGE_CURVE ( 'NONE', #191, #1286, #644, .T. ) ;
#112 = FACE_OUTER_BOUND ( 'NONE', #1297, .T. ) ;
#113 = ORIENTED_EDGE ( 'NONE', *, *, #110, .T. ) ;
#114 = ORIENTED_EDGE ( 'NONE', *, *, #379, .T. ) ;
#115 = DIRECTION ( 'NONE',  ( -1.000000000000000000, 0.000000000000000000, -0.000000000000000000 ) ) ;
#116 = VECTOR ( 'NONE', #603, 39.37007874015748143 ) ;
#117 = DIRECTION ( 'NONE',  ( 0.000000000000000000, -0.000000000000000000, 1.000000000000000000 ) ) ;
#118 = DIRECTION ( 'NONE',  ( 0.7011207413810429667, 0.7071067811865490160, -0.09181343041894619861 ) ) ;
#119 = VECTOR ( 'NONE', #1652, 39.37007874015748143 ) ;
#120 = CARTESIAN_POINT ( 'NONE',  ( 1.159236441382018645, -3.249999999999999556, -3.250000000000000000 ) ) ;
#121 = AXIS2_PLACEMENT_3D ( 'NONE', #1519, #212, #1339 ) ;
#122 = ORIENTED_EDGE ( 'NONE', *, *, #464, .F. ) ;
#123 = CARTESIAN_POINT ( 'NONE',  ( -1.244210526315790544, 3.449999999999997957, -3.455789473684212521 ) ) ;
#124 = VECTOR ( 'NONE', #1566, 39.37007874015748143 ) ;
#125 = EDGE_CURVE ( 'NONE', #1907, #1986, #269, .T. ) ;
#126 = ORIENTED_EDGE ( 'NONE', *, *, #804, .T. ) ;
#127 = ORIENTED_EDGE ( 'NONE', *, *, #1076, .F. ) ;
#128 = CARTESIAN_POINT ( 'NONE',  ( 1.223754094687227623, -3.299999999999999822, -3.299576723066108386 ) ) ;
#129 = DIRECTION ( 'NONE',  ( -1.000000000000000000, 0.000000000000000000, 2.185478394931410575E-16 ) ) ;
#130 = CIRCLE ( 'NONE', #61, 0.2421999999999996656 ) ;
#131 = ORIENTED_EDGE ( 'NONE', *, *, #1209, .T. ) ;
#132 = PLANE ( 'NONE',  #1672 ) ;
#133 = ORIENTED_EDGE ( 'NONE', *, *, #1941, .T. ) ;
#134 = ORIENTED_EDGE ( 'NONE', *, *, #1094, .F. ) ;
#135 = EDGE_CURVE ( 'NONE', #575, #779, #1926, .T. ) ;
#136 = EDGE_CURVE ( 'NONE', #195, #1584, #1102, .T. ) ;
#137 = DIRECTION ( 'NONE',  ( 0.000000000000000000, -0.7875100939771274566, -0.6163017539194056704 ) ) ;
#138 = CARTESIAN_POINT ( 'NONE',  ( -0.07499999999999920619, -2.500000000000000444, 2.500000000000000000 ) ) ;
#139 = DIRECTION ( 'NONE',  ( 0.7101061082878769026, -0.7040946775627876519, -0.000000000000000000 ) ) ;
#140 = ORIENTED_EDGE ( 'NONE', *, *, #254, .T. ) ;
#141 = FACE_BOUND ( 'NONE', #539, .T. ) ;
#142 = ORIENTED_EDGE ( 'NONE', *, *, #1100, .F. ) ;
#143 = EDGE_LOOP ( 'NONE', ( #345, #755 ) ) ;
#144 = CARTESIAN_POINT ( 'NONE',  ( 0.6874999999999631406, -2.374999999999999556, -3.500000000000000000 ) ) ;
#145 = LINE ( 'NONE', #799, #849 ) ;
#146 = PLANE ( 'NONE',  #907 ) ;
#147 = ADVANCED_FACE ( 'NONE', ( #480 ), #437, .T. ) ;
#148 = EDGE_LOOP ( 'NONE', ( #122, #1795, #1474, #333, #281 ) ) ;
#149 = APPLICATION_CONTEXT ( 'automotive_design' ) ;
#150 = AXIS2_PLACEMENT_3D ( 'NONE', #415, #1864, #551 ) ;
#151 = AXIS2_PLACEMENT_3D ( 'NONE', #171, #36, #518 ) ;
#152 = CARTESIAN_POINT ( 'NONE',  ( -0.9297000000000004150, 2.375000000000130562, -3.500000000000000000 ) ) ;
#153 = AXIS2_PLACEMENT_3D ( 'NONE', #1826, #338, #1320 ) ;
#154 = CIRCLE ( 'NONE', #2025, 0.5499999999999998224 ) ;
#155 = ORIENTED_EDGE ( 'NONE', *, *, #1906, .T. ) ;
#156 = VERTEX_POINT ( 'NONE', #1947 ) ;
#157 = PLANE ( 'NONE',  #630 ) ;
#158 = PLANE ( 'NONE',  #1653 ) ;
#159 = DIRECTION ( 'NONE',  ( 0.000000000000000000, -0.7875100939771273456, 0.6163017539194060035 ) ) ;
#160 = PLANE ( 'NONE',  #982 ) ;
#161 = ORIENTED_EDGE ( 'NONE', *, *, #2092, .T. ) ;
#162 = DIRECTION ( 'NONE',  ( -0.1298437985064721800, 0.000000000000000000, 0.9915344613221522829 ) ) ;
#163 = ADVANCED_FACE ( 'NONE', ( #447 ), #1128, .F. ) ;
#164 = VECTOR ( 'NONE', #1395, 39.37007874015748143 ) ;
#165 = AXIS2_PLACEMENT_3D ( 'NONE', #1740, #2072, #926 ) ;
#166 = ORIENTED_EDGE ( 'NONE', *, *, #41, .F. ) ;
#167 = EDGE_CURVE ( 'NONE', #1574, #1907, #935, .T. ) ;
#168 = VERTEX_POINT ( 'NONE', #977 ) ;
#169 = CARTESIAN_POINT ( 'NONE',  ( 0.6874999999999631406, -2.374999999999999556, -3.500000000000000000 ) ) ;
#170 = DIRECTION ( 'NONE',  ( 0.7071067811865472397, -1.052792921173712379E-16, -0.7071067811865479058 ) ) ;
#171 = CARTESIAN_POINT ( 'NONE',  ( 0.1249999999999999029, 2.000000000000000000, -2.000000000000000000 ) ) ;
#172 = LINE ( 'NONE', #1003, #771 ) ;
#173 = EDGE_LOOP ( 'NONE', ( #999, #1196, #1611 ) ) ;
#174 = DIRECTION ( 'NONE',  ( 1.000000000000000000, 0.000000000000000000, -0.000000000000000000 ) ) ;
#175 = EDGE_CURVE ( 'NONE', #1381, #955, #1792, .T. ) ;
#176 = VERTEX_POINT ( 'NONE', #601 ) ;
#177 = EDGE_CURVE ( 'NONE', #2111, #2064, #1138, .T. ) ;
#178 = DIRECTION ( 'NONE',  ( 0.000000000000000000, 1.092739197465705287E-16, -1.000000000000000000 ) ) ;
#179 = CARTESIAN_POINT ( 'NONE',  ( 0.2833333333333329929, 3.449999999999997957, 3.500000000000000888 ) ) ;
#180 = PLANE ( 'NONE',  #765 ) ;
#181 = CARTESIAN_POINT ( 'NONE',  ( -0.6875000000000368594, -2.374999999999999556, -3.250000000000000000 ) ) ;
#182 = ORIENTED_EDGE ( 'NONE', *, *, #1048, .F. ) ;
#183 = DIRECTION ( 'NONE',  ( -0.1298437985064722078, 0.000000000000000000, 0.9915344613221522829 ) ) ;
#184 = VECTOR ( 'NONE', #107, 39.37007874015748854 ) ;
#185 = VECTOR ( 'NONE', #615, 39.37007874015748854 ) ;
#186 = ORIENTED_EDGE ( 'NONE', *, *, #1781, .F. ) ;
#187 = VECTOR ( 'NONE', #1016, 39.37007874015748143 ) ;
#188 = ORIENTED_EDGE ( 'NONE', *, *, #635, .F. ) ;
#189 = EDGE_CURVE ( 'NONE', #1433, #1534, #1797, .T. ) ;
#190 = AXIS2_PLACEMENT_3D ( 'NONE', #1300, #1936, #1146 ) ;
#191 = VERTEX_POINT ( 'NONE', #1116 ) ;
#192 = DIRECTION ( 'NONE',  ( 0.000000000000000000, 0.000000000000000000, -1.000000000000000000 ) ) ;
#193 = CARTESIAN_POINT ( 'NONE',  ( 0.1250000000000000000, -3.249999999999999556, -3.250000000000000000 ) ) ;
#194 = LINE ( 'NONE', #531, #949 ) ;
#195 = VERTEX_POINT ( 'NONE', #1938 ) ;
#196 = DIRECTION ( 'NONE',  ( 0.000000000000000000, 0.000000000000000000, -1.000000000000000000 ) ) ;
#197 = ORIENTED_EDGE ( 'NONE', *, *, #614, .F. ) ;
#198 = AXIS2_PLACEMENT_3D ( 'NONE', #1459, #117, #2108 ) ;
#199 = ORIENTED_EDGE ( 'NONE', *, *, #554, .F. ) ;
#200 = EDGE_LOOP ( 'NONE', ( #1261, #1563, #1541, #685, #605 ) ) ;
#201 = LINE ( 'NONE', #1492, #1276 ) ;
#202 = ADVANCED_FACE ( 'NONE', ( #1959 ), #158, .T. ) ;
#203 = DIRECTION ( 'NONE',  ( 1.000000000000000000, -0.000000000000000000, 0.000000000000000000 ) ) ;
#204 = CARTESIAN_POINT ( 'NONE',  ( -0.6875000000000006661, 2.375000000000130562, -3.500000000000000000 ) ) ;
#205 = EDGE_LOOP ( 'NONE', ( #1762, #1030, #188, #658 ) ) ;
#206 = LINE ( 'NONE', #1181, #1334 ) ;
#207 = VERTEX_POINT ( 'NONE', #1764 ) ;
#208 = CARTESIAN_POINT ( 'NONE',  ( 1.167685181695796270, -3.249999999999999556, -3.256492189925324077 ) ) ;
#209 = DIRECTION ( 'NONE',  ( -0.7071067811865472397, 0.000000000000000000, -0.7071067811865476838 ) ) ;
#210 = CARTESIAN_POINT ( 'NONE',  ( 0.07500000000000014988, 2.000000000000000000, -2.500000000000000000 ) ) ;
#211 = ORIENTED_EDGE ( 'NONE', *, *, #753, .F. ) ;
#212 = DIRECTION ( 'NONE',  ( -0.000000000000000000, -0.000000000000000000, -1.000000000000000000 ) ) ;
#213 = ADVANCED_FACE ( 'NONE', ( #288, #1600, #948 ), #1271, .T. ) ;
#214 = CARTESIAN_POINT ( 'NONE',  ( -0.1250000000000000000, -2.550000000000001599, 2.000000000000000000 ) ) ;
#215 = STYLED_ITEM ( 'NONE', ( #1117 ), #717 ) ;
#216 = AXIS2_PLACEMENT_3D ( 'NONE', #75, #89, #1731 ) ;
#217 = VERTEX_POINT ( 'NONE', #128 ) ;
#218 = DIRECTION ( 'NONE',  ( -1.000000000000000000, 0.000000000000000000, -0.000000000000000000 ) ) ;
#219 = FACE_OUTER_BOUND ( 'NONE', #826, .T. ) ;
#220 = LINE ( 'NONE', #1257, #124 ) ;
#221 = CARTESIAN_POINT ( 'NONE',  ( -7.539900462513365694E-16, -3.500000000000000000, -3.450000000000000178 ) ) ;
#222 = CARTESIAN_POINT ( 'NONE',  ( -0.2753078699534479701, 3.500000000000000000, 3.500000000000000888 ) ) ;
#223 = CARTESIAN_POINT ( 'NONE',  ( -0.1250000000000000000, 0.000000000000000000, -2.550000000000001155 ) ) ;
#224 = ADVANCED_FACE ( 'NONE', ( #811 ), #782, .T. ) ;
#225 = CARTESIAN_POINT ( 'NONE',  ( -1.250000000000000888, 2.499999999999999556, 2.500000000000000000 ) ) ;
#226 = AXIS2_PLACEMENT_3D ( 'NONE', #1865, #738, #2045 ) ;
#227 = EDGE_LOOP ( 'NONE', ( #964, #1883, #1026 ) ) ;
#228 = CARTESIAN_POINT ( 'NONE',  ( 0.9296999999999990827, 2.375000000000000000, -3.500000000000000000 ) ) ;
#229 = LINE ( 'NONE', #720, #839 ) ;
#230 = LINE ( 'NONE', #1753, #666 ) ;
#231 = CARTESIAN_POINT ( 'NONE',  ( -0.07499999999999920619, -2.500000000000000444, 2.500000000000000000 ) ) ;
#232 = CARTESIAN_POINT ( 'NONE',  ( -1.250000000000000888, -2.500000000000000444, 2.500000000000000000 ) ) ;
#233 = CARTESIAN_POINT ( 'NONE',  ( 0.3595792386461047485, -3.299999999999999822, 3.299576723066109274 ) ) ;
#234 = ORIENTED_EDGE ( 'NONE', *, *, #1964, .F. ) ;
#235 = CARTESIAN_POINT ( 'NONE',  ( -1.244210526315790544, -3.450000000000000178, -3.455789473684212521 ) ) ;
#236 = EDGE_CURVE ( 'NONE', #1833, #57, #2116, .T. ) ;
#237 = EDGE_CURVE ( 'NONE', #168, #2016, #145, .T. ) ;
#238 = ORIENTED_EDGE ( 'NONE', *, *, #1413, .F. ) ;
#239 = FACE_OUTER_BOUND ( 'NONE', #2114, .T. ) ;
#240 = ORIENTED_EDGE ( 'NONE', *, *, #1667, .F. ) ;
#241 = DIRECTION ( 'NONE',  ( -0.7929341717999873751, -2.775557561562890735E-17, -0.6093073109621022221 ) ) ;
#242 = CYLINDRICAL_SURFACE ( 'NONE', #1337, 0.2421999999999998043 ) ;
#243 = DIRECTION ( 'NONE',  ( 0.1961702176370366257, 0.6933675957644104271, 0.6933675957644104271 ) ) ;
#244 = PLANE ( 'NONE',  #251 ) ;
#245 = DIRECTION ( 'NONE',  ( -0.000000000000000000, -1.000000000000000000, 0.000000000000000000 ) ) ;
#246 = ORIENTED_EDGE ( 'NONE', *, *, #1385, .T. ) ;
#247 = FACE_OUTER_BOUND ( 'NONE', #1438, .T. ) ;
#248 = ORIENTED_EDGE ( 'NONE', *, *, #2106, .F. ) ;
#249 = AXIS2_PLACEMENT_3D ( 'NONE', #1655, #203, #1828 ) ;
#250 = LINE ( 'NONE', #1380, #1966 ) ;
#251 = AXIS2_PLACEMENT_3D ( 'NONE', #900, #1422, #1082 ) ;
#252 = VERTEX_POINT ( 'NONE', #640 ) ;
#253 = LINE ( 'NONE', #1727, #798 ) ;
#254 = EDGE_CURVE ( 'NONE', #654, #1529, #1313, .T. ) ;
#255 = LINE ( 'NONE', #1043, #1816 ) ;
#256 = AXIS2_PLACEMENT_3D ( 'NONE', #433, #1075, #752 ) ;
#257 = CARTESIAN_POINT ( 'NONE',  ( -0.07499999999999920619, 2.499999999999999556, 2.500000000000000000 ) ) ;
#258 = VECTOR ( 'NONE', #848, 39.37007874015748854 ) ;
#259 = DIRECTION ( 'NONE',  ( 0.000000000000000000, 0.000000000000000000, -1.000000000000000000 ) ) ;
#260 = CARTESIAN_POINT ( 'NONE',  ( -1.244210526315790544, 3.500000000000000000, -3.455789473684212521 ) ) ;
#261 = EDGE_LOOP ( 'NONE', ( #2040, #613, #1648, #1794 ) ) ;
#262 = CARTESIAN_POINT ( 'NONE',  ( -0.3313972214789683290, 3.250000000000000000, 3.129706779003197159 ) ) ;
#263 = ORIENTED_EDGE ( 'NONE', *, *, #2101, .T. ) ;
#264 = PLANE ( 'NONE',  #1671 ) ;
#265 = ORIENTED_EDGE ( 'NONE', *, *, #295, .F. ) ;
#266 = LINE ( 'NONE', #1752, #1189 ) ;
#267 = DIRECTION ( 'NONE',  ( 1.000000000000000000, -0.000000000000000000, -0.000000000000000000 ) ) ;
#268 = EDGE_CURVE ( 'NONE', #327, #1574, #861, .T. ) ;
#269 = LINE ( 'NONE', #770, #676 ) ;
#270 = VECTOR ( 'NONE', #710, 39.37007874015748143 ) ;
#271 = LINE ( 'NONE', #64, #833 ) ;
#272 = DIRECTION ( 'NONE',  ( 0.7071067811865449082, 0.7071067811865501263, 7.726832965963488263E-17 ) ) ;
#273 = ORIENTED_EDGE ( 'NONE', *, *, #1993, .F. ) ;
#274 = DIRECTION ( 'NONE',  ( -1.000000000000000000, 0.000000000000000000, -0.000000000000000000 ) ) ;
#275 = ORIENTED_EDGE ( 'NONE', *, *, #396, .T. ) ;
#276 = ORIENTED_EDGE ( 'NONE', *, *, #1100, .T. ) ;
#277 = CARTESIAN_POINT ( 'NONE',  ( -1.167685181695798047, -3.249999999999999556, -3.256492189925323633 ) ) ;
#278 = CARTESIAN_POINT ( 'NONE',  ( -1.200000000000003064, 3.449999999999997957, -3.499999999999999112 ) ) ;
#279 = LINE ( 'NONE', #1108, #184 ) ;
#280 = DIRECTION ( 'NONE',  ( 0.7071067811865477948, 0.000000000000000000, -0.7071067811865473507 ) ) ;
#281 = ORIENTED_EDGE ( 'NONE', *, *, #1781, .T. ) ;
#282 = CARTESIAN_POINT ( 'NONE',  ( 0.07500000000000014988, -2.000000000000000444, 2.500000000000000000 ) ) ;
#283 = ADVANCED_FACE ( 'NONE', ( #1836 ), #687, .F. ) ;
#284 = ORIENTED_EDGE ( 'NONE', *, *, #2007, .F. ) ;
#285 = ORIENTED_EDGE ( 'NONE', *, *, #1711, .F. ) ;
#286 = DIRECTION ( 'NONE',  ( -0.000000000000000000, -0.000000000000000000, 1.000000000000000000 ) ) ;
#287 = VECTOR ( 'NONE', #1097, 39.37007874015748143 ) ;
#288 = FACE_BOUND ( 'NONE', #1768, .T. ) ;
#289 =( CONVERSION_BASED_UNIT ( 'INCH', #309 ) LENGTH_UNIT ( ) NAMED_UNIT ( #1203 ) );
#290 = VECTOR ( 'NONE', #162, 39.37007874015748143 ) ;
#291 = LINE ( 'NONE', #813, #1265 ) ;
#292 = CIRCLE ( 'NONE', #1955, 0.5000000000000001110 ) ;
#293 = VERTEX_POINT ( 'NONE', #1854 ) ;
#294 = DIRECTION ( 'NONE',  ( 0.4974973361348128953, 0.5773502691896187367, 0.6474280401754620717 ) ) ;
#295 = EDGE_CURVE ( 'NONE', #342, #327, #529, .T. ) ;
#296 = EDGE_LOOP ( 'NONE', ( #972, #908, #234, #1180 ) ) ;
#297 = ORIENTED_EDGE ( 'NONE', *, *, #1767, .T. ) ;
#298 = CARTESIAN_POINT ( 'NONE',  ( 0.07500000000000014988, 1.999999999999999334, 2.500000000000000000 ) ) ;
#299 = EDGE_CURVE ( 'NONE', #414, #293, #201, .T. ) ;
#300 = CARTESIAN_POINT ( 'NONE',  ( 0.1249999999999999029, 2.500000000000000000, -2.000000000000000000 ) ) ;
#301 = CARTESIAN_POINT ( 'NONE',  ( 2.463088634114696251, 0.4947903012503743758, 3.249999999999999556 ) ) ;
#302 = AXIS2_PLACEMENT_3D ( 'NONE', #789, #1440, #471 ) ;
#303 = VERTEX_POINT ( 'NONE', #2147 ) ;
#304 = ADVANCED_FACE ( 'NONE', ( #2003 ), #1674, .F. ) ;
#305 = EDGE_LOOP ( 'NONE', ( #422, #1610, #38, #550 ) ) ;
#306 = ORIENTED_EDGE ( 'NONE', *, *, #55, .F. ) ;
#307 = EDGE_CURVE ( 'NONE', #2053, #1943, #1331, .T. ) ;
#308 = CARTESIAN_POINT ( 'NONE',  ( 0.3333333333333332593, -3.450000000000000178, 3.500000000000000888 ) ) ;
#309 = LENGTH_MEASURE_WITH_UNIT ( LENGTH_MEASURE( 0.02539999999999999897 ), #791 );
#310 = LINE ( 'NONE', #631, #2134 ) ;
#311 = CARTESIAN_POINT ( 'NONE',  ( 0.3235878393247447748, -3.257876057221257504, 3.249999999999999556 ) ) ;
#312 = ORIENTED_EDGE ( 'NONE', *, *, #1713, .T. ) ;
#313 = VERTEX_POINT ( 'NONE', #509 ) ;
#314 = PLANE ( 'NONE',  #1917 ) ;
#315 = DIRECTION ( 'NONE',  ( 1.000000000000000000, 0.000000000000000000, 0.000000000000000000 ) ) ;
#316 = EDGE_CURVE ( 'NONE', #955, #1923, #328, .T. ) ;
#317 = CARTESIAN_POINT ( 'NONE',  ( -1.250000000000000888, -3.450000000000000178, -3.499999999999999112 ) ) ;
#318 = DIRECTION ( 'NONE',  ( 0.7071067811865483499, 0.7071067811865467956, 0.000000000000000000 ) ) ;
#319 = ORIENTED_EDGE ( 'NONE', *, *, #450, .F. ) ;
#320 = VECTOR ( 'NONE', #1145, 39.37007874015748143 ) ;
#321 = MECHANICAL_DESIGN_GEOMETRIC_PRESENTATION_REPRESENTATION (  '', ( #215 ), #1399 ) ;
#322 = LINE ( 'NONE', #1629, #14 ) ;
#323 = AXIS2_PLACEMENT_3D ( 'NONE', #830, #689, #1346 ) ;
#324 = EDGE_CURVE ( 'NONE', #934, #1068, #1827, .T. ) ;
#325 = ORIENTED_EDGE ( 'NONE', *, *, #954, .F. ) ;
#326 = FACE_OUTER_BOUND ( 'NONE', #1477, .T. ) ;
#327 = VERTEX_POINT ( 'NONE', #1177 ) ;
#328 = LINE ( 'NONE', #1168, #1516 ) ;
#329 = CARTESIAN_POINT ( 'NONE',  ( 0.1250000000000000000, 1.999999999999999334, 2.549999999999999822 ) ) ;
#330 = DIRECTION ( 'NONE',  ( 0.6474280401754496372, 0.5773502691896228445, -0.4974973361348240530 ) ) ;
#331 = ADVANCED_FACE ( 'NONE', ( #367 ), #1992, .T. ) ;
#332 = ADVANCED_FACE ( 'NONE', ( #1654 ), #537, .F. ) ;
#333 = ORIENTED_EDGE ( 'NONE', *, *, #2057, .T. ) ;
#334 = CARTESIAN_POINT ( 'NONE',  ( 0.1250000000000000000, 0.000000000000000000, 0.000000000000000000 ) ) ;
#335 = ADVANCED_FACE ( 'NONE', ( #1031 ), #651, .T. ) ;
#336 = ORIENTED_EDGE ( 'NONE', *, *, #1252, .T. ) ;
#337 = VERTEX_POINT ( 'NONE', #208 ) ;
#338 = DIRECTION ( 'NONE',  ( 0.6008248286172898078, -0.5272751185425017528, 0.6008248286172894748 ) ) ;
#339 = DIRECTION ( 'NONE',  ( 0.7929341717999873751, -7.752371650174312559E-17, 0.6093073109621023331 ) ) ;
#340 = CYLINDRICAL_SURFACE ( 'NONE', #1303, 0.5000000000000001110 ) ;
#341 = DIRECTION ( 'NONE',  ( 0.000000000000000000, -1.000000000000000000, 0.000000000000000000 ) ) ;
#342 = VERTEX_POINT ( 'NONE', #26 ) ;
#343 = FACE_OUTER_BOUND ( 'NONE', #403, .T. ) ;
#344 = EDGE_CURVE ( 'NONE', #1986, #293, #1321, .T. ) ;
#345 = ORIENTED_EDGE ( 'NONE', *, *, #101, .F. ) ;
#346 = EDGE_LOOP ( 'NONE', ( #902, #1486, #1691, #1934 ) ) ;
#347 = CARTESIAN_POINT ( 'NONE',  ( -0.3398255232586569474, 3.449999999999997957, 3.450423276933892502 ) ) ;
#348 = LINE ( 'NONE', #1024, #1783 ) ;
#349 = DIRECTION ( 'NONE',  ( 0.7071067811865482389, 0.7071067811865467956, 0.000000000000000000 ) ) ;
#350 = EDGE_LOOP ( 'NONE', ( #297, #1638, #463 ) ) ;
#351 = LINE ( 'NONE', #1681, #1403 ) ;
#352 = VECTOR ( 'NONE', #767, 39.37007874015748143 ) ;
#353 = AXIS2_PLACEMENT_3D ( 'NONE', #574, #1215, #1908 ) ;
#354 = AXIS2_PLACEMENT_3D ( 'NONE', #871, #546, #1712 ) ;
#355 = EDGE_CURVE ( 'NONE', #983, #1754, #1662, .T. ) ;
#356 = EDGE_CURVE ( 'NONE', #1986, #327, #659, .T. ) ;
#357 = ORIENTED_EDGE ( 'NONE', *, *, #706, .T. ) ;
#358 = AXIS2_PLACEMENT_3D ( 'NONE', #1666, #2017, #174 ) ;
#359 = VECTOR ( 'NONE', #1554, 39.37007874015748143 ) ;
#360 = CARTESIAN_POINT ( 'NONE',  ( 1.249999999999999334, -3.249999999999999556, 3.249999999999999556 ) ) ;
#361 = DIRECTION ( 'NONE',  ( 0.000000000000000000, 1.000000000000000000, 0.000000000000000000 ) ) ;
#362 = CARTESIAN_POINT ( 'NONE',  ( 0.4452999999999995295, 2.375000000000000000, -3.500000000000000000 ) ) ;
#363 = EDGE_LOOP ( 'NONE', ( #104, #374, #1839, #763 ) ) ;
#364 = CARTESIAN_POINT ( 'NONE',  ( 0.1250000000000000000, 2.000000000000000000, -2.549999999999999822 ) ) ;
#365 = AXIS2_PLACEMENT_3D ( 'NONE', #2023, #402, #587 ) ;
#366 = ORIENTED_EDGE ( 'NONE', *, *, #1490, .F. ) ;
#367 = FACE_OUTER_BOUND ( 'NONE', #938, .T. ) ;
#368 = DIRECTION ( 'NONE',  ( 0.000000000000000000, 1.000000000000000000, 0.000000000000000000 ) ) ;
#369 = ADVANCED_FACE ( 'NONE', ( #2013 ), #517, .T. ) ;
#370 = CARTESIAN_POINT ( 'NONE',  ( -0.2894540615865286437, -3.500000000000000000, 3.450000000000001066 ) ) ;
#371 = ORIENTED_EDGE ( 'NONE', *, *, #453, .T. ) ;
#372 = LINE ( 'NONE', #23, #258 ) ;
#373 = FACE_OUTER_BOUND ( 'NONE', #570, .T. ) ;
#374 = ORIENTED_EDGE ( 'NONE', *, *, #1252, .F. ) ;
#375 = PLANE ( 'NONE',  #1156 ) ;
#376 = ORIENTED_EDGE ( 'NONE', *, *, #356, .T. ) ;
#377 = LINE ( 'NONE', #389, #832 ) ;
#378 = DIRECTION ( 'NONE',  ( 1.000000000000000000, -0.000000000000000000, 0.000000000000000000 ) ) ;
#379 = EDGE_CURVE ( 'NONE', #779, #1019, #474, .T. ) ;
#380 = CARTESIAN_POINT ( 'NONE',  ( -1.223754094687229177, -3.299999999999999822, -3.299576723066107498 ) ) ;
#381 = FACE_OUTER_BOUND ( 'NONE', #444, .T. ) ;
#382 = CYLINDRICAL_SURFACE ( 'NONE', #121, 0.2421999999999996656 ) ;
#383 = LINE ( 'NONE', #15, #1954 ) ;
#384 = EDGE_CURVE ( 'NONE', #1041, #1007, #1067, .T. ) ;
#385 = AXIS2_PLACEMENT_3D ( 'NONE', #1627, #441, #129 ) ;
#386 = ORIENTED_EDGE ( 'NONE', *, *, #1514, .F. ) ;
#387 = DIRECTION ( 'NONE',  ( 0.6008248286172888086, 0.5272751185425040843, 0.6008248286172884756 ) ) ;
#388 = VERTEX_POINT ( 'NONE', #1078 ) ;
#389 = CARTESIAN_POINT ( 'NONE',  ( 1.205412012350191242, -3.500000000000000000, -3.500000000000000000 ) ) ;
#390 =( GEOMETRIC_REPRESENTATION_CONTEXT ( 3 ) GLOBAL_UNCERTAINTY_ASSIGNED_CONTEXT ( ( #864 ) ) GLOBAL_UNIT_ASSIGNED_CONTEXT ( ( #1080, #1911, #1900 ) ) REPRESENTATION_CONTEXT ( 'NONE', 'WORKASPACE' ) );
#391 = PLANE ( 'NONE',  #873 ) ;
#392 = CARTESIAN_POINT ( 'NONE',  ( 0.1250000000000000000, -2.549999999999999822, -2.000000000000000000 ) ) ;
#393 = LINE ( 'NONE', #1059, #1190 ) ;
#394 = LINE ( 'NONE', #1432, #44 ) ;
#395 = PRODUCT_DEFINITION ( 'UNKNOWN', '', #1404, #1336 ) ;
#396 = EDGE_CURVE ( 'NONE', #823, #1166, #250, .T. ) ;
#397 = EDGE_LOOP ( 'NONE', ( #1015, #1154, #1298, #134 ) ) ;
#398 = PLANE ( 'NONE',  #906 ) ;
#399 = EDGE_CURVE ( 'NONE', #1552, #303, #1586, .T. ) ;
#400 = VECTOR ( 'NONE', #1522, 39.37007874015748143 ) ;
#401 = VERTEX_POINT ( 'NONE', #719 ) ;
#402 = DIRECTION ( 'NONE',  ( -0.000000000000000000, -0.000000000000000000, -1.000000000000000000 ) ) ;
#403 = EDGE_LOOP ( 'NONE', ( #970, #419, #263, #1453 ) ) ;
#404 = CARTESIAN_POINT ( 'NONE',  ( 0.3408675799086757219, -3.450000000000000178, 3.442465753424658104 ) ) ;
#405 = CARTESIAN_POINT ( 'NONE',  ( -0.3333333333333332593, 3.500000000000000000, 3.500000000000000888 ) ) ;
#406 = DIRECTION ( 'NONE',  ( -0.1298437985064721800, 0.000000000000000000, 0.9915344613221522829 ) ) ;
#407 = CARTESIAN_POINT ( 'NONE',  ( -0.1250000000000000000, 2.550000000000001155, 2.000000000000000000 ) ) ;
#408 = CARTESIAN_POINT ( 'NONE',  ( 1.249999999999999334, -3.450000000000000178, -3.499999999999999112 ) ) ;
#409 = EDGE_LOOP ( 'NONE', ( #1722, #1817, #1010 ) ) ;
#410 = DIRECTION ( 'NONE',  ( 1.000000000000000000, 0.000000000000000000, 0.000000000000000000 ) ) ;
#411 = EDGE_CURVE ( 'NONE', #33, #57, #1390, .T. ) ;
#412 = ORIENTED_EDGE ( 'NONE', *, *, #1219, .T. ) ;
#413 = LINE ( 'NONE', #424, #729 ) ;
#414 = VERTEX_POINT ( 'NONE', #2051 ) ;
#415 = CARTESIAN_POINT ( 'NONE',  ( 0.1249999999999999029, -2.000000000000000000, -2.000000000000000000 ) ) ;
#416 = CARTESIAN_POINT ( 'NONE',  ( -0.2753078699534479701, -3.450000000000000178, 3.500000000000000888 ) ) ;
#417 = CARTESIAN_POINT ( 'NONE',  ( 1.193025490157956447, -3.500000000000000000, -3.450000000000000178 ) ) ;
#418 = DIRECTION ( 'NONE',  ( 1.000000000000000000, 0.000000000000000000, -0.000000000000000000 ) ) ;
#419 = ORIENTED_EDGE ( 'NONE', *, *, #1906, .F. ) ;
#420 = DIRECTION ( 'NONE',  ( 1.000000000000000000, -0.000000000000000000, 0.000000000000000000 ) ) ;
#421 = EDGE_CURVE ( 'NONE', #1923, #654, #1407, .T. ) ;
#422 = ORIENTED_EDGE ( 'NONE', *, *, #1596, .T. ) ;
#423 = VECTOR ( 'NONE', #639, 39.37007874015748143 ) ;
#424 = CARTESIAN_POINT ( 'NONE',  ( 1.249999999999999334, 3.250000000000000000, 3.249999999999999556 ) ) ;
#425 = AXIS2_PLACEMENT_3D ( 'NONE', #1890, #1913, #1902 ) ;
#426 = EDGE_LOOP ( 'NONE', ( #1283, #1137, #276, #1090 ) ) ;
#427 = DIRECTION ( 'NONE',  ( -0.9915344613221522829, 0.000000000000000000, 0.1298437985064724576 ) ) ;
#428 = DIRECTION ( 'NONE',  ( 1.000000000000000000, 0.000000000000000000, 0.000000000000000000 ) ) ;
#429 = VECTOR ( 'NONE', #511, 39.37007874015748143 ) ;
#430 = DIRECTION ( 'NONE',  ( 0.000000000000000000, 1.092739197465705287E-16, -1.000000000000000000 ) ) ;
#431 = DIRECTION ( 'NONE',  ( -1.545366593192713183E-16, 0.7071067811865379138, -0.7071067811865572317 ) ) ;
#432 = ORIENTED_EDGE ( 'NONE', *, *, #1647, .F. ) ;
#433 = CARTESIAN_POINT ( 'NONE',  ( -0.1250000000000000278, 2.000000000000000000, -2.000000000000000000 ) ) ;
#434 = EDGE_LOOP ( 'NONE', ( #617, #626, #1870, #102 ) ) ;
#435 = ORIENTED_EDGE ( 'NONE', *, *, #1033, .F. ) ;
#436 = CARTESIAN_POINT ( 'NONE',  ( 0.1250000000000000000, 2.549999999999999378, 2.000000000000000000 ) ) ;
#437 = PLANE ( 'NONE',  #2073 ) ;
#438 = ADVANCED_FACE ( 'NONE', ( #909 ), #698, .F. ) ;
#439 = VECTOR ( 'NONE', #1643, 39.37007874015748143 ) ;
#440 = DIRECTION ( 'NONE',  ( 0.000000000000000000, -1.000000000000000000, 0.000000000000000000 ) ) ;
#441 = DIRECTION ( 'NONE',  ( -2.185478394931410575E-16, 0.000000000000000000, -1.000000000000000000 ) ) ;
#442 = VERTEX_POINT ( 'NONE', #1750 ) ;
#443 = LINE ( 'NONE', #1101, #801 ) ;
#444 = EDGE_LOOP ( 'NONE', ( #815, #1623, #265, #248 ) ) ;
#445 = ORIENTED_EDGE ( 'NONE', *, *, #790, .F. ) ;
#446 = CARTESIAN_POINT ( 'NONE',  ( -0.7287429090921764274, -3.500000000000000000, 0.09543061904778507576 ) ) ;
#447 = FACE_OUTER_BOUND ( 'NONE', #2103, .T. ) ;
#448 = SURFACE_STYLE_USAGE ( .BOTH. , #772 ) ;
#449 = LINE ( 'NONE', #301, #1642 ) ;
#450 = EDGE_CURVE ( 'NONE', #1640, #1587, #1760, .T. ) ;
#451 = EDGE_LOOP ( 'NONE', ( #2086, #1419, #432, #1521 ) ) ;
#452 = CARTESIAN_POINT ( 'NONE',  ( -0.1250000000000000000, 2.550000000000001155, -2.000000000000000000 ) ) ;
#453 = EDGE_CURVE ( 'NONE', #1923, #168, #43, .T. ) ;
#454 = ORIENTED_EDGE ( 'NONE', *, *, #1580, .F. ) ;
#455 = ORIENTED_EDGE ( 'NONE', *, *, #1866, .T. ) ;
#456 = CARTESIAN_POINT ( 'NONE',  ( -0.1250000000000000278, 2.499999999999999556, 2.000000000000000000 ) ) ;
#457 = VECTOR ( 'NONE', #361, 39.37007874015748143 ) ;
#458 = CIRCLE ( 'NONE', #1435, 0.2421999999999995268 ) ;
#459 = CARTESIAN_POINT ( 'NONE',  ( -0.07499999999999920619, -2.500000000000000444, 2.500000000000000000 ) ) ;
#460 = CIRCLE ( 'NONE', #1330, 0.5499999999999998224 ) ;
#461 = FACE_OUTER_BOUND ( 'NONE', #834, .T. ) ;
#462 = VECTOR ( 'NONE', #1387, 39.37007874015748143 ) ;
#463 = ORIENTED_EDGE ( 'NONE', *, *, #189, .F. ) ;
#464 = EDGE_CURVE ( 'NONE', #806, #1689, #875, .T. ) ;
#465 = DIRECTION ( 'NONE',  ( -1.000000000000000000, 0.000000000000000000, 0.000000000000000000 ) ) ;
#466 = VECTOR ( 'NONE', #1159, 39.37007874015748143 ) ;
#467 = EDGE_CURVE ( 'NONE', #2079, #1825, #413, .T. ) ;
#468 = ORIENTED_EDGE ( 'NONE', *, *, #177, .T. ) ;
#469 = EDGE_LOOP ( 'NONE', ( #856, #741, #1949, #1239 ) ) ;
#470 = CARTESIAN_POINT ( 'NONE',  ( 0.07500000000000014988, 2.500000000000000000, -2.000000000000000000 ) ) ;
#471 = DIRECTION ( 'NONE',  ( 1.000000000000000000, 0.000000000000000000, 0.000000000000000000 ) ) ;
#472 = LINE ( 'NONE', #1272, #116 ) ;
#473 = FACE_BOUND ( 'NONE', #1520, .T. ) ;
#474 = CIRCLE ( 'NONE', #365, 0.2421999999999995268 ) ;
#475 = CARTESIAN_POINT ( 'NONE',  ( 0.2837566102672259283, -3.500000000000000000, 3.493507810074677700 ) ) ;
#476 = ADVANCED_FACE ( 'NONE', ( #239 ), #540, .F. ) ;
#477 = VERTEX_POINT ( 'NONE', #1054 ) ;
#478 = ORIENTED_EDGE ( 'NONE', *, *, #677, .F. ) ;
#479 = CARTESIAN_POINT ( 'NONE',  ( 0.3313972214789681625, 3.250000000000000000, 3.129706779003197603 ) ) ;
#480 = FACE_OUTER_BOUND ( 'NONE', #1456, .T. ) ;
#481 = LINE ( 'NONE', #2118, #2052 ) ;
#482 = DIRECTION ( 'NONE',  ( 0.000000000000000000, 0.000000000000000000, -1.000000000000000000 ) ) ;
#483 = ADVANCED_FACE ( 'NONE', ( #1091 ), #375, .T. ) ;
#484 = ORIENTED_EDGE ( 'NONE', *, *, #515, .T. ) ;
#485 = DIRECTION ( 'NONE',  ( 1.000000000000000000, 0.000000000000000000, 0.000000000000000000 ) ) ;
#486 = ORIENTED_EDGE ( 'NONE', *, *, #1291, .F. ) ;
#487 = ORIENTED_EDGE ( 'NONE', *, *, #954, .T. ) ;
#488 = DIRECTION ( 'NONE',  ( 1.000000000000000000, 0.000000000000000000, 0.000000000000000000 ) ) ;
#489 = EDGE_CURVE ( 'NONE', #1350, #654, #1873, .T. ) ;
#490 = DIRECTION ( 'NONE',  ( 0.000000000000000000, 1.092739197465705287E-16, -1.000000000000000000 ) ) ;
#491 = CARTESIAN_POINT ( 'NONE',  ( 0.1250000000000000000, -2.000000000000000444, 2.549999999999999822 ) ) ;
#492 = DIRECTION ( 'NONE',  ( -0.000000000000000000, -0.000000000000000000, -1.000000000000000000 ) ) ;
#493 = EDGE_LOOP ( 'NONE', ( #2144, #701, #1351, #1761 ) ) ;
#494 = AXIS2_PLACEMENT_3D ( 'NONE', #557, #420, #1225 ) ;
#495 = CIRCLE ( 'NONE', #628, 0.2421999999999995268 ) ;
#496 = DIRECTION ( 'NONE',  ( 0.7929341718000000316, 0.000000000000000000, -0.6093073109620859018 ) ) ;
#497 = AXIS2_PLACEMENT_3D ( 'NONE', #1526, #1173, #183 ) ;
#498 = ORIENTED_EDGE ( 'NONE', *, *, #1094, .T. ) ;
#499 = DIRECTION ( 'NONE',  ( -0.000000000000000000, 0.7071067811865398012, 0.7071067811865552333 ) ) ;
#500 = ORIENTED_EDGE ( 'NONE', *, *, #705, .T. ) ;
#501 = DIRECTION ( 'NONE',  ( 0.000000000000000000, -1.000000000000000000, 0.000000000000000000 ) ) ;
#502 = CARTESIAN_POINT ( 'NONE',  ( -0.07499999999999920619, -2.500000000000000444, 2.000000000000000000 ) ) ;
#503 = LINE ( 'NONE', #1887, #838 ) ;
#504 = EDGE_CURVE ( 'NONE', #1975, #1111, #1244, .T. ) ;
#505 = VERTEX_POINT ( 'NONE', #1530 ) ;
#506 = FACE_OUTER_BOUND ( 'NONE', #451, .T. ) ;
#507 = ORIENTED_EDGE ( 'NONE', *, *, #1291, .T. ) ;
#508 = VERTEX_POINT ( 'NONE', #1897 ) ;
#509 = CARTESIAN_POINT ( 'NONE',  ( -0.4453000000000373326, -2.374999999999999556, -3.500000000000000000 ) ) ;
#510 = DIRECTION ( 'NONE',  ( 0.7929341717999942585, 0.000000000000000000, 0.6093073109620932293 ) ) ;
#511 = DIRECTION ( 'NONE',  ( -0.1725445975333291526, -0.6965013861659095085, 0.6965013861659057337 ) ) ;
#512 = ORIENTED_EDGE ( 'NONE', *, *, #2066, .F. ) ;
#513 = PLANE ( 'NONE',  #497 ) ;
#514 = ADVANCED_FACE ( 'NONE', ( #1418 ), #264, .T. ) ;
#515 = EDGE_CURVE ( 'NONE', #195, #1576, #58, .T. ) ;
#516 = ORIENTED_EDGE ( 'NONE', *, *, #175, .F. ) ;
#517 = PLANE ( 'NONE',  #922 ) ;
#518 = DIRECTION ( 'NONE',  ( 0.000000000000000000, 0.000000000000000000, -1.000000000000000000 ) ) ;
#519 = CYLINDRICAL_SURFACE ( 'NONE', #1368, 0.5000000000000001110 ) ;
#520 = ORIENTED_EDGE ( 'NONE', *, *, #175, .T. ) ;
#521 = CARTESIAN_POINT ( 'NONE',  ( 0.9296999999999988606, 2.375000000000000000, -3.500000000000000000 ) ) ;
#522 = VECTOR ( 'NONE', #563, 39.37007874015748143 ) ;
#523 = VECTOR ( 'NONE', #1626, 39.37007874015748143 ) ;
#524 = ORIENTED_EDGE ( 'NONE', *, *, #1357, .F. ) ;
#525 = ADVANCED_FACE ( 'NONE', ( #1248 ), #1386, .F. ) ;
#526 = VECTOR ( 'NONE', #951, 39.37007874015748143 ) ;
#527 = ORIENTED_EDGE ( 'NONE', *, *, #1032, .F. ) ;
#528 = ORIENTED_EDGE ( 'NONE', *, *, #1238, .F. ) ;
#529 = LINE ( 'NONE', #347, #1028 ) ;
#530 = FACE_OUTER_BOUND ( 'NONE', #2090, .T. ) ;
#531 = CARTESIAN_POINT ( 'NONE',  ( -0.1250000000000000000, -0.000000000000000000, 2.550000000000001155 ) ) ;
#532 = ORIENTED_EDGE ( 'NONE', *, *, #396, .F. ) ;
#533 = CARTESIAN_POINT ( 'NONE',  ( -0.9297000000000001929, 2.375000000000130562, -3.500000000000000000 ) ) ;
#534 = AXIS2_PLACEMENT_3D ( 'NONE', #221, #878, #1071 ) ;
#535 = CARTESIAN_POINT ( 'NONE',  ( -0.2845340172484536745, 3.482610003930071141, 3.467389996069928149 ) ) ;
#536 = VECTOR ( 'NONE', #1258, 39.37007874015748143 ) ;
#537 = CONICAL_SURFACE ( 'NONE', #1416, 0.5500000000000009326, 0.7853981633974490562 ) ;
#538 = ADVANCED_FACE ( 'NONE', ( #1045 ), #1411, .F. ) ;
#539 = EDGE_LOOP ( 'NONE', ( #1785, #1406, #1133, #1285, #1, #1359, #412, #1274 ) ) ;
#540 = PLANE ( 'NONE',  #692 ) ;
#541 = FACE_OUTER_BOUND ( 'NONE', #1598, .T. ) ;
#542 = ORIENTED_EDGE ( 'NONE', *, *, #3, .T. ) ;
#543 = ADVANCED_FACE ( 'NONE', ( #879 ), #2046, .F. ) ;
#544 = LINE ( 'NONE', #1211, #1845 ) ;
#545 = LINE ( 'NONE', #1658, #947 ) ;
#546 = DIRECTION ( 'NONE',  ( -0.7011207413810521816, 0.7071067811865396902, 0.09181343041894740598 ) ) ;
#547 = ORIENTED_EDGE ( 'NONE', *, *, #620, .F. ) ;
#548 = DIRECTION ( 'NONE',  ( 0.000000000000000000, 0.000000000000000000, -1.000000000000000000 ) ) ;
#549 = EDGE_CURVE ( 'NONE', #1775, #505, #916, .T. ) ;
#550 = ORIENTED_EDGE ( 'NONE', *, *, #1866, .F. ) ;
#551 = DIRECTION ( 'NONE',  ( 0.000000000000000000, 0.000000000000000000, -1.000000000000000000 ) ) ;
#552 = FACE_OUTER_BOUND ( 'NONE', #1749, .T. ) ;
#553 = PLANE ( 'NONE',  #534 ) ;
#554 = EDGE_CURVE ( 'NONE', #217, #337, #1582, .T. ) ;
#555 = DIRECTION ( 'NONE',  ( -1.000000000000000000, 0.000000000000000000, -0.000000000000000000 ) ) ;
#556 = DIRECTION ( 'NONE',  ( -1.000000000000000000, 0.000000000000000000, 2.185478394931410575E-16 ) ) ;
#557 = CARTESIAN_POINT ( 'NONE',  ( -0.1250000000000000000, 0.000000000000000000, 0.000000000000000000 ) ) ;
#558 = VECTOR ( 'NONE', #1169, 39.37007874015747433 ) ;
#559 = AXIS2_PLACEMENT_3D ( 'NONE', #1472, #118, #1960 ) ;
#560 = AXIS2_PLACEMENT_3D ( 'NONE', #1690, #1212, #836 ) ;
#561 = ORIENTED_EDGE ( 'NONE', *, *, #2078, .F. ) ;
#562 = DIRECTION ( 'NONE',  ( 1.000000000000000000, -0.000000000000000000, -0.000000000000000000 ) ) ;
#563 = DIRECTION ( 'NONE',  ( 0.1298437985064722078, 0.000000000000000000, -0.9915344613221522829 ) ) ;
#564 = AXIS2_PLACEMENT_3D ( 'NONE', #181, #1980, #1201 ) ;
#565 = CARTESIAN_POINT ( 'NONE',  ( -1.244210526315790544, -3.450000000000000178, -3.455789473684212521 ) ) ;
#566 = ORIENTED_EDGE ( 'NONE', *, *, #1634, .T. ) ;
#567 = CARTESIAN_POINT ( 'NONE',  ( 0.3235878393247459961, 3.257876057221257948, 3.249999999999999556 ) ) ;
#568 = PLANE ( 'NONE',  #1782 ) ;
#569 = ADVANCED_FACE ( 'NONE', ( #1867 ), #2132, .F. ) ;
#570 = EDGE_LOOP ( 'NONE', ( #956, #2081, #1341, #1603 ) ) ;
#571 = DIRECTION ( 'NONE',  ( 0.000000000000000000, -1.000000000000000000, 0.000000000000000000 ) ) ;
#572 = VECTOR ( 'NONE', #315, 39.37007874015748143 ) ;
#573 = ORIENTED_EDGE ( 'NONE', *, *, #411, .T. ) ;
#574 = CARTESIAN_POINT ( 'NONE',  ( 0.07500000000000014988, -2.000000000000000000, -2.000000000000000000 ) ) ;
#575 = VERTEX_POINT ( 'NONE', #702 ) ;
#576 = DIRECTION ( 'NONE',  ( -1.000000000000000000, 0.000000000000000000, 0.000000000000000000 ) ) ;
#577 = LENGTH_MEASURE_WITH_UNIT ( LENGTH_MEASURE( 0.02539999999999999897 ), #734 );
#578 = DIRECTION ( 'NONE',  ( 0.7104801354996039819, -0.7036920417600686095, -0.005957132196796804079 ) ) ;
#579 = LINE ( 'NONE', #2084, #1499 ) ;
#580 = LINE ( 'NONE', #408, #768 ) ;
#581 = PRODUCT ( 'rocker-arm-support-pedro-no-fillet', 'rocker-arm-support-pedro-no-fillet', '', ( #1469 ) ) ;
#582 = ORIENTED_EDGE ( 'NONE', *, *, #858, .F. ) ;
#583 = ADVANCED_FACE ( 'NONE', ( #381 ), #1709, .F. ) ;
#584 = EDGE_CURVE ( 'NONE', #1725, #1775, #271, .T. ) ;
#585 = DIRECTION ( 'NONE',  ( 0.7071067811865482389, 0.000000000000000000, -0.7071067811865467956 ) ) ;
#586 = ORIENTED_EDGE ( 'NONE', *, *, #705, .F. ) ;
#587 = DIRECTION ( 'NONE',  ( -1.000000000000000000, 0.000000000000000000, 0.000000000000000000 ) ) ;
#588 = ORIENTED_EDGE ( 'NONE', *, *, #299, .T. ) ;
#589 = CARTESIAN_POINT ( 'NONE',  ( 0.7287429090921746511, 3.500000000000000000, 0.09543061904778465943 ) ) ;
#590 = APPLICATION_PROTOCOL_DEFINITION ( 'draft international standard', 'automotive_design', 1998, #1787 ) ;
#591 = CARTESIAN_POINT ( 'NONE',  ( 0.1250000000000000000, 0.000000000000000000, 2.549999999999999822 ) ) ;
#592 = DIRECTION ( 'NONE',  ( 0.000000000000000000, -1.000000000000000000, -1.092739197465705287E-16 ) ) ;
#593 = CARTESIAN_POINT ( 'NONE',  ( -0.3660714285714286031, 3.299999999999998490, 3.250000000000000000 ) ) ;
#594 = VERTEX_POINT ( 'NONE', #1072 ) ;
#595 = DIRECTION ( 'NONE',  ( 0.1298437985064724298, -0.000000000000000000, 0.9915344613221522829 ) ) ;
#596 = EDGE_CURVE ( 'NONE', #796, #1576, #495, .T. ) ;
#597 = VERTEX_POINT ( 'NONE', #2060 ) ;
#598 = VECTOR ( 'NONE', #294, 39.37007874015748854 ) ;
#599 = VECTOR ( 'NONE', #440, 39.37007874015748143 ) ;
#600 = DIRECTION ( 'NONE',  ( -0.1298437985064724298, 0.000000000000000000, -0.9915344613221522829 ) ) ;
#601 = CARTESIAN_POINT ( 'NONE',  ( -0.1250000000000000000, 3.250000000000000000, -3.250000000000000000 ) ) ;
#602 = VECTOR ( 'NONE', #1555, 39.37007874015748143 ) ;
#603 = DIRECTION ( 'NONE',  ( 0.000000000000000000, 1.000000000000000000, 0.000000000000000000 ) ) ;
#604 = LINE ( 'NONE', #1743, #1505 ) ;
#605 = ORIENTED_EDGE ( 'NONE', *, *, #1925, .F. ) ;
#606 = PLANE ( 'NONE',  #494 ) ;
#607 = ORIENTED_EDGE ( 'NONE', *, *, #1606, .F. ) ;
#608 = EDGE_LOOP ( 'NONE', ( #759, #498, #1457, #24 ) ) ;
#609 = EDGE_CURVE ( 'NONE', #2079, #508, #1374, .T. ) ;
#610 = DIRECTION ( 'NONE',  ( -0.000000000000000000, -0.000000000000000000, -1.000000000000000000 ) ) ;
#611 = LINE ( 'NONE', #138, #976 ) ;
#612 = DIRECTION ( 'NONE',  ( -0.000000000000000000, -0.000000000000000000, -1.000000000000000000 ) ) ;
#613 = ORIENTED_EDGE ( 'NONE', *, *, #1659, .F. ) ;
#614 = EDGE_CURVE ( 'NONE', #207, #477, #544, .T. ) ;
#615 = DIRECTION ( 'NONE',  ( 0.7071067811865472397, -0.7071067811865476838, 0.000000000000000000 ) ) ;
#616 = ORIENTED_EDGE ( 'NONE', *, *, #1659, .T. ) ;
#617 = ORIENTED_EDGE ( 'NONE', *, *, #1778, .T. ) ;
#618 = CARTESIAN_POINT ( 'NONE',  ( 0.1250000000000000000, -3.249999999999999556, 3.249999999999999556 ) ) ;
#619 = EDGE_CURVE ( 'NONE', #766, #1996, #1236, .T. ) ;
#620 = EDGE_CURVE ( 'NONE', #1660, #785, #393, .T. ) ;
#621 = CARTESIAN_POINT ( 'NONE',  ( 1.267600208142086737, 1.078310502283096550, -1.385167627207814611 ) ) ;
#622 = DIRECTION ( 'NONE',  ( 0.000000000000000000, -0.000000000000000000, 1.000000000000000000 ) ) ;
#623 = ADVANCED_FACE ( 'NONE', ( #749 ), #244, .T. ) ;
#624 = ORIENTED_EDGE ( 'NONE', *, *, #1778, .F. ) ;
#625 = CARTESIAN_POINT ( 'NONE',  ( -1.159236441382020200, -3.249999999999999556, -3.250000000000000000 ) ) ;
#626 = ORIENTED_EDGE ( 'NONE', *, *, #1006, .F. ) ;
#627 = ORIENTED_EDGE ( 'NONE', *, *, #110, .F. ) ;
#628 = AXIS2_PLACEMENT_3D ( 'NONE', #1730, #52, #74 ) ;
#629 = DIRECTION ( 'NONE',  ( 0.7071067811865459074, -0.7071067811865492381, -7.726832965963478402E-17 ) ) ;
#630 = AXIS2_PLACEMENT_3D ( 'NONE', #1000, #54, #178 ) ;
#631 = CARTESIAN_POINT ( 'NONE',  ( 0.1250000000000000000, -3.249999999999999556, 3.249999999999999556 ) ) ;
#632 = VECTOR ( 'NONE', #418, 39.37007874015748143 ) ;
#633 = ORIENTED_EDGE ( 'NONE', *, *, #1033, .T. ) ;
#634 = CARTESIAN_POINT ( 'NONE',  ( 1.924110283117949294, -3.249999999999999556, -0.8806914643316311464 ) ) ;
#635 = EDGE_CURVE ( 'NONE', #2019, #156, #1568, .T. ) ;
#636 = AXIS2_PLACEMENT_3D ( 'NONE', #1517, #1664, #1025 ) ;
#637 = VERTEX_POINT ( 'NONE', #2074 ) ;
#638 = ORIENTED_EDGE ( 'NONE', *, *, #135, .T. ) ;
#639 = DIRECTION ( 'NONE',  ( 0.000000000000000000, 1.000000000000000000, 0.000000000000000000 ) ) ;
#640 = CARTESIAN_POINT ( 'NONE',  ( -0.3214834409216232314, -3.255789473684210567, 3.249999999999999556 ) ) ;
#641 = CARTESIAN_POINT ( 'NONE',  ( -0.4453000000000009173, 2.375000000000130562, -3.250000000000000000 ) ) ;
#642 = AXIS2_PLACEMENT_3D ( 'NONE', #591, #2093, #1729 ) ;
#643 = CARTESIAN_POINT ( 'NONE',  ( 0.1250000000000000000, 3.250000000000000000, 3.249999999999999556 ) ) ;
#644 = CIRCLE ( 'NONE', #2034, 0.5499999999999998224 ) ;
#645 = VERTEX_POINT ( 'NONE', #417 ) ;
#646 = LINE ( 'NONE', #152, #1747 ) ;
#647 = EDGE_CURVE ( 'NONE', #1518, #1981, #579, .T. ) ;
#648 = VERTEX_POINT ( 'NONE', #959 ) ;
#649 = ORIENTED_EDGE ( 'NONE', *, *, #1551, .F. ) ;
#650 = PLANE ( 'NONE',  #153 ) ;
#651 = PLANE ( 'NONE',  #1312 ) ;
#652 = DIRECTION ( 'NONE',  ( -0.7071067811865482389, 0.000000000000000000, -0.7071067811865467956 ) ) ;
#653 = FACE_BOUND ( 'NONE', #895, .T. ) ;
#654 = VERTEX_POINT ( 'NONE', #1808 ) ;
#655 = ORIENTED_EDGE ( 'NONE', *, *, #1713, .F. ) ;
#656 = CARTESIAN_POINT ( 'NONE',  ( -1.217261904761905544, -3.299999999999999822, -3.250000000000000000 ) ) ;
#657 = ADVANCED_FACE ( 'NONE', ( #1601 ), #2094, .F. ) ;
#658 = ORIENTED_EDGE ( 'NONE', *, *, #1953, .F. ) ;
#659 = LINE ( 'NONE', #18, #1619 ) ;
#660 = FACE_OUTER_BOUND ( 'NONE', #1525, .T. ) ;
#661 = CARTESIAN_POINT ( 'NONE',  ( -0.1250000000000000000, -2.000000000000000444, 2.550000000000001155 ) ) ;
#662 = VECTOR ( 'NONE', #757, 39.37007874015748143 ) ;
#663 = ORIENTED_EDGE ( 'NONE', *, *, #421, .T. ) ;
#664 = DIRECTION ( 'NONE',  ( -1.000000000000000000, 0.000000000000000000, 2.185478394931410575E-16 ) ) ;
#665 = VECTOR ( 'NONE', #2096, 39.37007874015748143 ) ;
#666 = VECTOR ( 'NONE', #1590, 39.37007874015748143 ) ;
#667 = ORIENTED_EDGE ( 'NONE', *, *, #996, .F. ) ;
#668 = CARTESIAN_POINT ( 'NONE',  ( 0.1250000000000000000, 1.999999999999999334, 2.000000000000000000 ) ) ;
#669 = CIRCLE ( 'NONE', #1234, 0.5000000000000001110 ) ;
#670 = DIRECTION ( 'NONE',  ( -0.7071067811865472397, -0.7071067811865476838, 0.000000000000000000 ) ) ;
#671 = EDGE_CURVE ( 'NONE', #1255, #217, #1441, .T. ) ;
#672 = CARTESIAN_POINT ( 'NONE',  ( 0.1250000000000000000, -3.249999999999999556, 3.249999999999999556 ) ) ;
#673 = DIRECTION ( 'NONE',  ( 0.000000000000000000, -1.000000000000000000, -0.000000000000000000 ) ) ;
#674 = ORIENTED_EDGE ( 'NONE', *, *, #399, .T. ) ;
#675 = CARTESIAN_POINT ( 'NONE',  ( 1.224487565950840517, -3.468838520253439750, -3.450263798712052132 ) ) ;
#676 = VECTOR ( 'NONE', #1807, 39.37007874015748143 ) ;
#677 = EDGE_CURVE ( 'NONE', #766, #1975, #472, .T. ) ;
#678 = ORIENTED_EDGE ( 'NONE', *, *, #804, .F. ) ;
#679 = CARTESIAN_POINT ( 'NONE',  ( -0.1250000000000000278, -2.000000000000000000, -2.000000000000000000 ) ) ;
#680 = FACE_OUTER_BOUND ( 'NONE', #1510, .T. ) ;
#681 = FACE_OUTER_BOUND ( 'NONE', #1245, .T. ) ;
#682 = VERTEX_POINT ( 'NONE', #783 ) ;
#683 = CARTESIAN_POINT ( 'NONE',  ( -0.1250000000000000000, -2.550000000000001155, -2.786484953537549863E-16 ) ) ;
#684 = EDGE_CURVE ( 'NONE', #1892, #1055, #1615, .T. ) ;
#685 = ORIENTED_EDGE ( 'NONE', *, *, #721, .F. ) ;
#686 = VERTEX_POINT ( 'NONE', #641 ) ;
#687 = PLANE ( 'NONE',  #1205 ) ;
#688 = DIRECTION ( 'NONE',  ( -0.000000000000000000, -0.000000000000000000, -1.000000000000000000 ) ) ;
#689 = DIRECTION ( 'NONE',  ( -1.000000000000000000, -0.000000000000000000, -0.000000000000000000 ) ) ;
#690 = VERTEX_POINT ( 'NONE', #1939 ) ;
#691 = LINE ( 'NONE', #683, #1017 ) ;
#692 = AXIS2_PLACEMENT_3D ( 'NONE', #1736, #1715, #896 ) ;
#693 = EDGE_CURVE ( 'NONE', #1061, #1640, #481, .T. ) ;
#694 = VECTOR ( 'NONE', #1251, 39.37007874015748854 ) ;
#695 = CIRCLE ( 'NONE', #1436, 0.5000000000000001110 ) ;
#696 = EDGE_CURVE ( 'NONE', #1518, #648, #1798, .T. ) ;
#697 = ORIENTED_EDGE ( 'NONE', *, *, #549, .T. ) ;
#698 = PLANE ( 'NONE',  #1482 ) ;
#699 = CARTESIAN_POINT ( 'NONE',  ( -0.3398255232586569474, 3.449999999999997957, 3.450423276933892502 ) ) ;
#700 = FACE_OUTER_BOUND ( 'NONE', #1183, .T. ) ;
#701 = ORIENTED_EDGE ( 'NONE', *, *, #831, .T. ) ;
#702 = CARTESIAN_POINT ( 'NONE',  ( 0.4452999999999633363, -2.374999999999999556, -3.250000000000000000 ) ) ;
#703 = DIRECTION ( 'NONE',  ( 0.000000000000000000, 1.092739197465705287E-16, -1.000000000000000000 ) ) ;
#704 = DIRECTION ( 'NONE',  ( -1.000000000000000000, 0.000000000000000000, 0.000000000000000000 ) ) ;
#705 = EDGE_CURVE ( 'NONE', #654, #823, #611, .T. ) ;
#706 = EDGE_CURVE ( 'NONE', #597, #1039, #279, .T. ) ;
#707 = AXIS2_PLACEMENT_3D ( 'NONE', #459, #629, #1483 ) ;
#708 = EDGE_CURVE ( 'NONE', #442, #594, #1927, .T. ) ;
#709 = ORIENTED_EDGE ( 'NONE', *, *, #1734, .T. ) ;
#710 = DIRECTION ( 'NONE',  ( -1.000000000000000000, -0.000000000000000000, -0.000000000000000000 ) ) ;
#711 = CARTESIAN_POINT ( 'NONE',  ( 0.07500000000000014988, -2.500000000000000444, 2.000000000000000000 ) ) ;
#712 = CARTESIAN_POINT ( 'NONE',  ( -1.244210526315790544, -3.450000000000000178, -3.455789473684212521 ) ) ;
#713 = FACE_OUTER_BOUND ( 'NONE', #296, .T. ) ;
#714 = DIRECTION ( 'NONE',  ( 0.000000000000000000, 0.000000000000000000, -1.000000000000000000 ) ) ;
#715 = LINE ( 'NONE', #1223, #462 ) ;
#716 = PLANE ( 'NONE',  #1705 ) ;
#717 = MANIFOLD_SOLID_BREP ( 'Chamfer2', #919 ) ;
#718 = ORIENTED_EDGE ( 'NONE', *, *, #845, .T. ) ;
#719 = CARTESIAN_POINT ( 'NONE',  ( -0.9297000000000004150, 2.375000000000130562, -3.250000000000000000 ) ) ;
#720 = CARTESIAN_POINT ( 'NONE',  ( 0.1249999999999999029, -2.500000000000000444, 2.000000000000000000 ) ) ;
#721 = EDGE_CURVE ( 'NONE', #806, #1833, #1139, .T. ) ;
#722 = CARTESIAN_POINT ( 'NONE',  ( 0.9296999999999627784, -2.374999999999999556, -3.500000000000000000 ) ) ;
#723 = LINE ( 'NONE', #1235, #921 ) ;
#724 = DIRECTION ( 'NONE',  ( 0.000000000000000000, -1.000000000000000000, 0.000000000000000000 ) ) ;
#725 = PLANE ( 'NONE',  #1708 ) ;
#726 = ORIENTED_EDGE ( 'NONE', *, *, #1461, .T. ) ;
#727 = FACE_OUTER_BOUND ( 'NONE', #200, .T. ) ;
#728 = CIRCLE ( 'NONE', #79, 0.5000000000000001110 ) ;
#729 = VECTOR ( 'NONE', #1553, 39.37007874015748143 ) ;
#730 = VECTOR ( 'NONE', #318, 39.37007874015748143 ) ;
#731 = VERTEX_POINT ( 'NONE', #1971 ) ;
#732 = DIRECTION ( 'NONE',  ( -0.000000000000000000, -0.000000000000000000, -1.000000000000000000 ) ) ;
#733 = CARTESIAN_POINT ( 'NONE',  ( -0.4453000000000371106, -2.374999999999999556, -3.250000000000000000 ) ) ;
#734 =( LENGTH_UNIT ( ) NAMED_UNIT ( * ) SI_UNIT ( $, .METRE. ) );
#735 = AXIS2_PLACEMENT_3D ( 'NONE', #897, #1420, #2082 ) ;
#736 = EDGE_CURVE ( 'NONE', #313, #731, #458, .T. ) ;
#737 = EDGE_CURVE ( 'NONE', #1754, #477, #1515, .T. ) ;
#738 = DIRECTION ( 'NONE',  ( 0.7071067811865487940, -0.7071067811865463515, -7.726832965963447587E-17 ) ) ;
#739 = DIRECTION ( 'NONE',  ( 0.7071067811865472397, 0.000000000000000000, -0.7071067811865476838 ) ) ;
#740 = CARTESIAN_POINT ( 'NONE',  ( 0.1249999999999999029, 1.999999999999999334, 2.500000000000000000 ) ) ;
#741 = ORIENTED_EDGE ( 'NONE', *, *, #1606, .T. ) ;
#742 = DIRECTION ( 'NONE',  ( -1.000000000000000000, 0.000000000000000000, 0.000000000000000000 ) ) ;
#743 = VECTOR ( 'NONE', #2068, 39.37007874015747433 ) ;
#744 = ORIENTED_EDGE ( 'NONE', *, *, #1347, .T. ) ;
#745 = CARTESIAN_POINT ( 'NONE',  ( -0.07499999999999920619, -2.000000000000000000, -2.000000000000000000 ) ) ;
#746 = ORIENTED_EDGE ( 'NONE', *, *, #1977, .F. ) ;
#747 = CARTESIAN_POINT ( 'NONE',  ( -0.1250000000000000278, -2.000000000000000444, 2.500000000000000000 ) ) ;
#748 = PLANE ( 'NONE',  #226 ) ;
#749 = FACE_OUTER_BOUND ( 'NONE', #1861, .T. ) ;
#750 = DIRECTION ( 'NONE',  ( -0.000000000000000000, -0.000000000000000000, 1.000000000000000000 ) ) ;
#751 = EDGE_LOOP ( 'NONE', ( #1489, #131, #1443 ) ) ;
#752 = DIRECTION ( 'NONE',  ( 0.000000000000000000, 0.000000000000000000, 1.000000000000000000 ) ) ;
#753 = EDGE_CURVE ( 'NONE', #1833, #983, #1523, .T. ) ;
#754 = ORIENTED_EDGE ( 'NONE', *, *, #136, .T. ) ;
#755 = ORIENTED_EDGE ( 'NONE', *, *, #136, .F. ) ;
#756 = CARTESIAN_POINT ( 'NONE',  ( 0.07500000000000014988, 2.000000000000000000, -2.500000000000000000 ) ) ;
#757 = DIRECTION ( 'NONE',  ( -1.000000000000000000, 0.000000000000000000, 2.185478394931410575E-16 ) ) ;
#758 = DIRECTION ( 'NONE',  ( 0.000000000000000000, 0.000000000000000000, -1.000000000000000000 ) ) ;
#759 = ORIENTED_EDGE ( 'NONE', *, *, #684, .T. ) ;
#760 = CARTESIAN_POINT ( 'NONE',  ( -0.1250000000000000278, -2.000000000000000444, 2.000000000000000000 ) ) ;
#761 = ADVANCED_FACE ( 'NONE', ( #680 ), #1985, .F. ) ;
#762 = VECTOR ( 'NONE', #562, 39.37007874015748143 ) ;
#763 = ORIENTED_EDGE ( 'NONE', *, *, #1821, .F. ) ;
#764 = CONICAL_SURFACE ( 'NONE', #256, 0.5500000000000009326, 0.7853981633974490562 ) ;
#765 = AXIS2_PLACEMENT_3D ( 'NONE', #1332, #1361, #2024 ) ;
#766 = VERTEX_POINT ( 'NONE', #1353 ) ;
#767 = DIRECTION ( 'NONE',  ( 0.000000000000000000, -1.092739197465705287E-16, 1.000000000000000000 ) ) ;
#768 = VECTOR ( 'NONE', #100, 39.37007874015748143 ) ;
#769 = EDGE_CURVE ( 'NONE', #1019, #779, #1364, .T. ) ;
#770 = CARTESIAN_POINT ( 'NONE',  ( 0.2833333333333329929, 3.500000000000000000, 3.500000000000000888 ) ) ;
#771 = VECTOR ( 'NONE', #330, 39.37007874015748854 ) ;
#772 = SURFACE_SIDE_STYLE ('',( #936 ) ) ;
#773 = FACE_OUTER_BOUND ( 'NONE', #795, .T. ) ;
#774 = ORIENTED_EDGE ( 'NONE', *, *, #1514, .T. ) ;
#775 = DIRECTION ( 'NONE',  ( 0.000000000000000000, 0.000000000000000000, -1.000000000000000000 ) ) ;
#776 = EDGE_CURVE ( 'NONE', #1576, #796, #1706, .T. ) ;
#777 = ADVANCED_FACE ( 'NONE', ( #660 ), #180, .T. ) ;
#778 = ORIENTED_EDGE ( 'NONE', *, *, #1048, .T. ) ;
#779 = VERTEX_POINT ( 'NONE', #1685 ) ;
#780 = DIRECTION ( 'NONE',  ( 0.000000000000000000, 0.000000000000000000, -1.000000000000000000 ) ) ;
#781 = EDGE_CURVE ( 'NONE', #943, #1020, #1855, .T. ) ;
#782 = PLANE ( 'NONE',  #1932 ) ;
#783 = CARTESIAN_POINT ( 'NONE',  ( -0.3595792386461050816, 3.299999999999998490, 3.299576723066107053 ) ) ;
#784 = DIRECTION ( 'NONE',  ( 0.000000000000000000, 0.000000000000000000, -1.000000000000000000 ) ) ;
#785 = VERTEX_POINT ( 'NONE', #1012 ) ;
#786 = CARTESIAN_POINT ( 'NONE',  ( -1.200000000000003064, 3.449999999999997957, -3.499999999999999112 ) ) ;
#787 = ORIENTED_EDGE ( 'NONE', *, *, #1513, .T. ) ;
#788 = EDGE_LOOP ( 'NONE', ( #246, #528, #1956, #435 ) ) ;
#789 = CARTESIAN_POINT ( 'NONE',  ( 0.6874999999999993339, 2.375000000000000000, -3.250000000000000000 ) ) ;
#790 = EDGE_CURVE ( 'NONE', #731, #313, #1983, .T. ) ;
#791 =( LENGTH_UNIT ( ) NAMED_UNIT ( * ) SI_UNIT ( $, .METRE. ) );
#792 = CARTESIAN_POINT ( 'NONE',  ( -0.1250000000000000000, 2.000000000000000000, -2.550000000000001155 ) ) ;
#793 = ORIENTED_EDGE ( 'NONE', *, *, #1953, .T. ) ;
#794 = FACE_OUTER_BOUND ( 'NONE', #1968, .T. ) ;
#795 = EDGE_LOOP ( 'NONE', ( #199, #1074, #1373, #1326, #478, #1588 ) ) ;
#796 = VERTEX_POINT ( 'NONE', #1675 ) ;
#797 = DIRECTION ( 'NONE',  ( -1.000000000000000000, -0.000000000000000000, -0.000000000000000000 ) ) ;
#798 = VECTOR ( 'NONE', #241, 39.37007874015748854 ) ;
#799 = CARTESIAN_POINT ( 'NONE',  ( 0.07500000000000014988, 2.000000000000000000, -2.500000000000000000 ) ) ;
#800 = DIRECTION ( 'NONE',  ( -0.1298437985064724576, 0.000000000000000000, -0.9915344613221522829 ) ) ;
#801 = VECTOR ( 'NONE', #1759, 39.37007874015748143 ) ;
#802 = DIRECTION ( 'NONE',  ( -1.000000000000000000, 0.000000000000000000, -0.000000000000000000 ) ) ;
#803 = EDGE_CURVE ( 'NONE', #1446, #645, #1187, .T. ) ;
#804 = EDGE_CURVE ( 'NONE', #1825, #1068, #1847, .T. ) ;
#805 = VECTOR ( 'NONE', #750, 39.37007874015748143 ) ;
#806 = VERTEX_POINT ( 'NONE', #1979 ) ;
#807 = CARTESIAN_POINT ( 'NONE',  ( 1.205412012350191242, -3.450000000000000178, -3.500000000000000000 ) ) ;
#808 = ORIENTED_EDGE ( 'NONE', *, *, #82, .F. ) ;
#809 = ORIENTED_EDGE ( 'NONE', *, *, #40, .F. ) ;
#810 = DIRECTION ( 'NONE',  ( 0.1298437985064724576, 0.000000000000000000, 0.9915344613221522829 ) ) ;
#811 = FACE_OUTER_BOUND ( 'NONE', #227, .T. ) ;
#812 = FACE_OUTER_BOUND ( 'NONE', #1009, .T. ) ;
#813 = CARTESIAN_POINT ( 'NONE',  ( 0.7287429090921746511, 3.500000000000000000, 0.09543061904778465943 ) ) ;
#814 = AXIS2_PLACEMENT_3D ( 'NONE', #1371, #218, #548 ) ;
#815 = ORIENTED_EDGE ( 'NONE', *, *, #998, .F. ) ;
#816 = CARTESIAN_POINT ( 'NONE',  ( 0.1249999999999999029, -2.000000000000000000, -2.500000000000000000 ) ) ;
#817 = ADVANCED_FACE ( 'NONE', ( #530 ), #1819, .T. ) ;
#818 = ORIENTED_EDGE ( 'NONE', *, *, #515, .F. ) ;
#819 = FACE_OUTER_BOUND ( 'NONE', #608, .T. ) ;
#820 = DIRECTION ( 'NONE',  ( 0.000000000000000000, 1.000000000000000000, 0.000000000000000000 ) ) ;
#821 = DIRECTION ( 'NONE',  ( -0.000000000000000000, -0.000000000000000000, -1.000000000000000000 ) ) ;
#822 = LINE ( 'NONE', #1857, #48 ) ;
#823 = VERTEX_POINT ( 'NONE', #502 ) ;
#824 = PLANE ( 'NONE',  #560 ) ;
#825 = EDGE_CURVE ( 'NONE', #1996, #1111, #1837, .T. ) ;
#826 = EDGE_LOOP ( 'NONE', ( #161, #516, #582, #1790 ) ) ;
#827 = DIRECTION ( 'NONE',  ( -0.6093073109620962269, 0.000000000000000000, -0.7929341717999920380 ) ) ;
#828 = DIRECTION ( 'NONE',  ( 0.000000000000000000, -1.000000000000000000, -0.000000000000000000 ) ) ;
#829 = CARTESIAN_POINT ( 'NONE',  ( -7.539900462513365694E-16, -3.500000000000000000, -3.450000000000000178 ) ) ;
#830 = CARTESIAN_POINT ( 'NONE',  ( -0.1250000000000000278, 1.999999999999999334, 2.000000000000000000 ) ) ;
#831 = EDGE_CURVE ( 'NONE', #342, #1433, #1504, .T. ) ;
#832 = VECTOR ( 'NONE', #1042, 39.37007874015748143 ) ;
#833 = VECTOR ( 'NONE', #927, 39.37007874015748143 ) ;
#834 = EDGE_LOOP ( 'NONE', ( #1216, #240, #1665, #63 ) ) ;
#835 = VECTOR ( 'NONE', #1311, 39.37007874015748143 ) ;
#836 = DIRECTION ( 'NONE',  ( -1.000000000000000000, 0.000000000000000000, -0.000000000000000000 ) ) ;
#837 = CIRCLE ( 'NONE', #1194, 0.2421999999999996656 ) ;
#838 = VECTOR ( 'NONE', #267, 39.37007874015748143 ) ;
#839 = VECTOR ( 'NONE', #47, 39.37007874015748143 ) ;
#840 = ORIENTED_EDGE ( 'NONE', *, *, #1538, .T. ) ;
#841 = EDGE_LOOP ( 'NONE', ( #1650, #1696, #1673, #787, #1559 ) ) ;
#842 = EDGE_CURVE ( 'NONE', #2111, #1534, #348, .T. ) ;
#843 = CARTESIAN_POINT ( 'NONE',  ( 0.1250000000000000000, 0.000000000000000000, -2.549999999999999822 ) ) ;
#844 = LINE ( 'NONE', #491, #466 ) ;
#845 = EDGE_CURVE ( 'NONE', #1775, #442, #1742, .T. ) ;
#846 = CARTESIAN_POINT ( 'NONE',  ( 1.205412012350191242, -3.450000000000000178, -3.500000000000000000 ) ) ;
#847 = EDGE_LOOP ( 'NONE', ( #2012, #2009, #30 ) ) ;
#848 = DIRECTION ( 'NONE',  ( 0.6474280401754504144, 0.5773502691896310601, 0.4974973361348136169 ) ) ;
#849 = VECTOR ( 'NONE', #2137, 39.37007874015748143 ) ;
#850 = ORIENTED_EDGE ( 'NONE', *, *, #609, .F. ) ;
#851 = ORIENTED_EDGE ( 'NONE', *, *, #825, .F. ) ;
#852 = CARTESIAN_POINT ( 'NONE',  ( -1.250000000000000888, -3.249999999999999556, 3.249999999999999556 ) ) ;
#853 = DIRECTION ( 'NONE',  ( 1.000000000000000000, -0.000000000000000000, -0.000000000000000000 ) ) ;
#854 = DIRECTION ( 'NONE',  ( -1.000000000000000000, 0.000000000000000000, 0.000000000000000000 ) ) ;
#855 = ADVANCED_FACE ( 'NONE', ( #812 ), #340, .F. ) ;
#856 = ORIENTED_EDGE ( 'NONE', *, *, #1174, .T. ) ;
#857 = CARTESIAN_POINT ( 'NONE',  ( 1.159236441382018645, -3.249999999999999556, -3.250000000000000000 ) ) ;
#858 = EDGE_CURVE ( 'NONE', #1466, #1381, #844, .T. ) ;
#859 = EDGE_LOOP ( 'NONE', ( #1084, #182, #275, #746 ) ) ;
#860 = VERTEX_POINT ( 'NONE', #1382 ) ;
#861 = LINE ( 'NONE', #1157, #98 ) ;
#862 = CARTESIAN_POINT ( 'NONE',  ( 0.2833333333333329929, 3.449999999999997957, 3.500000000000000888 ) ) ;
#863 = CARTESIAN_POINT ( 'NONE',  ( 0.2833333333333329929, 3.449999999999997957, 3.500000000000000888 ) ) ;
#864 = UNCERTAINTY_MEASURE_WITH_UNIT (LENGTH_MEASURE( 1.000000000000000082E-05 ), #1080, 'distance_accuracy_value', 'NONE');
#865 = ORIENTED_EDGE ( 'NONE', *, *, #167, .F. ) ;
#866 = LINE ( 'NONE', #857, #187 ) ;
#867 = EDGE_CURVE ( 'NONE', #342, #2064, #71, .T. ) ;
#868 = EDGE_CURVE ( 'NONE', #637, #1835, #1372, .T. ) ;
#869 = VECTOR ( 'NONE', #1661, 39.37007874015748143 ) ;
#870 = VECTOR ( 'NONE', #853, 39.37007874015748143 ) ;
#871 = CARTESIAN_POINT ( 'NONE',  ( -0.3333333333333332593, 3.449999999999997957, 3.500000000000000888 ) ) ;
#872 = VECTOR ( 'NONE', #1952, 39.37007874015748143 ) ;
#873 = AXIS2_PLACEMENT_3D ( 'NONE', #565, #1218, #1578 ) ;
#874 = ORIENTED_EDGE ( 'NONE', *, *, #883, .F. ) ;
#875 = LINE ( 'NONE', #2080, #762 ) ;
#876 = DIRECTION ( 'NONE',  ( 0.000000000000000000, 0.000000000000000000, -1.000000000000000000 ) ) ;
#877 = LINE ( 'NONE', #1728, #602 ) ;
#878 = DIRECTION ( 'NONE',  ( 1.545366593192696173E-16, 0.7071067811865455743, 0.7071067811865494601 ) ) ;
#879 = FACE_OUTER_BOUND ( 'NONE', #1929, .T. ) ;
#880 = CARTESIAN_POINT ( 'NONE',  ( -0.1250000000000000000, 2.550000000000001155, -2.000000000000000000 ) ) ;
#881 = LINE ( 'NONE', #1050, #1366 ) ;
#882 = CIRCLE ( 'NONE', #165, 0.2421999999999998043 ) ;
#883 = EDGE_CURVE ( 'NONE', #823, #955, #229, .T. ) ;
#884 = ORIENTED_EDGE ( 'NONE', *, *, #1925, .T. ) ;
#885 = CARTESIAN_POINT ( 'NONE',  ( -1.250000000000000888, -3.249999999999999556, 3.249999999999999556 ) ) ;
#886 = LINE ( 'NONE', #1393, #1363 ) ;
#887 = DIRECTION ( 'NONE',  ( 0.1298437985064724576, 0.000000000000000000, 0.9915344613221522829 ) ) ;
#888 = DIRECTION ( 'NONE',  ( 0.000000000000000000, 1.000000000000000000, 0.000000000000000000 ) ) ;
#889 = CARTESIAN_POINT ( 'NONE',  ( 1.249999999999999334, -3.249999999999999556, -3.250000000000000000 ) ) ;
#890 = FACE_OUTER_BOUND ( 'NONE', #1165, .T. ) ;
#891 = ORIENTED_EDGE ( 'NONE', *, *, #1580, .T. ) ;
#892 = DIRECTION ( 'NONE',  ( 0.000000000000000000, 0.000000000000000000, -1.000000000000000000 ) ) ;
#893 = EDGE_CURVE ( 'NONE', #1986, #2027, #2033, .T. ) ;
#894 = ADVANCED_FACE ( 'NONE', ( #541 ), #1256, .T. ) ;
#895 = EDGE_LOOP ( 'NONE', ( #1737, #1918 ) ) ;
#896 = DIRECTION ( 'NONE',  ( 1.000000000000000000, 0.000000000000000000, -0.000000000000000000 ) ) ;
#897 = CARTESIAN_POINT ( 'NONE',  ( -0.1250000000000000000, -2.000000000000000000, -2.000000000000000000 ) ) ;
#898 = FACE_OUTER_BOUND ( 'NONE', #493, .T. ) ;
#899 = FACE_OUTER_BOUND ( 'NONE', #205, .T. ) ;
#900 = CARTESIAN_POINT ( 'NONE',  ( 1.249999999999999334, 3.250000000000000000, 3.249999999999999556 ) ) ;
#901 = CARTESIAN_POINT ( 'NONE',  ( -1.250000000000000888, 3.449999999999997957, -3.499999999999999112 ) ) ;
#902 = ORIENTED_EDGE ( 'NONE', *, *, #2057, .F. ) ;
#903 = DIRECTION ( 'NONE',  ( 0.000000000000000000, -0.000000000000000000, -1.000000000000000000 ) ) ;
#904 = VECTOR ( 'NONE', #1945, 39.37007874015748143 ) ;
#905 = VECTOR ( 'NONE', #1040, 39.37007874015748143 ) ;
#906 = AXIS2_PLACEMENT_3D ( 'NONE', #1769, #571, #903 ) ;
#907 = AXIS2_PLACEMENT_3D ( 'NONE', #1109, #2119, #1940 ) ;
#908 = ORIENTED_EDGE ( 'NONE', *, *, #803, .F. ) ;
#909 = FACE_OUTER_BOUND ( 'NONE', #1268, .T. ) ;
#910 = ORIENTED_EDGE ( 'NONE', *, *, #411, .F. ) ;
#911 = PLANE ( 'NONE',  #17 ) ;
#912 = AXIS2_PLACEMENT_3D ( 'NONE', #1838, #1035, #8 ) ;
#913 = CARTESIAN_POINT ( 'NONE',  ( -0.1250000000000000000, 2.000000000000000000, -2.000000000000000000 ) ) ;
#914 = LINE ( 'NONE', #756, #164 ) ;
#915 = EDGE_CURVE ( 'NONE', #686, #401, #2021, .T. ) ;
#916 = LINE ( 'NONE', #407, #287 ) ;
#917 = CARTESIAN_POINT ( 'NONE',  ( -0.1250000000000000000, 2.550000000000001155, 2.000000000000000000 ) ) ;
#918 = ORIENTED_EDGE ( 'NONE', *, *, #1613, .F. ) ;
#919 = CLOSED_SHELL ( 'NONE', ( #1852, #1135, #1378, #2128, #2011, #1121, #525, #543, #476, #1579, #1881, #2129, #1678, #1280, #1324, #1806, #1621, #304, #438, #623, #1329, #894, #213, #1454, #1392, #2029, #538, #855, #1998, #2088, #1106, #1549, #147, #514, #1182, #1008, #1164, #583, #283, #1624, #1894, #483, #817, #202, #224, #1699, #1241, #657, #16, #1488, #2117, #1686, #335, #1333, #369, #1501, #1841, #1266, #777, #1437, #929, #1770, #331, #932, #761, #20, #73, #569, #1369, #1195, #1834, #1937, #332, #68, #163, #1292 ) ) ;
#920 = DIRECTION ( 'NONE',  ( -1.000000000000000000, -0.000000000000000000, -0.000000000000000000 ) ) ;
#921 = VECTOR ( 'NONE', #1430, 39.37007874015748854 ) ;
#922 = AXIS2_PLACEMENT_3D ( 'NONE', #1846, #35, #1360 ) ;
#923 = EDGE_LOOP ( 'NONE', ( #357, #454, #1495, #1657 ) ) ;
#924 = CARTESIAN_POINT ( 'NONE',  ( 0.1250000000000000000, 3.250000000000000000, -3.250000000000000000 ) ) ;
#925 = CARTESIAN_POINT ( 'NONE',  ( -0.6875000000000006661, 2.375000000000130562, -3.500000000000000000 ) ) ;
#926 = DIRECTION ( 'NONE',  ( 1.000000000000000000, 0.000000000000000000, 0.000000000000000000 ) ) ;
#927 = DIRECTION ( 'NONE',  ( 0.000000000000000000, -1.092739197465705287E-16, 1.000000000000000000 ) ) ;
#928 = FACE_OUTER_BOUND ( 'NONE', #1745, .T. ) ;
#929 = ADVANCED_FACE ( 'NONE', ( #1246 ), #1498, .F. ) ;
#930 = VERTEX_POINT ( 'NONE', #733 ) ;
#931 = DIRECTION ( 'NONE',  ( -0.7011207413810432998, -0.7071067811865487940, 0.09181343041894622636 ) ) ;
#932 = ADVANCED_FACE ( 'NONE', ( #219 ), #1405, .F. ) ;
#933 = ORIENTED_EDGE ( 'NONE', *, *, #1965, .T. ) ;
#934 = VERTEX_POINT ( 'NONE', #1577 ) ;
#935 = LINE ( 'NONE', #308, #572 ) ;
#936 = SURFACE_STYLE_FILL_AREA ( #1431 ) ;
#937 = DIRECTION ( 'NONE',  ( 0.000000000000000000, 0.000000000000000000, -1.000000000000000000 ) ) ;
#938 = EDGE_LOOP ( 'NONE', ( #507, #961, #306, #1824 ) ) ;
#939 = EDGE_CURVE ( 'NONE', #1039, #1518, #377, .T. ) ;
#940 = FACE_OUTER_BOUND ( 'NONE', #859, .T. ) ;
#941 = EDGE_CURVE ( 'NONE', #1433, #2089, #1703, .T. ) ;
#942 = AXIS2_PLACEMENT_3D ( 'NONE', #1259, #259, #555 ) ;
#943 = VERTEX_POINT ( 'NONE', #1056 ) ;
#944 = AXIS2_PLACEMENT_3D ( 'NONE', #1275, #91, #742 ) ;
#945 = ORIENTED_EDGE ( 'NONE', *, *, #167, .T. ) ;
#946 = CARTESIAN_POINT ( 'NONE',  ( 1.205412012350191242, 3.449999999999997957, -3.500000000000000000 ) ) ;
#947 = VECTOR ( 'NONE', #1840, 39.37007874015748143 ) ;
#948 = FACE_OUTER_BOUND ( 'NONE', #1269, .T. ) ;
#949 = VECTOR ( 'NONE', #673, 39.37007874015748143 ) ;
#950 = DIRECTION ( 'NONE',  ( 0.6093073109620963379, 6.072008162278997776E-17, 0.7929341717999919270 ) ) ;
#951 = DIRECTION ( 'NONE',  ( -0.000000000000000000, -0.000000000000000000, -1.000000000000000000 ) ) ;
#952 = VERTEX_POINT ( 'NONE', #1717 ) ;
#953 = DIRECTION ( 'NONE',  ( 0.000000000000000000, 1.000000000000000000, 0.000000000000000000 ) ) ;
#954 = EDGE_CURVE ( 'NONE', #2016, #637, #886, .T. ) ;
#955 = VERTEX_POINT ( 'NONE', #711 ) ;
#956 = ORIENTED_EDGE ( 'NONE', *, *, #867, .T. ) ;
#957 = VECTOR ( 'NONE', #1978, 39.37007874015748143 ) ;
#958 = DIRECTION ( 'NONE',  ( 0.000000000000000000, 0.000000000000000000, -1.000000000000000000 ) ) ;
#959 = CARTESIAN_POINT ( 'NONE',  ( -1.200000000000003064, -3.450000000000000178, -3.499999999999999112 ) ) ;
#960 = CARTESIAN_POINT ( 'NONE',  ( 0.07500000000000014988, -2.500000000000000000, -2.000000000000000000 ) ) ;
#961 = ORIENTED_EDGE ( 'NONE', *, *, #1724, .F. ) ;
#962 = CARTESIAN_POINT ( 'NONE',  ( -0.1250000000000000000, -2.000000000000000000, -2.550000000000001155 ) ) ;
#963 = ORIENTED_EDGE ( 'NONE', *, *, #708, .F. ) ;
#964 = ORIENTED_EDGE ( 'NONE', *, *, #647, .T. ) ;
#965 = DIRECTION ( 'NONE',  ( 0.1298437985064722078, 0.000000000000000000, -0.9915344613221522829 ) ) ;
#966 = EDGE_CURVE ( 'NONE', #1381, #156, #1531, .T. ) ;
#967 = DIRECTION ( 'NONE',  ( 0.7127485804257642776, 0.7014196041607745347, 0.000000000000000000 ) ) ;
#968 = CARTESIAN_POINT ( 'NONE',  ( -0.1250000000000000000, 1.999999999999999334, 2.550000000000001155 ) ) ;
#969 = CARTESIAN_POINT ( 'NONE',  ( -0.07499999999999920619, 2.500000000000000000, -2.000000000000000000 ) ) ;
#970 = ORIENTED_EDGE ( 'NONE', *, *, #1843, .F. ) ;
#971 = FACE_OUTER_BOUND ( 'NONE', #42, .T. ) ;
#972 = ORIENTED_EDGE ( 'NONE', *, *, #1930, .T. ) ;
#973 = ORIENTED_EDGE ( 'NONE', *, *, #1479, .F. ) ;
#974 = PLANE ( 'NONE',  #1637 ) ;
#975 = VECTOR ( 'NONE', #1402, 39.37007874015748143 ) ;
#976 = VECTOR ( 'NONE', #1281, 39.37007874015748143 ) ;
#977 = CARTESIAN_POINT ( 'NONE',  ( 0.07500000000000014988, -2.000000000000000000, -2.500000000000000000 ) ) ;
#978 = DIRECTION ( 'NONE',  ( -0.09815814142050248436, -0.7036920417600655009, -0.7036920417600464051 ) ) ;
#979 = VECTOR ( 'NONE', #810, 39.37007874015747433 ) ;
#980 = DIRECTION ( 'NONE',  ( 0.000000000000000000, -1.000000000000000000, 0.000000000000000000 ) ) ;
#981 = EDGE_CURVE ( 'NONE', #1077, #1255, #1693, .T. ) ;
#982 = AXIS2_PLACEMENT_3D ( 'NONE', #1290, #280, #2127 ) ;
#983 = VERTEX_POINT ( 'NONE', #1232 ) ;
#984 = DIRECTION ( 'NONE',  ( 0.4974973361348142276, 0.5773502691896255090, -0.6474280401754549663 ) ) ;
#985 = VECTOR ( 'NONE', #349, 39.37007874015748143 ) ;
#986 = VERTEX_POINT ( 'NONE', #1886 ) ;
#987 = ORIENTED_EDGE ( 'NONE', *, *, #803, .T. ) ;
#988 = LINE ( 'NONE', #1698, #320 ) ;
#989 = DIRECTION ( 'NONE',  ( -1.000000000000000000, 0.000000000000000000, 0.000000000000000000 ) ) ;
#990 = CARTESIAN_POINT ( 'NONE',  ( -0.3398255232586569474, 3.449999999999997957, 3.450423276933892502 ) ) ;
#991 = AXIS2_PLACEMENT_3D ( 'NONE', #231, #1210, #888 ) ;
#992 = LINE ( 'NONE', #846, #429 ) ;
#993 = VECTOR ( 'NONE', #1302, 39.37007874015748143 ) ;
#994 = ORIENTED_EDGE ( 'NONE', *, *, #981, .F. ) ;
#995 = CARTESIAN_POINT ( 'NONE',  ( 0.3408675799086757219, -3.500000000000000000, 3.442465753424658104 ) ) ;
#996 = EDGE_CURVE ( 'NONE', #690, #1907, #1738, .T. ) ;
#997 = EDGE_LOOP ( 'NONE', ( #1447, #1253, #624, #127 ) ) ;
#998 = EDGE_CURVE ( 'NONE', #1574, #388, #253, .T. ) ;
#999 = ORIENTED_EDGE ( 'NONE', *, *, #29, .F. ) ;
#1000 = CARTESIAN_POINT ( 'NONE',  ( -0.07499999999999920619, 2.499999999999999556, 2.500000000000000000 ) ) ;
#1001 = DIRECTION ( 'NONE',  ( 0.7071067811865467956, -0.000000000000000000, 0.7071067811865482389 ) ) ;
#1002 = DIRECTION ( 'NONE',  ( 0.000000000000000000, 0.000000000000000000, 1.000000000000000000 ) ) ;
#1003 = CARTESIAN_POINT ( 'NONE',  ( -1.267600208142059648, 1.078310502283124972, -1.385167627207795515 ) ) ;
#1004 = ORIENTED_EDGE ( 'NONE', *, *, #584, .F. ) ;
#1005 = PLANE ( 'NONE',  #358 ) ;
#1006 = EDGE_CURVE ( 'NONE', #1529, #1511, #1609, .T. ) ;
#1007 = VERTEX_POINT ( 'NONE', #1409 ) ;
#1008 = ADVANCED_FACE ( 'NONE', ( #1564 ), #911, .F. ) ;
#1009 = EDGE_LOOP ( 'NONE', ( #325, #312, #1197, #840 ) ) ;
#1010 = ORIENTED_EDGE ( 'NONE', *, *, #1385, .F. ) ;
#1011 = DIRECTION ( 'NONE',  ( -0.1298437985064722078, 0.000000000000000000, 0.9915344613221522829 ) ) ;
#1012 = CARTESIAN_POINT ( 'NONE',  ( 0.3214834409216217326, -3.255789473684209678, 3.249999999999999556 ) ) ;
#1013 = CARTESIAN_POINT ( 'NONE',  ( 0.2894540615865277000, 3.500000000000000000, 3.450000000000000178 ) ) ;
#1014 = AXIS2_PLACEMENT_3D ( 'NONE', #990, #1178, #159 ) ;
#1015 = ORIENTED_EDGE ( 'NONE', *, *, #2018, .T. ) ;
#1016 = DIRECTION ( 'NONE',  ( -0.7929341717999878192, 0.000000000000000000, 0.6093073109621017780 ) ) ;
#1017 = VECTOR ( 'NONE', #703, 39.37007874015748143 ) ;
#1018 = VECTOR ( 'NONE', #286, 39.37007874015748143 ) ;
#1019 = VERTEX_POINT ( 'NONE', #1935 ) ;
#1020 = VERTEX_POINT ( 'NONE', #298 ) ;
#1021 = EDGE_CURVE ( 'NONE', #1111, #1825, #1924, .T. ) ;
#1022 = ORIENTED_EDGE ( 'NONE', *, *, #1171, .T. ) ;
#1023 = CARTESIAN_POINT ( 'NONE',  ( 0.000000000000000000, -3.500000000000000000, 3.450000000000001066 ) ) ;
#1024 = CARTESIAN_POINT ( 'NONE',  ( -1.200000000000003064, 3.449999999999997957, -3.499999999999999112 ) ) ;
#1025 = DIRECTION ( 'NONE',  ( -1.000000000000000000, 0.000000000000000000, 0.000000000000000000 ) ) ;
#1026 = ORIENTED_EDGE ( 'NONE', *, *, #1930, .F. ) ;
#1027 = DIRECTION ( 'NONE',  ( -1.000000000000000000, -0.000000000000000000, -0.000000000000000000 ) ) ;
#1028 = VECTOR ( 'NONE', #339, 39.37007874015748143 ) ;
#1029 = ORIENTED_EDGE ( 'NONE', *, *, #1347, .F. ) ;
#1030 = ORIENTED_EDGE ( 'NONE', *, *, #1634, .F. ) ;
#1031 = FACE_OUTER_BOUND ( 'NONE', #363, .T. ) ;
#1032 = EDGE_CURVE ( 'NONE', #594, #505, #1871, .T. ) ;
#1033 = EDGE_CURVE ( 'NONE', #1943, #1446, #2104, .T. ) ;
#1034 = DIRECTION ( 'NONE',  ( 0.000000000000000000, -1.000000000000000000, 0.000000000000000000 ) ) ;
#1035 = DIRECTION ( 'NONE',  ( -0.9915344613221522829, 0.000000000000000000, -0.1298437985064722078 ) ) ;
#1036 = EDGE_LOOP ( 'NONE', ( #90, #1909, #1338, #2122 ) ) ;
#1037 = LINE ( 'NONE', #1536, #1813 ) ;
#1038 = PLANE ( 'NONE',  #354 ) ;
#1039 = VERTEX_POINT ( 'NONE', #946 ) ;
#1040 = DIRECTION ( 'NONE',  ( -1.000000000000000000, 0.000000000000000000, 0.000000000000000000 ) ) ;
#1041 = VERTEX_POINT ( 'NONE', #277 ) ;
#1042 = DIRECTION ( 'NONE',  ( 0.000000000000000000, -1.000000000000000000, 0.000000000000000000 ) ) ;
#1043 = CARTESIAN_POINT ( 'NONE',  ( -0.3398255232586569474, 3.500000000000000000, 3.450423276933892502 ) ) ;
#1044 = CARTESIAN_POINT ( 'NONE',  ( -1.223754094687229177, 3.299999999999998490, -3.299576723066107498 ) ) ;
#1045 = FACE_OUTER_BOUND ( 'NONE', #1594, .T. ) ;
#1046 = LINE ( 'NONE', #1558, #1226 ) ;
#1047 = VECTOR ( 'NONE', #652, 39.37007874015748143 ) ;
#1048 = EDGE_CURVE ( 'NONE', #823, #156, #728, .T. ) ;
#1049 = AXIS2_PLACEMENT_3D ( 'NONE', #169, #1167, #704 ) ;
#1050 = CARTESIAN_POINT ( 'NONE',  ( 1.205412012350191242, 3.449999999999997957, -3.500000000000000000 ) ) ;
#1051 = AXIS2_PLACEMENT_3D ( 'NONE', #1442, #1282, #622 ) ;
#1052 = VECTOR ( 'NONE', #1161, 39.37007874015748854 ) ;
#1053 = ORIENTED_EDGE ( 'NONE', *, *, #111, .F. ) ;
#1054 = CARTESIAN_POINT ( 'NONE',  ( -0.1250000000000000000, -3.249999999999999556, -3.250000000000000000 ) ) ;
#1055 = VERTEX_POINT ( 'NONE', #470 ) ;
#1056 = CARTESIAN_POINT ( 'NONE',  ( 0.1250000000000000000, 1.999999999999999334, 2.549999999999999822 ) ) ;
#1057 = FACE_OUTER_BOUND ( 'NONE', #1309, .T. ) ;
#1058 = LINE ( 'NONE', #1581, #56 ) ;
#1059 = CARTESIAN_POINT ( 'NONE',  ( 0.3198205291161882458, -3.253859649122806008, 3.247835936691558789 ) ) ;
#1060 = LINE ( 'NONE', #223, #2059 ) ;
#1061 = VERTEX_POINT ( 'NONE', #436 ) ;
#1062 = EDGE_CURVE ( 'NONE', #648, #1534, #1115, .T. ) ;
#1063 = CARTESIAN_POINT ( 'NONE',  ( 1.249999999999999334, -3.249999999999999556, 3.249999999999999556 ) ) ;
#1064 = AXIS2_PLACEMENT_3D ( 'NONE', #852, #828, #192 ) ;
#1065 = EDGE_CURVE ( 'NONE', #92, #505, #1599, .T. ) ;
#1066 = ORIENTED_EDGE ( 'NONE', *, *, #2008, .T. ) ;
#1067 = LINE ( 'NONE', #2032, #743 ) ;
#1068 = VERTEX_POINT ( 'NONE', #618 ) ;
#1069 = DIRECTION ( 'NONE',  ( -0.7071067811865472397, 7.752371650174278047E-17, 0.7071067811865476838 ) ) ;
#1070 = CARTESIAN_POINT ( 'NONE',  ( 0.3156445377770063510, 3.250000000000000000, 3.249999999999999556 ) ) ;
#1071 = DIRECTION ( 'NONE',  ( 1.000000000000000000, 0.000000000000000000, -2.185478394931410575E-16 ) ) ;
#1072 = CARTESIAN_POINT ( 'NONE',  ( -0.07499999999999920619, 1.999999999999999334, 2.500000000000000000 ) ) ;
#1073 = CARTESIAN_POINT ( 'NONE',  ( -0.07499999999999920619, -2.000000000000000000, -2.500000000000000000 ) ) ;
#1074 = ORIENTED_EDGE ( 'NONE', *, *, #671, .F. ) ;
#1075 = DIRECTION ( 'NONE',  ( -1.000000000000000000, -0.000000000000000000, -0.000000000000000000 ) ) ;
#1076 = EDGE_CURVE ( 'NONE', #637, #1350, #266, .T. ) ;
#1077 = VERTEX_POINT ( 'NONE', #1299 ) ;
#1078 = CARTESIAN_POINT ( 'NONE',  ( -0.3398255232586569474, -3.450000000000000178, 3.450423276933892502 ) ) ;
#1079 = DIRECTION ( 'NONE',  ( 1.000000000000000000, -0.000000000000000000, -0.000000000000000000 ) ) ;
#1080 =( CONVERSION_BASED_UNIT ( 'INCH', #577 ) LENGTH_UNIT ( ) NAMED_UNIT ( #2030 ) );
#1081 = PLANE ( 'NONE',  #991 ) ;
#1082 = DIRECTION ( 'NONE',  ( 0.000000000000000000, 0.000000000000000000, -1.000000000000000000 ) ) ;
#1083 = LINE ( 'NONE', #1583, #805 ) ;
#1084 = ORIENTED_EDGE ( 'NONE', *, *, #635, .T. ) ;
#1085 = LINE ( 'NONE', #1415, #694 ) ;
#1086 = VECTOR ( 'NONE', #1322, 39.37007874015748143 ) ;
#1087 = VECTOR ( 'NONE', #510, 39.37007874015748854 ) ;
#1088 = VECTOR ( 'NONE', #1213, 39.37007874015747433 ) ;
#1089 = AXIS2_PLACEMENT_3D ( 'NONE', #1766, #937, #1132 ) ;
#1090 = ORIENTED_EDGE ( 'NONE', *, *, #941, .F. ) ;
#1091 = FACE_OUTER_BOUND ( 'NONE', #751, .T. ) ;
#1092 = ORIENTED_EDGE ( 'NONE', *, *, #883, .T. ) ;
#1093 = LINE ( 'NONE', #1287, #904 ) ;
#1094 = EDGE_CURVE ( 'NONE', #1055, #92, #1958, .T. ) ;
#1095 = LINE ( 'NONE', #722, #1129 ) ;
#1096 = DIRECTION ( 'NONE',  ( -1.000000000000000000, 0.000000000000000000, -0.000000000000000000 ) ) ;
#1097 = DIRECTION ( 'NONE',  ( 0.7071067811865433539, -0.7071067811865516806, 0.000000000000000000 ) ) ;
#1098 = FACE_OUTER_BOUND ( 'NONE', #148, .T. ) ;
#1099 = ORIENTED_EDGE ( 'NONE', *, *, #1964, .T. ) ;
#1100 = EDGE_CURVE ( 'NONE', #648, #2089, #1763, .T. ) ;
#1101 = CARTESIAN_POINT ( 'NONE',  ( -0.1250000000000000000, -3.249999999999999556, -3.250000000000000000 ) ) ;
#1102 = CIRCLE ( 'NONE', #302, 0.2421999999999998043 ) ;
#1103 = ORIENTED_EDGE ( 'NONE', *, *, #307, .F. ) ;
#1104 = ORIENTED_EDGE ( 'NONE', *, *, #1391, .F. ) ;
#1105 = CARTESIAN_POINT ( 'NONE',  ( 0.07500000000000014988, 2.499999999999999556, 2.000000000000000000 ) ) ;
#1106 = ADVANCED_FACE ( 'NONE', ( #1448 ), #1796, .F. ) ;
#1107 = DIRECTION ( 'NONE',  ( 0.7071067811865477948, -0.000000000000000000, 0.7071067811865473507 ) ) ;
#1108 = CARTESIAN_POINT ( 'NONE',  ( 1.205412012350191242, 3.449999999999997957, -3.500000000000000000 ) ) ;
#1109 = CARTESIAN_POINT ( 'NONE',  ( 1.205412012350191242, 3.500000000000000000, -3.500000000000000000 ) ) ;
#1110 = EDGE_CURVE ( 'NONE', #1975, #1991, #1093, .T. ) ;
#1111 = VERTEX_POINT ( 'NONE', #924 ) ;
#1112 = CYLINDRICAL_SURFACE ( 'NONE', #1125, 0.5000000000000001110 ) ;
#1113 = ORIENTED_EDGE ( 'NONE', *, *, #2101, .F. ) ;
#1114 = ORIENTED_EDGE ( 'NONE', *, *, #554, .T. ) ;
#1115 = LINE ( 'NONE', #1468, #423 ) ;
#1116 = CARTESIAN_POINT ( 'NONE',  ( 0.1250000000000000000, -2.000000000000000000, -2.549999999999999822 ) ) ;
#1117 = PRESENTATION_STYLE_ASSIGNMENT (( #448 ) ) ;
#1118 = CARTESIAN_POINT ( 'NONE',  ( 0.1250000000000000000, -2.000000000000000444, 2.000000000000000000 ) ) ;
#1119 = ORIENTED_EDGE ( 'NONE', *, *, #1527, .T. ) ;
#1120 = LINE ( 'NONE', #634, #1155 ) ;
#1121 = ADVANCED_FACE ( 'NONE', ( #819 ), #974, .F. ) ;
#1122 = AXIS2_PLACEMENT_3D ( 'NONE', #1458, #2091, #2124 ) ;
#1123 = VECTOR ( 'NONE', #1221, 39.37007874015748143 ) ;
#1124 = ORIENTED_EDGE ( 'NONE', *, *, #1425, .T. ) ;
#1125 = AXIS2_PLACEMENT_3D ( 'NONE', #1388, #465, #1463 ) ;
#1126 = EDGE_LOOP ( 'NONE', ( #697, #527, #963, #2067 ) ) ;
#1127 = VECTOR ( 'NONE', #1903, 39.37007874015748854 ) ;
#1128 = PLANE ( 'NONE',  #707 ) ;
#1129 = VECTOR ( 'NONE', #1544, 39.37007874015748143 ) ;
#1130 = AXIS2_PLACEMENT_3D ( 'NONE', #84, #368, #2042 ) ;
#1131 =( NAMED_UNIT ( * ) SI_UNIT ( $, .STERADIAN. ) SOLID_ANGLE_UNIT ( ) );
#1132 = DIRECTION ( 'NONE',  ( -1.000000000000000000, 0.000000000000000000, 0.000000000000000000 ) ) ;
#1133 = ORIENTED_EDGE ( 'NONE', *, *, #693, .T. ) ;
#1134 = DIRECTION ( 'NONE',  ( 0.000000000000000000, 0.6596045032796151730, 0.7516128652792286591 ) ) ;
#1135 = ADVANCED_FACE ( 'NONE', ( #1641 ), #1500, .F. ) ;
#1136 = ORIENTED_EDGE ( 'NONE', *, *, #1695, .T. ) ;
#1137 = ORIENTED_EDGE ( 'NONE', *, *, #1062, .F. ) ;
#1138 = LINE ( 'NONE', #1633, #439 ) ;
#1139 = LINE ( 'NONE', #2126, #2022 ) ;
#1140 = FACE_BOUND ( 'NONE', #1668, .T. ) ;
#1141 = ORIENTED_EDGE ( 'NONE', *, *, #1777, .T. ) ;
#1142 = DIRECTION ( 'NONE',  ( -0.7101061082878727948, 0.7040946775627917598, 0.000000000000000000 ) ) ;
#1143 = ORIENTED_EDGE ( 'NONE', *, *, #1821, .T. ) ;
#1144 = ORIENTED_EDGE ( 'NONE', *, *, #1065, .F. ) ;
#1145 = DIRECTION ( 'NONE',  ( -0.1298437985064722078, -0.000000000000000000, 0.9915344613221522829 ) ) ;
#1146 = DIRECTION ( 'NONE',  ( 1.000000000000000000, 0.000000000000000000, 0.000000000000000000 ) ) ;
#1147 = EDGE_CURVE ( 'NONE', #986, #33, #5, .T. ) ;
#1148 = DIRECTION ( 'NONE',  ( 0.000000000000000000, 1.000000000000000000, 0.000000000000000000 ) ) ;
#1149 = DIRECTION ( 'NONE',  ( 0.000000000000000000, 1.092739197465705287E-16, -1.000000000000000000 ) ) ;
#1150 = LINE ( 'NONE', #1314, #1676 ) ;
#1151 = ORIENTED_EDGE ( 'NONE', *, *, #504, .F. ) ;
#1152 = DIRECTION ( 'NONE',  ( 1.000000000000000000, -0.000000000000000000, 0.000000000000000000 ) ) ;
#1153 = ORIENTED_EDGE ( 'NONE', *, *, #549, .F. ) ;
#1154 = ORIENTED_EDGE ( 'NONE', *, *, #693, .F. ) ;
#1155 = VECTOR ( 'NONE', #1307, 39.37007874015748854 ) ;
#1156 = AXIS2_PLACEMENT_3D ( 'NONE', #1562, #1575, #1862 ) ;
#1157 = CARTESIAN_POINT ( 'NONE',  ( -0.2753078699534479701, 3.500000000000000000, 3.500000000000000888 ) ) ;
#1158 = EDGE_CURVE ( 'NONE', #2053, #1907, #2002, .T. ) ;
#1159 = DIRECTION ( 'NONE',  ( -0.7071067811865482389, 0.000000000000000000, -0.7071067811865467956 ) ) ;
#1160 = VECTOR ( 'NONE', #11, 39.37007874015748143 ) ;
#1161 = DIRECTION ( 'NONE',  ( 0.09815814142049032742, -0.7036920417600586175, 0.7036920417600548427 ) ) ;
#1162 = ORIENTED_EDGE ( 'NONE', *, *, #2043, .T. ) ;
#1163 = CARTESIAN_POINT ( 'NONE',  ( 0.3214834409216217326, -3.249999999999999556, 3.249999999999999556 ) ) ;
#1164 = ADVANCED_FACE ( 'NONE', ( #326 ), #1976, .T. ) ;
#1165 = EDGE_LOOP ( 'NONE', ( #455, #1306, #468, #1365 ) ) ;
#1166 = VERTEX_POINT ( 'NONE', #214 ) ;
#1167 = DIRECTION ( 'NONE',  ( -0.000000000000000000, -0.000000000000000000, -1.000000000000000000 ) ) ;
#1168 = CARTESIAN_POINT ( 'NONE',  ( 0.07500000000000014988, -2.500000000000000000, -2.000000000000000000 ) ) ;
#1169 = DIRECTION ( 'NONE',  ( -0.1298437985064724576, 0.000000000000000000, -0.9915344613221522829 ) ) ;
#1170 = LINE ( 'NONE', #1362, #1537 ) ;
#1171 = EDGE_CURVE ( 'NONE', #327, #2064, #2146, .T. ) ;
#1172 = ORIENTED_EDGE ( 'NONE', *, *, #2092, .F. ) ;
#1173 = DIRECTION ( 'NONE',  ( 0.7011207413810448541, -0.7071067811865470176, 0.09181343041894626800 ) ) ;
#1174 = EDGE_CURVE ( 'NONE', #217, #1660, #988, .T. ) ;
#1175 = EDGE_LOOP ( 'NONE', ( #1842, #1408 ) ) ;
#1176 = ORIENTED_EDGE ( 'NONE', *, *, #825, .T. ) ;
#1177 = CARTESIAN_POINT ( 'NONE',  ( -0.2753078699534479701, 3.449999999999997957, 3.500000000000000888 ) ) ;
#1178 = DIRECTION ( 'NONE',  ( -0.5177251448073537654, 0.5272751185425000875, 0.6737519007766860080 ) ) ;
#1179 = CARTESIAN_POINT ( 'NONE',  ( 0.07500000000000014988, 2.500000000000000000, -2.000000000000000000 ) ) ;
#1180 = ORIENTED_EDGE ( 'NONE', *, *, #696, .F. ) ;
#1181 = CARTESIAN_POINT ( 'NONE',  ( 1.249999999999999334, 3.449999999999997957, -3.500000000000000000 ) ) ;
#1182 = ADVANCED_FACE ( 'NONE', ( #1540 ), #650, .T. ) ;
#1183 = EDGE_LOOP ( 'NONE', ( #285, #973, #774, #674 ) ) ;
#1184 = ORIENTED_EDGE ( 'NONE', *, *, #966, .T. ) ;
#1185 = ORIENTED_EDGE ( 'NONE', *, *, #268, .T. ) ;
#1186 = CARTESIAN_POINT ( 'NONE',  ( 0.000000000000000000, -3.500000000000000000, 3.450000000000001066 ) ) ;
#1187 = LINE ( 'NONE', #829, #1950 ) ;
#1188 = CARTESIAN_POINT ( 'NONE',  ( -1.250000000000000888, -2.000000000000000444, 2.000000000000000000 ) ) ;
#1189 = VECTOR ( 'NONE', #1786, 39.37007874015748143 ) ;
#1190 = VECTOR ( 'NONE', #1720, 39.37007874015748854 ) ;
#1191 = ORIENTED_EDGE ( 'NONE', *, *, #489, .T. ) ;
#1192 = VECTOR ( 'NONE', #585, 39.37007874015748143 ) ;
#1193 = FACE_BOUND ( 'NONE', #1814, .T. ) ;
#1194 = AXIS2_PLACEMENT_3D ( 'NONE', #1475, #2141, #485 ) ;
#1195 = ADVANCED_FACE ( 'NONE', ( #1206 ), #157, .F. ) ;
#1196 = ORIENTED_EDGE ( 'NONE', *, *, #996, .T. ) ;
#1197 = ORIENTED_EDGE ( 'NONE', *, *, #684, .F. ) ;
#1198 = ORIENTED_EDGE ( 'NONE', *, *, #596, .T. ) ;
#1199 = DIRECTION ( 'NONE',  ( 0.000000000000000000, -1.000000000000000000, 0.000000000000000000 ) ) ;
#1200 = CARTESIAN_POINT ( 'NONE',  ( -1.250000000000000888, 3.449999999999997957, -3.499999999999999112 ) ) ;
#1201 = DIRECTION ( 'NONE',  ( -1.000000000000000000, 0.000000000000000000, 0.000000000000000000 ) ) ;
#1202 = ORIENTED_EDGE ( 'NONE', *, *, #135, .F. ) ;
#1203 = DIMENSIONAL_EXPONENTS ( 1.000000000000000000, 0.000000000000000000, 0.000000000000000000, 0.000000000000000000, 0.000000000000000000, 0.000000000000000000, 0.000000000000000000 ) ;
#1204 = CARTESIAN_POINT ( 'NONE',  ( -0.1250000000000000000, -2.550000000000001155, -2.000000000000000000 ) ) ;
#1205 = AXIS2_PLACEMENT_3D ( 'NONE', #1186, #1503, #1818 ) ;
#1206 = FACE_OUTER_BOUND ( 'NONE', #1622, .T. ) ;
#1207 = DIRECTION ( 'NONE',  ( -0.7071067811865472397, -0.7071067811865476838, 0.000000000000000000 ) ) ;
#1208 = DIRECTION ( 'NONE',  ( 0.7097062096419164412, 0.7044725188455549514, -0.005963739355766216853 ) ) ;
#1209 = EDGE_CURVE ( 'NONE', #414, #1039, #881, .T. ) ;
#1210 = DIRECTION ( 'NONE',  ( 0.7071067811865477948, -0.000000000000000000, 0.7071067811865473507 ) ) ;
#1211 = CARTESIAN_POINT ( 'NONE',  ( -0.1250000000000000000, -3.249999999999999556, 3.249999999999999556 ) ) ;
#1212 = DIRECTION ( 'NONE',  ( 0.000000000000000000, 0.000000000000000000, -1.000000000000000000 ) ) ;
#1213 = DIRECTION ( 'NONE',  ( -0.1298437985064724576, 0.000000000000000000, -0.9915344613221522829 ) ) ;
#1214 = VERTEX_POINT ( 'NONE', #2039 ) ;
#1215 = DIRECTION ( 'NONE',  ( 1.000000000000000000, -0.000000000000000000, -0.000000000000000000 ) ) ;
#1216 = ORIENTED_EDGE ( 'NONE', *, *, #1209, .F. ) ;
#1217 = CARTESIAN_POINT ( 'NONE',  ( 0.1249999999999999029, -2.000000000000000444, 2.000000000000000000 ) ) ;
#1218 = DIRECTION ( 'NONE',  ( -0.5506122171639860063, -0.6274172237192024992, -0.5506122171639927787 ) ) ;
#1219 = EDGE_CURVE ( 'NONE', #1286, #1214, #383, .T. ) ;
#1220 = DIRECTION ( 'NONE',  ( 0.000000000000000000, 0.000000000000000000, -1.000000000000000000 ) ) ;
#1221 = DIRECTION ( 'NONE',  ( -1.000000000000000000, 0.000000000000000000, 0.000000000000000000 ) ) ;
#1222 = AXIS2_PLACEMENT_3D ( 'NONE', #2070, #876, #576 ) ;
#1223 = CARTESIAN_POINT ( 'NONE',  ( 0.1250000000000000000, -2.000000000000000000, -2.549999999999999822 ) ) ;
#1224 = VECTOR ( 'NONE', #2037, 39.37007874015748143 ) ;
#1225 = DIRECTION ( 'NONE',  ( 0.000000000000000000, 0.000000000000000000, -1.000000000000000000 ) ) ;
#1226 = VECTOR ( 'NONE', #1710, 39.37007874015748143 ) ;
#1227 = EDGE_CURVE ( 'NONE', #943, #1061, #460, .T. ) ;
#1228 = CIRCLE ( 'NONE', #564, 0.2421999999999996656 ) ;
#1229 = EDGE_LOOP ( 'NONE', ( #1682, #1250, #2049, #1315, #1528 ) ) ;
#1230 = DIRECTION ( 'NONE',  ( -1.000000000000000000, 0.000000000000000000, 0.000000000000000000 ) ) ;
#1231 = ORIENTED_EDGE ( 'NONE', *, *, #1449, .F. ) ;
#1232 = CARTESIAN_POINT ( 'NONE',  ( -1.159236441382020200, 3.250000000000000000, -3.250000000000000000 ) ) ;
#1233 = DIRECTION ( 'NONE',  ( -1.000000000000000000, 0.000000000000000000, 0.000000000000000000 ) ) ;
#1234 = AXIS2_PLACEMENT_3D ( 'NONE', #1719, #1888, #1220 ) ;
#1235 = CARTESIAN_POINT ( 'NONE',  ( 0.3408675799086757219, -3.450000000000000178, 3.442465753424658104 ) ) ;
#1236 = LINE ( 'NONE', #889, #1123 ) ;
#1237 = DIRECTION ( 'NONE',  ( 0.000000000000000000, 1.092739197465705287E-16, -1.000000000000000000 ) ) ;
#1238 = EDGE_CURVE ( 'NONE', #2089, #388, #1860, .T. ) ;
#1239 = ORIENTED_EDGE ( 'NONE', *, *, #671, .T. ) ;
#1240 = PLANE ( 'NONE',  #1914 ) ;
#1241 = ADVANCED_FACE ( 'NONE', ( #373 ), #1038, .T. ) ;
#1242 = VECTOR ( 'NONE', #170, 39.37007874015748143 ) ;
#1243 = ORIENTED_EDGE ( 'NONE', *, *, #125, .F. ) ;
#1244 = LINE ( 'NONE', #1872, #905 ) ;
#1245 = EDGE_LOOP ( 'NONE', ( #588, #2036, #709, #1439 ) ) ;
#1246 = FACE_OUTER_BOUND ( 'NONE', #1318, .T. ) ;
#1247 = CARTESIAN_POINT ( 'NONE',  ( 0.6874999999999631406, -2.374999999999999556, -3.250000000000000000 ) ) ;
#1248 = FACE_OUTER_BOUND ( 'NONE', #1702, .T. ) ;
#1249 = FACE_OUTER_BOUND ( 'NONE', #923, .T. ) ;
#1250 = ORIENTED_EDGE ( 'NONE', *, *, #384, .T. ) ;
#1251 = DIRECTION ( 'NONE',  ( -0.7101061082878729058, -0.7040946775627916487, 0.000000000000000000 ) ) ;
#1252 = EDGE_CURVE ( 'NONE', #682, #986, #1548, .T. ) ;
#1253 = ORIENTED_EDGE ( 'NONE', *, *, #1777, .F. ) ;
#1254 = DIRECTION ( 'NONE',  ( 0.000000000000000000, 1.000000000000000000, 0.000000000000000000 ) ) ;
#1255 = VERTEX_POINT ( 'NONE', #1969 ) ;
#1256 = PLANE ( 'NONE',  #1130 ) ;
#1257 = CARTESIAN_POINT ( 'NONE',  ( 0.1250000000000000000, -2.549999999999999822, 2.000000000000000000 ) ) ;
#1258 = DIRECTION ( 'NONE',  ( 0.000000000000000000, 1.092739197465705287E-16, -1.000000000000000000 ) ) ;
#1259 = CARTESIAN_POINT ( 'NONE',  ( -1.250000000000000888, -2.500000000000000000, -2.500000000000000000 ) ) ;
#1260 = DIRECTION ( 'NONE',  ( 0.1298437985064724576, 0.000000000000000000, 0.9915344613221522829 ) ) ;
#1261 = ORIENTED_EDGE ( 'NONE', *, *, #1755, .T. ) ;
#1262 = DIRECTION ( 'NONE',  ( -0.7097062096419267663, 0.7044725188455446263, 0.005963739355749810706 ) ) ;
#1263 = VECTOR ( 'NONE', #410, 39.37007874015748143 ) ;
#1264 = VECTOR ( 'NONE', #739, 39.37007874015748854 ) ;
#1265 = VECTOR ( 'NONE', #1616, 39.37007874015748143 ) ;
#1266 = ADVANCED_FACE ( 'NONE', ( #1804 ), #314, .T. ) ;
#1267 = AXIS2_PLACEMENT_3D ( 'NONE', #625, #1294, #1636 ) ;
#1268 = EDGE_LOOP ( 'NONE', ( #1751, #1143, #884, #2123, #133, #649 ) ) ;
#1269 = EDGE_LOOP ( 'NONE', ( #2136, #1735, #1988, #851 ) ) ;
#1270 = DIRECTION ( 'NONE',  ( -0.7011207413810526257, -0.7071067811865392461, -0.09181343041894728108 ) ) ;
#1271 = PLANE ( 'NONE',  #198 ) ;
#1272 = CARTESIAN_POINT ( 'NONE',  ( 1.159236441382018645, 3.250000000000000000, -3.250000000000000000 ) ) ;
#1273 = CARTESIAN_POINT ( 'NONE',  ( 0.1250000000000000000, -2.549999999999999822, -2.786484953537548384E-16 ) ) ;
#1274 = ORIENTED_EDGE ( 'NONE', *, *, #1893, .T. ) ;
#1275 = CARTESIAN_POINT ( 'NONE',  ( 0.6874999999999993339, 2.375000000000000000, -3.500000000000000000 ) ) ;
#1276 = VECTOR ( 'NONE', #1011, 39.37007874015748143 ) ;
#1277 = ORIENTED_EDGE ( 'NONE', *, *, #467, .F. ) ;
#1278 = ORIENTED_EDGE ( 'NONE', *, *, #453, .F. ) ;
#1279 = DIRECTION ( 'NONE',  ( 1.000000000000000000, -0.000000000000000000, -0.000000000000000000 ) ) ;
#1280 = ADVANCED_FACE ( 'NONE', ( #247 ), #398, .T. ) ;
#1281 = DIRECTION ( 'NONE',  ( 0.000000000000000000, -1.092739197465705287E-16, 1.000000000000000000 ) ) ;
#1282 = DIRECTION ( 'NONE',  ( 0.000000000000000000, 1.000000000000000000, 0.000000000000000000 ) ) ;
#1283 = ORIENTED_EDGE ( 'NONE', *, *, #189, .T. ) ;
#1284 = LINE ( 'NONE', #1649, #598 ) ;
#1285 = ORIENTED_EDGE ( 'NONE', *, *, #450, .T. ) ;
#1286 = VERTEX_POINT ( 'NONE', #1723 ) ;
#1287 = CARTESIAN_POINT ( 'NONE',  ( 1.159236441382018645, 3.249999999999999556, -3.250000000000000000 ) ) ;
#1288 = CARTESIAN_POINT ( 'NONE',  ( 0.3408675799086757219, 3.500000000000000000, 3.442465753424658104 ) ) ;
#1289 =( NAMED_UNIT ( * ) PLANE_ANGLE_UNIT ( ) SI_UNIT ( $, .RADIAN. ) );
#1290 = CARTESIAN_POINT ( 'NONE',  ( -0.07499999999999920619, -2.500000000000000000, -2.500000000000000000 ) ) ;
#1291 = EDGE_CURVE ( 'NONE', #168, #191, #1931, .T. ) ;
#1292 = ADVANCED_FACE ( 'NONE', ( #940 ), #2095, .F. ) ;
#1293 = ORIENTED_EDGE ( 'NONE', *, *, #467, .T. ) ;
#1294 = DIRECTION ( 'NONE',  ( -0.6093073109620933403, 0.000000000000000000, 0.7929341717999943695 ) ) ;
#1295 = AXIS2_PLACEMENT_3D ( 'NONE', #1217, #1079, #1874 ) ;
#1296 = VECTOR ( 'NONE', #99, 39.37007874015748143 ) ;
#1297 = EDGE_LOOP ( 'NONE', ( #1144, #1716, #1651, #109 ) ) ;
#1298 = ORIENTED_EDGE ( 'NONE', *, *, #1832, .F. ) ;
#1299 = CARTESIAN_POINT ( 'NONE',  ( 0.3595792386461047485, 3.299999999999998490, 3.299576723066109274 ) ) ;
#1300 = CARTESIAN_POINT ( 'NONE',  ( 0.000000000000000000, 0.000000000000000000, 0.000000000000000000 ) ) ;
#1301 = AXIS2_PLACEMENT_3D ( 'NONE', #1948, #612, #1452 ) ;
#1302 = DIRECTION ( 'NONE',  ( -0.6474280401754528569, 0.5773502691896268413, -0.4974973361348155043 ) ) ;
#1303 = AXIS2_PLACEMENT_3D ( 'NONE', #1484, #2148, #1002 ) ;
#1304 = CARTESIAN_POINT ( 'NONE',  ( -0.6875000000000368594, -2.374999999999999556, -3.500000000000000000 ) ) ;
#1305 = LINE ( 'NONE', #1961, #730 ) ;
#1306 = ORIENTED_EDGE ( 'NONE', *, *, #1620, .T. ) ;
#1307 = DIRECTION ( 'NONE',  ( -0.7929341717999942585, 0.000000000000000000, -0.6093073109620932293 ) ) ;
#1308 = EDGE_CURVE ( 'NONE', #1446, #2089, #2099, .T. ) ;
#1309 = EDGE_LOOP ( 'NONE', ( #10, #1944, #1162, #386 ) ) ;
#1310 = ORIENTED_EDGE ( 'NONE', *, *, #101, .T. ) ;
#1311 = DIRECTION ( 'NONE',  ( 0.000000000000000000, -1.000000000000000000, 0.000000000000000000 ) ) ;
#1312 = AXIS2_PLACEMENT_3D ( 'NONE', #1512, #1692, #501 ) ;
#1313 = LINE ( 'NONE', #1970, #1687 ) ;
#1314 = CARTESIAN_POINT ( 'NONE',  ( -0.3214834409216232314, 3.250000000000000000, 3.249999999999999556 ) ) ;
#1315 = ORIENTED_EDGE ( 'NONE', *, *, #614, .T. ) ;
#1316 = CARTESIAN_POINT ( 'NONE',  ( -0.6875000000000006661, 2.375000000000130562, -3.250000000000000000 ) ) ;
#1317 = EDGE_CURVE ( 'NONE', #1007, #252, #1085, .T. ) ;
#1318 = EDGE_LOOP ( 'NONE', ( #486, #1278, #808, #1053 ) ) ;
#1319 = ORIENTED_EDGE ( 'NONE', *, *, #1158, .T. ) ;
#1320 = DIRECTION ( 'NONE',  ( 0.7071067811865473507, 0.000000000000000000, -0.7071067811865476838 ) ) ;
#1321 = LINE ( 'NONE', #179, #1242 ) ;
#1322 = DIRECTION ( 'NONE',  ( -0.000000000000000000, -1.000000000000000000, -0.000000000000000000 ) ) ;
#1323 = PLANE ( 'NONE',  #385 ) ;
#1324 = ADVANCED_FACE ( 'NONE', ( #1905, #1605 ), #606, .F. ) ;
#1325 = LINE ( 'NONE', #475, #290 ) ;
#1326 = ORIENTED_EDGE ( 'NONE', *, *, #1110, .F. ) ;
#1327 = AXIS2_PLACEMENT_3D ( 'NONE', #2004, #1645, #1663 ) ;
#1328 = CARTESIAN_POINT ( 'NONE',  ( 0.2872565376842248219, -3.482048509495936361, 3.467951490504064704 ) ) ;
#1329 = ADVANCED_FACE ( 'NONE', ( #1746 ), #716, .T. ) ;
#1330 = AXIS2_PLACEMENT_3D ( 'NONE', #668, #1342, #1377 ) ;
#1331 = LINE ( 'NONE', #1023, #957 ) ;
#1332 = CARTESIAN_POINT ( 'NONE',  ( 0.3313972214789670523, -3.249999999999999556, 3.129706779003197603 ) ) ;
#1333 = ADVANCED_FACE ( 'NONE', ( #727 ), #1240, .T. ) ;
#1334 = VECTOR ( 'NONE', #2010, 39.37007874015748143 ) ;
#1335 = CARTESIAN_POINT ( 'NONE',  ( 1.243507810074675257, -3.450000000000000178, -3.450423276933890282 ) ) ;
#1336 = PRODUCT_DEFINITION_CONTEXT ( 'detailed design', #149, 'design' ) ;
#1337 = AXIS2_PLACEMENT_3D ( 'NONE', #925, #1394, #1233 ) ;
#1338 = ORIENTED_EDGE ( 'NONE', *, *, #1832, .T. ) ;
#1339 = DIRECTION ( 'NONE',  ( -1.000000000000000000, 0.000000000000000000, 0.000000000000000000 ) ) ;
#1340 = ORIENTED_EDGE ( 'NONE', *, *, #736, .T. ) ;
#1341 = ORIENTED_EDGE ( 'NONE', *, *, #1767, .F. ) ;
#1342 = DIRECTION ( 'NONE',  ( -1.000000000000000000, 0.000000000000000000, -0.000000000000000000 ) ) ;
#1343 = DIRECTION ( 'NONE',  ( 0.000000000000000000, 0.000000000000000000, 1.000000000000000000 ) ) ;
#1344 = CARTESIAN_POINT ( 'NONE',  ( 0.6874999999999631406, -2.374999999999999556, -3.500000000000000000 ) ) ;
#1345 = AXIS2_PLACEMENT_3D ( 'NONE', #843, #1001, #820 ) ;
#1346 = DIRECTION ( 'NONE',  ( 0.000000000000000000, 0.000000000000000000, 1.000000000000000000 ) ) ;
#1347 = EDGE_CURVE ( 'NONE', #934, #337, #1919, .T. ) ;
#1348 = EDGE_LOOP ( 'NONE', ( #1882, #520, #874, #778 ) ) ;
#1349 = CARTESIAN_POINT ( 'NONE',  ( -1.250000000000000888, -3.249999999999999556, 3.249999999999999556 ) ) ;
#1350 = VERTEX_POINT ( 'NONE', #1895 ) ;
#1351 = ORIENTED_EDGE ( 'NONE', *, *, #941, .T. ) ;
#1352 = DIRECTION ( 'NONE',  ( -1.000000000000000000, 0.000000000000000000, 0.000000000000000000 ) ) ;
#1353 = CARTESIAN_POINT ( 'NONE',  ( 1.159236441382018645, -3.249999999999999556, -3.250000000000000000 ) ) ;
#1354 = FACE_OUTER_BOUND ( 'NONE', #1348, .T. ) ;
#1355 = ORIENTED_EDGE ( 'NONE', *, *, #769, .T. ) ;
#1356 = LINE ( 'NONE', #1570, #1920 ) ;
#1357 = EDGE_CURVE ( 'NONE', #2064, #2027, #103, .T. ) ;
#1358 = ORIENTED_EDGE ( 'NONE', *, *, #1476, .F. ) ;
#1359 = ORIENTED_EDGE ( 'NONE', *, *, #111, .T. ) ;
#1360 = DIRECTION ( 'NONE',  ( -0.1298437985064724298, 0.000000000000000000, -0.9915344613221522829 ) ) ;
#1361 = DIRECTION ( 'NONE',  ( 0.7011207413810474076, 0.7071067811865445751, 0.09181343041894658719 ) ) ;
#1362 = CARTESIAN_POINT ( 'NONE',  ( 0.3214834409216217326, -3.249999999999999556, 3.249999999999999556 ) ) ;
#1363 = VECTOR ( 'NONE', #95, 39.37007874015748143 ) ;
#1364 = CIRCLE ( 'NONE', #1916, 0.2421999999999995268 ) ;
#1365 = ORIENTED_EDGE ( 'NONE', *, *, #1357, .T. ) ;
#1366 = VECTOR ( 'NONE', #827, 39.37007874015748143 ) ;
#1367 = FACE_BOUND ( 'NONE', #1175, .T. ) ;
#1368 = AXIS2_PLACEMENT_3D ( 'NONE', #1188, #1849, #1532 ) ;
#1369 = ADVANCED_FACE ( 'NONE', ( #2048 ), #764, .F. ) ;
#1370 = ORIENTED_EDGE ( 'NONE', *, *, #2078, .T. ) ;
#1371 = CARTESIAN_POINT ( 'NONE',  ( 0.1250000000000000000, 2.000000000000000000, -2.000000000000000000 ) ) ;
#1372 = LINE ( 'NONE', #1543, #2063 ) ;
#1373 = ORIENTED_EDGE ( 'NONE', *, *, #1965, .F. ) ;
#1374 = LINE ( 'NONE', #567, #1224 ) ;
#1375 = LINE ( 'NONE', #1997, #1535 ) ;
#1376 = VECTOR ( 'NONE', #610, 39.37007874015748143 ) ;
#1377 = DIRECTION ( 'NONE',  ( 0.000000000000000000, 0.000000000000000000, -1.000000000000000000 ) ) ;
#1378 = ADVANCED_FACE ( 'NONE', ( #1426 ), #1572, .F. ) ;
#1379 = ORIENTED_EDGE ( 'NONE', *, *, #1538, .F. ) ;
#1380 = CARTESIAN_POINT ( 'NONE',  ( -0.07499999999999920619, -2.500000000000000444, 2.000000000000000000 ) ) ;
#1381 = VERTEX_POINT ( 'NONE', #282 ) ;
#1382 = CARTESIAN_POINT ( 'NONE',  ( -0.9297000000000364972, -2.374999999999999556, -3.250000000000000000 ) ) ;
#1383 = DIRECTION ( 'NONE',  ( -1.000000000000000000, 0.000000000000000000, 0.000000000000000000 ) ) ;
#1384 = ORIENTED_EDGE ( 'NONE', *, *, #1147, .T. ) ;
#1385 = EDGE_CURVE ( 'NONE', #1943, #388, #2087, .T. ) ;
#1386 = PLANE ( 'NONE',  #942 ) ;
#1387 = DIRECTION ( 'NONE',  ( -0.000000000000000000, -1.000000000000000000, 0.000000000000000000 ) ) ;
#1388 = CARTESIAN_POINT ( 'NONE',  ( -1.250000000000000888, 1.999999999999999334, 2.000000000000000000 ) ) ;
#1389 = ORIENTED_EDGE ( 'NONE', *, *, #125, .T. ) ;
#1390 = LINE ( 'NONE', #1884, #2143 ) ;
#1391 = EDGE_CURVE ( 'NONE', #477, #176, #443, .T. ) ;
#1392 = ADVANCED_FACE ( 'NONE', ( #112 ), #1112, .F. ) ;
#1393 = CARTESIAN_POINT ( 'NONE',  ( -0.1250000000000000278, 2.000000000000000000, -2.500000000000000000 ) ) ;
#1394 = DIRECTION ( 'NONE',  ( -0.000000000000000000, -0.000000000000000000, -1.000000000000000000 ) ) ;
#1395 = DIRECTION ( 'NONE',  ( 0.7071067811865482389, 0.000000000000000000, -0.7071067811865467956 ) ) ;
#1396 = EDGE_CURVE ( 'NONE', #293, #690, #2, .T. ) ;
#1397 = DIRECTION ( 'NONE',  ( 0.000000000000000000, 0.000000000000000000, -1.000000000000000000 ) ) ;
#1398 = DIRECTION ( 'NONE',  ( 0.7130089726976363007, 0.6965013861659072880, 0.08064752892451762523 ) ) ;
#1399 =( GEOMETRIC_REPRESENTATION_CONTEXT ( 3 ) GLOBAL_UNCERTAINTY_ASSIGNED_CONTEXT ( ( #2006 ) ) GLOBAL_UNIT_ASSIGNED_CONTEXT ( ( #289, #1289, #1131 ) ) REPRESENTATION_CONTEXT ( 'NONE', 'WORKASPACE' ) );
#1400 = CIRCLE ( 'NONE', #1810, 0.2421999999999998043 ) ;
#1401 = ORIENTED_EDGE ( 'NONE', *, *, #1613, .T. ) ;
#1402 = DIRECTION ( 'NONE',  ( 0.1298437985064721800, 0.000000000000000000, -0.9915344613221522829 ) ) ;
#1403 = VECTOR ( 'NONE', #39, 39.37007874015748143 ) ;
#1404 = PRODUCT_DEFINITION_FORMATION_WITH_SPECIFIED_SOURCE ( 'ANY', '', #581, .NOT_KNOWN. ) ;
#1405 = CONICAL_SURFACE ( 'NONE', #1295, 0.5499999999999998224, 0.7853981633974490562 ) ;
#1406 = ORIENTED_EDGE ( 'NONE', *, *, #1227, .T. ) ;
#1407 = LINE ( 'NONE', #93, #270 ) ;
#1408 = ORIENTED_EDGE ( 'NONE', *, *, #915, .T. ) ;
#1409 = CARTESIAN_POINT ( 'NONE',  ( -0.3156445377770052407, -3.249999999999999556, 3.249999999999999556 ) ) ;
#1410 = DIRECTION ( 'NONE',  ( -0.7071067811865482389, 0.7071067811865467956, 0.000000000000000000 ) ) ;
#1411 = CYLINDRICAL_SURFACE ( 'NONE', #425, 0.5000000000000001110 ) ;
#1412 = LINE ( 'NONE', #1721, #665 ) ;
#1413 = EDGE_CURVE ( 'NONE', #508, #1077, #1284, .T. ) ;
#1414 = ORIENTED_EDGE ( 'NONE', *, *, #619, .T. ) ;
#1415 = CARTESIAN_POINT ( 'NONE',  ( -0.7867939196623692233, -3.717160848569972753, 3.249999999999999556 ) ) ;
#1416 = AXIS2_PLACEMENT_3D ( 'NONE', #679, #1684, #1343 ) ;
#1417 = ORIENTED_EDGE ( 'NONE', *, *, #1461, .F. ) ;
#1418 = FACE_OUTER_BOUND ( 'NONE', #847, .T. ) ;
#1419 = ORIENTED_EDGE ( 'NONE', *, *, #1425, .F. ) ;
#1420 = DIRECTION ( 'NONE',  ( 1.000000000000000000, -0.000000000000000000, 0.000000000000000000 ) ) ;
#1421 = DIRECTION ( 'NONE',  ( 0.000000000000000000, -0.000000000000000000, 1.000000000000000000 ) ) ;
#1422 = DIRECTION ( 'NONE',  ( 0.000000000000000000, -1.000000000000000000, -0.000000000000000000 ) ) ;
#1423 = CARTESIAN_POINT ( 'NONE',  ( -1.159236441382020200, -3.249999999999999556, -3.250000000000000000 ) ) ;
#1424 = ORIENTED_EDGE ( 'NONE', *, *, #1863, .T. ) ;
#1425 = EDGE_CURVE ( 'NONE', #645, #2053, #1325, .T. ) ;
#1426 = FACE_OUTER_BOUND ( 'NONE', #1962, .T. ) ;
#1427 = ORIENTED_EDGE ( 'NONE', *, *, #1977, .T. ) ;
#1428 = EDGE_LOOP ( 'NONE', ( #1119, #1802, #1355, #1202 ) ) ;
#1429 = CARTESIAN_POINT ( 'NONE',  ( 0.1250000000000000000, 3.250000000000000000, 3.249999999999999556 ) ) ;
#1430 = DIRECTION ( 'NONE',  ( -0.7129693517763340260, -0.6933675957644109822, 0.1044800486768375503 ) ) ;
#1431 = FILL_AREA_STYLE ('',( #1592 ) ) ;
#1432 = CARTESIAN_POINT ( 'NONE',  ( 1.243507810074675257, 3.500000000000000000, -3.450423276933890282 ) ) ;
#1433 = VERTEX_POINT ( 'NONE', #123 ) ;
#1434 = DIRECTION ( 'NONE',  ( 0.1298437985064721800, 0.000000000000000000, -0.9915344613221522829 ) ) ;
#1435 = AXIS2_PLACEMENT_3D ( 'NONE', #1304, #2138, #2109 ) ;
#1436 = AXIS2_PLACEMENT_3D ( 'NONE', #1928, #2075, #758 ) ;
#1437 = ADVANCED_FACE ( 'NONE', ( #1791 ), #1982, .T. ) ;
#1438 = EDGE_LOOP ( 'NONE', ( #633, #987, #1124, #1467 ) ) ;
#1439 = ORIENTED_EDGE ( 'NONE', *, *, #1667, .T. ) ;
#1440 = DIRECTION ( 'NONE',  ( 0.000000000000000000, -0.000000000000000000, 1.000000000000000000 ) ) ;
#1441 = LINE ( 'NONE', #1451, #599 ) ;
#1442 = CARTESIAN_POINT ( 'NONE',  ( -1.250000000000000888, 3.250000000000000000, 3.249999999999999556 ) ) ;
#1443 = ORIENTED_EDGE ( 'NONE', *, *, #706, .F. ) ;
#1444 = LINE ( 'NONE', #311, #85 ) ;
#1445 = VECTOR ( 'NONE', #1410, 39.37007874015748143 ) ;
#1446 = VERTEX_POINT ( 'NONE', #1942 ) ;
#1447 = ORIENTED_EDGE ( 'NONE', *, *, #868, .T. ) ;
#1448 = FACE_OUTER_BOUND ( 'NONE', #1617, .T. ) ;
#1449 = EDGE_CURVE ( 'NONE', #785, #934, #1444, .T. ) ;
#1450 = CARTESIAN_POINT ( 'NONE',  ( 1.205412012350191242, -3.450000000000000178, -3.500000000000000000 ) ) ;
#1451 = CARTESIAN_POINT ( 'NONE',  ( 1.223754094687227623, -3.249999999999999112, -3.299576723066108386 ) ) ;
#1452 = DIRECTION ( 'NONE',  ( -1.000000000000000000, 0.000000000000000000, 0.000000000000000000 ) ) ;
#1453 = ORIENTED_EDGE ( 'NONE', *, *, #790, .T. ) ;
#1454 = ADVANCED_FACE ( 'NONE', ( #141, #794 ), #1823, .T. ) ;
#1455 = DIRECTION ( 'NONE',  ( -0.5506122171639871166, 0.6274172237192003898, -0.5506122171639939999 ) ) ;
#1456 = EDGE_LOOP ( 'NONE', ( #2140, #1243, #667, #1800 ) ) ;
#1457 = ORIENTED_EDGE ( 'NONE', *, *, #1065, .T. ) ;
#1458 = CARTESIAN_POINT ( 'NONE',  ( -0.07499999999999920619, 1.999999999999999334, 2.000000000000000000 ) ) ;
#1459 = CARTESIAN_POINT ( 'NONE',  ( 1.249999999999999334, -3.249999999999999556, -3.250000000000000000 ) ) ;
#1460 = FACE_OUTER_BOUND ( 'NONE', #13, .T. ) ;
#1461 = EDGE_CURVE ( 'NONE', #1725, #1892, #2112, .T. ) ;
#1462 = ORIENTED_EDGE ( 'NONE', *, *, #1449, .T. ) ;
#1463 = DIRECTION ( 'NONE',  ( 0.000000000000000000, 0.000000000000000000, 1.000000000000000000 ) ) ;
#1464 = VECTOR ( 'NONE', #1208, 39.37007874015748143 ) ;
#1465 = COLOUR_RGB ( '',0.7921568627450980005, 0.8196078431372548767, 0.9333333333333333481 ) ;
#1466 = VERTEX_POINT ( 'NONE', #1974 ) ;
#1467 = ORIENTED_EDGE ( 'NONE', *, *, #307, .T. ) ;
#1468 = CARTESIAN_POINT ( 'NONE',  ( -1.200000000000003064, 3.500000000000000000, -3.499999999999999112 ) ) ;
#1469 = PRODUCT_CONTEXT ( 'NONE', #1787, 'mechanical' ) ;
#1470 = CIRCLE ( 'NONE', #1089, 0.2421999999999996656 ) ;
#1471 = CARTESIAN_POINT ( 'NONE',  ( -0.2753078699534479701, -3.450000000000000178, 3.500000000000000888 ) ) ;
#1472 = CARTESIAN_POINT ( 'NONE',  ( -0.7287429090921762054, -3.500000000000000000, 0.09543061904778507576 ) ) ;
#1473 = CARTESIAN_POINT ( 'NONE',  ( 0.9296999999999627784, -2.374999999999999556, -3.250000000000000000 ) ) ;
#1474 = ORIENTED_EDGE ( 'NONE', *, *, #753, .T. ) ;
#1475 = CARTESIAN_POINT ( 'NONE',  ( 0.6874999999999631406, -2.374999999999999556, -3.250000000000000000 ) ) ;
#1476 = EDGE_CURVE ( 'NONE', #1754, #1041, #1120, .T. ) ;
#1477 = EDGE_LOOP ( 'NONE', ( #1853, #524, #2145, #2069 ) ) ;
#1478 = VECTOR ( 'NONE', #243, 39.37007874015748143 ) ;
#1479 = EDGE_CURVE ( 'NONE', #401, #686, #1400, .T. ) ;
#1480 = EDGE_LOOP ( 'NONE', ( #1384, #573, #94, #336 ) ) ;
#1481 = CARTESIAN_POINT ( 'NONE',  ( -0.3333333333333332593, -3.450000000000000178, 3.500000000000000888 ) ) ;
#1482 = AXIS2_PLACEMENT_3D ( 'NONE', #885, #1726, #2041 ) ;
#1483 = DIRECTION ( 'NONE',  ( 0.000000000000000000, -1.092739197465705287E-16, 1.000000000000000000 ) ) ;
#1484 = CARTESIAN_POINT ( 'NONE',  ( -1.250000000000000888, 2.000000000000000000, -2.000000000000000000 ) ) ;
#1485 = FACE_OUTER_BOUND ( 'NONE', #1561, .T. ) ;
#1486 = ORIENTED_EDGE ( 'NONE', *, *, #355, .T. ) ;
#1487 = DIRECTION ( 'NONE',  ( -0.000000000000000000, -0.000000000000000000, -1.000000000000000000 ) ) ;
#1488 = ADVANCED_FACE ( 'NONE', ( #1618 ), #132, .T. ) ;
#1489 = ORIENTED_EDGE ( 'NONE', *, *, #87, .T. ) ;
#1490 = EDGE_CURVE ( 'NONE', #1350, #168, #1801, .T. ) ;
#1491 = DIRECTION ( 'NONE',  ( 0.000000000000000000, -1.092739197465705287E-16, 1.000000000000000000 ) ) ;
#1492 = CARTESIAN_POINT ( 'NONE',  ( 0.3333333333333332593, 3.449999999999997957, 3.500000000000000888 ) ) ;
#1493 = CARTESIAN_POINT ( 'NONE',  ( 1.924110283117949294, 3.250000000000000000, -0.8806914643316311464 ) ) ;
#1494 = CARTESIAN_POINT ( 'NONE',  ( -0.1250000000000000000, -2.000000000000000444, 2.000000000000000000 ) ) ;
#1495 = ORIENTED_EDGE ( 'NONE', *, *, #842, .F. ) ;
#1496 = CARTESIAN_POINT ( 'NONE',  ( 0.1250000000000000000, 2.549999999999999822, -2.000000000000000000 ) ) ;
#1497 = ORIENTED_EDGE ( 'NONE', *, *, #1021, .T. ) ;
#1498 = CONICAL_SURFACE ( 'NONE', #150, 0.5499999999999998224, 0.7853981633974490562 ) ;
#1499 = VECTOR ( 'NONE', #950, 39.37007874015748143 ) ;
#1500 = CYLINDRICAL_SURFACE ( 'NONE', #1049, 0.2421999999999997488 ) ;
#1501 = ADVANCED_FACE ( 'NONE', ( #971 ), #2121, .T. ) ;
#1502 = AXIS2_PLACEMENT_3D ( 'NONE', #1163, #496, #953 ) ;
#1503 = DIRECTION ( 'NONE',  ( 0.000000000000000000, 0.7071067811865475727, -0.7071067811865475727 ) ) ;
#1504 = LINE ( 'NONE', #1200, #558 ) ;
#1505 = VECTOR ( 'NONE', #1398, 39.37007874015748854 ) ;
#1506 = LINE ( 'NONE', #362, #1921 ) ;
#1507 = ORIENTED_EDGE ( 'NONE', *, *, #1565, .T. ) ;
#1508 = VECTOR ( 'NONE', #1899, 39.37007874015748854 ) ;
#1509 = LINE ( 'NONE', #1349, #1160 ) ;
#1510 = EDGE_LOOP ( 'NONE', ( #59, #319, #45, #655 ) ) ;
#1511 = VERTEX_POINT ( 'NONE', #962 ) ;
#1512 = CARTESIAN_POINT ( 'NONE',  ( -0.3214834409216232314, -3.249999999999999556, 3.249999999999999556 ) ) ;
#1513 = EDGE_CURVE ( 'NONE', #986, #252, #322, .T. ) ;
#1514 = EDGE_CURVE ( 'NONE', #401, #1552, #646, .T. ) ;
#1515 = LINE ( 'NONE', #2014, #870 ) ;
#1516 = VECTOR ( 'NONE', #490, 39.37007874015748143 ) ;
#1517 = CARTESIAN_POINT ( 'NONE',  ( -0.6875000000000006661, 2.375000000000130562, -3.500000000000000000 ) ) ;
#1518 = VERTEX_POINT ( 'NONE', #807 ) ;
#1519 = CARTESIAN_POINT ( 'NONE',  ( -0.6875000000000368594, -2.374999999999999556, -3.500000000000000000 ) ) ;
#1520 = EDGE_LOOP ( 'NONE', ( #2120, #22 ) ) ;
#1521 = ORIENTED_EDGE ( 'NONE', *, *, #1734, .F. ) ;
#1522 = DIRECTION ( 'NONE',  ( 0.000000000000000000, -1.000000000000000000, 0.000000000000000000 ) ) ;
#1523 = LINE ( 'NONE', #1493, #1087 ) ;
#1524 = DIRECTION ( 'NONE',  ( 0.000000000000000000, 0.000000000000000000, -1.000000000000000000 ) ) ;
#1525 = EDGE_LOOP ( 'NONE', ( #1029, #1231, #547, #1957, #1114 ) ) ;
#1526 = CARTESIAN_POINT ( 'NONE',  ( 0.3333333333333332593, -3.450000000000000178, 3.500000000000000888 ) ) ;
#1527 = EDGE_CURVE ( 'NONE', #575, #1904, #837, .T. ) ;
#1528 = ORIENTED_EDGE ( 'NONE', *, *, #737, .F. ) ;
#1529 = VERTEX_POINT ( 'NONE', #1204 ) ;
#1530 = CARTESIAN_POINT ( 'NONE',  ( -0.07499999999999920619, 2.499999999999999556, 2.000000000000000000 ) ) ;
#1531 = LINE ( 'NONE', #747, #359 ) ;
#1532 = DIRECTION ( 'NONE',  ( 0.000000000000000000, 0.000000000000000000, 1.000000000000000000 ) ) ;
#1533 = AXIS2_PLACEMENT_3D ( 'NONE', #334, #1152, #775 ) ;
#1534 = VERTEX_POINT ( 'NONE', #1851 ) ;
#1535 = VECTOR ( 'NONE', #664, 39.37007874015748143 ) ;
#1536 = CARTESIAN_POINT ( 'NONE',  ( 0.3595792386461047485, 3.250000000000000000, 3.299576723066109274 ) ) ;
#1537 = VECTOR ( 'NONE', #341, 39.37007874015748143 ) ;
#1538 = EDGE_CURVE ( 'NONE', #1892, #637, #292, .T. ) ;
#1539 = CIRCLE ( 'NONE', #1990, 0.5500000000000009326 ) ;
#1540 = FACE_OUTER_BOUND ( 'NONE', #173, .T. ) ;
#1541 = ORIENTED_EDGE ( 'NONE', *, *, #236, .F. ) ;
#1542 = DIRECTION ( 'NONE',  ( 0.7071067811865472397, 0.000000000000000000, -0.7071067811865476838 ) ) ;
#1543 = CARTESIAN_POINT ( 'NONE',  ( -0.07499999999999920619, 2.000000000000000000, -2.500000000000000000 ) ) ;
#1544 = DIRECTION ( 'NONE',  ( -0.000000000000000000, -0.000000000000000000, -1.000000000000000000 ) ) ;
#1545 = LINE ( 'NONE', #257, #536 ) ;
#1546 = DIRECTION ( 'NONE',  ( 0.6093073109621022221, 0.000000000000000000, -0.7929341717999874861 ) ) ;
#1547 = FACE_OUTER_BOUND ( 'NONE', #426, .T. ) ;
#1548 = LINE ( 'NONE', #67, #835 ) ;
#1549 = ADVANCED_FACE ( 'NONE', ( #343 ), #382, .F. ) ;
#1550 = EDGE_CURVE ( 'NONE', #33, #1041, #372, .T. ) ;
#1551 = EDGE_CURVE ( 'NONE', #1007, #207, #1509, .T. ) ;
#1552 = VERTEX_POINT ( 'NONE', #533 ) ;
#1553 = DIRECTION ( 'NONE',  ( -1.000000000000000000, 0.000000000000000000, 0.000000000000000000 ) ) ;
#1554 = DIRECTION ( 'NONE',  ( -1.000000000000000000, -0.000000000000000000, 0.000000000000000000 ) ) ;
#1555 = DIRECTION ( 'NONE',  ( -0.000000000000000000, -0.000000000000000000, -1.000000000000000000 ) ) ;
#1556 = CARTESIAN_POINT ( 'NONE',  ( 0.07500000000000014988, 2.499999999999999556, 2.000000000000000000 ) ) ;
#1557 = DIRECTION ( 'NONE',  ( 1.000000000000000000, -0.000000000000000000, -0.000000000000000000 ) ) ;
#1558 = CARTESIAN_POINT ( 'NONE',  ( 1.547175906984421534, 1.087192982456175239, 0.8181830403961986020 ) ) ;
#1559 = ORIENTED_EDGE ( 'NONE', *, *, #1317, .F. ) ;
#1560 = DIRECTION ( 'NONE',  ( 0.000000000000000000, 0.000000000000000000, 1.000000000000000000 ) ) ;
#1561 = EDGE_LOOP ( 'NONE', ( #76, #2113, #891, #2102 ) ) ;
#1562 = CARTESIAN_POINT ( 'NONE',  ( 1.205412012350191242, 3.449999999999997957, -3.500000000000000000 ) ) ;
#1563 = ORIENTED_EDGE ( 'NONE', *, *, #1793, .F. ) ;
#1564 = FACE_OUTER_BOUND ( 'NONE', #305, .T. ) ;
#1565 = EDGE_CURVE ( 'NONE', #337, #766, #866, .T. ) ;
#1566 = DIRECTION ( 'NONE',  ( -0.7071067811865521247, 0.7071067811865430208, 0.000000000000000000 ) ) ;
#1567 = ORIENTED_EDGE ( 'NONE', *, *, #1110, .T. ) ;
#1568 = LINE ( 'NONE', #88, #1264 ) ;
#1569 = VECTOR ( 'NONE', #1632, 39.37007874015748854 ) ;
#1570 = CARTESIAN_POINT ( 'NONE',  ( 0.07500000000000014988, -2.000000000000000444, 2.500000000000000000 ) ) ;
#1571 = ORIENTED_EDGE ( 'NONE', *, *, #421, .F. ) ;
#1572 = CYLINDRICAL_SURFACE ( 'NONE', #944, 0.2421999999999997488 ) ;
#1573 = AXIS2_PLACEMENT_3D ( 'NONE', #120, #2110, #980 ) ;
#1574 = VERTEX_POINT ( 'NONE', #1697 ) ;
#1575 = DIRECTION ( 'NONE',  ( 0.6174445699237571805, 0.6274172237191696366, -0.4744574063624638627 ) ) ;
#1576 = VERTEX_POINT ( 'NONE', #521 ) ;
#1577 = CARTESIAN_POINT ( 'NONE',  ( 0.3156445377770054073, -3.249999999999999556, 3.249999999999999556 ) ) ;
#1578 = DIRECTION ( 'NONE',  ( 0.000000000000000000, 0.6596045032796132856, -0.7516128652792305465 ) ) ;
#1579 = ADVANCED_FACE ( 'NONE', ( #2028 ), #1005, .T. ) ;
#1580 = EDGE_CURVE ( 'NONE', #1534, #1039, #206, .T. ) ;
#1581 = CARTESIAN_POINT ( 'NONE',  ( 1.224487565950841406, 3.468838520253437085, -3.450263798712051688 ) ) ;
#1582 = LINE ( 'NONE', #1879, #1296 ) ;
#1583 = CARTESIAN_POINT ( 'NONE',  ( -0.1250000000000000000, 3.250000000000000000, 3.249999999999999556 ) ) ;
#1584 = VERTEX_POINT ( 'NONE', #31 ) ;
#1585 = CARTESIAN_POINT ( 'NONE',  ( 1.167685181695796270, -3.249999999999999556, -3.256492189925323633 ) ) ;
#1586 = CIRCLE ( 'NONE', #1856, 0.2421999999999995268 ) ;
#1587 = VERTEX_POINT ( 'NONE', #364 ) ;
#1588 = ORIENTED_EDGE ( 'NONE', *, *, #1565, .F. ) ;
#1589 = DIRECTION ( 'NONE',  ( -1.000000000000000000, 0.000000000000000000, 0.000000000000000000 ) ) ;
#1590 = DIRECTION ( 'NONE',  ( 0.000000000000000000, 1.000000000000000000, 0.000000000000000000 ) ) ;
#1591 = CARTESIAN_POINT ( 'NONE',  ( 0.3164947055053222158, 3.250000000000000000, 3.243507810074676367 ) ) ;
#1592 = FILL_AREA_STYLE_COLOUR ( '', #1465 ) ;
#1593 = LINE ( 'NONE', #1073, #1127 ) ;
#1594 = EDGE_LOOP ( 'NONE', ( #1571, #371, #366, #1191 ) ) ;
#1595 = CARTESIAN_POINT ( 'NONE',  ( -0.3075389179041885801, -3.482048509495936361, 3.450151969037188238 ) ) ;
#1596 = EDGE_CURVE ( 'NONE', #2027, #293, #545, .T. ) ;
#1597 = EDGE_LOOP ( 'NONE', ( #2130, #1379, #1417, #561 ) ) ;
#1598 = EDGE_LOOP ( 'NONE', ( #1822, #744, #1507, #1414, #2031 ) ) ;
#1599 = LINE ( 'NONE', #456, #1844 ) ;
#1600 = FACE_BOUND ( 'NONE', #143, .T. ) ;
#1601 = FACE_OUTER_BOUND ( 'NONE', #788, .T. ) ;
#1602 = CARTESIAN_POINT ( 'NONE',  ( 0.2833333333333329929, -3.450000000000000178, 3.500000000000000888 ) ) ;
#1603 = ORIENTED_EDGE ( 'NONE', *, *, #831, .F. ) ;
#1604 = VECTOR ( 'NONE', #1765, 39.37007874015748854 ) ;
#1605 = FACE_OUTER_BOUND ( 'NONE', #1758, .T. ) ;
#1606 = EDGE_CURVE ( 'NONE', #1660, #1077, #1037, .T. ) ;
#1607 = CONICAL_SURFACE ( 'NONE', #323, 0.5500000000000009326, 0.7853981633974490562 ) ;
#1608 = CIRCLE ( 'NONE', #2100, 0.5500000000000009326 ) ;
#1609 = CIRCLE ( 'NONE', #735, 0.5500000000000009326 ) ;
#1610 = ORIENTED_EDGE ( 'NONE', *, *, #299, .F. ) ;
#1611 = ORIENTED_EDGE ( 'NONE', *, *, #1158, .F. ) ;
#1612 = CARTESIAN_POINT ( 'NONE',  ( -0.07499999999999920619, -2.000000000000000444, 2.000000000000000000 ) ) ;
#1613 = EDGE_CURVE ( 'NONE', #1166, #1529, #691, .T. ) ;
#1614 = CARTESIAN_POINT ( 'NONE',  ( 0.4452999999999633363, -2.374999999999999556, -3.500000000000000000 ) ) ;
#1615 = LINE ( 'NONE', #300, #523 ) ;
#1616 = DIRECTION ( 'NONE',  ( 0.1298437985064721800, 0.000000000000000000, -0.9915344613221522829 ) ) ;
#1617 = EDGE_LOOP ( 'NONE', ( #512, #113, #638, #114 ) ) ;
#1618 = FACE_OUTER_BOUND ( 'NONE', #350, .T. ) ;
#1619 = VECTOR ( 'NONE', #1352, 39.37007874015748143 ) ;
#1620 = EDGE_CURVE ( 'NONE', #597, #2111, #1375, .T. ) ;
#1621 = ADVANCED_FACE ( 'NONE', ( #1193, #1367, #2038 ), #824, .F. ) ;
#1622 = EDGE_LOOP ( 'NONE', ( #726, #166, #1153, #1004 ) ) ;
#1623 = ORIENTED_EDGE ( 'NONE', *, *, #268, .F. ) ;
#1624 = ADVANCED_FACE ( 'NONE', ( #506 ), #513, .T. ) ;
#1625 = DIRECTION ( 'NONE',  ( 0.7071067811865517916, -8.847565723841486069E-17, -0.7071067811865431318 ) ) ;
#1626 = DIRECTION ( 'NONE',  ( 1.000000000000000000, -0.000000000000000000, 0.000000000000000000 ) ) ;
#1627 = CARTESIAN_POINT ( 'NONE',  ( -1.250000000000000888, 3.500000000000000000, -3.499999999999999112 ) ) ;
#1628 = EDGE_LOOP ( 'NONE', ( #1099, #1630, #142 ) ) ;
#1629 = CARTESIAN_POINT ( 'NONE',  ( -0.2835285338060440918, -3.211742452225770705, 3.200606627726299447 ) ) ;
#1630 = ORIENTED_EDGE ( 'NONE', *, *, #1308, .T. ) ;
#1631 = ORIENTED_EDGE ( 'NONE', *, *, #295, .T. ) ;
#1632 = DIRECTION ( 'NONE',  ( -0.7071067811865517916, -1.491957388612002162E-16, 0.7071067811865431318 ) ) ;
#1633 = CARTESIAN_POINT ( 'NONE',  ( -0.2837566102672248181, 3.500000000000000000, 3.493507810074677256 ) ) ;
#1634 = EDGE_CURVE ( 'NONE', #156, #594, #351, .T. ) ;
#1635 = CYLINDRICAL_SURFACE ( 'NONE', #1301, 0.2421999999999996656 ) ;
#1636 = DIRECTION ( 'NONE',  ( 0.000000000000000000, 1.000000000000000000, 0.000000000000000000 ) ) ;
#1637 = AXIS2_PLACEMENT_3D ( 'NONE', #225, #1815, #1491 ) ;
#1638 = ORIENTED_EDGE ( 'NONE', *, *, #842, .T. ) ;
#1639 = AXIS2_PLACEMENT_3D ( 'NONE', #760, #920, #1560 ) ;
#1640 = VERTEX_POINT ( 'NONE', #1496 ) ;
#1641 = FACE_OUTER_BOUND ( 'NONE', #1428, .T. ) ;
#1642 = VECTOR ( 'NONE', #139, 39.37007874015748854 ) ;
#1643 = DIRECTION ( 'NONE',  ( 0.1298437985064724298, 0.000000000000000000, 0.9915344613221522829 ) ) ;
#1644 = AXIS2_PLACEMENT_3D ( 'NONE', #1875, #2055, #1383 ) ;
#1645 = DIRECTION ( 'NONE',  ( -0.000000000000000000, -0.000000000000000000, -1.000000000000000000 ) ) ;
#1646 = LINE ( 'NONE', #1789, #526 ) ;
#1647 = EDGE_CURVE ( 'NONE', #1981, #645, #1868, .T. ) ;
#1648 = ORIENTED_EDGE ( 'NONE', *, *, #781, .F. ) ;
#1649 = CARTESIAN_POINT ( 'NONE',  ( -1.547175906984402660, 1.087192982456191670, 0.8181830403961920517 ) ) ;
#1650 = ORIENTED_EDGE ( 'NONE', *, *, #384, .F. ) ;
#1651 = ORIENTED_EDGE ( 'NONE', *, *, #1695, .F. ) ;
#1652 = DIRECTION ( 'NONE',  ( -0.08623769699395926469, 0.7044725188455466247, 0.7044725188455466247 ) ) ;
#1653 = AXIS2_PLACEMENT_3D ( 'NONE', #1471, #1773, #137 ) ;
#1654 = FACE_OUTER_BOUND ( 'NONE', #434, .T. ) ;
#1655 = CARTESIAN_POINT ( 'NONE',  ( -0.1250000000000000000, 1.999999999999999334, 2.000000000000000000 ) ) ;
#1656 = DIRECTION ( 'NONE',  ( 1.000000000000000000, -0.000000000000000000, 0.000000000000000000 ) ) ;
#1657 = ORIENTED_EDGE ( 'NONE', *, *, #1620, .F. ) ;
#1658 = CARTESIAN_POINT ( 'NONE',  ( 0.3073356792177946439, 3.482610003930070697, 3.447379589633298824 ) ) ;
#1659 = EDGE_CURVE ( 'NONE', #1020, #1381, #1356, .T. ) ;
#1660 = VERTEX_POINT ( 'NONE', #233 ) ;
#1661 = DIRECTION ( 'NONE',  ( -0.1961702176370192785, 0.6933675957644204191, -0.6933675957644053200 ) ) ;
#1662 = LINE ( 'NONE', #6, #400 ) ;
#1663 = DIRECTION ( 'NONE',  ( -1.000000000000000000, 0.000000000000000000, 0.000000000000000000 ) ) ;
#1664 = DIRECTION ( 'NONE',  ( -0.000000000000000000, -0.000000000000000000, -1.000000000000000000 ) ) ;
#1665 = ORIENTED_EDGE ( 'NONE', *, *, #647, .F. ) ;
#1666 = CARTESIAN_POINT ( 'NONE',  ( 0.3333333333333332593, 3.500000000000000000, 3.500000000000000888 ) ) ;
#1667 = EDGE_CURVE ( 'NONE', #1981, #414, #394, .T. ) ;
#1668 = EDGE_LOOP ( 'NONE', ( #1732, #4 ) ) ;
#1669 = ORIENTED_EDGE ( 'NONE', *, *, #1843, .T. ) ;
#1670 = VECTOR ( 'NONE', #600, 39.37007874015748143 ) ;
#1671 = AXIS2_PLACEMENT_3D ( 'NONE', #1701, #387, #1542 ) ;
#1672 = AXIS2_PLACEMENT_3D ( 'NONE', #786, #1455, #1134 ) ;
#1673 = ORIENTED_EDGE ( 'NONE', *, *, #1147, .F. ) ;
#1674 = PLANE ( 'NONE',  #1064 ) ;
#1675 = CARTESIAN_POINT ( 'NONE',  ( 0.4452999999999997516, 2.375000000000000000, -3.500000000000000000 ) ) ;
#1676 = VECTOR ( 'NONE', #1809, 39.37007874015748143 ) ;
#1677 = LINE ( 'NONE', #1179, #985 ) ;
#1678 = ADVANCED_FACE ( 'NONE', ( #890 ), #1915, .F. ) ;
#1679 = ORIENTED_EDGE ( 'NONE', *, *, #2008, .F. ) ;
#1680 = VECTOR ( 'NONE', #1034, 39.37007874015748143 ) ;
#1681 = CARTESIAN_POINT ( 'NONE',  ( -0.07499999999999920619, -2.500000000000000444, 2.500000000000000000 ) ) ;
#1682 = ORIENTED_EDGE ( 'NONE', *, *, #1476, .T. ) ;
#1683 = ORIENTED_EDGE ( 'NONE', *, *, #236, .T. ) ;
#1684 = DIRECTION ( 'NONE',  ( -1.000000000000000000, -0.000000000000000000, -0.000000000000000000 ) ) ;
#1685 = CARTESIAN_POINT ( 'NONE',  ( 0.4452999999999635583, -2.374999999999999556, -3.500000000000000000 ) ) ;
#1686 = ADVANCED_FACE ( 'NONE', ( #1547 ), #725, .F. ) ;
#1687 = VECTOR ( 'NONE', #670, 39.37007874015748854 ) ;
#1688 = CARTESIAN_POINT ( 'NONE',  ( 1.167685181695797381, 3.250000000000000000, -3.256492189925324965 ) ) ;
#1689 = VERTEX_POINT ( 'NONE', #108 ) ;
#1690 = CARTESIAN_POINT ( 'NONE',  ( -1.250000000000000888, -3.249999999999999556, -3.250000000000000000 ) ) ;
#1691 = ORIENTED_EDGE ( 'NONE', *, *, #737, .T. ) ;
#1692 = DIRECTION ( 'NONE',  ( -0.7929341717999960348, -0.000000000000000000, -0.6093073109620911199 ) ) ;
#1693 = LINE ( 'NONE', #2054, #522 ) ;
#1694 = CARTESIAN_POINT ( 'NONE',  ( 1.159236441382018645, 3.250000000000000000, -3.250000000000000000 ) ) ;
#1695 = EDGE_CURVE ( 'NONE', #594, #1020, #1757, .T. ) ;
#1696 = ORIENTED_EDGE ( 'NONE', *, *, #1550, .F. ) ;
#1697 = CARTESIAN_POINT ( 'NONE',  ( -0.2753078699534479701, -3.450000000000000178, 3.500000000000000888 ) ) ;
#1698 = CARTESIAN_POINT ( 'NONE',  ( 0.3660714285714285476, -3.299999999999999822, 3.250000000000000000 ) ) ;
#1699 = ADVANCED_FACE ( 'NONE', ( #1249 ), #2061, .T. ) ;
#1700 = ORIENTED_EDGE ( 'NONE', *, *, #1490, .T. ) ;
#1701 = CARTESIAN_POINT ( 'NONE',  ( 0.2833333333333329929, 3.449999999999997957, 3.500000000000000888 ) ) ;
#1702 = EDGE_LOOP ( 'NONE', ( #1700, #34, #487, #51 ) ) ;
#1703 = LINE ( 'NONE', #60, #1680 ) ;
#1704 = DIRECTION ( 'NONE',  ( 0.000000000000000000, 1.000000000000000000, 0.000000000000000000 ) ) ;
#1705 = AXIS2_PLACEMENT_3D ( 'NONE', #1063, #892, #274 ) ;
#1706 = CIRCLE ( 'NONE', #2097, 0.2421999999999995268 ) ;
#1707 = FACE_OUTER_BOUND ( 'NONE', #261, .T. ) ;
#1708 = AXIS2_PLACEMENT_3D ( 'NONE', #260, #2047, #1880 ) ;
#1709 = PLANE ( 'NONE',  #12 ) ;
#1710 = DIRECTION ( 'NONE',  ( -0.4974973361348161149, 0.5773502691896211791, 0.6474280401754574088 ) ) ;
#1711 = EDGE_CURVE ( 'NONE', #686, #303, #1412, .T. ) ;
#1712 = DIRECTION ( 'NONE',  ( 0.1298437985064724576, 0.000000000000000000, 0.9915344613221522829 ) ) ;
#1713 = EDGE_CURVE ( 'NONE', #2016, #1055, #695, .T. ) ;
#1714 = EDGE_LOOP ( 'NONE', ( #1319, #865, #809, #1103 ) ) ;
#1715 = DIRECTION ( 'NONE',  ( 0.000000000000000000, -0.000000000000000000, 1.000000000000000000 ) ) ;
#1716 = ORIENTED_EDGE ( 'NONE', *, *, #9, .T. ) ;
#1717 = CARTESIAN_POINT ( 'NONE',  ( -0.3214834409216232314, 3.255789473684210122, 3.249999999999999556 ) ) ;
#1718 = PLANE ( 'NONE',  #1748 ) ;
#1719 = CARTESIAN_POINT ( 'NONE',  ( 0.07500000000000014988, 1.999999999999999334, 2.000000000000000000 ) ) ;
#1720 = DIRECTION ( 'NONE',  ( -0.4974973361348110634, 0.5773502691896229555, -0.6474280401754596292 ) ) ;
#1721 = CARTESIAN_POINT ( 'NONE',  ( -0.4453000000000009173, 2.375000000000130562, -3.500000000000000000 ) ) ;
#1722 = ORIENTED_EDGE ( 'NONE', *, *, #40, .T. ) ;
#1723 = CARTESIAN_POINT ( 'NONE',  ( 0.1250000000000000000, -2.549999999999999822, -2.000000000000000000 ) ) ;
#1724 = EDGE_CURVE ( 'NONE', #1587, #191, #715, .T. ) ;
#1725 = VERTEX_POINT ( 'NONE', #880 ) ;
#1726 = DIRECTION ( 'NONE',  ( 0.000000000000000000, -0.000000000000000000, 1.000000000000000000 ) ) ;
#1727 = CARTESIAN_POINT ( 'NONE',  ( -0.2753078699534479701, -3.450000000000000178, 3.500000000000000888 ) ) ;
#1728 = CARTESIAN_POINT ( 'NONE',  ( -0.9297000000000364972, -2.374999999999999556, -3.500000000000000000 ) ) ;
#1729 = DIRECTION ( 'NONE',  ( 0.000000000000000000, -1.000000000000000000, 0.000000000000000000 ) ) ;
#1730 = CARTESIAN_POINT ( 'NONE',  ( 0.6874999999999993339, 2.375000000000000000, -3.500000000000000000 ) ) ;
#1731 = DIRECTION ( 'NONE',  ( 0.000000000000000000, -0.000000000000000000, -1.000000000000000000 ) ) ;
#1732 = ORIENTED_EDGE ( 'NONE', *, *, #399, .F. ) ;
#1733 = DIRECTION ( 'NONE',  ( 0.7011207413810434108, -0.7071067811865484609, 0.09181343041894605983 ) ) ;
#1734 = EDGE_CURVE ( 'NONE', #690, #1981, #580, .T. ) ;
#1735 = ORIENTED_EDGE ( 'NONE', *, *, #677, .T. ) ;
#1736 = CARTESIAN_POINT ( 'NONE',  ( -1.250000000000000888, -2.500000000000000444, 2.500000000000000000 ) ) ;
#1737 = ORIENTED_EDGE ( 'NONE', *, *, #379, .F. ) ;
#1738 = LINE ( 'NONE', #404, #2050 ) ;
#1739 = CARTESIAN_POINT ( 'NONE',  ( -0.2894540615865278110, 3.500000000000000000, 3.450000000000000178 ) ) ;
#1740 = CARTESIAN_POINT ( 'NONE',  ( 0.6874999999999993339, 2.375000000000000000, -3.250000000000000000 ) ) ;
#1741 = DIRECTION ( 'NONE',  ( -0.000000000000000000, -0.000000000000000000, -1.000000000000000000 ) ) ;
#1742 = CIRCLE ( 'NONE', #249, 0.5500000000000009326 ) ;
#1743 = CARTESIAN_POINT ( 'NONE',  ( -1.224276911470815410, 3.469472111715918849, -3.453534808117104671 ) ) ;
#1744 = AXIS2_PLACEMENT_3D ( 'NONE', #745, #46, #80 ) ;
#1745 = EDGE_LOOP ( 'NONE', ( #1850, #83, #1172, #2020 ) ) ;
#1746 = FACE_OUTER_BOUND ( 'NONE', #1812, .T. ) ;
#1747 = VECTOR ( 'NONE', #1487, 39.37007874015748143 ) ;
#1748 = AXIS2_PLACEMENT_3D ( 'NONE', #405, #427, #887 ) ;
#1749 = EDGE_LOOP ( 'NONE', ( #818, #754, #1922, #1198 ) ) ;
#1750 = CARTESIAN_POINT ( 'NONE',  ( -0.1250000000000000000, 1.999999999999999334, 2.550000000000001155 ) ) ;
#1751 = ORIENTED_EDGE ( 'NONE', *, *, #1317, .T. ) ;
#1752 = CARTESIAN_POINT ( 'NONE',  ( -0.07499999999999920619, -2.500000000000000000, -2.500000000000000000 ) ) ;
#1753 = CARTESIAN_POINT ( 'NONE',  ( 0.1250000000000000000, 1.999999999999999334, 2.549999999999999822 ) ) ;
#1754 = VERTEX_POINT ( 'NONE', #1423 ) ;
#1755 = EDGE_CURVE ( 'NONE', #952, #682, #1046, .T. ) ;
#1756 = CARTESIAN_POINT ( 'NONE',  ( 0.1249999999999999029, 1.999999999999999334, 2.000000000000000000 ) ) ;
#1757 = LINE ( 'NONE', #740, #632 ) ;
#1758 = EDGE_LOOP ( 'NONE', ( #186, #1104, #197, #1933 ) ) ;
#1759 = DIRECTION ( 'NONE',  ( 0.000000000000000000, 1.000000000000000000, 0.000000000000000000 ) ) ;
#1760 = CIRCLE ( 'NONE', #814, 0.5499999999999998224 ) ;
#1761 = ORIENTED_EDGE ( 'NONE', *, *, #1238, .T. ) ;
#1762 = ORIENTED_EDGE ( 'NONE', *, *, #708, .T. ) ;
#1763 = LINE ( 'NONE', #1910, #1569 ) ;
#1764 = CARTESIAN_POINT ( 'NONE',  ( -0.1250000000000000000, -3.249999999999999556, 3.249999999999999556 ) ) ;
#1765 = DIRECTION ( 'NONE',  ( 0.7071067811865472397, 0.000000000000000000, -0.7071067811865476838 ) ) ;
#1766 = CARTESIAN_POINT ( 'NONE',  ( -0.6875000000000368594, -2.374999999999999556, -3.250000000000000000 ) ) ;
#1767 = EDGE_CURVE ( 'NONE', #1433, #2111, #604, .T. ) ;
#1768 = EDGE_LOOP ( 'NONE', ( #1898, #627 ) ) ;
#1769 = CARTESIAN_POINT ( 'NONE',  ( 0.000000000000000000, -3.500000000000000000, 0.000000000000000000 ) ) ;
#1770 = ADVANCED_FACE ( 'NONE', ( #928 ), #568, .T. ) ;
#1771 = ORIENTED_EDGE ( 'NONE', *, *, #316, .T. ) ;
#1772 = ORIENTED_EDGE ( 'NONE', *, *, #609, .T. ) ;
#1773 = DIRECTION ( 'NONE',  ( -0.5177251448073537654, -0.5272751185424997544, 0.6737519007766860080 ) ) ;
#1774 = FACE_OUTER_BOUND ( 'NONE', #997, .T. ) ;
#1775 = VERTEX_POINT ( 'NONE', #917 ) ;
#1776 = AXIS2_PLACEMENT_3D ( 'NONE', #1756, #1557, #1397 ) ;
#1777 = EDGE_CURVE ( 'NONE', #1511, #1835, #1060, .T. ) ;
#1778 = EDGE_CURVE ( 'NONE', #1350, #1511, #1593, .T. ) ;
#1779 = DIRECTION ( 'NONE',  ( 0.000000000000000000, 0.000000000000000000, -1.000000000000000000 ) ) ;
#1780 = AXIS2_PLACEMENT_3D ( 'NONE', #1989, #499, #488 ) ;
#1781 = EDGE_CURVE ( 'NONE', #176, #1689, #1083, .T. ) ;
#1782 = AXIS2_PLACEMENT_3D ( 'NONE', #1273, #272, #1237 ) ;
#1783 = VECTOR ( 'NONE', #978, 39.37007874015748143 ) ;
#1784 = ORIENTED_EDGE ( 'NONE', *, *, #867, .F. ) ;
#1785 = ORIENTED_EDGE ( 'NONE', *, *, #2142, .T. ) ;
#1786 = DIRECTION ( 'NONE',  ( 0.000000000000000000, -1.000000000000000000, 0.000000000000000000 ) ) ;
#1787 = APPLICATION_CONTEXT ( 'automotive_design' ) ;
#1788 = CARTESIAN_POINT ( 'NONE',  ( 0.07500000000000014988, -2.000000000000000444, 2.000000000000000000 ) ) ;
#1789 = CARTESIAN_POINT ( 'NONE',  ( -0.4453000000000371106, -2.374999999999999556, -3.500000000000000000 ) ) ;
#1790 = ORIENTED_EDGE ( 'NONE', *, *, #1893, .F. ) ;
#1791 = FACE_OUTER_BOUND ( 'NONE', #1885, .T. ) ;
#1792 = CIRCLE ( 'NONE', #2000, 0.5000000000000001110 ) ;
#1793 = EDGE_CURVE ( 'NONE', #57, #682, #2085, .T. ) ;
#1794 = ORIENTED_EDGE ( 'NONE', *, *, #2142, .F. ) ;
#1795 = ORIENTED_EDGE ( 'NONE', *, *, #721, .T. ) ;
#1796 = CYLINDRICAL_SURFACE ( 'NONE', #2131, 0.2421999999999997488 ) ;
#1797 = LINE ( 'NONE', #278, #1889 ) ;
#1798 = LINE ( 'NONE', #317, #662 ) ;
#1799 = PLANE ( 'NONE',  #1051 ) ;
#1800 = ORIENTED_EDGE ( 'NONE', *, *, #1396, .F. ) ;
#1801 = LINE ( 'NONE', #816, #872 ) ;
#1802 = ORIENTED_EDGE ( 'NONE', *, *, #2066, .T. ) ;
#1803 = EDGE_LOOP ( 'NONE', ( #933, #994, #238, #850, #2076 ) ) ;
#1804 = FACE_OUTER_BOUND ( 'NONE', #1803, .T. ) ;
#1805 = PRODUCT_RELATED_PRODUCT_CATEGORY ( 'part', '', ( #581 ) ) ;
#1806 = ADVANCED_FACE ( 'NONE', ( #1098 ), #1799, .F. ) ;
#1807 = DIRECTION ( 'NONE',  ( 0.000000000000000000, 1.000000000000000000, 0.000000000000000000 ) ) ;
#1808 = CARTESIAN_POINT ( 'NONE',  ( -0.07499999999999920619, -2.500000000000000000, -2.000000000000000000 ) ) ;
#1809 = DIRECTION ( 'NONE',  ( 0.000000000000000000, 1.000000000000000000, 0.000000000000000000 ) ) ;
#1810 = AXIS2_PLACEMENT_3D ( 'NONE', #1316, #1779, #2133 ) ;
#1811 = PRESENTATION_LAYER_ASSIGNMENT (  '', '', ( #215 ) ) ;
#1812 = EDGE_LOOP ( 'NONE', ( #1277, #1772, #1896, #1462, #2135, #678 ) ) ;
#1813 = VECTOR ( 'NONE', #53, 39.37007874015748143 ) ;
#1814 = EDGE_LOOP ( 'NONE', ( #155, #1066 ) ) ;
#1815 = DIRECTION ( 'NONE',  ( 0.000000000000000000, 1.000000000000000000, 1.092739197465705287E-16 ) ) ;
#1816 = VECTOR ( 'NONE', #1704, 39.37007874015748143 ) ;
#1817 = ORIENTED_EDGE ( 'NONE', *, *, #998, .T. ) ;
#1818 = DIRECTION ( 'NONE',  ( -1.000000000000000000, 0.000000000000000000, 0.000000000000000000 ) ) ;
#1819 = PLANE ( 'NONE',  #1014 ) ;
#1820 = CARTESIAN_POINT ( 'NONE',  ( -1.197372211101659811, -3.468838520253435753, -3.481161479746563536 ) ) ;
#1821 = EDGE_CURVE ( 'NONE', #252, #952, #1150, .T. ) ;
#1822 = ORIENTED_EDGE ( 'NONE', *, *, #324, .F. ) ;
#1823 = PLANE ( 'NONE',  #1533 ) ;
#1824 = ORIENTED_EDGE ( 'NONE', *, *, #237, .F. ) ;
#1825 = VERTEX_POINT ( 'NONE', #643 ) ;
#1826 = CARTESIAN_POINT ( 'NONE',  ( 0.3408675799086757219, -3.450000000000000178, 3.442465753424658104 ) ) ;
#1827 = LINE ( 'NONE', #360, #25 ) ;
#1828 = DIRECTION ( 'NONE',  ( 0.000000000000000000, 0.000000000000000000, -1.000000000000000000 ) ) ;
#1829 = FACE_OUTER_BOUND ( 'NONE', #1126, .T. ) ;
#1830 = EDGE_LOOP ( 'NONE', ( #1389, #376, #1185, #945 ) ) ;
#1831 = DIRECTION ( 'NONE',  ( -0.7104801354996109763, -0.7036920417600616151, 0.005957132196784008758 ) ) ;
#1832 = EDGE_CURVE ( 'NONE', #92, #1061, #1305, .T. ) ;
#1833 = VERTEX_POINT ( 'NONE', #2149 ) ;
#1834 = ADVANCED_FACE ( 'NONE', ( #1774 ), #160, .F. ) ;
#1835 = VERTEX_POINT ( 'NONE', #792 ) ;
#1836 = FACE_OUTER_BOUND ( 'NONE', #1714, .T. ) ;
#1837 = LINE ( 'NONE', #193, #457 ) ;
#1838 = CARTESIAN_POINT ( 'NONE',  ( 0.3333333333333332593, 3.500000000000000000, 3.500000000000000888 ) ) ;
#1839 = ORIENTED_EDGE ( 'NONE', *, *, #1755, .F. ) ;
#1840 = DIRECTION ( 'NONE',  ( 0.7129693517763269206, -0.6933675957644215293, -0.1044800486768174275 ) ) ;
#1841 = ADVANCED_FACE ( 'NONE', ( #773 ), #1972, .T. ) ;
#1842 = ORIENTED_EDGE ( 'NONE', *, *, #1479, .T. ) ;
#1843 = EDGE_CURVE ( 'NONE', #930, #313, #1646, .T. ) ;
#1844 = VECTOR ( 'NONE', #115, 39.37007874015748143 ) ;
#1845 = VECTOR ( 'NONE', #714, 39.37007874015748143 ) ;
#1846 = CARTESIAN_POINT ( 'NONE',  ( -0.3313972214789672188, -3.249999999999999556, 3.129706779003197159 ) ) ;
#1847 = LINE ( 'NONE', #672, #1086 ) ;
#1848 = AXIS2_PLACEMENT_3D ( 'NONE', #901, #431, #556 ) ;
#1849 = DIRECTION ( 'NONE',  ( -1.000000000000000000, 0.000000000000000000, 0.000000000000000000 ) ) ;
#1850 = ORIENTED_EDGE ( 'NONE', *, *, #82, .T. ) ;
#1851 = CARTESIAN_POINT ( 'NONE',  ( -1.200000000000003064, 3.449999999999997957, -3.499999999999999112 ) ) ;
#1852 = ADVANCED_FACE ( 'NONE', ( #1460 ), #1635, .F. ) ;
#1853 = ORIENTED_EDGE ( 'NONE', *, *, #893, .T. ) ;
#1854 = CARTESIAN_POINT ( 'NONE',  ( 0.3408675799086757219, 3.449999999999997957, 3.442465753424658104 ) ) ;
#1855 = LINE ( 'NONE', #329, #1047 ) ;
#1856 = AXIS2_PLACEMENT_3D ( 'NONE', #70, #732, #1230 ) ;
#1857 = CARTESIAN_POINT ( 'NONE',  ( -0.1250000000000000000, -3.249999999999999556, 3.249999999999999556 ) ) ;
#1858 = ORIENTED_EDGE ( 'NONE', *, *, #1021, .F. ) ;
#1859 = CARTESIAN_POINT ( 'NONE',  ( -0.07499999999999920619, 2.000000000000000000, -2.000000000000000000 ) ) ;
#1860 = LINE ( 'NONE', #1481, #979 ) ;
#1861 = EDGE_LOOP ( 'NONE', ( #1567, #542, #1293, #1858, #1151 ) ) ;
#1862 = DIRECTION ( 'NONE',  ( -0.7127485804257623903, 0.7014196041607765331, 0.000000000000000000 ) ) ;
#1863 = EDGE_CURVE ( 'NONE', #1068, #1996, #310, .T. ) ;
#1864 = DIRECTION ( 'NONE',  ( 1.000000000000000000, -0.000000000000000000, -0.000000000000000000 ) ) ;
#1865 = CARTESIAN_POINT ( 'NONE',  ( 0.1250000000000000000, 2.549999999999999822, 2.786484953537548384E-16 ) ) ;
#1866 = EDGE_CURVE ( 'NONE', #2027, #597, #291, .T. ) ;
#1867 = FACE_OUTER_BOUND ( 'NONE', #1036, .T. ) ;
#1868 = LINE ( 'NONE', #675, #1878 ) ;
#1869 = DIRECTION ( 'NONE',  ( 0.000000000000000000, -1.092739197465705287E-16, 1.000000000000000000 ) ) ;
#1870 = ORIENTED_EDGE ( 'NONE', *, *, #254, .F. ) ;
#1871 = CIRCLE ( 'NONE', #1122, 0.5000000000000001110 ) ;
#1872 = CARTESIAN_POINT ( 'NONE',  ( 1.249999999999999334, 3.250000000000000000, -3.250000000000000000 ) ) ;
#1873 = CIRCLE ( 'NONE', #1744, 0.5000000000000001110 ) ;
#1874 = DIRECTION ( 'NONE',  ( 0.000000000000000000, 0.000000000000000000, -1.000000000000000000 ) ) ;
#1875 = CARTESIAN_POINT ( 'NONE',  ( 0.6874999999999993339, 2.375000000000000000, -3.500000000000000000 ) ) ;
#1876 = VECTOR ( 'NONE', #77, 39.37007874015748854 ) ;
#1877 = LINE ( 'NONE', #392, #1445 ) ;
#1878 = VECTOR ( 'NONE', #1831, 39.37007874015748854 ) ;
#1879 = CARTESIAN_POINT ( 'NONE',  ( -1.239810461352650162, -1.103092280015850024, -1.406521853688079915 ) ) ;
#1880 = DIRECTION ( 'NONE',  ( 0.000000000000000000, -1.000000000000000000, 0.000000000000000000 ) ) ;
#1881 = ADVANCED_FACE ( 'NONE', ( #1485, #2139, #653, #473, #1140 ), #1323, .T. ) ;
#1882 = ORIENTED_EDGE ( 'NONE', *, *, #966, .F. ) ;
#1883 = ORIENTED_EDGE ( 'NONE', *, *, #1647, .T. ) ;
#1884 = CARTESIAN_POINT ( 'NONE',  ( -1.223754094687229177, 3.250000000000000000, -3.299576723066107498 ) ) ;
#1885 = EDGE_LOOP ( 'NONE', ( #78, #607, #2001, #273 ) ) ;
#1886 = CARTESIAN_POINT ( 'NONE',  ( -0.3595792386461050816, -3.299999999999999822, 3.299576723066107053 ) ) ;
#1887 = CARTESIAN_POINT ( 'NONE',  ( -1.250000000000000888, 3.250000000000000000, -3.250000000000000000 ) ) ;
#1888 = DIRECTION ( 'NONE',  ( 1.000000000000000000, -0.000000000000000000, -0.000000000000000000 ) ) ;
#1889 = VECTOR ( 'NONE', #1625, 39.37007874015748854 ) ;
#1890 = CARTESIAN_POINT ( 'NONE',  ( -1.250000000000000888, -2.000000000000000000, -2.000000000000000000 ) ) ;
#1891 = DIRECTION ( 'NONE',  ( 0.000000000000000000, 1.000000000000000000, 0.000000000000000000 ) ) ;
#1892 = VERTEX_POINT ( 'NONE', #969 ) ;
#1893 = EDGE_CURVE ( 'NONE', #1214, #1466, #154, .T. ) ;
#1894 = ADVANCED_FACE ( 'NONE', ( #461 ), #146, .T. ) ;
#1895 = CARTESIAN_POINT ( 'NONE',  ( -0.07499999999999920619, -2.000000000000000000, -2.500000000000000000 ) ) ;
#1896 = ORIENTED_EDGE ( 'NONE', *, *, #1993, .T. ) ;
#1897 = CARTESIAN_POINT ( 'NONE',  ( 0.3214834409216217326, 3.255789473684208346, 3.249999999999999556 ) ) ;
#1898 = ORIENTED_EDGE ( 'NONE', *, *, #1527, .F. ) ;
#1899 = DIRECTION ( 'NONE',  ( 0.08623769699394125132, 0.7044725188455553955, -0.7044725188455399634 ) ) ;
#1900 =( NAMED_UNIT ( * ) SI_UNIT ( $, .STERADIAN. ) SOLID_ANGLE_UNIT ( ) );
#1901 = LINE ( 'NONE', #1591, #2107 ) ;
#1902 = DIRECTION ( 'NONE',  ( 0.000000000000000000, 0.000000000000000000, 1.000000000000000000 ) ) ;
#1903 = DIRECTION ( 'NONE',  ( -0.7071067811865472397, 0.000000000000000000, -0.7071067811865476838 ) ) ;
#1904 = VERTEX_POINT ( 'NONE', #1473 ) ;
#1905 = FACE_BOUND ( 'NONE', #1973, .T. ) ;
#1906 = EDGE_CURVE ( 'NONE', #860, #930, #1470, .T. ) ;
#1907 = VERTEX_POINT ( 'NONE', #1602 ) ;
#1908 = DIRECTION ( 'NONE',  ( 0.000000000000000000, 0.000000000000000000, -1.000000000000000000 ) ) ;
#1909 = ORIENTED_EDGE ( 'NONE', *, *, #9, .F. ) ;
#1910 = CARTESIAN_POINT ( 'NONE',  ( -1.244210526315790544, -3.450000000000000178, -3.455789473684212521 ) ) ;
#1911 =( NAMED_UNIT ( * ) PLANE_ANGLE_UNIT ( ) SI_UNIT ( $, .RADIAN. ) );
#1912 = LINE ( 'NONE', #416, #1478 ) ;
#1913 = DIRECTION ( 'NONE',  ( -1.000000000000000000, 0.000000000000000000, 0.000000000000000000 ) ) ;
#1914 = AXIS2_PLACEMENT_3D ( 'NONE', #262, #931, #595 ) ;
#1915 = PLANE ( 'NONE',  #216 ) ;
#1916 = AXIS2_PLACEMENT_3D ( 'NONE', #1344, #821, #27 ) ;
#1917 = AXIS2_PLACEMENT_3D ( 'NONE', #479, #1733, #1434 ) ;
#1918 = ORIENTED_EDGE ( 'NONE', *, *, #769, .F. ) ;
#1919 = LINE ( 'NONE', #1585, #975 ) ;
#1920 = VECTOR ( 'NONE', #245, 39.37007874015748143 ) ;
#1921 = VECTOR ( 'NONE', #2026, 39.37007874015748143 ) ;
#1922 = ORIENTED_EDGE ( 'NONE', *, *, #2007, .T. ) ;
#1923 = VERTEX_POINT ( 'NONE', #960 ) ;
#1924 = LINE ( 'NONE', #1429, #1018 ) ;
#1925 = EDGE_CURVE ( 'NONE', #952, #806, #449, .T. ) ;
#1926 = LINE ( 'NONE', #1614, #1376 ) ;
#1927 = LINE ( 'NONE', #968, #1604 ) ;
#1928 = CARTESIAN_POINT ( 'NONE',  ( 0.07500000000000014988, 2.000000000000000000, -2.000000000000000000 ) ) ;
#1929 = EDGE_LOOP ( 'NONE', ( #1092, #1771, #663, #500 ) ) ;
#1930 = EDGE_CURVE ( 'NONE', #1518, #645, #992, .T. ) ;
#1931 = LINE ( 'NONE', #2077, #1192 ) ;
#1932 = AXIS2_PLACEMENT_3D ( 'NONE', #1450, #2125, #967 ) ;
#1933 = ORIENTED_EDGE ( 'NONE', *, *, #1941, .F. ) ;
#1934 = ORIENTED_EDGE ( 'NONE', *, *, #1391, .T. ) ;
#1935 = CARTESIAN_POINT ( 'NONE',  ( 0.9296999999999626674, -2.374999999999999556, -3.500000000000000000 ) ) ;
#1936 = DIRECTION ( 'NONE',  ( 0.000000000000000000, 0.000000000000000000, 1.000000000000000000 ) ) ;
#1937 = ADVANCED_FACE ( 'NONE', ( #1829 ), #1607, .F. ) ;
#1938 = CARTESIAN_POINT ( 'NONE',  ( 0.9296999999999990827, 2.375000000000000000, -3.250000000000000000 ) ) ;
#1939 = CARTESIAN_POINT ( 'NONE',  ( 0.3408675799086757219, -3.450000000000000178, 3.442465753424658104 ) ) ;
#1940 = DIRECTION ( 'NONE',  ( 0.000000000000000000, 1.000000000000000000, 0.000000000000000000 ) ) ;
#1941 = EDGE_CURVE ( 'NONE', #1689, #207, #822, .T. ) ;
#1942 = CARTESIAN_POINT ( 'NONE',  ( -1.193025490157958002, -3.500000000000000000, -3.449999999999999734 ) ) ;
#1943 = VERTEX_POINT ( 'NONE', #370 ) ;
#1944 = ORIENTED_EDGE ( 'NONE', *, *, #1711, .T. ) ;
#1945 = DIRECTION ( 'NONE',  ( 0.7929341717999878192, 0.000000000000000000, -0.6093073109621017780 ) ) ;
#1946 = SHAPE_DEFINITION_REPRESENTATION ( #66, #32 ) ;
#1947 = CARTESIAN_POINT ( 'NONE',  ( -0.07499999999999920619, -2.000000000000000444, 2.500000000000000000 ) ) ;
#1948 = CARTESIAN_POINT ( 'NONE',  ( -0.6875000000000368594, -2.374999999999999556, -3.500000000000000000 ) ) ;
#1949 = ORIENTED_EDGE ( 'NONE', *, *, #981, .T. ) ;
#1950 = VECTOR ( 'NONE', #1994, 39.37007874015748143 ) ;
#1951 = VECTOR ( 'NONE', #1741, 39.37007874015748143 ) ;
#1952 = DIRECTION ( 'NONE',  ( 1.000000000000000000, 0.000000000000000000, 0.000000000000000000 ) ) ;
#1953 = EDGE_CURVE ( 'NONE', #442, #2019, #194, .T. ) ;
#1954 = VECTOR ( 'NONE', #1869, 39.37007874015748143 ) ;
#1955 = AXIS2_PLACEMENT_3D ( 'NONE', #1859, #1027, #196 ) ;
#1956 = ORIENTED_EDGE ( 'NONE', *, *, #1308, .F. ) ;
#1957 = ORIENTED_EDGE ( 'NONE', *, *, #1174, .F. ) ;
#1958 = LINE ( 'NONE', #1105, #352 ) ;
#1959 = FACE_OUTER_BOUND ( 'NONE', #409, .T. ) ;
#1960 = DIRECTION ( 'NONE',  ( -0.1298437985064724576, 0.000000000000000000, -0.9915344613221522829 ) ) ;
#1961 = CARTESIAN_POINT ( 'NONE',  ( 0.07500000000000014988, 2.499999999999999556, 2.000000000000000000 ) ) ;
#1962 = EDGE_LOOP ( 'NONE', ( #1310, #484, #1967, #284 ) ) ;
#1963 = DIRECTION ( 'NONE',  ( 0.000000000000000000, -1.000000000000000000, 0.000000000000000000 ) ) ;
#1964 = EDGE_CURVE ( 'NONE', #648, #1446, #49, .T. ) ;
#1965 = EDGE_CURVE ( 'NONE', #1991, #1255, #172, .T. ) ;
#1966 = VECTOR ( 'NONE', #1207, 39.37007874015748854 ) ;
#1967 = ORIENTED_EDGE ( 'NONE', *, *, #776, .T. ) ;
#1968 = EDGE_LOOP ( 'NONE', ( #1497, #126, #1424, #1176 ) ) ;
#1969 = CARTESIAN_POINT ( 'NONE',  ( 1.223754094687227623, 3.299999999999998490, -3.299576723066108386 ) ) ;
#1970 = CARTESIAN_POINT ( 'NONE',  ( -0.07499999999999920619, -2.500000000000000000, -2.000000000000000000 ) ) ;
#1971 = CARTESIAN_POINT ( 'NONE',  ( -0.9297000000000363862, -2.374999999999999556, -3.500000000000000000 ) ) ;
#1972 = PLANE ( 'NONE',  #1573 ) ;
#1973 = EDGE_LOOP ( 'NONE', ( #793, #1427, #1401, #2083, #1141, #1370, #1999, #718 ) ) ;
#1974 = CARTESIAN_POINT ( 'NONE',  ( 0.1250000000000000000, -2.000000000000000444, 2.549999999999999822 ) ) ;
#1975 = VERTEX_POINT ( 'NONE', #1694 ) ;
#1976 = PLANE ( 'NONE',  #1780 ) ;
#1977 = EDGE_CURVE ( 'NONE', #2019, #1166, #1539, .T. ) ;
#1978 = DIRECTION ( 'NONE',  ( -1.000000000000000000, 0.000000000000000000, 0.000000000000000000 ) ) ;
#1979 = CARTESIAN_POINT ( 'NONE',  ( -0.3156445377770064620, 3.250000000000000000, 3.249999999999999556 ) ) ;
#1980 = DIRECTION ( 'NONE',  ( 0.000000000000000000, 0.000000000000000000, -1.000000000000000000 ) ) ;
#1981 = VERTEX_POINT ( 'NONE', #1335 ) ;
#1982 = PLANE ( 'NONE',  #1502 ) ;
#1983 = CIRCLE ( 'NONE', #1327, 0.2421999999999995268 ) ;
#1984 = VECTOR ( 'NONE', #1262, 39.37007874015748143 ) ;
#1985 = CONICAL_SURFACE ( 'NONE', #151, 0.5499999999999998224, 0.7853981633974490562 ) ;
#1986 = VERTEX_POINT ( 'NONE', #863 ) ;
#1987 = VECTOR ( 'NONE', #1260, 39.37007874015747433 ) ;
#1988 = ORIENTED_EDGE ( 'NONE', *, *, #504, .T. ) ;
#1989 = CARTESIAN_POINT ( 'NONE',  ( 0.3333333333333332593, 3.449999999999997957, 3.500000000000000888 ) ) ;
#1990 = AXIS2_PLACEMENT_3D ( 'NONE', #1494, #1656, #1524 ) ;
#1991 = VERTEX_POINT ( 'NONE', #1688 ) ;
#1992 = PLANE ( 'NONE',  #1345 ) ;
#1993 = EDGE_CURVE ( 'NONE', #508, #785, #1170, .T. ) ;
#1994 = DIRECTION ( 'NONE',  ( 1.000000000000000000, 0.000000000000000000, -2.185478394931410575E-16 ) ) ;
#1995 = CARTESIAN_POINT ( 'NONE',  ( 0.2894540615865287547, -3.500000000000000000, 3.450000000000001066 ) ) ;
#1996 = VERTEX_POINT ( 'NONE', #2015 ) ;
#1997 = CARTESIAN_POINT ( 'NONE',  ( -1.250000000000000888, 3.500000000000000000, -3.449999999999998401 ) ) ;
#1998 = ADVANCED_FACE ( 'NONE', ( #700 ), #2005, .F. ) ;
#1999 = ORIENTED_EDGE ( 'NONE', *, *, #584, .T. ) ;
#2000 = AXIS2_PLACEMENT_3D ( 'NONE', #1788, #1279, #958 ) ;
#2001 = ORIENTED_EDGE ( 'NONE', *, *, #620, .T. ) ;
#2002 = LINE ( 'NONE', #1328, #119 ) ;
#2003 = FACE_OUTER_BOUND ( 'NONE', #1229, .T. ) ;
#2004 = CARTESIAN_POINT ( 'NONE',  ( -0.6875000000000368594, -2.374999999999999556, -3.500000000000000000 ) ) ;
#2005 = CYLINDRICAL_SURFACE ( 'NONE', #636, 0.2421999999999998043 ) ;
#2006 = UNCERTAINTY_MEASURE_WITH_UNIT (LENGTH_MEASURE( 1.000000000000000082E-05 ), #289, 'distance_accuracy_value', 'NONE');
#2007 = EDGE_CURVE ( 'NONE', #1584, #796, #1506, .T. ) ;
#2008 = EDGE_CURVE ( 'NONE', #930, #860, #1228, .T. ) ;
#2009 = ORIENTED_EDGE ( 'NONE', *, *, #344, .T. ) ;
#2010 = DIRECTION ( 'NONE',  ( 1.000000000000000000, 0.000000000000000000, -2.185478394931410575E-16 ) ) ;
#2011 = ADVANCED_FACE ( 'NONE', ( #37, #681 ), #21, .F. ) ;
#2012 = ORIENTED_EDGE ( 'NONE', *, *, #893, .F. ) ;
#2013 = FACE_OUTER_BOUND ( 'NONE', #841, .T. ) ;
#2014 = CARTESIAN_POINT ( 'NONE',  ( -1.250000000000000888, -3.249999999999999556, -3.250000000000000000 ) ) ;
#2015 = CARTESIAN_POINT ( 'NONE',  ( 0.1250000000000000000, -3.249999999999999556, -3.250000000000000000 ) ) ;
#2016 = VERTEX_POINT ( 'NONE', #210 ) ;
#2017 = DIRECTION ( 'NONE',  ( 0.000000000000000000, -0.000000000000000000, 1.000000000000000000 ) ) ;
#2018 = EDGE_CURVE ( 'NONE', #1055, #1640, #1677, .T. ) ;
#2019 = VERTEX_POINT ( 'NONE', #661 ) ;
#2020 = ORIENTED_EDGE ( 'NONE', *, *, #1219, .F. ) ;
#2021 = CIRCLE ( 'NONE', #1222, 0.2421999999999998043 ) ;
#2022 = VECTOR ( 'NONE', #800, 39.37007874015747433 ) ;
#2023 = CARTESIAN_POINT ( 'NONE',  ( 0.6874999999999631406, -2.374999999999999556, -3.500000000000000000 ) ) ;
#2024 = DIRECTION ( 'NONE',  ( -0.1298437985064721800, 0.000000000000000000, 0.9915344613221522829 ) ) ;
#2025 = AXIS2_PLACEMENT_3D ( 'NONE', #1118, #802, #784 ) ;
#2026 = DIRECTION ( 'NONE',  ( -0.000000000000000000, -0.000000000000000000, -1.000000000000000000 ) ) ;
#2027 = VERTEX_POINT ( 'NONE', #1013 ) ;
#2028 = FACE_OUTER_BOUND ( 'NONE', #1830, .T. ) ;
#2029 = ADVANCED_FACE ( 'NONE', ( #1354 ), #519, .F. ) ;
#2030 = DIMENSIONAL_EXPONENTS ( 1.000000000000000000, 0.000000000000000000, 0.000000000000000000, 0.000000000000000000, 0.000000000000000000, 0.000000000000000000, 0.000000000000000000 ) ;
#2031 = ORIENTED_EDGE ( 'NONE', *, *, #1863, .F. ) ;
#2032 = CARTESIAN_POINT ( 'NONE',  ( -0.3164947055053211611, -3.249999999999999556, 3.243507810074675923 ) ) ;
#2033 = LINE ( 'NONE', #862, #1508 ) ;
#2034 = AXIS2_PLACEMENT_3D ( 'NONE', #72, #1096, #2058 ) ;
#2035 = FACE_OUTER_BOUND ( 'NONE', #1628, .T. ) ;
#2036 = ORIENTED_EDGE ( 'NONE', *, *, #1396, .T. ) ;
#2037 = DIRECTION ( 'NONE',  ( 0.7101061082878767916, 0.7040946775627878740, 0.000000000000000000 ) ) ;
#2038 = FACE_OUTER_BOUND ( 'NONE', #346, .T. ) ;
#2039 = CARTESIAN_POINT ( 'NONE',  ( 0.1250000000000000000, -2.549999999999999822, 2.000000000000000000 ) ) ;
#2040 = ORIENTED_EDGE ( 'NONE', *, *, #858, .T. ) ;
#2041 = DIRECTION ( 'NONE',  ( 1.000000000000000000, 0.000000000000000000, -0.000000000000000000 ) ) ;
#2042 = DIRECTION ( 'NONE',  ( 0.000000000000000000, -0.000000000000000000, 1.000000000000000000 ) ) ;
#2043 = EDGE_CURVE ( 'NONE', #303, #1552, #50, .T. ) ;
#2044 = CARTESIAN_POINT ( 'NONE',  ( -1.193025490157956892, 3.500000000000000000, -3.449999999999998401 ) ) ;
#2045 = DIRECTION ( 'NONE',  ( -0.000000000000000000, -1.092739197465705287E-16, 1.000000000000000000 ) ) ;
#2046 = PLANE ( 'NONE',  #81 ) ;
#2047 = DIRECTION ( 'NONE',  ( 0.7071067811865432429, 0.000000000000000000, 0.7071067811865519026 ) ) ;
#2048 = FACE_OUTER_BOUND ( 'NONE', #1597, .T. ) ;
#2049 = ORIENTED_EDGE ( 'NONE', *, *, #1551, .T. ) ;
#2050 = VECTOR ( 'NONE', #1069, 39.37007874015748854 ) ;
#2051 = CARTESIAN_POINT ( 'NONE',  ( 1.243507810074675257, 3.449999999999997957, -3.450423276933890282 ) ) ;
#2052 = VECTOR ( 'NONE', #1149, 39.37007874015748143 ) ;
#2053 = VERTEX_POINT ( 'NONE', #1995 ) ;
#2054 = CARTESIAN_POINT ( 'NONE',  ( 1.217261904761903990, 3.299999999999998490, -3.250000000000000000 ) ) ;
#2055 = DIRECTION ( 'NONE',  ( -0.000000000000000000, -0.000000000000000000, -1.000000000000000000 ) ) ;
#2056 = VECTOR ( 'NONE', #1963, 39.37007874015748143 ) ;
#2057 = EDGE_CURVE ( 'NONE', #983, #176, #503, .T. ) ;
#2058 = DIRECTION ( 'NONE',  ( 0.000000000000000000, 0.000000000000000000, -1.000000000000000000 ) ) ;
#2059 = VECTOR ( 'NONE', #1891, 39.37007874015748143 ) ;
#2060 = CARTESIAN_POINT ( 'NONE',  ( 1.193025490157955337, 3.500000000000000000, -3.449999999999998845 ) ) ;
#2061 = PLANE ( 'NONE',  #1848 ) ;
#2062 = AXIS2_PLACEMENT_3D ( 'NONE', #204, #492, #854 ) ;
#2063 = VECTOR ( 'NONE', #209, 39.37007874015748854 ) ;
#2064 = VERTEX_POINT ( 'NONE', #1739 ) ;
#2065 = CARTESIAN_POINT ( 'NONE',  ( 0.3333333333333332593, 3.500000000000000000, 3.450000000000000178 ) ) ;
#2066 = EDGE_CURVE ( 'NONE', #1904, #1019, #1095, .T. ) ;
#2067 = ORIENTED_EDGE ( 'NONE', *, *, #845, .F. ) ;
#2068 = DIRECTION ( 'NONE',  ( 0.1298437985064724576, 0.000000000000000000, 0.9915344613221522829 ) ) ;
#2069 = ORIENTED_EDGE ( 'NONE', *, *, #356, .F. ) ;
#2070 = CARTESIAN_POINT ( 'NONE',  ( -0.6875000000000006661, 2.375000000000130562, -3.250000000000000000 ) ) ;
#2071 = DIRECTION ( 'NONE',  ( 0.000000000000000000, 0.000000000000000000, -1.000000000000000000 ) ) ;
#2072 = DIRECTION ( 'NONE',  ( 0.000000000000000000, -0.000000000000000000, 1.000000000000000000 ) ) ;
#2073 = AXIS2_PLACEMENT_3D ( 'NONE', #1288, #1107, #1148 ) ;
#2074 = CARTESIAN_POINT ( 'NONE',  ( -0.07499999999999920619, 2.000000000000000000, -2.500000000000000000 ) ) ;
#2075 = DIRECTION ( 'NONE',  ( 1.000000000000000000, -0.000000000000000000, -0.000000000000000000 ) ) ;
#2076 = ORIENTED_EDGE ( 'NONE', *, *, #3, .F. ) ;
#2077 = CARTESIAN_POINT ( 'NONE',  ( 0.07500000000000014988, -2.000000000000000000, -2.500000000000000000 ) ) ;
#2078 = EDGE_CURVE ( 'NONE', #1835, #1725, #1608, .T. ) ;
#2079 = VERTEX_POINT ( 'NONE', #1070 ) ;
#2080 = CARTESIAN_POINT ( 'NONE',  ( -1.250000000000000888, 3.250000000000000000, 3.249999999999999556 ) ) ;
#2081 = ORIENTED_EDGE ( 'NONE', *, *, #177, .F. ) ;
#2082 = DIRECTION ( 'NONE',  ( 0.000000000000000000, 0.000000000000000000, -1.000000000000000000 ) ) ;
#2083 = ORIENTED_EDGE ( 'NONE', *, *, #1006, .T. ) ;
#2084 = CARTESIAN_POINT ( 'NONE',  ( 1.205412012350191242, -3.450000000000000178, -3.500000000000000000 ) ) ;
#2085 = LINE ( 'NONE', #593, #1987 ) ;
#2086 = ORIENTED_EDGE ( 'NONE', *, *, #29, .T. ) ;
#2087 = LINE ( 'NONE', #1595, #1984 ) ;
#2088 = ADVANCED_FACE ( 'NONE', ( #552 ), #62, .F. ) ;
#2089 = VERTEX_POINT ( 'NONE', #712 ) ;
#2090 = EDGE_LOOP ( 'NONE', ( #1631, #1022, #1784 ) ) ;
#2091 = DIRECTION ( 'NONE',  ( -1.000000000000000000, -0.000000000000000000, -0.000000000000000000 ) ) ;
#2092 = EDGE_CURVE ( 'NONE', #1214, #955, #220, .T. ) ;
#2093 = DIRECTION ( 'NONE',  ( 0.7071067811865467956, 0.000000000000000000, -0.7071067811865482389 ) ) ;
#2094 = PLANE ( 'NONE',  #559 ) ;
#2095 = CONICAL_SURFACE ( 'NONE', #1639, 0.5500000000000009326, 0.7853981633974490562 ) ;
#2096 = DIRECTION ( 'NONE',  ( -0.000000000000000000, -0.000000000000000000, -1.000000000000000000 ) ) ;
#2097 = AXIS2_PLACEMENT_3D ( 'NONE', #19, #688, #7 ) ;
#2098 = ORIENTED_EDGE ( 'NONE', *, *, #736, .F. ) ;
#2099 = LINE ( 'NONE', #235, #1876 ) ;
#2100 = AXIS2_PLACEMENT_3D ( 'NONE', #913, #378, #2071 ) ;
#2101 = EDGE_CURVE ( 'NONE', #860, #731, #877, .T. ) ;
#2102 = ORIENTED_EDGE ( 'NONE', *, *, #939, .T. ) ;
#2103 = EDGE_LOOP ( 'NONE', ( #140, #918, #532, #586 ) ) ;
#2104 = LINE ( 'NONE', #446, #1670 ) ;
#2105 = APPLICATION_PROTOCOL_DEFINITION ( 'draft international standard', 'automotive_design', 1998, #149 ) ;
#2106 = EDGE_CURVE ( 'NONE', #388, #342, #255, .T. ) ;
#2107 = VECTOR ( 'NONE', #406, 39.37007874015748143 ) ;
#2108 = DIRECTION ( 'NONE',  ( 1.000000000000000000, 0.000000000000000000, -0.000000000000000000 ) ) ;
#2109 = DIRECTION ( 'NONE',  ( -1.000000000000000000, 0.000000000000000000, 0.000000000000000000 ) ) ;
#2110 = DIRECTION ( 'NONE',  ( 0.6093073109621017780, 0.000000000000000000, 0.7929341717999878192 ) ) ;
#2111 = VERTEX_POINT ( 'NONE', #2044 ) ;
#2112 = LINE ( 'NONE', #452, #185 ) ;
#2113 = ORIENTED_EDGE ( 'NONE', *, *, #1062, .T. ) ;
#2114 = EDGE_LOOP ( 'NONE', ( #1136, #616, #1184, #566 ) ) ;
#2115 = DIRECTION ( 'NONE',  ( -0.000000000000000000, -0.000000000000000000, -1.000000000000000000 ) ) ;
#2116 = LINE ( 'NONE', #621, #993 ) ;
#2117 = ADVANCED_FACE ( 'NONE', ( #2035 ), #391, .T. ) ;
#2118 = CARTESIAN_POINT ( 'NONE',  ( 0.1250000000000000000, 2.549999999999999822, -2.000000000000000000 ) ) ;
#2119 = DIRECTION ( 'NONE',  ( 0.7929341717999920380, 0.000000000000000000, -0.6093073109620962269 ) ) ;
#2120 = ORIENTED_EDGE ( 'NONE', *, *, #596, .F. ) ;
#2121 = PLANE ( 'NONE',  #1267 ) ;
#2122 = ORIENTED_EDGE ( 'NONE', *, *, #1227, .F. ) ;
#2123 = ORIENTED_EDGE ( 'NONE', *, *, #464, .T. ) ;
#2124 = DIRECTION ( 'NONE',  ( 0.000000000000000000, 0.000000000000000000, -1.000000000000000000 ) ) ;
#2125 = DIRECTION ( 'NONE',  ( 0.6174445699237558483, -0.6274172237191717461, -0.4744574063624627525 ) ) ;
#2126 = CARTESIAN_POINT ( 'NONE',  ( -1.167685181695799157, 3.250000000000000000, -3.256492189925323189 ) ) ;
#2127 = DIRECTION ( 'NONE',  ( 0.000000000000000000, -1.000000000000000000, 0.000000000000000000 ) ) ;
#2128 = ADVANCED_FACE ( 'NONE', ( #1057 ), #242, .F. ) ;
#2129 = ADVANCED_FACE ( 'NONE', ( #96, #898 ), #1718, .T. ) ;
#2130 = ORIENTED_EDGE ( 'NONE', *, *, #868, .F. ) ;
#2131 = AXIS2_PLACEMENT_3D ( 'NONE', #144, #2115, #1589 ) ;
#2132 = CONICAL_SURFACE ( 'NONE', #1776, 0.5499999999999998224, 0.7853981633974490562 ) ;
#2133 = DIRECTION ( 'NONE',  ( -1.000000000000000000, 0.000000000000000000, 0.000000000000000000 ) ) ;
#2134 = VECTOR ( 'NONE', #482, 39.37007874015748143 ) ;
#2135 = ORIENTED_EDGE ( 'NONE', *, *, #324, .T. ) ;
#2136 = ORIENTED_EDGE ( 'NONE', *, *, #619, .F. ) ;
#2137 = DIRECTION ( 'NONE',  ( 0.000000000000000000, 1.000000000000000000, 0.000000000000000000 ) ) ;
#2138 = DIRECTION ( 'NONE',  ( -0.000000000000000000, -0.000000000000000000, -1.000000000000000000 ) ) ;
#2139 = FACE_BOUND ( 'NONE', #105, .T. ) ;
#2140 = ORIENTED_EDGE ( 'NONE', *, *, #344, .F. ) ;
#2141 = DIRECTION ( 'NONE',  ( 0.000000000000000000, -0.000000000000000000, 1.000000000000000000 ) ) ;
#2142 = EDGE_CURVE ( 'NONE', #1466, #943, #230, .T. ) ;
#2143 = VECTOR ( 'NONE', #1254, 39.37007874015748143 ) ;
#2144 = ORIENTED_EDGE ( 'NONE', *, *, #2106, .T. ) ;
#2145 = ORIENTED_EDGE ( 'NONE', *, *, #1171, .F. ) ;
#2146 = LINE ( 'NONE', #535, #869 ) ;
#2147 = CARTESIAN_POINT ( 'NONE',  ( -0.4453000000000011394, 2.375000000000130562, -3.500000000000000000 ) ) ;
#2148 = DIRECTION ( 'NONE',  ( -1.000000000000000000, 0.000000000000000000, 0.000000000000000000 ) ) ;
#2149 = CARTESIAN_POINT ( 'NONE',  ( -1.167685181695799379, 3.250000000000000000, -3.256492189925324965 ) ) ;
ENDSEC;
END-ISO-10303-21;
