ISO-10303-21;
HEADER;
FILE_DESCRIPTION (( 'STEP AP214' ),
    '1' );
FILE_NAME ('summing-lever.STEP',
    '2025-12-04T23:46:54',
    ( '' ),
    ( '' ),
    'SwSTEP 2.0',
    'SolidWorks 2025',
    '' );
FILE_SCHEMA (( 'AUTOMOTIVE_DESIGN' ));
ENDSEC;

DATA;
#1 = ORIENTED_EDGE ( 'NONE', *, *, #2084, .F. ) ;
#2 = CARTESIAN_POINT ( 'NONE',  ( -0.9578947368421051323, -1.549999999999999378, -0.1000000000000000056 ) ) ;
#3 = LINE ( 'NONE', #1629, #658 ) ;
#4 = ORIENTED_EDGE ( 'NONE', *, *, #2349, .F. ) ;
#5 = AXIS2_PLACEMENT_3D ( 'NONE', #984, #328, #1446 ) ;
#6 = CARTESIAN_POINT ( 'NONE',  ( 0.9884804663507380518, 0.4957857161330859186, 0.06692007011319937859 ) ) ;
#7 = CIRCLE ( 'NONE', #1683, 3.012206007469432567 ) ;
#8 = CARTESIAN_POINT ( 'NONE',  ( 2.999999999999999556, -1.750000000000000000, -0.1000000000000000056 ) ) ;
#9 = EDGE_CURVE ( 'NONE', #1289, #232, #22, .T. ) ;
#10 = CYLINDRICAL_SURFACE ( 'NONE', #436, 0.5000000000000000000 ) ;
#11 = PLANE ( 'NONE',  #2254 ) ;
#12 = EDGE_CURVE ( 'NONE', #2079, #903, #2617, .T. ) ;
#13 = VECTOR ( 'NONE', #1895, 39.37007874015748143 ) ;
#14 = ORIENTED_EDGE ( 'NONE', *, *, #972, .T. ) ;
#15 = CIRCLE ( 'NONE', #262, 0.02000000000000005940 ) ;
#16 = DIRECTION ( 'NONE',  ( 1.000000000000000000, 0.000000000000000000, 0.000000000000000000 ) ) ;
#17 = ORIENTED_EDGE ( 'NONE', *, *, #1565, .F. ) ;
#18 = ADVANCED_FACE ( 'NONE', ( #2604 ), #1945, .F. ) ;
#19 = DIMENSIONAL_EXPONENTS ( 1.000000000000000000, 0.000000000000000000, 0.000000000000000000, 0.000000000000000000, 0.000000000000000000, 0.000000000000000000, 0.000000000000000000 ) ;
#20 = CARTESIAN_POINT ( 'NONE',  ( -0.3749999999999999445, 2.999999999999999556, -0.1000000000000000056 ) ) ;
#21 = DIRECTION ( 'NONE',  ( 1.000000000000000000, 0.000000000000000000, 0.000000000000000000 ) ) ;
#22 = LINE ( 'NONE', #1856, #789 ) ;
#23 = EDGE_CURVE ( 'NONE', #2649, #1739, #2363, .T. ) ;
#24 = AXIS2_PLACEMENT_3D ( 'NONE', #2620, #997, #1918 ) ;
#25 = CYLINDRICAL_SURFACE ( 'NONE', #1730, 0.02000000000000005940 ) ;
#26 = DIRECTION ( 'NONE',  ( 1.000000000000000000, 0.000000000000000000, 0.000000000000000000 ) ) ;
#27 = ORIENTED_EDGE ( 'NONE', *, *, #169, .T. ) ;
#28 = CIRCLE ( 'NONE', #75, 0.02000000000000005940 ) ;
#29 = VECTOR ( 'NONE', #2246, 39.37007874015748143 ) ;
#30 = CARTESIAN_POINT ( 'NONE',  ( 1.525263157894736654, -1.549999999999999822, 0.1000000000000000056 ) ) ;
#31 = DIRECTION ( 'NONE',  ( 0.000000000000000000, 0.000000000000000000, 1.000000000000000000 ) ) ;
#32 = ORIENTED_EDGE ( 'NONE', *, *, #654, .T. ) ;
#33 = FACE_OUTER_BOUND ( 'NONE', #2209, .T. ) ;
#34 = ORIENTED_EDGE ( 'NONE', *, *, #958, .F. ) ;
#35 = FACE_BOUND ( 'NONE', #132, .T. ) ;
#36 = LINE ( 'NONE', #236, #2230 ) ;
#37 = EDGE_LOOP ( 'NONE', ( #2375, #2253 ) ) ;
#38 = DIRECTION ( 'NONE',  ( 0.000000000000000000, 0.000000000000000000, 1.000000000000000000 ) ) ;
#39 = CARTESIAN_POINT ( 'NONE',  ( -0.1568421052631579216, -1.549999999999999600, -0.1000000000000000056 ) ) ;
#40 = VERTEX_POINT ( 'NONE', #80 ) ;
#41 = EDGE_CURVE ( 'NONE', #1808, #856, #2595, .T. ) ;
#42 = CARTESIAN_POINT ( 'NONE',  ( -2.999999999999999556, 0.4898979485566355985, -0.1000000000000000056 ) ) ;
#43 = FACE_OUTER_BOUND ( 'NONE', #852, .T. ) ;
#44 = ORIENTED_EDGE ( 'NONE', *, *, #723, .F. ) ;
#45 = DIRECTION ( 'NONE',  ( -1.000000000000000000, 0.000000000000000000, 0.000000000000000000 ) ) ;
#46 = ORIENTED_EDGE ( 'NONE', *, *, #2646, .F. ) ;
#47 = DIRECTION ( 'NONE',  ( 1.000000000000000000, 0.000000000000000000, 0.000000000000000000 ) ) ;
#48 = CARTESIAN_POINT ( 'NONE',  ( 2.326315789473683893, -1.549999999999999822, -0.1000000000000000056 ) ) ;
#49 = ORIENTED_EDGE ( 'NONE', *, *, #503, .F. ) ;
#50 = ORIENTED_EDGE ( 'NONE', *, *, #1080, .T. ) ;
#51 = AXIS2_PLACEMENT_3D ( 'NONE', #231, #685, #742 ) ;
#52 = CARTESIAN_POINT ( 'NONE',  ( 0.6842105263157893802, -1.549999999999999600, -0.1000000000000000056 ) ) ;
#53 = LINE ( 'NONE', #2565, #1027 ) ;
#54 = VERTEX_POINT ( 'NONE', #1488 ) ;
#55 = CIRCLE ( 'NONE', #1444, 0.04000000000000011879 ) ;
#56 = EDGE_CURVE ( 'NONE', #1354, #2326, #2643, .T. ) ;
#57 = DIRECTION ( 'NONE',  ( 1.000000000000000000, 0.000000000000000000, 0.000000000000000000 ) ) ;
#58 = LINE ( 'NONE', #698, #1722 ) ;
#59 = EDGE_LOOP ( 'NONE', ( #1328, #1902, #573, #1285 ) ) ;
#60 = DIRECTION ( 'NONE',  ( 1.000000000000000000, 0.000000000000000000, 0.000000000000000000 ) ) ;
#61 = ORIENTED_EDGE ( 'NONE', *, *, #546, .F. ) ;
#62 = CLOSED_SHELL ( 'NONE', ( #2259, #282, #1637, #1262, #2091, #561, #1224, #1682, #265, #1951, #2139, #456, #2764, #1434, #976, #2719, #315, #839, #955, #1574, #1955, #1207, #1008, #2036, #426, #800, #85, #1053, #2556, #2753, #2364, #1487, #1609, #1353, #1704, #2559, #2883, #2872, #1694, #1497, #1279, #2020, #2842, #866, #2404, #18, #1597, #2912, #388, #2460, #1486, #933, #421, #1896, #2740, #671, #2132, #2176, #2067, #2000, #2544, #551, #894, #1106, #2200, #1505, #1650, #2612, #2203, #2194, #1913, #1017, #2237, #633, #1539, #337, #2150, #500, #2003, #1838, #1937, #2048, #1097, #1644, #2853 ) ) ;
#63 = DIRECTION ( 'NONE',  ( 0.000000000000000000, 0.000000000000000000, 1.000000000000000000 ) ) ;
#64 = FACE_OUTER_BOUND ( 'NONE', #578, .T. ) ;
#65 = ORIENTED_EDGE ( 'NONE', *, *, #522, .T. ) ;
#66 = ORIENTED_EDGE ( 'NONE', *, *, #1294, .T. ) ;
#67 = LINE ( 'NONE', #342, #2261 ) ;
#68 = FACE_OUTER_BOUND ( 'NONE', #2357, .T. ) ;
#69 = VERTEX_POINT ( 'NONE', #2405 ) ;
#70 = AXIS2_PLACEMENT_3D ( 'NONE', #1829, #1846, #2729 ) ;
#71 = CARTESIAN_POINT ( 'NONE',  ( 0.04000000000000011879, 2.999999999999999556, -0.3749999999999999445 ) ) ;
#72 = DIRECTION ( 'NONE',  ( 0.000000000000000000, 0.000000000000000000, 1.000000000000000000 ) ) ;
#73 = AXIS2_PLACEMENT_3D ( 'NONE', #141, #2430, #2184 ) ;
#74 = EDGE_CURVE ( 'NONE', #1087, #2451, #2735, .T. ) ;
#75 = AXIS2_PLACEMENT_3D ( 'NONE', #205, #2093, #2502 ) ;
#76 = ORIENTED_EDGE ( 'NONE', *, *, #2907, .F. ) ;
#77 = EDGE_CURVE ( 'NONE', #2257, #2296, #1244, .T. ) ;
#78 = ORIENTED_EDGE ( 'NONE', *, *, #2686, .T. ) ;
#79 = LINE ( 'NONE', #1884, #120 ) ;
#80 = CARTESIAN_POINT ( 'NONE',  ( 2.799999999999999822, -1.458333333333333037, 0.1000000000000000194 ) ) ;
#81 = EDGE_LOOP ( 'NONE', ( #84, #1952, #2348, #1113 ) ) ;
#82 = CARTESIAN_POINT ( 'NONE',  ( -0.1368421052631578760, -1.549999999999999600, -0.1000000000000000056 ) ) ;
#83 = DIRECTION ( 'NONE',  ( 1.000000000000000000, 0.000000000000000000, 0.000000000000000000 ) ) ;
#84 = ORIENTED_EDGE ( 'NONE', *, *, #1370, .F. ) ;
#85 = ADVANCED_FACE ( 'NONE', ( #351 ), #1230, .T. ) ;
#86 = CARTESIAN_POINT ( 'NONE',  ( 0.000000000000000000, 2.999999999999999556, 0.1000000000000000194 ) ) ;
#87 = DIRECTION ( 'NONE',  ( 0.000000000000000000, 0.000000000000000000, 1.000000000000000000 ) ) ;
#88 = CIRCLE ( 'NONE', #2814, 0.04000000000000011879 ) ;
#89 = VERTEX_POINT ( 'NONE', #550 ) ;
#90 = ORIENTED_EDGE ( 'NONE', *, *, #1501, .F. ) ;
#91 = EDGE_CURVE ( 'NONE', #845, #146, #1350, .T. ) ;
#92 = CARTESIAN_POINT ( 'NONE',  ( 0.1000000000000000056, 3.654976622648373073E-06, 0.000000000000000000 ) ) ;
#93 = DIRECTION ( 'NONE',  ( 0.000000000000000000, 0.000000000000000000, 1.000000000000000000 ) ) ;
#94 = ORIENTED_EDGE ( 'NONE', *, *, #2766, .T. ) ;
#95 = VECTOR ( 'NONE', #844, 39.37007874015748143 ) ;
#96 = DIRECTION ( 'NONE',  ( 0.000000000000000000, 0.000000000000000000, 1.000000000000000000 ) ) ;
#97 = CARTESIAN_POINT ( 'NONE',  ( -0.1000000000000000056, -0.2057096998324159931, 0.5636320949400689395 ) ) ;
#98 = ORIENTED_EDGE ( 'NONE', *, *, #2957, .T. ) ;
#99 = VECTOR ( 'NONE', #1662, 39.37007874015748143 ) ;
#100 = CARTESIAN_POINT ( 'NONE',  ( -0.1000000000000000056, 2.999999999999999556, 0.000000000000000000 ) ) ;
#101 = LINE ( 'NONE', #2844, #1563 ) ;
#102 = CIRCLE ( 'NONE', #825, 0.5999999999999999778 ) ;
#103 = VERTEX_POINT ( 'NONE', #565 ) ;
#104 = AXIS2_PLACEMENT_3D ( 'NONE', #616, #384, #869 ) ;
#105 = ORIENTED_EDGE ( 'NONE', *, *, #2186, .T. ) ;
#106 = DIRECTION ( 'NONE',  ( 0.000000000000000000, 0.000000000000000000, 1.000000000000000000 ) ) ;
#107 = CARTESIAN_POINT ( 'NONE',  ( -2.999999999999999556, 0.000000000000000000, -0.5999999999999999778 ) ) ;
#108 = VERTEX_POINT ( 'NONE', #1698 ) ;
#109 = EDGE_CURVE ( 'NONE', #1968, #1972, #2820, .T. ) ;
#110 = DIRECTION ( 'NONE',  ( 0.000000000000000000, 0.000000000000000000, 1.000000000000000000 ) ) ;
#111 = CIRCLE ( 'NONE', #2590, 3.012206007469432567 ) ;
#112 = DIRECTION ( 'NONE',  ( 1.000000000000000000, 0.000000000000000000, 0.000000000000000000 ) ) ;
#113 = ORIENTED_EDGE ( 'NONE', *, *, #1560, .F. ) ;
#114 = EDGE_CURVE ( 'NONE', #1216, #536, #1741, .T. ) ;
#115 = CYLINDRICAL_SURFACE ( 'NONE', #1302, 0.02000000000000005940 ) ;
#116 = FACE_OUTER_BOUND ( 'NONE', #2323, .T. ) ;
#117 = ORIENTED_EDGE ( 'NONE', *, *, #972, .F. ) ;
#118 = VECTOR ( 'NONE', #1520, 39.37007874015748854 ) ;
#119 = CARTESIAN_POINT ( 'NONE',  ( 3.325961538461544631, 2.395673076923077183, -0.1000000000000000056 ) ) ;
#120 = VECTOR ( 'NONE', #1442, 39.37007874015748143 ) ;
#121 = ORIENTED_EDGE ( 'NONE', *, *, #524, .T. ) ;
#122 =( LENGTH_UNIT ( ) NAMED_UNIT ( * ) SI_UNIT ( $, .METRE. ) );
#123 = CARTESIAN_POINT ( 'NONE',  ( -2.306315789473683875, -1.549999999999999378, -0.1000000000000000056 ) ) ;
#124 = ORIENTED_EDGE ( 'NONE', *, *, #1483, .F. ) ;
#125 = FACE_BOUND ( 'NONE', #1044, .T. ) ;
#126 = CARTESIAN_POINT ( 'NONE',  ( 0.3510302151916294688, 2.868080372868487160, 0.1000000000000000194 ) ) ;
#127 = EDGE_CURVE ( 'NONE', #1083, #945, #1210, .T. ) ;
#128 = EDGE_LOOP ( 'NONE', ( #1430, #2893 ) ) ;
#129 = CARTESIAN_POINT ( 'NONE',  ( 0.1000000000000000056, 2.999999999999999556, 0.000000000000000000 ) ) ;
#130 = FACE_OUTER_BOUND ( 'NONE', #1516, .T. ) ;
#131 = EDGE_CURVE ( 'NONE', #2904, #719, #1517, .T. ) ;
#132 = EDGE_LOOP ( 'NONE', ( #2290, #2393 ) ) ;
#133 = CARTESIAN_POINT ( 'NONE',  ( 2.999999999999999556, -1.750000000000000000, -0.1000000000000000056 ) ) ;
#134 = FACE_BOUND ( 'NONE', #286, .T. ) ;
#135 = VECTOR ( 'NONE', #2252, 39.37007874015748143 ) ;
#136 = VERTEX_POINT ( 'NONE', #1930 ) ;
#137 = EDGE_CURVE ( 'NONE', #2138, #2572, #2849, .T. ) ;
#138 = DIRECTION ( 'NONE',  ( 0.000000000000000000, 0.9459459459459458319, -0.3243243243243243423 ) ) ;
#139 = ORIENTED_EDGE ( 'NONE', *, *, #1057, .F. ) ;
#140 = LINE ( 'NONE', #380, #2584 ) ;
#141 = CARTESIAN_POINT ( 'NONE',  ( -0.9578947368421051323, -1.549999999999999378, -0.1000000000000000056 ) ) ;
#142 = VERTEX_POINT ( 'NONE', #831 ) ;
#143 = CARTESIAN_POINT ( 'NONE',  ( -0.4305263157894737014, -1.549999999999999600, -0.1000000000000000056 ) ) ;
#144 = CYLINDRICAL_SURFACE ( 'NONE', #2509, 0.02000000000000005940 ) ;
#145 = VECTOR ( 'NONE', #2775, 39.37007874015748143 ) ;
#146 = VERTEX_POINT ( 'NONE', #1712 ) ;
#147 = EDGE_CURVE ( 'NONE', #484, #2708, #2101, .T. ) ;
#148 = LINE ( 'NONE', #1055, #810 ) ;
#149 = DIRECTION ( 'NONE',  ( 1.000000000000000000, 0.000000000000000000, 0.000000000000000000 ) ) ;
#150 = ORIENTED_EDGE ( 'NONE', *, *, #300, .T. ) ;
#151 = VECTOR ( 'NONE', #2096, 39.37007874015748143 ) ;
#152 = DIRECTION ( 'NONE',  ( 0.000000000000000000, 0.000000000000000000, 1.000000000000000000 ) ) ;
#153 = EDGE_LOOP ( 'NONE', ( #1822, #222, #1348, #829 ) ) ;
#154 = CARTESIAN_POINT ( 'NONE',  ( 2.579999999999999183, -1.549999999999999822, -0.1000000000000000056 ) ) ;
#155 = CARTESIAN_POINT ( 'NONE',  ( 0.04000000000000011879, 2.999999999999999556, -0.3749999999999999445 ) ) ;
#156 = ORIENTED_EDGE ( 'NONE', *, *, #77, .F. ) ;
#157 = AXIS2_PLACEMENT_3D ( 'NONE', #2338, #1625, #2528 ) ;
#158 = DIRECTION ( 'NONE',  ( -0.000000000000000000, -1.000000000000000000, -0.000000000000000000 ) ) ;
#159 = CIRCLE ( 'NONE', #602, 0.02000000000000005940 ) ;
#160 = CYLINDRICAL_SURFACE ( 'NONE', #1072, 0.5999999999999999778 ) ;
#161 = DIRECTION ( 'NONE',  ( 0.000000000000000000, 0.000000000000000000, 1.000000000000000000 ) ) ;
#162 = DIRECTION ( 'NONE',  ( 1.000000000000000000, 0.000000000000000000, 0.000000000000000000 ) ) ;
#163 = DIRECTION ( 'NONE',  ( 0.000000000000000000, 0.000000000000000000, 1.000000000000000000 ) ) ;
#164 = EDGE_CURVE ( 'NONE', #2293, #2207, #2426, .T. ) ;
#165 = ORIENTED_EDGE ( 'NONE', *, *, #2578, .T. ) ;
#166 = AXIS2_PLACEMENT_3D ( 'NONE', #479, #256, #2097 ) ;
#167 = CARTESIAN_POINT ( 'NONE',  ( 0.000000000000000000, 0.000000000000000000, 0.000000000000000000 ) ) ;
#168 = AXIS2_PLACEMENT_3D ( 'NONE', #1333, #1112, #2935 ) ;
#169 = EDGE_CURVE ( 'NONE', #2497, #440, #2374, .T. ) ;
#170 = AXIS2_PLACEMENT_3D ( 'NONE', #870, #2434, #1337 ) ;
#171 = LINE ( 'NONE', #2905, #1765 ) ;
#172 = VERTEX_POINT ( 'NONE', #2475 ) ;
#173 = DIRECTION ( 'NONE',  ( 0.000000000000000000, 0.000000000000000000, 1.000000000000000000 ) ) ;
#174 = DIRECTION ( 'NONE',  ( 1.000000000000000000, 0.000000000000000000, 0.000000000000000000 ) ) ;
#175 = ORIENTED_EDGE ( 'NONE', *, *, #164, .T. ) ;
#176 = CARTESIAN_POINT ( 'NONE',  ( -2.306315789473683875, -1.549999999999999378, 0.1000000000000000056 ) ) ;
#177 = CARTESIAN_POINT ( 'NONE',  ( -1.505263157894736636, -1.549999999999999378, 0.1000000000000000056 ) ) ;
#178 = CARTESIAN_POINT ( 'NONE',  ( 2.999999999999999556, -3.414809992080329023E-17, 3.414809992080329023E-17 ) ) ;
#179 = EDGE_CURVE ( 'NONE', #1270, #2605, #2387, .T. ) ;
#180 = CARTESIAN_POINT ( 'NONE',  ( 2.599999999999999645, -1.549999999999999822, 0.1000000000000000056 ) ) ;
#181 = CARTESIAN_POINT ( 'NONE',  ( 1.211578947368420867, -1.549999999999999600, 0.1000000000000000056 ) ) ;
#182 = CARTESIAN_POINT ( 'NONE',  ( -0.1000000000000000194, 0.4898979485566355985, -0.1000000000000000056 ) ) ;
#183 = ORIENTED_EDGE ( 'NONE', *, *, #988, .T. ) ;
#184 = EDGE_CURVE ( 'NONE', #2155, #142, #1184, .T. ) ;
#185 = B_SPLINE_CURVE_WITH_KNOTS ( 'NONE', 3,
 ( #2320, #913, #1861, #1163, #2751, #2716, #2043, #2539 ),
 .UNSPECIFIED., .F., .F.,
 ( 4, 2, 2, 4 ),
 ( 0.02192824612360661646, 0.02445938857784443060, 0.02572495980496333420, 0.02699053103208224128 ),
 .UNSPECIFIED. ) ;
#186 = DIRECTION ( 'NONE',  ( 1.000000000000000000, 0.000000000000000000, 0.000000000000000000 ) ) ;
#187 = ORIENTED_EDGE ( 'NONE', *, *, #2945, .F. ) ;
#188 = EDGE_CURVE ( 'NONE', #826, #1034, #239, .T. ) ;
#189 = DIRECTION ( 'NONE',  ( 1.000000000000000000, 0.000000000000000000, 0.000000000000000000 ) ) ;
#190 = DIRECTION ( 'NONE',  ( 1.000000000000000000, 0.000000000000000000, 0.000000000000000000 ) ) ;
#191 = ORIENTED_EDGE ( 'NONE', *, *, #2520, .F. ) ;
#192 = FACE_OUTER_BOUND ( 'NONE', #2608, .T. ) ;
#193 = DIRECTION ( 'NONE',  ( 0.000000000000000000, 0.000000000000000000, -1.000000000000000000 ) ) ;
#194 = CIRCLE ( 'NONE', #1385, 3.012206007469432567 ) ;
#195 = AXIS2_PLACEMENT_3D ( 'NONE', #230, #1132, #542 ) ;
#196 = CYLINDRICAL_SURFACE ( 'NONE', #2078, 0.02000000000000033348 ) ;
#197 = DIRECTION ( 'NONE',  ( 1.000000000000000000, 0.000000000000000000, 0.000000000000000000 ) ) ;
#198 = CIRCLE ( 'NONE', #2534, 0.5000000000000000000 ) ;
#199 = VERTEX_POINT ( 'NONE', #2486 ) ;
#200 = UNCERTAINTY_MEASURE_WITH_UNIT (LENGTH_MEASURE( 1.000000000000000082E-05 ), #2444, 'distance_accuracy_value', 'NONE');
#201 = DIRECTION ( 'NONE',  ( 1.000000000000000000, 0.000000000000000000, 0.000000000000000000 ) ) ;
#202 = EDGE_LOOP ( 'NONE', ( #1161, #264 ) ) ;
#203 = AXIS2_PLACEMENT_3D ( 'NONE', #2037, #2506, #1400 ) ;
#204 = DIRECTION ( 'NONE',  ( 1.000000000000000000, 0.000000000000000000, 0.000000000000000000 ) ) ;
#205 = CARTESIAN_POINT ( 'NONE',  ( -0.6842105263157893802, -1.549999999999999600, -0.1000000000000000056 ) ) ;
#206 = VECTOR ( 'NONE', #2156, 39.37007874015748143 ) ;
#207 = EDGE_LOOP ( 'NONE', ( #1167, #505 ) ) ;
#208 = EDGE_CURVE ( 'NONE', #2680, #1968, #287, .T. ) ;
#209 = CARTESIAN_POINT ( 'NONE',  ( -0.1000000000000000056, -0.2057096998324157155, -0.5636320949400691616 ) ) ;
#210 = CARTESIAN_POINT ( 'NONE',  ( 0.000000000000000000, 2.999999999999999556, -0.3749999999999999445 ) ) ;
#211 = EDGE_CURVE ( 'NONE', #2148, #1911, #1815, .T. ) ;
#212 = EDGE_LOOP ( 'NONE', ( #2516, #1065 ) ) ;
#213 = DIRECTION ( 'NONE',  ( -0.000000000000000000, -0.000000000000000000, -1.000000000000000000 ) ) ;
#214 = DIRECTION ( 'NONE',  ( 0.000000000000000000, -0.000000000000000000, -1.000000000000000000 ) ) ;
#215 = ORIENTED_EDGE ( 'NONE', *, *, #2957, .F. ) ;
#216 = DIMENSIONAL_EXPONENTS ( 1.000000000000000000, 0.000000000000000000, 0.000000000000000000, 0.000000000000000000, 0.000000000000000000, 0.000000000000000000, 0.000000000000000000 ) ;
#217 = CARTESIAN_POINT ( 'NONE',  ( 2.599999999999999645, -1.549999999999999822, -0.1000000000000000056 ) ) ;
#218 = ORIENTED_EDGE ( 'NONE', *, *, #383, .F. ) ;
#219 = FACE_OUTER_BOUND ( 'NONE', #605, .T. ) ;
#220 = AXIS2_PLACEMENT_3D ( 'NONE', #526, #329, #2577 ) ;
#221 = DIRECTION ( 'NONE',  ( 0.000000000000000000, 0.000000000000000000, 1.000000000000000000 ) ) ;
#222 = ORIENTED_EDGE ( 'NONE', *, *, #1257, .F. ) ;
#223 = DIRECTION ( 'NONE',  ( 1.000000000000000000, 0.000000000000000000, 0.000000000000000000 ) ) ;
#224 = AXIS2_PLACEMENT_3D ( 'NONE', #1795, #582, #1261 ) ;
#225 = EDGE_CURVE ( 'NONE', #1649, #306, #1962, .T. ) ;
#226 = DIRECTION ( 'NONE',  ( 0.000000000000000000, 0.000000000000000000, -1.000000000000000000 ) ) ;
#227 =( NAMED_UNIT ( * ) SI_UNIT ( $, .STERADIAN. ) SOLID_ANGLE_UNIT ( ) );
#228 = ORIENTED_EDGE ( 'NONE', *, *, #1926, .T. ) ;
#229 = EDGE_CURVE ( 'NONE', #1500, #668, #905, .T. ) ;
#230 = CARTESIAN_POINT ( 'NONE',  ( 0.6842105263157893802, -1.549999999999999600, -0.1000000000000000056 ) ) ;
#231 = CARTESIAN_POINT ( 'NONE',  ( 2.599999999999999645, -1.549999999999999822, -0.1000000000000000056 ) ) ;
#232 = VERTEX_POINT ( 'NONE', #660 ) ;
#233 = FACE_OUTER_BOUND ( 'NONE', #552, .T. ) ;
#234 = ORIENTED_EDGE ( 'NONE', *, *, #2875, .F. ) ;
#235 = CARTESIAN_POINT ( 'NONE',  ( -3.325961538461542855, 2.395673076923079847, -0.1000000000000000056 ) ) ;
#236 = CARTESIAN_POINT ( 'NONE',  ( -2.799999999999999822, 0.000000000000000000, -0.1000000000000000056 ) ) ;
#237 = ORIENTED_EDGE ( 'NONE', *, *, #2095, .T. ) ;
#238 = CIRCLE ( 'NONE', #2569, 0.3750000000000002220 ) ;
#239 = CIRCLE ( 'NONE', #2428, 0.02000000000000005940 ) ;
#240 = DIRECTION ( 'NONE',  ( 1.000000000000000000, 0.000000000000000000, 0.000000000000000000 ) ) ;
#241 = DIRECTION ( 'NONE',  ( 0.000000000000000000, 0.000000000000000000, -1.000000000000000000 ) ) ;
#242 = ORIENTED_EDGE ( 'NONE', *, *, #1408, .F. ) ;
#243 = CARTESIAN_POINT ( 'NONE',  ( 0.000000000000000000, 2.999999999999999556, 0.3749999999999999445 ) ) ;
#244 = CARTESIAN_POINT ( 'NONE',  ( 0.9578947368421051323, -1.549999999999999600, -0.1000000000000000056 ) ) ;
#245 = EDGE_CURVE ( 'NONE', #1762, #2326, #1109, .T. ) ;
#246 = ORIENTED_EDGE ( 'NONE', *, *, #41, .T. ) ;
#247 = AXIS2_PLACEMENT_3D ( 'NONE', #1254, #2560, #964 ) ;
#248 = AXIS2_PLACEMENT_3D ( 'NONE', #2292, #1466, #1437 ) ;
#249 = DIRECTION ( 'NONE',  ( 0.000000000000000000, 0.000000000000000000, 1.000000000000000000 ) ) ;
#250 = ORIENTED_EDGE ( 'NONE', *, *, #1820, .F. ) ;
#251 = CARTESIAN_POINT ( 'NONE',  ( 2.799999999999999822, 0.000000000000000000, 0.1000000000000000056 ) ) ;
#252 = DIRECTION ( 'NONE',  ( 0.000000000000000000, 0.000000000000000000, 1.000000000000000000 ) ) ;
#253 = VERTEX_POINT ( 'NONE', #687 ) ;
#254 = AXIS2_PLACEMENT_3D ( 'NONE', #1645, #38, #793 ) ;
#255 = CARTESIAN_POINT ( 'NONE',  ( 0.9932793501781053136, 0.4898979485566356540, -0.09999999999999999167 ) ) ;
#256 = DIRECTION ( 'NONE',  ( 0.000000000000000000, 0.000000000000000000, 1.000000000000000000 ) ) ;
#257 = ORIENTED_EDGE ( 'NONE', *, *, #2653, .F. ) ;
#258 = DIRECTION ( 'NONE',  ( 0.000000000000000000, 1.000000000000000000, 0.000000000000000000 ) ) ;
#259 = CARTESIAN_POINT ( 'NONE',  ( 0.1568421052631579216, -1.549999999999999600, -0.1000000000000000056 ) ) ;
#260 = CIRCLE ( 'NONE', #157, 0.02000000000000005940 ) ;
#261 = ORIENTED_EDGE ( 'NONE', *, *, #1909, .F. ) ;
#262 = AXIS2_PLACEMENT_3D ( 'NONE', #652, #1562, #2471 ) ;
#263 = DIRECTION ( 'NONE',  ( 1.000000000000000000, 0.000000000000000000, 0.000000000000000000 ) ) ;
#264 = ORIENTED_EDGE ( 'NONE', *, *, #23, .T. ) ;
#265 = ADVANCED_FACE ( 'NONE', ( #393 ), #1344, .F. ) ;
#266 = FACE_OUTER_BOUND ( 'NONE', #2691, .T. ) ;
#267 = DIRECTION ( 'NONE',  ( 0.000000000000000000, -1.000000000000000000, 0.000000000000000000 ) ) ;
#268 = ORIENTED_EDGE ( 'NONE', *, *, #1021, .F. ) ;
#269 = CARTESIAN_POINT ( 'NONE',  ( -1.251578947368420902, -1.549999999999999378, -0.1000000000000000056 ) ) ;
#270 = CARTESIAN_POINT ( 'NONE',  ( 1.778947368421052388, -1.549999999999999822, 0.1000000000000000056 ) ) ;
#271 = EDGE_LOOP ( 'NONE', ( #2228, #1061, #1192, #2715 ) ) ;
#272 = AXIS2_PLACEMENT_3D ( 'NONE', #1481, #2597, #1209 ) ;
#273 = CARTESIAN_POINT ( 'NONE',  ( -0.4105263157894736281, -1.549999999999999600, 0.1000000000000000056 ) ) ;
#274 = EDGE_CURVE ( 'NONE', #2579, #719, #88, .T. ) ;
#275 = DIRECTION ( 'NONE',  ( 0.000000000000000000, 0.000000000000000000, 1.000000000000000000 ) ) ;
#276 = VERTEX_POINT ( 'NONE', #2657 ) ;
#277 = CARTESIAN_POINT ( 'NONE',  ( -2.999999999999999556, 0.4898979485566355985, -0.1000000000000000056 ) ) ;
#278 = VERTEX_POINT ( 'NONE', #2014 ) ;
#279 = FACE_BOUND ( 'NONE', #1905, .T. ) ;
#280 = CYLINDRICAL_SURFACE ( 'NONE', #756, 0.02000000000000005940 ) ;
#281 = VERTEX_POINT ( 'NONE', #411 ) ;
#282 = ADVANCED_FACE ( 'NONE', ( #877 ), #1567, .F. ) ;
#283 = DIRECTION ( 'NONE',  ( 0.000000000000000000, 0.000000000000000000, -1.000000000000000000 ) ) ;
#284 = CARTESIAN_POINT ( 'NONE',  ( 0.1000000000000000194, 0.000000000000000000, 0.000000000000000000 ) ) ;
#285 = VECTOR ( 'NONE', #258, 39.37007874015748143 ) ;
#286 = EDGE_LOOP ( 'NONE', ( #1768, #1384 ) ) ;
#287 = CIRCLE ( 'NONE', #2712, 0.02000000000000005940 ) ;
#288 = PLANE ( 'NONE',  #1453 ) ;
#289 = DIRECTION ( 'NONE',  ( -1.000000000000000000, -0.000000000000000000, -0.000000000000000000 ) ) ;
#290 = ORIENTED_EDGE ( 'NONE', *, *, #2343, .T. ) ;
#291 = CARTESIAN_POINT ( 'NONE',  ( 0.000000000000000000, -1.458333333333333037, -0.1000000000000000056 ) ) ;
#292 = VERTEX_POINT ( 'NONE', #2690 ) ;
#293 = VECTOR ( 'NONE', #445, 39.37007874015748143 ) ;
#294 = DIRECTION ( 'NONE',  ( 1.000000000000000000, 0.000000000000000000, 0.000000000000000000 ) ) ;
#295 = DIRECTION ( 'NONE',  ( 1.000000000000000000, 0.000000000000000000, 0.000000000000000000 ) ) ;
#296 = ORIENTED_EDGE ( 'NONE', *, *, #2128, .F. ) ;
#297 = VERTEX_POINT ( 'NONE', #1804 ) ;
#298 = CARTESIAN_POINT ( 'NONE',  ( 0.000000000000000000, 2.999999999999999556, -0.3749999999999999445 ) ) ;
#299 = DIRECTION ( 'NONE',  ( 1.000000000000000000, 0.000000000000000000, 0.000000000000000000 ) ) ;
#300 = EDGE_CURVE ( 'NONE', #1908, #1245, #1299, .T. ) ;
#301 = ORIENTED_EDGE ( 'NONE', *, *, #1623, .T. ) ;
#302 = CIRCLE ( 'NONE', #2782, 0.02000000000000005940 ) ;
#303 = CYLINDRICAL_SURFACE ( 'NONE', #1494, 0.02000000000000005940 ) ;
#304 = DIRECTION ( 'NONE',  ( 0.000000000000000000, 0.000000000000000000, 1.000000000000000000 ) ) ;
#305 = EDGE_CURVE ( 'NONE', #1898, #1958, #859, .T. ) ;
#306 = VERTEX_POINT ( 'NONE', #2046 ) ;
#307 = EDGE_LOOP ( 'NONE', ( #1727, #1417 ) ) ;
#308 = CARTESIAN_POINT ( 'NONE',  ( 2.072631578947368158, -1.549999999999999822, -0.1000000000000000056 ) ) ;
#309 = VERTEX_POINT ( 'NONE', #2946 ) ;
#310 = VERTEX_POINT ( 'NONE', #2721 ) ;
#311 = CARTESIAN_POINT ( 'NONE',  ( -2.799999999999999822, -1.458333333333333037, 0.1000000000000000194 ) ) ;
#312 = CARTESIAN_POINT ( 'NONE',  ( -0.1000000000000000056, 3.654976622648373073E-06, -0.5999992689939883661 ) ) ;
#313 = VERTEX_POINT ( 'NONE', #1595 ) ;
#314 = CIRCLE ( 'NONE', #1990, 0.02000000000000005940 ) ;
#315 = ADVANCED_FACE ( 'NONE', ( #1060 ), #2892, .F. ) ;
#316 = CARTESIAN_POINT ( 'NONE',  ( -0.1000000000000000056, -0.2057096998324159931, 0.5636320949400689395 ) ) ;
#317 = DIRECTION ( 'NONE',  ( 1.000000000000000000, 0.000000000000000000, 0.000000000000000000 ) ) ;
#318 = AXIS2_PLACEMENT_3D ( 'NONE', #2899, #400, #2453 ) ;
#319 = CIRCLE ( 'NONE', #1412, 0.02000000000000005940 ) ;
#320 = ORIENTED_EDGE ( 'NONE', *, *, #2385, .T. ) ;
#321 = EDGE_CURVE ( 'NONE', #1034, #856, #171, .T. ) ;
#322 = PLANE ( 'NONE',  #744 ) ;
#323 = VERTEX_POINT ( 'NONE', #517 ) ;
#324 = LINE ( 'NONE', #790, #2279 ) ;
#325 = AXIS2_PLACEMENT_3D ( 'NONE', #2887, #669, #373 ) ;
#326 = CARTESIAN_POINT ( 'NONE',  ( 2.999999999999999556, -1.750000000000000000, -0.1000000000000000056 ) ) ;
#327 = ORIENTED_EDGE ( 'NONE', *, *, #2504, .F. ) ;
#328 = DIRECTION ( 'NONE',  ( 1.000000000000000000, 0.000000000000000000, 0.000000000000000000 ) ) ;
#329 = DIRECTION ( 'NONE',  ( 0.000000000000000000, 0.000000000000000000, 1.000000000000000000 ) ) ;
#330 = ORIENTED_EDGE ( 'NONE', *, *, #2631, .T. ) ;
#331 = LINE ( 'NONE', #71, #206 ) ;
#332 = CARTESIAN_POINT ( 'NONE',  ( 0.000000000000000000, 2.999999999999999556, -0.3749999999999999445 ) ) ;
#333 = ORIENTED_EDGE ( 'NONE', *, *, #1413, .T. ) ;
#334 = EDGE_CURVE ( 'NONE', #2361, #1126, #1152, .T. ) ;
#335 = ORIENTED_EDGE ( 'NONE', *, *, #1131, .F. ) ;
#336 = DIRECTION ( 'NONE',  ( -0.000000000000000000, 0.9393879693972031486, -0.3428560090647373437 ) ) ;
#337 = ADVANCED_FACE ( 'NONE', ( #233 ), #2557, .T. ) ;
#338 = CARTESIAN_POINT ( 'NONE',  ( 1.798947368421052406, -1.549999999999999822, -0.1000000000000000056 ) ) ;
#339 = VERTEX_POINT ( 'NONE', #1393 ) ;
#340 = AXIS2_PLACEMENT_3D ( 'NONE', #2655, #621, #1530 ) ;
#341 = CIRCLE ( 'NONE', #2159, 0.02000000000000005940 ) ;
#342 = CARTESIAN_POINT ( 'NONE',  ( -2.072631578947368158, -1.549999999999999378, -0.1000000000000000056 ) ) ;
#343 = DIRECTION ( 'NONE',  ( 0.000000000000000000, 0.000000000000000000, 1.000000000000000000 ) ) ;
#344 = VERTEX_POINT ( 'NONE', #2072 ) ;
#345 = CARTESIAN_POINT ( 'NONE',  ( 0.9578947368421051323, -1.549999999999999600, -0.1000000000000000056 ) ) ;
#346 = DIRECTION ( 'NONE',  ( 1.000000000000000000, 0.000000000000000000, 0.000000000000000000 ) ) ;
#347 = VECTOR ( 'NONE', #2377, 39.37007874015748143 ) ;
#348 = DIRECTION ( 'NONE',  ( 0.000000000000000000, 0.000000000000000000, -1.000000000000000000 ) ) ;
#349 = AXIS2_PLACEMENT_3D ( 'NONE', #2201, #1100, #2021 ) ;
#350 = ORIENTED_EDGE ( 'NONE', *, *, #188, .F. ) ;
#351 = FACE_OUTER_BOUND ( 'NONE', #2213, .T. ) ;
#352 = ORIENTED_EDGE ( 'NONE', *, *, #710, .T. ) ;
#353 = EDGE_CURVE ( 'NONE', #2605, #1780, #2771, .T. ) ;
#354 = FACE_OUTER_BOUND ( 'NONE', #59, .T. ) ;
#355 = LINE ( 'NONE', #155, #2553 ) ;
#356 = ORIENTED_EDGE ( 'NONE', *, *, #2860, .T. ) ;
#357 = CIRCLE ( 'NONE', #2031, 0.02000000000000033348 ) ;
#358 = DIRECTION ( 'NONE',  ( 1.000000000000000000, 0.000000000000000000, -0.000000000000000000 ) ) ;
#359 = CARTESIAN_POINT ( 'NONE',  ( 2.799999999999999822, 0.000000000000000000, 0.5999999999999999778 ) ) ;
#360 = VECTOR ( 'NONE', #467, 39.37007874015748143 ) ;
#361 = CARTESIAN_POINT ( 'NONE',  ( -0.1000000000000000056, 3.654976622648373073E-06, 0.000000000000000000 ) ) ;
#362 = VECTOR ( 'NONE', #2271, 39.37007874015748143 ) ;
#363 = ORIENTED_EDGE ( 'NONE', *, *, #1583, .T. ) ;
#364 = CARTESIAN_POINT ( 'NONE',  ( -2.999999999999999556, 0.000000000000000000, 0.000000000000000000 ) ) ;
#365 = ORIENTED_EDGE ( 'NONE', *, *, #1782, .F. ) ;
#366 = LINE ( 'NONE', #806, #2830 ) ;
#367 = DIRECTION ( 'NONE',  ( 0.000000000000000000, 0.000000000000000000, 1.000000000000000000 ) ) ;
#368 = ORIENTED_EDGE ( 'NONE', *, *, #369, .F. ) ;
#369 = EDGE_CURVE ( 'NONE', #2571, #309, #1689, .T. ) ;
#370 = CYLINDRICAL_SURFACE ( 'NONE', #2679, 0.02000000000000005940 ) ;
#371 = CARTESIAN_POINT ( 'NONE',  ( -0.3510302151916251390, 2.868080372868468064, -0.1000000000000000194 ) ) ;
#372 = ORIENTED_EDGE ( 'NONE', *, *, #481, .F. ) ;
#373 = DIRECTION ( 'NONE',  ( 1.000000000000000000, 0.000000000000000000, 0.000000000000000000 ) ) ;
#374 = LINE ( 'NONE', #2235, #2158 ) ;
#375 = CIRCLE ( 'NONE', #2614, 0.02000000000000005940 ) ;
#376 = AXIS2_PLACEMENT_3D ( 'NONE', #641, #1329, #201 ) ;
#377 = ORIENTED_EDGE ( 'NONE', *, *, #615, .T. ) ;
#378 = CARTESIAN_POINT ( 'NONE',  ( 0.4105263157894736281, -1.549999999999999600, -0.1000000000000000056 ) ) ;
#379 = ORIENTED_EDGE ( 'NONE', *, *, #2723, .T. ) ;
#380 = CARTESIAN_POINT ( 'NONE',  ( -1.758947368421052371, -1.549999999999999378, -0.1000000000000000056 ) ) ;
#381 = DIRECTION ( 'NONE',  ( 1.000000000000000000, 0.000000000000000000, 0.000000000000000000 ) ) ;
#382 = ORIENTED_EDGE ( 'NONE', *, *, #1874, .T. ) ;
#383 = EDGE_CURVE ( 'NONE', #1974, #278, #2074, .T. ) ;
#384 = DIRECTION ( 'NONE',  ( 1.000000000000000000, 0.000000000000000000, 0.000000000000000000 ) ) ;
#385 = DIRECTION ( 'NONE',  ( 0.000000000000000000, 0.000000000000000000, 1.000000000000000000 ) ) ;
#386 = CIRCLE ( 'NONE', #1098, 0.04000000000000011879 ) ;
#387 = ORIENTED_EDGE ( 'NONE', *, *, #1623, .F. ) ;
#388 = ADVANCED_FACE ( 'NONE', ( #930 ), #504, .F. ) ;
#389 = CARTESIAN_POINT ( 'NONE',  ( -1.251578947368420902, -1.549999999999999378, 0.1000000000000000056 ) ) ;
#390 = DIRECTION ( 'NONE',  ( 0.000000000000000000, 0.000000000000000000, 1.000000000000000000 ) ) ;
#391 = EDGE_LOOP ( 'NONE', ( #434, #755 ) ) ;
#392 = CIRCLE ( 'NONE', #2450, 0.02000000000000005940 ) ;
#393 = FACE_OUTER_BOUND ( 'NONE', #2628, .T. ) ;
#394 = EDGE_LOOP ( 'NONE', ( #803, #555 ) ) ;
#395 = CARTESIAN_POINT ( 'NONE',  ( -2.799999999999999822, -3.414809992080329023E-17, 3.414809992080329023E-17 ) ) ;
#396 = FACE_OUTER_BOUND ( 'NONE', #1956, .T. ) ;
#397 = ORIENTED_EDGE ( 'NONE', *, *, #1115, .F. ) ;
#398 = AXIS2_PLACEMENT_3D ( 'NONE', #2103, #714, #1664 ) ;
#399 = CARTESIAN_POINT ( 'NONE',  ( -0.3510302151916240287, 2.868080372868468508, 0.000000000000000000 ) ) ;
#400 = DIRECTION ( 'NONE',  ( -1.000000000000000000, -0.000000000000000000, -0.000000000000000000 ) ) ;
#401 = EDGE_CURVE ( 'NONE', #2636, #1092, #1168, .T. ) ;
#402 = FACE_OUTER_BOUND ( 'NONE', #1571, .T. ) ;
#403 = CARTESIAN_POINT ( 'NONE',  ( -3.325961538461542855, 2.395673076923079847, -0.1000000000000000056 ) ) ;
#404 = EDGE_CURVE ( 'NONE', #1556, #971, #260, .T. ) ;
#405 = ORIENTED_EDGE ( 'NONE', *, *, #651, .F. ) ;
#406 = CIRCLE ( 'NONE', #1410, 0.02000000000000005940 ) ;
#407 = EDGE_CURVE ( 'NONE', #1762, #1263, #488, .T. ) ;
#408 = APPLICATION_PROTOCOL_DEFINITION ( 'draft international standard', 'automotive_design', 1998, #2345 ) ;
#409 = AXIS2_PLACEMENT_3D ( 'NONE', #1173, #1347, #1599 ) ;
#410 = AXIS2_PLACEMENT_3D ( 'NONE', #2145, #2858, #1000 ) ;
#411 = CARTESIAN_POINT ( 'NONE',  ( -0.4305263157894737014, -1.549999999999999600, 0.1000000000000000056 ) ) ;
#412 = ORIENTED_EDGE ( 'NONE', *, *, #1988, .F. ) ;
#413 = FACE_BOUND ( 'NONE', #202, .T. ) ;
#414 = CARTESIAN_POINT ( 'NONE',  ( 2.799999999999999822, 0.000000000000000000, -0.1000000000000000056 ) ) ;
#415 = ORIENTED_EDGE ( 'NONE', *, *, #628, .F. ) ;
#416 = DIRECTION ( 'NONE',  ( 1.000000000000000000, 0.000000000000000000, 0.000000000000000000 ) ) ;
#417 = CARTESIAN_POINT ( 'NONE',  ( 0.9378947368421050035, -1.549999999999999600, -0.1000000000000000056 ) ) ;
#418 = EDGE_CURVE ( 'NONE', #2675, #1568, #1865, .T. ) ;
#419 = CARTESIAN_POINT ( 'NONE',  ( 0.1000000000000000056, -0.2057096998324159931, 0.5636320949400689395 ) ) ;
#420 = CARTESIAN_POINT ( 'NONE',  ( 2.052631578947368141, -1.549999999999999822, -0.1000000000000000056 ) ) ;
#421 = ADVANCED_FACE ( 'NONE', ( #33 ), #946, .F. ) ;
#422 = ORIENTED_EDGE ( 'NONE', *, *, #2241, .F. ) ;
#423 = EDGE_CURVE ( 'NONE', #971, #1556, #545, .T. ) ;
#424 = CARTESIAN_POINT ( 'NONE',  ( -3.325961538461542855, 2.395673076923079847, -0.1000000000000000056 ) ) ;
#425 = EDGE_CURVE ( 'NONE', #1289, #2102, #745, .T. ) ;
#426 = ADVANCED_FACE ( 'NONE', ( #1137 ), #917, .F. ) ;
#427 = ORIENTED_EDGE ( 'NONE', *, *, #1115, .T. ) ;
#428 = EDGE_CURVE ( 'NONE', #1263, #1354, #2787, .T. ) ;
#429 = DIRECTION ( 'NONE',  ( 0.000000000000000000, 0.000000000000000000, -1.000000000000000000 ) ) ;
#430 = DIRECTION ( 'NONE',  ( -1.000000000000000000, -0.000000000000000000, -0.000000000000000000 ) ) ;
#431 = EDGE_LOOP ( 'NONE', ( #1153, #17, #2950, #821 ) ) ;
#432 = CARTESIAN_POINT ( 'NONE',  ( 0.9850607926281629290, 0.5000020269783657101, -0.01667689632413708184 ) ) ;
#433 = FACE_OUTER_BOUND ( 'NONE', #2558, .T. ) ;
#434 = ORIENTED_EDGE ( 'NONE', *, *, #2504, .T. ) ;
#435 = VECTOR ( 'NONE', #1317, 39.37007874015748143 ) ;
#436 = AXIS2_PLACEMENT_3D ( 'NONE', #1621, #1847, #2783 ) ;
#437 = DIRECTION ( 'NONE',  ( 1.000000000000000000, 0.000000000000000000, 0.000000000000000000 ) ) ;
#438 = CARTESIAN_POINT ( 'NONE',  ( 2.032631578947368123, -1.549999999999999822, -0.1000000000000000056 ) ) ;
#439 = VECTOR ( 'NONE', #31, 39.37007874015748143 ) ;
#440 = VERTEX_POINT ( 'NONE', #2738 ) ;
#441 = CARTESIAN_POINT ( 'NONE',  ( -2.799999999999999822, -1.750000000000000000, 0.000000000000000000 ) ) ;
#442 = ORIENTED_EDGE ( 'NONE', *, *, #1810, .F. ) ;
#443 = EDGE_CURVE ( 'NONE', #1630, #2667, #2685, .T. ) ;
#444 = CIRCLE ( 'NONE', #2447, 0.02000000000000005940 ) ;
#445 = DIRECTION ( 'NONE',  ( 0.000000000000000000, 0.000000000000000000, 1.000000000000000000 ) ) ;
#446 = LINE ( 'NONE', #491, #362 ) ;
#447 = ORIENTED_EDGE ( 'NONE', *, *, #1394, .T. ) ;
#448 = EDGE_CURVE ( 'NONE', #1908, #232, #2362, .T. ) ;
#449 = CARTESIAN_POINT ( 'NONE',  ( -2.306315789473683875, -1.549999999999999378, -0.1000000000000000056 ) ) ;
#450 = DIRECTION ( 'NONE',  ( 0.000000000000000000, 0.000000000000000000, 1.000000000000000000 ) ) ;
#451 = AXIS2_PLACEMENT_3D ( 'NONE', #2119, #1182, #60 ) ;
#452 = EDGE_LOOP ( 'NONE', ( #1069, #1012, #320, #2542 ) ) ;
#453 = AXIS2_PLACEMENT_3D ( 'NONE', #994, #1915, #1258 ) ;
#454 = CARTESIAN_POINT ( 'NONE',  ( -0.3749999999999999445, 2.999999999999999556, -0.1000000000000000056 ) ) ;
#455 = DIRECTION ( 'NONE',  ( 0.000000000000000000, -0.3428560090647373437, 0.9393879693972032596 ) ) ;
#456 = ADVANCED_FACE ( 'NONE', ( #1527 ), #2216, .F. ) ;
#457 = ORIENTED_EDGE ( 'NONE', *, *, #1151, .F. ) ;
#458 = DIRECTION ( 'NONE',  ( 0.000000000000000000, 0.000000000000000000, 1.000000000000000000 ) ) ;
#459 = VECTOR ( 'NONE', #2591, 39.37007874015748143 ) ;
#460 = ORIENTED_EDGE ( 'NONE', *, *, #448, .F. ) ;
#461 = CARTESIAN_POINT ( 'NONE',  ( 0.1000000000000000056, -1.750000000000000000, 0.000000000000000000 ) ) ;
#462 = DIRECTION ( 'NONE',  ( 0.000000000000000000, 0.000000000000000000, -1.000000000000000000 ) ) ;
#463 = EDGE_LOOP ( 'NONE', ( #865, #397, #2633, #623 ) ) ;
#464 = DIRECTION ( 'NONE',  ( 0.000000000000000000, 0.000000000000000000, 1.000000000000000000 ) ) ;
#465 = CIRCLE ( 'NONE', #934, 0.5999992689939883661 ) ;
#466 = CARTESIAN_POINT ( 'NONE',  ( 1.778947368421052388, -1.549999999999999822, -0.1000000000000000056 ) ) ;
#467 = DIRECTION ( 'NONE',  ( 0.000000000000000000, -1.000000000000000000, 0.000000000000000000 ) ) ;
#468 = EDGE_LOOP ( 'NONE', ( #2545, #2329 ) ) ;
#469 = DIRECTION ( 'NONE',  ( 0.000000000000000000, 0.000000000000000000, 1.000000000000000000 ) ) ;
#470 = DIRECTION ( 'NONE',  ( 0.000000000000000000, 0.000000000000000000, 1.000000000000000000 ) ) ;
#471 = AXIS2_PLACEMENT_3D ( 'NONE', #2423, #2873, #162 ) ;
#472 = VERTEX_POINT ( 'NONE', #1751 ) ;
#473 = CARTESIAN_POINT ( 'NONE',  ( 0.1000000000000000194, 0.000000000000000000, 0.000000000000000000 ) ) ;
#474 = ORIENTED_EDGE ( 'NONE', *, *, #56, .T. ) ;
#475 = CARTESIAN_POINT ( 'NONE',  ( -0.3905263157894735548, -1.549999999999999600, 0.1000000000000000056 ) ) ;
#476 = DIRECTION ( 'NONE',  ( 1.000000000000000000, 0.000000000000000000, 0.000000000000000000 ) ) ;
#477 = ORIENTED_EDGE ( 'NONE', *, *, #12, .T. ) ;
#478 = DIRECTION ( 'NONE',  ( 1.000000000000000000, 0.000000000000000000, 0.000000000000000000 ) ) ;
#479 = CARTESIAN_POINT ( 'NONE',  ( 3.325961538461544631, 2.395673076923077183, 0.1000000000000000056 ) ) ;
#480 = ORIENTED_EDGE ( 'NONE', *, *, #2330, .F. ) ;
#481 = EDGE_CURVE ( 'NONE', #1614, #1596, #159, .T. ) ;
#482 = CARTESIAN_POINT ( 'NONE',  ( 0.000000000000000000, -1.458333333333333037, -0.1000000000000000056 ) ) ;
#483 = CARTESIAN_POINT ( 'NONE',  ( -2.346315789473683910, -1.549999999999999378, -0.1000000000000000056 ) ) ;
#484 = VERTEX_POINT ( 'NONE', #787 ) ;
#485 = EDGE_CURVE ( 'NONE', #136, #253, #357, .T. ) ;
#486 = AXIS2_PLACEMENT_3D ( 'NONE', #1515, #163, #1754 ) ;
#487 = AXIS2_PLACEMENT_3D ( 'NONE', #1029, #317, #1691 ) ;
#488 = LINE ( 'NONE', #291, #2836 ) ;
#489 = ORIENTED_EDGE ( 'NONE', *, *, #1820, .T. ) ;
#490 = FACE_BOUND ( 'NONE', #1825, .T. ) ;
#491 = CARTESIAN_POINT ( 'NONE',  ( -1.211578947368420867, -1.549999999999999378, -0.1000000000000000056 ) ) ;
#492 = ORIENTED_EDGE ( 'NONE', *, *, #590, .T. ) ;
#493 = AXIS2_PLACEMENT_3D ( 'NONE', #82, #767, #779 ) ;
#494 = CARTESIAN_POINT ( 'NONE',  ( -2.999999999999999556, -3.414809992080329023E-17, 3.414809992080329023E-17 ) ) ;
#495 = CIRCLE ( 'NONE', #876, 0.02000000000000005940 ) ;
#496 = SURFACE_STYLE_USAGE ( .BOTH. , #709 ) ;
#497 = ORIENTED_EDGE ( 'NONE', *, *, #423, .T. ) ;
#498 = CARTESIAN_POINT ( 'NONE',  ( -0.04000000000000011879, 2.999999999999999556, 0.3749999999999999445 ) ) ;
#499 = DIRECTION ( 'NONE',  ( 1.000000000000000000, 0.000000000000000000, 0.000000000000000000 ) ) ;
#500 = ADVANCED_FACE ( 'NONE', ( #2009 ), #322, .F. ) ;
#501 = ORIENTED_EDGE ( 'NONE', *, *, #1521, .F. ) ;
#502 = VECTOR ( 'NONE', #2687, 39.37007874015748143 ) ;
#503 = EDGE_CURVE ( 'NONE', #1568, #1908, #1502, .T. ) ;
#504 = CYLINDRICAL_SURFACE ( 'NONE', #2454, 0.02000000000000005940 ) ;
#505 = ORIENTED_EDGE ( 'NONE', *, *, #2385, .F. ) ;
#506 = PLANE ( 'NONE',  #247 ) ;
#507 = CARTESIAN_POINT ( 'NONE',  ( 1.211578947368420867, -1.549999999999999600, -0.1000000000000000056 ) ) ;
#508 = ORIENTED_EDGE ( 'NONE', *, *, #91, .F. ) ;
#509 = AXIS2_PLACEMENT_3D ( 'NONE', #554, #1191, #112 ) ;
#510 = DIRECTION ( 'NONE',  ( -1.000000000000000000, -0.000000000000000000, -0.000000000000000000 ) ) ;
#511 = FILL_AREA_STYLE_COLOUR ( '', #2505 ) ;
#512 = ORIENTED_EDGE ( 'NONE', *, *, #12, .F. ) ;
#513 = VECTOR ( 'NONE', #2695, 39.37007874015748143 ) ;
#514 = DIRECTION ( 'NONE',  ( 0.000000000000000000, 0.000000000000000000, 1.000000000000000000 ) ) ;
#515 = DIRECTION ( 'NONE',  ( 0.000000000000000000, 0.000000000000000000, 1.000000000000000000 ) ) ;
#516 = ORIENTED_EDGE ( 'NONE', *, *, #651, .T. ) ;
#517 = CARTESIAN_POINT ( 'NONE',  ( 0.1568421052631579216, -1.549999999999999600, -0.1000000000000000056 ) ) ;
#518 = EDGE_LOOP ( 'NONE', ( #2111, #523, #1316, #788 ) ) ;
#519 = DIRECTION ( 'NONE',  ( 1.000000000000000000, 0.000000000000000000, 0.000000000000000000 ) ) ;
#520 = LINE ( 'NONE', #993, #1070 ) ;
#521 = EDGE_LOOP ( 'NONE', ( #2236, #2123, #601, #1996 ) ) ;
#522 = EDGE_CURVE ( 'NONE', #2269, #484, #1826, .T. ) ;
#523 = ORIENTED_EDGE ( 'NONE', *, *, #644, .T. ) ;
#524 = EDGE_CURVE ( 'NONE', #323, #629, #2734, .T. ) ;
#525 = CARTESIAN_POINT ( 'NONE',  ( -2.999999999999999556, -0.4898979485566355985, 0.1000000000000000056 ) ) ;
#526 = CARTESIAN_POINT ( 'NONE',  ( 2.052631578947368141, -1.549999999999999822, -0.1000000000000000056 ) ) ;
#527 = ORIENTED_EDGE ( 'NONE', *, *, #2435, .F. ) ;
#528 = VECTOR ( 'NONE', #596, 39.37007874015748143 ) ;
#529 = DIRECTION ( 'NONE',  ( 0.000000000000000000, 0.000000000000000000, 1.000000000000000000 ) ) ;
#530 = FACE_OUTER_BOUND ( 'NONE', #765, .T. ) ;
#531 = ORIENTED_EDGE ( 'NONE', *, *, #1544, .T. ) ;
#532 = ORIENTED_EDGE ( 'NONE', *, *, #1124, .T. ) ;
#533 = DIRECTION ( 'NONE',  ( 1.000000000000000000, 0.000000000000000000, 0.000000000000000000 ) ) ;
#534 = ORIENTED_EDGE ( 'NONE', *, *, #2443, .T. ) ;
#535 = EDGE_CURVE ( 'NONE', #2094, #1019, #2457, .T. ) ;
#536 = VERTEX_POINT ( 'NONE', #176 ) ;
#537 = CARTESIAN_POINT ( 'NONE',  ( 0.1000000000000000194, 2.510102051434274451, -0.09999999999999999167 ) ) ;
#538 = CARTESIAN_POINT ( 'NONE',  ( -1.505263157894736636, -1.549999999999999378, 0.1000000000000000056 ) ) ;
#539 = ORIENTED_EDGE ( 'NONE', *, *, #1866, .T. ) ;
#540 = EDGE_CURVE ( 'NONE', #1369, #2904, #1084, .T. ) ;
#541 = AXIS2_PLACEMENT_3D ( 'NONE', #1260, #2183, #599 ) ;
#542 = DIRECTION ( 'NONE',  ( 1.000000000000000000, 0.000000000000000000, 0.000000000000000000 ) ) ;
#543 = CARTESIAN_POINT ( 'NONE',  ( 1.798947368421052406, -1.549999999999999822, 0.1000000000000000056 ) ) ;
#544 = VERTEX_POINT ( 'NONE', #1127 ) ;
#545 = CIRCLE ( 'NONE', #786, 0.02000000000000005940 ) ;
#546 = EDGE_CURVE ( 'NONE', #2667, #1780, #1553, .T. ) ;
#547 = VERTEX_POINT ( 'NONE', #2681 ) ;
#548 = AXIS2_PLACEMENT_3D ( 'NONE', #776, #1006, #2165 ) ;
#549 = CARTESIAN_POINT ( 'NONE',  ( -1.798947368421052406, -1.549999999999999378, -0.1000000000000000056 ) ) ;
#550 = CARTESIAN_POINT ( 'NONE',  ( 2.999999999999999556, 0.000000000000000000, 0.5999999999999999778 ) ) ;
#551 = ADVANCED_FACE ( 'NONE', ( #647 ), #1321, .T. ) ;
#552 = EDGE_LOOP ( 'NONE', ( #2954, #387, #1058, #699 ) ) ;
#553 = DIRECTION ( 'NONE',  ( -1.000000000000000000, 0.000000000000000000, 0.000000000000000000 ) ) ;
#554 = CARTESIAN_POINT ( 'NONE',  ( 2.599999999999999645, -1.549999999999999822, 0.1000000000000000056 ) ) ;
#555 = ORIENTED_EDGE ( 'NONE', *, *, #2945, .T. ) ;
#556 = CIRCLE ( 'NONE', #931, 0.02000000000000005940 ) ;
#557 = LINE ( 'NONE', #316, #1738 ) ;
#558 = DIRECTION ( 'NONE',  ( 0.000000000000000000, 0.000000000000000000, 1.000000000000000000 ) ) ;
#559 = CIRCLE ( 'NONE', #2182, 0.02000000000000005940 ) ;
#560 = AXIS2_PLACEMENT_3D ( 'NONE', #1323, #2202, #2008 ) ;
#561 = ADVANCED_FACE ( 'NONE', ( #402 ), #1981, .F. ) ;
#562 = CARTESIAN_POINT ( 'NONE',  ( -0.9578947368421051323, -1.549999999999999378, 0.1000000000000000056 ) ) ;
#563 = ORIENTED_EDGE ( 'NONE', *, *, #2802, .F. ) ;
#564 = CARTESIAN_POINT ( 'NONE',  ( 0.9578947368421051323, -1.549999999999999600, -0.1000000000000000056 ) ) ;
#565 = CARTESIAN_POINT ( 'NONE',  ( -2.799999999999999822, -0.4898979485566355985, 0.1000000000000000056 ) ) ;
#566 = ORIENTED_EDGE ( 'NONE', *, *, #1394, .F. ) ;
#567 = CARTESIAN_POINT ( 'NONE',  ( -2.599999999999999645, -1.549999999999999378, 0.1000000000000000056 ) ) ;
#568 = CARTESIAN_POINT ( 'NONE',  ( -2.999999999999999556, -0.4898979485566355985, 0.1000000000000000056 ) ) ;
#569 = ORIENTED_EDGE ( 'NONE', *, *, #1810, .T. ) ;
#570 = DIRECTION ( 'NONE',  ( 0.000000000000000000, -1.000000000000000000, 0.000000000000000000 ) ) ;
#571 = CARTESIAN_POINT ( 'NONE',  ( -0.1000000000000000056, -0.2057096998324159931, -0.5636320949400689395 ) ) ;
#572 = EDGE_CURVE ( 'NONE', #276, #903, #1318, .T. ) ;
#573 = ORIENTED_EDGE ( 'NONE', *, *, #2330, .T. ) ;
#574 = FACE_BOUND ( 'NONE', #2817, .T. ) ;
#575 = EDGE_CURVE ( 'NONE', #1660, #1438, #2928, .T. ) ;
#576 = ORIENTED_EDGE ( 'NONE', *, *, #848, .T. ) ;
#577 = DIRECTION ( 'NONE',  ( 1.000000000000000000, 0.000000000000000000, 0.000000000000000000 ) ) ;
#578 = EDGE_LOOP ( 'NONE', ( #906, #2491, #1458, #918 ) ) ;
#579 = AXIS2_PLACEMENT_3D ( 'NONE', #20, #2032, #2933 ) ;
#580 = VECTOR ( 'NONE', #956, 39.37007874015748143 ) ;
#581 = CYLINDRICAL_SURFACE ( 'NONE', #541, 0.02000000000000005940 ) ;
#582 = DIRECTION ( 'NONE',  ( 0.000000000000000000, 0.000000000000000000, 1.000000000000000000 ) ) ;
#583 = ORIENTED_EDGE ( 'NONE', *, *, #404, .T. ) ;
#584 = CIRCLE ( 'NONE', #961, 0.02000000000000005940 ) ;
#585 = EDGE_CURVE ( 'NONE', #472, #2342, #1469, .T. ) ;
#586 = CARTESIAN_POINT ( 'NONE',  ( -2.799999999999999822, 0.000000000000000000, 0.000000000000000000 ) ) ;
#587 = PLANE ( 'NONE',  #487 ) ;
#588 = AXIS2_PLACEMENT_3D ( 'NONE', #2606, #96, #1218 ) ;
#589 = EDGE_LOOP ( 'NONE', ( #1665, #1138, #218, #2910, #2848, #2442, #301 ) ) ;
#590 = EDGE_CURVE ( 'NONE', #971, #731, #1103, .T. ) ;
#591 = FACE_BOUND ( 'NONE', #642, .T. ) ;
#592 = VECTOR ( 'NONE', #514, 39.37007874015748143 ) ;
#593 = ORIENTED_EDGE ( 'NONE', *, *, #656, .T. ) ;
#594 = EDGE_CURVE ( 'NONE', #611, #1187, #2380, .T. ) ;
#595 = DIRECTION ( 'NONE',  ( 0.000000000000000000, 0.000000000000000000, 1.000000000000000000 ) ) ;
#596 = DIRECTION ( 'NONE',  ( 1.000000000000000000, 0.000000000000000000, 0.000000000000000000 ) ) ;
#597 = VERTEX_POINT ( 'NONE', #181 ) ;
#598 = VECTOR ( 'NONE', #2587, 39.37007874015748143 ) ;
#599 = DIRECTION ( 'NONE',  ( 1.000000000000000000, 0.000000000000000000, 0.000000000000000000 ) ) ;
#600 = CARTESIAN_POINT ( 'NONE',  ( -2.999999999999999556, 0.000000000000000000, 0.5999999999999999778 ) ) ;
#601 = ORIENTED_EDGE ( 'NONE', *, *, #1601, .T. ) ;
#602 = AXIS2_PLACEMENT_3D ( 'NONE', #562, #161, #2816 ) ;
#603 = FACE_OUTER_BOUND ( 'NONE', #978, .T. ) ;
#604 = DIRECTION ( 'NONE',  ( 0.000000000000000000, 0.000000000000000000, 1.000000000000000000 ) ) ;
#605 = EDGE_LOOP ( 'NONE', ( #1901, #2370, #1007, #1805 ) ) ;
#606 = CARTESIAN_POINT ( 'NONE',  ( -1.778947368421052388, -1.549999999999999378, 0.1000000000000000056 ) ) ;
#607 = VECTOR ( 'NONE', #1477, 39.37007874015748143 ) ;
#608 = DIRECTION ( 'NONE',  ( 0.000000000000000000, 0.000000000000000000, 1.000000000000000000 ) ) ;
#609 = EDGE_LOOP ( 'NONE', ( #1504, #2030, #2484, #2602 ) ) ;
#610 = DIRECTION ( 'NONE',  ( 0.000000000000000000, 0.000000000000000000, 1.000000000000000000 ) ) ;
#611 = VERTEX_POINT ( 'NONE', #389 ) ;
#612 = FACE_BOUND ( 'NONE', #2415, .T. ) ;
#613 = CARTESIAN_POINT ( 'NONE',  ( 2.799999999999999822, 0.000000000000000000, 0.5999999999999999778 ) ) ;
#614 = EDGE_LOOP ( 'NONE', ( #762, #531 ) ) ;
#615 = EDGE_CURVE ( 'NONE', #2094, #2240, #1310, .T. ) ;
#616 = CARTESIAN_POINT ( 'NONE',  ( -2.999999999999999556, 0.000000000000000000, 0.000000000000000000 ) ) ;
#617 = CARTESIAN_POINT ( 'NONE',  ( 0.000000000000000000, 2.999999999999999556, -0.3749999999999999445 ) ) ;
#618 = CARTESIAN_POINT ( 'NONE',  ( 0.1000000000000000056, 3.654976622648373073E-06, 0.000000000000000000 ) ) ;
#619 = EDGE_LOOP ( 'NONE', ( #2409, #175, #2054, #2304 ) ) ;
#620 = DIRECTION ( 'NONE',  ( 0.000000000000000000, 0.000000000000000000, 1.000000000000000000 ) ) ;
#621 = DIRECTION ( 'NONE',  ( 0.000000000000000000, 0.000000000000000000, 1.000000000000000000 ) ) ;
#622 = AXIS2_PLACEMENT_3D ( 'NONE', #217, #152, #1121 ) ;
#623 = ORIENTED_EDGE ( 'NONE', *, *, #2860, .F. ) ;
#624 = CARTESIAN_POINT ( 'NONE',  ( 0.4105263157894736281, -1.549999999999999600, -0.1000000000000000056 ) ) ;
#625 = VERTEX_POINT ( 'NONE', #1295 ) ;
#626 = CARTESIAN_POINT ( 'NONE',  ( 0.4105263157894736281, -1.549999999999999600, -0.1000000000000000056 ) ) ;
#627 = DIRECTION ( 'NONE',  ( 0.000000000000000000, 0.000000000000000000, 1.000000000000000000 ) ) ;
#628 = EDGE_CURVE ( 'NONE', #2175, #440, #1404, .T. ) ;
#629 = VERTEX_POINT ( 'NONE', #2915 ) ;
#630 = VECTOR ( 'NONE', #1801, 39.37007874015748143 ) ;
#631 = LINE ( 'NONE', #1717, #1882 ) ;
#632 = CARTESIAN_POINT ( 'NONE',  ( 1.778947368421052388, -1.549999999999999822, 0.1000000000000000056 ) ) ;
#633 = ADVANCED_FACE ( 'NONE', ( #1071 ), #1997, .F. ) ;
#634 = VECTOR ( 'NONE', #1388, 39.37007874015748143 ) ;
#635 = VERTEX_POINT ( 'NONE', #419 ) ;
#636 = DIRECTION ( 'NONE',  ( 1.000000000000000000, 0.000000000000000000, 0.000000000000000000 ) ) ;
#637 = CARTESIAN_POINT ( 'NONE',  ( 0.3750000000000002220, 2.999999999999999556, 0.3749999999999999445 ) ) ;
#638 = CIRCLE ( 'NONE', #874, 0.02000000000000033348 ) ;
#639 = ORIENTED_EDGE ( 'NONE', *, *, #56, .F. ) ;
#640 = VECTOR ( 'NONE', #2381, 39.37007874015748854 ) ;
#641 = CARTESIAN_POINT ( 'NONE',  ( -1.778947368421052388, -1.549999999999999378, 0.1000000000000000056 ) ) ;
#642 = EDGE_LOOP ( 'NONE', ( #2476, #1552 ) ) ;
#643 = CARTESIAN_POINT ( 'NONE',  ( -0.1000000000000000194, -0.4898979485566355985, 0.09999999999999999167 ) ) ;
#644 = EDGE_CURVE ( 'NONE', #2680, #1566, #2669, .T. ) ;
#645 = PLANE ( 'NONE',  #2934 ) ;
#646 = ORIENTED_EDGE ( 'NONE', *, *, #2168, .F. ) ;
#647 = FACE_OUTER_BOUND ( 'NONE', #1758, .T. ) ;
#648 = FACE_OUTER_BOUND ( 'NONE', #2821, .T. ) ;
#649 = FACE_OUTER_BOUND ( 'NONE', #2284, .T. ) ;
#650 = ORIENTED_EDGE ( 'NONE', *, *, #715, .F. ) ;
#651 = EDGE_CURVE ( 'NONE', #992, #2181, #111, .T. ) ;
#652 = CARTESIAN_POINT ( 'NONE',  ( 0.6842105263157893802, -1.549999999999999600, 0.1000000000000000056 ) ) ;
#653 = CARTESIAN_POINT ( 'NONE',  ( 0.000000000000000000, 2.999999999999999556, -0.3749999999999999445 ) ) ;
#654 = EDGE_CURVE ( 'NONE', #1500, #2361, #1769, .T. ) ;
#655 = ORIENTED_EDGE ( 'NONE', *, *, #868, .F. ) ;
#656 = EDGE_CURVE ( 'NONE', #1330, #339, #15, .T. ) ;
#657 = AXIS2_PLACEMENT_3D ( 'NONE', #864, #1049, #190 ) ;
#658 = VECTOR ( 'NONE', #476, 39.37007874015748143 ) ;
#659 = AXIS2_PLACEMENT_3D ( 'NONE', #2700, #1784, #667 ) ;
#660 = CARTESIAN_POINT ( 'NONE',  ( 0.1000000000000000194, 0.4898979485566356540, -0.1000000000000000056 ) ) ;
#661 = ORIENTED_EDGE ( 'NONE', *, *, #423, .F. ) ;
#662 = APPLICATION_CONTEXT ( 'automotive_design' ) ;
#663 = CARTESIAN_POINT ( 'NONE',  ( -0.1000000000000000194, 2.395673076923077183, -0.1000000000000000056 ) ) ;
#664 = CARTESIAN_POINT ( 'NONE',  ( 0.6642105263157892514, -1.549999999999999600, -0.1000000000000000056 ) ) ;
#665 = ORIENTED_EDGE ( 'NONE', *, *, #334, .F. ) ;
#666 = CARTESIAN_POINT ( 'NONE',  ( -2.052631578947368141, -1.549999999999999378, 0.1000000000000000056 ) ) ;
#667 = DIRECTION ( 'NONE',  ( 1.000000000000000000, 0.000000000000000000, 0.000000000000000000 ) ) ;
#668 = VERTEX_POINT ( 'NONE', #1326 ) ;
#669 = DIRECTION ( 'NONE',  ( 0.000000000000000000, 0.000000000000000000, 1.000000000000000000 ) ) ;
#670 = DIRECTION ( 'NONE',  ( 1.000000000000000000, 0.000000000000000000, 0.000000000000000000 ) ) ;
#671 = ADVANCED_FACE ( 'NONE', ( #2248 ), #196, .F. ) ;
#672 = ORIENTED_EDGE ( 'NONE', *, *, #2646, .T. ) ;
#673 = VECTOR ( 'NONE', #1580, 39.37007874015748143 ) ;
#674 = EDGE_CURVE ( 'NONE', #2257, #2138, #2482, .T. ) ;
#675 = DIRECTION ( 'NONE',  ( 1.000000000000000000, 0.000000000000000000, 0.000000000000000000 ) ) ;
#676 = EDGE_LOOP ( 'NONE', ( #1213, #1122, #1656, #959 ) ) ;
#677 = FACE_OUTER_BOUND ( 'NONE', #900, .T. ) ;
#678 = FACE_OUTER_BOUND ( 'NONE', #521, .T. ) ;
#679 = ORIENTED_EDGE ( 'NONE', *, *, #1171, .T. ) ;
#680 = DIRECTION ( 'NONE',  ( 1.000000000000000000, 0.000000000000000000, 0.000000000000000000 ) ) ;
#681 = EDGE_CURVE ( 'NONE', #142, #2155, #2174, .T. ) ;
#682 = ORIENTED_EDGE ( 'NONE', *, *, #2431, .T. ) ;
#683 = CIRCLE ( 'NONE', #960, 0.5999992689939883661 ) ;
#684 = FACE_OUTER_BOUND ( 'NONE', #2098, .T. ) ;
#685 = DIRECTION ( 'NONE',  ( 0.000000000000000000, 0.000000000000000000, 1.000000000000000000 ) ) ;
#686 = ORIENTED_EDGE ( 'NONE', *, *, #1389, .F. ) ;
#687 = CARTESIAN_POINT ( 'NONE',  ( 2.579999999999999183, -1.549999999999999822, 0.1000000000000000056 ) ) ;
#688 = ORIENTED_EDGE ( 'NONE', *, *, #1257, .T. ) ;
#689 = VECTOR ( 'NONE', #1989, 39.37007874015748143 ) ;
#690 = FACE_OUTER_BOUND ( 'NONE', #1837, .T. ) ;
#691 = DIRECTION ( 'NONE',  ( -0.000000000000000000, -0.9797958971139983930, 0.1999999999964377217 ) ) ;
#692 = ORIENTED_EDGE ( 'NONE', *, *, #1242, .T. ) ;
#693 = DIRECTION ( 'NONE',  ( 0.000000000000000000, 0.000000000000000000, 1.000000000000000000 ) ) ;
#694 = LINE ( 'NONE', #1158, #2676 ) ;
#695 = ORIENTED_EDGE ( 'NONE', *, *, #585, .F. ) ;
#696 = VECTOR ( 'NONE', #693, 39.37007874015748143 ) ;
#697 = LINE ( 'NONE', #482, #2813 ) ;
#698 = CARTESIAN_POINT ( 'NONE',  ( -0.04000000000000011879, 2.999999999999999556, -0.3749999999999999445 ) ) ;
#699 = ORIENTED_EDGE ( 'NONE', *, *, #74, .T. ) ;
#700 = CARTESIAN_POINT ( 'NONE',  ( -0.1000000000000000194, 0.000000000000000000, 0.000000000000000000 ) ) ;
#701 = EDGE_CURVE ( 'NONE', #313, #1538, #148, .T. ) ;
#702 = ORIENTED_EDGE ( 'NONE', *, *, #127, .T. ) ;
#703 = CARTESIAN_POINT ( 'NONE',  ( 1.758947368421052371, -1.549999999999999822, 0.1000000000000000056 ) ) ;
#704 = AXIS2_PLACEMENT_3D ( 'NONE', #1039, #2665, #2651 ) ;
#705 = FACE_OUTER_BOUND ( 'NONE', #2705, .T. ) ;
#706 = VERTEX_POINT ( 'NONE', #2525 ) ;
#707 = EDGE_CURVE ( 'NONE', #1369, #1643, #2055, .T. ) ;
#708 = CARTESIAN_POINT ( 'NONE',  ( 1.231578947368420884, -1.549999999999999600, -0.1000000000000000056 ) ) ;
#709 = SURFACE_SIDE_STYLE ('',( #2275 ) ) ;
#710 = EDGE_CURVE ( 'NONE', #1711, #2138, #697, .T. ) ;
#711 = CARTESIAN_POINT ( 'NONE',  ( 2.999999999999999556, -1.750000000000000000, 0.1000000000000000056 ) ) ;
#712 = DIRECTION ( 'NONE',  ( 0.000000000000000000, -0.9459459459459458319, -0.3243243243243243423 ) ) ;
#713 = ORIENTED_EDGE ( 'NONE', *, *, #1413, .F. ) ;
#714 = DIRECTION ( 'NONE',  ( 1.000000000000000000, 0.000000000000000000, 0.000000000000000000 ) ) ;
#715 = EDGE_CURVE ( 'NONE', #2296, #1531, #1405, .T. ) ;
#716 = VERTEX_POINT ( 'NONE', #1591 ) ;
#717 = CARTESIAN_POINT ( 'NONE',  ( 1.231578947368420884, -1.549999999999999600, -0.1000000000000000056 ) ) ;
#718 = DIRECTION ( 'NONE',  ( 0.000000000000000000, 0.000000000000000000, 1.000000000000000000 ) ) ;
#719 = VERTEX_POINT ( 'NONE', #498 ) ;
#720 = EDGE_CURVE ( 'NONE', #2605, #2181, #185, .T. ) ;
#721 = CARTESIAN_POINT ( 'NONE',  ( 0.9850640815047342347, 0.4999979656619453205, 0.01679821976867713201 ) ) ;
#722 = EDGE_LOOP ( 'NONE', ( #1755, #1731 ) ) ;
#723 = EDGE_CURVE ( 'NONE', #966, #1652, #238, .T. ) ;
#724 = EDGE_CURVE ( 'NONE', #1270, #992, #927, .T. ) ;
#725 = DIRECTION ( 'NONE',  ( 1.000000000000000000, 0.000000000000000000, 0.000000000000000000 ) ) ;
#726 = PLANE ( 'NONE',  #1633 ) ;
#727 = EDGE_LOOP ( 'NONE', ( #1390, #2758, #1364, #2550 ) ) ;
#728 = VECTOR ( 'NONE', #608, 39.37007874015748143 ) ;
#729 = CIRCLE ( 'NONE', #1099, 0.02000000000000005940 ) ;
#730 = CARTESIAN_POINT ( 'NONE',  ( -1.778947368421052388, -1.549999999999999378, -0.1000000000000000056 ) ) ;
#731 = VERTEX_POINT ( 'NONE', #30 ) ;
#732 = DIRECTION ( 'NONE',  ( 0.000000000000000000, 0.000000000000000000, 1.000000000000000000 ) ) ;
#733 = DIRECTION ( 'NONE',  ( -0.000000000000000000, 0.000000000000000000, 1.000000000000000000 ) ) ;
#734 = EDGE_LOOP ( 'NONE', ( #215, #508, #1170, #2777 ) ) ;
#735 = CIRCLE ( 'NONE', #2538, 0.04000000000000011879 ) ;
#736 = DIRECTION ( 'NONE',  ( 0.000000000000000000, 0.000000000000000000, 1.000000000000000000 ) ) ;
#737 = CIRCLE ( 'NONE', #2264, 0.5000000000000000000 ) ;
#738 =( CONVERSION_BASED_UNIT ( 'INCH', #2940 ) LENGTH_UNIT ( ) NAMED_UNIT ( #19 ) );
#739 = ORIENTED_EDGE ( 'NONE', *, *, #1521, .T. ) ;
#740 = EDGE_CURVE ( 'NONE', #1538, #281, #375, .T. ) ;
#741 = CARTESIAN_POINT ( 'NONE',  ( 0.1168421052631578166, -1.549999999999999600, 0.1000000000000000056 ) ) ;
#742 = DIRECTION ( 'NONE',  ( 1.000000000000000000, 0.000000000000000000, 0.000000000000000000 ) ) ;
#743 = EDGE_LOOP ( 'NONE', ( #1096, #480 ) ) ;
#744 = AXIS2_PLACEMENT_3D ( 'NONE', #618, #1226, #1693 ) ;
#745 = LINE ( 'NONE', #761, #1791 ) ;
#746 = EDGE_CURVE ( 'NONE', #625, #795, #1325, .T. ) ;
#747 = VERTEX_POINT ( 'NONE', #943 ) ;
#748 = FACE_BOUND ( 'NONE', #2462, .T. ) ;
#749 = DIRECTION ( 'NONE',  ( 0.000000000000000000, 0.000000000000000000, 1.000000000000000000 ) ) ;
#750 = ORIENTED_EDGE ( 'NONE', *, *, #1581, .T. ) ;
#751 = ORIENTED_EDGE ( 'NONE', *, *, #1613, .F. ) ;
#752 =( GEOMETRIC_REPRESENTATION_CONTEXT ( 3 ) GLOBAL_UNCERTAINTY_ASSIGNED_CONTEXT ( ( #2737 ) ) GLOBAL_UNIT_ASSIGNED_CONTEXT ( ( #738, #2262, #227 ) ) REPRESENTATION_CONTEXT ( 'NONE', 'WORKASPACE' ) );
#753 = CARTESIAN_POINT ( 'NONE',  ( -1.485263157894736619, -1.549999999999999378, -0.1000000000000000056 ) ) ;
#754 = DIRECTION ( 'NONE',  ( 1.000000000000000000, 0.000000000000000000, 0.000000000000000000 ) ) ;
#755 = ORIENTED_EDGE ( 'NONE', *, *, #1389, .T. ) ;
#756 = AXIS2_PLACEMENT_3D ( 'NONE', #48, #749, #295 ) ;
#757 = FACE_OUTER_BOUND ( 'NONE', #2419, .T. ) ;
#758 = FACE_OUTER_BOUND ( 'NONE', #271, .T. ) ;
#759 = EDGE_LOOP ( 'NONE', ( #2785, #1407, #377, #1508 ) ) ;
#760 = EDGE_CURVE ( 'NONE', #1652, #966, #1863, .T. ) ;
#761 = CARTESIAN_POINT ( 'NONE',  ( 3.325961538461544631, 2.510102051434274451, -0.1000000000000000056 ) ) ;
#762 = ORIENTED_EDGE ( 'NONE', *, *, #91, .T. ) ;
#763 = EDGE_CURVE ( 'NONE', #1643, #1092, #2512, .T. ) ;
#764 = DIRECTION ( 'NONE',  ( 0.000000000000000000, 0.000000000000000000, 1.000000000000000000 ) ) ;
#765 = EDGE_LOOP ( 'NONE', ( #766, #32, #379, #1130 ) ) ;
#766 = ORIENTED_EDGE ( 'NONE', *, *, #229, .F. ) ;
#767 = DIRECTION ( 'NONE',  ( 0.000000000000000000, 0.000000000000000000, 1.000000000000000000 ) ) ;
#768 = CARTESIAN_POINT ( 'NONE',  ( -2.032631578947368123, -1.549999999999999378, -0.1000000000000000056 ) ) ;
#769 = ORIENTED_EDGE ( 'NONE', *, *, #720, .F. ) ;
#770 = DIRECTION ( 'NONE',  ( 0.000000000000000000, 0.000000000000000000, 1.000000000000000000 ) ) ;
#771 = CYLINDRICAL_SURFACE ( 'NONE', #1925, 0.02000000000000005940 ) ;
#772 = VERTEX_POINT ( 'NONE', #2291 ) ;
#773 = ORIENTED_EDGE ( 'NONE', *, *, #778, .F. ) ;
#774 = CIRCLE ( 'NONE', #2441, 0.02000000000000005940 ) ;
#775 = DIRECTION ( 'NONE',  ( 1.000000000000000000, 0.000000000000000000, 0.000000000000000000 ) ) ;
#776 = CARTESIAN_POINT ( 'NONE',  ( 0.1368421052631578760, -1.549999999999999600, -0.1000000000000000056 ) ) ;
#777 = ORIENTED_EDGE ( 'NONE', *, *, #353, .T. ) ;
#778 = EDGE_CURVE ( 'NONE', #232, #2312, #1832, .T. ) ;
#779 = DIRECTION ( 'NONE',  ( 1.000000000000000000, 0.000000000000000000, 0.000000000000000000 ) ) ;
#780 = CARTESIAN_POINT ( 'NONE',  ( -2.599999999999999645, -1.549999999999999378, 0.1000000000000000056 ) ) ;
#781 = CIRCLE ( 'NONE', #1638, 0.02000000000000005940 ) ;
#782 = ORIENTED_EDGE ( 'NONE', *, *, #1422, .T. ) ;
#783 = AXIS2_PLACEMENT_3D ( 'NONE', #2452, #1557, #1732 ) ;
#784 = LINE ( 'NONE', #1465, #1602 ) ;
#785 = DIRECTION ( 'NONE',  ( 1.000000000000000000, 0.000000000000000000, 0.000000000000000000 ) ) ;
#786 = AXIS2_PLACEMENT_3D ( 'NONE', #1425, #249, #2803 ) ;
#787 = CARTESIAN_POINT ( 'NONE',  ( -0.1568421052631579216, -1.549999999999999600, 0.1000000000000000056 ) ) ;
#788 = ORIENTED_EDGE ( 'NONE', *, *, #109, .F. ) ;
#789 = VECTOR ( 'NONE', #1726, 39.37007874015748143 ) ;
#790 = CARTESIAN_POINT ( 'NONE',  ( -0.9778947368421051500, -1.549999999999999378, -0.1000000000000000056 ) ) ;
#791 = CARTESIAN_POINT ( 'NONE',  ( -0.1368421052631578760, -1.549999999999999600, 0.1000000000000000056 ) ) ;
#792 = ORIENTED_EDGE ( 'NONE', *, *, #2629, .F. ) ;
#793 = DIRECTION ( 'NONE',  ( 1.000000000000000000, 0.000000000000000000, 0.000000000000000000 ) ) ;
#794 = CARTESIAN_POINT ( 'NONE',  ( 2.999999999999999556, -1.750000000000000000, 0.1000000000000000056 ) ) ;
#795 = VERTEX_POINT ( 'NONE', #1876 ) ;
#796 = AXIS2_PLACEMENT_3D ( 'NONE', #210, #1177, #1401 ) ;
#797 = DIRECTION ( 'NONE',  ( 1.000000000000000000, 0.000000000000000000, 0.000000000000000000 ) ) ;
#798 = DIRECTION ( 'NONE',  ( 0.000000000000000000, 0.9459459459459458319, -0.3243243243243243423 ) ) ;
#799 = CIRCLE ( 'NONE', #987, 0.5999992689939883661 ) ;
#800 = ADVANCED_FACE ( 'NONE', ( #1146 ), #10, .T. ) ;
#801 = AXIS2_PLACEMENT_3D ( 'NONE', #2023, #2926, #2481 ) ;
#802 = FACE_BOUND ( 'NONE', #1873, .T. ) ;
#803 = ORIENTED_EDGE ( 'NONE', *, *, #540, .T. ) ;
#804 = DIRECTION ( 'NONE',  ( 0.000000000000000000, 0.000000000000000000, 1.000000000000000000 ) ) ;
#805 = ORIENTED_EDGE ( 'NONE', *, *, #1523, .F. ) ;
#806 = CARTESIAN_POINT ( 'NONE',  ( -0.3750000000000002220, 2.999999999999999556, -0.3749999999999999445 ) ) ;
#807 = CARTESIAN_POINT ( 'NONE',  ( -2.999999999999999556, 0.000000000000000000, 0.000000000000000000 ) ) ;
#808 = ORIENTED_EDGE ( 'NONE', *, *, #2524, .T. ) ;
#809 = CARTESIAN_POINT ( 'NONE',  ( -2.999999999999999556, -1.750000000000000000, 0.000000000000000000 ) ) ;
#810 = VECTOR ( 'NONE', #1387, 39.37007874015748143 ) ;
#811 = DIRECTION ( 'NONE',  ( 1.000000000000000000, 0.000000000000000000, 0.000000000000000000 ) ) ;
#812 = VERTEX_POINT ( 'NONE', #741 ) ;
#813 = EDGE_CURVE ( 'NONE', #536, #1646, #341, .T. ) ;
#814 = CARTESIAN_POINT ( 'NONE',  ( -0.9378947368421050035, -1.549999999999999378, 0.1000000000000000056 ) ) ;
#815 = ORIENTED_EDGE ( 'NONE', *, *, #114, .T. ) ;
#816 = CARTESIAN_POINT ( 'NONE',  ( 2.999999999999999556, -1.750000000000000000, 0.000000000000000000 ) ) ;
#817 = ORIENTED_EDGE ( 'NONE', *, *, #2420, .F. ) ;
#818 = AXIS2_PLACEMENT_3D ( 'NONE', #2255, #2759, #204 ) ;
#819 = DIRECTION ( 'NONE',  ( 0.000000000000000000, 0.000000000000000000, 1.000000000000000000 ) ) ;
#820 = LINE ( 'NONE', #1507, #2086 ) ;
#821 = ORIENTED_EDGE ( 'NONE', *, *, #740, .T. ) ;
#822 = CIRCLE ( 'NONE', #2301, 0.02000000000000033348 ) ;
#823 = FACE_OUTER_BOUND ( 'NONE', #1424, .T. ) ;
#824 = CYLINDRICAL_SURFACE ( 'NONE', #1217, 3.012206007469432567 ) ;
#825 = AXIS2_PLACEMENT_3D ( 'NONE', #494, #2952, #2053 ) ;
#826 = VERTEX_POINT ( 'NONE', #1816 ) ;
#827 = CARTESIAN_POINT ( 'NONE',  ( -0.1000000000000000056, 0.000000000000000000, 0.1000000000000000056 ) ) ;
#828 = FACE_BOUND ( 'NONE', #2019, .T. ) ;
#829 = ORIENTED_EDGE ( 'NONE', *, *, #2629, .T. ) ;
#830 = EDGE_CURVE ( 'NONE', #339, #1330, #729, .T. ) ;
#831 = CARTESIAN_POINT ( 'NONE',  ( -1.798947368421052406, -1.549999999999999378, 0.1000000000000000056 ) ) ;
#832 = ORIENTED_EDGE ( 'NONE', *, *, #1523, .T. ) ;
#833 = VECTOR ( 'NONE', #2834, 39.37007874015748143 ) ;
#834 = CARTESIAN_POINT ( 'NONE',  ( -1.231578947368420884, -1.549999999999999378, -0.1000000000000000056 ) ) ;
#835 = CARTESIAN_POINT ( 'NONE',  ( -1.211578947368420867, -1.549999999999999378, -0.1000000000000000056 ) ) ;
#836 = EDGE_LOOP ( 'NONE', ( #1590, #1678, #2413, #268 ) ) ;
#837 = PLANE ( 'NONE',  #1154 ) ;
#838 = CYLINDRICAL_SURFACE ( 'NONE', #2324, 0.04000000000000011879 ) ;
#839 = ADVANCED_FACE ( 'NONE', ( #684 ), #2280, .F. ) ;
#840 = PRESENTATION_LAYER_ASSIGNMENT (  '', '', ( #2368 ) ) ;
#841 = ORIENTED_EDGE ( 'NONE', *, *, #2850, .F. ) ;
#842 = DIRECTION ( 'NONE',  ( 0.000000000000000000, 0.000000000000000000, 1.000000000000000000 ) ) ;
#843 = AXIS2_PLACEMENT_3D ( 'NONE', #571, #1940, #2395 ) ;
#844 = DIRECTION ( 'NONE',  ( -0.000000000000000000, 0.9393879693972031486, -0.3428560090647373437 ) ) ;
#845 = VERTEX_POINT ( 'NONE', #1449 ) ;
#846 = DIRECTION ( 'NONE',  ( 0.000000000000000000, 0.000000000000000000, 1.000000000000000000 ) ) ;
#847 = VERTEX_POINT ( 'NONE', #1480 ) ;
#848 = EDGE_CURVE ( 'NONE', #716, #2497, #2774, .T. ) ;
#849 = FACE_BOUND ( 'NONE', #1547, .T. ) ;
#850 = VECTOR ( 'NONE', #2010, 39.37007874015748143 ) ;
#851 = DIRECTION ( 'NONE',  ( 0.000000000000000000, 0.000000000000000000, -1.000000000000000000 ) ) ;
#852 = EDGE_LOOP ( 'NONE', ( #1198, #2316 ) ) ;
#853 = LINE ( 'NONE', #129, #1108 ) ;
#854 = CARTESIAN_POINT ( 'NONE',  ( -2.326315789473683893, -1.549999999999999378, -0.1000000000000000056 ) ) ;
#855 = DIRECTION ( 'NONE',  ( 0.000000000000000000, 0.000000000000000000, 1.000000000000000000 ) ) ;
#856 = VERTEX_POINT ( 'NONE', #2811 ) ;
#857 = CARTESIAN_POINT ( 'NONE',  ( -3.325961538461542855, 2.395673076923079847, 0.1000000000000000056 ) ) ;
#858 = CARTESIAN_POINT ( 'NONE',  ( 2.999999999999999556, -1.750000000000000000, -0.1000000000000000056 ) ) ;
#859 = CIRCLE ( 'NONE', #622, 0.02000000000000033348 ) ;
#860 = ORIENTED_EDGE ( 'NONE', *, *, #1275, .T. ) ;
#861 = DIRECTION ( 'NONE',  ( 0.000000000000000000, 0.000000000000000000, 1.000000000000000000 ) ) ;
#862 = ORIENTED_EDGE ( 'NONE', *, *, #1740, .T. ) ;
#863 = DIRECTION ( 'NONE',  ( 0.000000000000000000, 0.000000000000000000, 1.000000000000000000 ) ) ;
#864 = CARTESIAN_POINT ( 'NONE',  ( 0.6842105263157893802, -1.549999999999999600, -0.1000000000000000056 ) ) ;
#865 = ORIENTED_EDGE ( 'NONE', *, *, #2310, .F. ) ;
#866 = ADVANCED_FACE ( 'NONE', ( #2365 ), #115, .F. ) ;
#867 = CIRCLE ( 'NONE', #340, 0.02000000000000005940 ) ;
#868 = EDGE_CURVE ( 'NONE', #2451, #635, #557, .T. ) ;
#869 = DIRECTION ( 'NONE',  ( 0.000000000000000000, 0.000000000000000000, -1.000000000000000000 ) ) ;
#870 = CARTESIAN_POINT ( 'NONE',  ( 2.999999999999999556, 0.000000000000000000, 0.5999999999999999778 ) ) ;
#871 = EDGE_CURVE ( 'NONE', #1958, #136, #784, .T. ) ;
#872 = CARTESIAN_POINT ( 'NONE',  ( 3.325961538461544631, 2.510102051434274006, 0.1000000000000000056 ) ) ;
#873 = LINE ( 'NONE', #2027, #2580 ) ;
#874 = AXIS2_PLACEMENT_3D ( 'NONE', #567, #996, #1871 ) ;
#875 = ORIENTED_EDGE ( 'NONE', *, *, #2508, .T. ) ;
#876 = AXIS2_PLACEMENT_3D ( 'NONE', #177, #2469, #416 ) ;
#877 = FACE_OUTER_BOUND ( 'NONE', #942, .T. ) ;
#878 = ORIENTED_EDGE ( 'NONE', *, *, #1719, .F. ) ;
#879 = PLANE ( 'NONE',  #1484 ) ;
#880 = PLANE ( 'NONE',  #224 ) ;
#881 = ORIENTED_EDGE ( 'NONE', *, *, #1451, .T. ) ;
#882 = AXIS2_PLACEMENT_3D ( 'NONE', #606, #1514, #2204 ) ;
#883 = CARTESIAN_POINT ( 'NONE',  ( -2.999999999999999556, 0.000000000000000000, -0.5000000000000000000 ) ) ;
#884 = CARTESIAN_POINT ( 'NONE',  ( -2.579999999999999183, -1.549999999999999378, -0.1000000000000000056 ) ) ;
#885 = ORIENTED_EDGE ( 'NONE', *, *, #681, .T. ) ;
#886 = EDGE_CURVE ( 'NONE', #2743, #2102, #1661, .T. ) ;
#887 = DIRECTION ( 'NONE',  ( 0.000000000000000000, 1.000000000000000000, 0.000000000000000000 ) ) ;
#888 = FACE_OUTER_BOUND ( 'NONE', #2358, .T. ) ;
#889 = EDGE_LOOP ( 'NONE', ( #1946, #539, #1448, #2701 ) ) ;
#890 = AXIS2_PLACEMENT_3D ( 'NONE', #2896, #381, #851 ) ;
#891 = CIRCLE ( 'NONE', #2697, 0.02000000000000005940 ) ;
#892 = DIRECTION ( 'NONE',  ( 0.000000000000000000, 0.000000000000000000, 1.000000000000000000 ) ) ;
#893 = VERTEX_POINT ( 'NONE', #2144 ) ;
#894 = ADVANCED_FACE ( 'NONE', ( #2129 ), #288, .T. ) ;
#895 = DIRECTION ( 'NONE',  ( 1.000000000000000000, 0.000000000000000000, 0.000000000000000000 ) ) ;
#896 = CARTESIAN_POINT ( 'NONE',  ( -0.1000000000000000056, 0.1200035087732820027, -0.5878768220317082127 ) ) ;
#897 = ORIENTED_EDGE ( 'NONE', *, *, #443, .F. ) ;
#898 = DIRECTION ( 'NONE',  ( 0.000000000000000000, 0.000000000000000000, 1.000000000000000000 ) ) ;
#899 = CARTESIAN_POINT ( 'NONE',  ( 3.325961538461544631, 2.395673076923077183, -0.1000000000000000056 ) ) ;
#900 = EDGE_LOOP ( 'NONE', ( #2015, #1249, #1669, #2804 ) ) ;
#901 = DIRECTION ( 'NONE',  ( 0.000000000000000000, 0.000000000000000000, 1.000000000000000000 ) ) ;
#902 = LINE ( 'NONE', #2266, #2624 ) ;
#903 = VERTEX_POINT ( 'NONE', #1028 ) ;
#904 = VECTOR ( 'NONE', #2864, 39.37007874015748143 ) ;
#905 = LINE ( 'NONE', #2001, #135 ) ;
#906 = ORIENTED_EDGE ( 'NONE', *, *, #1464, .F. ) ;
#907 = CARTESIAN_POINT ( 'NONE',  ( 2.306315789473683875, -1.549999999999999822, -0.1000000000000000056 ) ) ;
#908 = CYLINDRICAL_SURFACE ( 'NONE', #1899, 0.02000000000000005940 ) ;
#909 = VERTEX_POINT ( 'NONE', #1194 ) ;
#910 = CARTESIAN_POINT ( 'NONE',  ( -2.999999999999999556, -3.414809992080329023E-17, 3.414809992080329023E-17 ) ) ;
#911 = CARTESIAN_POINT ( 'NONE',  ( 0.9905637494080435923, 0.4932218630376903334, 0.08371621114553555454 ) ) ;
#912 = ORIENTED_EDGE ( 'NONE', *, *, #1909, .T. ) ;
#913 = CARTESIAN_POINT ( 'NONE',  ( -0.9877944123372804919, 0.4966115511295178808, -0.06711019872120449481 ) ) ;
#914 = CYLINDRICAL_SURFACE ( 'NONE', #2113, 0.02000000000000005940 ) ;
#915 = ORIENTED_EDGE ( 'NONE', *, *, #137, .F. ) ;
#916 = CIRCLE ( 'NONE', #1679, 0.02000000000000005940 ) ;
#917 = CYLINDRICAL_SURFACE ( 'NONE', #1018, 0.02000000000000033348 ) ;
#918 = ORIENTED_EDGE ( 'NONE', *, *, #485, .T. ) ;
#919 = VECTOR ( 'NONE', #863, 39.37007874015748143 ) ;
#920 = EDGE_CURVE ( 'NONE', #108, #2207, #1844, .T. ) ;
#921 = DIRECTION ( 'NONE',  ( 0.000000000000000000, 0.000000000000000000, 1.000000000000000000 ) ) ;
#922 = CARTESIAN_POINT ( 'NONE',  ( -0.1000000000000000194, 0.000000000000000000, -0.5000000000000000000 ) ) ;
#923 = ORIENTED_EDGE ( 'NONE', *, *, #2276, .T. ) ;
#924 = CARTESIAN_POINT ( 'NONE',  ( 0.1000000000000000194, 0.4898979485566355985, 0.1000000000000000056 ) ) ;
#925 = CARTESIAN_POINT ( 'NONE',  ( -0.1000000000000000056, 3.654976622648373073E-06, 0.000000000000000000 ) ) ;
#926 = VECTOR ( 'NONE', #804, 39.37007874015748143 ) ;
#927 = LINE ( 'NONE', #1634, #1912 ) ;
#928 = LINE ( 'NONE', #1817, #2626 ) ;
#929 = ORIENTED_EDGE ( 'NONE', *, *, #2692, .T. ) ;
#930 = FACE_OUTER_BOUND ( 'NONE', #1695, .T. ) ;
#931 = AXIS2_PLACEMENT_3D ( 'NONE', #538, #2795, #1447 ) ;
#932 = ORIENTED_EDGE ( 'NONE', *, *, #1391, .F. ) ;
#933 = ADVANCED_FACE ( 'NONE', ( #757 ), #1674, .F. ) ;
#934 = AXIS2_PLACEMENT_3D ( 'NONE', #2373, #2136, #2122 ) ;
#935 = DIRECTION ( 'NONE',  ( 1.000000000000000000, 0.000000000000000000, 0.000000000000000000 ) ) ;
#936 = CIRCLE ( 'NONE', #2891, 0.02000000000000005940 ) ;
#937 = CYLINDRICAL_SURFACE ( 'NONE', #168, 0.5000000000000000000 ) ;
#938 = ORIENTED_EDGE ( 'NONE', *, *, #1041, .T. ) ;
#939 = EDGE_CURVE ( 'NONE', #847, #1276, #1014, .T. ) ;
#940 = DIRECTION ( 'NONE',  ( -0.000000000000000000, -0.000000000000000000, -1.000000000000000000 ) ) ;
#941 = FILL_AREA_STYLE ('',( #511 ) ) ;
#942 = EDGE_LOOP ( 'NONE', ( #2082, #1174, #228, #2956 ) ) ;
#943 = CARTESIAN_POINT ( 'NONE',  ( -0.1000000000000000056, -1.476010936206216373, -0.1000000000000000056 ) ) ;
#944 = DIRECTION ( 'NONE',  ( 1.000000000000000000, 0.000000000000000000, -0.000000000000000000 ) ) ;
#945 = VERTEX_POINT ( 'NONE', #2351 ) ;
#946 = CYLINDRICAL_SURFACE ( 'NONE', #1402, 0.02000000000000005940 ) ;
#947 = EDGE_LOOP ( 'NONE', ( #257, #327, #489, #593 ) ) ;
#948 = FACE_BOUND ( 'NONE', #212, .T. ) ;
#949 = CARTESIAN_POINT ( 'NONE',  ( -1.778947368421052388, -1.549999999999999378, -0.1000000000000000056 ) ) ;
#950 = EDGE_LOOP ( 'NONE', ( #1582, #1149, #2514, #923 ) ) ;
#951 = FACE_OUTER_BOUND ( 'NONE', #836, .T. ) ;
#952 = CARTESIAN_POINT ( 'NONE',  ( 0.1000000000000000194, 2.395673076923077183, 0.1000000000000000056 ) ) ;
#953 = EDGE_CURVE ( 'NONE', #1369, #2579, #331, .T. ) ;
#954 = VERTEX_POINT ( 'NONE', #1235 ) ;
#955 = ADVANCED_FACE ( 'NONE', ( #1939 ), #2843, .F. ) ;
#956 = DIRECTION ( 'NONE',  ( 1.000000000000000000, 0.000000000000000000, 0.000000000000000000 ) ) ;
#957 = DIRECTION ( 'NONE',  ( 0.000000000000000000, 0.000000000000000000, 1.000000000000000000 ) ) ;
#958 = EDGE_CURVE ( 'NONE', #103, #1276, #2172, .T. ) ;
#959 = ORIENTED_EDGE ( 'NONE', *, *, #1324, .T. ) ;
#960 = AXIS2_PLACEMENT_3D ( 'NONE', #361, #1641, #63 ) ;
#961 = AXIS2_PLACEMENT_3D ( 'NONE', #244, #275, #1195 ) ;
#962 = CARTESIAN_POINT ( 'NONE',  ( 2.599999999999999645, -1.549999999999999822, -0.1000000000000000056 ) ) ;
#963 = ORIENTED_EDGE ( 'NONE', *, *, #211, .T. ) ;
#964 = DIRECTION ( 'NONE',  ( -0.000000000000000000, 0.000000000000000000, 1.000000000000000000 ) ) ;
#965 = CARTESIAN_POINT ( 'NONE',  ( -1.485263157894736619, -1.549999999999999378, -0.1000000000000000056 ) ) ;
#966 = VERTEX_POINT ( 'NONE', #1436 ) ;
#967 = AXIS2_PLACEMENT_3D ( 'NONE', #298, #736, #2794 ) ;
#968 = VERTEX_POINT ( 'NONE', #1251 ) ;
#969 = DIRECTION ( 'NONE',  ( 0.000000000000000000, 0.000000000000000000, 1.000000000000000000 ) ) ;
#970 = DIRECTION ( 'NONE',  ( -1.000000000000000000, -0.000000000000000000, -0.000000000000000000 ) ) ;
#971 = VERTEX_POINT ( 'NONE', #1953 ) ;
#972 = EDGE_CURVE ( 'NONE', #292, #276, #2857, .T. ) ;
#973 = DIRECTION ( 'NONE',  ( 0.000000000000000000, 0.000000000000000000, 1.000000000000000000 ) ) ;
#974 = CYLINDRICAL_SURFACE ( 'NONE', #1415, 0.02000000000000005940 ) ;
#975 = ORIENTED_EDGE ( 'NONE', *, *, #428, .F. ) ;
#976 = ADVANCED_FACE ( 'NONE', ( #1421 ), #303, .F. ) ;
#977 = CARTESIAN_POINT ( 'NONE',  ( -2.999999999999999556, -0.4898979485566355985, -0.1000000000000000056 ) ) ;
#978 = EDGE_LOOP ( 'NONE', ( #2247, #2273, #1814, #2772 ) ) ;
#979 = PLANE ( 'NONE',  #1439 ) ;
#980 = CARTESIAN_POINT ( 'NONE',  ( -1.485263157894736619, -1.549999999999999378, 0.1000000000000000056 ) ) ;
#981 = ORIENTED_EDGE ( 'NONE', *, *, #179, .T. ) ;
#982 = VERTEX_POINT ( 'NONE', #1781 ) ;
#983 = CIRCLE ( 'NONE', #509, 0.02000000000000033348 ) ;
#984 = CARTESIAN_POINT ( 'NONE',  ( -0.1000000000000000194, 0.000000000000000000, 0.000000000000000000 ) ) ;
#985 = CYLINDRICAL_SURFACE ( 'NONE', #1068, 0.02000000000000005940 ) ;
#986 = VERTEX_POINT ( 'NONE', #143 ) ;
#987 = AXIS2_PLACEMENT_3D ( 'NONE', #1855, #2256, #2725 ) ;
#988 = EDGE_CURVE ( 'NONE', #1263, #2466, #1748, .T. ) ;
#989 = DIRECTION ( 'NONE',  ( 0.000000000000000000, 0.000000000000000000, 1.000000000000000000 ) ) ;
#990 = FACE_OUTER_BOUND ( 'NONE', #2510, .T. ) ;
#991 = ORIENTED_EDGE ( 'NONE', *, *, #1779, .T. ) ;
#992 = VERTEX_POINT ( 'NONE', #2664 ) ;
#993 = CARTESIAN_POINT ( 'NONE',  ( 0.1000000000000000056, 0.000000000000000000, 0.1000000000000000056 ) ) ;
#994 = CARTESIAN_POINT ( 'NONE',  ( -0.9578947368421051323, -1.549999999999999378, -0.1000000000000000056 ) ) ;
#995 = EDGE_LOOP ( 'NONE', ( #1600, #566 ) ) ;
#996 = DIRECTION ( 'NONE',  ( 0.000000000000000000, 0.000000000000000000, 1.000000000000000000 ) ) ;
#997 = DIRECTION ( 'NONE',  ( 0.000000000000000000, 0.000000000000000000, 1.000000000000000000 ) ) ;
#998 = ORIENTED_EDGE ( 'NONE', *, *, #188, .T. ) ;
#999 = DIRECTION ( 'NONE',  ( 1.000000000000000000, 0.000000000000000000, 0.000000000000000000 ) ) ;
#1000 = DIRECTION ( 'NONE',  ( 0.000000000000000000, -0.9459459459459458319, 0.3243243243243243423 ) ) ;
#1001 = ORIENTED_EDGE ( 'NONE', *, *, #2116, .F. ) ;
#1002 = AXIS2_PLACEMENT_3D ( 'NONE', #1546, #2440, #149 ) ;
#1003 = ORIENTED_EDGE ( 'NONE', *, *, #131, .T. ) ;
#1004 = CIRCLE ( 'NONE', #1386, 0.02000000000000005940 ) ;
#1005 = CARTESIAN_POINT ( 'NONE',  ( -0.4105263157894736281, -1.549999999999999600, -0.1000000000000000056 ) ) ;
#1006 = DIRECTION ( 'NONE',  ( 0.000000000000000000, 0.000000000000000000, 1.000000000000000000 ) ) ;
#1007 = ORIENTED_EDGE ( 'NONE', *, *, #1193, .T. ) ;
#1008 = ADVANCED_FACE ( 'NONE', ( #1066 ), #370, .F. ) ;
#1009 = LINE ( 'NONE', #1903, #1783 ) ;
#1010 = FACE_OUTER_BOUND ( 'NONE', #734, .T. ) ;
#1011 = CIRCLE ( 'NONE', #203, 0.02000000000000005940 ) ;
#1012 = ORIENTED_EDGE ( 'NONE', *, *, #1464, .T. ) ;
#1013 = AXIS2_PLACEMENT_3D ( 'NONE', #2581, #529, #57 ) ;
#1014 = LINE ( 'NONE', #2596, #640 ) ;
#1015 = LINE ( 'NONE', #359, #2917 ) ;
#1016 = EDGE_LOOP ( 'NONE', ( #497, #583 ) ) ;
#1017 = ADVANCED_FACE ( 'NONE', ( #648, #2925 ), #837, .T. ) ;
#1018 = AXIS2_PLACEMENT_3D ( 'NONE', #962, #1880, #2059 ) ;
#1019 = VERTEX_POINT ( 'NONE', #1266 ) ;
#1020 = DIRECTION ( 'NONE',  ( 1.000000000000000000, 0.000000000000000000, 0.000000000000000000 ) ) ;
#1021 = EDGE_CURVE ( 'NONE', #306, #1652, #1994, .T. ) ;
#1022 = ORIENTED_EDGE ( 'NONE', *, *, #321, .F. ) ;
#1023 = DIRECTION ( 'NONE',  ( 0.000000000000000000, 0.000000000000000000, 1.000000000000000000 ) ) ;
#1024 = DIRECTION ( 'NONE',  ( 1.000000000000000000, 0.000000000000000000, 0.000000000000000000 ) ) ;
#1025 = ORIENTED_EDGE ( 'NONE', *, *, #407, .T. ) ;
#1026 = EDGE_CURVE ( 'NONE', #2466, #2257, #2650, .T. ) ;
#1027 = VECTOR ( 'NONE', #2825, 39.37007874015748143 ) ;
#1028 = CARTESIAN_POINT ( 'NONE',  ( 0.9378947368421050035, -1.549999999999999600, 0.1000000000000000056 ) ) ;
#1029 = CARTESIAN_POINT ( 'NONE',  ( 2.799999999999999822, -3.414809992080329023E-17, 3.414809992080329023E-17 ) ) ;
#1030 = AXIS2_PLACEMENT_3D ( 'NONE', #1005, #2833, #1200 ) ;
#1031 = LINE ( 'NONE', #2789, #145 ) ;
#1032 = VERTEX_POINT ( 'NONE', #2433 ) ;
#1033 = DIRECTION ( 'NONE',  ( 0.000000000000000000, 0.000000000000000000, -1.000000000000000000 ) ) ;
#1034 = VERTEX_POINT ( 'NONE', #2884 ) ;
#1035 = FACE_BOUND ( 'NONE', #307, .T. ) ;
#1036 = CYLINDRICAL_SURFACE ( 'NONE', #73, 0.02000000000000005940 ) ;
#1037 = ORIENTED_EDGE ( 'NONE', *, *, #1759, .F. ) ;
#1038 = CARTESIAN_POINT ( 'NONE',  ( 0.1000000000000000056, 0.1200035087732820027, -0.5878768220317082127 ) ) ;
#1039 = CARTESIAN_POINT ( 'NONE',  ( -0.1000000000000000056, 3.654976622648373073E-06, 0.000000000000000000 ) ) ;
#1040 = EDGE_LOOP ( 'NONE', ( #2263, #242 ) ) ;
#1041 = EDGE_CURVE ( 'NONE', #1050, #1289, #853, .T. ) ;
#1042 = DIRECTION ( 'NONE',  ( -0.000000000000000000, -0.000000000000000000, -1.000000000000000000 ) ) ;
#1043 = DIRECTION ( 'NONE',  ( 1.000000000000000000, 0.000000000000000000, 0.000000000000000000 ) ) ;
#1044 = EDGE_LOOP ( 'NONE', ( #2739, #702 ) ) ;
#1045 = DIRECTION ( 'NONE',  ( 0.000000000000000000, 0.000000000000000000, 1.000000000000000000 ) ) ;
#1046 = ORIENTED_EDGE ( 'NONE', *, *, #305, .T. ) ;
#1047 = AXIS2_PLACEMENT_3D ( 'NONE', #2092, #2327, #519 ) ;
#1048 = DIRECTION ( 'NONE',  ( 0.000000000000000000, 0.000000000000000000, 1.000000000000000000 ) ) ;
#1049 = DIRECTION ( 'NONE',  ( 0.000000000000000000, 0.000000000000000000, 1.000000000000000000 ) ) ;
#1050 = VERTEX_POINT ( 'NONE', #1038 ) ;
#1051 = CARTESIAN_POINT ( 'NONE',  ( 0.3750000000000002220, 2.999999999999999556, -0.3749999999999999445 ) ) ;
#1052 = CARTESIAN_POINT ( 'NONE',  ( -2.032631578947368123, -1.549999999999999378, -0.1000000000000000056 ) ) ;
#1053 = ADVANCED_FACE ( 'NONE', ( #823 ), #1966, .T. ) ;
#1054 = CIRCLE ( 'NONE', #2022, 0.5000000000000000000 ) ;
#1055 = CARTESIAN_POINT ( 'NONE',  ( -0.3905263157894735548, -1.549999999999999600, -0.1000000000000000056 ) ) ;
#1056 = LINE ( 'NONE', #2044, #1335 ) ;
#1057 = EDGE_CURVE ( 'NONE', #1556, #547, #631, .T. ) ;
#1058 = ORIENTED_EDGE ( 'NONE', *, *, #2663, .F. ) ;
#1059 = SHAPE_DEFINITION_REPRESENTATION ( #1440, #1166 ) ;
#1060 = FACE_OUTER_BOUND ( 'NONE', #609, .T. ) ;
#1061 = ORIENTED_EDGE ( 'NONE', *, *, #1366, .T. ) ;
#1062 = AXIS2_PLACEMENT_3D ( 'NONE', #1473, #2193, #1020 ) ;
#1063 = FACE_BOUND ( 'NONE', #614, .T. ) ;
#1064 = LINE ( 'NONE', #414, #1358 ) ;
#1065 = ORIENTED_EDGE ( 'NONE', *, *, #681, .F. ) ;
#1066 = FACE_OUTER_BOUND ( 'NONE', #2397, .T. ) ;
#1067 = FACE_OUTER_BOUND ( 'NONE', #1441, .T. ) ;
#1068 = AXIS2_PLACEMENT_3D ( 'NONE', #2110, #2809, #2141 ) ;
#1069 = ORIENTED_EDGE ( 'NONE', *, *, #305, .F. ) ;
#1070 = VECTOR ( 'NONE', #1642, 39.37007874015748143 ) ;
#1071 = FACE_OUTER_BOUND ( 'NONE', #2868, .T. ) ;
#1072 = AXIS2_PLACEMENT_3D ( 'NONE', #178, #1086, #385 ) ;
#1073 = DIRECTION ( 'NONE',  ( 1.000000000000000000, 0.000000000000000000, 0.000000000000000000 ) ) ;
#1074 = PRODUCT_DEFINITION_FORMATION_WITH_SPECIFIED_SOURCE ( 'ANY', '', #2372, .NOT_KNOWN. ) ;
#1075 = ORIENTED_EDGE ( 'NONE', *, *, #2674, .F. ) ;
#1076 = EDGE_CURVE ( 'NONE', #1429, #2497, #2923, .T. ) ;
#1077 = DIRECTION ( 'NONE',  ( 0.000000000000000000, 0.9459459459459458319, -0.3243243243243243423 ) ) ;
#1078 = EDGE_CURVE ( 'NONE', #2175, #716, #1764, .T. ) ;
#1079 = ORIENTED_EDGE ( 'NONE', *, *, #2042, .F. ) ;
#1080 = EDGE_CURVE ( 'NONE', #40, #1531, #1306, .T. ) ;
#1081 = CARTESIAN_POINT ( 'NONE',  ( 0.9932793501781052026, 0.4898979485566356540, 0.1000000000000000056 ) ) ;
#1082 = FACE_OUTER_BOUND ( 'NONE', #2045, .T. ) ;
#1083 = VERTEX_POINT ( 'NONE', #2682 ) ;
#1084 = LINE ( 'NONE', #2937, #2841 ) ;
#1085 = DIRECTION ( 'NONE',  ( 0.000000000000000000, 0.000000000000000000, -1.000000000000000000 ) ) ;
#1086 = DIRECTION ( 'NONE',  ( -1.000000000000000000, -0.000000000000000000, -0.000000000000000000 ) ) ;
#1087 = VERTEX_POINT ( 'NONE', #2637 ) ;
#1088 = DIRECTION ( 'NONE',  ( 1.000000000000000000, 0.000000000000000000, 0.000000000000000000 ) ) ;
#1089 = CARTESIAN_POINT ( 'NONE',  ( 2.999999999999999556, -3.414809992080329023E-17, 3.414809992080329023E-17 ) ) ;
#1090 = ORIENTED_EDGE ( 'NONE', *, *, #1628, .F. ) ;
#1091 = CARTESIAN_POINT ( 'NONE',  ( 1.778947368421052388, -1.549999999999999822, -0.1000000000000000056 ) ) ;
#1092 = VERTEX_POINT ( 'NONE', #2232 ) ;
#1093 = EDGE_CURVE ( 'NONE', #954, #2918, #495, .T. ) ;
#1094 = LINE ( 'NONE', #2724, #293 ) ;
#1095 = CARTESIAN_POINT ( 'NONE',  ( -2.999999999999999556, -1.750000000000000000, -0.1000000000000000056 ) ) ;
#1096 = ORIENTED_EDGE ( 'NONE', *, *, #740, .F. ) ;
#1097 = ADVANCED_FACE ( 'NONE', ( #603 ), #2421, .T. ) ;
#1098 = AXIS2_PLACEMENT_3D ( 'NONE', #653, #1104, #2916 ) ;
#1099 = AXIS2_PLACEMENT_3D ( 'NONE', #1340, #1117, #2265 ) ;
#1100 = DIRECTION ( 'NONE',  ( 1.000000000000000000, 0.000000000000000000, 0.000000000000000000 ) ) ;
#1101 = FACE_OUTER_BOUND ( 'NONE', #153, .T. ) ;
#1102 = VECTOR ( 'NONE', #1164, 39.37007874015748143 ) ;
#1103 = LINE ( 'NONE', #2455, #1756 ) ;
#1104 = DIRECTION ( 'NONE',  ( 0.000000000000000000, 0.000000000000000000, 1.000000000000000000 ) ) ;
#1105 = AXIS2_PLACEMENT_3D ( 'NONE', #52, #969, #1232 ) ;
#1106 = ADVANCED_FACE ( 'NONE', ( #192 ), #1277, .T. ) ;
#1107 = ORIENTED_EDGE ( 'NONE', *, *, #2160, .F. ) ;
#1108 = VECTOR ( 'NONE', #2898, 39.37007874015748143 ) ;
#1109 = LINE ( 'NONE', #441, #1374 ) ;
#1110 = ORIENTED_EDGE ( 'NONE', *, *, #2850, .T. ) ;
#1111 = DIRECTION ( 'NONE',  ( 0.000000000000000000, 0.000000000000000000, 1.000000000000000000 ) ) ;
#1112 = DIRECTION ( 'NONE',  ( 1.000000000000000000, 0.000000000000000000, 0.000000000000000000 ) ) ;
#1113 = ORIENTED_EDGE ( 'NONE', *, *, #1131, .T. ) ;
#1114 = DIRECTION ( 'NONE',  ( 1.000000000000000000, 0.000000000000000000, 0.000000000000000000 ) ) ;
#1115 = EDGE_CURVE ( 'NONE', #103, #1640, #737, .T. ) ;
#1116 = ORIENTED_EDGE ( 'NONE', *, *, #1314, .F. ) ;
#1117 = DIRECTION ( 'NONE',  ( 0.000000000000000000, 0.000000000000000000, 1.000000000000000000 ) ) ;
#1118 = CARTESIAN_POINT ( 'NONE',  ( 0.4305263157894737014, -1.549999999999999600, -0.1000000000000000056 ) ) ;
#1119 = ORIENTED_EDGE ( 'NONE', *, *, #131, .F. ) ;
#1120 = MECHANICAL_DESIGN_GEOMETRIC_PRESENTATION_REPRESENTATION (  '', ( #2368 ), #752 ) ;
#1121 = DIRECTION ( 'NONE',  ( 1.000000000000000000, 0.000000000000000000, 0.000000000000000000 ) ) ;
#1122 = ORIENTED_EDGE ( 'NONE', *, *, #1921, .F. ) ;
#1123 = FACE_BOUND ( 'NONE', #2195, .T. ) ;
#1124 = EDGE_CURVE ( 'NONE', #716, #992, #7, .T. ) ;
#1125 = DIRECTION ( 'NONE',  ( 1.000000000000000000, 0.000000000000000000, 0.000000000000000000 ) ) ;
#1126 = VERTEX_POINT ( 'NONE', #2302 ) ;
#1127 = CARTESIAN_POINT ( 'NONE',  ( 0.6642105263157892514, -1.549999999999999600, -0.1000000000000000056 ) ) ;
#1128 = DIRECTION ( 'NONE',  ( 1.000000000000000000, 0.000000000000000000, 0.000000000000000000 ) ) ;
#1129 = FACE_OUTER_BOUND ( 'NONE', #394, .T. ) ;
#1130 = ORIENTED_EDGE ( 'NONE', *, *, #2663, .T. ) ;
#1131 = EDGE_CURVE ( 'NONE', #706, #1345, #392, .T. ) ;
#1132 = DIRECTION ( 'NONE',  ( 0.000000000000000000, 0.000000000000000000, 1.000000000000000000 ) ) ;
#1133 = FACE_OUTER_BOUND ( 'NONE', #81, .T. ) ;
#1134 = ORIENTED_EDGE ( 'NONE', *, *, #225, .T. ) ;
#1135 = EDGE_CURVE ( 'NONE', #1646, #536, #2831, .T. ) ;
#1136 = VECTOR ( 'NONE', #675, 39.37007874015748143 ) ;
#1137 = FACE_OUTER_BOUND ( 'NONE', #452, .T. ) ;
#1138 = ORIENTED_EDGE ( 'NONE', *, *, #2856, .T. ) ;
#1139 = LINE ( 'NONE', #251, #1923 ) ;
#1140 = DIRECTION ( 'NONE',  ( 1.000000000000000000, 0.000000000000000000, 0.000000000000000000 ) ) ;
#1141 = VERTEX_POINT ( 'NONE', #1857 ) ;
#1142 = LINE ( 'NONE', #269, #1392 ) ;
#1143 = LINE ( 'NONE', #2507, #2698 ) ;
#1144 = AXIS2_PLACEMENT_3D ( 'NONE', #834, #173, #1554 ) ;
#1145 = CIRCLE ( 'NONE', #818, 0.02000000000000005940 ) ;
#1146 = FACE_OUTER_BOUND ( 'NONE', #2337, .T. ) ;
#1147 = DIRECTION ( 'NONE',  ( 1.000000000000000000, 0.000000000000000000, 0.000000000000000000 ) ) ;
#1148 = EDGE_CURVE ( 'NONE', #1739, #1211, #694, .T. ) ;
#1149 = ORIENTED_EDGE ( 'NONE', *, *, #1076, .F. ) ;
#1150 = VECTOR ( 'NONE', #2779, 39.37007874015748143 ) ;
#1151 = EDGE_CURVE ( 'NONE', #69, #2667, #1367, .T. ) ;
#1152 = LINE ( 'NONE', #2959, #13 ) ;
#1153 = ORIENTED_EDGE ( 'NONE', *, *, #2217, .F. ) ;
#1154 = AXIS2_PLACEMENT_3D ( 'NONE', #2913, #1540, #358 ) ;
#1155 = DIRECTION ( 'NONE',  ( 1.000000000000000000, 0.000000000000000000, 0.000000000000000000 ) ) ;
#1156 = CARTESIAN_POINT ( 'NONE',  ( 0.1368421052631578760, -1.549999999999999600, 0.1000000000000000056 ) ) ;
#1157 = ORIENTED_EDGE ( 'NONE', *, *, #939, .T. ) ;
#1158 = CARTESIAN_POINT ( 'NONE',  ( 0.4305263157894737014, -1.549999999999999600, -0.1000000000000000056 ) ) ;
#1159 = DIRECTION ( 'NONE',  ( 1.000000000000000000, 0.000000000000000000, 0.000000000000000000 ) ) ;
#1160 = VECTOR ( 'NONE', #2755, 39.37007874015748143 ) ;
#1161 = ORIENTED_EDGE ( 'NONE', *, *, #1391, .T. ) ;
#1162 = AXIS2_PLACEMENT_3D ( 'NONE', #2035, #2911, #2744 ) ;
#1163 = CARTESIAN_POINT ( 'NONE',  ( -0.9850563476520278750, 0.5000075159206114339, 0.01658808441019921087 ) ) ;
#1164 = DIRECTION ( 'NONE',  ( 1.000000000000000000, 0.000000000000000000, 0.000000000000000000 ) ) ;
#1165 = EDGE_CURVE ( 'NONE', #1429, #2312, #2400, .T. ) ;
#1166 = ADVANCED_BREP_SHAPE_REPRESENTATION ( 'summing-lever', ( #2272, #2371 ), #2511 ) ;
#1167 = ORIENTED_EDGE ( 'NONE', *, *, #485, .F. ) ;
#1168 = LINE ( 'NONE', #2089, #1548 ) ;
#1169 = CIRCLE ( 'NONE', #70, 3.012206007469433011 ) ;
#1170 = ORIENTED_EDGE ( 'NONE', *, *, #2435, .T. ) ;
#1171 = EDGE_CURVE ( 'NONE', #1911, #2148, #1202, .T. ) ;
#1172 = CARTESIAN_POINT ( 'NONE',  ( 0.000000000000000000, 0.000000000000000000, 0.1000000000000000056 ) ) ;
#1173 = CARTESIAN_POINT ( 'NONE',  ( -2.326315789473683893, -1.549999999999999378, -0.1000000000000000056 ) ) ;
#1174 = ORIENTED_EDGE ( 'NONE', *, *, #401, .T. ) ;
#1175 = EDGE_CURVE ( 'NONE', #1354, #1141, #102, .T. ) ;
#1176 = DIRECTION ( 'NONE',  ( 0.000000000000000000, 0.000000000000000000, 1.000000000000000000 ) ) ;
#1177 = DIRECTION ( 'NONE',  ( 0.000000000000000000, 0.000000000000000000, 1.000000000000000000 ) ) ;
#1178 = ORIENTED_EDGE ( 'NONE', *, *, #2704, .T. ) ;
#1179 = CARTESIAN_POINT ( 'NONE',  ( 2.052631578947368141, -1.549999999999999822, 0.1000000000000000056 ) ) ;
#1180 = DIRECTION ( 'NONE',  ( 0.000000000000000000, 0.000000000000000000, -1.000000000000000000 ) ) ;
#1181 = ORIENTED_EDGE ( 'NONE', *, *, #2221, .F. ) ;
#1182 = DIRECTION ( 'NONE',  ( 0.000000000000000000, 0.000000000000000000, 1.000000000000000000 ) ) ;
#1183 = ORIENTED_EDGE ( 'NONE', *, *, #953, .T. ) ;
#1184 = CIRCLE ( 'NONE', #376, 0.02000000000000005940 ) ;
#1185 = FACE_OUTER_BOUND ( 'NONE', #2835, .T. ) ;
#1186 = DIRECTION ( 'NONE',  ( 0.000000000000000000, 0.000000000000000000, 1.000000000000000000 ) ) ;
#1187 = VERTEX_POINT ( 'NONE', #1336 ) ;
#1188 = EDGE_CURVE ( 'NONE', #1786, #108, #2260, .T. ) ;
#1189 = ORIENTED_EDGE ( 'NONE', *, *, #830, .T. ) ;
#1190 = DIRECTION ( 'NONE',  ( 0.000000000000000000, 0.000000000000000000, 1.000000000000000000 ) ) ;
#1191 = DIRECTION ( 'NONE',  ( 0.000000000000000000, 0.000000000000000000, 1.000000000000000000 ) ) ;
#1192 = ORIENTED_EDGE ( 'NONE', *, *, #1763, .T. ) ;
#1193 = EDGE_CURVE ( 'NONE', #597, #2240, #1011, .T. ) ;
#1194 = CARTESIAN_POINT ( 'NONE',  ( 2.799999999999999822, 0.000000000000000000, -0.5999999999999999778 ) ) ;
#1195 = DIRECTION ( 'NONE',  ( 1.000000000000000000, 0.000000000000000000, 0.000000000000000000 ) ) ;
#1196 = ORIENTED_EDGE ( 'NONE', *, *, #1670, .T. ) ;
#1197 = DIRECTION ( 'NONE',  ( -1.000000000000000000, 0.000000000000000000, 0.000000000000000000 ) ) ;
#1198 = ORIENTED_EDGE ( 'NONE', *, *, #2057, .F. ) ;
#1199 = CARTESIAN_POINT ( 'NONE',  ( -2.799999999999999822, 6.123233995736766036E-17, 0.5000000000000000000 ) ) ;
#1200 = DIRECTION ( 'NONE',  ( 1.000000000000000000, 0.000000000000000000, 0.000000000000000000 ) ) ;
#1201 = EDGE_LOOP ( 'NONE', ( #1886, #1699, #792, #915 ) ) ;
#1202 = CIRCLE ( 'NONE', #2493, 0.02000000000000005940 ) ;
#1203 = ORIENTED_EDGE ( 'NONE', *, *, #590, .F. ) ;
#1204 = CARTESIAN_POINT ( 'NONE',  ( -2.999999999999999556, 0.000000000000000000, -0.5999999999999999778 ) ) ;
#1205 = DIRECTION ( 'NONE',  ( 0.000000000000000000, 0.000000000000000000, 1.000000000000000000 ) ) ;
#1206 = EDGE_LOOP ( 'NONE', ( #46, #90, #655, #1478 ) ) ;
#1207 = ADVANCED_FACE ( 'NONE', ( #2939 ), #1811, .F. ) ;
#1208 = DIRECTION ( 'NONE',  ( 0.000000000000000000, 0.9459459459459458319, -0.3243243243243243423 ) ) ;
#1209 = DIRECTION ( 'NONE',  ( 0.000000000000000000, 0.000000000000000000, -1.000000000000000000 ) ) ;
#1210 = CIRCLE ( 'NONE', #2885, 0.02000000000000005940 ) ;
#1211 = VERTEX_POINT ( 'NONE', #2317 ) ;
#1212 = AXIS2_PLACEMENT_3D ( 'NONE', #2567, #999, #1690 ) ;
#1213 = ORIENTED_EDGE ( 'NONE', *, *, #1377, .F. ) ;
#1214 = CARTESIAN_POINT ( 'NONE',  ( 2.799999999999999822, 6.123233995736766036E-17, 0.5000000000000000000 ) ) ;
#1215 = EDGE_LOOP ( 'NONE', ( #121, #682 ) ) ;
#1216 = VERTEX_POINT ( 'NONE', #449 ) ;
#1217 = AXIS2_PLACEMENT_3D ( 'NONE', #2886, #604, #1995 ) ;
#1218 = DIRECTION ( 'NONE',  ( 1.000000000000000000, 0.000000000000000000, 0.000000000000000000 ) ) ;
#1219 = CARTESIAN_POINT ( 'NONE',  ( -2.999999999999999556, -0.4898979485566355985, -0.1000000000000000056 ) ) ;
#1220 = ORIENTED_EDGE ( 'NONE', *, *, #746, .T. ) ;
#1221 = VECTOR ( 'NONE', #1186, 39.37007874015748143 ) ;
#1222 = DIRECTION ( 'NONE',  ( 1.000000000000000000, 0.000000000000000000, 0.000000000000000000 ) ) ;
#1223 = FACE_OUTER_BOUND ( 'NONE', #1201, .T. ) ;
#1224 = ADVANCED_FACE ( 'NONE', ( #2288 ), #25, .F. ) ;
#1225 = AXIS2_PLACEMENT_3D ( 'NONE', #1587, #223, #2052 ) ;
#1226 = DIRECTION ( 'NONE',  ( -1.000000000000000000, 0.000000000000000000, -0.000000000000000000 ) ) ;
#1227 = EDGE_CURVE ( 'NONE', #309, #611, #1142, .T. ) ;
#1228 = ORIENTED_EDGE ( 'NONE', *, *, #585, .T. ) ;
#1229 = DIRECTION ( 'NONE',  ( 0.000000000000000000, 0.000000000000000000, 1.000000000000000000 ) ) ;
#1230 = CYLINDRICAL_SURFACE ( 'NONE', #1737, 0.5000000000000000000 ) ;
#1231 = ORIENTED_EDGE ( 'NONE', *, *, #572, .T. ) ;
#1232 = DIRECTION ( 'NONE',  ( 1.000000000000000000, 0.000000000000000000, 0.000000000000000000 ) ) ;
#1233 = DIRECTION ( 'NONE',  ( 1.000000000000000000, 0.000000000000000000, 0.000000000000000000 ) ) ;
#1234 = ORIENTED_EDGE ( 'NONE', *, *, #2653, .T. ) ;
#1235 = CARTESIAN_POINT ( 'NONE',  ( -1.525263157894736654, -1.549999999999999378, 0.1000000000000000056 ) ) ;
#1236 = DIRECTION ( 'NONE',  ( 1.000000000000000000, 0.000000000000000000, 0.000000000000000000 ) ) ;
#1237 = ORIENTED_EDGE ( 'NONE', *, *, #1926, .F. ) ;
#1238 = CIRCLE ( 'NONE', #1286, 0.5999992689939884771 ) ;
#1239 = VECTOR ( 'NONE', #2099, 39.37007874015748143 ) ;
#1240 = VERTEX_POINT ( 'NONE', #924 ) ;
#1241 = EDGE_CURVE ( 'NONE', #2104, #954, #2274, .T. ) ;
#1242 = EDGE_CURVE ( 'NONE', #1019, #2094, #781, .T. ) ;
#1243 = FACE_OUTER_BOUND ( 'NONE', #1924, .T. ) ;
#1244 = LINE ( 'NONE', #326, #598 ) ;
#1245 = VERTEX_POINT ( 'NONE', #1246 ) ;
#1246 = CARTESIAN_POINT ( 'NONE',  ( 2.799999999999999822, 0.000000000000000000, -0.5000000000000000000 ) ) ;
#1247 = CARTESIAN_POINT ( 'NONE',  ( -2.999999999999999556, 6.123233995736766036E-17, 0.5000000000000000000 ) ) ;
#1248 = AXIS2_PLACEMENT_3D ( 'NONE', #2589, #2153, #283 ) ;
#1249 = ORIENTED_EDGE ( 'NONE', *, *, #2598, .F. ) ;
#1250 = VECTOR ( 'NONE', #2187, 39.37007874015748143 ) ;
#1251 = CARTESIAN_POINT ( 'NONE',  ( 0.3905263157894735548, -1.549999999999999600, 0.1000000000000000056 ) ) ;
#1252 = CARTESIAN_POINT ( 'NONE',  ( 1.505263157894736636, -1.549999999999999822, -0.1000000000000000056 ) ) ;
#1253 = ORIENTED_EDGE ( 'NONE', *, *, #1866, .F. ) ;
#1254 = CARTESIAN_POINT ( 'NONE',  ( -0.1000000000000000056, 3.654976622648373073E-06, 0.000000000000000000 ) ) ;
#1255 = EDGE_LOOP ( 'NONE', ( #2615, #1037, #1790, #2437 ) ) ;
#1256 = AXIS2_PLACEMENT_3D ( 'NONE', #1788, #1268, #2654 ) ;
#1257 = EDGE_CURVE ( 'NONE', #89, #2555, #1009, .T. ) ;
#1258 = DIRECTION ( 'NONE',  ( 1.000000000000000000, 0.000000000000000000, 0.000000000000000000 ) ) ;
#1259 = ORIENTED_EDGE ( 'NONE', *, *, #1771, .F. ) ;
#1260 = CARTESIAN_POINT ( 'NONE',  ( -0.4105263157894736281, -1.549999999999999600, -0.1000000000000000056 ) ) ;
#1261 = DIRECTION ( 'NONE',  ( 1.000000000000000000, 0.000000000000000000, -0.000000000000000000 ) ) ;
#1262 = ADVANCED_FACE ( 'NONE', ( #951 ), #1888, .T. ) ;
#1263 = VERTEX_POINT ( 'NONE', #2346 ) ;
#1264 = EDGE_CURVE ( 'NONE', #982, #2244, #1593, .T. ) ;
#1265 = VECTOR ( 'NONE', #2635, 39.37007874015748143 ) ;
#1266 = CARTESIAN_POINT ( 'NONE',  ( 1.211578947368420867, -1.549999999999999600, -0.1000000000000000056 ) ) ;
#1267 = DIRECTION ( 'NONE',  ( 0.000000000000000000, 0.000000000000000000, 1.000000000000000000 ) ) ;
#1268 = DIRECTION ( 'NONE',  ( 0.000000000000000000, 0.000000000000000000, 1.000000000000000000 ) ) ;
#1269 = CARTESIAN_POINT ( 'NONE',  ( 0.000000000000000000, 2.999999999999999556, -0.3749999999999999445 ) ) ;
#1270 = VERTEX_POINT ( 'NONE', #2359 ) ;
#1271 = DIRECTION ( 'NONE',  ( 1.000000000000000000, 0.000000000000000000, 0.000000000000000000 ) ) ;
#1272 = ORIENTED_EDGE ( 'NONE', *, *, #2474, .F. ) ;
#1273 = FACE_BOUND ( 'NONE', #2730, .T. ) ;
#1274 = DIRECTION ( 'NONE',  ( -1.000000000000000000, -0.000000000000000000, -0.000000000000000000 ) ) ;
#1275 = EDGE_CURVE ( 'NONE', #1594, #278, #2140, .T. ) ;
#1276 = VERTEX_POINT ( 'NONE', #311 ) ;
#1277 = PLANE ( 'NONE',  #349 ) ;
#1278 = CARTESIAN_POINT ( 'NONE',  ( -2.620000000000000107, -1.549999999999999378, 0.1000000000000000056 ) ) ;
#1279 = ADVANCED_FACE ( 'NONE', ( #2391 ), #2837, .F. ) ;
#1280 = DIRECTION ( 'NONE',  ( 1.000000000000000000, 0.000000000000000000, 0.000000000000000000 ) ) ;
#1281 = CARTESIAN_POINT ( 'NONE',  ( 2.072631578947368158, -1.549999999999999822, -0.1000000000000000056 ) ) ;
#1282 = ORIENTED_EDGE ( 'NONE', *, *, #1451, .F. ) ;
#1283 =( NAMED_UNIT ( * ) PLANE_ANGLE_UNIT ( ) SI_UNIT ( $, .RADIAN. ) );
#1284 = DIRECTION ( 'NONE',  ( 1.000000000000000000, 0.000000000000000000, 0.000000000000000000 ) ) ;
#1285 = ORIENTED_EDGE ( 'NONE', *, *, #701, .F. ) ;
#1286 = AXIS2_PLACEMENT_3D ( 'NONE', #2105, #47, #732 ) ;
#1287 = DIRECTION ( 'NONE',  ( 0.000000000000000000, 0.000000000000000000, 1.000000000000000000 ) ) ;
#1288 = CARTESIAN_POINT ( 'NONE',  ( 0.04000000000000011879, 2.999999999999999556, 0.3749999999999999445 ) ) ;
#1289 = VERTEX_POINT ( 'NONE', #537 ) ;
#1290 = DIRECTION ( 'NONE',  ( 0.000000000000000000, 0.000000000000000000, 1.000000000000000000 ) ) ;
#1291 = CIRCLE ( 'NONE', #5, 0.5000000000000000000 ) ;
#1292 = DIRECTION ( 'NONE',  ( 0.000000000000000000, 0.000000000000000000, 1.000000000000000000 ) ) ;
#1293 = VECTOR ( 'NONE', #158, 39.37007874015748143 ) ;
#1294 = EDGE_CURVE ( 'NONE', #826, #1808, #1701, .T. ) ;
#1295 = CARTESIAN_POINT ( 'NONE',  ( 2.072631578947368158, -1.549999999999999822, 0.1000000000000000056 ) ) ;
#1296 = CARTESIAN_POINT ( 'NONE',  ( 1.778947368421052388, -1.549999999999999822, -0.1000000000000000056 ) ) ;
#1297 = ORIENTED_EDGE ( 'NONE', *, *, #958, .T. ) ;
#1298 = PRODUCT_CONTEXT ( 'NONE', #662, 'mechanical' ) ;
#1299 = LINE ( 'NONE', #1986, #1136 ) ;
#1300 = EDGE_LOOP ( 'NONE', ( #1116, #65, #1932, #76 ) ) ;
#1301 = AXIS2_PLACEMENT_3D ( 'NONE', #1842, #464, #1365 ) ;
#1302 = AXIS2_PLACEMENT_3D ( 'NONE', #2828, #989, #1906 ) ;
#1303 = CYLINDRICAL_SURFACE ( 'NONE', #1144, 0.02000000000000005940 ) ;
#1304 = LINE ( 'NONE', #600, #118 ) ;
#1305 = VERTEX_POINT ( 'NONE', #753 ) ;
#1306 = LINE ( 'NONE', #2622, #1931 ) ;
#1307 = CARTESIAN_POINT ( 'NONE',  ( -1.525263157894736654, -1.549999999999999378, -0.1000000000000000056 ) ) ;
#1308 = AXIS2_PLACEMENT_3D ( 'NONE', #270, #1368, #1159 ) ;
#1309 = ORIENTED_EDGE ( 'NONE', *, *, #707, .F. ) ;
#1310 = LINE ( 'NONE', #1735, #850 ) ;
#1311 = CIRCLE ( 'NONE', #272, 0.5999999999999999778 ) ;
#1312 = CARTESIAN_POINT ( 'NONE',  ( -0.1000000000000000056, -0.2057096998324159931, -0.5636320949400689395 ) ) ;
#1313 = ORIENTED_EDGE ( 'NONE', *, *, #1076, .T. ) ;
#1314 = EDGE_CURVE ( 'NONE', #2269, #310, #2877, .T. ) ;
#1315 = DIRECTION ( 'NONE',  ( 0.000000000000000000, 0.000000000000000000, 1.000000000000000000 ) ) ;
#1316 = ORIENTED_EDGE ( 'NONE', *, *, #2160, .T. ) ;
#1317 = DIRECTION ( 'NONE',  ( 0.000000000000000000, 1.000000000000000000, 0.000000000000000000 ) ) ;
#1318 = CIRCLE ( 'NONE', #2901, 0.02000000000000005940 ) ;
#1319 = DIRECTION ( 'NONE',  ( 1.000000000000000000, 0.000000000000000000, 0.000000000000000000 ) ) ;
#1320 = ORIENTED_EDGE ( 'NONE', *, *, #848, .F. ) ;
#1321 = CYLINDRICAL_SURFACE ( 'NONE', #1709, 0.5999999999999999778 ) ;
#1322 = CARTESIAN_POINT ( 'NONE',  ( -2.999999999999999556, -1.750000000000000000, -0.1000000000000000056 ) ) ;
#1323 = CARTESIAN_POINT ( 'NONE',  ( -0.1368421052631578760, -1.549999999999999600, 0.1000000000000000056 ) ) ;
#1324 = EDGE_CURVE ( 'NONE', #2401, #2127, #638, .T. ) ;
#1325 = CIRCLE ( 'NONE', #1475, 0.02000000000000005940 ) ;
#1326 = CARTESIAN_POINT ( 'NONE',  ( 0.1000000000000000056, 0.1200035087732827521, 0.5878768220317082127 ) ) ;
#1327 = PLANE ( 'NONE',  #2438 ) ;
#1328 = ORIENTED_EDGE ( 'NONE', *, *, #2186, .F. ) ;
#1329 = DIRECTION ( 'NONE',  ( 0.000000000000000000, 0.000000000000000000, 1.000000000000000000 ) ) ;
#1330 = VERTEX_POINT ( 'NONE', #1658 ) ;
#1331 = EDGE_CURVE ( 'NONE', #1245, #2675, #1054, .T. ) ;
#1332 = DIRECTION ( 'NONE',  ( 0.000000000000000000, -1.000000000000000000, 0.000000000000000000 ) ) ;
#1333 = CARTESIAN_POINT ( 'NONE',  ( -2.999999999999999556, 0.000000000000000000, 0.000000000000000000 ) ) ;
#1334 = ORIENTED_EDGE ( 'NONE', *, *, #546, .T. ) ;
#1335 = VECTOR ( 'NONE', #2943, 39.37007874015748143 ) ;
#1336 = CARTESIAN_POINT ( 'NONE',  ( -1.211578947368420867, -1.549999999999999378, 0.1000000000000000056 ) ) ;
#1337 = DIRECTION ( 'NONE',  ( 0.000000000000000000, 0.9459459459459458319, 0.3243243243243243423 ) ) ;
#1338 = VECTOR ( 'NONE', #515, 39.37007874015748143 ) ;
#1339 = ORIENTED_EDGE ( 'NONE', *, *, #1349, .T. ) ;
#1340 = CARTESIAN_POINT ( 'NONE',  ( 0.6842105263157893802, -1.549999999999999600, 0.1000000000000000056 ) ) ;
#1341 = CARTESIAN_POINT ( 'NONE',  ( -0.1000000000000000194, 6.123233995736766036E-17, 0.5000000000000000000 ) ) ;
#1342 = AXIS2_PLACEMENT_3D ( 'NONE', #1728, #1023, #1490 ) ;
#1343 = EDGE_LOOP ( 'NONE', ( #2494, #832, #1426, #1927, #2865, #1793, #2855, #773, #1890 ) ) ;
#1344 = CYLINDRICAL_SURFACE ( 'NONE', #2951, 0.02000000000000005940 ) ;
#1345 = VERTEX_POINT ( 'NONE', #2824 ) ;
#1346 = CYLINDRICAL_SURFACE ( 'NONE', #2350, 0.02000000000000005940 ) ;
#1347 = DIRECTION ( 'NONE',  ( 0.000000000000000000, 0.000000000000000000, 1.000000000000000000 ) ) ;
#1348 = ORIENTED_EDGE ( 'NONE', *, *, #1785, .F. ) ;
#1349 = EDGE_CURVE ( 'NONE', #54, #2636, #735, .T. ) ;
#1350 = CIRCLE ( 'NONE', #453, 0.02000000000000005940 ) ;
#1351 = DIRECTION ( 'NONE',  ( 0.000000000000000000, 0.000000000000000000, 1.000000000000000000 ) ) ;
#1352 = CARTESIAN_POINT ( 'NONE',  ( 2.346315789473683910, -1.549999999999999822, 0.1000000000000000056 ) ) ;
#1353 = ADVANCED_FACE ( 'NONE', ( #1418 ), #2331, .T. ) ;
#1354 = VERTEX_POINT ( 'NONE', #1204 ) ;
#1355 = CARTESIAN_POINT ( 'NONE',  ( -2.326315789473683893, -1.549999999999999378, 0.1000000000000000056 ) ) ;
#1356 = LINE ( 'NONE', #483, #634 ) ;
#1357 = EDGE_LOOP ( 'NONE', ( #1626, #1684, #1853, #2282 ) ) ;
#1358 = VECTOR ( 'NONE', #2211, 39.37007874015748143 ) ;
#1359 = AXIS2_PLACEMENT_3D ( 'NONE', #949, #252, #2742 ) ;
#1360 = DIRECTION ( 'NONE',  ( 0.000000000000000000, 0.000000000000000000, 1.000000000000000000 ) ) ;
#1361 = ORIENTED_EDGE ( 'NONE', *, *, #401, .F. ) ;
#1362 = CARTESIAN_POINT ( 'NONE',  ( 0.1000000000000000194, 2.510102051434276227, 0.09999999999999982514 ) ) ;
#1363 = LINE ( 'NONE', #1398, #2645 ) ;
#1364 = ORIENTED_EDGE ( 'NONE', *, *, #707, .T. ) ;
#1365 = DIRECTION ( 'NONE',  ( 1.000000000000000000, 0.000000000000000000, 0.000000000000000000 ) ) ;
#1366 = EDGE_CURVE ( 'NONE', #893, #747, #1476, .T. ) ;
#1367 = LINE ( 'NONE', #883, #151 ) ;
#1368 = DIRECTION ( 'NONE',  ( 0.000000000000000000, 0.000000000000000000, 1.000000000000000000 ) ) ;
#1369 = VERTEX_POINT ( 'NONE', #2576 ) ;
#1370 = EDGE_CURVE ( 'NONE', #1911, #1345, #67, .T. ) ;
#1371 = DIRECTION ( 'NONE',  ( 0.000000000000000000, 0.000000000000000000, 1.000000000000000000 ) ) ;
#1372 = DIRECTION ( 'NONE',  ( 0.000000000000000000, 0.000000000000000000, 1.000000000000000000 ) ) ;
#1373 = ORIENTED_EDGE ( 'NONE', *, *, #1377, .T. ) ;
#1374 = VECTOR ( 'NONE', #1077, 39.37007874015748854 ) ;
#1375 = DIRECTION ( 'NONE',  ( 1.000000000000000000, 0.000000000000000000, 0.000000000000000000 ) ) ;
#1376 = ORIENTED_EDGE ( 'NONE', *, *, #1921, .T. ) ;
#1377 = EDGE_CURVE ( 'NONE', #172, #2127, #1461, .T. ) ;
#1378 = FACE_BOUND ( 'NONE', #1445, .T. ) ;
#1379 = DIRECTION ( 'NONE',  ( 1.000000000000000000, 0.000000000000000000, 0.000000000000000000 ) ) ;
#1380 = ORIENTED_EDGE ( 'NONE', *, *, #2666, .T. ) ;
#1381 = EDGE_CURVE ( 'NONE', #1126, #1673, #1291, .T. ) ;
#1382 = DIRECTION ( 'NONE',  ( 1.000000000000000000, 0.000000000000000000, 0.000000000000000000 ) ) ;
#1383 = FACE_BOUND ( 'NONE', #2142, .T. ) ;
#1384 = ORIENTED_EDGE ( 'NONE', *, *, #1135, .F. ) ;
#1385 = AXIS2_PLACEMENT_3D ( 'NONE', #403, #2249, #670 ) ;
#1386 = AXIS2_PLACEMENT_3D ( 'NONE', #2173, #304, #2157 ) ;
#1387 = DIRECTION ( 'NONE',  ( 0.000000000000000000, 0.000000000000000000, 1.000000000000000000 ) ) ;
#1388 = DIRECTION ( 'NONE',  ( 0.000000000000000000, 0.000000000000000000, 1.000000000000000000 ) ) ;
#1389 = EDGE_CURVE ( 'NONE', #544, #297, #2630, .T. ) ;
#1390 = ORIENTED_EDGE ( 'NONE', *, *, #1803, .T. ) ;
#1391 = EDGE_CURVE ( 'NONE', #1739, #2649, #302, .T. ) ;
#1392 = VECTOR ( 'NONE', #1176, 39.37007874015748143 ) ;
#1393 = CARTESIAN_POINT ( 'NONE',  ( 0.6642105263157892514, -1.549999999999999600, 0.1000000000000000056 ) ) ;
#1394 = EDGE_CURVE ( 'NONE', #795, #625, #1492, .T. ) ;
#1395 = ORIENTED_EDGE ( 'NONE', *, *, #1468, .F. ) ;
#1396 = AXIS2_PLACEMENT_3D ( 'NONE', #345, #973, #797 ) ;
#1397 = CARTESIAN_POINT ( 'NONE',  ( -0.1368421052631578760, -1.549999999999999600, -0.1000000000000000056 ) ) ;
#1398 = CARTESIAN_POINT ( 'NONE',  ( -0.1000000000000000056, 0.1200035087732829742, 0.5878768220317082127 ) ) ;
#1399 = ORIENTED_EDGE ( 'NONE', *, *, #1381, .T. ) ;
#1400 = DIRECTION ( 'NONE',  ( 1.000000000000000000, 0.000000000000000000, 0.000000000000000000 ) ) ;
#1401 = DIRECTION ( 'NONE',  ( 1.000000000000000000, 0.000000000000000000, 0.000000000000000000 ) ) ;
#1402 = AXIS2_PLACEMENT_3D ( 'NONE', #730, #1639, #2543 ) ;
#1403 = VERTEX_POINT ( 'NONE', #2197 ) ;
#1404 = CIRCLE ( 'NONE', #2838, 0.3750000000000002220 ) ;
#1405 = LINE ( 'NONE', #711, #285 ) ;
#1406 = CARTESIAN_POINT ( 'NONE',  ( -0.6642105263157892514, -1.549999999999999600, 0.1000000000000000056 ) ) ;
#1407 = ORIENTED_EDGE ( 'NONE', *, *, #535, .F. ) ;
#1408 = EDGE_CURVE ( 'NONE', #719, #2579, #55, .T. ) ;
#1409 = DIRECTION ( 'NONE',  ( -1.000000000000000000, -0.000000000000000000, -0.000000000000000000 ) ) ;
#1410 = AXIS2_PLACEMENT_3D ( 'NONE', #2881, #627, #174 ) ;
#1411 = ORIENTED_EDGE ( 'NONE', *, *, #2307, .T. ) ;
#1412 = AXIS2_PLACEMENT_3D ( 'NONE', #2418, #367, #1140 ) ;
#1413 = EDGE_CURVE ( 'NONE', #1345, #706, #444, .T. ) ;
#1414 = CYLINDRICAL_SURFACE ( 'NONE', #2720, 0.04000000000000011879 ) ;
#1415 = AXIS2_PLACEMENT_3D ( 'NONE', #2382, #1267, #1236 ) ;
#1416 = DIRECTION ( 'NONE',  ( 0.000000000000000000, 0.000000000000000000, 1.000000000000000000 ) ) ;
#1417 = ORIENTED_EDGE ( 'NONE', *, *, #1933, .T. ) ;
#1418 = FACE_OUTER_BOUND ( 'NONE', #2432, .T. ) ;
#1419 = CYLINDRICAL_SURFACE ( 'NONE', #2322, 0.5000000000000000000 ) ;
#1420 = ORIENTED_EDGE ( 'NONE', *, *, #920, .T. ) ;
#1421 = FACE_OUTER_BOUND ( 'NONE', #1300, .T. ) ;
#1422 = EDGE_CURVE ( 'NONE', #199, #1703, #2118, .T. ) ;
#1423 = CARTESIAN_POINT ( 'NONE',  ( 2.579999999999999183, -1.549999999999999822, -0.1000000000000000056 ) ) ;
#1424 = EDGE_LOOP ( 'NONE', ( #2406, #2427, #912, #2801, #2002, #2135, #2006, #1687 ) ) ;
#1425 = CARTESIAN_POINT ( 'NONE',  ( 1.505263157894736636, -1.549999999999999822, -0.1000000000000000056 ) ) ;
#1426 = ORIENTED_EDGE ( 'NONE', *, *, #353, .F. ) ;
#1427 = DIRECTION ( 'NONE',  ( 1.000000000000000000, 0.000000000000000000, 0.000000000000000000 ) ) ;
#1428 = FACE_OUTER_BOUND ( 'NONE', #431, .T. ) ;
#1429 = VERTEX_POINT ( 'NONE', #1081 ) ;
#1430 = ORIENTED_EDGE ( 'NONE', *, *, #2383, .F. ) ;
#1431 = EDGE_CURVE ( 'NONE', #2466, #2527, #2852, .T. ) ;
#1432 = DIRECTION ( 'NONE',  ( -1.000000000000000000, -0.000000000000000000, -0.000000000000000000 ) ) ;
#1433 = CARTESIAN_POINT ( 'NONE',  ( -2.579999999999999183, -1.549999999999999378, 0.1000000000000000056 ) ) ;
#1434 = ADVANCED_FACE ( 'NONE', ( #354 ), #581, .F. ) ;
#1435 = ORIENTED_EDGE ( 'NONE', *, *, #2704, .F. ) ;
#1436 = CARTESIAN_POINT ( 'NONE',  ( -0.3750000000000002220, 2.999999999999999556, 0.3749999999999999445 ) ) ;
#1437 = DIRECTION ( 'NONE',  ( 0.000000000000000000, 0.9797958971139983930, 0.1999999999964376385 ) ) ;
#1438 = VERTEX_POINT ( 'NONE', #643 ) ;
#1439 = AXIS2_PLACEMENT_3D ( 'NONE', #119, #1957, #2861 ) ;
#1440 = PRODUCT_DEFINITION_SHAPE ( 'NONE', 'NONE',  #2927 ) ;
#1441 = EDGE_LOOP ( 'NONE', ( #2611, #412, #2390, #2770, #2599, #1399, #356 ) ) ;
#1442 = DIRECTION ( 'NONE',  ( 1.000000000000000000, 0.000000000000000000, 0.000000000000000000 ) ) ;
#1443 = ORIENTED_EDGE ( 'NONE', *, *, #1175, .T. ) ;
#1444 = AXIS2_PLACEMENT_3D ( 'NONE', #1760, #110, #1975 ) ;
#1445 = EDGE_LOOP ( 'NONE', ( #1411, #782 ) ) ;
#1446 = DIRECTION ( 'NONE',  ( 0.000000000000000000, 0.000000000000000000, 1.000000000000000000 ) ) ;
#1447 = DIRECTION ( 'NONE',  ( 1.000000000000000000, 0.000000000000000000, 0.000000000000000000 ) ) ;
#1448 = ORIENTED_EDGE ( 'NONE', *, *, #1135, .T. ) ;
#1449 = CARTESIAN_POINT ( 'NONE',  ( -0.9378947368421050035, -1.549999999999999378, -0.1000000000000000056 ) ) ;
#1450 = DIRECTION ( 'NONE',  ( 0.000000000000000000, -0.9797958971139983930, 0.1999999999964377217 ) ) ;
#1451 = EDGE_CURVE ( 'NONE', #2326, #847, #2068, .T. ) ;
#1452 = ORIENTED_EDGE ( 'NONE', *, *, #1227, .F. ) ;
#1453 = AXIS2_PLACEMENT_3D ( 'NONE', #809, #2609, #1208 ) ;
#1454 = ORIENTED_EDGE ( 'NONE', *, *, #2431, .F. ) ;
#1455 = DIRECTION ( 'NONE',  ( 1.000000000000000000, 0.000000000000000000, 0.000000000000000000 ) ) ;
#1456 = CIRCLE ( 'NONE', #1849, 0.02000000000000005940 ) ;
#1457 = CARTESIAN_POINT ( 'NONE',  ( -0.04000000000000011879, 2.999999999999999556, -0.3749999999999999445 ) ) ;
#1458 = ORIENTED_EDGE ( 'NONE', *, *, #871, .T. ) ;
#1459 = AXIS2_PLACEMENT_3D ( 'NONE', #92, #2547, #733 ) ;
#1460 = CIRCLE ( 'NONE', #2134, 0.02000000000000005940 ) ;
#1461 = LINE ( 'NONE', #2109, #347 ) ;
#1462 = DIRECTION ( 'NONE',  ( 0.000000000000000000, 0.000000000000000000, 1.000000000000000000 ) ) ;
#1463 = ORIENTED_EDGE ( 'NONE', *, *, #1581, .F. ) ;
#1464 = EDGE_CURVE ( 'NONE', #1898, #253, #2619, .T. ) ;
#1465 = CARTESIAN_POINT ( 'NONE',  ( 2.620000000000000107, -1.549999999999999822, -0.1000000000000000056 ) ) ;
#1466 = DIRECTION ( 'NONE',  ( 0.000000000000000000, 0.1999999999964376385, -0.9797958971139983930 ) ) ;
#1467 = ORIENTED_EDGE ( 'NONE', *, *, #1148, .T. ) ;
#1468 = EDGE_CURVE ( 'NONE', #945, #2155, #140, .T. ) ;
#1469 = CIRCLE ( 'NONE', #325, 0.02000000000000005940 ) ;
#1470 = DIRECTION ( 'NONE',  ( 1.000000000000000000, 0.000000000000000000, 0.000000000000000000 ) ) ;
#1471 = ORIENTED_EDGE ( 'NONE', *, *, #2631, .F. ) ;
#1472 = DIRECTION ( 'NONE',  ( 0.000000000000000000, 0.000000000000000000, 1.000000000000000000 ) ) ;
#1473 = CARTESIAN_POINT ( 'NONE',  ( -0.6842105263157893802, -1.549999999999999600, 0.1000000000000000056 ) ) ;
#1474 = ORIENTED_EDGE ( 'NONE', *, *, #1241, .F. ) ;
#1475 = AXIS2_PLACEMENT_3D ( 'NONE', #1179, #901, #2069 ) ;
#1476 = LINE ( 'NONE', #2125, #2583 ) ;
#1477 = DIRECTION ( 'NONE',  ( -1.000000000000000000, -0.000000000000000000, -0.000000000000000000 ) ) ;
#1478 = ORIENTED_EDGE ( 'NONE', *, *, #1988, .T. ) ;
#1479 = EDGE_CURVE ( 'NONE', #1211, #968, #916, .T. ) ;
#1480 = CARTESIAN_POINT ( 'NONE',  ( -2.799999999999999822, 0.000000000000000000, 0.5999999999999999778 ) ) ;
#1481 = CARTESIAN_POINT ( 'NONE',  ( 2.799999999999999822, -3.414809992080329023E-17, 3.414809992080329023E-17 ) ) ;
#1482 = FACE_BOUND ( 'NONE', #1831, .T. ) ;
#1483 = EDGE_CURVE ( 'NONE', #1649, #966, #366, .T. ) ;
#1484 = AXIS2_PLACEMENT_3D ( 'NONE', #2531, #429, #1615 ) ;
#1485 = ORIENTED_EDGE ( 'NONE', *, *, #2822, .F. ) ;
#1486 = ADVANCED_FACE ( 'NONE', ( #2210 ), #1303, .F. ) ;
#1487 = ADVANCED_FACE ( 'NONE', ( #2429, #849, #1743, #2004, #125, #2647, #2908, #1063, #2417, #1273, #612, #2463, #413, #2169, #1035, #1714, #2407, #1963, #1378, #2298, #1123 ), #879, .T. ) ;
#1488 = CARTESIAN_POINT ( 'NONE',  ( 0.04000000000000011879, 2.999999999999999556, -0.3749999999999999445 ) ) ;
#1489 = EDGE_LOOP ( 'NONE', ( #1452, #368, #929, #2051 ) ) ;
#1490 = DIRECTION ( 'NONE',  ( 1.000000000000000000, 0.000000000000000000, 0.000000000000000000 ) ) ;
#1491 = CARTESIAN_POINT ( 'NONE',  ( -2.999999999999999556, -1.750000000000000000, -0.1000000000000000056 ) ) ;
#1492 = CIRCLE ( 'NONE', #1342, 0.02000000000000005940 ) ;
#1493 = ORIENTED_EDGE ( 'NONE', *, *, #1021, .T. ) ;
#1494 = AXIS2_PLACEMENT_3D ( 'NONE', #2334, #1892, #2797 ) ;
#1495 = DIRECTION ( 'NONE',  ( 0.000000000000000000, 0.000000000000000000, 1.000000000000000000 ) ) ;
#1496 = FACE_OUTER_BOUND ( 'NONE', #759, .T. ) ;
#1497 = ADVANCED_FACE ( 'NONE', ( #2242 ), #1794, .F. ) ;
#1498 = DIRECTION ( 'NONE',  ( -1.000000000000000000, 0.000000000000000000, -0.000000000000000000 ) ) ;
#1499 = VECTOR ( 'NONE', #577, 39.37007874015748143 ) ;
#1500 = VERTEX_POINT ( 'NONE', #1362 ) ;
#1501 = EDGE_CURVE ( 'NONE', #635, #2224, #2501, .T. ) ;
#1502 = CIRCLE ( 'NONE', #1891, 0.5000000000000000000 ) ;
#1503 = CARTESIAN_POINT ( 'NONE',  ( 0.3510302151916309121, 2.868080372868486272, 0.000000000000000000 ) ) ;
#1504 = ORIENTED_EDGE ( 'NONE', *, *, #23, .F. ) ;
#1505 = ADVANCED_FACE ( 'NONE', ( #690 ), #2049, .F. ) ;
#1506 = DIRECTION ( 'NONE',  ( 0.000000000000000000, 0.000000000000000000, -1.000000000000000000 ) ) ;
#1507 = CARTESIAN_POINT ( 'NONE',  ( 2.999999999999999556, 0.000000000000000000, -0.5999999999999999778 ) ) ;
#1508 = ORIENTED_EDGE ( 'NONE', *, *, #2520, .T. ) ;
#1509 = CIRCLE ( 'NONE', #220, 0.02000000000000005940 ) ;
#1510 = DIRECTION ( 'NONE',  ( 1.000000000000000000, 0.000000000000000000, 0.000000000000000000 ) ) ;
#1511 = DIRECTION ( 'NONE',  ( 1.000000000000000000, 0.000000000000000000, 0.000000000000000000 ) ) ;
#1512 = AXIS2_PLACEMENT_3D ( 'NONE', #1667, #1416, #2586 ) ;
#1513 = EDGE_CURVE ( 'NONE', #1594, #40, #1139, .T. ) ;
#1514 = DIRECTION ( 'NONE',  ( 0.000000000000000000, 0.000000000000000000, 1.000000000000000000 ) ) ;
#1515 = CARTESIAN_POINT ( 'NONE',  ( -1.231578947368420884, -1.549999999999999378, 0.1000000000000000056 ) ) ;
#1516 = EDGE_LOOP ( 'NONE', ( #2060, #1663, #2936, #2171 ) ) ;
#1517 = LINE ( 'NONE', #1457, #904 ) ;
#1518 = ORIENTED_EDGE ( 'NONE', *, *, #1264, .T. ) ;
#1519 = CARTESIAN_POINT ( 'NONE',  ( 2.052631578947368141, -1.549999999999999822, -0.1000000000000000056 ) ) ;
#1520 = DIRECTION ( 'NONE',  ( 0.000000000000000000, -0.9459459459459458319, -0.3243243243243243423 ) ) ;
#1521 = EDGE_CURVE ( 'NONE', #2342, #982, #2061, .T. ) ;
#1522 = ORIENTED_EDGE ( 'NONE', *, *, #1078, .F. ) ;
#1523 = EDGE_CURVE ( 'NONE', #2102, #1780, #2076, .T. ) ;
#1524 = CARTESIAN_POINT ( 'NONE',  ( 2.999999999999999556, -1.750000000000000000, -0.1000000000000000056 ) ) ;
#1525 = AXIS2_PLACEMENT_3D ( 'NONE', #2931, #892, #186 ) ;
#1526 = DIRECTION ( 'NONE',  ( 0.000000000000000000, 0.000000000000000000, 1.000000000000000000 ) ) ;
#1527 = FACE_OUTER_BOUND ( 'NONE', #1668, .T. ) ;
#1528 = EDGE_LOOP ( 'NONE', ( #1752, #2832 ) ) ;
#1529 = CARTESIAN_POINT ( 'NONE',  ( 0.000000000000000000, 2.999999999999999556, -0.1000000000000000194 ) ) ;
#1530 = DIRECTION ( 'NONE',  ( 1.000000000000000000, 0.000000000000000000, 0.000000000000000000 ) ) ;
#1531 = VERTEX_POINT ( 'NONE', #2489 ) ;
#1532 = AXIS2_PLACEMENT_3D ( 'NONE', #2270, #1111, #895 ) ;
#1533 = DIRECTION ( 'NONE',  ( 0.000000000000000000, 0.000000000000000000, 1.000000000000000000 ) ) ;
#1534 = EDGE_LOOP ( 'NONE', ( #1259, #2353 ) ) ;
#1535 = CIRCLE ( 'NONE', #1875, 0.04000000000000011879 ) ;
#1536 = DIRECTION ( 'NONE',  ( 1.000000000000000000, 0.000000000000000000, 0.000000000000000000 ) ) ;
#1537 = CARTESIAN_POINT ( 'NONE',  ( -2.999999999999999556, -1.750000000000000000, 0.1000000000000000056 ) ) ;
#1538 = VERTEX_POINT ( 'NONE', #475 ) ;
#1539 = ADVANCED_FACE ( 'NONE', ( #1569 ), #2921, .T. ) ;
#1540 = DIRECTION ( 'NONE',  ( 0.000000000000000000, 0.000000000000000000, 1.000000000000000000 ) ) ;
#1541 = DIRECTION ( 'NONE',  ( 0.000000000000000000, 0.000000000000000000, 1.000000000000000000 ) ) ;
#1542 = ORIENTED_EDGE ( 'NONE', *, *, #1830, .T. ) ;
#1543 = AXIS2_PLACEMENT_3D ( 'NONE', #2727, #2535, #1382 ) ;
#1544 = EDGE_CURVE ( 'NONE', #146, #845, #2251, .T. ) ;
#1545 = CARTESIAN_POINT ( 'NONE',  ( 0.9578947368421051323, -1.549999999999999600, 0.1000000000000000056 ) ) ;
#1546 = CARTESIAN_POINT ( 'NONE',  ( -1.505263157894736636, -1.549999999999999378, -0.1000000000000000056 ) ) ;
#1547 = EDGE_LOOP ( 'NONE', ( #1376, #569 ) ) ;
#1548 = VECTOR ( 'NONE', #1852, 39.37007874015748143 ) ;
#1549 = DIRECTION ( 'NONE',  ( 0.000000000000000000, 0.000000000000000000, 1.000000000000000000 ) ) ;
#1550 = DIRECTION ( 'NONE',  ( 1.000000000000000000, 0.000000000000000000, 0.000000000000000000 ) ) ;
#1551 = VECTOR ( 'NONE', #2902, 39.37007874015748143 ) ;
#1552 = ORIENTED_EDGE ( 'NONE', *, *, #1860, .F. ) ;
#1553 = CIRCLE ( 'NONE', #1225, 0.5000000000000000000 ) ;
#1554 = DIRECTION ( 'NONE',  ( 1.000000000000000000, 0.000000000000000000, 0.000000000000000000 ) ) ;
#1555 = DIRECTION ( 'NONE',  ( 0.000000000000000000, 0.000000000000000000, 1.000000000000000000 ) ) ;
#1556 = VERTEX_POINT ( 'NONE', #1854 ) ;
#1557 = DIRECTION ( 'NONE',  ( -0.000000000000000000, -0.000000000000000000, -1.000000000000000000 ) ) ;
#1558 = DIRECTION ( 'NONE',  ( 1.000000000000000000, 0.000000000000000000, 0.000000000000000000 ) ) ;
#1559 = AXIS2_PLACEMENT_3D ( 'NONE', #1976, #2867, #2005 ) ;
#1560 = EDGE_CURVE ( 'NONE', #893, #1568, #2017, .T. ) ;
#1561 = AXIS2_PLACEMENT_3D ( 'NONE', #1900, #1680, #1455 ) ;
#1562 = DIRECTION ( 'NONE',  ( 0.000000000000000000, 0.000000000000000000, 1.000000000000000000 ) ) ;
#1563 = VECTOR ( 'NONE', #798, 39.37007874015748854 ) ;
#1564 = DIRECTION ( 'NONE',  ( 0.000000000000000000, 0.000000000000000000, 1.000000000000000000 ) ) ;
#1565 = EDGE_CURVE ( 'NONE', #313, #986, #1145, .T. ) ;
#1566 = VERTEX_POINT ( 'NONE', #703 ) ;
#1567 = CYLINDRICAL_SURFACE ( 'NONE', #1525, 0.04000000000000011879 ) ;
#1568 = VERTEX_POINT ( 'NONE', #2477 ) ;
#1569 = FACE_OUTER_BOUND ( 'NONE', #727, .T. ) ;
#1570 = CARTESIAN_POINT ( 'NONE',  ( -0.04000000000000011879, 2.999999999999999556, -0.3749999999999999445 ) ) ;
#1571 = EDGE_LOOP ( 'NONE', ( #442, #1373, #534, #1 ) ) ;
#1572 = CARTESIAN_POINT ( 'NONE',  ( -3.325961538461542855, 2.395673076923079847, 0.1000000000000000056 ) ) ;
#1573 = DIRECTION ( 'NONE',  ( 1.000000000000000000, 0.000000000000000000, 0.000000000000000000 ) ) ;
#1574 = ADVANCED_FACE ( 'NONE', ( #219 ), #1823, .F. ) ;
#1575 = ORIENTED_EDGE ( 'NONE', *, *, #1408, .T. ) ;
#1576 = VECTOR ( 'NONE', #213, 39.37007874015748143 ) ;
#1577 = DIRECTION ( 'NONE',  ( 1.000000000000000000, 0.000000000000000000, 0.000000000000000000 ) ) ;
#1578 = LINE ( 'NONE', #438, #728 ) ;
#1579 = ORIENTED_EDGE ( 'NONE', *, *, #1544, .F. ) ;
#1580 = DIRECTION ( 'NONE',  ( -0.000000000000000000, -0.000000000000000000, -1.000000000000000000 ) ) ;
#1581 = EDGE_CURVE ( 'NONE', #472, #2244, #1094, .T. ) ;
#1582 = ORIENTED_EDGE ( 'NONE', *, *, #169, .F. ) ;
#1583 = EDGE_CURVE ( 'NONE', #2244, #982, #2823, .T. ) ;
#1584 = DIRECTION ( 'NONE',  ( 0.000000000000000000, 0.000000000000000000, 1.000000000000000000 ) ) ;
#1585 = DIRECTION ( 'NONE',  ( 0.000000000000000000, 0.000000000000000000, 1.000000000000000000 ) ) ;
#1586 = ORIENTED_EDGE ( 'NONE', *, *, #2856, .F. ) ;
#1587 = CARTESIAN_POINT ( 'NONE',  ( -0.1000000000000000194, 0.000000000000000000, 0.000000000000000000 ) ) ;
#1588 = AXIS2_PLACEMENT_3D ( 'NONE', #1868, #1720, #1043 ) ;
#1589 = CARTESIAN_POINT ( 'NONE',  ( -2.326315789473683893, -1.549999999999999378, -0.1000000000000000056 ) ) ;
#1590 = ORIENTED_EDGE ( 'NONE', *, *, #2057, .T. ) ;
#1591 = CARTESIAN_POINT ( 'NONE',  ( -0.3510302151916251390, 2.868080372868468064, 0.1000000000000000194 ) ) ;
#1592 = CARTESIAN_POINT ( 'NONE',  ( 2.799999999999999822, 0.000000000000000000, 0.000000000000000000 ) ) ;
#1593 = CIRCLE ( 'NONE', #588, 0.02000000000000005940 ) ;
#1594 = VERTEX_POINT ( 'NONE', #1806 ) ;
#1595 = CARTESIAN_POINT ( 'NONE',  ( -0.3905263157894735548, -1.549999999999999600, -0.1000000000000000056 ) ) ;
#1596 = VERTEX_POINT ( 'NONE', #2709 ) ;
#1597 = ADVANCED_FACE ( 'NONE', ( #677 ), #1346, .F. ) ;
#1598 = CARTESIAN_POINT ( 'NONE',  ( 1.778947368421052388, -1.549999999999999822, -0.1000000000000000056 ) ) ;
#1599 = DIRECTION ( 'NONE',  ( 1.000000000000000000, 0.000000000000000000, 0.000000000000000000 ) ) ;
#1600 = ORIENTED_EDGE ( 'NONE', *, *, #746, .F. ) ;
#1601 = EDGE_CURVE ( 'NONE', #856, #1808, #2206, .T. ) ;
#1602 = VECTOR ( 'NONE', #770, 39.37007874015748143 ) ;
#1603 = DIRECTION ( 'NONE',  ( 1.000000000000000000, 0.000000000000000000, 0.000000000000000000 ) ) ;
#1604 = FACE_OUTER_BOUND ( 'NONE', #950, .T. ) ;
#1605 = ORIENTED_EDGE ( 'NONE', *, *, #1803, .F. ) ;
#1606 = DIRECTION ( 'NONE',  ( 1.000000000000000000, 0.000000000000000000, 0.000000000000000000 ) ) ;
#1607 = FACE_BOUND ( 'NONE', #1851, .T. ) ;
#1608 = VECTOR ( 'NONE', #1233, 39.37007874015748143 ) ;
#1609 = ADVANCED_FACE ( 'NONE', ( #828, #134, #574, #948, #2121, #2412, #802, #2314, #1970, #490, #2613, #591, #1710, #279, #2627, #1482, #748, #1654, #35, #2399, #266 ), #1943, .F. ) ;
#1610 = ORIENTED_EDGE ( 'NONE', *, *, #572, .F. ) ;
#1611 = AXIS2_PLACEMENT_3D ( 'NONE', #2299, #430, #462 ) ;
#1612 = DIRECTION ( 'NONE',  ( 1.000000000000000000, 0.000000000000000000, 0.000000000000000000 ) ) ;
#1613 = EDGE_CURVE ( 'NONE', #903, #276, #2871, .T. ) ;
#1614 = VERTEX_POINT ( 'NONE', #814 ) ;
#1615 = DIRECTION ( 'NONE',  ( -1.000000000000000000, 0.000000000000000000, -0.000000000000000000 ) ) ;
#1616 = CYLINDRICAL_SURFACE ( 'NONE', #1947, 0.02000000000000005940 ) ;
#1617 = ORIENTED_EDGE ( 'NONE', *, *, #1479, .T. ) ;
#1618 = DIRECTION ( 'NONE',  ( -1.000000000000000000, -0.000000000000000000, -0.000000000000000000 ) ) ;
#1619 = DIRECTION ( 'NONE',  ( 0.000000000000000000, 0.000000000000000000, 1.000000000000000000 ) ) ;
#1620 = EDGE_CURVE ( 'NONE', #1032, #2527, #1031, .T. ) ;
#1621 = CARTESIAN_POINT ( 'NONE',  ( -2.999999999999999556, 0.000000000000000000, 0.000000000000000000 ) ) ;
#1622 = LINE ( 'NONE', #2070, #1102 ) ;
#1623 = EDGE_CURVE ( 'NONE', #668, #635, #1238, .T. ) ;
#1624 = ORIENTED_EDGE ( 'NONE', *, *, #1688, .F. ) ;
#1625 = DIRECTION ( 'NONE',  ( 0.000000000000000000, 0.000000000000000000, 1.000000000000000000 ) ) ;
#1626 = ORIENTED_EDGE ( 'NONE', *, *, #2541, .F. ) ;
#1627 = DIRECTION ( 'NONE',  ( 0.000000000000000000, 0.000000000000000000, 1.000000000000000000 ) ) ;
#1628 = EDGE_CURVE ( 'NONE', #2293, #2743, #683, .T. ) ;
#1629 = CARTESIAN_POINT ( 'NONE',  ( -0.1000000000000000056, 0.1200035087732827521, 0.5878768220317082127 ) ) ;
#1630 = VERTEX_POINT ( 'NONE', #2177 ) ;
#1631 = DIRECTION ( 'NONE',  ( 0.000000000000000000, 0.000000000000000000, 1.000000000000000000 ) ) ;
#1632 = ORIENTED_EDGE ( 'NONE', *, *, #1719, .T. ) ;
#1633 = AXIS2_PLACEMENT_3D ( 'NONE', #2552, #2955, #944 ) ;
#1634 = CARTESIAN_POINT ( 'NONE',  ( -0.3137555309921105096, 2.395673076923079847, -0.1000000000000000056 ) ) ;
#1635 = DIRECTION ( 'NONE',  ( 1.000000000000000000, 0.000000000000000000, 0.000000000000000000 ) ) ;
#1636 = ORIENTED_EDGE ( 'NONE', *, *, #1422, .F. ) ;
#1637 = ADVANCED_FACE ( 'NONE', ( #2846 ), #1414, .F. ) ;
#1638 = AXIS2_PLACEMENT_3D ( 'NONE', #708, #2521, #478 ) ;
#1639 = DIRECTION ( 'NONE',  ( 0.000000000000000000, 0.000000000000000000, 1.000000000000000000 ) ) ;
#1640 = VERTEX_POINT ( 'NONE', #1199 ) ;
#1641 = DIRECTION ( 'NONE',  ( 1.000000000000000000, 0.000000000000000000, 0.000000000000000000 ) ) ;
#1642 = DIRECTION ( 'NONE',  ( 0.000000000000000000, 1.000000000000000000, 0.000000000000000000 ) ) ;
#1643 = VERTEX_POINT ( 'NONE', #2191 ) ;
#1644 = ADVANCED_FACE ( 'NONE', ( #1185 ), #506, .T. ) ;
#1645 = CARTESIAN_POINT ( 'NONE',  ( 1.505263157894736636, -1.549999999999999822, -0.1000000000000000056 ) ) ;
#1646 = VERTEX_POINT ( 'NONE', #1883 ) ;
#1647 = DIRECTION ( 'NONE',  ( 0.000000000000000000, 0.000000000000000000, 1.000000000000000000 ) ) ;
#1648 = CARTESIAN_POINT ( 'NONE',  ( -2.599999999999999645, -1.549999999999999378, -0.1000000000000000056 ) ) ;
#1649 = VERTEX_POINT ( 'NONE', #2874 ) ;
#1650 = ADVANCED_FACE ( 'NONE', ( #2340 ), #979, .F. ) ;
#1651 = DIRECTION ( 'NONE',  ( 0.000000000000000000, 0.9459459459459458319, -0.3243243243243243423 ) ) ;
#1652 = VERTEX_POINT ( 'NONE', #637 ) ;
#1653 = VECTOR ( 'NONE', #1472, 39.37007874015748143 ) ;
#1654 = FACE_BOUND ( 'NONE', #995, .T. ) ;
#1655 = LINE ( 'NONE', #1929, #2847 ) ;
#1656 = ORIENTED_EDGE ( 'NONE', *, *, #2084, .T. ) ;
#1657 = ORIENTED_EDGE ( 'NONE', *, *, #1171, .F. ) ;
#1658 = CARTESIAN_POINT ( 'NONE',  ( 0.7042105263157893980, -1.549999999999999600, 0.1000000000000000056 ) ) ;
#1659 = DIRECTION ( 'NONE',  ( 0.000000000000000000, 0.000000000000000000, 1.000000000000000000 ) ) ;
#1660 = VERTEX_POINT ( 'NONE', #2483 ) ;
#1661 = LINE ( 'NONE', #100, #1983 ) ;
#1662 = DIRECTION ( 'NONE',  ( -0.000000000000000000, -0.9393879693972031486, -0.3428560090647373437 ) ) ;
#1663 = ORIENTED_EDGE ( 'NONE', *, *, #1227, .T. ) ;
#1664 = DIRECTION ( 'NONE',  ( 0.000000000000000000, 0.000000000000000000, 1.000000000000000000 ) ) ;
#1665 = ORIENTED_EDGE ( 'NONE', *, *, #1501, .T. ) ;
#1666 = EDGE_CURVE ( 'NONE', #2181, #1126, #873, .T. ) ;
#1667 = CARTESIAN_POINT ( 'NONE',  ( 2.599999999999999645, -1.549999999999999822, -0.1000000000000000056 ) ) ;
#1668 = EDGE_LOOP ( 'NONE', ( #1579, #98, #330, #527 ) ) ;
#1669 = ORIENTED_EDGE ( 'NONE', *, *, #2907, .T. ) ;
#1670 = EDGE_CURVE ( 'NONE', #747, #1630, #1982, .T. ) ;
#1671 = CARTESIAN_POINT ( 'NONE',  ( 0.000000000000000000, 2.999999999999999556, -0.3749999999999999445 ) ) ;
#1672 = DIRECTION ( 'NONE',  ( 0.000000000000000000, 0.000000000000000000, -1.000000000000000000 ) ) ;
#1673 = VERTEX_POINT ( 'NONE', #1341 ) ;
#1674 = CYLINDRICAL_SURFACE ( 'NONE', #1013, 0.02000000000000005940 ) ;
#1675 = CARTESIAN_POINT ( 'NONE',  ( 2.620000000000000107, -1.549999999999999822, -0.1000000000000000056 ) ) ;
#1676 = AXIS2_PLACEMENT_3D ( 'NONE', #1172, #348, #1498 ) ;
#1677 = EDGE_CURVE ( 'NONE', #2636, #54, #386, .T. ) ;
#1678 = ORIENTED_EDGE ( 'NONE', *, *, #1483, .T. ) ;
#1679 = AXIS2_PLACEMENT_3D ( 'NONE', #2880, #1048, #1777 ) ;
#1680 = DIRECTION ( 'NONE',  ( 0.000000000000000000, 0.000000000000000000, 1.000000000000000000 ) ) ;
#1681 = CARTESIAN_POINT ( 'NONE',  ( -1.778947368421052388, -1.549999999999999378, -0.1000000000000000056 ) ) ;
#1682 = ADVANCED_FACE ( 'NONE', ( #1770 ), #2670, .F. ) ;
#1683 = AXIS2_PLACEMENT_3D ( 'NONE', #1572, #940, #2480 ) ;
#1684 = ORIENTED_EDGE ( 'NONE', *, *, #1431, .F. ) ;
#1685 = DIRECTION ( 'NONE',  ( 1.000000000000000000, 0.000000000000000000, 0.000000000000000000 ) ) ;
#1686 = DIRECTION ( 'NONE',  ( 0.000000000000000000, 0.000000000000000000, 1.000000000000000000 ) ) ;
#1687 = ORIENTED_EDGE ( 'NONE', *, *, #1830, .F. ) ;
#1688 = EDGE_CURVE ( 'NONE', #2104, #1305, #2297, .T. ) ;
#1689 = CIRCLE ( 'NONE', #451, 0.02000000000000005940 ) ;
#1690 = DIRECTION ( 'NONE',  ( 0.000000000000000000, 0.000000000000000000, 1.000000000000000000 ) ) ;
#1691 = DIRECTION ( 'NONE',  ( 0.000000000000000000, 0.000000000000000000, -1.000000000000000000 ) ) ;
#1692 = VECTOR ( 'NONE', #1969, 39.37007874015748143 ) ;
#1693 = DIRECTION ( 'NONE',  ( -0.000000000000000000, 0.000000000000000000, 1.000000000000000000 ) ) ;
#1694 = ADVANCED_FACE ( 'NONE', ( #888 ), #2472, .F. ) ;
#1695 = EDGE_LOOP ( 'NONE', ( #1022, #350, #66, #246 ) ) ;
#1696 = FACE_OUTER_BOUND ( 'NONE', #2192, .T. ) ;
#1697 = CIRCLE ( 'NONE', #2642, 0.02000000000000033348 ) ;
#1698 = CARTESIAN_POINT ( 'NONE',  ( 0.1000000000000000056, -0.2057096998324157155, -0.5636320949400691616 ) ) ;
#1699 = ORIENTED_EDGE ( 'NONE', *, *, #2075, .T. ) ;
#1700 = AXIS2_PLACEMENT_3D ( 'NONE', #1967, #2233, #193 ) ;
#1701 = LINE ( 'NONE', #2808, #1150 ) ;
#1702 = LINE ( 'NONE', #1247, #1608 ) ;
#1703 = VERTEX_POINT ( 'NONE', #1281 ) ;
#1704 = ADVANCED_FACE ( 'NONE', ( #2703 ), #1327, .T. ) ;
#1705 = CARTESIAN_POINT ( 'NONE',  ( -2.799999999999999822, 0.000000000000000000, 0.1000000000000000056 ) ) ;
#1706 = DIRECTION ( 'NONE',  ( 0.000000000000000000, 0.000000000000000000, 1.000000000000000000 ) ) ;
#1707 = ORIENTED_EDGE ( 'NONE', *, *, #1431, .T. ) ;
#1708 = EDGE_CURVE ( 'NONE', #2175, #1270, #194, .T. ) ;
#1709 = AXIS2_PLACEMENT_3D ( 'NONE', #910, #1280, #2219 ) ;
#1710 = FACE_BOUND ( 'NONE', #1864, .T. ) ;
#1711 = VERTEX_POINT ( 'NONE', #2011 ) ;
#1712 = CARTESIAN_POINT ( 'NONE',  ( -0.9778947368421051500, -1.549999999999999378, -0.1000000000000000056 ) ) ;
#1713 = ORIENTED_EDGE ( 'NONE', *, *, #720, .T. ) ;
#1714 = FACE_BOUND ( 'NONE', #2519, .T. ) ;
#1715 = DIRECTION ( 'NONE',  ( 0.000000000000000000, 0.000000000000000000, 1.000000000000000000 ) ) ;
#1716 = ORIENTED_EDGE ( 'NONE', *, *, #1620, .T. ) ;
#1717 = CARTESIAN_POINT ( 'NONE',  ( 1.485263157894736619, -1.549999999999999822, -0.1000000000000000056 ) ) ;
#1718 = FACE_OUTER_BOUND ( 'NONE', #2386, .T. ) ;
#1719 = EDGE_CURVE ( 'NONE', #199, #795, #1578, .T. ) ;
#1720 = DIRECTION ( 'NONE',  ( 0.000000000000000000, 0.000000000000000000, 1.000000000000000000 ) ) ;
#1721 = EDGE_CURVE ( 'NONE', #2649, #968, #902, .T. ) ;
#1722 = VECTOR ( 'NONE', #957, 39.37007874015748143 ) ;
#1723 = ORIENTED_EDGE ( 'NONE', *, *, #428, .T. ) ;
#1724 = CIRCLE ( 'NONE', #51, 0.02000000000000033348 ) ;
#1725 =( NAMED_UNIT ( * ) SI_UNIT ( $, .STERADIAN. ) SOLID_ANGLE_UNIT ( ) );
#1726 = DIRECTION ( 'NONE',  ( 0.000000000000000000, -1.000000000000000000, 0.000000000000000000 ) ) ;
#1727 = ORIENTED_EDGE ( 'NONE', *, *, #1782, .T. ) ;
#1728 = CARTESIAN_POINT ( 'NONE',  ( 2.052631578947368141, -1.549999999999999822, 0.1000000000000000056 ) ) ;
#1729 = CYLINDRICAL_SURFACE ( 'NONE', #890, 0.5000000000000000000 ) ;
#1730 = AXIS2_PLACEMENT_3D ( 'NONE', #1589, #1351, #240 ) ;
#1731 = ORIENTED_EDGE ( 'NONE', *, *, #2402, .T. ) ;
#1732 = DIRECTION ( 'NONE',  ( 1.000000000000000000, 0.000000000000000000, 0.000000000000000000 ) ) ;
#1733 = CARTESIAN_POINT ( 'NONE',  ( -0.1000000000000000194, 2.510102051434274451, -0.1000000000000000056 ) ) ;
#1734 = AXIS2_PLACEMENT_3D ( 'NONE', #2311, #16, #2325 ) ;
#1735 = CARTESIAN_POINT ( 'NONE',  ( 1.251578947368420902, -1.549999999999999600, -0.1000000000000000056 ) ) ;
#1736 = DIRECTION ( 'NONE',  ( 0.000000000000000000, 0.000000000000000000, 1.000000000000000000 ) ) ;
#1737 = AXIS2_PLACEMENT_3D ( 'NONE', #364, #2151, #1033 ) ;
#1738 = VECTOR ( 'NONE', #2114, 39.37007874015748143 ) ;
#1739 = VERTEX_POINT ( 'NONE', #1118 ) ;
#1740 = EDGE_CURVE ( 'NONE', #1276, #1032, #1056, .T. ) ;
#1741 = LINE ( 'NONE', #123, #2498 ) ;
#1742 = ORIENTED_EDGE ( 'NONE', *, *, #2310, .T. ) ;
#1743 = FACE_BOUND ( 'NONE', #722, .T. ) ;
#1744 = AXIS2_PLACEMENT_3D ( 'NONE', #925, #26, #241 ) ;
#1745 = DIRECTION ( 'NONE',  ( 0.000000000000000000, 0.000000000000000000, 1.000000000000000000 ) ) ;
#1746 = ORIENTED_EDGE ( 'NONE', *, *, #1670, .F. ) ;
#1747 = CIRCLE ( 'NONE', #657, 0.02000000000000005940 ) ;
#1748 = LINE ( 'NONE', #1322, #1293 ) ;
#1749 = CARTESIAN_POINT ( 'NONE',  ( 1.251578947368420902, -1.549999999999999600, -0.1000000000000000056 ) ) ;
#1750 = VECTOR ( 'NONE', #764, 39.37007874015748143 ) ;
#1751 = CARTESIAN_POINT ( 'NONE',  ( 2.346315789473683910, -1.549999999999999822, -0.1000000000000000056 ) ) ;
#1752 = ORIENTED_EDGE ( 'NONE', *, *, #1759, .T. ) ;
#1753 = DIRECTION ( 'NONE',  ( 1.000000000000000000, 0.000000000000000000, 0.000000000000000000 ) ) ;
#1754 = DIRECTION ( 'NONE',  ( 1.000000000000000000, 0.000000000000000000, 0.000000000000000000 ) ) ;
#1755 = ORIENTED_EDGE ( 'NONE', *, *, #2116, .T. ) ;
#1756 = VECTOR ( 'NONE', #620, 39.37007874015748143 ) ;
#1757 = DIRECTION ( 'NONE',  ( 0.000000000000000000, 0.000000000000000000, 1.000000000000000000 ) ) ;
#1758 = EDGE_LOOP ( 'NONE', ( #1282, #639, #1443, #808 ) ) ;
#1759 = EDGE_CURVE ( 'NONE', #1968, #2680, #774, .T. ) ;
#1760 = CARTESIAN_POINT ( 'NONE',  ( 0.000000000000000000, 2.999999999999999556, 0.3749999999999999445 ) ) ;
#1761 = FACE_OUTER_BOUND ( 'NONE', #1992, .T. ) ;
#1762 = VERTEX_POINT ( 'NONE', #2640 ) ;
#1763 = EDGE_CURVE ( 'NONE', #747, #1786, #2220, .T. ) ;
#1764 = LINE ( 'NONE', #399, #1787 ) ;
#1765 = VECTOR ( 'NONE', #458, 39.37007874015748143 ) ;
#1766 = PLANE ( 'NONE',  #170 ) ;
#1767 = DIRECTION ( 'NONE',  ( 0.000000000000000000, 0.000000000000000000, 1.000000000000000000 ) ) ;
#1768 = ORIENTED_EDGE ( 'NONE', *, *, #813, .F. ) ;
#1769 = LINE ( 'NONE', #872, #502 ) ;
#1770 = FACE_OUTER_BOUND ( 'NONE', #2575, .T. ) ;
#1771 = EDGE_CURVE ( 'NONE', #1187, #611, #1773, .T. ) ;
#1772 = ORIENTED_EDGE ( 'NONE', *, *, #1666, .T. ) ;
#1773 = CIRCLE ( 'NONE', #486, 0.02000000000000005940 ) ;
#1774 = CARTESIAN_POINT ( 'NONE',  ( -1.778947368421052388, -1.549999999999999378, -0.1000000000000000056 ) ) ;
#1775 = ORIENTED_EDGE ( 'NONE', *, *, #443, .T. ) ;
#1776 = AXIS2_PLACEMENT_3D ( 'NONE', #1252, #1706, #346 ) ;
#1777 = DIRECTION ( 'NONE',  ( 1.000000000000000000, 0.000000000000000000, 0.000000000000000000 ) ) ;
#1778 = CARTESIAN_POINT ( 'NONE',  ( -2.999999999999999556, 0.000000000000000000, 0.5999999999999999778 ) ) ;
#1779 = EDGE_CURVE ( 'NONE', #629, #812, #374, .T. ) ;
#1780 = VERTEX_POINT ( 'NONE', #182 ) ;
#1781 = CARTESIAN_POINT ( 'NONE',  ( 2.306315789473683875, -1.549999999999999822, 0.1000000000000000056 ) ) ;
#1782 = EDGE_CURVE ( 'NONE', #292, #2079, #867, .T. ) ;
#1783 = VECTOR ( 'NONE', #1934, 39.37007874015748143 ) ;
#1784 = DIRECTION ( 'NONE',  ( 0.000000000000000000, 0.000000000000000000, 1.000000000000000000 ) ) ;
#1785 = EDGE_CURVE ( 'NONE', #2572, #89, #2013, .T. ) ;
#1786 = VERTEX_POINT ( 'NONE', #1848 ) ;
#1787 = VECTOR ( 'NONE', #1290, 39.37007874015748143 ) ;
#1788 = CARTESIAN_POINT ( 'NONE',  ( 3.325961538461544631, 2.395673076923077183, -0.1000000000000000056 ) ) ;
#1789 = CARTESIAN_POINT ( 'NONE',  ( -2.052631578947368141, -1.549999999999999378, -0.1000000000000000056 ) ) ;
#1790 = ORIENTED_EDGE ( 'NONE', *, *, #109, .T. ) ;
#1791 = VECTOR ( 'NONE', #45, 39.37007874015748143 ) ;
#1792 = DIRECTION ( 'NONE',  ( 1.000000000000000000, 0.000000000000000000, 0.000000000000000000 ) ) ;
#1793 = ORIENTED_EDGE ( 'NONE', *, *, #628, .T. ) ;
#1794 = CYLINDRICAL_SURFACE ( 'NONE', #2530, 0.02000000000000005940 ) ;
#1795 = CARTESIAN_POINT ( 'NONE',  ( 3.325961538461544631, 2.395673076923077183, 0.1000000000000000056 ) ) ;
#1796 = ORIENTED_EDGE ( 'NONE', *, *, #2229, .T. ) ;
#1797 = CARTESIAN_POINT ( 'NONE',  ( 0.9857371976850686224, 0.4991658082940893526, -0.03343253545343857769 ) ) ;
#1798 = DIRECTION ( 'NONE',  ( 0.000000000000000000, 0.000000000000000000, 1.000000000000000000 ) ) ;
#1799 = CIRCLE ( 'NONE', #1897, 0.02000000000000005940 ) ;
#1800 = CARTESIAN_POINT ( 'NONE',  ( -2.599999999999999645, -1.549999999999999378, -0.1000000000000000056 ) ) ;
#1801 = DIRECTION ( 'NONE',  ( 0.000000000000000000, 1.000000000000000000, 0.000000000000000000 ) ) ;
#1802 = ORIENTED_EDGE ( 'NONE', *, *, #1124, .F. ) ;
#1803 = EDGE_CURVE ( 'NONE', #1092, #2904, #58, .T. ) ;
#1804 = CARTESIAN_POINT ( 'NONE',  ( 0.7042105263157893980, -1.549999999999999600, -0.1000000000000000056 ) ) ;
#1805 = ORIENTED_EDGE ( 'NONE', *, *, #615, .F. ) ;
#1806 = CARTESIAN_POINT ( 'NONE',  ( 2.799999999999999822, -0.4898979485566355985, 0.09999999999999999167 ) ) ;
#1807 = LINE ( 'NONE', #664, #513 ) ;
#1808 = VERTEX_POINT ( 'NONE', #1406 ) ;
#1809 = DIRECTION ( 'NONE',  ( -1.000000000000000000, -0.000000000000000000, -0.000000000000000000 ) ) ;
#1810 = EDGE_CURVE ( 'NONE', #172, #1403, #2398, .T. ) ;
#1811 = CYLINDRICAL_SURFACE ( 'NONE', #1834, 0.02000000000000005940 ) ;
#1812 = PLANE ( 'NONE',  #166 ) ;
#1813 = AXIS2_PLACEMENT_3D ( 'NONE', #243, #2767, #1606 ) ;
#1814 = ORIENTED_EDGE ( 'NONE', *, *, #2349, .T. ) ;
#1815 = CIRCLE ( 'NONE', #2336, 0.02000000000000005940 ) ;
#1816 = CARTESIAN_POINT ( 'NONE',  ( -0.6642105263157892514, -1.549999999999999600, -0.1000000000000000056 ) ) ;
#1817 = CARTESIAN_POINT ( 'NONE',  ( 2.999999999999999556, 0.000000000000000000, 0.5999999999999999778 ) ) ;
#1818 = EDGE_CURVE ( 'NONE', #89, #1531, #928, .T. ) ;
#1819 = ORIENTED_EDGE ( 'NONE', *, *, #2541, .T. ) ;
#1820 = EDGE_CURVE ( 'NONE', #297, #1330, #2281, .T. ) ;
#1821 = CARTESIAN_POINT ( 'NONE',  ( 0.000000000000000000, 2.999999999999999556, -0.3749999999999999445 ) ) ;
#1822 = ORIENTED_EDGE ( 'NONE', *, *, #2042, .T. ) ;
#1823 = CYLINDRICAL_SURFACE ( 'NONE', #2485, 0.02000000000000005940 ) ;
#1824 = CARTESIAN_POINT ( 'NONE',  ( 0.1368421052631578760, -1.549999999999999600, -0.1000000000000000056 ) ) ;
#1825 = EDGE_LOOP ( 'NONE', ( #296, #2924 ) ) ;
#1826 = LINE ( 'NONE', #2258, #696 ) ;
#1827 = VECTOR ( 'NONE', #2693, 39.37007874015748143 ) ;
#1828 = CARTESIAN_POINT ( 'NONE',  ( 0.9857438364300369349, 0.4991576266131634299, 0.03351769531853131950 ) ) ;
#1829 = CARTESIAN_POINT ( 'NONE',  ( 3.325961538461544631, 2.395673076923077183, -0.1000000000000000056 ) ) ;
#1830 = EDGE_CURVE ( 'NONE', #1240, #1429, #1622, .T. ) ;
#1831 = EDGE_LOOP ( 'NONE', ( #817, #2222 ) ) ;
#1832 = LINE ( 'NONE', #42, #580 ) ;
#1833 = DIRECTION ( 'NONE',  ( 0.000000000000000000, 0.000000000000000000, 1.000000000000000000 ) ) ;
#1834 = AXIS2_PLACEMENT_3D ( 'NONE', #466, #2080, #680 ) ;
#1835 = ORIENTED_EDGE ( 'NONE', *, *, #1331, .F. ) ;
#1836 = CARTESIAN_POINT ( 'NONE',  ( -2.999999999999999556, -1.750000000000000000, 0.000000000000000000 ) ) ;
#1837 = EDGE_LOOP ( 'NONE', ( #2124, #981, #1713, #405 ) ) ;
#1838 = ADVANCED_FACE ( 'NONE', ( #2085 ), #11, .T. ) ;
#1839 = DIRECTION ( 'NONE',  ( 1.000000000000000000, 0.000000000000000000, 0.000000000000000000 ) ) ;
#1840 = CYLINDRICAL_SURFACE ( 'NONE', #409, 0.02000000000000005940 ) ;
#1841 = ORIENTED_EDGE ( 'NONE', *, *, #2508, .F. ) ;
#1842 = CARTESIAN_POINT ( 'NONE',  ( 0.1368421052631578760, -1.549999999999999600, -0.1000000000000000056 ) ) ;
#1843 = AXIS2_PLACEMENT_3D ( 'NONE', #2878, #2414, #2389 ) ;
#1844 = CIRCLE ( 'NONE', #1212, 0.5999992689939883661 ) ;
#1845 = CARTESIAN_POINT ( 'NONE',  ( -1.525263157894736654, -1.549999999999999378, -0.1000000000000000056 ) ) ;
#1846 = DIRECTION ( 'NONE',  ( -0.000000000000000000, -0.000000000000000000, -1.000000000000000000 ) ) ;
#1847 = DIRECTION ( 'NONE',  ( 1.000000000000000000, 0.000000000000000000, 0.000000000000000000 ) ) ;
#1848 = CARTESIAN_POINT ( 'NONE',  ( -0.1000000000000000056, -0.2057096998324157155, -0.5636320949400691616 ) ) ;
#1849 = AXIS2_PLACEMENT_3D ( 'NONE', #1904, #1659, #83 ) ;
#1850 = VECTOR ( 'NONE', #2478, 39.37007874015748143 ) ;
#1851 = EDGE_LOOP ( 'NONE', ( #1339, #2815 ) ) ;
#1852 = DIRECTION ( 'NONE',  ( 0.000000000000000000, 0.000000000000000000, 1.000000000000000000 ) ) ;
#1853 = ORIENTED_EDGE ( 'NONE', *, *, #1026, .T. ) ;
#1854 = CARTESIAN_POINT ( 'NONE',  ( 1.485263157894736619, -1.549999999999999822, -0.1000000000000000056 ) ) ;
#1855 = CARTESIAN_POINT ( 'NONE',  ( 0.1000000000000000056, 3.654976622648373073E-06, 0.000000000000000000 ) ) ;
#1856 = CARTESIAN_POINT ( 'NONE',  ( 0.1000000000000000194, 2.395673076923077183, -0.1000000000000000056 ) ) ;
#1857 = CARTESIAN_POINT ( 'NONE',  ( -2.999999999999999556, 0.000000000000000000, 0.5999999999999999778 ) ) ;
#1858 = CARTESIAN_POINT ( 'NONE',  ( 0.1000000000000000056, 3.654976622648373073E-06, -0.5999992689939883661 ) ) ;
#1859 = ORIENTED_EDGE ( 'NONE', *, *, #575, .T. ) ;
#1860 = EDGE_CURVE ( 'NONE', #968, #1211, #2827, .T. ) ;
#1861 = CARTESIAN_POINT ( 'NONE',  ( -0.9850747299659992073, 0.4999848162573970467, -0.03385122742321156064 ) ) ;
#1862 = CARTESIAN_POINT ( 'NONE',  ( -2.599999999999999645, -1.549999999999999378, -0.1000000000000000056 ) ) ;
#1863 = CIRCLE ( 'NONE', #1813, 0.3750000000000002220 ) ;
#1864 = EDGE_LOOP ( 'NONE', ( #2459, #1878 ) ) ;
#1865 = LINE ( 'NONE', #977, #1938 ) ;
#1866 = EDGE_CURVE ( 'NONE', #772, #1646, #1356, .T. ) ;
#1867 = EDGE_LOOP ( 'NONE', ( #963, #679 ) ) ;
#1868 = CARTESIAN_POINT ( 'NONE',  ( 0.9578947368421051323, -1.549999999999999600, 0.1000000000000000056 ) ) ;
#1869 = LINE ( 'NONE', #308, #1221 ) ;
#1870 = ORIENTED_EDGE ( 'NONE', *, *, #9, .T. ) ;
#1871 = DIRECTION ( 'NONE',  ( 1.000000000000000000, 0.000000000000000000, 0.000000000000000000 ) ) ;
#1872 = PRESENTATION_STYLE_ASSIGNMENT (( #496 ) ) ;
#1873 = EDGE_LOOP ( 'NONE', ( #372, #1471 ) ) ;
#1874 = EDGE_CURVE ( 'NONE', #1958, #1898, #1724, .T. ) ;
#1875 = AXIS2_PLACEMENT_3D ( 'NONE', #2732, #2540, #499 ) ;
#1876 = CARTESIAN_POINT ( 'NONE',  ( 2.032631578947368123, -1.549999999999999822, 0.1000000000000000056 ) ) ;
#1877 = CARTESIAN_POINT ( 'NONE',  ( -2.052631578947368141, -1.549999999999999378, -0.1000000000000000056 ) ) ;
#1878 = ORIENTED_EDGE ( 'NONE', *, *, #830, .F. ) ;
#1879 = VECTOR ( 'NONE', #1114, 39.37007874015748143 ) ;
#1880 = DIRECTION ( 'NONE',  ( 0.000000000000000000, 0.000000000000000000, 1.000000000000000000 ) ) ;
#1881 = EDGE_LOOP ( 'NONE', ( #2503, #477, #2178, #117 ) ) ;
#1882 = VECTOR ( 'NONE', #2410, 39.37007874015748143 ) ;
#1883 = CARTESIAN_POINT ( 'NONE',  ( -2.346315789473683910, -1.549999999999999378, 0.1000000000000000056 ) ) ;
#1884 = CARTESIAN_POINT ( 'NONE',  ( -2.999999999999999556, 6.123233995736766036E-17, 0.5000000000000000000 ) ) ;
#1885 = ORIENTED_EDGE ( 'NONE', *, *, #1175, .F. ) ;
#1886 = ORIENTED_EDGE ( 'NONE', *, *, #710, .F. ) ;
#1887 = EDGE_CURVE ( 'NONE', #323, #2656, #2306, .T. ) ;
#1888 = CYLINDRICAL_SURFACE ( 'NONE', #967, 0.3750000000000002220 ) ;
#1889 = CARTESIAN_POINT ( 'NONE',  ( -2.799999999999999822, 0.000000000000000000, -0.5999999999999999778 ) ) ;
#1890 = ORIENTED_EDGE ( 'NONE', *, *, #9, .F. ) ;
#1891 = AXIS2_PLACEMENT_3D ( 'NONE', #2436, #2900, #855 ) ;
#1892 = DIRECTION ( 'NONE',  ( 0.000000000000000000, 0.000000000000000000, 1.000000000000000000 ) ) ;
#1893 = DIRECTION ( 'NONE',  ( 0.000000000000000000, -0.9459459459459458319, -0.3243243243243243423 ) ) ;
#1894 = ORIENTED_EDGE ( 'NONE', *, *, #1041, .F. ) ;
#1895 = DIRECTION ( 'NONE',  ( 0.000000000000000000, -1.000000000000000000, 0.000000000000000000 ) ) ;
#1896 = ADVANCED_FACE ( 'NONE', ( #1133 ), #914, .F. ) ;
#1897 = AXIS2_PLACEMENT_3D ( 'NONE', #2839, #1686, #1024 ) ;
#1898 = VERTEX_POINT ( 'NONE', #1423 ) ;
#1899 = AXIS2_PLACEMENT_3D ( 'NONE', #1824, #718, #21 ) ;
#1900 = CARTESIAN_POINT ( 'NONE',  ( 0.000000000000000000, 2.999999999999999556, 0.1000000000000000194 ) ) ;
#1901 = ORIENTED_EDGE ( 'NONE', *, *, #1242, .F. ) ;
#1902 = ORIENTED_EDGE ( 'NONE', *, *, #2217, .T. ) ;
#1903 = CARTESIAN_POINT ( 'NONE',  ( 2.999999999999999556, 0.000000000000000000, 0.5999999999999999778 ) ) ;
#1904 = CARTESIAN_POINT ( 'NONE',  ( 1.505263157894736636, -1.549999999999999822, 0.1000000000000000056 ) ) ;
#1905 = EDGE_LOOP ( 'NONE', ( #1610, #751 ) ) ;
#1906 = DIRECTION ( 'NONE',  ( 1.000000000000000000, 0.000000000000000000, 0.000000000000000000 ) ) ;
#1907 = LINE ( 'NONE', #2798, #99 ) ;
#1908 = VERTEX_POINT ( 'NONE', #2335 ) ;
#1909 = EDGE_CURVE ( 'NONE', #2897, #1245, #198, .T. ) ;
#1910 = CARTESIAN_POINT ( 'NONE',  ( -0.9578947368421051323, -1.549999999999999378, -0.1000000000000000056 ) ) ;
#1911 = VERTEX_POINT ( 'NONE', #2056 ) ;
#1912 = VECTOR ( 'NONE', #469, 39.37007874015748143 ) ;
#1913 = ADVANCED_FACE ( 'NONE', ( #1607, #43 ), #726, .F. ) ;
#1914 = LINE ( 'NONE', #507, #1750 ) ;
#1915 = DIRECTION ( 'NONE',  ( 0.000000000000000000, 0.000000000000000000, 1.000000000000000000 ) ) ;
#1916 = ORIENTED_EDGE ( 'NONE', *, *, #1078, .T. ) ;
#1917 = DIRECTION ( 'NONE',  ( 0.000000000000000000, 0.000000000000000000, -1.000000000000000000 ) ) ;
#1918 = DIRECTION ( 'NONE',  ( 1.000000000000000000, 0.000000000000000000, 0.000000000000000000 ) ) ;
#1919 = ORIENTED_EDGE ( 'NONE', *, *, #369, .T. ) ;
#1920 = DIRECTION ( 'NONE',  ( 0.000000000000000000, 0.000000000000000000, 1.000000000000000000 ) ) ;
#1921 = EDGE_CURVE ( 'NONE', #1403, #172, #822, .T. ) ;
#1922 = CARTESIAN_POINT ( 'NONE',  ( 1.798947368421052406, -1.549999999999999822, -0.1000000000000000056 ) ) ;
#1923 = VECTOR ( 'NONE', #2948, 39.37007874015748143 ) ;
#1924 = EDGE_LOOP ( 'NONE', ( #113, #2108, #1420, #78, #938, #1870, #460, #49 ) ) ;
#1925 = AXIS2_PLACEMENT_3D ( 'NONE', #2352, #87, #811 ) ;
#1926 = EDGE_CURVE ( 'NONE', #1092, #1643, #1535, .T. ) ;
#1927 = ORIENTED_EDGE ( 'NONE', *, *, #179, .F. ) ;
#1928 = CIRCLE ( 'NONE', #2894, 0.02000000000000005940 ) ;
#1929 = CARTESIAN_POINT ( 'NONE',  ( -0.1168421052631578166, -1.549999999999999600, -0.1000000000000000056 ) ) ;
#1930 = CARTESIAN_POINT ( 'NONE',  ( 2.620000000000000107, -1.549999999999999822, 0.1000000000000000056 ) ) ;
#1931 = VECTOR ( 'NONE', #1510, 39.37007874015748143 ) ;
#1932 = ORIENTED_EDGE ( 'NONE', *, *, #147, .T. ) ;
#1933 = EDGE_CURVE ( 'NONE', #2079, #292, #584, .T. ) ;
#1934 = DIRECTION ( 'NONE',  ( -1.000000000000000000, -0.000000000000000000, -0.000000000000000000 ) ) ;
#1935 = LINE ( 'NONE', #768, #2799 ) ;
#1936 = ORIENTED_EDGE ( 'NONE', *, *, #988, .F. ) ;
#1937 = ADVANCED_FACE ( 'NONE', ( #2115 ), #2513, .T. ) ;
#1938 = VECTOR ( 'NONE', #1409, 39.37007874015748143 ) ;
#1939 = FACE_OUTER_BOUND ( 'NONE', #1881, .T. ) ;
#1940 = DIRECTION ( 'NONE',  ( 0.000000000000000000, -0.3428560090647373437, -0.9393879693972032596 ) ) ;
#1941 = AXIS2_PLACEMENT_3D ( 'NONE', #473, #1375, #2295 ) ;
#1942 = ORIENTED_EDGE ( 'NONE', *, *, #2757, .T. ) ;
#1943 = PLANE ( 'NONE',  #1676 ) ;
#1944 = ORIENTED_EDGE ( 'NONE', *, *, #2168, .T. ) ;
#1945 = CYLINDRICAL_SURFACE ( 'NONE', #548, 0.02000000000000005940 ) ;
#1946 = ORIENTED_EDGE ( 'NONE', *, *, #2402, .F. ) ;
#1947 = AXIS2_PLACEMENT_3D ( 'NONE', #2518, #1585, #1379 ) ;
#1948 = CIRCLE ( 'NONE', #1700, 0.5000000000000000000 ) ;
#1949 = DIRECTION ( 'NONE',  ( 1.000000000000000000, 0.000000000000000000, 0.000000000000000000 ) ) ;
#1950 = LINE ( 'NONE', #2126, #459 ) ;
#1951 = ADVANCED_FACE ( 'NONE', ( #116 ), #771, .F. ) ;
#1952 = ORIENTED_EDGE ( 'NONE', *, *, #211, .F. ) ;
#1953 = CARTESIAN_POINT ( 'NONE',  ( 1.525263157894736654, -1.549999999999999822, -0.1000000000000000056 ) ) ;
#1954 = CARTESIAN_POINT ( 'NONE',  ( -0.1000000000000000056, 0.1200035087732829742, 0.5878768220317082127 ) ) ;
#1955 = ADVANCED_FACE ( 'NONE', ( #2188 ), #2829, .F. ) ;
#1956 = EDGE_LOOP ( 'NONE', ( #2563, #1987, #2012, #165 ) ) ;
#1957 = DIRECTION ( 'NONE',  ( 0.000000000000000000, 0.000000000000000000, 1.000000000000000000 ) ) ;
#1958 = VERTEX_POINT ( 'NONE', #1675 ) ;
#1959 = DIRECTION ( 'NONE',  ( 1.000000000000000000, 0.000000000000000000, 0.000000000000000000 ) ) ;
#1960 = DIRECTION ( 'NONE',  ( 1.000000000000000000, 0.000000000000000000, 0.000000000000000000 ) ) ;
#1961 = ORIENTED_EDGE ( 'NONE', *, *, #1985, .T. ) ;
#1962 = CIRCLE ( 'NONE', #2196, 0.3750000000000002220 ) ;
#1963 = FACE_BOUND ( 'NONE', #1528, .T. ) ;
#1964 = DIRECTION ( 'NONE',  ( 1.000000000000000000, 0.000000000000000000, 0.000000000000000000 ) ) ;
#1965 = EDGE_LOOP ( 'NONE', ( #1746, #2625, #2722, #2473, #2309, #352, #2117, #2944, #1936, #2810, #1435, #2562 ) ) ;
#1966 = CYLINDRICAL_SURFACE ( 'NONE', #104, 0.5000000000000000000 ) ;
#1967 = CARTESIAN_POINT ( 'NONE',  ( -2.799999999999999822, 0.000000000000000000, 0.000000000000000000 ) ) ;
#1968 = VERTEX_POINT ( 'NONE', #1922 ) ;
#1969 = DIRECTION ( 'NONE',  ( 0.000000000000000000, 1.000000000000000000, 0.000000000000000000 ) ) ;
#1970 = FACE_BOUND ( 'NONE', #743, .T. ) ;
#1971 = VECTOR ( 'NONE', #2517, 39.37007874015748143 ) ;
#1972 = VERTEX_POINT ( 'NONE', #543 ) ;
#1973 = CARTESIAN_POINT ( 'NONE',  ( 0.9378947368421050035, -1.549999999999999600, -0.1000000000000000056 ) ) ;
#1974 = VERTEX_POINT ( 'NONE', #2623 ) ;
#1975 = DIRECTION ( 'NONE',  ( 1.000000000000000000, 0.000000000000000000, 0.000000000000000000 ) ) ;
#1976 = CARTESIAN_POINT ( 'NONE',  ( -2.999999999999999556, 0.000000000000000000, 0.5999999999999999778 ) ) ;
#1977 = AXIS2_PLACEMENT_3D ( 'NONE', #1519, #819, #1949 ) ;
#1978 = EDGE_LOOP ( 'NONE', ( #501, #695, #750, #363 ) ) ;
#1979 = DIRECTION ( 'NONE',  ( 1.000000000000000000, -0.000000000000000000, -0.000000000000000000 ) ) ;
#1980 = CARTESIAN_POINT ( 'NONE',  ( -0.9932793501781063128, 0.4898979485566356540, 0.1000000000000000056 ) ) ;
#1981 = CYLINDRICAL_SURFACE ( 'NONE', #2143, 0.02000000000000033348 ) ;
#1982 = LINE ( 'NONE', #2688, #630 ) ;
#1983 = VECTOR ( 'NONE', #2394, 39.37007874015748143 ) ;
#1984 = ORIENTED_EDGE ( 'NONE', *, *, #1666, .F. ) ;
#1985 = EDGE_CURVE ( 'NONE', #309, #2571, #1004, .T. ) ;
#1986 = CARTESIAN_POINT ( 'NONE',  ( -2.999999999999999556, 0.000000000000000000, -0.5000000000000000000 ) ) ;
#1987 = ORIENTED_EDGE ( 'NONE', *, *, #939, .F. ) ;
#1988 = EDGE_CURVE ( 'NONE', #2451, #1660, #1907, .T. ) ;
#1989 = DIRECTION ( 'NONE',  ( 0.000000000000000000, 0.000000000000000000, 1.000000000000000000 ) ) ;
#1990 = AXIS2_PLACEMENT_3D ( 'NONE', #2360, #1205, #754 ) ;
#1991 = LINE ( 'NONE', #1778, #2845 ) ;
#1992 = EDGE_LOOP ( 'NONE', ( #2793, #150, #2548, #2073 ) ) ;
#1993 = CIRCLE ( 'NONE', #560, 0.02000000000000005940 ) ;
#1994 = LINE ( 'NONE', #1051, #1250 ) ;
#1995 = DIRECTION ( 'NONE',  ( 1.000000000000000000, 0.000000000000000000, 0.000000000000000000 ) ) ;
#1996 = ORIENTED_EDGE ( 'NONE', *, *, #1294, .F. ) ;
#1997 = PLANE ( 'NONE',  #1256 ) ;
#1998 = DIRECTION ( 'NONE',  ( 1.000000000000000000, 0.000000000000000000, 0.000000000000000000 ) ) ;
#1999 = EDGE_LOOP ( 'NONE', ( #124, #1134, #1493, #44 ) ) ;
#2000 = ADVANCED_FACE ( 'NONE', ( #1718 ), #587, .F. ) ;
#2001 = CARTESIAN_POINT ( 'NONE',  ( 0.1000000000000000056, 0.1200035087732829742, 0.5878768220317082127 ) ) ;
#2002 = ORIENTED_EDGE ( 'NONE', *, *, #448, .T. ) ;
#2003 = ADVANCED_FACE ( 'NONE', ( #530 ), #2568, .T. ) ;
#2004 = FACE_BOUND ( 'NONE', #1867, .T. ) ;
#2005 = DIRECTION ( 'NONE',  ( 0.000000000000000000, -0.9459459459459458319, -0.3243243243243243423 ) ) ;
#2006 = ORIENTED_EDGE ( 'NONE', *, *, #1165, .F. ) ;
#2007 = CARTESIAN_POINT ( 'NONE',  ( 2.052631578947368141, -1.549999999999999822, -0.1000000000000000056 ) ) ;
#2008 = DIRECTION ( 'NONE',  ( 1.000000000000000000, 0.000000000000000000, 0.000000000000000000 ) ) ;
#2009 = FACE_OUTER_BOUND ( 'NONE', #589, .T. ) ;
#2010 = DIRECTION ( 'NONE',  ( 0.000000000000000000, 0.000000000000000000, 1.000000000000000000 ) ) ;
#2011 = CARTESIAN_POINT ( 'NONE',  ( 2.799999999999999822, -1.458333333333333703, -0.09999999999999992228 ) ) ;
#2012 = ORIENTED_EDGE ( 'NONE', *, *, #2524, .F. ) ;
#2013 = CIRCLE ( 'NONE', #2773, 0.5999999999999999778 ) ;
#2014 = CARTESIAN_POINT ( 'NONE',  ( 0.1000000000000000194, -0.4898979485566355985, 0.09999999999999999167 ) ) ;
#2015 = ORIENTED_EDGE ( 'NONE', *, *, #522, .F. ) ;
#2016 = AXIS2_PLACEMENT_3D ( 'NONE', #2411, #72, #785 ) ;
#2017 = LINE ( 'NONE', #2741, #435 ) ;
#2018 = DIRECTION ( 'NONE',  ( 0.000000000000000000, 0.000000000000000000, 1.000000000000000000 ) ) ;
#2019 = EDGE_LOOP ( 'NONE', ( #2711, #2696 ) ) ;
#2020 = ADVANCED_FACE ( 'NONE', ( #1496 ), #2366, .F. ) ;
#2021 = DIRECTION ( 'NONE',  ( 0.000000000000000000, 0.000000000000000000, -1.000000000000000000 ) ) ;
#2022 = AXIS2_PLACEMENT_3D ( 'NONE', #2549, #510, #1917 ) ;
#2023 = CARTESIAN_POINT ( 'NONE',  ( -0.4105263157894736281, -1.549999999999999600, -0.1000000000000000056 ) ) ;
#2024 = EDGE_CURVE ( 'NONE', #2555, #40, #1015, .T. ) ;
#2025 = AXIS2_PLACEMENT_3D ( 'NONE', #2214, #2245, #1085 ) ;
#2026 = CARTESIAN_POINT ( 'NONE',  ( -2.599999999999999645, -1.549999999999999378, -0.1000000000000000056 ) ) ;
#2027 = CARTESIAN_POINT ( 'NONE',  ( -2.999999999999999556, 0.4898979485566355985, 0.1000000000000000056 ) ) ;
#2028 = EDGE_LOOP ( 'NONE', ( #2487, #1894, #4, #2796 ) ) ;
#2029 = CARTESIAN_POINT ( 'NONE',  ( -0.6842105263157893802, -1.549999999999999600, -0.1000000000000000056 ) ) ;
#2030 = ORIENTED_EDGE ( 'NONE', *, *, #1721, .T. ) ;
#2031 = AXIS2_PLACEMENT_3D ( 'NONE', #180, #1767, #1470 ) ;
#2032 = DIRECTION ( 'NONE',  ( 0.000000000000000000, 1.000000000000000000, 0.000000000000000000 ) ) ;
#2033 = CARTESIAN_POINT ( 'NONE',  ( 0.000000000000000000, -1.476010936206216373, 0.1000000000000000056 ) ) ;
#2034 = ORIENTED_EDGE ( 'NONE', *, *, #1708, .T. ) ;
#2035 = CARTESIAN_POINT ( 'NONE',  ( 1.231578947368420884, -1.549999999999999600, -0.1000000000000000056 ) ) ;
#2036 = ADVANCED_FACE ( 'NONE', ( #990 ), #974, .F. ) ;
#2037 = CARTESIAN_POINT ( 'NONE',  ( 1.231578947368420884, -1.549999999999999600, 0.1000000000000000056 ) ) ;
#2038 = CARTESIAN_POINT ( 'NONE',  ( -1.505263157894736636, -1.549999999999999378, -0.1000000000000000056 ) ) ;
#2039 = CIRCLE ( 'NONE', #2890, 0.02000000000000005940 ) ;
#2040 = EDGE_LOOP ( 'NONE', ( #975, #183, #1707, #2876, #2574, #1885 ) ) ;
#2041 = CIRCLE ( 'NONE', #1561, 0.04000000000000011879 ) ;
#2042 = EDGE_CURVE ( 'NONE', #909, #2555, #1311, .T. ) ;
#2043 = CARTESIAN_POINT ( 'NONE',  ( -0.9905700867374170882, 0.4932141061018759931, 0.08375421221496107127 ) ) ;
#2044 = CARTESIAN_POINT ( 'NONE',  ( 0.000000000000000000, -1.458333333333333037, 0.1000000000000000056 ) ) ;
#2045 = EDGE_LOOP ( 'NONE', ( #665, #2071, #1796, #1542, #1313, #1320, #532, #516, #1772 ) ) ;
#2046 = CARTESIAN_POINT ( 'NONE',  ( 0.3750000000000002220, 2.999999999999999556, -0.3749999999999999445 ) ) ;
#2047 = ORIENTED_EDGE ( 'NONE', *, *, #1151, .T. ) ;
#2048 = ADVANCED_FACE ( 'NONE', ( #758 ), #2130, .T. ) ;
#2049 = CYLINDRICAL_SURFACE ( 'NONE', #2958, 3.012206007469432567 ) ;
#2050 = LINE ( 'NONE', #2033, #1850 ) ;
#2051 = ORIENTED_EDGE ( 'NONE', *, *, #1771, .T. ) ;
#2052 = DIRECTION ( 'NONE',  ( 0.000000000000000000, 0.000000000000000000, 1.000000000000000000 ) ) ;
#2053 = DIRECTION ( 'NONE',  ( 0.000000000000000000, 0.000000000000000000, -1.000000000000000000 ) ) ;
#2054 = ORIENTED_EDGE ( 'NONE', *, *, #920, .F. ) ;
#2055 = LINE ( 'NONE', #2731, #1576 ) ;
#2056 = CARTESIAN_POINT ( 'NONE',  ( -2.072631578947368158, -1.549999999999999378, -0.1000000000000000056 ) ) ;
#2057 = EDGE_CURVE ( 'NONE', #306, #1649, #2468, .T. ) ;
#2058 = EDGE_LOOP ( 'NONE', ( #2446, #50, #2618, #688 ) ) ;
#2059 = DIRECTION ( 'NONE',  ( 1.000000000000000000, 0.000000000000000000, 0.000000000000000000 ) ) ;
#2060 = ORIENTED_EDGE ( 'NONE', *, *, #1985, .F. ) ;
#2061 = LINE ( 'NONE', #907, #1827 ) ;
#2062 = CARTESIAN_POINT ( 'NONE',  ( 0.1568421052631579216, -1.549999999999999600, 0.1000000000000000056 ) ) ;
#2063 = ORIENTED_EDGE ( 'NONE', *, *, #274, .T. ) ;
#2064 = AXIS2_PLACEMENT_3D ( 'NONE', #1789, #1564, #1998 ) ;
#2065 = DIRECTION ( 'NONE',  ( 0.000000000000000000, 0.000000000000000000, 1.000000000000000000 ) ) ;
#2066 = LINE ( 'NONE', #952, #360 ) ;
#2067 = ADVANCED_FACE ( 'NONE', ( #1223 ), #2812, .F. ) ;
#2068 = CIRCLE ( 'NONE', #2728, 0.5999999999999999778 ) ;
#2069 = DIRECTION ( 'NONE',  ( 1.000000000000000000, 0.000000000000000000, 0.000000000000000000 ) ) ;
#2070 = CARTESIAN_POINT ( 'NONE',  ( -2.999999999999999556, 0.4898979485566355985, 0.1000000000000000056 ) ) ;
#2071 = ORIENTED_EDGE ( 'NONE', *, *, #654, .F. ) ;
#2072 = CARTESIAN_POINT ( 'NONE',  ( -2.799999999999999822, -0.4898979485566355985, -0.09999999999999999167 ) ) ;
#2073 = ORIENTED_EDGE ( 'NONE', *, *, #418, .T. ) ;
#2074 = CIRCLE ( 'NONE', #398, 0.5000000000000000000 ) ;
#2075 = EDGE_CURVE ( 'NONE', #1711, #909, #101, .T. ) ;
#2076 = LINE ( 'NONE', #663, #2112 ) ;
#2077 = CARTESIAN_POINT ( 'NONE',  ( 2.799999999999999822, -0.4898979485566355985, -0.1000000000000000056 ) ) ;
#2078 = AXIS2_PLACEMENT_3D ( 'NONE', #2026, #2190, #2639 ) ;
#2079 = VERTEX_POINT ( 'NONE', #417 ) ;
#2080 = DIRECTION ( 'NONE',  ( 0.000000000000000000, 0.000000000000000000, 1.000000000000000000 ) ) ;
#2081 = CYLINDRICAL_SURFACE ( 'NONE', #2369, 3.012206007469433011 ) ;
#2082 = ORIENTED_EDGE ( 'NONE', *, *, #1677, .F. ) ;
#2083 = CARTESIAN_POINT ( 'NONE',  ( 0.000000000000000000, 2.999999999999999556, 0.3749999999999999445 ) ) ;
#2084 = EDGE_CURVE ( 'NONE', #1403, #2401, #2422, .T. ) ;
#2085 = FACE_OUTER_BOUND ( 'NONE', #1206, .T. ) ;
#2086 = VECTOR ( 'NONE', #1274, 39.37007874015748143 ) ;
#2087 = ORIENTED_EDGE ( 'NONE', *, *, #2592, .T. ) ;
#2088 = CIRCLE ( 'NONE', #318, 0.5000000000000000000 ) ;
#2089 = CARTESIAN_POINT ( 'NONE',  ( -0.04000000000000011879, 2.999999999999999556, -0.3749999999999999445 ) ) ;
#2090 = ORIENTED_EDGE ( 'NONE', *, *, #953, .F. ) ;
#2091 = ADVANCED_FACE ( 'NONE', ( #649 ), #824, .F. ) ;
#2092 = CARTESIAN_POINT ( 'NONE',  ( -0.6842105263157893802, -1.549999999999999600, 0.1000000000000000056 ) ) ;
#2093 = DIRECTION ( 'NONE',  ( 0.000000000000000000, 0.000000000000000000, 1.000000000000000000 ) ) ;
#2094 = VERTEX_POINT ( 'NONE', #1749 ) ;
#2095 = EDGE_CURVE ( 'NONE', #69, #344, #2088, .T. ) ;
#2096 = DIRECTION ( 'NONE',  ( 1.000000000000000000, 0.000000000000000000, 0.000000000000000000 ) ) ;
#2097 = DIRECTION ( 'NONE',  ( 1.000000000000000000, 0.000000000000000000, -0.000000000000000000 ) ) ;
#2098 = EDGE_LOOP ( 'NONE', ( #686, #1234, #1189, #250 ) ) ;
#2099 = DIRECTION ( 'NONE',  ( -1.000000000000000000, -0.000000000000000000, -0.000000000000000000 ) ) ;
#2100 = DIRECTION ( 'NONE',  ( 1.000000000000000000, 0.000000000000000000, 0.000000000000000000 ) ) ;
#2101 = CIRCLE ( 'NONE', #2659, 0.02000000000000005940 ) ;
#2102 = VERTEX_POINT ( 'NONE', #1733 ) ;
#2103 = CARTESIAN_POINT ( 'NONE',  ( 0.1000000000000000194, 0.000000000000000000, 0.000000000000000000 ) ) ;
#2104 = VERTEX_POINT ( 'NONE', #1307 ) ;
#2105 = CARTESIAN_POINT ( 'NONE',  ( 0.1000000000000000056, 3.654976622648373073E-06, 0.000000000000000000 ) ) ;
#2106 = CYLINDRICAL_SURFACE ( 'NONE', #1512, 0.02000000000000033348 ) ;
#2107 = ORIENTED_EDGE ( 'NONE', *, *, #723, .T. ) ;
#2108 = ORIENTED_EDGE ( 'NONE', *, *, #2818, .T. ) ;
#2109 = CARTESIAN_POINT ( 'NONE',  ( -2.620000000000000107, -1.549999999999999378, -0.1000000000000000056 ) ) ;
#2110 = CARTESIAN_POINT ( 'NONE',  ( 0.4105263157894736281, -1.549999999999999600, -0.1000000000000000056 ) ) ;
#2111 = ORIENTED_EDGE ( 'NONE', *, *, #208, .F. ) ;
#2112 = VECTOR ( 'NONE', #1332, 39.37007874015748143 ) ;
#2113 = AXIS2_PLACEMENT_3D ( 'NONE', #1877, #1372, #2100 ) ;
#2114 = DIRECTION ( 'NONE',  ( 1.000000000000000000, 0.000000000000000000, 0.000000000000000000 ) ) ;
#2115 = FACE_OUTER_BOUND ( 'NONE', #2028, .T. ) ;
#2116 = EDGE_CURVE ( 'NONE', #1216, #772, #936, .T. ) ;
#2117 = ORIENTED_EDGE ( 'NONE', *, *, #674, .F. ) ;
#2118 = CIRCLE ( 'NONE', #1977, 0.02000000000000005940 ) ;
#2119 = CARTESIAN_POINT ( 'NONE',  ( -1.231578947368420884, -1.549999999999999378, -0.1000000000000000056 ) ) ;
#2120 = ORIENTED_EDGE ( 'NONE', *, *, #1785, .T. ) ;
#2121 = FACE_BOUND ( 'NONE', #128, .T. ) ;
#2122 = DIRECTION ( 'NONE',  ( 0.000000000000000000, 0.000000000000000000, 1.000000000000000000 ) ) ;
#2123 = ORIENTED_EDGE ( 'NONE', *, *, #321, .T. ) ;
#2124 = ORIENTED_EDGE ( 'NONE', *, *, #724, .F. ) ;
#2125 = CARTESIAN_POINT ( 'NONE',  ( 0.000000000000000000, -1.476010936206216373, -0.1000000000000000056 ) ) ;
#2126 = CARTESIAN_POINT ( 'NONE',  ( -0.1000000000000000056, 0.1200035087732820027, -0.5878768220317082127 ) ) ;
#2127 = VERTEX_POINT ( 'NONE', #1278 ) ;
#2128 = EDGE_CURVE ( 'NONE', #2708, #484, #1993, .T. ) ;
#2129 = FACE_OUTER_BOUND ( 'NONE', #2826, .T. ) ;
#2130 = PLANE ( 'NONE',  #843 ) ;
#2131 = ORIENTED_EDGE ( 'NONE', *, *, #1057, .T. ) ;
#2132 = ADVANCED_FACE ( 'NONE', ( #2638 ), #1766, .F. ) ;
#2133 = CIRCLE ( 'NONE', #2746, 0.5000000000000000000 ) ;
#2134 = AXIS2_PLACEMENT_3D ( 'NONE', #632, #1541, #1573 ) ;
#2135 = ORIENTED_EDGE ( 'NONE', *, *, #778, .T. ) ;
#2136 = DIRECTION ( 'NONE',  ( 1.000000000000000000, 0.000000000000000000, 0.000000000000000000 ) ) ;
#2137 = CARTESIAN_POINT ( 'NONE',  ( -0.1000000000000000056, 3.654976622648373073E-06, -0.5999992689939883661 ) ) ;
#2138 = VERTEX_POINT ( 'NONE', #2870 ) ;
#2139 = ADVANCED_FACE ( 'NONE', ( #130 ), #144, .F. ) ;
#2140 = LINE ( 'NONE', #525, #2212 ) ;
#2141 = DIRECTION ( 'NONE',  ( 1.000000000000000000, 0.000000000000000000, 0.000000000000000000 ) ) ;
#2142 = EDGE_LOOP ( 'NONE', ( #415, #1916, #576, #27 ) ) ;
#2143 = AXIS2_PLACEMENT_3D ( 'NONE', #1800, #2702, #636 ) ;
#2144 = CARTESIAN_POINT ( 'NONE',  ( 0.1000000000000000056, -1.476010936206216373, -0.09999999999999999167 ) ) ;
#2145 = CARTESIAN_POINT ( 'NONE',  ( 2.999999999999999556, -1.750000000000000000, 0.000000000000000000 ) ) ;
#2146 = EDGE_CURVE ( 'NONE', #547, #731, #2231, .T. ) ;
#2147 = DIRECTION ( 'NONE',  ( 1.000000000000000000, 0.000000000000000000, 0.000000000000000000 ) ) ;
#2148 = VERTEX_POINT ( 'NONE', #1052 ) ;
#2149 = DIRECTION ( 'NONE',  ( 1.000000000000000000, 0.000000000000000000, 0.000000000000000000 ) ) ;
#2150 = ADVANCED_FACE ( 'NONE', ( #1067 ), #2683, .T. ) ;
#2151 = DIRECTION ( 'NONE',  ( 1.000000000000000000, 0.000000000000000000, 0.000000000000000000 ) ) ;
#2152 = ORIENTED_EDGE ( 'NONE', *, *, #2674, .T. ) ;
#2153 = DIRECTION ( 'NONE',  ( 1.000000000000000000, 0.000000000000000000, 0.000000000000000000 ) ) ;
#2154 = DIRECTION ( 'NONE',  ( 1.000000000000000000, 0.000000000000000000, 0.000000000000000000 ) ) ;
#2155 = VERTEX_POINT ( 'NONE', #2470 ) ;
#2156 = DIRECTION ( 'NONE',  ( 0.000000000000000000, 0.000000000000000000, 1.000000000000000000 ) ) ;
#2157 = DIRECTION ( 'NONE',  ( 1.000000000000000000, 0.000000000000000000, 0.000000000000000000 ) ) ;
#2158 = VECTOR ( 'NONE', #2205, 39.37007874015748143 ) ;
#2159 = AXIS2_PLACEMENT_3D ( 'NONE', #1355, #1647, #437 ) ;
#2160 = EDGE_CURVE ( 'NONE', #1566, #1972, #1460, .T. ) ;
#2161 = ORIENTED_EDGE ( 'NONE', *, *, #674, .T. ) ;
#2162 = AXIS2_PLACEMENT_3D ( 'NONE', #1954, #2582, #1450 ) ;
#2163 = ORIENTED_EDGE ( 'NONE', *, *, #2383, .T. ) ;
#2164 = DIRECTION ( 'NONE',  ( 0.000000000000000000, 0.000000000000000000, 1.000000000000000000 ) ) ;
#2165 = DIRECTION ( 'NONE',  ( 1.000000000000000000, 0.000000000000000000, 0.000000000000000000 ) ) ;
#2166 = VECTOR ( 'NONE', #570, 39.37007874015748143 ) ;
#2167 = ORIENTED_EDGE ( 'NONE', *, *, #383, .T. ) ;
#2168 = EDGE_CURVE ( 'NONE', #1640, #69, #1948, .T. ) ;
#2169 = FACE_BOUND ( 'NONE', #391, .T. ) ;
#2170 = FACE_OUTER_BOUND ( 'NONE', #463, .T. ) ;
#2171 = ORIENTED_EDGE ( 'NONE', *, *, #2692, .F. ) ;
#2172 = LINE ( 'NONE', #1705, #2166 ) ;
#2173 = CARTESIAN_POINT ( 'NONE',  ( -1.231578947368420884, -1.549999999999999378, -0.1000000000000000056 ) ) ;
#2174 = CIRCLE ( 'NONE', #882, 0.02000000000000005940 ) ;
#2175 = VERTEX_POINT ( 'NONE', #371 ) ;
#2176 = ADVANCED_FACE ( 'NONE', ( #1101 ), #160, .T. ) ;
#2177 = CARTESIAN_POINT ( 'NONE',  ( -0.1000000000000000194, -0.4898979485566355985, -0.1000000000000000056 ) ) ;
#2178 = ORIENTED_EDGE ( 'NONE', *, *, #1613, .T. ) ;
#2179 = AXIS2_PLACEMENT_3D ( 'NONE', #2661, #2408, #2243 ) ;
#2180 = DIRECTION ( 'NONE',  ( 0.000000000000000000, 0.000000000000000000, 1.000000000000000000 ) ) ;
#2181 = VERTEX_POINT ( 'NONE', #1980 ) ;
#2182 = AXIS2_PLACEMENT_3D ( 'NONE', #2710, #221, #1125 ) ;
#2183 = DIRECTION ( 'NONE',  ( 0.000000000000000000, 0.000000000000000000, 1.000000000000000000 ) ) ;
#2184 = DIRECTION ( 'NONE',  ( 1.000000000000000000, 0.000000000000000000, 0.000000000000000000 ) ) ;
#2185 = ORIENTED_EDGE ( 'NONE', *, *, #2769, .F. ) ;
#2186 = EDGE_CURVE ( 'NONE', #986, #313, #2601, .T. ) ;
#2187 = DIRECTION ( 'NONE',  ( 0.000000000000000000, 0.000000000000000000, 1.000000000000000000 ) ) ;
#2188 = FACE_OUTER_BOUND ( 'NONE', #2344, .T. ) ;
#2189 = EDGE_LOOP ( 'NONE', ( #139, #661, #492, #2500 ) ) ;
#2190 = DIRECTION ( 'NONE',  ( 0.000000000000000000, 0.000000000000000000, 1.000000000000000000 ) ) ;
#2191 = CARTESIAN_POINT ( 'NONE',  ( 0.04000000000000011879, 2.999999999999999556, -0.1000000000000000194 ) ) ;
#2192 = EDGE_LOOP ( 'NONE', ( #512, #365, #14, #1231 ) ) ;
#2193 = DIRECTION ( 'NONE',  ( 0.000000000000000000, 0.000000000000000000, 1.000000000000000000 ) ) ;
#2194 = ADVANCED_FACE ( 'NONE', ( #433 ), #838, .F. ) ;
#2195 = EDGE_LOOP ( 'NONE', ( #382, #1046 ) ) ;
#2196 = AXIS2_PLACEMENT_3D ( 'NONE', #1821, #1315, #1792 ) ;
#2197 = CARTESIAN_POINT ( 'NONE',  ( -2.579999999999999183, -1.549999999999999378, -0.1000000000000000056 ) ) ;
#2198 = LINE ( 'NONE', #2449, #1265 ) ;
#2199 = ORIENTED_EDGE ( 'NONE', *, *, #1370, .T. ) ;
#2200 = ADVANCED_FACE ( 'NONE', ( #1604 ), #2081, .F. ) ;
#2201 = CARTESIAN_POINT ( 'NONE',  ( -2.799999999999999822, -3.414809992080329023E-17, 3.414809992080329023E-17 ) ) ;
#2202 = DIRECTION ( 'NONE',  ( 0.000000000000000000, 0.000000000000000000, 1.000000000000000000 ) ) ;
#2203 = ADVANCED_FACE ( 'NONE', ( #2763, #1383 ), #2714, .T. ) ;
#2204 = DIRECTION ( 'NONE',  ( 1.000000000000000000, 0.000000000000000000, 0.000000000000000000 ) ) ;
#2205 = DIRECTION ( 'NONE',  ( 0.000000000000000000, 0.000000000000000000, 1.000000000000000000 ) ) ;
#2206 = CIRCLE ( 'NONE', #1047, 0.02000000000000005940 ) ;
#2207 = VERTEX_POINT ( 'NONE', #1858 ) ;
#2208 = DIRECTION ( 'NONE',  ( 0.000000000000000000, 0.000000000000000000, 1.000000000000000000 ) ) ;
#2209 = EDGE_LOOP ( 'NONE', ( #563, #2662, #2621, #2781 ) ) ;
#2210 = FACE_OUTER_BOUND ( 'NONE', #1489, .T. ) ;
#2211 = DIRECTION ( 'NONE',  ( 0.000000000000000000, -1.000000000000000000, 0.000000000000000000 ) ) ;
#2212 = VECTOR ( 'NONE', #1432, 39.37007874015748143 ) ;
#2213 = EDGE_LOOP ( 'NONE', ( #2859, #2047, #897, #2658 ) ) ;
#2214 = CARTESIAN_POINT ( 'NONE',  ( -0.1000000000000000056, 3.654976622648373073E-06, 0.000000000000000000 ) ) ;
#2215 = DIRECTION ( 'NONE',  ( 1.000000000000000000, 0.000000000000000000, 0.000000000000000000 ) ) ;
#2216 = CYLINDRICAL_SURFACE ( 'NONE', #2594, 0.02000000000000005940 ) ;
#2217 = EDGE_CURVE ( 'NONE', #986, #281, #1143, .T. ) ;
#2218 = ORIENTED_EDGE ( 'NONE', *, *, #1080, .F. ) ;
#2219 = DIRECTION ( 'NONE',  ( 0.000000000000000000, 0.000000000000000000, -1.000000000000000000 ) ) ;
#2220 = LINE ( 'NONE', #1312, #95 ) ;
#2221 = EDGE_CURVE ( 'NONE', #1305, #2104, #2039, .T. ) ;
#2222 = ORIENTED_EDGE ( 'NONE', *, *, #2146, .F. ) ;
#2223 = DIRECTION ( 'NONE',  ( 1.000000000000000000, 0.000000000000000000, 0.000000000000000000 ) ) ;
#2224 = VERTEX_POINT ( 'NONE', #2318 ) ;
#2225 = DIRECTION ( 'NONE',  ( 0.000000000000000000, 0.000000000000000000, 1.000000000000000000 ) ) ;
#2226 = CIRCLE ( 'NONE', #1308, 0.02000000000000005940 ) ;
#2227 = CARTESIAN_POINT ( 'NONE',  ( -0.1368421052631578760, -1.549999999999999600, -0.1000000000000000056 ) ) ;
#2228 = ORIENTED_EDGE ( 'NONE', *, *, #2818, .F. ) ;
#2229 = EDGE_CURVE ( 'NONE', #1500, #1240, #2066, .T. ) ;
#2230 = VECTOR ( 'NONE', #267, 39.37007874015748143 ) ;
#2231 = CIRCLE ( 'NONE', #659, 0.02000000000000005940 ) ;
#2232 = CARTESIAN_POINT ( 'NONE',  ( -0.04000000000000011879, 2.999999999999999556, -0.1000000000000000194 ) ) ;
#2233 = DIRECTION ( 'NONE',  ( -1.000000000000000000, -0.000000000000000000, -0.000000000000000000 ) ) ;
#2234 = DIRECTION ( 'NONE',  ( 0.000000000000000000, 0.000000000000000000, 1.000000000000000000 ) ) ;
#2235 = CARTESIAN_POINT ( 'NONE',  ( 0.1168421052631578166, -1.549999999999999600, -0.1000000000000000056 ) ) ;
#2236 = ORIENTED_EDGE ( 'NONE', *, *, #2666, .F. ) ;
#2237 = ADVANCED_FACE ( 'NONE', ( #1129 ), #1812, .T. ) ;
#2238 = APPLICATION_PROTOCOL_DEFINITION ( 'draft international standard', 'automotive_design', 1998, #662 ) ;
#2239 = CARTESIAN_POINT ( 'NONE',  ( 0.000000000000000000, 2.999999999999999556, 0.3749999999999999445 ) ) ;
#2240 = VERTEX_POINT ( 'NONE', #2303 ) ;
#2241 = EDGE_CURVE ( 'NONE', #1972, #1566, #2226, .T. ) ;
#2242 = FACE_OUTER_BOUND ( 'NONE', #1255, .T. ) ;
#2243 = DIRECTION ( 'NONE',  ( 1.000000000000000000, 0.000000000000000000, 0.000000000000000000 ) ) ;
#2244 = VERTEX_POINT ( 'NONE', #1352 ) ;
#2245 = DIRECTION ( 'NONE',  ( 1.000000000000000000, 0.000000000000000000, 0.000000000000000000 ) ) ;
#2246 = DIRECTION ( 'NONE',  ( 0.000000000000000000, 0.000000000000000000, 1.000000000000000000 ) ) ;
#2247 = ORIENTED_EDGE ( 'NONE', *, *, #164, .F. ) ;
#2248 = FACE_OUTER_BOUND ( 'NONE', #676, .T. ) ;
#2249 = DIRECTION ( 'NONE',  ( -0.000000000000000000, -0.000000000000000000, -1.000000000000000000 ) ) ;
#2250 = ORIENTED_EDGE ( 'NONE', *, *, #1275, .F. ) ;
#2251 = CIRCLE ( 'NONE', #2396, 0.02000000000000005940 ) ;
#2252 = DIRECTION ( 'NONE',  ( -0.000000000000000000, -0.9797958971139983930, 0.1999999999964377217 ) ) ;
#2253 = ORIENTED_EDGE ( 'NONE', *, *, #2757, .F. ) ;
#2254 = AXIS2_PLACEMENT_3D ( 'NONE', #2321, #455, #2752 ) ;
#2255 = CARTESIAN_POINT ( 'NONE',  ( -0.4105263157894736281, -1.549999999999999600, -0.1000000000000000056 ) ) ;
#2256 = DIRECTION ( 'NONE',  ( 1.000000000000000000, 0.000000000000000000, 0.000000000000000000 ) ) ;
#2257 = VERTEX_POINT ( 'NONE', #8 ) ;
#2258 = CARTESIAN_POINT ( 'NONE',  ( -0.1568421052631579216, -1.549999999999999600, -0.1000000000000000056 ) ) ;
#2259 = ADVANCED_FACE ( 'NONE', ( #2748 ), #2289, .T. ) ;
#2260 = LINE ( 'NONE', #209, #1879 ) ;
#2261 = VECTOR ( 'NONE', #1190, 39.37007874015748143 ) ;
#2262 =( NAMED_UNIT ( * ) PLANE_ANGLE_UNIT ( ) SI_UNIT ( $, .RADIAN. ) );
#2263 = ORIENTED_EDGE ( 'NONE', *, *, #274, .F. ) ;
#2264 = AXIS2_PLACEMENT_3D ( 'NONE', #586, #1618, #226 ) ;
#2265 = DIRECTION ( 'NONE',  ( 1.000000000000000000, 0.000000000000000000, 0.000000000000000000 ) ) ;
#2266 = CARTESIAN_POINT ( 'NONE',  ( 0.3905263157894735548, -1.549999999999999600, -0.1000000000000000056 ) ) ;
#2267 = ORIENTED_EDGE ( 'NONE', *, *, #524, .F. ) ;
#2268 = DIRECTION ( 'NONE',  ( 1.000000000000000000, 0.000000000000000000, 0.000000000000000000 ) ) ;
#2269 = VERTEX_POINT ( 'NONE', #39 ) ;
#2270 = CARTESIAN_POINT ( 'NONE',  ( 2.326315789473683893, -1.549999999999999822, 0.1000000000000000056 ) ) ;
#2271 = DIRECTION ( 'NONE',  ( 0.000000000000000000, 0.000000000000000000, 1.000000000000000000 ) ) ;
#2272 = MANIFOLD_SOLID_BREP ( 'Middle Rib', #62 ) ;
#2273 = ORIENTED_EDGE ( 'NONE', *, *, #1628, .T. ) ;
#2274 = LINE ( 'NONE', #1845, #2403 ) ;
#2275 = SURFACE_STYLE_FILL_AREA ( #941 ) ;
#2276 = EDGE_CURVE ( 'NONE', #2312, #440, #1169, .T. ) ;
#2277 = VECTOR ( 'NONE', #970, 39.37007874015748143 ) ;
#2278 = ORIENTED_EDGE ( 'NONE', *, *, #2221, .T. ) ;
#2279 = VECTOR ( 'NONE', #595, 39.37007874015748143 ) ;
#2280 = CYLINDRICAL_SURFACE ( 'NONE', #195, 0.02000000000000005940 ) ;
#2281 = LINE ( 'NONE', #2768, #1338 ) ;
#2282 = ORIENTED_EDGE ( 'NONE', *, *, #77, .T. ) ;
#2283 = CARTESIAN_POINT ( 'NONE',  ( -0.6842105263157893802, -1.549999999999999600, -0.1000000000000000056 ) ) ;
#2284 = EDGE_LOOP ( 'NONE', ( #2034, #2641, #1802, #1522 ) ) ;
#2285 = DIRECTION ( 'NONE',  ( 0.000000000000000000, 0.000000000000000000, 1.000000000000000000 ) ) ;
#2286 = FACE_OUTER_BOUND ( 'NONE', #2765, .T. ) ;
#2287 = ORIENTED_EDGE ( 'NONE', *, *, #1887, .F. ) ;
#2288 = FACE_OUTER_BOUND ( 'NONE', #889, .T. ) ;
#2289 = CYLINDRICAL_SURFACE ( 'NONE', #1744, 0.5999992689939883661 ) ;
#2290 = ORIENTED_EDGE ( 'NONE', *, *, #1583, .F. ) ;
#2291 = CARTESIAN_POINT ( 'NONE',  ( -2.346315789473683910, -1.549999999999999378, -0.1000000000000000056 ) ) ;
#2292 = CARTESIAN_POINT ( 'NONE',  ( -0.1000000000000000056, 2.999999999999999556, 0.000000000000000000 ) ) ;
#2293 = VERTEX_POINT ( 'NONE', #312 ) ;
#2294 = EDGE_CURVE ( 'NONE', #2148, #706, #1935, .T. ) ;
#2295 = DIRECTION ( 'NONE',  ( 0.000000000000000000, 0.000000000000000000, 1.000000000000000000 ) ) ;
#2296 = VERTEX_POINT ( 'NONE', #794 ) ;
#2297 = CIRCLE ( 'NONE', #1002, 0.02000000000000005940 ) ;
#2298 = FACE_BOUND ( 'NONE', #2754, .T. ) ;
#2299 = CARTESIAN_POINT ( 'NONE',  ( 2.799999999999999822, 0.000000000000000000, 0.000000000000000000 ) ) ;
#2300 = ORIENTED_EDGE ( 'NONE', *, *, #1887, .T. ) ;
#2301 = AXIS2_PLACEMENT_3D ( 'NONE', #1862, #1833, #2784 ) ;
#2302 = CARTESIAN_POINT ( 'NONE',  ( -0.1000000000000000194, 0.4898979485566356540, 0.1000000000000000056 ) ) ;
#2303 = CARTESIAN_POINT ( 'NONE',  ( 1.251578947368420902, -1.549999999999999600, 0.1000000000000000056 ) ) ;
#2304 = ORIENTED_EDGE ( 'NONE', *, *, #1188, .F. ) ;
#2305 = DIRECTION ( 'NONE',  ( 1.000000000000000000, 0.000000000000000000, 0.000000000000000000 ) ) ;
#2306 = LINE ( 'NONE', #259, #439 ) ;
#2307 = EDGE_CURVE ( 'NONE', #1703, #199, #1509, .T. ) ;
#2308 = VECTOR ( 'NONE', #1979, 39.37007874015748143 ) ;
#2309 = ORIENTED_EDGE ( 'NONE', *, *, #2474, .T. ) ;
#2310 = EDGE_CURVE ( 'NONE', #1640, #1673, #1702, .T. ) ;
#2311 = CARTESIAN_POINT ( 'NONE',  ( -0.1000000000000000056, 3.654976622648373073E-06, 0.000000000000000000 ) ) ;
#2312 = VERTEX_POINT ( 'NONE', #2607 ) ;
#2313 = VECTOR ( 'NONE', #1651, 39.37007874015748854 ) ;
#2314 = FACE_BOUND ( 'NONE', #468, .T. ) ;
#2315 = FACE_OUTER_BOUND ( 'NONE', #2425, .T. ) ;
#2316 = ORIENTED_EDGE ( 'NONE', *, *, #225, .F. ) ;
#2317 = CARTESIAN_POINT ( 'NONE',  ( 0.4305263157894737014, -1.549999999999999600, 0.1000000000000000056 ) ) ;
#2318 = CARTESIAN_POINT ( 'NONE',  ( 0.1000000000000000056, -1.476010936206216373, 0.1000000000000000056 ) ) ;
#2319 = ORIENTED_EDGE ( 'NONE', *, *, #245, .F. ) ;
#2320 = CARTESIAN_POINT ( 'NONE',  ( -0.9932793501781063128, 0.4898979485566355985, -0.1000000000000000194 ) ) ;
#2321 = CARTESIAN_POINT ( 'NONE',  ( -0.1000000000000000056, -1.750000000000000000, 0.000000000000000000 ) ) ;
#2322 = AXIS2_PLACEMENT_3D ( 'NONE', #807, #299, #1672 ) ;
#2323 = EDGE_LOOP ( 'NONE', ( #1624, #2585, #2806, #841 ) ) ;
#2324 = AXIS2_PLACEMENT_3D ( 'NONE', #617, #1526, #2215 ) ;
#2325 = DIRECTION ( 'NONE',  ( 0.000000000000000000, 0.000000000000000000, -1.000000000000000000 ) ) ;
#2326 = VERTEX_POINT ( 'NONE', #1889 ) ;
#2327 = DIRECTION ( 'NONE',  ( 0.000000000000000000, 0.000000000000000000, 1.000000000000000000 ) ) ;
#2328 = LINE ( 'NONE', #549, #1653 ) ;
#2329 = ORIENTED_EDGE ( 'NONE', *, *, #1601, .F. ) ;
#2330 = EDGE_CURVE ( 'NONE', #281, #1538, #1799, .T. ) ;
#2331 = PLANE ( 'NONE',  #1248 ) ;
#2332 = CARTESIAN_POINT ( 'NONE',  ( 2.306315789473683875, -1.549999999999999822, -0.1000000000000000056 ) ) ;
#2333 = ORIENTED_EDGE ( 'NONE', *, *, #1349, .F. ) ;
#2334 = CARTESIAN_POINT ( 'NONE',  ( -0.1368421052631578760, -1.549999999999999600, -0.1000000000000000056 ) ) ;
#2335 = CARTESIAN_POINT ( 'NONE',  ( 0.1000000000000000194, 0.000000000000000000, -0.5000000000000000000 ) ) ;
#2336 = AXIS2_PLACEMENT_3D ( 'NONE', #2919, #861, #2268 ) ;
#2337 = EDGE_LOOP ( 'NONE', ( #646, #1742, #2355, #1984, #769, #777, #61, #457 ) ) ;
#2338 = CARTESIAN_POINT ( 'NONE',  ( 1.505263157894736636, -1.549999999999999822, -0.1000000000000000056 ) ) ;
#2339 = ORIENTED_EDGE ( 'NONE', *, *, #1513, .F. ) ;
#2340 = FACE_OUTER_BOUND ( 'NONE', #1343, .T. ) ;
#2341 = CYLINDRICAL_SURFACE ( 'NONE', #1030, 0.02000000000000005940 ) ;
#2342 = VERTEX_POINT ( 'NONE', #2332 ) ;
#2343 = EDGE_CURVE ( 'NONE', #1438, #103, #2854, .T. ) ;
#2344 = EDGE_LOOP ( 'NONE', ( #2788, #2131, #2588, #1203 ) ) ;
#2345 = APPLICATION_CONTEXT ( 'automotive_design' ) ;
#2346 = CARTESIAN_POINT ( 'NONE',  ( -2.999999999999999556, -1.458333333333333481, -0.1000000000000000194 ) ) ;
#2347 = CARTESIAN_POINT ( 'NONE',  ( -0.1000000000000000194, 2.510102051434276227, 0.09999999999999982514 ) ) ;
#2348 = ORIENTED_EDGE ( 'NONE', *, *, #2294, .T. ) ;
#2349 = EDGE_CURVE ( 'NONE', #2743, #1050, #1950, .T. ) ;
#2350 = AXIS2_PLACEMENT_3D ( 'NONE', #1397, #1736, #294 ) ;
#2351 = CARTESIAN_POINT ( 'NONE',  ( -1.758947368421052371, -1.549999999999999378, -0.1000000000000000056 ) ) ;
#2352 = CARTESIAN_POINT ( 'NONE',  ( -1.505263157894736636, -1.549999999999999378, -0.1000000000000000056 ) ) ;
#2353 = ORIENTED_EDGE ( 'NONE', *, *, #594, .F. ) ;
#2354 = EDGE_CURVE ( 'NONE', #1240, #1974, #2133, .T. ) ;
#2355 = ORIENTED_EDGE ( 'NONE', *, *, #1381, .F. ) ;
#2356 = CARTESIAN_POINT ( 'NONE',  ( 0.1000000000000000056, -0.2057096998324159931, -0.5636320949400689395 ) ) ;
#2357 = EDGE_LOOP ( 'NONE', ( #2941, #932, #1467, #1617 ) ) ;
#2358 = EDGE_LOOP ( 'NONE', ( #878, #2379, #2879, #1220 ) ) ;
#2359 = CARTESIAN_POINT ( 'NONE',  ( -0.3137555309921105096, 2.395673076923079847, -0.1000000000000000056 ) ) ;
#2360 = CARTESIAN_POINT ( 'NONE',  ( -2.326315789473683893, -1.549999999999999378, -0.1000000000000000056 ) ) ;
#2361 = VERTEX_POINT ( 'NONE', #2347 ) ;
#2362 = CIRCLE ( 'NONE', #1941, 0.5000000000000000000 ) ;
#2363 = CIRCLE ( 'NONE', #2458, 0.02000000000000005940 ) ;
#2364 = ADVANCED_FACE ( 'NONE', ( #2170 ), #1419, .T. ) ;
#2365 = FACE_OUTER_BOUND ( 'NONE', #947, .T. ) ;
#2366 = CYLINDRICAL_SURFACE ( 'NONE', #2016, 0.02000000000000005940 ) ;
#2367 = EDGE_LOOP ( 'NONE', ( #1919, #1961 ) ) ;
#2368 = STYLED_ITEM ( 'NONE', ( #1872 ), #2272 ) ;
#2369 = AXIS2_PLACEMENT_3D ( 'NONE', #899, #2536, #2953 ) ;
#2370 = ORIENTED_EDGE ( 'NONE', *, *, #2786, .T. ) ;
#2371 = AXIS2_PLACEMENT_3D ( 'NONE', #167, #1549, #1959 ) ;
#2372 = PRODUCT ( 'summing-lever', 'summing-lever', '', ( #1298 ) ) ;
#2373 = CARTESIAN_POINT ( 'NONE',  ( -0.1000000000000000056, 3.654976622648373073E-06, 0.000000000000000000 ) ) ;
#2374 = LINE ( 'NONE', #1503, #673 ) ;
#2375 = ORIENTED_EDGE ( 'NONE', *, *, #2766, .F. ) ;
#2376 = EDGE_CURVE ( 'NONE', #1630, #344, #2378, .T. ) ;
#2377 = DIRECTION ( 'NONE',  ( 0.000000000000000000, 0.000000000000000000, 1.000000000000000000 ) ) ;
#2378 = LINE ( 'NONE', #1219, #2277 ) ;
#2379 = ORIENTED_EDGE ( 'NONE', *, *, #2307, .F. ) ;
#2380 = CIRCLE ( 'NONE', #471, 0.02000000000000005940 ) ;
#2381 = DIRECTION ( 'NONE',  ( 0.000000000000000000, -0.9459459459459458319, -0.3243243243243243423 ) ) ;
#2382 = CARTESIAN_POINT ( 'NONE',  ( 2.326315789473683893, -1.549999999999999822, -0.1000000000000000056 ) ) ;
#2383 = EDGE_CURVE ( 'NONE', #2918, #954, #556, .T. ) ;
#2384 = DIRECTION ( 'NONE',  ( 0.000000000000000000, 0.000000000000000000, 1.000000000000000000 ) ) ;
#2385 = EDGE_CURVE ( 'NONE', #253, #136, #983, .T. ) ;
#2386 = EDGE_LOOP ( 'NONE', ( #1272, #1835, #261, #1075, #2947, #2566, #1079, #2882 ) ) ;
#2387 = CIRCLE ( 'NONE', #2862, 3.012206007469432567 ) ;
#2388 = LINE ( 'NONE', #2356, #2938 ) ;
#2389 = DIRECTION ( 'NONE',  ( 0.000000000000000000, 0.000000000000000000, 1.000000000000000000 ) ) ;
#2390 = ORIENTED_EDGE ( 'NONE', *, *, #74, .F. ) ;
#2391 = FACE_OUTER_BOUND ( 'NONE', #2189, .T. ) ;
#2392 = DIRECTION ( 'NONE',  ( 1.000000000000000000, 0.000000000000000000, 0.000000000000000000 ) ) ;
#2393 = ORIENTED_EDGE ( 'NONE', *, *, #1264, .F. ) ;
#2394 = DIRECTION ( 'NONE',  ( -0.000000000000000000, 0.9797958971139983930, 0.1999999999964376385 ) ) ;
#2395 = DIRECTION ( 'NONE',  ( 0.000000000000000000, 0.9393879693972032596, -0.3428560090647373437 ) ) ;
#2396 = AXIS2_PLACEMENT_3D ( 'NONE', #2, #921, #935 ) ;
#2397 = EDGE_LOOP ( 'NONE', ( #1636, #1632, #447, #234 ) ) ;
#2398 = CIRCLE ( 'NONE', #2671, 0.02000000000000033348 ) ;
#2399 = FACE_BOUND ( 'NONE', #207, .T. ) ;
#2400 = B_SPLINE_CURVE_WITH_KNOTS ( 'NONE', 3,
 ( #2713, #911, #6, #1828, #721, #432, #1797, #2762, #2492, #255 ),
 .UNSPECIFIED., .F., .F.,
 ( 4, 2, 2, 2, 4 ),
 ( 0.08740526417054167441, 0.08867393977284757089, 0.08994261537515348126, 0.09121129097745939163, 0.09247996657976528811 ),
 .UNSPECIFIED. ) ;
#2401 = VERTEX_POINT ( 'NONE', #1433 ) ;
#2402 = EDGE_CURVE ( 'NONE', #772, #1216, #314, .T. ) ;
#2403 = VECTOR ( 'NONE', #2747, 39.37007874015748143 ) ;
#2404 = ADVANCED_FACE ( 'NONE', ( #68 ), #985, .F. ) ;
#2405 = CARTESIAN_POINT ( 'NONE',  ( -2.799999999999999822, 0.000000000000000000, -0.5000000000000000000 ) ) ;
#2406 = ORIENTED_EDGE ( 'NONE', *, *, #2354, .T. ) ;
#2407 = FACE_BOUND ( 'NONE', #1016, .T. ) ;
#2408 = DIRECTION ( 'NONE',  ( 0.000000000000000000, 0.000000000000000000, 1.000000000000000000 ) ) ;
#2409 = ORIENTED_EDGE ( 'NONE', *, *, #2769, .T. ) ;
#2410 = DIRECTION ( 'NONE',  ( 0.000000000000000000, 0.000000000000000000, 1.000000000000000000 ) ) ;
#2411 = CARTESIAN_POINT ( 'NONE',  ( 1.231578947368420884, -1.549999999999999600, -0.1000000000000000056 ) ) ;
#2412 = FACE_BOUND ( 'NONE', #1534, .T. ) ;
#2413 = ORIENTED_EDGE ( 'NONE', *, *, #760, .F. ) ;
#2414 = DIRECTION ( 'NONE',  ( 1.000000000000000000, 0.000000000000000000, 0.000000000000000000 ) ) ;
#2415 = EDGE_LOOP ( 'NONE', ( #2930, #2593 ) ) ;
#2416 = CIRCLE ( 'NONE', #1611, 0.5000000000000000000 ) ;
#2417 = FACE_BOUND ( 'NONE', #2672, .T. ) ;
#2418 = CARTESIAN_POINT ( 'NONE',  ( -0.9578947368421051323, -1.549999999999999378, 0.1000000000000000056 ) ) ;
#2419 = EDGE_LOOP ( 'NONE', ( #1474, #1181, #1110, #2163 ) ) ;
#2420 = EDGE_CURVE ( 'NONE', #731, #547, #1456, .T. ) ;
#2421 = CYLINDRICAL_SURFACE ( 'NONE', #2025, 0.5999992689939883661 ) ;
#2422 = LINE ( 'NONE', #884, #29 ) ;
#2423 = CARTESIAN_POINT ( 'NONE',  ( -1.231578947368420884, -1.549999999999999378, 0.1000000000000000056 ) ) ;
#2424 = DIRECTION ( 'NONE',  ( 0.000000000000000000, -1.000000000000000000, 0.000000000000000000 ) ) ;
#2425 = EDGE_LOOP ( 'NONE', ( #1253, #1001, #815, #2851 ) ) ;
#2426 = LINE ( 'NONE', #2137, #528 ) ;
#2427 = ORIENTED_EDGE ( 'NONE', *, *, #2822, .T. ) ;
#2428 = AXIS2_PLACEMENT_3D ( 'NONE', #2029, #2461, #2499 ) ;
#2429 = FACE_OUTER_BOUND ( 'NONE', #1965, .T. ) ;
#2430 = DIRECTION ( 'NONE',  ( 0.000000000000000000, 0.000000000000000000, 1.000000000000000000 ) ) ;
#2431 = EDGE_CURVE ( 'NONE', #629, #323, #2694, .T. ) ;
#2432 = EDGE_LOOP ( 'NONE', ( #2889, #650, #156, #2161, #2479, #2120 ) ) ;
#2433 = CARTESIAN_POINT ( 'NONE',  ( -2.999999999999999556, -1.458333333333333037, 0.1000000000000000611 ) ) ;
#2434 = DIRECTION ( 'NONE',  ( 0.000000000000000000, 0.3243243243243243978, -0.9459459459459459429 ) ) ;
#2435 = EDGE_CURVE ( 'NONE', #845, #1614, #53, .T. ) ;
#2436 = CARTESIAN_POINT ( 'NONE',  ( 0.1000000000000000194, 0.000000000000000000, 0.000000000000000000 ) ) ;
#2437 = ORIENTED_EDGE ( 'NONE', *, *, #2241, .T. ) ;
#2438 = AXIS2_PLACEMENT_3D ( 'NONE', #858, #2424, #214 ) ;
#2439 = CARTESIAN_POINT ( 'NONE',  ( 1.758947368421052371, -1.549999999999999822, -0.1000000000000000056 ) ) ;
#2440 = DIRECTION ( 'NONE',  ( 0.000000000000000000, 0.000000000000000000, 1.000000000000000000 ) ) ;
#2441 = AXIS2_PLACEMENT_3D ( 'NONE', #1296, #2903, #2888 ) ;
#2442 = ORIENTED_EDGE ( 'NONE', *, *, #229, .T. ) ;
#2443 = EDGE_CURVE ( 'NONE', #2127, #2401, #1697, .T. ) ;
#2444 =( CONVERSION_BASED_UNIT ( 'INCH', #2616 ) LENGTH_UNIT ( ) NAMED_UNIT ( #216 ) );
#2445 = DIRECTION ( 'NONE',  ( -0.000000000000000000, -0.000000000000000000, -1.000000000000000000 ) ) ;
#2446 = ORIENTED_EDGE ( 'NONE', *, *, #2024, .T. ) ;
#2447 = AXIS2_PLACEMENT_3D ( 'NONE', #2448, #2895, #1536 ) ;
#2448 = CARTESIAN_POINT ( 'NONE',  ( -2.052631578947368141, -1.549999999999999378, 0.1000000000000000056 ) ) ;
#2449 = CARTESIAN_POINT ( 'NONE',  ( 2.999999999999999556, -1.750000000000000000, 0.1000000000000000056 ) ) ;
#2450 = AXIS2_PLACEMENT_3D ( 'NONE', #666, #2065, #1128 ) ;
#2451 = VERTEX_POINT ( 'NONE', #97 ) ;
#2452 = CARTESIAN_POINT ( 'NONE',  ( 3.325961538461544631, 2.395673076923077183, 0.1000000000000000056 ) ) ;
#2453 = DIRECTION ( 'NONE',  ( 0.000000000000000000, 0.000000000000000000, -1.000000000000000000 ) ) ;
#2454 = AXIS2_PLACEMENT_3D ( 'NONE', #2283, #1360, #263 ) ;
#2455 = CARTESIAN_POINT ( 'NONE',  ( 1.525263157894736654, -1.549999999999999822, -0.1000000000000000056 ) ) ;
#2456 = DIRECTION ( 'NONE',  ( 1.000000000000000000, 0.000000000000000000, 0.000000000000000000 ) ) ;
#2457 = CIRCLE ( 'NONE', #1162, 0.02000000000000005940 ) ;
#2458 = AXIS2_PLACEMENT_3D ( 'NONE', #378, #2180, #1271 ) ;
#2459 = ORIENTED_EDGE ( 'NONE', *, *, #656, .F. ) ;
#2460 = ADVANCED_FACE ( 'NONE', ( #1010 ), #1036, .F. ) ;
#2461 = DIRECTION ( 'NONE',  ( 0.000000000000000000, 0.000000000000000000, 1.000000000000000000 ) ) ;
#2462 = EDGE_LOOP ( 'NONE', ( #422, #1107 ) ) ;
#2463 = FACE_BOUND ( 'NONE', #1215, .T. ) ;
#2464 = CIRCLE ( 'NONE', #2179, 0.02000000000000005940 ) ;
#2465 = FACE_OUTER_BOUND ( 'NONE', #2040, .T. ) ;
#2466 = VERTEX_POINT ( 'NONE', #1491 ) ;
#2467 = AXIS2_PLACEMENT_3D ( 'NONE', #2819, #775, #2164 ) ;
#2468 = CIRCLE ( 'NONE', #2750, 0.3750000000000002220 ) ;
#2469 = DIRECTION ( 'NONE',  ( 0.000000000000000000, 0.000000000000000000, 1.000000000000000000 ) ) ;
#2470 = CARTESIAN_POINT ( 'NONE',  ( -1.758947368421052371, -1.549999999999999378, 0.1000000000000000056 ) ) ;
#2471 = DIRECTION ( 'NONE',  ( 1.000000000000000000, 0.000000000000000000, 0.000000000000000000 ) ) ;
#2472 = CYLINDRICAL_SURFACE ( 'NONE', #2668, 0.02000000000000005940 ) ;
#2473 = ORIENTED_EDGE ( 'NONE', *, *, #418, .F. ) ;
#2474 = EDGE_CURVE ( 'NONE', #2675, #1711, #1064, .T. ) ;
#2475 = CARTESIAN_POINT ( 'NONE',  ( -2.620000000000000107, -1.549999999999999378, -0.1000000000000000056 ) ) ;
#2476 = ORIENTED_EDGE ( 'NONE', *, *, #1479, .F. ) ;
#2477 = CARTESIAN_POINT ( 'NONE',  ( 0.1000000000000000194, -0.4898979485566355985, -0.1000000000000000056 ) ) ;
#2478 = DIRECTION ( 'NONE',  ( -1.000000000000000000, 0.000000000000000000, 0.000000000000000000 ) ) ;
#2479 = ORIENTED_EDGE ( 'NONE', *, *, #137, .T. ) ;
#2480 = DIRECTION ( 'NONE',  ( 1.000000000000000000, 0.000000000000000000, 0.000000000000000000 ) ) ;
#2481 = DIRECTION ( 'NONE',  ( 1.000000000000000000, 0.000000000000000000, 0.000000000000000000 ) ) ;
#2482 = LINE ( 'NONE', #133, #1692 ) ;
#2483 = CARTESIAN_POINT ( 'NONE',  ( -0.1000000000000000056, -1.476010936206216373, 0.1000000000000000056 ) ) ;
#2484 = ORIENTED_EDGE ( 'NONE', *, *, #1860, .T. ) ;
#2485 = AXIS2_PLACEMENT_3D ( 'NONE', #717, #1627, #189 ) ;
#2486 = CARTESIAN_POINT ( 'NONE',  ( 2.032631578947368123, -1.549999999999999822, -0.1000000000000000056 ) ) ;
#2487 = ORIENTED_EDGE ( 'NONE', *, *, #425, .F. ) ;
#2488 = PRODUCT_RELATED_PRODUCT_CATEGORY ( 'part', '', ( #2372 ) ) ;
#2489 = CARTESIAN_POINT ( 'NONE',  ( 2.999999999999999556, -1.458333333333333037, 0.1000000000000000194 ) ) ;
#2490 = DIRECTION ( 'NONE',  ( 0.000000000000000000, 0.000000000000000000, 1.000000000000000000 ) ) ;
#2491 = ORIENTED_EDGE ( 'NONE', *, *, #1874, .F. ) ;
#2492 = CARTESIAN_POINT ( 'NONE',  ( 0.9905650539509629482, 0.4932202662679635585, -0.08372403368767050713 ) ) ;
#2493 = AXIS2_PLACEMENT_3D ( 'NONE', #2699, #898, #1603 ) ;
#2494 = ORIENTED_EDGE ( 'NONE', *, *, #425, .T. ) ;
#2495 = DIRECTION ( 'NONE',  ( 1.000000000000000000, 0.000000000000000000, 0.000000000000000000 ) ) ;
#2496 = DIRECTION ( 'NONE',  ( 0.000000000000000000, 0.000000000000000000, -1.000000000000000000 ) ) ;
#2497 = VERTEX_POINT ( 'NONE', #126 ) ;
#2498 = VECTOR ( 'NONE', #610, 39.37007874015748143 ) ;
#2499 = DIRECTION ( 'NONE',  ( 1.000000000000000000, 0.000000000000000000, 0.000000000000000000 ) ) ;
#2500 = ORIENTED_EDGE ( 'NONE', *, *, #2420, .T. ) ;
#2501 = LINE ( 'NONE', #461, #1971 ) ;
#2502 = DIRECTION ( 'NONE',  ( 1.000000000000000000, 0.000000000000000000, 0.000000000000000000 ) ) ;
#2503 = ORIENTED_EDGE ( 'NONE', *, *, #1933, .F. ) ;
#2504 = EDGE_CURVE ( 'NONE', #297, #544, #1747, .T. ) ;
#2505 = COLOUR_RGB ( '',0.7921568627450980005, 0.8196078431372548767, 0.9333333333333333481 ) ;
#2506 = DIRECTION ( 'NONE',  ( 0.000000000000000000, 0.000000000000000000, 1.000000000000000000 ) ) ;
#2507 = CARTESIAN_POINT ( 'NONE',  ( -0.4305263157894737014, -1.549999999999999600, -0.1000000000000000056 ) ) ;
#2508 = EDGE_CURVE ( 'NONE', #2342, #472, #406, .T. ) ;
#2509 = AXIS2_PLACEMENT_3D ( 'NONE', #2914, #1292, #1511 ) ;
#2510 = EDGE_LOOP ( 'NONE', ( #1841, #739, #1518, #1463 ) ) ;
#2511 =( GEOMETRIC_REPRESENTATION_CONTEXT ( 3 ) GLOBAL_UNCERTAINTY_ASSIGNED_CONTEXT ( ( #200 ) ) GLOBAL_UNIT_ASSIGNED_CONTEXT ( ( #2444, #1283, #1725 ) ) REPRESENTATION_CONTEXT ( 'NONE', 'WORKASPACE' ) );
#2512 = LINE ( 'NONE', #454, #1239 ) ;
#2513 = PLANE ( 'NONE',  #248 ) ;
#2514 = ORIENTED_EDGE ( 'NONE', *, *, #1165, .T. ) ;
#2515 = DIRECTION ( 'NONE',  ( 0.000000000000000000, 0.000000000000000000, 1.000000000000000000 ) ) ;
#2516 = ORIENTED_EDGE ( 'NONE', *, *, #184, .F. ) ;
#2517 = DIRECTION ( 'NONE',  ( -0.000000000000000000, -0.9393879693972031486, -0.3428560090647373437 ) ) ;
#2518 = CARTESIAN_POINT ( 'NONE',  ( -0.6842105263157893802, -1.549999999999999600, -0.1000000000000000056 ) ) ;
#2519 = EDGE_LOOP ( 'NONE', ( #2733, #692 ) ) ;
#2520 = EDGE_CURVE ( 'NONE', #2240, #597, #2464, .T. ) ;
#2521 = DIRECTION ( 'NONE',  ( 0.000000000000000000, 0.000000000000000000, 1.000000000000000000 ) ) ;
#2522 = DIRECTION ( 'NONE',  ( 1.000000000000000000, 0.000000000000000000, 0.000000000000000000 ) ) ;
#2523 = AXIS2_PLACEMENT_3D ( 'NONE', #624, #1533, #2223 ) ;
#2524 = EDGE_CURVE ( 'NONE', #1141, #847, #1991, .T. ) ;
#2525 = CARTESIAN_POINT ( 'NONE',  ( -2.032631578947368123, -1.549999999999999378, 0.1000000000000000056 ) ) ;
#2526 = DIRECTION ( 'NONE',  ( 0.000000000000000000, 0.000000000000000000, 1.000000000000000000 ) ) ;
#2527 = VERTEX_POINT ( 'NONE', #1537 ) ;
#2528 = DIRECTION ( 'NONE',  ( 1.000000000000000000, 0.000000000000000000, 0.000000000000000000 ) ) ;
#2529 = EDGE_LOOP ( 'NONE', ( #2840, #2267, #2300, #94 ) ) ;
#2530 = AXIS2_PLACEMENT_3D ( 'NONE', #1598, #2285, #1155 ) ;
#2531 = CARTESIAN_POINT ( 'NONE',  ( 0.000000000000000000, 0.000000000000000000, -0.1000000000000000056 ) ) ;
#2532 = CARTESIAN_POINT ( 'NONE',  ( 0.3905263157894735548, -1.549999999999999600, -0.1000000000000000056 ) ) ;
#2533 = ORIENTED_EDGE ( 'NONE', *, *, #1763, .F. ) ;
#2534 = AXIS2_PLACEMENT_3D ( 'NONE', #1592, #289, #1180 ) ;
#2535 = DIRECTION ( 'NONE',  ( 0.000000000000000000, 0.000000000000000000, 1.000000000000000000 ) ) ;
#2536 = DIRECTION ( 'NONE',  ( 0.000000000000000000, 0.000000000000000000, 1.000000000000000000 ) ) ;
#2537 = EDGE_LOOP ( 'NONE', ( #191, #2791 ) ) ;
#2538 = AXIS2_PLACEMENT_3D ( 'NONE', #1671, #2564, #1685 ) ;
#2539 = CARTESIAN_POINT ( 'NONE',  ( -0.9932793501781063128, 0.4898979485566356540, 0.1000000000000000056 ) ) ;
#2540 = DIRECTION ( 'NONE',  ( 0.000000000000000000, 0.000000000000000000, 1.000000000000000000 ) ) ;
#2541 = EDGE_CURVE ( 'NONE', #2527, #2296, #2198, .T. ) ;
#2542 = ORIENTED_EDGE ( 'NONE', *, *, #871, .F. ) ;
#2543 = DIRECTION ( 'NONE',  ( 1.000000000000000000, 0.000000000000000000, 0.000000000000000000 ) ) ;
#2544 = ADVANCED_FACE ( 'NONE', ( #396 ), #2678, .T. ) ;
#2545 = ORIENTED_EDGE ( 'NONE', *, *, #41, .F. ) ;
#2546 = DIRECTION ( 'NONE',  ( 0.000000000000000000, 0.000000000000000000, 1.000000000000000000 ) ) ;
#2547 = DIRECTION ( 'NONE',  ( -1.000000000000000000, 0.000000000000000000, -0.000000000000000000 ) ) ;
#2548 = ORIENTED_EDGE ( 'NONE', *, *, #1331, .T. ) ;
#2549 = CARTESIAN_POINT ( 'NONE',  ( 2.799999999999999822, 0.000000000000000000, 0.000000000000000000 ) ) ;
#2550 = ORIENTED_EDGE ( 'NONE', *, *, #763, .T. ) ;
#2551 = CARTESIAN_POINT ( 'NONE',  ( 0.9778947368421051500, -1.549999999999999600, -0.1000000000000000056 ) ) ;
#2552 = CARTESIAN_POINT ( 'NONE',  ( 0.000000000000000000, 2.999999999999999556, -0.3749999999999999445 ) ) ;
#2553 = VECTOR ( 'NONE', #1555, 39.37007874015748143 ) ;
#2554 = AXIS2_PLACEMENT_3D ( 'NONE', #564, #1229, #2149 ) ;
#2555 = VERTEX_POINT ( 'NONE', #613 ) ;
#2556 = ADVANCED_FACE ( 'NONE', ( #1761 ), #1729, .T. ) ;
#2557 = CYLINDRICAL_SURFACE ( 'NONE', #1734, 0.5999992689939884771 ) ;
#2558 = EDGE_LOOP ( 'NONE', ( #1361, #2333, #2087, #1309, #1183, #2063, #1119, #1605 ) ) ;
#2559 = ADVANCED_FACE ( 'NONE', ( #2465 ), #645, .T. ) ;
#2560 = DIRECTION ( 'NONE',  ( -1.000000000000000000, 0.000000000000000000, -0.000000000000000000 ) ) ;
#2561 = DIRECTION ( 'NONE',  ( 0.000000000000000000, 0.000000000000000000, 1.000000000000000000 ) ) ;
#2562 = ORIENTED_EDGE ( 'NONE', *, *, #2376, .F. ) ;
#2563 = ORIENTED_EDGE ( 'NONE', *, *, #1740, .F. ) ;
#2564 = DIRECTION ( 'NONE',  ( 0.000000000000000000, 0.000000000000000000, 1.000000000000000000 ) ) ;
#2565 = CARTESIAN_POINT ( 'NONE',  ( -0.9378947368421050035, -1.549999999999999378, -0.1000000000000000056 ) ) ;
#2566 = ORIENTED_EDGE ( 'NONE', *, *, #2024, .F. ) ;
#2567 = CARTESIAN_POINT ( 'NONE',  ( 0.1000000000000000056, 3.654976622648373073E-06, 0.000000000000000000 ) ) ;
#2568 = PLANE ( 'NONE',  #2162 ) ;
#2569 = AXIS2_PLACEMENT_3D ( 'NONE', #2083, #2942, #725 ) ;
#2570 = VECTOR ( 'NONE', #138, 39.37007874015748854 ) ;
#2571 = VERTEX_POINT ( 'NONE', #835 ) ;
#2572 = VERTEX_POINT ( 'NONE', #2909 ) ;
#2573 = CARTESIAN_POINT ( 'NONE',  ( -0.04000000000000011879, 2.999999999999999556, 0.1000000000000000194 ) ) ;
#2574 = ORIENTED_EDGE ( 'NONE', *, *, #2578, .F. ) ;
#2575 = EDGE_LOOP ( 'NONE', ( #1657, #2199, #333, #2644 ) ) ;
#2576 = CARTESIAN_POINT ( 'NONE',  ( 0.04000000000000011879, 2.999999999999999556, 0.1000000000000000194 ) ) ;
#2577 = DIRECTION ( 'NONE',  ( 1.000000000000000000, 0.000000000000000000, 0.000000000000000000 ) ) ;
#2578 = EDGE_CURVE ( 'NONE', #1141, #1032, #1304, .T. ) ;
#2579 = VERTEX_POINT ( 'NONE', #1288 ) ;
#2580 = VECTOR ( 'NONE', #197, 39.37007874015748143 ) ;
#2581 = CARTESIAN_POINT ( 'NONE',  ( -1.505263157894736636, -1.549999999999999378, -0.1000000000000000056 ) ) ;
#2582 = DIRECTION ( 'NONE',  ( -0.000000000000000000, 0.1999999999964377217, 0.9797958971139983930 ) ) ;
#2583 = VECTOR ( 'NONE', #553, 39.37007874015748143 ) ;
#2584 = VECTOR ( 'NONE', #2225, 39.37007874015748143 ) ;
#2585 = ORIENTED_EDGE ( 'NONE', *, *, #1241, .T. ) ;
#2586 = DIRECTION ( 'NONE',  ( 1.000000000000000000, 0.000000000000000000, 0.000000000000000000 ) ) ;
#2587 = DIRECTION ( 'NONE',  ( 0.000000000000000000, 0.000000000000000000, 1.000000000000000000 ) ) ;
#2588 = ORIENTED_EDGE ( 'NONE', *, *, #2146, .T. ) ;
#2589 = CARTESIAN_POINT ( 'NONE',  ( 2.999999999999999556, -1.750000000000000000, -0.1000000000000000056 ) ) ;
#2590 = AXIS2_PLACEMENT_3D ( 'NONE', #857, #1042, #1577 ) ;
#2591 = DIRECTION ( 'NONE',  ( 1.000000000000000000, 0.000000000000000000, 0.000000000000000000 ) ) ;
#2592 = EDGE_CURVE ( 'NONE', #54, #1643, #355, .T. ) ;
#2593 = ORIENTED_EDGE ( 'NONE', *, *, #1314, .T. ) ;
#2594 = AXIS2_PLACEMENT_3D ( 'NONE', #1910, #2384, #2147 ) ;
#2595 = CIRCLE ( 'NONE', #1062, 0.02000000000000005940 ) ;
#2596 = CARTESIAN_POINT ( 'NONE',  ( -2.799999999999999822, 0.000000000000000000, 0.5999999999999999778 ) ) ;
#2597 = DIRECTION ( 'NONE',  ( 1.000000000000000000, 0.000000000000000000, 0.000000000000000000 ) ) ;
#2598 = EDGE_CURVE ( 'NONE', #310, #2269, #1928, .T. ) ;
#2599 = ORIENTED_EDGE ( 'NONE', *, *, #334, .T. ) ;
#2600 = CIRCLE ( 'NONE', #2467, 0.5000000000000000000 ) ;
#2601 = CIRCLE ( 'NONE', #801, 0.02000000000000005940 ) ;
#2602 = ORIENTED_EDGE ( 'NONE', *, *, #1148, .F. ) ;
#2603 = LINE ( 'NONE', #965, #2800 ) ;
#2604 = FACE_OUTER_BOUND ( 'NONE', #2529, .T. ) ;
#2605 = VERTEX_POINT ( 'NONE', #2922 ) ;
#2606 = CARTESIAN_POINT ( 'NONE',  ( 2.326315789473683893, -1.549999999999999822, 0.1000000000000000056 ) ) ;
#2607 = CARTESIAN_POINT ( 'NONE',  ( 0.9932793501781053136, 0.4898979485566356540, -0.09999999999999999167 ) ) ;
#2608 = EDGE_LOOP ( 'NONE', ( #427, #1944, #237, #1178, #2684, #881, #1157, #34 ) ) ;
#2609 = DIRECTION ( 'NONE',  ( 0.000000000000000000, -0.3243243243243243978, -0.9459459459459459429 ) ) ;
#2610 = DIRECTION ( 'NONE',  ( 1.000000000000000000, 0.000000000000000000, 0.000000000000000000 ) ) ;
#2611 = ORIENTED_EDGE ( 'NONE', *, *, #575, .F. ) ;
#2612 = ADVANCED_FACE ( 'NONE', ( #1082 ), #880, .T. ) ;
#2613 = FACE_BOUND ( 'NONE', #37, .T. ) ;
#2614 = AXIS2_PLACEMENT_3D ( 'NONE', #273, #1371, #2495 ) ;
#2615 = ORIENTED_EDGE ( 'NONE', *, *, #644, .F. ) ;
#2616 = LENGTH_MEASURE_WITH_UNIT ( LENGTH_MEASURE( 0.02539999999999999897 ), #122 );
#2617 = LINE ( 'NONE', #1973, #926 ) ;
#2618 = ORIENTED_EDGE ( 'NONE', *, *, #1818, .F. ) ;
#2619 = LINE ( 'NONE', #154, #919 ) ;
#2620 = CARTESIAN_POINT ( 'NONE',  ( 0.1368421052631578760, -1.549999999999999600, -0.1000000000000000056 ) ) ;
#2621 = ORIENTED_EDGE ( 'NONE', *, *, #1468, .T. ) ;
#2622 = CARTESIAN_POINT ( 'NONE',  ( 0.000000000000000000, -1.458333333333333037, 0.1000000000000000056 ) ) ;
#2623 = CARTESIAN_POINT ( 'NONE',  ( 0.1000000000000000194, 6.123233995736766036E-17, 0.5000000000000000000 ) ) ;
#2624 = VECTOR ( 'NONE', #390, 39.37007874015748143 ) ;
#2625 = ORIENTED_EDGE ( 'NONE', *, *, #1366, .F. ) ;
#2626 = VECTOR ( 'NONE', #712, 39.37007874015748854 ) ;
#2627 = FACE_BOUND ( 'NONE', #2537, .T. ) ;
#2628 = EDGE_LOOP ( 'NONE', ( #2761, #2906, #885, #1395 ) ) ;
#2629 = EDGE_CURVE ( 'NONE', #2572, #909, #820, .T. ) ;
#2630 = CIRCLE ( 'NONE', #1105, 0.02000000000000005940 ) ;
#2631 = EDGE_CURVE ( 'NONE', #1596, #1614, #319, .T. ) ;
#2632 = DIRECTION ( 'NONE',  ( 1.000000000000000000, 0.000000000000000000, 0.000000000000000000 ) ) ;
#2633 = ORIENTED_EDGE ( 'NONE', *, *, #2343, .F. ) ;
#2634 = DIRECTION ( 'NONE',  ( 1.000000000000000000, 0.000000000000000000, 0.000000000000000000 ) ) ;
#2635 = DIRECTION ( 'NONE',  ( 1.000000000000000000, -0.000000000000000000, -0.000000000000000000 ) ) ;
#2636 = VERTEX_POINT ( 'NONE', #1570 ) ;
#2637 = CARTESIAN_POINT ( 'NONE',  ( -0.1000000000000000056, 0.1200035087732827521, 0.5878768220317082127 ) ) ;
#2638 = FACE_OUTER_BOUND ( 'NONE', #2058, .T. ) ;
#2639 = DIRECTION ( 'NONE',  ( 1.000000000000000000, 0.000000000000000000, 0.000000000000000000 ) ) ;
#2640 = CARTESIAN_POINT ( 'NONE',  ( -2.799999999999999822, -1.458333333333333703, -0.09999999999999992228 ) ) ;
#2641 = ORIENTED_EDGE ( 'NONE', *, *, #724, .T. ) ;
#2642 = AXIS2_PLACEMENT_3D ( 'NONE', #780, #1462, #2154 ) ;
#2643 = LINE ( 'NONE', #107, #1499 ) ;
#2644 = ORIENTED_EDGE ( 'NONE', *, *, #2294, .F. ) ;
#2645 = VECTOR ( 'NONE', #691, 39.37007874015748143 ) ;
#2646 = EDGE_CURVE ( 'NONE', #2224, #1660, #2050, .T. ) ;
#2647 = FACE_BOUND ( 'NONE', #2920, .T. ) ;
#2648 = DIRECTION ( 'NONE',  ( -1.000000000000000000, 0.000000000000000000, 0.000000000000000000 ) ) ;
#2649 = VERTEX_POINT ( 'NONE', #2532 ) ;
#2650 = LINE ( 'NONE', #1524, #2308 ) ;
#2651 = DIRECTION ( 'NONE',  ( -0.000000000000000000, 0.000000000000000000, 1.000000000000000000 ) ) ;
#2652 = EDGE_LOOP ( 'NONE', ( #187, #1003, #1575, #2090 ) ) ;
#2653 = EDGE_CURVE ( 'NONE', #544, #339, #1807, .T. ) ;
#2654 = DIRECTION ( 'NONE',  ( 1.000000000000000000, 0.000000000000000000, -0.000000000000000000 ) ) ;
#2655 = CARTESIAN_POINT ( 'NONE',  ( 0.9578947368421051323, -1.549999999999999600, -0.1000000000000000056 ) ) ;
#2656 = VERTEX_POINT ( 'NONE', #2062 ) ;
#2657 = CARTESIAN_POINT ( 'NONE',  ( 0.9778947368421051500, -1.549999999999999600, 0.1000000000000000056 ) ) ;
#2658 = ORIENTED_EDGE ( 'NONE', *, *, #2376, .T. ) ;
#2659 = AXIS2_PLACEMENT_3D ( 'NONE', #791, #1045, #2632 ) ;
#2660 = CARTESIAN_POINT ( 'NONE',  ( -2.999999999999999556, -1.750000000000000000, -0.1000000000000000056 ) ) ;
#2661 = CARTESIAN_POINT ( 'NONE',  ( 1.231578947368420884, -1.549999999999999600, 0.1000000000000000056 ) ) ;
#2662 = ORIENTED_EDGE ( 'NONE', *, *, #2745, .F. ) ;
#2663 = EDGE_CURVE ( 'NONE', #1087, #668, #3, .T. ) ;
#2664 = CARTESIAN_POINT ( 'NONE',  ( -0.3137555309921105096, 2.395673076923079847, 0.1000000000000000056 ) ) ;
#2665 = DIRECTION ( 'NONE',  ( -1.000000000000000000, 0.000000000000000000, -0.000000000000000000 ) ) ;
#2666 = EDGE_CURVE ( 'NONE', #1034, #826, #28, .T. ) ;
#2667 = VERTEX_POINT ( 'NONE', #922 ) ;
#2668 = AXIS2_PLACEMENT_3D ( 'NONE', #420, #2929, #2456 ) ;
#2669 = LINE ( 'NONE', #2439, #1551 ) ;
#2670 = CYLINDRICAL_SURFACE ( 'NONE', #2064, 0.02000000000000005940 ) ;
#2671 = AXIS2_PLACEMENT_3D ( 'NONE', #1648, #470, #1147 ) ;
#2672 = EDGE_LOOP ( 'NONE', ( #998, #1380 ) ) ;
#2673 = DIRECTION ( 'NONE',  ( 1.000000000000000000, 0.000000000000000000, 0.000000000000000000 ) ) ;
#2674 = EDGE_CURVE ( 'NONE', #1594, #2897, #2416, .T. ) ;
#2675 = VERTEX_POINT ( 'NONE', #2077 ) ;
#2676 = VECTOR ( 'NONE', #1631, 39.37007874015748143 ) ;
#2677 = DIRECTION ( 'NONE',  ( 1.000000000000000000, 0.000000000000000000, 0.000000000000000000 ) ) ;
#2678 = PLANE ( 'NONE',  #1559 ) ;
#2679 = AXIS2_PLACEMENT_3D ( 'NONE', #2007, #1495, #2869 ) ;
#2680 = VERTEX_POINT ( 'NONE', #2760 ) ;
#2681 = CARTESIAN_POINT ( 'NONE',  ( 1.485263157894736619, -1.549999999999999822, 0.1000000000000000056 ) ) ;
#2682 = CARTESIAN_POINT ( 'NONE',  ( -1.798947368421052406, -1.549999999999999378, -0.1000000000000000056 ) ) ;
#2683 = PLANE ( 'NONE',  #704 ) ;
#2684 = ORIENTED_EDGE ( 'NONE', *, *, #245, .T. ) ;
#2685 = CIRCLE ( 'NONE', #2792, 0.5000000000000000000 ) ;
#2686 = EDGE_CURVE ( 'NONE', #2207, #1050, #799, .T. ) ;
#2687 = DIRECTION ( 'NONE',  ( -1.000000000000000000, -0.000000000000000000, 0.000000000000000000 ) ) ;
#2688 = CARTESIAN_POINT ( 'NONE',  ( -0.1000000000000000056, 0.000000000000000000, -0.1000000000000000056 ) ) ;
#2689 = ORIENTED_EDGE ( 'NONE', *, *, #760, .T. ) ;
#2690 = CARTESIAN_POINT ( 'NONE',  ( 0.9778947368421051500, -1.549999999999999600, -0.1000000000000000056 ) ) ;
#2691 = EDGE_LOOP ( 'NONE', ( #672, #1859, #290, #1297, #862, #1716, #1819, #2807, #2218, #2339, #860, #1586 ) ) ;
#2692 = EDGE_CURVE ( 'NONE', #2571, #1187, #446, .T. ) ;
#2693 = DIRECTION ( 'NONE',  ( 0.000000000000000000, 0.000000000000000000, 1.000000000000000000 ) ) ;
#2694 = CIRCLE ( 'NONE', #24, 0.02000000000000005940 ) ;
#2695 = DIRECTION ( 'NONE',  ( 0.000000000000000000, 0.000000000000000000, 1.000000000000000000 ) ) ;
#2696 = ORIENTED_EDGE ( 'NONE', *, *, #2443, .F. ) ;
#2697 = AXIS2_PLACEMENT_3D ( 'NONE', #1156, #2490, #533 ) ;
#2698 = VECTOR ( 'NONE', #1619, 39.37007874015748143 ) ;
#2699 = CARTESIAN_POINT ( 'NONE',  ( -2.052631578947368141, -1.549999999999999378, -0.1000000000000000056 ) ) ;
#2700 = CARTESIAN_POINT ( 'NONE',  ( 1.505263157894736636, -1.549999999999999822, 0.1000000000000000056 ) ) ;
#2701 = ORIENTED_EDGE ( 'NONE', *, *, #114, .F. ) ;
#2702 = DIRECTION ( 'NONE',  ( 0.000000000000000000, 0.000000000000000000, 1.000000000000000000 ) ) ;
#2703 = FACE_OUTER_BOUND ( 'NONE', #1357, .T. ) ;
#2704 = EDGE_CURVE ( 'NONE', #344, #1762, #36, .T. ) ;
#2705 = EDGE_LOOP ( 'NONE', ( #1454, #991, #1942, #2287 ) ) ;
#2706 = PRODUCT_DEFINITION_CONTEXT ( 'detailed design', #2345, 'design' ) ;
#2707 = DIRECTION ( 'NONE',  ( 1.000000000000000000, 0.000000000000000000, 0.000000000000000000 ) ) ;
#2708 = VERTEX_POINT ( 'NONE', #2949 ) ;
#2709 = CARTESIAN_POINT ( 'NONE',  ( -0.9778947368421051500, -1.549999999999999378, 0.1000000000000000056 ) ) ;
#2710 = CARTESIAN_POINT ( 'NONE',  ( 0.1368421052631578760, -1.549999999999999600, 0.1000000000000000056 ) ) ;
#2711 = ORIENTED_EDGE ( 'NONE', *, *, #1324, .F. ) ;
#2712 = AXIS2_PLACEMENT_3D ( 'NONE', #1091, #846, #1284 ) ;
#2713 = CARTESIAN_POINT ( 'NONE',  ( 0.9932793501781052026, 0.4898979485566356540, 0.1000000000000000056 ) ) ;
#2714 = CYLINDRICAL_SURFACE ( 'NONE', #796, 0.3750000000000002220 ) ;
#2715 = ORIENTED_EDGE ( 'NONE', *, *, #1188, .T. ) ;
#2716 = CARTESIAN_POINT ( 'NONE',  ( -0.9885119015724322944, 0.4957470146781142728, 0.06723355397190937388 ) ) ;
#2717 = CARTESIAN_POINT ( 'NONE',  ( 0.4105263157894736281, -1.549999999999999600, 0.1000000000000000056 ) ) ;
#2718 = ORIENTED_EDGE ( 'NONE', *, *, #886, .F. ) ;
#2719 = ADVANCED_FACE ( 'NONE', ( #705 ), #908, .F. ) ;
#2720 = AXIS2_PLACEMENT_3D ( 'NONE', #1269, #2546, #1427 ) ;
#2721 = CARTESIAN_POINT ( 'NONE',  ( -0.1168421052631578166, -1.549999999999999600, -0.1000000000000000056 ) ) ;
#2722 = ORIENTED_EDGE ( 'NONE', *, *, #1560, .T. ) ;
#2723 = EDGE_CURVE ( 'NONE', #2361, #1087, #1363, .T. ) ;
#2724 = CARTESIAN_POINT ( 'NONE',  ( 2.346315789473683910, -1.549999999999999822, -0.1000000000000000056 ) ) ;
#2725 = DIRECTION ( 'NONE',  ( 0.000000000000000000, 0.000000000000000000, 1.000000000000000000 ) ) ;
#2726 = ORIENTED_EDGE ( 'NONE', *, *, #1565, .T. ) ;
#2727 = CARTESIAN_POINT ( 'NONE',  ( -2.326315789473683893, -1.549999999999999378, 0.1000000000000000056 ) ) ;
#2728 = AXIS2_PLACEMENT_3D ( 'NONE', #395, #2634, #1506 ) ;
#2729 = DIRECTION ( 'NONE',  ( 1.000000000000000000, 0.000000000000000000, 0.000000000000000000 ) ) ;
#2730 = EDGE_LOOP ( 'NONE', ( #2726, #105 ) ) ;
#2731 = CARTESIAN_POINT ( 'NONE',  ( 0.04000000000000011879, 2.999999999999999556, -0.3749999999999999445 ) ) ;
#2732 = CARTESIAN_POINT ( 'NONE',  ( 0.000000000000000000, 2.999999999999999556, -0.1000000000000000194 ) ) ;
#2733 = ORIENTED_EDGE ( 'NONE', *, *, #535, .T. ) ;
#2734 = CIRCLE ( 'NONE', #1301, 0.02000000000000005940 ) ;
#2735 = CIRCLE ( 'NONE', #1843, 0.5999992689939884771 ) ;
#2736 = AXIS2_PLACEMENT_3D ( 'NONE', #86, #1920, #1222 ) ;
#2737 = UNCERTAINTY_MEASURE_WITH_UNIT (LENGTH_MEASURE( 1.000000000000000082E-05 ), #738, 'distance_accuracy_value', 'NONE');
#2738 = CARTESIAN_POINT ( 'NONE',  ( 0.3510302151916294688, 2.868080372868487160, -0.1000000000000000194 ) ) ;
#2739 = ORIENTED_EDGE ( 'NONE', *, *, #2745, .T. ) ;
#2740 = ADVANCED_FACE ( 'NONE', ( #2315 ), #1840, .F. ) ;
#2741 = CARTESIAN_POINT ( 'NONE',  ( 0.1000000000000000056, 0.000000000000000000, -0.1000000000000000056 ) ) ;
#2742 = DIRECTION ( 'NONE',  ( 1.000000000000000000, 0.000000000000000000, 0.000000000000000000 ) ) ;
#2743 = VERTEX_POINT ( 'NONE', #896 ) ;
#2744 = DIRECTION ( 'NONE',  ( 1.000000000000000000, 0.000000000000000000, 0.000000000000000000 ) ) ;
#2745 = EDGE_CURVE ( 'NONE', #945, #1083, #2749, .T. ) ;
#2746 = AXIS2_PLACEMENT_3D ( 'NONE', #284, #2392, #343 ) ;
#2747 = DIRECTION ( 'NONE',  ( 0.000000000000000000, 0.000000000000000000, 1.000000000000000000 ) ) ;
#2748 = FACE_OUTER_BOUND ( 'NONE', #619, .T. ) ;
#2749 = CIRCLE ( 'NONE', #1359, 0.02000000000000005940 ) ;
#2750 = AXIS2_PLACEMENT_3D ( 'NONE', #332, #558, #2610 ) ;
#2751 = CARTESIAN_POINT ( 'NONE',  ( -0.9857461346477458530, 0.4991547641342679587, 0.03361509756076019872 ) ) ;
#2752 = DIRECTION ( 'NONE',  ( 0.000000000000000000, -0.9393879693972032596, -0.3428560090647373437 ) ) ;
#2753 = ADVANCED_FACE ( 'NONE', ( #2286 ), #937, .T. ) ;
#2754 = EDGE_LOOP ( 'NONE', ( #1228, #875 ) ) ;
#2755 = DIRECTION ( 'NONE',  ( 1.000000000000000000, 0.000000000000000000, 0.000000000000000000 ) ) ;
#2756 = VECTOR ( 'NONE', #887, 39.37007874015748143 ) ;
#2757 = EDGE_CURVE ( 'NONE', #812, #2656, #559, .T. ) ;
#2758 = ORIENTED_EDGE ( 'NONE', *, *, #540, .F. ) ;
#2759 = DIRECTION ( 'NONE',  ( 0.000000000000000000, 0.000000000000000000, 1.000000000000000000 ) ) ;
#2760 = CARTESIAN_POINT ( 'NONE',  ( 1.758947368421052371, -1.549999999999999822, -0.1000000000000000056 ) ) ;
#2761 = ORIENTED_EDGE ( 'NONE', *, *, #127, .F. ) ;
#2762 = CARTESIAN_POINT ( 'NONE',  ( 0.9884851094178602748, 0.4957799934074648696, -0.06698086841502681743 ) ) ;
#2763 = FACE_OUTER_BOUND ( 'NONE', #1999, .T. ) ;
#2764 = ADVANCED_FACE ( 'NONE', ( #678 ), #1616, .F. ) ;
#2765 = EDGE_LOOP ( 'NONE', ( #1485, #2167, #2250, #2152 ) ) ;
#2766 = EDGE_CURVE ( 'NONE', #2656, #812, #891, .T. ) ;
#2767 = DIRECTION ( 'NONE',  ( 0.000000000000000000, 0.000000000000000000, 1.000000000000000000 ) ) ;
#2768 = CARTESIAN_POINT ( 'NONE',  ( 0.7042105263157893980, -1.549999999999999600, -0.1000000000000000056 ) ) ;
#2769 = EDGE_CURVE ( 'NONE', #1786, #2293, #465, .T. ) ;
#2770 = ORIENTED_EDGE ( 'NONE', *, *, #2723, .F. ) ;
#2771 = LINE ( 'NONE', #277, #1160 ) ;
#2772 = ORIENTED_EDGE ( 'NONE', *, *, #2686, .F. ) ;
#2773 = AXIS2_PLACEMENT_3D ( 'NONE', #1089, #1073, #2496 ) ;
#2774 = CIRCLE ( 'NONE', #2736, 0.3750000000000002220 ) ;
#2775 = DIRECTION ( 'NONE',  ( -0.000000000000000000, -1.000000000000000000, -0.000000000000000000 ) ) ;
#2776 = CYLINDRICAL_SURFACE ( 'NONE', #2554, 0.02000000000000005940 ) ;
#2777 = ORIENTED_EDGE ( 'NONE', *, *, #481, .T. ) ;
#2778 = AXIS2_PLACEMENT_3D ( 'NONE', #2717, #2526, #1635 ) ;
#2779 = DIRECTION ( 'NONE',  ( 0.000000000000000000, 0.000000000000000000, 1.000000000000000000 ) ) ;
#2780 =( LENGTH_UNIT ( ) NAMED_UNIT ( * ) SI_UNIT ( $, .METRE. ) );
#2781 = ORIENTED_EDGE ( 'NONE', *, *, #184, .T. ) ;
#2782 = AXIS2_PLACEMENT_3D ( 'NONE', #626, #2866, #2677 ) ;
#2783 = DIRECTION ( 'NONE',  ( 0.000000000000000000, 0.000000000000000000, -1.000000000000000000 ) ) ;
#2784 = DIRECTION ( 'NONE',  ( 1.000000000000000000, 0.000000000000000000, 0.000000000000000000 ) ) ;
#2785 = ORIENTED_EDGE ( 'NONE', *, *, #2786, .F. ) ;
#2786 = EDGE_CURVE ( 'NONE', #1019, #597, #1914, .T. ) ;
#2787 = LINE ( 'NONE', #1836, #2313 ) ;
#2788 = ORIENTED_EDGE ( 'NONE', *, *, #404, .F. ) ;
#2789 = CARTESIAN_POINT ( 'NONE',  ( -2.999999999999999556, -1.750000000000000000, 0.1000000000000000056 ) ) ;
#2790 = PLANE ( 'NONE',  #1459 ) ;
#2791 = ORIENTED_EDGE ( 'NONE', *, *, #1193, .F. ) ;
#2792 = AXIS2_PLACEMENT_3D ( 'NONE', #700, #1612, #2515 ) ;
#2793 = ORIENTED_EDGE ( 'NONE', *, *, #503, .T. ) ;
#2794 = DIRECTION ( 'NONE',  ( 1.000000000000000000, 0.000000000000000000, 0.000000000000000000 ) ) ;
#2795 = DIRECTION ( 'NONE',  ( 0.000000000000000000, 0.000000000000000000, 1.000000000000000000 ) ) ;
#2796 = ORIENTED_EDGE ( 'NONE', *, *, #886, .T. ) ;
#2797 = DIRECTION ( 'NONE',  ( 1.000000000000000000, 0.000000000000000000, 0.000000000000000000 ) ) ;
#2798 = CARTESIAN_POINT ( 'NONE',  ( -0.1000000000000000056, -1.750000000000000000, 0.000000000000000000 ) ) ;
#2799 = VECTOR ( 'NONE', #1715, 39.37007874015748143 ) ;
#2800 = VECTOR ( 'NONE', #106, 39.37007874015748143 ) ;
#2801 = ORIENTED_EDGE ( 'NONE', *, *, #300, .F. ) ;
#2802 = EDGE_CURVE ( 'NONE', #1083, #142, #2328, .T. ) ;
#2803 = DIRECTION ( 'NONE',  ( 1.000000000000000000, 0.000000000000000000, 0.000000000000000000 ) ) ;
#2804 = ORIENTED_EDGE ( 'NONE', *, *, #2128, .T. ) ;
#2805 = FACE_OUTER_BOUND ( 'NONE', #1978, .T. ) ;
#2806 = ORIENTED_EDGE ( 'NONE', *, *, #1093, .T. ) ;
#2807 = ORIENTED_EDGE ( 'NONE', *, *, #715, .T. ) ;
#2808 = CARTESIAN_POINT ( 'NONE',  ( -0.6642105263157892514, -1.549999999999999600, -0.1000000000000000056 ) ) ;
#2809 = DIRECTION ( 'NONE',  ( 0.000000000000000000, 0.000000000000000000, 1.000000000000000000 ) ) ;
#2810 = ORIENTED_EDGE ( 'NONE', *, *, #407, .F. ) ;
#2811 = CARTESIAN_POINT ( 'NONE',  ( -0.7042105263157893980, -1.549999999999999600, 0.1000000000000000056 ) ) ;
#2812 = PLANE ( 'NONE',  #410 ) ;
#2813 = VECTOR ( 'NONE', #2305, 39.37007874015748143 ) ;
#2814 = AXIS2_PLACEMENT_3D ( 'NONE', #2239, #2208, #2673 ) ;
#2815 = ORIENTED_EDGE ( 'NONE', *, *, #1677, .T. ) ;
#2816 = DIRECTION ( 'NONE',  ( 1.000000000000000000, 0.000000000000000000, 0.000000000000000000 ) ) ;
#2817 = EDGE_LOOP ( 'NONE', ( #335, #713 ) ) ;
#2818 = EDGE_CURVE ( 'NONE', #893, #108, #2388, .T. ) ;
#2819 = CARTESIAN_POINT ( 'NONE',  ( -0.1000000000000000194, 0.000000000000000000, 0.000000000000000000 ) ) ;
#2820 = LINE ( 'NONE', #338, #833 ) ;
#2821 = EDGE_LOOP ( 'NONE', ( #2689, #2107 ) ) ;
#2822 = EDGE_CURVE ( 'NONE', #1974, #2897, #79, .T. ) ;
#2823 = CIRCLE ( 'NONE', #1532, 0.02000000000000005940 ) ;
#2824 = CARTESIAN_POINT ( 'NONE',  ( -2.072631578947368158, -1.549999999999999378, 0.1000000000000000056 ) ) ;
#2825 = DIRECTION ( 'NONE',  ( 0.000000000000000000, 0.000000000000000000, 1.000000000000000000 ) ) ;
#2826 = EDGE_LOOP ( 'NONE', ( #2319, #1025, #1723, #474 ) ) ;
#2827 = CIRCLE ( 'NONE', #2778, 0.02000000000000005940 ) ;
#2828 = CARTESIAN_POINT ( 'NONE',  ( 0.6842105263157893802, -1.549999999999999600, -0.1000000000000000056 ) ) ;
#2829 = CYLINDRICAL_SURFACE ( 'NONE', #1776, 0.02000000000000005940 ) ;
#2830 = VECTOR ( 'NONE', #1287, 39.37007874015748143 ) ;
#2831 = CIRCLE ( 'NONE', #1543, 0.02000000000000005940 ) ;
#2832 = ORIENTED_EDGE ( 'NONE', *, *, #208, .T. ) ;
#2833 = DIRECTION ( 'NONE',  ( 0.000000000000000000, 0.000000000000000000, 1.000000000000000000 ) ) ;
#2834 = DIRECTION ( 'NONE',  ( 0.000000000000000000, 0.000000000000000000, 1.000000000000000000 ) ) ;
#2835 = EDGE_LOOP ( 'NONE', ( #2533, #1196, #1775, #1334, #805, #2718, #1090, #2185 ) ) ;
#2836 = VECTOR ( 'NONE', #1197, 39.37007874015748143 ) ;
#2837 = CYLINDRICAL_SURFACE ( 'NONE', #254, 0.02000000000000005940 ) ;
#2838 = AXIS2_PLACEMENT_3D ( 'NONE', #1529, #2234, #1753 ) ;
#2839 = CARTESIAN_POINT ( 'NONE',  ( -0.4105263157894736281, -1.549999999999999600, 0.1000000000000000056 ) ) ;
#2840 = ORIENTED_EDGE ( 'NONE', *, *, #1779, .F. ) ;
#2841 = VECTOR ( 'NONE', #1809, 39.37007874015748143 ) ;
#2842 = ADVANCED_FACE ( 'NONE', ( #1696 ), #2776, .F. ) ;
#2843 = CYLINDRICAL_SURFACE ( 'NONE', #1396, 0.02000000000000005940 ) ;
#2844 = CARTESIAN_POINT ( 'NONE',  ( 2.799999999999999822, -1.750000000000000000, 0.000000000000000000 ) ) ;
#2845 = VECTOR ( 'NONE', #1964, 39.37007874015748143 ) ;
#2846 = FACE_OUTER_BOUND ( 'NONE', #2652, .T. ) ;
#2847 = VECTOR ( 'NONE', #2561, 39.37007874015748143 ) ;
#2848 = ORIENTED_EDGE ( 'NONE', *, *, #2229, .F. ) ;
#2849 = LINE ( 'NONE', #816, #2570 ) ;
#2850 = EDGE_CURVE ( 'NONE', #1305, #2918, #2603, .T. ) ;
#2851 = ORIENTED_EDGE ( 'NONE', *, *, #813, .T. ) ;
#2852 = LINE ( 'NONE', #2660, #689 ) ;
#2853 = ADVANCED_FACE ( 'NONE', ( #1243 ), #2790, .F. ) ;
#2854 = LINE ( 'NONE', #568, #607 ) ;
#2855 = ORIENTED_EDGE ( 'NONE', *, *, #2276, .F. ) ;
#2856 = EDGE_CURVE ( 'NONE', #2224, #278, #520, .T. ) ;
#2857 = LINE ( 'NONE', #2551, #592 ) ;
#2858 = DIRECTION ( 'NONE',  ( -0.000000000000000000, 0.3243243243243243978, 0.9459459459459459429 ) ) ;
#2859 = ORIENTED_EDGE ( 'NONE', *, *, #2095, .F. ) ;
#2860 = EDGE_CURVE ( 'NONE', #1673, #1438, #2600, .T. ) ;
#2861 = DIRECTION ( 'NONE',  ( 1.000000000000000000, 0.000000000000000000, -0.000000000000000000 ) ) ;
#2862 = AXIS2_PLACEMENT_3D ( 'NONE', #424, #2445, #1550 ) ;
#2863 = ORIENTED_EDGE ( 'NONE', *, *, #763, .F. ) ;
#2864 = DIRECTION ( 'NONE',  ( 0.000000000000000000, 0.000000000000000000, 1.000000000000000000 ) ) ;
#2865 = ORIENTED_EDGE ( 'NONE', *, *, #1708, .F. ) ;
#2866 = DIRECTION ( 'NONE',  ( 0.000000000000000000, 0.000000000000000000, 1.000000000000000000 ) ) ;
#2867 = DIRECTION ( 'NONE',  ( 0.000000000000000000, -0.3243243243243243978, 0.9459459459459459429 ) ) ;
#2868 = EDGE_LOOP ( 'NONE', ( #1237, #2863 ) ) ;
#2869 = DIRECTION ( 'NONE',  ( 1.000000000000000000, 0.000000000000000000, 0.000000000000000000 ) ) ;
#2870 = CARTESIAN_POINT ( 'NONE',  ( 2.999999999999999556, -1.458333333333333703, -0.09999999999999992228 ) ) ;
#2871 = CIRCLE ( 'NONE', #1588, 0.02000000000000005940 ) ;
#2872 = ADVANCED_FACE ( 'NONE', ( #2805 ), #280, .F. ) ;
#2873 = DIRECTION ( 'NONE',  ( 0.000000000000000000, 0.000000000000000000, 1.000000000000000000 ) ) ;
#2874 = CARTESIAN_POINT ( 'NONE',  ( -0.3750000000000002220, 2.999999999999999556, -0.3749999999999999445 ) ) ;
#2875 = EDGE_CURVE ( 'NONE', #1703, #625, #1869, .T. ) ;
#2876 = ORIENTED_EDGE ( 'NONE', *, *, #1620, .F. ) ;
#2877 = CIRCLE ( 'NONE', #493, 0.02000000000000005940 ) ;
#2878 = CARTESIAN_POINT ( 'NONE',  ( -0.1000000000000000056, 3.654976622648373073E-06, 0.000000000000000000 ) ) ;
#2879 = ORIENTED_EDGE ( 'NONE', *, *, #2875, .T. ) ;
#2880 = CARTESIAN_POINT ( 'NONE',  ( 0.4105263157894736281, -1.549999999999999600, 0.1000000000000000056 ) ) ;
#2881 = CARTESIAN_POINT ( 'NONE',  ( 2.326315789473683893, -1.549999999999999822, -0.1000000000000000056 ) ) ;
#2882 = ORIENTED_EDGE ( 'NONE', *, *, #2075, .F. ) ;
#2883 = ADVANCED_FACE ( 'NONE', ( #64 ), #2106, .F. ) ;
#2884 = CARTESIAN_POINT ( 'NONE',  ( -0.7042105263157893980, -1.549999999999999600, -0.1000000000000000056 ) ) ;
#2885 = AXIS2_PLACEMENT_3D ( 'NONE', #1681, #93, #1960 ) ;
#2886 = CARTESIAN_POINT ( 'NONE',  ( -3.325961538461542855, 2.395673076923079847, -0.1000000000000000056 ) ) ;
#2887 = CARTESIAN_POINT ( 'NONE',  ( 2.326315789473683893, -1.549999999999999822, -0.1000000000000000056 ) ) ;
#2888 = DIRECTION ( 'NONE',  ( 1.000000000000000000, 0.000000000000000000, 0.000000000000000000 ) ) ;
#2889 = ORIENTED_EDGE ( 'NONE', *, *, #1818, .T. ) ;
#2890 = AXIS2_PLACEMENT_3D ( 'NONE', #2038, #450, #2522 ) ;
#2891 = AXIS2_PLACEMENT_3D ( 'NONE', #854, #1798, #1558 ) ;
#2892 = CYLINDRICAL_SURFACE ( 'NONE', #2523, 0.02000000000000005940 ) ;
#2893 = ORIENTED_EDGE ( 'NONE', *, *, #1093, .F. ) ;
#2894 = AXIS2_PLACEMENT_3D ( 'NONE', #2227, #2018, #1319 ) ;
#2895 = DIRECTION ( 'NONE',  ( 0.000000000000000000, 0.000000000000000000, 1.000000000000000000 ) ) ;
#2896 = CARTESIAN_POINT ( 'NONE',  ( -2.999999999999999556, 0.000000000000000000, 0.000000000000000000 ) ) ;
#2897 = VERTEX_POINT ( 'NONE', #1214 ) ;
#2898 = DIRECTION ( 'NONE',  ( -0.000000000000000000, 0.9797958971139983930, 0.1999999999964376385 ) ) ;
#2899 = CARTESIAN_POINT ( 'NONE',  ( -2.799999999999999822, 0.000000000000000000, 0.000000000000000000 ) ) ;
#2900 = DIRECTION ( 'NONE',  ( 1.000000000000000000, 0.000000000000000000, 0.000000000000000000 ) ) ;
#2901 = AXIS2_PLACEMENT_3D ( 'NONE', #1545, #842, #1088 ) ;
#2902 = DIRECTION ( 'NONE',  ( 0.000000000000000000, 0.000000000000000000, 1.000000000000000000 ) ) ;
#2903 = DIRECTION ( 'NONE',  ( 0.000000000000000000, 0.000000000000000000, 1.000000000000000000 ) ) ;
#2904 = VERTEX_POINT ( 'NONE', #2573 ) ;
#2905 = CARTESIAN_POINT ( 'NONE',  ( -0.7042105263157893980, -1.549999999999999600, -0.1000000000000000056 ) ) ;
#2906 = ORIENTED_EDGE ( 'NONE', *, *, #2802, .T. ) ;
#2907 = EDGE_CURVE ( 'NONE', #310, #2708, #1655, .T. ) ;
#2908 = FACE_BOUND ( 'NONE', #2367, .T. ) ;
#2909 = CARTESIAN_POINT ( 'NONE',  ( 2.999999999999999556, 0.000000000000000000, -0.5999999999999999778 ) ) ;
#2910 = ORIENTED_EDGE ( 'NONE', *, *, #2354, .F. ) ;
#2911 = DIRECTION ( 'NONE',  ( 0.000000000000000000, 0.000000000000000000, 1.000000000000000000 ) ) ;
#2912 = ADVANCED_FACE ( 'NONE', ( #1428 ), #2341, .F. ) ;
#2913 = CARTESIAN_POINT ( 'NONE',  ( 0.000000000000000000, 2.999999999999999556, 0.3749999999999999445 ) ) ;
#2914 = CARTESIAN_POINT ( 'NONE',  ( -1.231578947368420884, -1.549999999999999378, -0.1000000000000000056 ) ) ;
#2915 = CARTESIAN_POINT ( 'NONE',  ( 0.1168421052631578166, -1.549999999999999600, -0.1000000000000000056 ) ) ;
#2916 = DIRECTION ( 'NONE',  ( 1.000000000000000000, 0.000000000000000000, 0.000000000000000000 ) ) ;
#2917 = VECTOR ( 'NONE', #1893, 39.37007874015748854 ) ;
#2918 = VERTEX_POINT ( 'NONE', #980 ) ;
#2919 = CARTESIAN_POINT ( 'NONE',  ( -2.052631578947368141, -1.549999999999999378, -0.1000000000000000056 ) ) ;
#2920 = EDGE_LOOP ( 'NONE', ( #2278, #2932 ) ) ;
#2921 = PLANE ( 'NONE',  #579 ) ;
#2922 = CARTESIAN_POINT ( 'NONE',  ( -0.9932793501781063128, 0.4898979485566355985, -0.1000000000000000194 ) ) ;
#2923 = CIRCLE ( 'NONE', #783, 3.012206007469433011 ) ;
#2924 = ORIENTED_EDGE ( 'NONE', *, *, #147, .F. ) ;
#2925 = FACE_BOUND ( 'NONE', #1040, .T. ) ;
#2926 = DIRECTION ( 'NONE',  ( 0.000000000000000000, 0.000000000000000000, 1.000000000000000000 ) ) ;
#2927 = PRODUCT_DEFINITION ( 'UNKNOWN', '', #1074, #2706 ) ;
#2928 = LINE ( 'NONE', #827, #2756 ) ;
#2929 = DIRECTION ( 'NONE',  ( 0.000000000000000000, 0.000000000000000000, 1.000000000000000000 ) ) ;
#2930 = ORIENTED_EDGE ( 'NONE', *, *, #2598, .T. ) ;
#2931 = CARTESIAN_POINT ( 'NONE',  ( 0.000000000000000000, 2.999999999999999556, -0.3749999999999999445 ) ) ;
#2932 = ORIENTED_EDGE ( 'NONE', *, *, #1688, .T. ) ;
#2933 = DIRECTION ( 'NONE',  ( 0.000000000000000000, -0.000000000000000000, 1.000000000000000000 ) ) ;
#2934 = AXIS2_PLACEMENT_3D ( 'NONE', #1095, #2648, #1745 ) ;
#2935 = DIRECTION ( 'NONE',  ( 0.000000000000000000, 0.000000000000000000, -1.000000000000000000 ) ) ;
#2936 = ORIENTED_EDGE ( 'NONE', *, *, #594, .T. ) ;
#2937 = CARTESIAN_POINT ( 'NONE',  ( -0.3749999999999999445, 2.999999999999999556, 0.1000000000000000056 ) ) ;
#2938 = VECTOR ( 'NONE', #336, 39.37007874015748143 ) ;
#2939 = FACE_OUTER_BOUND ( 'NONE', #518, .T. ) ;
#2940 = LENGTH_MEASURE_WITH_UNIT ( LENGTH_MEASURE( 0.02539999999999999897 ), #2780 );
#2941 = ORIENTED_EDGE ( 'NONE', *, *, #1721, .F. ) ;
#2942 = DIRECTION ( 'NONE',  ( 0.000000000000000000, 0.000000000000000000, 1.000000000000000000 ) ) ;
#2943 = DIRECTION ( 'NONE',  ( -1.000000000000000000, 0.000000000000000000, 0.000000000000000000 ) ) ;
#2944 = ORIENTED_EDGE ( 'NONE', *, *, #1026, .F. ) ;
#2945 = EDGE_CURVE ( 'NONE', #2904, #1369, #2041, .T. ) ;
#2946 = CARTESIAN_POINT ( 'NONE',  ( -1.251578947368420902, -1.549999999999999378, -0.1000000000000000056 ) ) ;
#2947 = ORIENTED_EDGE ( 'NONE', *, *, #1513, .T. ) ;
#2948 = DIRECTION ( 'NONE',  ( 0.000000000000000000, -1.000000000000000000, 0.000000000000000000 ) ) ;
#2949 = CARTESIAN_POINT ( 'NONE',  ( -0.1168421052631578166, -1.549999999999999600, 0.1000000000000000056 ) ) ;
#2950 = ORIENTED_EDGE ( 'NONE', *, *, #701, .T. ) ;
#2951 = AXIS2_PLACEMENT_3D ( 'NONE', #1774, #1757, #2707 ) ;
#2952 = DIRECTION ( 'NONE',  ( 1.000000000000000000, 0.000000000000000000, 0.000000000000000000 ) ) ;
#2953 = DIRECTION ( 'NONE',  ( 1.000000000000000000, 0.000000000000000000, 0.000000000000000000 ) ) ;
#2954 = ORIENTED_EDGE ( 'NONE', *, *, #868, .T. ) ;
#2955 = DIRECTION ( 'NONE',  ( 0.000000000000000000, 0.000000000000000000, 1.000000000000000000 ) ) ;
#2956 = ORIENTED_EDGE ( 'NONE', *, *, #2592, .F. ) ;
#2957 = EDGE_CURVE ( 'NONE', #146, #1596, #324, .T. ) ;
#2958 = AXIS2_PLACEMENT_3D ( 'NONE', #235, #1584, #1839 ) ;
#2959 = CARTESIAN_POINT ( 'NONE',  ( -0.1000000000000000194, 2.395673076923077183, 0.1000000000000000056 ) ) ;
ENDSEC;
END-ISO-10303-21;
