  0
SECTION
  2
HEADER
  9
$ACADVER
  1
AC1024
  9
$ACADMAINTVER
 70
6
  9
$DWGCODEPAGE
  3
ANSI_1252
  9
$LASTSAVEDBY
  1
ezdxf
  9
$INSBASE
 10
0.0
 20
0.0
 30
0.0
  9
$EXTMIN
 10
1e+20
 20
1e+20
 30
1e+20
  9
$EXTMAX
 10
-1e+20
 20
-1e+20
 30
-1e+20
  9
$LIMMIN
 10
0.0
 20
0.0
  9
$LIMMAX
 10
420.0
 20
297.0
  9
$ORTHOMODE
 70
0
  9
$REGENMODE
 70
1
  9
$FILLMODE
 70
1
  9
$QTEXTMODE
 70
0
  9
$MIRRTEXT
 70
1
  9
$LTSCALE
 40
1.0
  9
$ATTMODE
 70
1
  9
$TEXTSIZE
 40
2.5
  9
$TRACEWID
 40
1.0
  9
$TEXTSTYLE
  7
Standard
  9
$CLAYER
  8
0
  9
$CELTYPE
  6
ByLayer
  9
$CECOLOR
 62
256
  9
$CELTSCALE
 40
1.0
  9
$DISPSILH
 70
0
  9
$DIMSCALE
 40
1.0
  9
$DIMASZ
 40
2.5
  9
$DIMEXO
 40
0.625
  9
$DIMDLI
 40
3.75
  9
$DIMRND
 40
0.0
  9
$DIMDLE
 40
0.0
  9
$DIMEXE
 40
1.25
  9
$DIMTP
 40
0.0
  9
$DIMTM
 40
0.0
  9
$DIMTXT
 40
2.5
  9
$DIMCEN
 40
2.5
  9
$DIMTSZ
 40
0.0
  9
$DIMTOL
 70
0
  9
$DIMLIM
 70
0
  9
$DIMTIH
 70
0
  9
$DIMTOH
 70
0
  9
$DIMSE1
 70
0
  9
$DIMSE2
 70
0
  9
$DIMTAD
 70
1
  9
$DIMZIN
 70
8
  9
$DIMBLK
  1

  9
$DIMASO
 70
1
  9
$DIMSHO
 70
1
  9
$DIMPOST
  1

  9
$DIMAPOST
  1

  9
$DIMALT
 70
0
  9
$DIMALTD
 70
3
  9
$DIMALTF
 40
0.03937007874
  9
$DIMLFAC
 40
1.0
  9
$DIMTOFL
 70
1
  9
$DIMTVP
 40
0.0
  9
$DIMTIX
 70
0
  9
$DIMSOXD
 70
0
  9
$DIMSAH
 70
0
  9
$DIMBLK1
  1

  9
$DIMBLK2
  1

  9
$DIMSTYLE
  2
ISO-25
  9
$DIMCLRD
 70
0
  9
$DIMCLRE
 70
0
  9
$DIMCLRT
 70
0
  9
$DIMTFAC
 40
1.0
  9
$DIMGAP
 40
0.625
  9
$DIMJUST
 70
0
  9
$DIMSD1
 70
0
  9
$DIMSD2
 70
0
  9
$DIMTOLJ
 70
0
  9
$DIMTZIN
 70
8
  9
$DIMALTZ
 70
0
  9
$DIMALTTZ
 70
0
  9
$DIMUPT
 70
0
  9
$DIMDEC
 70
2
  9
$DIMTDEC
 70
2
  9
$DIMALTU
 70
2
  9
$DIMALTTD
 70
3
  9
$DIMTXSTY
  7
Standard
  9
$DIMAUNIT
 70
0
  9
$DIMADEC
 70
0
  9
$DIMALTRND
 40
0.0
  9
$DIMAZIN
 70
0
  9
$DIMDSEP
 70
44
  9
$DIMATFIT
 70
3
  9
$DIMFRAC
 70
0
  9
$DIMLDRBLK
  1

  9
$DIMLUNIT
 70
2
  9
$DIMLWD
 70
-2
  9
$DIMLWE
 70
-2
  9
$DIMTMOVE
 70
0
  9
$DIMFXL
 40
1.0
  9
$DIMFXLON
 70
0
  9
$DIMJOGANG
 40
0.785398163397
  9
$DIMTFILL
 70
0
  9
$DIMTFILLCLR
 70
0
  9
$DIMARCSYM
 70
0
  9
$DIMLTYPE
  6

  9
$DIMLTEX1
  6

  9
$DIMLTEX2
  6

  9
$DIMTXTDIRECTION
 70
0
  9
$LUNITS
 70
2
  9
$LUPREC
 70
4
  9
$SKETCHINC
 40
1.0
  9
$FILLETRAD
 40
10.0
  9
$AUNITS
 70
0
  9
$AUPREC
 70
2
  9
$MENU
  1
.
  9
$ELEVATION
 40
0.0
  9
$PELEVATION
 40
0.0
  9
$THICKNESS
 40
0.0
  9
$LIMCHECK
 70
0
  9
$CHAMFERA
 40
0.0
  9
$CHAMFERB
 40
0.0
  9
$CHAMFERC
 40
0.0
  9
$CHAMFERD
 40
0.0
  9
$SKPOLY
 70
0
  9
$TDCREATE
 40
2461323.776111111
  9
$TDUCREATE
 40
2458532.153996898
  9
$TDUPDATE
 40
2461323.776111111
  9
$TDUUPDATE
 40
2458532.1544311
  9
$TDINDWG
 40
0.0
  9
$TDUSRTIMER
 40
0.0
  9
$USRTIMER
 70
1
  9
$ANGBASE
 50
0.0
  9
$ANGDIR
 70
0
  9
$PDMODE
 70
0
  9
$PDSIZE
 40
0.0
  9
$PLINEWID
 40
0.0
  9
$SPLFRAME
 70
0
  9
$SPLINETYPE
 70
6
  9
$SPLINESEGS
 70
8
  9
$HANDSEED
  5
A2
  9
$SURFTAB1
 70
6
  9
$SURFTAB2
 70
6
  9
$SURFTYPE
 70
6
  9
$SURFU
 70
6
  9
$SURFV
 70
6
  9
$UCSBASE
  2

  9
$UCSNAME
  2

  9
$UCSORG
 10
0.0
 20
0.0
 30
0.0
  9
$UCSXDIR
 10
1.0
 20
0.0
 30
0.0
  9
$UCSYDIR
 10
0.0
 20
1.0
 30
0.0
  9
$UCSORTHOREF
  2

  9
$UCSORTHOVIEW
 70
0
  9
$UCSORGTOP
 10
0.0
 20
0.0
 30
0.0
  9
$UCSORGBOTTOM
 10
0.0
 20
0.0
 30
0.0
  9
$UCSORGLEFT
 10
0.0
 20
0.0
 30
0.0
  9
$UCSORGRIGHT
 10
0.0
 20
0.0
 30
0.0
  9
$UCSORGFRONT
 10
0.0
 20
0.0
 30
0.0
  9
$UCSORGBACK
 10
0.0
 20
0.0
 30
0.0
  9
$PUCSBASE
  2

  9
$PUCSNAME
  2

  9
$PUCSORG
 10
0.0
 20
0.0
 30
0.0
  9
$PUCSXDIR
 10
1.0
 20
0.0
 30
0.0
  9
$PUCSYDIR
 10
0.0
 20
1.0
 30
0.0
  9
$PUCSORTHOREF
  2

  9
$PUCSORTHOVIEW
 70
0
  9
$PUCSORGTOP
 10
0.0
 20
0.0
 30
0.0
  9
$PUCSORGBOTTOM
 10
0.0
 20
0.0
 30
0.0
  9
$PUCSORGLEFT
 10
0.0
 20
0.0
 30
0.0
  9
$PUCSORGRIGHT
 10
0.0
 20
0.0
 30
0.0
  9
$PUCSORGFRONT
 10
0.0
 20
0.0
 30
0.0
  9
$PUCSORGBACK
 10
0.0
 20
0.0
 30
0.0
  9
$USERI1
 70
0
  9
$USERI2
 70
0
  9
$USERI3
 70
0
  9
$USERI4
 70
0
  9
$USERI5
 70
0
  9
$USERR1
 40
0.0
  9
$USERR2
 40
0.0
  9
$USERR3
 40
0.0
  9
$USERR4
 40
0.0
  9
$USERR5
 40
0.0
  9
$WORLDVIEW
 70
1
  9
$SHADEDGE
 70
3
  9
$SHADEDIF
 70
70
  9
$TILEMODE
 70
1
  9
$MAXACTVP
 70
64
  9
$PINSBASE
 10
0.0
 20
0.0
 30
0.0
  9
$PLIMCHECK
 70
0
  9
$PEXTMIN
 10
1e+20
 20
1e+20
 30
1e+20
  9
$PEXTMAX
 10
-1e+20
 20
-1e+20
 30
-1e+20
  9
$PLIMMIN
 10
0.0
 20
0.0
  9
$PLIMMAX
 10
420.0
 20
297.0
  9
$UNITMODE
 70
0
  9
$VISRETAIN
 70
1
  9
$PLINEGEN
 70
0
  9
$PSLTSCALE
 70
1
  9
$TREEDEPTH
 70
3020
  9
$CMLSTYLE
  2
Standard
  9
$CMLJUST
 70
0
  9
$CMLSCALE
 40
20.0
  9
$PROXYGRAPHICS
 70
1
  9
$MEASUREMENT
 70
1
  9
$CELWEIGHT
370
-1
  9
$ENDCAPS
280
0
  9
$JOINSTYLE
280
0
  9
$LWDISPLAY
290
0
  9
$INSUNITS
 70
4
  9
$HYPERLINKBASE
  1

  9
$STYLESHEET
  1

  9
$XEDIT
290
1
  9
$CEPSNTYPE
380
0
  9
$PSTYLEMODE
290
1
  9
$FINGERPRINTGUID
  2
{B2439680-35E4-40C5-8790-9B12449C0DAD}
  9
$VERSIONGUID
  2
{C3248A5C-715C-4214-B39D-FEB29E6D2292}
  9
$EXTNAMES
290
1
  9
$PSVPSCALE
 40
0.0
  9
$OLESTARTUP
290
0
  9
$SORTENTS
280
127
  9
$INDEXCTL
280
0
  9
$HIDETEXT
280
1
  9
$XCLIPFRAME
280
1
  9
$HALOGAP
280
0
  9
$OBSCOLOR
 70
257
  9
$OBSLTYPE
280
0
  9
$INTERSECTIONDISPLAY
280
0
  9
$INTERSECTIONCOLOR
 70
257
  9
$DIMASSOC
280
2
  9
$PROJECTNAME
  1

  9
$CAMERADISPLAY
290
0
  9
$LENSLENGTH
 40
50.0
  9
$CAMERAHEIGHT
 40
0.0
  9
$STEPSPERSEC
 40
24.0
  9
$STEPSIZE
 40
100.0
  9
$3DDWFPREC
 40
2.0
  9
$PSOLWIDTH
 40
0.005
  9
$PSOLHEIGHT
 40
0.08
  9
$LOFTANG1
 40
1.570796326795
  9
$LOFTANG2
 40
1.570796326795
  9
$LOFTMAG1
 40
0.0
  9
$LOFTMAG2
 40
0.0
  9
$LOFTPARAM
 70
7
  9
$LOFTNORMALS
280
1
  9
$LATITUDE
 40
37.795
  9
$LONGITUDE
 40
-122.394
  9
$NORTHDIRECTION
 40
0.0
  9
$TIMEZONE
 70
-8000
  9
$LIGHTGLYPHDISPLAY
280
1
  9
$TILEMODELIGHTSYNCH
280
1
  9
$CMATERIAL
347
20
  9
$SOLIDHIST
280
0
  9
$SHOWHIST
280
1
  9
$DWFFRAME
280
2
  9
$DGNFRAME
280
2
  9
$REALWORLDSCALE
290
1
  9
$INTERFERECOLOR
 62
256
  9
$CSHADOW
280
0
  9
$SHADOWPLANELOCATION
 40
0.0
  0
ENDSEC
  0
SECTION
  2
CLASSES
  0
CLASS
  1
ACDBDICTIONARYWDFLT
  2
AcDbDictionaryWithDefault
  3
ObjectDBX Classes
 90
0
 91
0
280
0
281
0
  0
CLASS
  1
SUN
  2
AcDbSun
  3
SCENEOE
 90
1153
 91
0
280
0
281
0
  0
CLASS
  1
VISUALSTYLE
  2
AcDbVisualStyle
  3
ObjectDBX Classes
 90
4095
 91
0
280
0
281
0
  0
CLASS
  1
MATERIAL
  2
AcDbMaterial
  3
ObjectDBX Classes
 90
1153
 91
0
280
0
281
0
  0
CLASS
  1
SCALE
  2
AcDbScale
  3
ObjectDBX Classes
 90
1153
 91
0
280
0
281
0
  0
CLASS
  1
TABLESTYLE
  2
AcDbTableStyle
  3
ObjectDBX Classes
 90
4095
 91
0
280
0
281
0
  0
CLASS
  1
MLEADERSTYLE
  2
AcDbMLeaderStyle
  3
ACDB_MLEADERSTYLE_CLASS
 90
4095
 91
0
280
0
281
0
  0
CLASS
  1
DICTIONARYVAR
  2
AcDbDictionaryVar
  3
ObjectDBX Classes
 90
0
 91
0
280
0
281
0
  0
CLASS
  1
CELLSTYLEMAP
  2
AcDbCellStyleMap
  3
ObjectDBX Classes
 90
1152
 91
0
280
0
281
0
  0
CLASS
  1
MENTALRAYRENDERSETTINGS
  2
AcDbMentalRayRenderSettings
  3
SCENEOE
 90
1024
 91
0
280
0
281
0
  0
CLASS
  1
ACDBDETAILVIEWSTYLE
  2
AcDbDetailViewStyle
  3
ObjectDBX Classes
 90
1025
 91
0
280
0
281
0
  0
CLASS
  1
ACDBSECTIONVIEWSTYLE
  2
AcDbSectionViewStyle
  3
ObjectDBX Classes
 90
1025
 91
0
280
0
281
0
  0
CLASS
  1
RASTERVARIABLES
  2
AcDbRasterVariables
  3
ISM
 90
0
 91
0
280
0
281
0
  0
CLASS
  1
LAYOUT
  2
AcDbLayout
  3
ObjectDBX Classes
 90
0
 91
0
280
0
281
0
  0
CLASS
  1
ACDBPLACEHOLDER
  2
AcDbPlaceHolder
  3
ObjectDBX Classes
 90
0
 91
0
280
0
281
0
  0
ENDSEC
  0
SECTION
  2
TABLES
  0
TABLE
  2
VPORT
  5
8
330
0
100
AcDbSymbolTable
 70
1
  0
VPORT
  5
23
330
8
100
AcDbSymbolTableRecord
100
AcDbViewportTableRecord
  2
*Active
 70
0
 10
0.0
 20
0.0
 11
1.0
 21
1.0
 12
0.0
 22
0.0
 13
0.0
 23
0.0
 14
0.5
 24
0.5
 15
0.5
 25
0.5
 16
0.0
 26
0.0
 36
1.0
 17
0.0
 27
0.0
 37
0.0
 40
1000.0
 41
1.34
 42
50.0
 43
0.0
 44
0.0
 50
0.0
 51
0.0
 71
0
 72
1000
 73
1
 74
3
 75
0
 76
0
 77
0
 78
0
281
0
 65
0
146
0.0
  0
ENDTAB
  0
TABLE
  2
LTYPE
  5
2
330
0
100
AcDbSymbolTable
 70
3
  0
LTYPE
  5
24
330
2
100
AcDbSymbolTableRecord
100
AcDbLinetypeTableRecord
  2
ByBlock
 70
0
  3

 72
65
 73
0
 40
0.0
  0
LTYPE
  5
25
330
2
100
AcDbSymbolTableRecord
100
AcDbLinetypeTableRecord
  2
ByLayer
 70
0
  3

 72
65
 73
0
 40
0.0
  0
LTYPE
  5
26
330
2
100
AcDbSymbolTableRecord
100
AcDbLinetypeTableRecord
  2
Continuous
 70
0
  3

 72
65
 73
0
 40
0.0
  0
ENDTAB
  0
TABLE
  2
LAYER
  5
1
330
0
100
AcDbSymbolTable
 70
2
  0
LAYER
  5
27
330
1
100
AcDbSymbolTableRecord
100
AcDbLayerTableRecord
  2
0
 70
0
 62
7
  6
Continuous
370
-3
390
13
347
21
  0
LAYER
  5
28
330
1
100
AcDbSymbolTableRecord
100
AcDbLayerTableRecord
  2
Defpoints
 70
0
 62
7
  6
Continuous
290
0
370
-3
390
13
347
21
  0
ENDTAB
  0
TABLE
  2
STYLE
  5
5
330
0
100
AcDbSymbolTable
 70
1
  0
STYLE
  5
29
330
5
100
AcDbSymbolTableRecord
100
AcDbTextStyleTableRecord
  2
Standard
 70
0
 40
0.0
 41
1.0
 50
0.0
 71
0
 42
2.5
  3
txt
  4

  0
ENDTAB
  0
TABLE
  2
VIEW
  5
7
330
0
100
AcDbSymbolTable
 70
0
  0
ENDTAB
  0
TABLE
  2
UCS
  5
6
330
0
100
AcDbSymbolTable
 70
0
  0
ENDTAB
  0
TABLE
  2
APPID
  5
3
330
0
100
AcDbSymbolTable
 70
3
  0
APPID
  5
2A
330
3
100
AcDbSymbolTableRecord
100
AcDbRegAppTableRecord
  2
ACAD
 70
0
  0
APPID
  5
9F
330
3
100
AcDbSymbolTableRecord
100
AcDbRegAppTableRecord
  2
HATCHBACKGROUNDCOLOR
 70
0
  0
APPID
  5
A0
330
3
100
AcDbSymbolTableRecord
100
AcDbRegAppTableRecord
  2
EZDXF
 70
0
  0
ENDTAB
  0
TABLE
  2
DIMSTYLE
  5
4
330
0
100
AcDbSymbolTable
 70
1
100
AcDbDimStyleTable
  0
DIMSTYLE
105
2B
330
4
100
AcDbSymbolTableRecord
100
AcDbDimStyleTableRecord
  2
Standard
 70
0
 40
1.0
 41
2.5
 42
0.625
 43
3.75
 44
1.25
 45
0.0
 46
0.0
 47
0.0
 48
0.0
 49
2.5
140
2.5
141
2.5
142
0.0
143
0.03937007874
144
1.0
145
0.0
146
1.0
147
0.625
148
0.0
 69
0
 70
0
 71
0
 72
0
 73
0
 74
0
 75
0
 76
0
 77
1
 78
8
 79
3
170
0
171
3
172
1
173
0
174
0
175
0
176
0
177
0
178
0
179
2
271
2
272
2
273
2
274
3
275
0
276
0
277
2
278
44
279
0
280
0
281
0
282
0
283
0
284
8
285
0
286
0
288
0
289
3
290
0
371
-2
372
-2
  0
ENDTAB
  0
TABLE
  2
BLOCK_RECORD
  5
9
330
0
100
AcDbSymbolTable
 70
2
  0
BLOCK_RECORD
  5
17
330
9
100
AcDbSymbolTableRecord
100
AcDbBlockTableRecord
  2
*Model_Space
340
1A
 70
0
280
1
281
0
  0
BLOCK_RECORD
  5
1B
330
9
100
AcDbSymbolTableRecord
100
AcDbBlockTableRecord
  2
*Paper_Space
340
1E
 70
0
280
1
281
0
  0
ENDTAB
  0
ENDSEC
  0
SECTION
  2
BLOCKS
  0
BLOCK
  5
18
330
17
100
AcDbEntity
  8
0
100
AcDbBlockBegin
  2
*Model_Space
 70
0
 10
0.0
 20
0.0
 30
0.0
  3
*Model_Space
  1

  0
ENDBLK
  5
19
330
17
100
AcDbEntity
  8
0
100
AcDbBlockEnd
  0
BLOCK
  5
1C
330
1B
100
AcDbEntity
  8
0
100
AcDbBlockBegin
  2
*Paper_Space
 70
0
 10
0.0
 20
0.0
 30
0.0
  3
*Paper_Space
  1

  0
ENDBLK
  5
1D
330
1B
100
AcDbEntity
  8
0
100
AcDbBlockEnd
  0
ENDSEC
  0
SECTION
  2
ENTITIES
  0
LWPOLYLINE
  5
2F
330
17
100
AcDbEntity
  8
0
100
AcDbPolyline
 90
90
 70
1
 10
1.9989516375027239
 20
4.724808155171671
 10
2.0051428341096655
 20
4.7413749297426
 10
2.119685154445242
 20
5.014777055555692
 10
2.1269122547658936
 20
5.030342974360162
 10
2.135298480286538
 20
5.045316284908921
 10
2.288487044196516
 20
5.296024788270289
 10
2.301286585747654
 20
5.314786151693478
 10
2.315902640756021
 20
5.332169705916037
 10
2.3321879178172353
 20
5.348000270418154
 10
2.349978304157566
 20
5.362118314733094
 10
2.369094519459101
 20
5.374381566094852
 10
2.3893439225340387
 20
5.384666443173596
 10
2.4105224526413385
 20
5.392869301450467
 10
2.4324166858824228
 20
5.398907477681903
 10
2.4548059859528966
 20
5.402720122927721
 10
2.477464727576464
 20
5.404268815748446
 10
2.5001645702143724
 20
5.403537949392469
 10
2.52267675913775
 20
5.400534889070954
 10
2.5447744306737476
 20
5.395289897735981
 10
2.5662348983948764
 20
5.387855831109507
 10
2.5868418972127136
 20
5.378307605036679
 10
2.6063877627613463
 20
5.3667414405310465
 10
2.6246755241081505
 20
5.353273894119827
 10
2.6415208887029533
 20
5.338040683260495
 10
3.537839454043113
 20
4.441722117920335
 10
5.338048035757845
 20
2.6415212305884226
 10
5.3527818738033535
 20
2.6252850638744234
 10
5.365874950582018
 20
2.6076989775109154
 10
5.377204305321511
 20
2.588928127388914
 10
5.386663540860043
 20
2.5691487958495802
 10
5.394163822852048
 20
2.548546736167195
 10
5.399634714036506
 20
2.527315428087753
 10
5.403024835733198
 20
2.505654260806235
 10
5.4043023503542695
 20
2.4837666604464577
 10
5.403455260400031
 20
2.461858179629083
 10
5.400491521130887
 20
2.4401345670689927
 10
5.395438965857165
 20
2.4187998353312263
 10
5.388345044548752
 20
2.398054344891461
 10
5.379276378218984
 20
2.378092922494357
 10
5.368318133267983
 20
2.359103031480709
 10
5.355573221660985
 20
2.34126301126643
 10
5.341161334453086
 20
2.324740402506825
 10
5.325217817736841
 20
2.309690373675116
 10
5.307892401568984
 20
2.296254263831621
 10
5.259002649233427
 20
2.2619999503365857
 10
5.252939329915719
 20
2.257896369397025
 10
5.202868730156343
 20
2.2251778067665935
 10
5.196774461062254
 20
2.2213326001453773
 10
5.145758894824429
 20
2.190268810874892
 10
5.139575771027673
 20
2.1866369099495215
 10
5.0878511192567855
 20
2.1573469165343573
 10
5.072706958598912
 20
2.1495097447347304
 10
4.859535625559574
 20
2.0491895305739263
 10
4.833928168731941
 20
2.0389940041680954
 10
4.607758857849064
 20
1.9645564939866378
 10
4.58032599200552
 20
1.9573978780557577
 10
4.342812755290616
 20
1.9110886295997485
 10
4.3140703513354905
 20
1.9073757391285202
 10
4.066867240800038
 20
1.891440310144053
 10
4.0481857207480125
 20
1.8910093518581388
 10
4.029532358061056
 20
1.8921215465206553
 10
3.640178321887312
 20
1.9315267087840242
 10
3.617719481941582
 20
1.9349460877197964
 10
3.5957167817681084
 20
1.9406005398674595
 10
3.232777353892039
 20
2.0535763919166543
 10
3.2119430976262224
 20
2.0612009353206227
 10
3.191955783645599
 20
2.070829391900448
 10
2.8632903260100164
 20
2.2495164816241378
 10
2.8447228131288216
 20
2.2607985921393157
 10
2.8273231061577824
 20
2.2738096931531295
 10
2.54079098070545
 20
2.5103485684399747
 10
2.524844755825008
 20
2.5248433581203003
 10
2.5103499226944774
 20
2.540789543505322
 10
2.273810491368191
 20
2.8273207522439834
 10
2.26079932343321
 20
2.8447204526483962
 10
2.2495171485363117
 20
2.863287967150654
 10
2.0708297732788514
 20
3.191952057229793
 10
2.0612012393272443
 20
3.2119394167211386
 10
2.053576630257234
 20
3.232773728373382
 10
1.9406006730113796
 20
3.595711247681667
 10
1.934946158127032
 20
3.6177140559501764
 10
1.9315267395693378
 20
3.6401730115582547
 10
1.892121562277885
 20
4.0295245079843305
 10
1.8909837170768755
 20
4.049973552345308
 10
1.8916997932171904
 20
4.070441706681738
 10
1.9165388262042578
 20
4.37930243723853
 10
1.9187113135013385
 20
4.397277959129564
 10
1.9223142833560385
 20
4.415022189080082
 10
1.9940734267172953
 20
4.707808390624982
 10
1.9989516375027239
 20
4.724808155171671
  0
LWPOLYLINE
  5
30
330
17
100
AcDbEntity
  8
0
100
AcDbPolyline
 90
18
 70
1
 10
3.0985723527056392
 20
2.636634540731343
 10
3.388521892673158
 20
2.4789963154178407
 10
3.7084280725842125
 20
2.3794158607321836
 10
4.056454807497811
 20
2.3441932903023726
 10
4.270471920990775
 20
2.3579894537330954
 10
4.479791959513634
 20
2.398801720892806
 10
4.679354719762112
 20
2.464482404712582
 10
4.812511040703971
 20
2.527146884233801
 10
3.217884737743267
 20
4.121766371503616
 10
2.5260097297379973
 20
4.81364137950816
 10
2.4293316449827516
 20
4.582879563140355
 10
2.366112716494124
 20
4.324938497083565
 10
2.3443754822243257
 20
4.054647054564242
 10
2.3794158320573433
 20
3.708423193119017
 10
2.4789962577745284
 20
3.3885190864177037
 10
2.636634622243013
 20
3.0985709602842935
 10
2.845528554083296
 20
2.8455280301784653
 10
3.0985723527056392
 20
2.636634540731343
  0
LWPOLYLINE
  5
31
330
17
100
AcDbEntity
  8
0
100
AcDbPolyline
 90
89
 70
1
 10
2.7187808760459524
 20
5.537796240386458
 10
2.7113020787802697
 20
5.558711559686927
 10
2.705910291891144
 20
5.580259451094777
 10
2.702657487262035
 20
5.602232212687869
 10
2.7015750189480046
 20
5.6244180471849345
 10
2.702673320951385
 20
5.6466031034772035
 10
2.705941806647589
 20
5.668573537957101
 10
2.7113489708304477
 20
5.690117575774601
 10
2.7188426933934924
 20
5.711027552152634
 10
2.728350741720067
 20
5.731101914085255
 10
2.7397814669394567
 20
5.750147163123823
 10
2.753024687338099
 20
5.767979720524672
 10
2.767952750410247
 20
5.78442769678002
 10
2.784421763311095
 20
5.799332548475138
 10
2.802272979851971
 20
5.812550606501659
 10
2.9084019726861063
 20
5.883342181132841
 10
2.9199224566098847
 20
5.890536640735187
 10
3.030306683990821
 20
5.954947888265736
 10
3.043150567417116
 20
5.961896869565169
 10
3.157789307996409
 20
6.019217261765129
 10
3.171982385427304
 20
6.025711959044301
 10
3.2908749178564944
 20
6.075230967683682
 10
3.307535532428372
 20
6.081414094426962
 10
3.4684089821231483
 20
6.1340273272719115
 10
3.4879794972066223
 20
6.139468407172981
 10
3.6544058873220293
 20
6.177781628209828
 10
3.6745287359976513
 20
6.1814650566698335
 10
3.8459180034960014
 20
6.204886760163971
 10
3.8663427866964883
 20
6.206739783613458
 10
4.042104868540111
 20
6.214678463830304
 10
4.075071509875394
 20
6.213761318764762
 10
4.464839524922913
 20
6.174353676866084
 10
4.487287691676115
 20
6.17093879284751
 10
4.509280503913834
 20
6.165290976161796
 10
4.872531028340008
 20
6.052297766665356
 10
4.893369475004914
 20
6.0446762518328665
 10
4.913361132553468
 20
6.035050142743025
 10
5.242249501890318
 20
5.856315939948251
 10
5.260829129066453
 20
5.845030202473871
 10
5.278239841755364
 20
5.832013386426561
 10
5.564921391534911
 20
5.595382764632863
 10
5.580879492803938
 20
5.580878095313685
 10
5.5953841186618405
 20
5.564919954541866
 10
5.8320141844160895
 20
5.278237488048664
 10
5.845030933502531
 20
5.2608267688517545
 10
5.856316606568488
 20
5.242247143366266
 10
6.035050523829509
 20
4.913357406472981
 10
6.044676555569458
 20
4.893365794510088
 10
6.052298004771545
 20
4.872527403305545
 10
6.165291109071342
 20
4.509274970311586
 10
6.1709388631293995
 20
4.487282266090139
 10
6.17435370760426
 20
4.4648342149033295
 10
6.213761334474854
 20
4.075063660108125
 10
6.214897147683237
 20
4.054610247758461
 10
6.214178268035694
 20
4.034137940598742
 10
6.189339235048626
 20
3.72581389329381
 10
6.187167583510983
 20
3.7078592929728433
 10
6.183568756057
 20
3.6901355184300613
 10
6.111809612695744
 20
3.3972916090086067
 10
6.10694427003826
 20
3.380328310616717
 10
6.100771573476999
 20
3.3637958314115277
 10
5.986229253141439
 20
3.0900965100342117
 10
5.979004852381443
 20
3.074521283883882
 10
5.970620128952213
 20
3.0595387590969674
 10
5.8174315650422335
 20
2.808648475924476
 10
5.804633493324886
 20
2.7898769446285616
 10
5.790017298439738
 20
2.772483616196238
 10
5.773730371432292
 20
2.7566438865416534
 10
5.755936951163604
 20
2.7425174849468434
 10
5.7368164681104865
 20
2.730246863337037
 10
5.716561734972193
 20
2.719955759782425
 10
5.6953770023295185
 20
2.7117479507121542
 10
5.673475898963311
 20
2.7057062044232976
 10
5.651079277602306
 20
2.701891446437823
 10
5.628412987823991
 20
2.7003421451240444
 10
5.605705598566801
 20
2.7010739237780403
 10
5.583186093220109
 20
2.7040794030769697
 10
5.561081560534759
 20
2.709328275492789
 10
5.539614904639293
 20
2.716767610916185
 10
5.519002597254439
 20
2.7263223904085576
 10
5.499452494772385
 20
2.737896262699953
 10
5.481161742214019
 20
2.751372515803986
 10
5.464314785200398
 20
2.766615253952264
 10
3.217861253146422
 20
5.014330652678597
 10
2.7678385350872294
 20
5.464361064749044
 10
2.752922214689437
 20
5.480819690930237
 10
2.7396917247075323
 20
5.498661695437036
 10
2.728274594937741
 20
5.517715097700196
 10
2.7187808760459524
 20
5.537796240386458
  0
LWPOLYLINE
  5
32
330
17
100
AcDbEntity
  8
0
100
AcDbPolyline
 90
20
 70
1
 10
5.726456523966879
 20
4.396641030184156
 10
5.626847594229459
 20
4.71686575804936
 10
5.469162964507447
 20
5.007022529501142
 10
5.260193771601502
 20
5.260193247484138
 10
5.0070239221825465
 20
5.469162882723978
 10
4.716868564715515
 20
5.6268476515957735
 10
4.396645910063421
 20
5.72645655253203
 10
4.046004699953758
 20
5.7619082640872685
 10
3.897013879496174
 20
5.755178766652721
 10
3.745939741559721
 20
5.734533286827598
 10
3.599398935659607
 20
5.700797950241396
 10
3.4566403101929652
 20
5.654109122367364
 10
3.353165195537976
 20
5.611011503098346
 10
3.291785477842306
 20
5.580321097100685
 10
3.5378409947620026
 20
5.334261373384664
 10
5.579842670714469
 20
3.2911126862885243
 10
5.67653645261573
 20
3.522162855433427
 10
5.739771222212984
 20
3.7802194078507565
 10
5.761504435869623
 20
4.049991278561116
 10
5.726456523966879
 20
4.396641030184156
  0
LWPOLYLINE
  5
33
330
17
100
AcDbEntity
  8
0
100
AcDbPolyline
 90
263
 70
1
 10
21.31497245197796
 20
8.868597499915154
 10
21.289634350821736
 20
8.682339548293484
 10
21.28665982551961
 20
8.665351006213896
 10
21.248273582753615
 20
8.486533902158914
 10
21.24122704519861
 20
8.461062776437975
 10
21.18419982555569
 20
8.293664490679339
 10
21.173600863931625
 20
8.267878903877072
 10
21.09794351149378
 20
8.111910280496698
 10
21.083877481041498
 20
8.087045515904702
 10
20.98960083989071
 20
7.942517398984488
 10
20.970776222737275
 20
7.917603164479422
 10
20.855719609544426
 20
7.785390309963832
 10
20.832680629174284
 20
7.762471272175069
 10
20.6948460218395
 20
7.643780987854507
 10
20.671160357426864
 20
7.625948691740521
 10
20.510542333909168
 20
7.520770133533151
 10
20.487755965564695
 20
7.507673512539925
 10
20.304349103823128
 20
7.415995836363939
 10
20.2780418208167
 20
7.404862092383858
 10
20.066037307618707
 20
7.330538562026154
 10
20.03889661711557
 20
7.322885933688987
 10
19.79273866780716
 20
7.269784271713029
 10
19.770586334457
 20
7.266144933121064
 10
19.49025868291523
 20
7.234275983608762
 10
19.47234191813292
 20
7.2329570007386215
 10
19.15782829823489
 20
7.222331607771874
 10
19.142229543607275
 20
7.222342677286851
 10
18.781782199904022
 20
7.235032060518618
 10
18.762882120072607
 20
7.236492079272376
 10
18.444439327813658
 20
7.274567458355674
 10
18.420670705832954
 20
7.278704950262279
 10
18.14422704297728
 20
7.342177169279094
 10
18.114656674364028
 20
7.3511311392503105
 10
17.880206718870614
 20
7.440011042282673
 10
17.8516542222438
 20
7.453171463375358
 10
17.65130800081848
 20
7.562994903352362
 10
17.626995272410824
 20
7.578411097514984
 10
17.453119455032375
 20
7.7048585151257605
 10
17.42863485107908
 20
7.725462695539494
 10
17.281218593665518
 20
7.868501558538167
 10
17.269352878825078
 20
7.880923670029195
 10
17.258463899920162
 20
7.894210286640617
 10
17.13749635838956
 20
8.053808062781274
 10
17.12031062615319
 20
8.080089671851018
 10
17.022862994704603
 20
8.25444082148846
 10
17.010975810715152
 20
8.279104714026975
 10
16.93428917416529
 20
8.466425385679917
 10
16.925762799220863
 20
8.491280164786682
 10
16.869820891446764
 20
8.691570358455149
 10
16.864503634655918
 20
8.715573436361858
 10
16.829290189534643
 20
8.928833152045858
 10
16.82734565823323
 20
8.943631755729173
 10
16.805568934325
 20
9.165910132904216
 10
16.8050169717429
 20
9.172550429309759
 10
16.789475594957548
 20
9.40005565398596
 10
16.789130654385442
 20
9.406424163851224
 10
16.779813780640985
 20
9.639134547864682
 10
16.77965192148695
 20
9.645234243518313
 10
16.776548706701444
 20
9.883128098705125
 10
16.776529460455798
 20
9.88607907609818
 10
16.776529460455798
 20
10.98043490922443
 10
16.776548719866252
 20
10.983386895664223
 10
16.77965193465174
 20
11.221199420236655
 10
16.779813856527692
 20
11.227300002090052
 10
16.78913073027213
 20
11.459961587734812
 10
16.789475520005446
 20
11.466327105114544
 10
16.8050168967908
 20
11.69384859591357
 10
16.805567838612934
 20
11.700478802592322
 10
16.82734456252115
 20
11.922871042627579
 10
16.829291997869408
 20
11.937691783245297
 10
16.864505442990687
 20
12.150886434437854
 10
16.8698225991925
 20
12.174884676329185
 10
16.925764506966598
 20
12.375153181833902
 10
16.93428569500173
 20
12.39999334802326
 10
17.010972331551592
 20
12.587335707840163
 10
17.02284545960259
 20
12.61197672007252
 10
17.120293091051177
 20
12.786392934201679
 10
17.137503064132943
 20
12.812714769271894
 10
17.258470605663568
 20
12.97229627928937
 10
17.26936366034416
 20
12.985586229473741
 10
17.28123397583506
 20
12.998011084656959
 10
17.42865023324862
 20
13.141022837450652
 10
17.453123187151263
 20
13.161614807913477
 10
17.62699900452973
 20
13.288056803483368
 10
17.65127084971334
 20
13.3034499140207
 10
17.85161707113866
 20
13.413322152366726
 10
17.880245222058566
 20
13.426517535579446
 10
18.114695177551994
 20
13.51534864024281
 10
18.144222934698746
 20
13.524287074362714
 10
18.420666597554437
 20
13.587764715420526
 10
18.444420473021346
 20
13.591900895418167
 10
18.762863265280295
 20
13.630003384706454
 10
18.781772009098006
 20
13.631465299688834
 10
19.14221935280126
 20
13.644170949043595
 10
19.157828298234936
 20
13.644182377551157
 10
19.472341918132965
 20
13.633556984584352
 10
19.49025868291531
 20
13.632238001714212
 10
19.770586334457082
 20
13.600369052201806
 10
19.79273866780716
 20
13.596729713609847
 10
20.038896617115586
 20
13.543628051633883
 10
20.06603730761853
 20
13.53597542329678
 10
20.278041820816522
 20
13.461651892939285
 10
20.304406531123682
 20
13.450489433187457
 10
20.487813392865217
 20
13.358746692519551
 10
20.510560219374998
 20
13.345667074033145
 10
20.67117824289266
 20
13.240466827661841
 10
20.694830530017015
 20
13.222659583703807
 10
20.832665137351817
 20
13.103990987547109
 10
20.8556833995138
 20
13.081100209982882
 10
20.97074001270665
 20
12.948952419958824
 10
20.989645363968823
 20
12.923928303089967
 10
21.08392200511961
 20
12.779286323309249
 10
21.09794755477077
 20
12.754481506262323
 10
21.173604907208613
 20
12.598496616759011
 10
21.18419333124723
 20
12.572738426340571
 10
21.241220550890148
 20
12.405388938950708
 10
21.248269147822178
 20
12.379919407376207
 10
21.28665539058819
 20
12.201183633935848
 10
21.28963577299655
 20
12.184163980932684
 10
21.314973874152777
 20
11.997840964819385
 10
21.316013209541776
 20
11.98885669159292
 10
21.33414541824039
 20
11.79893344027137
 10
21.33481153540626
 20
11.790153331610883
 10
21.345710741442332
 20
11.596629845081042
 10
21.346030159123277
 20
11.588084012391832
 10
21.349669252291932
 20
11.390960290653641
 10
21.34896839748847
 20
11.368508145665276
 10
21.346044525794394
 20
11.346236168062244
 10
21.340926460829795
 20
11.324363915707895
 10
21.333664656641858
 20
11.30310700596142
 10
21.324330700327152
 20
11.282674990114984
 10
21.313016606323835
 20
11.263269287630465
 10
21.299833909330292
 20
11.24508120054
 10
21.284912564792705
 20
11.228290027584414
 10
21.268399667799923
 20
11.213061296680623
 10
21.2504580030156
 20
11.199545133142102
 10
21.231264439941626
 20
11.187874779738758
 10
21.21100818933308
 20
11.178165283185526
 10
21.189888937952514
 20
11.170512360008157
 10
21.168114880051572
 20
11.164991452966667
 10
21.145900664985387
 20
11.161656987338223
 10
21.123465281192427
 20
11.160541834391003
 10
19.98758384357466
 20
11.160541834391003
 10
19.965581074397054
 20
11.161614294234003
 10
19.943786905150443
 20
11.16482150617696
 10
19.922407958108735
 20
11.170133063856717
 10
19.901646918981225
 20
11.177498610404255
 10
19.881700615326064
 20
11.186848315859134
 10
19.862758150502504
 20
11.198093539200917
 10
19.844999110853703
 20
11.211127668721128
 10
19.82859186311634
 20
11.225827132768574
 10
19.81369195819939
 20
11.24205257128539
 10
19.800440656464758
 20
11.259650157027066
 10
19.788963588491264
 20
11.278453053940291
 10
19.779369564018634
 20
11.298282998872537
 10
19.771749540363448
 20
11.318951991617523
 10
19.766175760087386
 20
11.34026407727406
 10
19.76270106609268
 20
11.362017204020365
 10
19.76135840063863
 20
11.3840051386909
 10
19.759576278705904
 20
11.529068448225987
 10
19.754386357216667
 20
11.660258034746164
 10
19.74586078852665
 20
11.780032002048122
 10
19.734388518167016
 20
11.885940066229738
 10
19.7189349652366
 20
11.975617938283797
 10
19.69864805019378
 20
12.050935509810047
 10
19.674169076216437
 20
12.113974445140776
 10
19.646877035635697
 20
12.164749976675184
 10
19.616893523563395
 20
12.205160218588201
 10
19.5824873869708
 20
12.238959700488449
 10
19.541615444844975
 20
12.268188636554344
 10
19.49253571890452
 20
12.293273842416877
 10
19.43109518766273
 20
12.314472469289173
 10
19.353483446278258
 20
12.331294698247474
 10
19.259561616561697
 20
12.342199530170019
 10
19.151000450545776
 20
12.345994886651841
 10
19.010640307330473
 20
12.340080691310137
 10
18.894911472962075
 20
12.323485261038511
 10
18.804227071387537
 20
12.298444049753156
 10
18.736185367809334
 20
12.267291317420979
 10
18.681219350281765
 20
12.229099549456869
 10
18.63301349686607
 20
12.181726743841194
 10
18.591003545482863
 20
12.123771383258939
 10
18.554042453780905
 20
12.051271378655478
 10
18.5214426967122
 20
11.960329425784678
 10
18.494041949284657
 20
11.85077381576927
 10
18.473275324055127
 20
11.723794953628445
 10
18.45971648723996
 20
11.577669156127548
 10
18.450960714226667
 20
11.411102530048977
 10
18.444604321676064
 20
11.227264818499862
 10
18.440782492143846
 20
11.02840875010954
 10
18.43950320944852
 20
10.814004548791308
 10
18.43950320944852
 20
10.085706583377393
 10
18.44078249743017
 20
9.871237084381956
 10
18.444604321056257
 20
9.672359982262993
 10
18.450960613454573
 20
9.488546419868426
 10
18.459716735949762
 20
9.322035751214939
 10
18.473277370628573
 20
9.175768905482887
 10
18.49404335217594
 20
9.04874458189241
 10
18.521437261320575
 20
8.939223953163411
 10
18.55403566104007
 20
8.848335775606875
 10
18.59101146619009
 20
8.775796534714383
 10
18.633006826807044
 20
8.717851737411907
 10
18.68112842720273
 20
8.670580183022963
 10
18.736166141009562
 20
8.632411511409067
 10
18.804304569488806
 20
8.601149849184738
 10
18.894860995857044
 20
8.576152023811279
 10
19.010574950340608
 20
8.559603157766245
 10
19.151006627813327
 20
8.553714426815526
 10
19.259643696789855
 20
8.557484476094945
 10
19.353546944490684
 20
8.568342485758208
 10
19.430997661945565
 20
8.585121545437433
 10
19.49257858524076
 20
8.606436002898542
 10
19.541779841284868
 20
8.631501448121075
 10
19.582486933180245
 20
8.660586866298358
 10
19.61679398509
 20
8.69431397668567
 10
19.646869820773922
 20
8.734926428570645
 10
19.674200699797087
 20
8.785698340866906
 10
19.69864981293176
 20
8.848639528936136
 10
19.71893357919214
 20
8.923956617509775
 10
19.734387638975363
 20
9.013649550503327
 10
19.745860670933748
 20
9.11959570229329
 10
19.754386402460202
 20
9.239353279090013
 10
19.759576241149652
 20
9.370542492815554
 10
19.76135837775568
 20
9.515704332906122
 10
19.762746474134662
 20
9.53810301380668
 10
19.766346797491778
 20
9.560253981942779
 10
19.77212392341126
 20
9.581939288806002
 10
19.780021009412504
 20
9.602945567637134
 10
19.789960354236374
 20
9.623066132791084
 10
19.80184416236596
 20
9.642103013364896
 10
19.81555550625932
 20
9.65986890107927
 10
19.83095947682663
 20
9.676188993248243
 10
19.847904510832016
 20
9.690902712703167
 10
19.86622388215933
 20
9.703865287748815
 10
19.88573734226903
 20
9.714949176605577
 10
19.90625289370537
 20
9.724045322322596
 10
19.927568679203805
 20
9.731064225814347
 10
19.94947496781147
 20
9.735936826462927
 10
19.971756218478482
 20
9.738615181621467
 10
19.99419320081648
 20
9.73907293833292
 10
21.13007463843423
 20
9.705875588781389
 10
21.152058000566445
 20
9.70415809221123
 10
21.173769757509035
 20
9.700308726604986
 10
21.195003667044023
 20
9.69436405748346
 10
21.215558026075254
 20
9.686380553871615
 10
21.235237586626848
 20
9.67643405189348
 10
21.253855410523872
 20
9.664619034396932
 10
21.271234645137415
 20
9.651047733451486
 10
21.28721020332586
 20
9.635849064244198
 10
21.301630331614643
 20
9.61916740050105
 10
21.314358051718276
 20
9.60116120306605
 10
21.325272461711066
 20
9.582001514665295
 10
21.33426988448707
 20
9.56187033515454
 10
21.341264852599625
 20
9.540958892683756
 10
21.34619092012533
 20
9.519465827201216
 10
21.34900129384081
 20
9.49759530355216
 10
21.34966927771633
 20
9.475555072095869
 10
21.34603018454769
 20
9.27836628586592
 10
21.345710821471794
 20
9.269820496812223
 10
21.334811615435722
 20
9.076275322118324
 10
21.334145185898826
 20
9.067491358906098
 10
21.31601297720023
 20
8.877589795748282
 10
21.31497245197796
 20
8.868597499915154
  0
LWPOLYLINE
  5
34
330
17
100
AcDbEntity
  8
0
100
AcDbPolyline
 90
207
 70
1
 10
20.181507855515747
 20
8.943816624262414
 10
20.163071108848992
 20
8.836812645593067
 10
20.15857277747345
 20
8.816394577617926
 10
20.13240420037434
 20
8.719226181279788
 10
20.12483607077713
 20
8.696140490247151
 10
20.090924819163654
 20
8.608840208486013
 10
20.079246885397396
 20
8.583521739397435
 10
20.037582115187575
 20
8.506122104459113
 10
20.02018405211883
 20
8.478715577095791
 10
19.969866608184322
 20
8.410770174273347
 10
19.958785688100157
 20
8.396970365801588
 10
19.946659992986223
 20
8.384078933694461
 10
19.88705459285911
 20
8.325481129515422
 10
19.8739594160284
 20
8.313577878052557
 10
19.859973942171255
 20
8.302734558791038
 10
19.791075163810564
 20
8.253506041419312
 10
19.77698784110573
 20
8.244214127180205
 10
19.76224709212903
 20
8.235998127495275
 10
19.684049513493814
 20
8.196160585094749
 10
19.65535014083216
 20
8.183952328053563
 10
19.56616841085211
 20
8.153084648774774
 10
19.54007069395257
 20
8.145769653297814
 10
19.43848333421856
 20
8.123761588974546
 10
19.416568201082875
 20
8.120129717864977
 10
19.302575211594906
 20
8.106948736251354
 10
19.28443460171067
 20
8.10558738728701
 10
19.158035982468693
 20
8.101200956137108
 10
19.14071066383655
 20
8.10126349456089
 10
18.980289641140992
 20
8.107990440065585
 10
18.957738117678048
 20
8.110070605155792
 10
18.816527386161955
 20
8.130265900445892
 10
18.78835570932815
 20
8.13614382688868
 10
18.6663281587866
 20
8.169829160128142
 10
18.649006829179473
 20
8.1753688873335
 10
18.63218638692061
 20
8.182281901081836
 10
18.529314907148756
 20
8.229478960434678
 10
18.51158740786935
 20
8.238577709349652
 10
18.494729253919164
 20
8.249200990759427
 10
18.40741632072898
 20
8.309752537036914
 10
18.392086445418112
 20
8.321379419709857
 10
18.37779989409937
 20
8.33426677510783
 10
18.30239376289345
 20
8.408340891580483
 10
18.28947292013026
 20
8.422140645198173
 10
18.2777492672509
 20
8.436970929780218
 10
18.21427162619307
 20
8.524556772366136
 10
18.204498807557094
 20
8.539209463733597
 10
18.19589543625022
 20
8.554577981897626
 10
18.144367973504327
 20
8.655664706514944
 10
18.132975227222055
 20
8.682029232894628
 10
18.091724339473583
 20
8.797041566086138
 10
18.08520254401722
 20
8.81852474928646
 10
18.052800427142262
 20
8.948068152294741
 10
18.049002883870596
 20
8.966464305158771
 10
18.02544953786912
 20
9.110538777983807
 10
18.023451662920785
 20
9.126154693680505
 10
18.008747087792795
 20
9.284760236322304
 10
18.00809314913342
 20
9.293765211770527
 10
17.99899315702801
 20
9.466815071573754
 10
17.998816139411513
 20
9.470877018075452
 10
17.99232957105671
 20
9.658457947695315
 10
17.992236187077438
 20
9.661929861804268
 10
17.98835219839129
 20
9.864041861240796
 10
17.9883144597517
 20
9.867039274971043
 10
17.987022206652295
 20
10.08368234422431
 10
17.98701818190888
 20
10.08503183299242
 10
17.98701818190888
 20
10.81467950188172
 10
17.987022209070837
 20
10.816029396049617
 10
17.988314462170226
 20
11.032607400811425
 10
17.98835220735332
 20
11.03560487547559
 10
17.992236196039446
 20
11.237695186748311
 10
17.99232953983856
 20
11.241165731693533
 10
17.998816108193363
 20
11.42876834947721
 10
17.99899292290539
 20
11.432826745782716
 10
18.0080929150108
 20
11.605941670077408
 10
18.008748686800445
 20
11.614968338488717
 10
18.023453261928434
 20
11.773441944800366
 10
18.025451799317185
 20
11.789054451018705
 10
18.04900514531866
 20
11.933072896087127
 10
18.052799525753883
 20
11.951451614623462
 10
18.085201642628842
 20
12.081004054366748
 10
18.09171099915099
 20
12.102453636819714
 10
18.132961886899462
 20
12.217529227155957
 10
18.144373920627668
 20
12.243942624401429
 10
18.19590138337356
 20
12.345014890242638
 10
18.204506859122038
 20
12.360384895004591
 10
18.21428204218326
 20
12.37503880422227
 10
18.277759683241072
 20
12.462610188032265
 10
18.289464309916145
 20
12.47741609865671
 10
18.302362273375174
 20
12.491194916226846
 10
18.377768404581097
 20
12.565297950251455
 10
18.39199155863065
 20
12.57813766130442
 10
18.407250168712277
 20
12.589727791131876
 10
18.49456310190246
 20
12.6503950076169
 10
18.511576602252553
 20
12.661127463365263
 10
18.529476158990565
 20
12.67030627969066
 10
18.632347638762436
 20
12.717405742305747
 10
18.64908138024416
 20
12.724272027465215
 10
18.666310151278342
 20
12.729779606290808
 10
18.78833770181989
 20
12.763475783612257
 10
18.816443121695553
 20
12.769346614487883
 10
18.95765385321166
 20
12.78959613018784
 10
18.98024388209442
 20
12.791686439106105
 10
19.14066490478996
 20
12.798445916856723
 10
19.158094106542197
 20
12.798508354168707
 10
19.284492725784162
 20
12.794089390772882
 10
19.302680691868698
 20
12.792717844633941
 10
19.416673681356666
 20
12.779482642610443
 10
19.43850587838616
 20
12.775858108032871
 10
19.54009323812015
 20
12.753839199627647
 10
19.5659593641956
 20
12.746601330417386
 10
19.655141094175633
 20
12.715831247876382
 10
19.68431558607672
 20
12.703414978518992
 10
19.762513164711937
 20
12.663447307134774
 10
19.777155740027986
 20
12.655265010221964
 10
19.79115185278323
 20
12.64602034568515
 10
19.860050631143924
 20
12.596748451985464
 10
19.87396344069611
 20
12.585956570884544
 10
19.886994855620113
 20
12.574115405721837
 10
19.946600255747228
 20
12.515560977870539
 10
19.958690106276702
 20
12.502720702723341
 10
19.96974304867182
 20
12.488977718473507
 10
20.02006049260634
 20
12.421162444634467
 10
20.037648886806064
 20
12.39346509776342
 10
20.079313657015884
 20
12.315949792617827
 10
20.090933973757085
 20
12.290731884920755
 10
20.12484522537056
 20
12.203402685607742
 10
20.13240200166494
 20
12.180348729411211
 10
20.15857057876405
 20
12.083194791848891
 10
20.16307024008446
 20
12.062773602129813
 10
20.181506986751213
 20
11.955784082236338
 10
20.183477355053995
 20
11.941728309655172
 10
20.196163123591816
 20
11.824617646605786
 10
20.196907925543663
 20
11.816316335506784
 10
20.20598261479121
 20
11.688827886028575
 10
20.206376762344995
 20
11.681707741726978
 10
20.20909381011845
 20
11.613026861930635
 10
20.891585181799897
 20
11.613026861930635
 10
20.88329004069099
 20
11.760313244382697
 10
20.866006198758775
 20
11.941350398193226
 10
20.842442568249755
 20
12.114624894176492
 10
20.808650978061195
 20
12.271966836834155
 10
20.76039311108837
 20
12.41358218036663
 10
20.697054331827154
 20
12.544169521398032
 10
20.6191564159243
 20
12.663682781941086
 10
20.52510768736883
 20
12.771702054265312
 10
20.410847787163913
 20
12.870074024966296
 10
20.273633261449003
 20
12.95994564456905
 10
20.114808190928596
 20
13.039392220983675
 10
19.92967131106732
 20
13.104296624682902
 10
19.708308403374623
 20
13.152049453024787
 10
19.448079487281376
 20
13.18163348493541
 10
19.150355124522967
 20
13.191691676854493
 10
18.807197092047506
 20
13.17959546998803
 10
18.510165303440807
 20
13.144054861694206
 10
18.260557526620868
 20
13.086739339614448
 10
18.055340852028312
 20
13.00898447776756
 10
17.88147374165552
 20
12.913633697226198
 10
17.732210047518596
 20
12.805089567068478
 10
17.6086610352979
 20
12.685231953643635
 10
17.507618421667694
 20
12.551935594511278
 10
17.424541538999424
 20
12.403240801818502
 10
17.358027978906545
 20
12.240750857439208
 10
17.30893598518943
 20
12.065004612715525
 10
17.276946986828946
 20
11.87133190264771
 10
17.25622325986251
 20
11.659693270438078
 10
17.241125845210636
 20
11.438671263427587
 10
17.232058625885145
 20
11.212244064399286
 10
17.22901448799544
 20
10.978958853178305
 10
17.22901448799544
 20
9.887554627556412
 10
17.23205865845029
 20
9.65418713758039
 10
17.241125887851645
 20
9.427712196113351
 10
17.256222823139318
 20
9.206713007818674
 10
17.276946611591118
 20
8.99518210512662
 10
17.30893800114501
 20
8.801435806884434
 10
17.358027945973145
 20
8.625677865333632
 10
17.42453245674782
 20
8.463228836575347
 10
17.50761023275893
 20
8.31458791486655
 10
17.608671552769383
 20
8.181253288706303
 10
17.73222042209346
 20
8.061373092973824
 10
17.881458570385007
 20
7.952842885927221
 10
18.055339086420467
 20
7.85752710567373
 10
18.260575706145566
 20
7.779721968874011
 10
18.510153924647287
 20
7.722418129158799
 10
18.80718251526522
 20
7.686903190647769
 10
19.15035002279941
 20
7.674822136114116
 10
19.448079487281536
 20
7.684880500387579
 10
19.708308403374705
 20
7.714464532298114
 10
19.92967131106719
 20
7.7622173606399345
 10
20.11483860797351
 20
7.827132427801824
 10
20.27366980214027
 20
7.9065257211998965
 10
20.410847334979977
 20
7.996354588512134
 10
20.525079936524833
 20
8.0947210308607
 10
20.619168170834627
 20
8.202838884230646
 10
20.697074731020535
 20
8.32227131523328
 10
20.760390199946738
 20
8.452796984040134
 10
20.80864543888041
 20
8.59444590760595
 10
20.84244225184832
 20
8.751883775595541
 10
20.866006865227675
 20
8.925104988650501
 10
20.883290041778057
 20
9.106114500387687
 10
20.891964678625214
 20
9.260156372651856
 10
20.208838146581353
 20
9.280121475981424
 10
20.206376766976845
 20
9.217902498799958
 10
20.205982437344385
 20
9.210779744694733
 10
20.196907748096823
 20
9.08331117603329
 10
20.19616388817619
 20
9.075019417069235
 10
20.183478119638366
 20
8.957874414426747
 10
20.181507855515747
 20
8.943816624262414
  0
LWPOLYLINE
  5
35
330
17
100
AcDbEntity
  8
0
100
AcDbPolyline
 90
263
 70
1
 10
35.49418660455943
 20
8.868597499915154
 10
35.46884850340321
 20
8.682339548293484
 10
35.465873978101115
 20
8.665351006213928
 10
35.427487735335134
 20
8.486533902158946
 10
35.42044119778013
 20
8.461062776438023
 10
35.36341397813726
 20
8.293664490679395
 10
35.35281501651319
 20
8.267878903877097
 10
35.27715766407537
 20
8.111910280496721
 10
35.26309163362301
 20
8.087045515904622
 10
35.16881499247214
 20
7.942517398984407
 10
35.14999037531876
 20
7.917603164479422
 10
35.03493376212591
 20
7.785390309963832
 10
35.011894781755785
 20
7.762471272175077
 10
34.87406017442102
 20
7.643780987854515
 10
34.85037451000838
 20
7.625948691740537
 10
34.68975648649075
 20
7.520770133533176
 10
34.66697011814629
 20
7.507673512539957
 10
34.483563256404885
 20
7.4159958363639715
 10
34.45725597339836
 20
7.40486209238385
 10
34.245251460200244
 20
7.330538562026146
 10
34.218110769697134
 20
7.322885933688979
 10
33.971952820388644
 20
7.269784271713021
 10
33.9498004870385
 20
7.266144933121064
 10
33.6694728354967
 20
7.234275983608762
 10
33.651556070714385
 20
7.2329570007386215
 10
33.33704245081638
 20
7.222331607771874
 10
33.32144369618876
 20
7.222342677286851
 10
32.96099635248561
 20
7.235032060518618
 10
32.94209627265419
 20
7.236492079272376
 10
32.62365348039524
 20
7.274567458355674
 10
32.59988485841453
 20
7.278704950262279
 10
32.3234411955588
 20
7.342177169279094
 10
32.29387082694556
 20
7.3511311392503025
 10
32.0594208714521
 20
7.440011042282657
 10
32.03086837482527
 20
7.453171463375358
 10
31.83052215339995
 20
7.562994903352362
 10
31.806209424992325
 20
7.578411097514984
 10
31.632333607613845
 20
7.7048585151257605
 10
31.60784900366055
 20
7.725462695539485
 10
31.460432746246973
 20
7.868501558538159
 10
31.448567031406515
 20
7.880923670029187
 10
31.4376780525016
 20
7.894210286640617
 10
31.316710510970996
 20
8.053808062781274
 10
31.299524778734582
 20
8.080089671851123
 10
31.202077147286122
 20
8.254440821488574
 10
31.190189963296717
 20
8.279104714026975
 10
31.113503326746855
 20
8.466425385679917
 10
31.104976951802445
 20
8.491280164786618
 10
31.049035044028283
 20
8.691570358455092
 10
31.043717787237437
 20
8.715573436361835
 10
31.008504342116144
 20
8.928833152045835
 10
31.006559810814718
 20
8.943631755729164
 10
30.984783086906482
 20
9.165910132904198
 10
30.98423112432437
 20
9.172550429309759
 10
30.968689747539017
 20
9.40005565398596
 10
30.968344806966893
 20
9.406424163851192
 10
30.959027933222423
 20
9.639134547864659
 10
30.9588660740684
 20
9.645234243518313
 10
30.9557628592829
 20
9.883128098705125
 10
30.955743613037235
 20
9.88607907609818
 10
30.955743613037235
 20
10.98043490922443
 10
30.95576287244769
 20
10.983386895664223
 10
30.95886608723319
 20
11.221199420236655
 10
30.95902800910913
 20
11.227300002090077
 10
30.968344882853618
 20
11.459961587734844
 10
30.968689672586898
 20
11.466327105114544
 10
30.98423104937225
 20
11.69384859591357
 10
30.984781991194406
 20
11.70047880259233
 10
31.00655871510264
 20
11.922871042627587
 10
31.008506150450895
 20
11.93769178324532
 10
31.04371959557219
 20
12.150886434437878
 10
31.049036751774036
 20
12.174884676329249
 10
31.10497865954818
 20
12.375153181833966
 10
31.113499847583313
 20
12.39999334802327
 10
31.190186484133175
 20
12.587335707840172
 10
31.20205961218409
 20
12.611976720072398
 10
31.299507243632547
 20
12.786392934201558
 10
31.31671721671438
 20
12.812714769271894
 10
31.437684758245005
 20
12.97229627928937
 10
31.448577812925596
 20
12.98558622947375
 10
31.460448128416513
 20
12.998011084656968
 10
31.607864385830094
 20
13.141022837450668
 10
31.632337339732747
 20
13.161614807913484
 10
31.806213157111213
 20
13.288056803483384
 10
31.83048500229481
 20
13.3034499140207
 10
32.03083122372013
 20
13.413322152366726
 10
32.05945937464005
 20
13.426517535579446
 10
32.29390933013351
 20
13.51534864024281
 10
32.32343708728028
 20
13.524287074362714
 10
32.599880750136016
 20
13.587764715420526
 10
32.623634625602925
 20
13.591900895418167
 10
32.942077417861874
 20
13.630003384706454
 10
32.960986161679585
 20
13.631465299688834
 10
33.32143350538274
 20
13.644170949043595
 10
33.337042450816405
 20
13.644182377551157
 10
33.65155607071442
 20
13.633556984584352
 10
33.669472835496784
 20
13.632238001714212
 10
33.94980048703859
 20
13.600369052201806
 10
33.971952820388644
 20
13.596729713609847
 10
34.218110769697134
 20
13.543628051633883
 10
34.24525146020003
 20
13.535975423296795
 10
34.457255973398155
 20
13.46165189293931
 10
34.483620683705425
 20
13.450489433187425
 10
34.66702754544683
 20
13.358746692519526
 10
34.68977437195658
 20
13.345667074033138
 10
34.85039239547421
 20
13.240466827661832
 10
34.87404468259853
 20
13.2226595837038
 10
35.01187928993332
 20
13.1039909875471
 10
35.034897552095266
 20
13.081100209982882
 10
35.149954165288115
 20
12.948952419958824
 10
35.168859516550256
 20
12.923928303090033
 10
35.263136157701126
 20
12.779286323309321
 10
35.27716170735235
 20
12.754481506262298
 10
35.35281905979018
 20
12.598496616758993
 10
35.363407483828794
 20
12.572738426340532
 10
35.42043470347166
 20
12.405388938950667
 10
35.42748330040368
 20
12.379919407376175
 10
35.465869543169674
 20
12.201183633935816
 10
35.468849925578034
 20
12.184163980932684
 10
35.494188026734264
 20
11.997840964819385
 10
35.49522736212328
 20
11.988856691592888
 10
35.513359570821876
 20
11.798933440271338
 10
35.514025687987726
 20
11.790153331610883
 10
35.524924894023805
 20
11.596629845081042
 10
35.52524431170471
 20
11.588084012391866
 10
35.52888340487338
 20
11.390960290653666
 10
35.52818255006996
 20
11.368508145665308
 10
35.52525867837588
 20
11.34623616806226
 10
35.5201406134113
 20
11.32436391570792
 10
35.512878809223345
 20
11.303107005961445
 10
35.50354485290864
 20
11.282674990115009
 10
35.4922307589053
 20
11.26326928763048
 10
35.47904806191179
 20
11.245081200540008
 10
35.46412671737421
 20
11.228290027584421
 10
35.44761382038143
 20
11.213061296680639
 10
35.42967215559708
 20
11.199545133142102
 10
35.41047859252311
 20
11.187874779738758
 10
35.390222341914544
 20
11.178165283185526
 10
35.36910309053398
 20
11.170512360008157
 10
35.347329032633056
 20
11.164991452966667
 10
35.32511481756687
 20
11.161656987338223
 10
35.30267943377391
 20
11.160541834391003
 10
34.1667979961561
 20
11.160541834391003
 10
34.144795226978495
 20
11.161614294234003
 10
34.12300105773186
 20
11.16482150617696
 10
34.10162211069017
 20
11.170133063856717
 10
34.080861071562666
 20
11.177498610404264
 10
34.060914767907484
 20
11.18684831585915
 10
34.041972303083924
 20
11.198093539200933
 10
34.02421326343512
 20
11.211127668721145
 10
34.007806015697746
 20
11.225827132768606
 10
33.992906110780794
 20
11.242052571285429
 10
33.97965480904618
 20
11.259650157027107
 10
33.96817774107269
 20
11.278453053940348
 10
33.95858371660004
 20
11.298282998872594
 10
33.95096369294487
 20
11.318951991617586
 10
33.94538991266882
 20
11.340264077274133
 10
33.941915218674104
 20
11.362017204020438
 10
33.94057255322005
 20
11.38400513869098
 10
33.93879043128736
 20
11.5290684482266
 10
33.93360050979823
 20
11.660258034746464
 10
33.92507494110831
 20
11.78003200204792
 10
33.913602670748695
 20
11.885940066229729
 10
33.898149117818264
 20
11.975617938283708
 10
33.87786220277536
 20
12.050935509810111
 10
33.853383228798
 20
12.113974445140897
 10
33.82609118821741
 20
12.164749976675159
 10
33.79610767614514
 20
12.205160218588103
 10
33.76170153955248
 20
12.23895970048836
 10
33.72082959742656
 20
12.268188636554287
 10
33.67174987148592
 20
12.293273842416918
 10
33.6103093402443
 20
12.314472469289173
 10
33.532697598859805
 20
12.33129469824749
 10
33.43877576914321
 20
12.342199530170019
 10
33.33021460312726
 20
12.345994886651841
 10
33.18985445991193
 20
12.340080691310137
 10
33.07412562554353
 20
12.323485261038511
 10
32.983441223969024
 20
12.298444049753156
 10
32.91539952039086
 20
12.267291317421003
 10
32.86043350286338
 20
12.229099549456926
 10
32.81222764944766
 20
12.18172674384121
 10
32.77021769806448
 20
12.123771383258987
 10
32.733256606362666
 20
12.051271378655638
 10
32.700656849293814
 20
11.960329425784542
 10
32.67325610186624
 20
11.85077381576923
 10
32.652489476636646
 20
11.723794953628381
 10
32.63893063982143
 20
11.577669156127387
 10
32.63017486680814
 20
11.41110253004896
 10
32.62381847425752
 20
11.22726481849983
 10
32.61999664472533
 20
11.028408750110323
 10
32.618717362030004
 20
10.81400454878962
 10
32.618717362030004
 20
10.085706583377386
 10
32.61999665001166
 20
9.871237084381157
 10
32.62381847363771
 20
9.672359982263034
 10
32.63017476603604
 20
9.488546419868442
 10
32.63893088853121
 20
9.322035751215358
 10
32.65249152321011
 20
9.175768905482943
 10
32.67325750475749
 20
9.04874458189255
 10
32.700651413902236
 20
8.939223953163443
 10
32.73324981362178
 20
8.84833577560681
 10
32.770225618771704
 20
8.775796534714367
 10
32.81222097938868
 20
8.717851737411841
 10
32.860342579784344
 20
8.670580183022913
 10
32.91538029359106
 20
8.63241151140906
 10
32.98351872207031
 20
8.601149849184738
 10
33.074075148438546
 20
8.576152023811272
 10
33.18978910292209
 20
8.559603157766245
 10
33.33022078039482
 20
8.553714426815526
 10
33.43885784937139
 20
8.557484476094945
 10
33.53276109707225
 20
8.568342485758208
 10
33.610211814527034
 20
8.585121545437401
 10
33.671792737822265
 20
8.60643600289855
 10
33.720993993866465
 20
8.631501448121139
 10
33.76170108576194
 20
8.660586866298438
 10
33.796008137671706
 20
8.69431397668571
 10
33.82608397335565
 20
8.734926428570711
 10
33.853414852378656
 20
8.785698340866777
 10
33.87786396551337
 20
8.84863952893616
 10
33.89814773177382
 20
8.923956617509887
 10
33.913601791557056
 20
9.013649550503303
 10
33.92507482351536
 20
9.119595702292951
 10
33.933600555041785
 20
9.23935327909002
 10
33.93879039373114
 20
9.370542492815328
 10
33.94057253033712
 20
9.51570433290604
 10
33.94196062671608
 20
9.538103013806598
 10
33.9455609500732
 20
9.560253981942708
 10
33.9513380759927
 20
9.581939288805936
 10
33.95923516199391
 20
9.602945567637068
 10
33.96917450681778
 20
9.623066132791037
 10
33.98105831494737
 20
9.642103013364846
 10
33.994769658840724
 20
9.659868901079237
 10
34.01017362940804
 20
9.676188993248202
 10
34.027118663413425
 20
9.690902712703135
 10
34.045438034740734
 20
9.703865287748792
 10
34.064951494850455
 20
9.71494917660557
 10
34.085467046286794
 20
9.724045322322588
 10
34.106782831785225
 20
9.73106422581433
 10
34.12868912039288
 20
9.73593682646292
 10
34.150970371059906
 20
9.738615181621467
 10
34.17340735339792
 20
9.73907293833292
 10
35.30928879101572
 20
9.705875588781389
 10
35.33127215314793
 20
9.70415809221123
 10
35.35298391009052
 20
9.700308726604986
 10
35.37421781962552
 20
9.69436405748346
 10
35.39477217865674
 20
9.686380553871615
 10
35.41445173920832
 20
9.676434051893464
 10
35.433069563105356
 20
9.664619034396932
 10
35.4504487977189
 20
9.651047733451486
 10
35.46642435590734
 20
9.63584906424419
 10
35.48084448419614
 20
9.61916740050105
 10
35.49357220429976
 20
9.601161203066027
 10
35.50448661429255
 20
9.582001514665286
 10
35.51348403706857
 20
9.561870335154532
 10
35.52047900518113
 20
9.540958892683749
 10
35.525405072706796
 20
9.519465827201191
 10
35.52821544642228
 20
9.497595303552142
 10
35.52888343029782
 20
9.475555072095853
 10
35.525244337129145
 20
9.278366285865896
 10
35.52492497405326
 20
9.269820496812223
 10
35.51402576801719
 20
9.076275322118324
 10
35.51335933848031
 20
9.067491358906114
 10
35.49522712978173
 20
8.877589795748298
 10
35.49418660455943
 20
8.868597499915154
  0
LWPOLYLINE
  5
36
330
17
100
AcDbEntity
  8
0
100
AcDbPolyline
 90
207
 70
1
 10
34.36072200809741
 20
8.94381662426235
 10
34.34228526143064
 20
8.836812645593001
 10
34.33778693005506
 20
8.816394577617803
 10
34.31161835295589
 20
8.719226181279668
 10
34.30405022335873
 20
8.696140490247199
 10
34.27013897174528
 20
8.608840208486061
 10
34.2584610379791
 20
8.583521739397654
 10
34.2167962677694
 20
8.50612210445934
 10
34.19939820470047
 20
8.478715577095677
 10
34.149080760765905
 20
8.410770174273235
 10
34.13799984068174
 20
8.39697036580146
 10
34.12587414556776
 20
8.38407893369434
 10
34.066268745440546
 20
8.3254811295153
 10
34.053173568609836
 20
8.313577878052453
 10
34.03918809475271
 20
8.302734558790965
 10
33.970289316391934
 20
8.25350604141924
 10
33.95620199368715
 20
8.244214127180165
 10
33.9414612447105
 20
8.23599812749526
 10
33.86326366607527
 20
8.196160585094741
 10
33.834564293413706
 20
8.183952328053579
 10
33.74538256343377
 20
8.153084648774799
 10
33.71928484653414
 20
8.145769653297814
 10
33.617697486800125
 20
8.123761588974546
 10
33.59578235366444
 20
8.120129717864977
 10
33.48178936417641
 20
8.106948736251354
 10
33.46364875429216
 20
8.10558738728701
 10
33.33725013505016
 20
8.101200956137108
 10
33.31992481641804
 20
8.10126349456089
 10
33.15950379372248
 20
8.107990440065585
 10
33.136952270259535
 20
8.110070605155792
 10
32.99574153874341
 20
8.130265900445892
 10
32.9675698619096
 20
8.13614382688868
 10
32.84554231136807
 20
8.169829160128142
 10
32.82822098176094
 20
8.1753688873335
 10
32.811400539502095
 20
8.182281901081836
 10
32.708529059730225
 20
8.229478960434678
 10
32.69080156045079
 20
8.238577709349684
 10
32.67394340650057
 20
8.249200990759482
 10
32.586630473310485
 20
8.309752537036962
 10
32.571300597999645
 20
8.321379419709896
 10
32.557014046680905
 20
8.334266775107855
 10
32.48160791547502
 20
8.4083408915805
 10
32.468687072711845
 20
8.42214064519819
 10
32.45696341983247
 20
8.436970929780225
 10
32.39348577877464
 20
8.524556772366143
 10
32.38371296013863
 20
8.539209463733686
 10
32.375109588831734
 20
8.554577981897788
 10
32.32358212608594
 20
8.655664706515106
 10
32.31218937980377
 20
8.682029232894573
 10
32.270938492055244
 20
8.797041566086081
 10
32.264416696598886
 20
8.818524749286349
 10
32.23201457972386
 20
8.94806815229463
 10
32.22821703645219
 20
8.966464305158683
 10
32.204663690450644
 20
9.110538777983711
 10
32.20266581550232
 20
9.126154693680439
 10
32.18796124037428
 20
9.28476023632225
 10
32.18730730171492
 20
9.293765211770518
 10
32.1782073096095
 20
9.466815071573745
 10
32.178030291993
 20
9.470877018075445
 10
32.17154372363818
 20
9.658457947695306
 10
32.171450339658904
 20
9.661929861804284
 10
32.16756635097278
 20
9.86404186124082
 10
32.16752861233317
 20
9.867039274971052
 10
32.16623635923378
 20
10.08368234422432
 10
32.16623233449037
 20
10.08503183299242
 10
32.16623233449037
 20
10.81467950188172
 10
32.16623636165231
 20
10.81602939604961
 10
32.167528614751696
 20
11.032607400811418
 10
32.16756635993479
 20
11.035604875475581
 10
32.171450348620915
 20
11.237695186748295
 10
32.171543692420016
 20
11.241165731693542
 10
32.17803026077483
 20
11.428768349477217
 10
32.17820707548686
 20
11.432826745782723
 10
32.187307067592286
 20
11.605941670077417
 10
32.18796283938191
 20
11.614968338488781
 10
32.20266741450995
 20
11.773441944800423
 10
32.20466595189872
 20
11.789054451018803
 10
32.22821929790026
 20
11.933072896087216
 10
32.2320136783355
 20
11.951451614623583
 10
32.264415795210525
 20
12.081004054366868
 10
32.270925151732655
 20
12.102453636819778
 10
32.31217603948117
 20
12.21752922715603
 10
32.3235880732093
 20
12.243942624401267
 10
32.375115535955096
 20
12.345014890242476
 10
32.383721011703585
 20
12.360384895004511
 10
32.39349619476484
 20
12.375038804222246
 10
32.45697383582266
 20
12.462610188032249
 10
32.468678462497714
 20
12.477416098656686
 10
32.48157642595674
 20
12.49119491622683
 10
32.55698255716265
 20
12.565297950251432
 10
32.571205711212166
 20
12.57813766130438
 10
32.58646432129378
 20
12.589727791131828
 10
32.673777254483866
 20
12.650395007616845
 10
32.69079075483399
 20
12.661127463365238
 10
32.708690311572056
 20
12.67030627969066
 10
32.811561791343905
 20
12.717405742305747
 10
32.82829553282564
 20
12.724272027465215
 10
32.845524303859825
 20
12.729779606290808
 10
32.96755185440136
 20
12.763475783612257
 10
32.99565727427702
 20
12.769346614487883
 10
33.13686800579313
 20
12.78959613018784
 10
33.15945803467589
 20
12.791686439106105
 10
33.31987905737145
 20
12.798445916856723
 10
33.33730825912367
 20
12.798508354168707
 10
33.46370687836566
 20
12.794089390772882
 10
33.4818948444502
 20
12.792717844633941
 10
33.595887833938235
 20
12.779482642610443
 10
33.61772003096774
 20
12.775858108032871
 10
33.719307390701736
 20
12.753839199627647
 10
33.74517351677725
 20
12.746601330417352
 10
33.834355246757184
 20
12.71583124787635
 10
33.86352973865817
 20
12.703414978519001
 10
33.94172731729343
 20
12.663447307134781
 10
33.95636989260942
 20
12.655265010222005
 10
33.9703660053646
 20
12.64602034568523
 10
34.03926478372538
 20
12.596748451985544
 10
34.05317759327758
 20
12.58595657088465
 10
34.06620900820157
 20
12.574115405721958
 10
34.125814408328765
 20
12.51556097787066
 10
34.13790425885826
 20
12.502720702723455
 10
34.14895720125342
 20
12.488977718473611
 10
34.199274645187984
 20
12.421162444634572
 10
34.2168630393879
 20
12.393465097763203
 10
34.25852780959761
 20
12.315949792617602
 10
34.27014812633872
 20
12.290731884920707
 10
34.30405937795217
 20
12.203402685607692
 10
34.31161615424651
 20
12.180348729411332
 10
34.33778473134568
 20
12.083194791849014
 10
34.3422843926661
 20
12.062773602129885
 10
34.360721139332874
 20
11.955784082236411
 10
34.36269150763569
 20
11.94172830965509
 10
34.37537727617348
 20
11.824617646605704
 10
34.37612207812529
 20
11.816316335506647
 10
34.385196767372776
 20
11.68882788602843
 10
34.38559091492656
 20
11.681707741726857
 10
34.38830796269997
 20
11.613026861930635
 10
35.070799334381334
 20
11.613026861930635
 10
35.062504193272474
 20
11.76031324438226
 10
35.0452203513402
 20
11.941350398193661
 10
35.02165672083121
 20
12.11462489417659
 10
34.98786513064271
 20
12.271966836834082
 10
34.939607263669885
 20
12.41358218036663
 10
34.876268484408705
 20
12.544169521398032
 10
34.7983705685058
 20
12.663682781941079
 10
34.70432183995033
 20
12.77170205426528
 10
34.59006193974542
 20
12.870074024966296
 10
34.45284741403046
 20
12.959945644569116
 10
34.29402234351029
 20
13.039392220983666
 10
34.10888546364885
 20
13.104296624682918
 10
33.887522555956174
 20
13.15204945302478
 10
33.62729363986286
 20
13.18163348493541
 10
33.32956927710447
 20
13.191691676854493
 10
32.98641124462909
 20
13.17959546998803
 10
32.68937945602236
 20
13.1440548616942
 10
32.43977167920235
 20
13.086739339614432
 10
32.23455500460982
 20
13.008984477767568
 10
32.06068789423702
 20
12.913633697226206
 10
31.911424200100033
 20
12.805089567068453
 10
31.78787518787935
 20
12.685231953643628
 10
31.68683257424913
 20
12.551935594511296
 10
31.603755691581007
 20
12.403240801818566
 10
31.53724213148811
 20
12.240750857439192
 10
31.488150137770898
 20
12.065004612715452
 10
31.45616113941045
 20
11.871331902647816
 10
31.435437412443978
 20
11.659693270438037
 10
31.420339997792073
 20
11.438671263426892
 10
31.411272778466564
 20
11.21224406439923
 10
31.408228640576876
 20
10.978958853179073
 10
31.408228640576876
 20
9.887554627555636
 10
31.411272811031708
 20
9.654187137581197
 10
31.420340040433132
 20
9.427712196112964
 10
31.43543697572082
 20
9.206713007818374
 10
31.456160764172573
 20
8.99518210512667
 10
31.488152153726496
 20
8.801435806884506
 10
31.53724209855468
 20
8.625677865333696
 10
31.60374660932945
 20
8.463228836575217
 10
31.686824385340365
 20
8.31458791486655
 10
31.78788570535082
 20
8.181253288706303
 10
31.911434574674963
 20
8.061373092973776
 10
32.06067272296638
 20
7.952842885927285
 10
32.234553239001954
 20
7.857527105673738
 10
32.43978985872713
 20
7.779721968873995
 10
32.689368077228835
 20
7.722418129158807
 10
32.986396667846805
 20
7.686903190647769
 10
33.3295641753809
 20
7.674822136114116
 10
33.62729363986302
 20
7.684880500387579
 10
33.88752255595614
 20
7.714464532298106
 10
34.10888546364884
 20
7.7622173606399665
 10
34.29405276055519
 20
7.827132427801824
 10
34.452883954721834
 20
7.9065257211998965
 10
34.59006148756138
 20
7.9963545885120615
 10
34.704294089106334
 20
8.094721030860724
 10
34.79838232341608
 20
8.20283888423063
 10
34.876288883602086
 20
8.322271315233321
 10
34.939604352528285
 20
8.452796984040152
 10
34.98785959146188
 20
8.594445907605829
 10
35.02165640442982
 20
8.751883775595703
 10
35.045221017809084
 20
8.925104988650041
 10
35.06250419435954
 20
9.106114500388147
 10
35.071178831206666
 20
9.260156372651856
 10
34.38805229916287
 20
9.280121475981424
 10
34.38559091955841
 20
9.217902498800063
 10
34.38519658992595
 20
9.210779744694879
 10
34.376121900678484
 20
9.083311176033435
 10
34.37537804075784
 20
9.075019417069315
 10
34.36269227222006
 20
8.95787441442683
 10
34.36072200809741
 20
8.94381662426235
  0
LWPOLYLINE
  5
37
330
17
100
AcDbEntity
  8
0
100
AcDbPolyline
 90
141
 70
1
 10
23.983804265691358
 20
7.4822467666686725
 10
23.976324506463403
 20
7.46134224004324
 10
23.9668317624008
 20
7.441271519037176
 10
23.955417453818107
 20
7.4222278956655465
 10
23.942191506746685
 20
7.4043947704317175
 10
23.92728129428689
 20
7.387943886080262
 10
23.910830409935432
 20
7.373033673620456
 10
23.89299728470161
 20
7.359807726549035
 10
23.873953661329956
 20
7.348393417966357
 10
23.853882940323917
 20
7.338900673903749
 10
23.83297841369847
 20
7.331420914675798
 10
23.811441403472674
 20
7.326026174452715
 10
23.78947932282826
 20
7.322768407531938
 10
23.767303678607565
 20
7.321678987989764
 10
22.56508537699047
 20
7.321678987989764
 10
22.542909732769793
 20
7.322768407531938
 10
22.52094765212538
 20
7.326026174452715
 10
22.499410641899566
 20
7.331420914675798
 10
22.478506115274136
 20
7.338900673903749
 10
22.45843539426808
 20
7.348393417966357
 10
22.439391770896425
 20
7.359807726549035
 10
22.421558645662603
 20
7.373033673620456
 10
22.40510776131115
 20
7.387943886080262
 10
22.39019754885135
 20
7.4043947704317175
 10
22.376971601779946
 20
7.4222278956655465
 10
22.365557293197252
 20
7.441271519037176
 10
22.35606454913465
 20
7.46134224004324
 10
22.348584789906692
 20
7.4822467666686725
 10
22.343190049683617
 20
7.503783776894491
 10
22.339932282762824
 20
7.525745857538899
 10
22.33884286322066
 20
7.547921501759585
 10
22.33884286322066
 20
13.351789833115026
 10
22.339932282762824
 20
13.37396547733571
 10
22.343190049683617
 20
13.39592755798011
 10
22.348584789906692
 20
13.41746456820593
 10
22.35606454913465
 20
13.438369094831362
 10
22.365557293197252
 20
13.458439815837426
 10
22.376971601779946
 20
13.477483439209056
 10
22.39019754885135
 20
13.495316564442893
 10
22.40510776131115
 20
13.511767448794348
 10
22.421558645662603
 20
13.526677661254155
 10
22.439391770896425
 20
13.539903608325567
 10
22.45843539426808
 20
13.551317916908253
 10
22.478506115274136
 20
13.560810660970862
 10
22.499410641899566
 20
13.568290420198812
 10
22.52094765212538
 20
13.573685160421887
 10
22.542909732769793
 20
13.576942927342664
 10
22.56508537699047
 20
13.578032346884847
 10
23.767303678607565
 20
13.578032346884847
 10
23.78947932282826
 20
13.576942927342664
 10
23.811441403472674
 20
13.573685160421887
 10
23.83297841369847
 20
13.568290420198812
 10
23.853882940323917
 20
13.560810660970862
 10
23.873953661329956
 20
13.551317916908253
 10
23.89299728470161
 20
13.539903608325567
 10
23.910830409935432
 20
13.526677661254155
 10
23.92728129428689
 20
13.511767448794348
 10
23.942191506746685
 20
13.495316564442893
 10
23.955417453818107
 20
13.477483439209056
 10
23.9668317624008
 20
13.458439815837426
 10
23.976324506463403
 20
13.438369094831362
 10
23.983804265691358
 20
13.41746456820593
 10
23.989199005914433
 20
13.39592755798011
 10
23.99245677283523
 20
13.37396547733571
 10
23.993546192377394
 20
13.351789833115026
 10
23.993546192377394
 20
11.140398394098662
 10
25.29884347306171
 20
11.140398394098662
 10
25.29884347306171
 20
13.351789833115026
 10
25.299932892603874
 20
13.37396547733571
 10
25.30319065952465
 20
13.39592755798011
 10
25.30858539974774
 20
13.41746456820593
 10
25.3160651589757
 20
13.438369094831362
 10
25.325557903038302
 20
13.458439815837426
 10
25.336972211620992
 20
13.477483439209056
 10
25.350198158692397
 20
13.495316564442893
 10
25.365108371152196
 20
13.511767448794348
 10
25.381559255503653
 20
13.526677661254155
 10
25.399392380737474
 20
13.539903608325567
 10
25.41843600410913
 20
13.551317916908253
 10
25.438506725115182
 20
13.560810660970862
 10
25.459411251740615
 20
13.568290420198812
 10
25.480948261966425
 20
13.573685160421887
 10
25.502910342610843
 20
13.576942927342664
 10
25.52508598683152
 20
13.578032346884847
 10
26.72730428844861
 20
13.578032346884847
 10
26.749479932669306
 20
13.576942927342664
 10
26.771442013313706
 20
13.573685160421887
 10
26.792979023539516
 20
13.568290420198812
 10
26.81388355016495
 20
13.560810660970862
 10
26.833954271171006
 20
13.551317916908253
 10
26.852997894542657
 20
13.539903608325567
 10
26.870831019776478
 20
13.526677661254155
 10
26.887281904127935
 20
13.511767448794348
 10
26.902192116587734
 20
13.495316564442893
 10
26.915418063659153
 20
13.477483439209056
 10
26.926832372241847
 20
13.458439815837426
 10
26.93632511630445
 20
13.438369094831362
 10
26.943804875532408
 20
13.41746456820593
 10
26.949199615755482
 20
13.39592755798011
 10
26.952457382676258
 20
13.37396547733571
 10
26.95354680221844
 20
13.351789833115026
 10
26.95354680221844
 20
7.547921501759585
 10
26.952457382676258
 20
7.525745857538899
 10
26.949199615755482
 20
7.503783776894491
 10
26.943804875532408
 20
7.4822467666686725
 10
26.93632511630445
 20
7.46134224004324
 10
26.926832372241847
 20
7.441271519037176
 10
26.915418063659153
 20
7.4222278956655465
 10
26.902192116587734
 20
7.4043947704317175
 10
26.887281904127935
 20
7.387943886080262
 10
26.870831019776478
 20
7.373033673620456
 10
26.852997894542657
 20
7.359807726549035
 10
26.833954271171006
 20
7.348393417966357
 10
26.81388355016495
 20
7.338900673903749
 10
26.792979023539516
 20
7.331420914675798
 10
26.771442013313706
 20
7.326026174452715
 10
26.749479932669306
 20
7.322768407531938
 10
26.72730428844861
 20
7.321678987989764
 10
25.52508598683152
 20
7.321678987989764
 10
25.502910342610843
 20
7.322768407531938
 10
25.480948261966425
 20
7.326026174452715
 10
25.459411251740615
 20
7.331420914675798
 10
25.438506725115182
 20
7.338900673903749
 10
25.41843600410913
 20
7.348393417966357
 10
25.399392380737474
 20
7.359807726549035
 10
25.381559255503653
 20
7.373033673620456
 10
25.365108371152196
 20
7.387943886080262
 10
25.350198158692397
 20
7.4043947704317175
 10
25.336972211620992
 20
7.4222278956655465
 10
25.325557903038302
 20
7.441271519037176
 10
25.3160651589757
 20
7.46134224004324
 10
25.30858539974774
 20
7.4822467666686725
 10
25.30319065952465
 20
7.503783776894491
 10
25.299932892603874
 20
7.525745857538899
 10
25.29884347306171
 20
7.547921501759585
 10
25.29884347306171
 20
9.842132809343074
 10
23.993546192377394
 20
9.842132809343074
 10
23.993546192377394
 20
7.547921501759585
 10
23.99245677283523
 20
7.525745857538899
 10
23.989199005914433
 20
7.503783776894491
 10
23.983804265691358
 20
7.4822467666686725
  0
LWPOLYLINE
  5
38
330
17
100
AcDbEntity
  8
0
100
AcDbPolyline
 90
77
 70
1
 10
25.746981314138388
 20
10.870018155463756
 10
25.741586573915313
 20
10.848481145237937
 10
25.734106814687355
 20
10.827576618612504
 10
25.724614070624757
 20
10.807505897606442
 10
25.713199762042063
 20
10.788462274234812
 10
25.69997381497064
 20
10.770629149000973
 10
25.68506360251084
 20
10.754178264649518
 10
25.668612718159387
 20
10.739268052189711
 10
25.650779592925566
 20
10.7260421051183
 10
25.63173596955391
 20
10.714627796535614
 10
25.611665248547858
 20
10.705135052473004
 10
25.590760721922425
 20
10.697655293245054
 10
25.569223711696612
 20
10.69226055302198
 10
25.547261631052212
 20
10.689002786101202
 10
25.52508598683152
 20
10.687913366559021
 10
23.767303678607565
 20
10.687913366559021
 10
23.745128034386887
 20
10.689002786101202
 10
23.72316595374247
 20
10.69226055302198
 10
23.70162894351666
 20
10.697655293245054
 10
23.680724416891227
 20
10.705135052473004
 10
23.660653695885173
 20
10.714627796535614
 10
23.64161007251352
 20
10.7260421051183
 10
23.623776947279698
 20
10.739268052189711
 10
23.60732606292824
 20
10.754178264649518
 10
23.59241585046844
 20
10.770629149000973
 10
23.579189903397037
 20
10.788462274234812
 10
23.567775594814346
 20
10.807505897606442
 10
23.558282850751745
 20
10.827576618612504
 10
23.550803091523786
 20
10.848481145237937
 10
23.54540835130071
 20
10.870018155463756
 10
23.542150584379918
 20
10.891980236108155
 10
23.541061164837753
 20
10.914155880328842
 10
23.541061164837753
 20
13.125547319345205
 10
22.7913278907603
 20
13.125547319345205
 10
22.7913278907603
 20
7.774164015529405
 10
23.541061164837753
 20
7.774164015529405
 10
23.541061164837753
 20
10.068375323112894
 10
23.542150584379918
 20
10.09055096733358
 10
23.54540835130071
 20
10.11251304797798
 10
23.550803091523786
 20
10.1340500582038
 10
23.558282850751745
 20
10.154954584829241
 10
23.567775594814346
 20
10.175025305835296
 10
23.579189903397037
 20
10.194068929206933
 10
23.59241585046844
 20
10.211902054440763
 10
23.60732606292824
 20
10.228352938792218
 10
23.623776947279698
 20
10.243263151252025
 10
23.64161007251352
 20
10.256489098323437
 10
23.660653695885173
 20
10.267903406906122
 10
23.680724416891227
 20
10.277396150968732
 10
23.70162894351666
 20
10.284875910196682
 10
23.72316595374247
 20
10.290270650419757
 10
23.745128034386887
 20
10.293528417340534
 10
23.767303678607565
 20
10.294617836882715
 10
25.52508598683152
 20
10.294617836882715
 10
25.547261631052212
 20
10.293528417340534
 10
25.569223711696612
 20
10.290270650419757
 10
25.590760721922425
 20
10.284875910196682
 10
25.611665248547858
 20
10.277396150968732
 10
25.63173596955391
 20
10.267903406906122
 10
25.650779592925566
 20
10.256489098323437
 10
25.668612718159387
 20
10.243263151252025
 10
25.68506360251084
 20
10.228352938792218
 10
25.69997381497064
 20
10.211902054440763
 10
25.713199762042063
 20
10.194068929206933
 10
25.724614070624757
 20
10.175025305835296
 10
25.734106814687355
 20
10.154954584829241
 10
25.741586573915313
 20
10.1340500582038
 10
25.746981314138388
 20
10.11251304797798
 10
25.75023908105918
 20
10.09055096733358
 10
25.75132850060135
 20
10.068375323112894
 10
25.75132850060135
 20
7.774164015529405
 10
26.5010617746788
 20
7.774164015529405
 10
26.5010617746788
 20
13.125547319345205
 10
25.75132850060135
 20
13.125547319345205
 10
25.75132850060135
 20
10.914155880328842
 10
25.75023908105918
 20
10.891980236108155
 10
25.746981314138388
 20
10.870018155463756
  0
LWPOLYLINE
  5
39
330
17
100
AcDbEntity
  8
0
100
AcDbPolyline
 90
69
 70
1
 10
28.085980719726866
 20
13.458439815837426
 10
28.09739502830956
 20
13.477483439209056
 10
28.110620975380964
 20
13.495316564442893
 10
28.125531187840764
 20
13.511767448794348
 10
28.141982072192217
 20
13.526677661254155
 10
28.159815197426056
 20
13.539903608325567
 10
28.178858820797693
 20
13.551317916908253
 10
28.198929541803746
 20
13.560810660970862
 10
28.21983406842918
 20
13.568290420198812
 10
28.241371078654993
 20
13.573685160421887
 10
28.263333159299407
 20
13.576942927342664
 10
28.285508803520084
 20
13.578032346884847
 10
29.487727105137388
 20
13.578032346884847
 10
29.509902749358066
 20
13.576942927342664
 10
29.53186483000248
 20
13.573685160421887
 10
29.553401840228293
 20
13.568290420198812
 10
29.574306366853726
 20
13.560810660970862
 10
29.59437708785978
 20
13.551317916908253
 10
29.613420711231434
 20
13.539903608325567
 10
29.631253836465255
 20
13.526677661254155
 10
29.64770472081671
 20
13.511767448794348
 10
29.662614933276508
 20
13.495316564442893
 10
29.67584088034793
 20
13.477483439209056
 10
29.687255188930607
 20
13.458439815837426
 10
29.696747932993222
 20
13.438369094831362
 10
29.70422769222118
 20
13.41746456820593
 10
29.709622432444256
 20
13.39592755798011
 10
29.712880199365035
 20
13.37396547733571
 10
29.7139696189072
 20
13.351789833115026
 10
29.7139696189072
 20
7.547921501759585
 10
29.712880199365035
 20
7.525745857538899
 10
29.709622432444256
 20
7.503783776894491
 10
29.70422769222118
 20
7.4822467666686725
 10
29.696747932993222
 20
7.46134224004324
 10
29.687255188930607
 20
7.441271519037176
 10
29.67584088034793
 20
7.4222278956655465
 10
29.662614933276508
 20
7.4043947704317175
 10
29.64770472081671
 20
7.387943886080262
 10
29.631253836465255
 20
7.373033673620456
 10
29.613420711231434
 20
7.359807726549035
 10
29.59437708785978
 20
7.348393417966357
 10
29.574306366853726
 20
7.338900673903749
 10
29.553401840228293
 20
7.331420914675798
 10
29.53186483000248
 20
7.326026174452715
 10
29.509902749358066
 20
7.322768407531938
 10
29.487727105137388
 20
7.321678987989764
 10
28.285508803520084
 20
7.321678987989764
 10
28.263333159299407
 20
7.322768407531938
 10
28.241371078654993
 20
7.326026174452715
 10
28.21983406842918
 20
7.331420914675798
 10
28.198929541803746
 20
7.338900673903749
 10
28.178858820797693
 20
7.348393417966357
 10
28.159815197426056
 20
7.359807726549035
 10
28.141982072192217
 20
7.373033673620456
 10
28.125531187840764
 20
7.387943886080262
 10
28.110620975380964
 20
7.4043947704317175
 10
28.09739502830956
 20
7.4222278956655465
 10
28.085980719726866
 20
7.441271519037176
 10
28.076487975664264
 20
7.46134224004324
 10
28.069008216436306
 20
7.4822467666686725
 10
28.06361347621323
 20
7.503783776894491
 10
28.060355709292438
 20
7.525745857538899
 10
28.059266289750273
 20
7.547921501759585
 10
28.059266289750273
 20
13.351789833115026
 10
28.060355709292438
 20
13.37396547733571
 10
28.06361347621323
 20
13.39592755798011
 10
28.069008216436306
 20
13.41746456820593
 10
28.076487975664264
 20
13.438369094831362
 10
28.085980719726866
 20
13.458439815837426
  0
LWPOLYLINE
  5
3A
330
17
100
AcDbEntity
  8
0
100
AcDbPolyline
 90
5
 70
1
 10
29.261484591367577
 20
13.125547319345205
 10
28.511751317289914
 20
13.125547319345205
 10
28.511751317289914
 20
7.774164015529405
 10
29.261484591367577
 20
7.774164015529405
 10
29.261484591367577
 20
13.125547319345205
  0
LWPOLYLINE
  5
3B
330
17
100
AcDbEntity
  8
0
100
AcDbPolyline
 90
101
 70
1
 10
37.758855981696755
 20
7.439229101884084
 10
37.74736580752043
 20
7.420478022239169
 10
37.734109402498234
 20
7.402931090417895
 10
37.71921201957617
 20
7.386754098345011
 10
37.70281441645555
 20
7.372099894089868
 10
37.68507152564593
 20
7.3591069376837455
 10
37.66615099058769
 20
7.347897992882306
 10
37.646231581675266
 20
7.3385789672340485
 10
37.625501507148
 20
7.331237911414413
 10
37.60415663480722
 20
7.325944187280286
 10
37.582398641362225
 20
7.3227478125055345
 10
37.560433106890976
 20
7.321678987989764
 10
36.35821480527392
 20
7.321678987989764
 10
36.33559959368975
 20
7.322812134469177
 10
36.313210920849
 20
7.3262002230704315
 10
36.291273056234736
 20
7.331809314985062
 10
36.270005753540836
 20
7.339583223401437
 10
36.24962204937806
 20
7.349444076333341
 10
36.230326129265976
 20
7.361293096671225
 10
36.21231128228695
 20
7.375011591641976
 10
36.19575796489095
 20
7.390462141765753
 10
36.1808319932459
 20
7.407489977400126
 10
36.1676828822413
 20
7.4259245290824705
 10
36.15644234778317
 20
7.445581136140552
 10
36.147222987383266
 20
7.4662628964562625
 10
36.14011715225888
 20
7.487762638852976
 10
36.135196022241956
 20
7.509864998349118
 10
36.132508892763866
 20
7.5323485734898314
 10
36.13208268105831
 20
7.554988144146581
 10
36.13392165652881
 20
7.577556927568808
 10
36.138007397981696
 20
7.599828850088435
 10
37.50609677714899
 20
13.403697181443876
 10
37.51206175883154
 20
13.42449374020246
 10
37.51998592414509
 20
13.444625443229192
 10
37.52979680894097
 20
13.463908192052811
 10
37.54140469557884
 20
13.48216565163719
 10
37.5547034333678
 20
13.499230862913151
 10
37.5695714092832
 20
13.514947769569726
 10
37.585872660081755
 20
13.529172645143035
 10
37.603458115645125
 20
13.541775407352212
 10
37.622166962182206
 20
13.552640807663487
 10
37.64182811282362
 20
13.5616694852039
 10
37.662261772160505
 20
13.568778875387101
 10
37.68328108042043
 20
13.573903964942119
 10
37.70469382224476
 20
13.576997886440438
 10
37.726304184441204
 20
13.578032346884847
 10
39.608374130620284
 20
13.578032346884847
 10
39.62998449281673
 20
13.576997886440438
 10
39.65139723464106
 20
13.573903964942119
 10
39.67241654290097
 20
13.568778875387101
 10
39.69285020223786
 20
13.5616694852039
 10
39.71251135287928
 20
13.552640807663487
 10
39.73122019941636
 20
13.541775407352212
 10
39.74880565497973
 20
13.529172645143035
 10
39.765106905778275
 20
13.514947769569726
 10
39.779974881693676
 20
13.499230862913151
 10
39.79327361948265
 20
13.48216565163719
 10
39.8048815061205
 20
13.463908192052811
 10
39.8146923909164
 20
13.4446254432292
 10
39.82261655622993
 20
13.424493740202475
 10
39.82858153791247
 20
13.403697181443876
 10
41.19667091707997
 20
7.599828850088435
 10
41.20075665853287
 20
7.577556927568808
 10
41.20259563400337
 20
7.554988144146598
 10
41.202169422297814
 20
7.5323485734898314
 10
41.199482292819724
 20
7.509864998349118
 10
41.19456116280281
 20
7.487762638852984
 10
41.187455327678435
 20
7.4662628964562625
 10
41.17823596727851
 20
7.445581136140552
 10
41.16699543282038
 20
7.4259245290824705
 10
41.15384632181578
 20
7.407489977400126
 10
41.138920350170736
 20
7.390462141765753
 10
41.12236703277473
 20
7.375011591641976
 10
41.104352185795705
 20
7.361293096671225
 10
41.085056265683626
 20
7.349444076333341
 10
41.064672561520844
 20
7.339583223401437
 10
41.043405258826944
 20
7.331809314985062
 10
41.02146739421268
 20
7.3262002230704315
 10
40.99907872137193
 20
7.322812134469177
 10
40.97646350978777
 20
7.321678987989764
 10
39.75764653339495
 20
7.321678987989764
 10
39.73568032803354
 20
7.3227478779514055
 10
39.713921682745735
 20
7.3259444478269895
 10
39.69257619635681
 20
7.33123849302418
 10
39.67184556372726
 20
7.3385799897726605
 10
39.65192566992523
 20
7.347899567802064
 10
39.63300473929612
 20
7.3591091658259655
 10
39.61526155691856
 20
7.372102863638628
 10
39.598863779253044
 20
7.386757882961785
 10
39.583966349945186
 20
7.402935747584387
 10
39.57071003575346
 20
7.420483591833158
 10
39.55922009643494
 20
7.439235605010073
 10
39.54960510115819
 20
7.4590145981481895
 10
39.541955902625986
 20
7.479633678281506
 10
39.53634477860246
 20
7.500898014408517
 10
39.292537986759086
 20
8.648300597769744
 10
38.025591675638566
 20
8.648300597769744
 10
37.78173290004331
 20
7.500888783492179
 10
37.77612109252987
 20
7.479625324063275
 10
37.76847136028718
 20
7.459007160055099
 10
37.758855981696755
 20
7.439229101884084
  0
LWPOLYLINE
  5
3C
330
17
100
AcDbEntity
  8
0
100
AcDbPolyline
 90
37
 70
1
 10
37.62107944451196
 20
8.921575829806962
 10
37.6266912520254
 20
8.942839289235867
 10
37.63434098426809
 20
8.963457453244043
 10
37.643956362858525
 20
8.983235511415057
 10
37.65544653703485
 20
9.001986591059973
 10
37.668702942057045
 20
9.019533522881247
 10
37.6836003249791
 20
9.03571051495413
 10
37.69999792809974
 20
9.05036471920928
 10
37.71774081890934
 20
9.063357675615396
 10
37.736661353967605
 20
9.074566620416835
 10
37.75658076288001
 20
9.0838856460651
 10
37.77731083740728
 20
9.091226701884736
 10
37.79865570974806
 20
9.096520426018863
 10
37.820413703193054
 20
9.099716800793606
 10
37.842379237664304
 20
9.100785625309385
 10
39.47575823772537
 20
9.100785625309385
 10
39.497724443086774
 20
9.099716735347736
 10
39.51948308837458
 20
9.096520165472151
 10
39.5408285747635
 20
9.091226120274971
 10
39.56155920739305
 20
9.083884623526481
 10
39.581479101195065
 20
9.074565045497085
 10
39.60040003182419
 20
9.063355447473183
 10
39.61814321420175
 20
9.050361749660514
 10
39.634540991867254
 20
9.035706730337356
 10
39.64943842117511
 20
9.019528865714763
 10
39.662694735366856
 20
9.001981021465983
 10
39.67418467468536
 20
8.983229008289076
 10
39.68379966996212
 20
8.963450015150952
 10
39.691448868494334
 20
8.942830935017636
 10
39.697059992517836
 20
8.921566598890625
 10
39.940866784361226
 20
7.774164015529405
 10
40.69069054338423
 20
7.774164015529405
 10
39.429261054666846
 20
13.125547319345205
 10
37.905417260394664
 20
13.125547319345205
 10
36.64398777167747
 20
7.774164015529405
 10
37.377220668916706
 20
7.774164015529405
 10
37.62107944451196
 20
8.921575829806962
  0
LWPOLYLINE
  5
3D
330
17
100
AcDbEntity
  8
0
100
AcDbPolyline
 90
69
 70
1
 10
37.83391820808434
 20
9.521373416582751
 10
37.81470674350045
 20
9.533074786021047
 10
37.79675222506342
 20
9.546626084330919
 10
37.78023214441985
 20
9.56189334845123
 10
37.765309812901485
 20
9.578725651925355
 10
37.75213274709038
 20
9.596956596903572
 10
37.7408312105253
 20
9.616405959089981
 10
37.73151692596521
 20
9.636881469372325
 10
37.72428197093968
 20
9.658180714522524
 10
37.71919786750521
 20
9.680093138177995
 10
37.71631487520469
 20
9.70240212232305
 10
37.715661494220576
 20
9.724887128693494
 10
37.7172441836326
 20
9.747325878935303
 10
37.72104729756584
 20
9.769496551965233
 10
38.3428903330683
 20
12.555297829316338
 10
38.348667507493026
 20
12.576346194334338
 10
38.356446079014596
 20
12.596739900210126
 10
38.3661536487695
 20
12.61628913302675
 10
38.37769986379042
 20
12.634811938779523
 10
38.390977257964444
 20
12.65213591690847
 10
38.40586225227112
 20
12.6680998249123
 10
38.42221630499123
 20
12.682555079109019
 10
38.43988720118044
 20
12.695367137574959
 10
38.458710469406114
 20
12.70641675239036
 10
38.4785109125612
 20
12.715601079536489
 10
38.49910423850692
 20
12.722834636113841
 10
38.52029877536744
 20
12.728050095972067
 10
38.54189725551106
 20
12.731198916346546
 10
38.563698651613855
 20
12.732251789668908
 10
38.73784014900008
 20
12.732251789668908
 10
38.7596873780058
 20
12.731194474395037
 10
38.78133040658485
 20
12.728032411027147
 10
38.80256694291945
 20
12.722795154557739
 10
38.823198494570136
 20
12.715531656275102
 10
38.84303222373359
 20
12.706309806228246
 10
38.861882749648025
 20
12.69521579867613
 10
38.879573881299265
 20
12.682353326452063
 10
38.89594026423296
 20
12.667842611773462
 10
38.910828926080136
 20
12.651819282555811
 10
38.92410070635035
 20
12.63443310473332
 10
38.935631557129284
 20
12.615846582435402
 10
38.945313702522355
 20
12.596233439102319
 10
38.953056646008505
 20
12.575776993736943
 10
38.958788016287805
 20
12.554668447469183
 10
39.57230279685045
 20
9.768867170118067
 10
39.57603852685219
 20
9.746721318708712
 10
39.577560177403996
 20
9.724314199463052
 10
39.57685275384108
 20
9.701866616849463
 10
39.57392322726414
 20
9.679599774070883
 10
39.56880046584452
 20
9.657733093281852
 10
39.56153495035128
 20
9.636482053356508
 10
39.55219827670308
 20
9.616056066514293
 10
39.540882450446794
 20
9.596656414728018
 10
39.527698980115694
 20
9.578474266248797
 10
39.51277777840073
 20
9.56168879179401
 10
39.496265881963595
 20
9.546465398961239
 10
39.478326002506535
 20
9.532954102267075
 10
39.45913492337701
 20
9.521288044872444
 10
39.438881757507275
 20
9.511582186561895
 10
39.41776608385589
 20
9.503932170905742
 10
39.39599598071459
 20
9.498413382768101
 10
39.373785975261
 20
9.495080205448662
 10
39.351354929562724
 20
9.493965484778162
 10
37.941855616111404
 20
9.493965484778162
 10
37.91938893232012
 20
9.495083759168235
 10
37.89714434575269
 20
9.498427527496544
 10
37.87534175806299
 20
9.50396373452139
 10
37.85419670146946
 20
9.511637651373023
 10
37.83391820808434
 20
9.521373416582751
  0
LWPOLYLINE
  5
3E
330
17
100
AcDbEntity
  8
0
100
AcDbPolyline
 90
4
 70
1
 10
38.649867325300875
 20
11.853547134912372
 10
38.224167630770495
 20
9.946450512317794
 10
39.06986568463661
 20
9.946450512317794
 10
38.649867325300875
 20
11.853547134912372
  0
LWPOLYLINE
  5
3F
330
17
100
AcDbEntity
  8
0
100
AcDbPolyline
 90
81
 70
1
 10
27.710057560474667
 20
21.388313177445767
 10
27.70409213889195
 20
21.368627376970306
 10
27.69636340477193
 20
21.34956475217932
 10
27.686935246277802
 20
21.331282880764483
 10
27.67588559955249
 20
21.313932886462887
 10
27.663305804474184
 20
21.297658189820336
 10
27.503589289939686
 20
21.109382669540707
 10
27.489116034487353
 20
21.093860224036348
 10
27.473251947902817
 20
21.079762274020045
 10
27.456136630273026
 20
21.06721287800843
 10
27.437920692212643
 20
21.056322467621115
 10
27.20102942725982
 20
20.92938359599482
 10
27.1782949106364
 20
20.918779123611706
 10
27.154526119643236
 20
20.91075680129528
 10
27.13001528469581
 20
20.905415261179805
 10
26.83992439054671
 20
20.85886789201393
 10
26.816073393609933
 20
20.856328539540016
 10
26.79208759852481
 20
20.856328539540016
 10
26.768236601588033
 20
20.85886789201393
 10
26.47814570743895
 20
20.905415261179805
 10
26.45363487249152
 20
20.91075680129528
 10
26.429866081498357
 20
20.918779123611706
 10
26.407131564874923
 20
20.92938359599482
 10
26.170240299922114
 20
21.056322467621115
 10
26.15202436186173
 20
21.06721287800843
 10
26.13490904423194
 20
21.079762274020045
 10
26.11904495764739
 20
21.093860224036348
 10
26.104571702195056
 20
21.109382669540707
 10
25.944855187660576
 20
21.297658189820336
 10
25.932275392582252
 20
21.313932886462887
 10
25.921225745856958
 20
21.331282880764483
 10
25.911797587362813
 20
21.34956475217932
 10
25.904068853242805
 20
21.368627376970306
 10
25.898103431660093
 20
21.388313177445767
 10
25.83953678876592
 20
21.6188704925717
 10
25.835088043831636
 20
21.640929153813882
 10
25.832852613898016
 20
21.663320641488884
 10
25.832852613898016
 20
21.685823438365897
 10
25.835088043831636
 20
21.708214926040903
 10
25.83953678876592
 20
21.730273587283083
 10
25.898103431660093
 20
21.960830902409015
 10
25.904068853242805
 20
21.98051670288448
 10
25.911797587362813
 20
21.999579327675463
 10
25.921225745856958
 20
22.017861199090298
 10
25.932275392582252
 20
22.035211193391905
 10
25.944855187660576
 20
22.051485890034453
 10
26.104571702195056
 20
22.239761410314085
 10
26.11904495764739
 20
22.255283855818444
 10
26.13490904423194
 20
22.269381805834737
 10
26.15202436186173
 20
22.28193120184635
 10
26.170240299922114
 20
22.292821612233666
 10
26.407131564874923
 20
22.419760483859964
 10
26.429866081498357
 20
22.430364956243086
 10
26.45363487249152
 20
22.438387278559503
 10
26.47814570743895
 20
22.44372881867498
 10
26.768236601588033
 20
22.490276187840863
 10
26.79208759852481
 20
22.492815540314766
 10
26.816073393609933
 20
22.492815540314766
 10
26.83992439054671
 20
22.490276187840863
 10
27.13001528469581
 20
22.44372881867498
 10
27.154526119643236
 20
22.438387278559503
 10
27.1782949106364
 20
22.430364956243086
 10
27.20102942725982
 20
22.419760483859964
 10
27.437920692212643
 20
22.292821612233666
 10
27.456136630273026
 20
22.28193120184635
 10
27.473251947902817
 20
22.269381805834737
 10
27.489116034487353
 20
22.255283855818444
 10
27.503589289939686
 20
22.239761410314085
 10
27.663305804474184
 20
22.051485890034453
 10
27.67588559955249
 20
22.035211193391905
 10
27.686935246277802
 20
22.017861199090298
 10
27.69636340477193
 20
21.999579327675463
 10
27.70409213889195
 20
21.98051670288448
 10
27.710057560474667
 20
21.960830902409015
 10
27.76862420336884
 20
21.730273587283083
 10
27.77307294830312
 20
21.708214926040903
 10
27.775308378236744
 20
21.685823438365897
 10
27.775308378236744
 20
21.663320641488884
 10
27.77307294830312
 20
21.640929153813882
 10
27.76862420336884
 20
21.6188704925717
 10
27.710057560474667
 20
21.388313177445767
  0
LWPOLYLINE
  5
40
330
17
100
AcDbEntity
  8
0
100
AcDbPolyline
 90
17
 70
1
 10
26.421829218848146
 20
21.91428241222128
 10
26.323772111321933
 20
21.798691654493915
 10
26.292242991812074
 20
21.67457203992739
 10
26.323772111321933
 20
21.55045242536087
 10
26.421829218848146
 20
21.434861667633502
 10
26.58735343838037
 20
21.346165034355664
 10
26.80408049606737
 20
21.311389470675934
 10
27.020807553754373
 20
21.346165034355664
 10
27.186331773286597
 20
21.434861667633502
 10
27.284388880812823
 20
21.55045242536087
 10
27.315918000322686
 20
21.67457203992739
 10
27.284388880812823
 20
21.798691654493915
 10
27.186331773286597
 20
21.91428241222128
 10
27.020807553754373
 20
22.002979045499117
 10
26.80408049606737
 20
22.03775460917885
 10
26.58735343838037
 20
22.002979045499117
 10
26.421829218848146
 20
21.91428241222128
  0
LWPOLYLINE
  5
41
330
17
100
AcDbEntity
  8
0
100
AcDbPolyline
 90
242
 70
1
 10
29.808086229778343
 20
20.3630186896643
 10
29.789191087092536
 20
20.356504616739233
 10
29.769794776546597
 20
20.351683548351883
 10
29.750048669432058
 20
20.34859310873737
 10
29.43869572424842
 20
20.313869956771914
 10
29.414130564081468
 20
20.312476579646336
 10
29.389559363413227
 20
20.313759034932797
 10
29.06207452331925
 20
20.348785080201583
 10
29.038112787209023
 20
20.352657379825615
 10
29.014703798372317
 20
20.35907444640133
 10
28.70090252425242
 20
20.463491410329322
 10
28.68333148326672
 20
20.470160862591925
 10
28.666374630633367
 20
20.478265689769305
 10
28.650148982521866
 20
20.487749961916723
 10
28.379846735260365
 20
20.6611995659289
 10
28.36042674320426
 20
20.675163477148775
 10
28.34258953536953
 20
20.6910996286502
 10
28.326534486807063
 20
20.708829894403216
 10
28.129546727288336
 20
20.95095385992455
 10
28.11650086366275
 20
20.968686036863065
 10
28.105240118939996
 20
20.987602175079044
 10
28.095871109561955
 20
21.007523177061632
 10
28.088482541068764
 20
21.028260431275676
 10
27.994624730177193
 20
21.338700479731116
 10
27.989393753674214
 20
21.359521860854098
 10
27.986159868289008
 20
21.380745315152545
 10
27.984952193012877
 20
21.40217973950849
 10
27.98578160216001
 20
21.423632131158605
 10
28.017120373721752
 20
21.786683924083473
 10
28.019745526803913
 20
21.806662004288242
 10
28.02413780913528
 20
21.826327277571234
 10
28.03026238024481
 20
21.845523755011044
 10
28.0380706587969
 20
21.864099166269643
 10
28.19174469730492
 20
22.1884364421048
 10
28.20324888902081
 20
22.20969989272482
 10
28.216956342918817
 20
22.229614371551545
 10
28.232710535849485
 20
22.24795247844428
 10
28.491839269039133
 20
22.51884547143114
 10
28.507111477629604
 20
22.533389064999266
 10
28.52367154679152
 20
22.54644741782256
 10
28.54137558474497
 20
22.557907064817485
 10
28.889078440351533
 20
22.760626009197495
 10
28.905713311597218
 20
22.769418843258794
 10
28.923021289430032
 20
22.77679900420069
 10
28.94088266080334
 20
22.782715446108988
 10
29.360279066562207
 20
22.90253057612354
 10
29.385822319924408
 20
22.90825299562134
 10
29.411855582868
 20
22.9109866923392
 10
29.886064966514454
 20
22.933168242229737
 10
29.91105594040106
 20
22.932955343017007
 10
29.9358709558747
 20
22.92998732871148
 10
30.44801274514412
 20
22.839805532719424
 10
30.471437537198696
 20
22.83438340520574
 10
30.49415461522577
 20
22.826505923661035
 10
31.027348237853463
 20
22.609231016027785
 10
31.046252285108405
 20
22.60049260528211
 10
32.109276776045924
 20
22.048371054698894
 10
33.13157737547259
 20
21.56530214989191
 10
33.615616641652835
 20
21.365979355929923
 10
34.07958120759962
 20
21.201378170268228
 10
34.51779261644572
 20
21.077783300111165
 10
34.92524401632787
 20
21.000496687899762
 10
35.2925772220371
 20
20.975325559170418
 10
35.61166312246345
 20
21.00002905539682
 10
35.878790467936234
 20
21.066831446535478
 10
36.090123013818435
 20
21.166869462003255
 10
36.24448074866712
 20
21.29063501023567
 10
36.34493015835715
 20
21.43079002913787
 10
36.396606248782795
 20
21.586866347362943
 10
36.399345542451606
 20
21.76740268078225
 10
36.35729720571838
 20
21.936030120421165
 10
36.283944296460575
 20
22.0737405097182
 10
36.18481554644957
 20
22.185200090433092
 10
36.07088688331609
 20
22.26825374934134
 10
35.777642546147824
 20
22.379485102994074
 10
35.50631441826714
 20
22.39419803813381
 10
35.24885821673362
 20
22.319783344941975
 10
35.06816481000217
 20
22.17897501319312
 10
34.940656393170975
 20
21.975901081986315
 10
34.857354050963686
 20
21.695659428908392
 10
34.850142332585655
 20
21.675084875680586
 10
34.84098373487343
 20
21.65530000240744
 10
34.829963306523624
 20
21.636488535652433
 10
34.81718338559018
 20
21.61882516271794
 10
34.802762649151354
 20
21.60247390946168
 10
34.786835011249075
 20
21.58758661711748
 10
34.769548379334395
 20
21.574301532265117
 10
34.75106328076735
 20
21.56274202304304
 10
34.73155137212561
 20
21.55301543352545
 10
34.71119384516463
 20
21.545212086902268
 10
34.69017974423248
 20
21.53940444671865
 10
34.66870421076351
 20
21.53564644396313
 10
34.64696667115318
 20
21.533972976252777
 10
34.625168984842084
 20
21.534399583766554
 10
34.603513569805884
 20
21.53692230493588
 10
34.58220152285879
 20
21.541517713232576
 10
34.561430752225526
 20
21.548143134712667
 10
34.541394139723245
 20
21.556737044295694
 10
34.52227774961967
 20
21.567219637099782
 10
34.50425910080065
 20
21.579493569526857
 10
34.48750551829166
 20
21.593444863216085
 10
34.47217257944204
 20
21.60894396347132
 10
34.293275446493524
 20
21.808121681003815
 10
34.27891751429547
 20
21.825825734180707
 10
34.26641390898851
 20
21.844884684052648
 10
34.25589155416409
 20
21.8651050639908
 10
34.14653716486872
 20
22.103909761969987
 10
34.138459158539945
 20
22.124049697877247
 10
34.13234776447174
 20
22.144870890617796
 10
34.12825920307114
 20
22.16618180027153
 10
34.091250123479576
 20
22.42584280374737
 10
34.08922748459099
 20
22.447328093811393
 10
34.08926110309071
 20
22.468908353935067
 10
34.09135067310354
 20
22.49038723785324
 10
34.12948946926652
 20
22.752133871875664
 10
34.13382279844746
 20
22.77415376205684
 10
34.140316392279935
 20
22.795635999941226
 10
34.14890635554326
 20
22.81636920607333
 10
34.264995593511436
 20
23.061430795692296
 10
34.27613982938639
 20
23.082107809081492
 10
34.28936784166577
 20
23.10151792415248
 10
34.30453704496317
 20
23.119451918332675
 10
34.50137929078728
 20
23.32905778859813
 10
34.51827873775021
 20
23.34528132326495
 10
34.53676520855606
 20
23.35967037402876
 10
34.556640497918565
 20
23.372070666666243
 10
34.83703831764925
 20
23.527450142628123
 10
34.85630815479767
 20
23.536961528345312
 10
34.87639347453362
 20
23.544601751711998
 10
34.897113068702716
 20
23.550301883241676
 10
35.263869028390694
 20
23.632684289949918
 10
35.2886909450675
 20
23.636825475768635
 10
35.313819223392926
 20
23.63818437087021
 10
35.730037944243016
 20
23.637510885986362
 10
35.75073332035373
 20
23.636528718039955
 10
35.77125206676444
 20
23.633657430528576
 10
36.18688628020582
 20
23.55594596720444
 10
36.206071247418535
 20
23.551486709237746
 10
36.224795661474595
 20
23.545375713670392
 10
36.62292009889489
 20
23.39597070019105
 10
36.6412716287384
 20
23.38814432594736
 10
36.65886232508332
 20
23.378731665138563
 10
37.02255171787015
 20
23.16297752978914
 10
37.04045716921975
 20
23.151173461876585
 10
37.05716448647385
 20
23.137727021548805
 10
37.36949356601484
 20
22.860968192614404
 10
37.3865995435966
 20
22.844106815717893
 10
37.40182154515896
 20
22.82552695650664
 10
37.645865042841656
 20
22.493107862272364
 10
37.660576581635425
 20
22.470321585107282
 10
37.67245561512112
 20
22.44593855075615
 10
37.83128826233321
 20
22.063203619507114
 10
37.83804597568964
 20
22.044677513428695
 10
37.84316474936522
 20
22.025633316089493
 10
37.84660569346398
 20
22.006215715827214
 10
37.90330222159306
 20
21.57850937584853
 10
37.90504842850005
 20
21.55865680104745
 10
37.90504078633012
 20
21.5387275786243
 10
37.903279354382484
 20
21.518876348881836
 10
37.8498836050318
 20
21.11842813893772
 10
37.84616924797445
 20
21.097869675358435
 10
37.84057437549712
 20
21.077741479337604
 10
37.833146693615184
 20
21.058215178741975
 10
37.67495299724017
 20
20.69392168921426
 10
37.66567097696591
 20
20.675009336180892
 10
37.654670020573676
 20
20.65704236770856
 10
37.6420455177882
 20
20.64017657608618
 10
37.382007366566015
 20
20.324550715456578
 10
37.36863607525138
 20
20.30970815864871
 10
37.35400758556628
 20
20.296103004715462
 10
37.338235955334824
 20
20.283841332567764
 10
36.9793068414426
 20
20.029396009317995
 10
36.95642623764403
 20
20.015144363432523
 10
36.932013016202376
 20
20.003715187632263
 10
36.477146431817246
 20
19.82296331024404
 10
36.454939334013915
 20
19.81544596711321
 10
36.43207351627227
 20
19.810267162270417
 10
35.884222953571374
 20
19.71572163922545
 10
35.86431825932383
 20
19.713189503535798
 10
35.844267496351776
 20
19.7124309071498
 10
35.20638644751227
 20
19.71660464692981
 10
35.180405509140165
 20
19.718272606473302
 10
34.828626518723794
 20
19.761289483823198
 10
34.81300446604841
 20
19.763756730507144
 10
34.4398254136638
 20
19.83614576424392
 10
34.42588205049034
 20
19.839310714066535
 10
33.710351452850894
 20
20.025684977413217
 10
33.69676529515166
 20
20.029681790174607
 10
33.07760820917719
 20
20.23308870300864
 10
33.064611560924696
 20
20.23780302065424
 10
32.530443919862826
 20
20.45024766586777
 10
32.51890661959924
 20
20.455211368709776
 10
32.05834435669759
 20
20.66869882919501
 10
32.04935249724924
 20
20.673111262411727
 10
31.651011545755377
 20
20.879646621060843
 10
31.645917791264687
 20
20.88237074096542
 10
31.298708117394025
 20
21.073796972218165
 10
30.995297381489284
 20
21.239903258797135
 10
30.730724845496297
 20
21.37003391279859
 10
30.24394125644448
 20
21.54728529613669
 10
29.83431279732629
 20
21.62221705874832
 10
29.685576146183166
 20
21.62198826900744
 10
29.572033405153093
 20
21.601698951524714
 10
29.504580635540083
 20
21.571291097901927
 10
29.474690497066057
 20
21.542791567269223
 10
29.46455950882955
 20
21.51883027876314
 10
29.465180321212287
 20
21.482931801919072
 10
29.488960579334204
 20
21.42104933009155
 10
29.549299274218342
 20
21.34079635361232
 10
29.650834203893833
 20
21.255532159022096
 10
29.79370095957335
 20
21.17712865710738
 10
29.97678433263132
 20
21.11554800337712
 10
30.216076109083556
 20
21.07691978069633
 10
30.23757995262006
 20
21.07236689376874
 10
30.25854049579529
 20
21.065748759891502
 10
30.278759891026844
 20
21.05712784795088
 10
30.29804728646369
 20
21.04658553115231
 10
30.316220627445915
 20
21.034221318934723
 10
30.333108374927672
 20
21.020151917696218
 10
30.348551124642395
 20
21.004510129196614
 10
30.362403111727456
 20
20.98744359703528
 10
30.374533586605725
 20
20.969113413036055
 10
30.384828049137184
 20
20.949692596693627
 10
30.39318932939137
 20
20.929364462034265
 10
30.39953850483884
 20
20.908320887305738
 10
30.403815645305063
 20
20.88676050382932
 10
30.405980378653922
 20
20.86488682110906
 10
30.406012271862497
 20
20.842906305895784
 10
30.403911023889254
 20
20.821026433337362
 10
30.399696468515597
 20
20.799453728610782
 10
30.393408387133867
 20
20.778391817520973
 10
30.385106133248815
 20
20.75803950446702
 10
30.37486807223703
 20
20.738588895917736
 10
30.36279084165239
 20
20.72022358710947
 10
30.348988439059447
 20
20.703116929081677
 10
30.333591146004817
 20
20.687430392408196
 10
30.143948373294897
 20
20.512134010249166
 10
30.127948973779077
 20
20.498661592680346
 10
30.110773750668713
 20
20.48672431781862
 10
30.092569501553864
 20
20.47642421421815
 10
30.073491819167305
 20
20.467849317439025
 10
29.808086229778343
 20
20.3630186896643
  0
LWPOLYLINE
  5
42
330
17
100
AcDbEntity
  8
0
100
AcDbPolyline
 90
164
 70
1
 10
29.203172717211288
 20
21.04820839785229
 10
29.108287389851395
 20
21.17440983392016
 10
29.096489985173104
 20
21.191713876839582
 10
29.08634322322015
 20
21.210034681417167
 10
29.077934051319957
 20
21.229215257176342
 10
29.028476364377177
 20
21.357917136827897
 10
29.022198693066343
 20
21.376660569379137
 10
29.01758102968787
 20
21.395880418645284
 10
29.01465862313642
 20
21.415429970068228
 10
29.013453781577855
 20
21.435159992311217
 10
29.01131383773782
 20
21.55890224766436
 10
29.01213635665047
 20
21.58248012789333
 10
29.015409724542458
 20
21.60584416085205
 10
29.021098346814995
 20
21.62874028607213
 10
29.029140365395822
 20
21.650919531113356
 10
29.07620826734411
 20
21.762242094286016
 10
29.086295125561882
 20
21.783061725212267
 10
29.098455376230067
 20
21.802742427544665
 10
29.11256187074088
 20
21.821078418197693
 10
29.128467110396397
 20
21.83787797450465
 10
29.220278305236434
 20
21.925417748267904
 10
29.239681284861675
 20
21.941935306153663
 10
29.260818602198825
 20
21.956166228563475
 10
29.283422124162986
 20
21.967929992062558
 10
29.41164495235368
 20
22.025733118799856
 10
29.428900521333173
 20
22.032673381879647
 10
29.446667846137224
 20
22.038172843828722
 10
29.464826852018977
 20
22.04219433830331
 10
29.6255507562791
 20
22.070914609551068
 10
29.6451982092294
 20
22.073543332619437
 10
29.665000347059518
 20
22.074442181751547
 10
29.85431477010784
 20
22.074733389046187
 10
29.8749281331446
 20
22.07382420868463
 10
29.89537293891602
 20
22.071040818380595
 10
30.344131112252427
 20
21.98895120725626
 10
30.362690233380018
 20
21.984742612559852
 10
30.38083000745456
 20
21.97898919245775
 10
30.897023568569224
 20
21.791028823958033
 10
30.919467823865702
 20
21.781455920758898
 10
31.19944924165054
 20
21.643746370265116
 10
31.208239764243434
 20
21.639181084771
 10
31.516290293178894
 20
21.470534681117627
 10
31.516878838978
 20
21.470211337656153
 10
31.86185305806933
 20
21.280017574032467
 10
32.25318266155144
 20
21.07711752144665
 10
32.703500412190735
 20
20.86837876723409
 10
33.22540421735619
 20
20.66081159131239
 10
33.831260422637214
 20
20.461774314457852
 10
34.533013712675604
 20
20.27898862658722
 10
34.89140317273625
 20
20.209468468503694
 10
35.22238558643528
 20
20.16899467591531
 10
35.827104016453205
 20
20.165037923521332
 10
36.33192625193423
 20
20.25215781633113
 10
36.7397318680704
 20
20.414208917151637
 10
37.05195369860942
 20
20.635543385497343
 10
37.27258568425549
 20
20.90333932245763
 10
37.40553821652701
 20
21.20950665423246
 10
37.45078842987011
 20
21.548866381423874
 10
37.40195524972331
 20
21.917253325727646
 10
37.26498187848499
 20
22.247314523749754
 10
37.05135109798063
 20
22.538307527989335
 10
36.773180869281944
 20
22.78479775826892
 10
36.44520749329146
 20
22.9793638180933
 10
36.08430974883717
 20
23.114798690477013
 10
35.708521714845574
 20
23.185060081567496
 10
35.338369469473506
 20
23.185659026135546
 10
35.02795830688582
 20
23.115933046318247
 10
34.80695781762774
 20
22.993467970658163
 10
34.65870478441766
 20
22.835601929680056
 10
34.57235431761788
 20
22.653318170835
 10
34.543808779675636
 20
22.457410087087137
 10
34.571590572904846
 20
22.262489046416306
 10
34.5778007933552
 20
22.24892736106845
 10
34.70611360417376
 20
22.453282395541343
 10
34.71729686031585
 20
22.469482672772457
 10
34.72984603652541
 20
22.48464949105339
 10
34.743666126065044
 20
22.498668026120242
 10
34.75865250042416
 20
22.511432147079933
 10
35.0051045104236
 20
22.70348396021415
 10
35.02268804999208
 20
22.715888815955733
 10
35.0413705951121
 20
22.7265670095091
 10
35.06098313045265
 20
22.735421938489118
 10
35.08134822734258
 20
22.74237349503344
 10
35.4174823509875
 20
22.83952911813885
 10
35.442133817074726
 20
22.84518281084622
 10
35.46726228450645
 20
22.848049716148356
 10
35.49255372692907
 20
22.84809400679791
 10
35.837253982140005
 20
22.8294024227842
 10
35.86037009514783
 20
22.826952989982317
 10
35.88311285541567
 20
22.822144533157047
 10
35.90524217329722
 20
22.81502781398751
 10
36.2598131440921
 20
22.680534478401462
 10
36.27832299142513
 20
22.67255305690473
 10
36.29604896479663
 20
22.662955796595988
 10
36.31285035347369
 20
22.651818881586756
 10
36.47099994063264
 20
22.53652829968119
 10
36.489759062958974
 20
22.521252311813846
 10
36.506779810618454
 20
22.504060609603453
 10
36.63999217677444
 20
22.354277681077328
 10
36.656612587819666
 20
22.33319275167457
 10
36.670618255188224
 20
22.31028743367212
 10
36.76975843370821
 20
22.124164855616236
 10
36.78126137239996
 20
22.098961549907017
 10
36.78959762110324
 20
22.072541270295023
 10
36.845530645354295
 20
21.848231739800244
 10
36.8494394458043
 20
21.829058878924425
 10
36.8516769567926
 20
21.809619978243084
 10
36.852226441366874
 20
21.790060443948423
 10
36.84851242996776
 20
21.545284205494777
 10
36.84699981845857
 20
21.52237560037861
 10
36.843173285139834
 20
21.499738245747228
 10
36.837072234313595
 20
21.47760525316235
 10
36.763658428119534
 20
21.25587492326935
 10
36.75542116107258
 20
21.234642835678986
 10
36.74509107590786
 20
21.214346445548284
 10
36.7327728452929
 20
21.195191412101057
 10
36.59415251946958
 20
21.001777290047496
 10
36.58140967741936
 20
20.98560565008547
 10
36.56724944834763
 20
20.970659417275332
 10
36.551789102347854
 20
20.957062371120166
 10
36.35245553206098
 20
20.797234756184857
 10
36.3309095007672
 20
20.78193688980155
 10
36.30772672934847
 20
20.76925559295383
 10
36.05217318976371
 20
20.64828478441555
 10
36.03158749485429
 20
20.639754280621982
 10
36.01026247747088
 20
20.63329022899215
 10
35.70298224375395
 20
20.556446526129726
 10
35.684397709018754
 20
20.552619146527505
 10
35.665557821813366
 20
20.550362508313054
 10
35.311044169129936
 20
20.522916210405263
 10
35.27811406160727
 20
20.522770519451022
 10
34.88086026512304
 20
20.549991925776713
 10
34.854164461260574
 20
20.553426050396027
 10
34.423742456509544
 20
20.635069796320256
 10
34.40449067701659
 20
20.639601431996525
 10
33.94956251330521
 20
20.767911161477898
 10
33.93533195518243
 20
20.77243684356638
 10
33.459026078335484
 20
20.941416368773556
 10
33.448524569487596
 20
20.94543854458968
 10
32.95396942532975
 20
21.1490916776913
 10
32.94345718874302
 20
21.15373619349097
 10
31.91211288179359
 20
21.64107853205205
 10
31.904490755758236
 20
21.644857131648497
 10
30.846941443309877
 20
22.194134943387557
 10
30.34576236542127
 20
22.398364013719103
 10
29.882127731089508
 20
22.48000430335024
 10
29.459277759294423
 20
22.460225133917824
 10
29.092465480407167
 20
22.355432483617708
 10
28.796797271689712
 20
22.183050962466936
 10
28.584983289272962
 20
21.961620776215256
 10
28.46442488175977
 20
21.707175810419614
 10
28.440329223618537
 20
21.428033666234406
 10
28.50869451012921
 20
21.201911592264867
 10
28.654682870396712
 20
21.022472622075647
 10
28.87066139884619
 20
20.88388187555308
 10
29.134435184015278
 20
20.79611149320395
 10
29.41310607570578
 20
20.766306329506463
 10
29.56991716526308
 20
20.783794441877966
 10
29.413582510298568
 20
20.86958895972466
 10
29.39464240251232
 20
20.881228946923116
 10
29.376936116227313
 20
20.89467158100008
 10
29.23851325113587
 20
21.0109125056022
 10
29.219780798768994
 20
21.028553954843545
 10
29.203172717211288
 20
21.04820839785229
  0
LWPOLYLINE
  5
43
330
17
100
AcDbEntity
  8
0
100
AcDbPolyline
 90
69
 70
1
 10
16.683514303839537
 20
30.586959237181812
 10
16.694928612422213
 20
30.60600286055345
 10
16.708154559493618
 20
30.623835985787288
 10
16.723064771953435
 20
30.64028687013874
 10
16.73951565630489
 20
30.65519708259854
 10
16.757348781538727
 20
30.66842302966996
 10
16.776392404910347
 20
30.67983733825264
 10
16.796463125916418
 20
30.689330082315255
 10
16.81736765254185
 20
30.6968098415432
 10
16.838904662767664
 20
30.702204581766274
 10
16.86086674341208
 20
30.70546234868705
 10
16.883042387632756
 20
30.706551768229232
 10
22.200007606693163
 20
30.706551768229232
 10
22.222183250913854
 20
30.70546234868705
 10
22.244145331558272
 20
30.702204581766274
 10
22.265682341784068
 20
30.6968098415432
 10
22.286586868409515
 20
30.689330082315255
 10
22.306657589415554
 20
30.67983733825264
 10
22.32570121278721
 20
30.66842302966996
 10
22.34353433802103
 20
30.65519708259854
 10
22.359985222372483
 20
30.64028687013874
 10
22.374895434832283
 20
30.623835985787288
 10
22.388121381903705
 20
30.60600286055345
 10
22.399535690486395
 20
30.586959237181812
 10
22.409028434548997
 20
30.566888516175755
 10
22.416508193776956
 20
30.545983989550322
 10
22.42190293400003
 20
30.524446979324498
 10
22.425160700920824
 20
30.5024848986801
 10
22.42625012046299
 20
30.48030925445942
 10
22.42625012046299
 20
29.801787736414887
 10
22.425160700920824
 20
29.77961209219421
 10
22.42190293400003
 20
29.757650011549792
 10
22.416508193776956
 20
29.736113001323982
 10
22.409028434548997
 20
29.71520847469855
 10
22.399535690486395
 20
29.695137753692478
 10
22.388121381903705
 20
29.676094130320855
 10
22.374895434832283
 20
29.65826100508702
 10
22.359985222372483
 20
29.641810120735563
 10
22.34353433802103
 20
29.62689990827575
 10
22.32570121278721
 20
29.613673961204345
 10
22.306657589415554
 20
29.60225965262167
 10
22.286586868409515
 20
29.59276690855905
 10
22.265682341784068
 20
29.58528714933111
 10
22.244145331558272
 20
29.579892409108016
 10
22.222183250913854
 20
29.57663464218724
 10
22.200007606693163
 20
29.575545222645076
 10
16.883042387632756
 20
29.575545222645076
 10
16.86086674341208
 20
29.57663464218724
 10
16.838904662767664
 20
29.579892409108016
 10
16.81736765254185
 20
29.58528714933111
 10
16.796463125916418
 20
29.59276690855905
 10
16.776392404910347
 20
29.60225965262167
 10
16.757348781538727
 20
29.613673961204345
 10
16.73951565630489
 20
29.62689990827575
 10
16.723064771953435
 20
29.641810120735563
 10
16.708154559493618
 20
29.65826100508702
 10
16.694928612422213
 20
29.676094130320855
 10
16.683514303839537
 20
29.695137753692478
 10
16.67402155977692
 20
29.71520847469855
 10
16.666541800548963
 20
29.736113001323982
 10
16.661147060325888
 20
29.757650011549792
 10
16.65788929340511
 20
29.77961209219421
 10
16.656799873862944
 20
29.801787736414887
 10
16.656799873862944
 20
30.48030925445942
 10
16.65788929340511
 20
30.5024848986801
 10
16.661147060325888
 20
30.524446979324498
 10
16.666541800548963
 20
30.545983989550322
 10
16.67402155977692
 20
30.566888516175755
 10
16.683514303839537
 20
30.586959237181812
  0
LWPOLYLINE
  5
44
330
17
100
AcDbEntity
  8
0
100
AcDbPolyline
 90
5
 70
1
 10
21.97376509292335
 20
30.25406674068959
 10
17.109284901402567
 20
30.25406674068959
 10
17.109284901402567
 20
30.028030250184717
 10
21.97376509292335
 20
30.028030250184717
 10
21.97376509292335
 20
30.25406674068959
  0
LWPOLYLINE
  5
45
330
17
100
AcDbEntity
  8
0
100
AcDbPolyline
 90
325
 70
1
 10
27.75019143424163
 20
32.69121193425285
 10
27.732358309007804
 20
32.70443788132427
 10
27.71590742465635
 20
32.719348093784085
 10
27.70099721219655
 20
32.735798978135534
 10
27.687771265125132
 20
32.753632103369355
 10
27.67635695654244
 20
32.772675726741
 10
27.666864212479837
 20
32.79274644774705
 10
27.659384453251878
 20
32.813650974372486
 10
27.653989713028803
 20
32.83518798459831
 10
27.65073194610801
 20
32.85715006524271
 10
27.649642526565845
 20
32.8793257094634
 10
27.649642526565845
 20
33.66749219294537
 10
27.65073194610801
 20
33.68966783716606
 10
27.653989713028803
 20
33.71162991781046
 10
27.659384453251878
 20
33.73316692803628
 10
27.666864212479837
 20
33.75407145466172
 10
27.67635695654244
 20
33.77414217566778
 10
27.687771265125132
 20
33.79318579903941
 10
27.70099721219655
 20
33.81101892427325
 10
27.71590742465635
 20
33.827469808624706
 10
27.732358309007804
 20
33.8423800210845
 10
27.75019143424163
 20
33.85560596815592
 10
27.76923505761328
 20
33.8670202767386
 10
27.78930577861932
 20
33.87651302080122
 10
27.810210305244752
 20
33.88399278002916
 10
27.83174731547056
 20
33.889387520252235
 10
27.85370939611498
 20
33.89264528717301
 10
27.875885040335675
 20
33.89373470671519
 10
30.136987364778207
 20
33.89373470671519
 10
30.159163008998885
 20
33.89264528717301
 10
30.181125089643302
 20
33.889387520252235
 10
30.202662099869112
 20
33.88399278002916
 10
30.223566626494545
 20
33.87651302080122
 10
30.243637347500602
 20
33.8670202767386
 10
30.262680970872253
 20
33.85560596815592
 10
30.280514096106074
 20
33.8423800210845
 10
30.29696498045753
 20
33.827469808624706
 10
30.31187519291733
 20
33.81101892427325
 10
30.325101139988735
 20
33.79318579903941
 10
30.336515448571426
 20
33.77414217566778
 10
30.346008192634027
 20
33.75407145466172
 10
30.353487951861986
 20
33.73316692803628
 10
30.35888269208506
 20
33.71162991781046
 10
30.362140459005854
 20
33.68966783716606
 10
30.36322987854802
 20
33.66749219294537
 10
30.36322987854802
 20
29.81639167637278
 10
30.362140459005854
 20
29.794216032152086
 10
30.35888269208506
 20
29.772253951507686
 10
30.353487951861986
 20
29.75071694128186
 10
30.346008192634027
 20
29.729812414656426
 10
30.336515448571426
 20
29.709741693650372
 10
30.325101139988735
 20
29.690698070278735
 10
30.31187519291733
 20
29.672864945044896
 10
30.29696498045753
 20
29.656414060693443
 10
30.280514096106074
 20
29.641503848233643
 10
30.262680970872253
 20
29.62827790116222
 10
30.243637347500602
 20
29.616863592579545
 10
30.223566626494545
 20
29.60737084851693
 10
30.202662099869112
 20
29.599891089288985
 10
30.181125089643302
 20
29.59449634906591
 10
30.159163008998885
 20
29.591238582145134
 10
30.136987364778207
 20
29.590149162602952
 10
29.389647280356627
 20
29.590149162602952
 10
29.368181700525522
 20
29.591169777083653
 10
29.346909789702472
 20
29.59422241223061
 10
29.32602346955469
 20
29.59927952623849
 10
29.305711182832745
 20
29.60629549228237
 10
29.286156193182492
 20
29.615207010176753
 10
29.26753493168467
 20
29.625933677489282
 10
29.250015405039836
 20
29.63837871495589
 10
29.23375567976074
 20
29.652429839652935
 10
29.218902456047918
 20
29.66796027804793
 10
29.205589744215786
 20
29.68482990978897
 10
29.193937655610803
 20
29.702886531913425
 10
29.18405131893015
 20
29.721967232069375
 10
29.176019931718592
 20
29.7418998583605
 10
29.1699159556011
 20
29.762504572553144
 10
29.16579446251182
 20
29.78359547263159
 10
29.148157149696704
 20
29.90398020386551
 10
29.133346883843373
 20
29.89127206305578
 10
29.119003696017334
 20
29.879937896761092
 10
29.03874742850889
 20
29.82162661223093
 10
29.024546863631763
 20
29.81210741304187
 10
28.937134819431627
 20
29.758183369826124
 10
28.92336198333488
 20
29.750339323149475
 10
28.828817245593665
 20
29.70079602911205
 10
28.81444641933378
 20
29.693899391874506
 10
28.711716781102464
 20
29.64897994144531
 10
28.69716834582416
 20
29.64320935730297
 10
28.58547090357755
 20
29.60331842696631
 10
28.57225011258854
 20
29.59904977925621
 10
28.451596407901995
 20
29.56414625215003
 10
28.4396786989285
 20
29.561047470961274
 10
28.31008027337734
 20
29.531090230223526
 10
28.297096442842456
 20
29.528486724726537
 10
28.156357511724096
 20
29.50452713573309
 10
28.143446259907257
 20
29.502710218587367
 10
27.98954416214872
 20
29.485558716329436
 10
27.978425046566482
 20
29.48459654010665
 10
27.811354011380157
 20
29.474283421219425
 10
27.801737464955917
 20
29.473894903147972
 10
27.62149172155416
 20
29.470450464266623
 10
27.610451690568453
 20
29.470508911538793
 10
27.347585580315737
 20
29.478317147909692
 10
27.33256668121726
 20
29.479263982655265
 10
27.09004259744701
 20
29.50267282210193
 10
27.072673220253673
 20
29.505031547472164
 10
26.8505200169042
 20
29.544017185495534
 10
26.830586215439755
 20
29.54845106167875
 10
26.6288327464493
 20
29.60298969377973
 10
26.608604901196543
 20
29.609491239662503
 10
26.425323723488436
 20
29.678052284640422
 10
26.405542285313604
 20
29.686545569321858
 10
26.239059870468033
 20
29.76761335384423
 10
26.218200447612016
 20
29.77916851794956
 10
26.06851102484135
 20
29.872724286956473
 10
26.04732756106445
 20
29.887719424991904
 10
25.91442535958101
 20
29.9937444234235
 10
25.896518067698125
 20
30.009652279453302
 10
25.778189990436406
 20
30.126545714859123
 10
25.763711834261336
 20
30.142267365729268
 10
25.658010240387885
 20
30.26852895354391
 10
25.644962386148936
 20
30.285718124965793
 10
25.551864192513136
 20
30.421341373053107
 10
25.540602724981355
 20
30.439534596909365
 10
25.46008484843259
 20
30.584513013133225
 10
25.45179481400426
 20
30.60098815875407
 10
25.382579025077035
 20
30.75375208887247
 10
25.376545158865643
 20
30.76841562362535
 10
25.317549434874703
 20
30.927404069577683
 10
25.31267543217035
 20
30.942053271408614
 10
25.263894002328072
 20
31.107290037693982
 10
25.260149344601995
 20
31.12170578903777
 10
25.22157643812071
 20
31.293214680155234
 10
25.21938257958521
 20
31.304242777418292
 10
25.188820488166424
 20
31.480678478495843
 10
25.18757359430092
 20
31.488738049230438
 10
25.163013122042937
 20
31.66892836902577
 10
25.162083057676888
 20
31.676773054611502
 10
25.143524204579663
 20
31.86072448526072
 10
25.142885983759598
 20
31.868334328264094
 10
25.130328749823192
 20
32.05605336190331
 10
25.130045578244335
 20
32.061148893292824
 10
25.12162696085424
 20
32.25133361618223
 10
25.12151584529107
 20
32.25427757122732
 10
25.115538271078844
 20
32.44571311234085
 10
25.11546677970835
 20
32.44858848439883
 10
25.11190139473575
 20
32.641273401039584
 10
25.111866875850414
 20
32.644080053138026
 10
25.110684826179163
 20
32.838012902609094
 10
25.11068062374598
 20
32.83939185889356
 10
25.11068062374598
 20
33.73736488986732
 10
25.11069494611368
 20
33.73991056302252
 10
25.11398525687474
 20
34.03231300718839
 10
25.11410317826605
 20
34.0375017268681
 10
25.12397795774101
 20
34.326184898390586
 10
25.124222405392075
 20
34.33150061385545
 10
25.140687424368586
 20
34.6164702835222
 10
25.141067385857607
 20
34.62190805190585
 10
25.164128415123336
 20
34.903169990504516
 10
25.16558197912351
 20
34.916228983646405
 10
25.20386057543441
 20
35.188067105780355
 10
25.20801944978617
 20
35.209824580118955
 10
25.270298751952577
 20
35.46671852627287
 10
25.277065160403236
 20
35.48938177777864
 10
25.363316314486855
 20
35.7313365973917
 10
25.37289060465321
 20
35.75416224712873
 10
25.483084756715783
 20
35.98118298964016
 10
25.497861184812262
 20
36.00711638866333
 10
25.635878227753533
 20
36.21598583995563
 10
25.645847342490065
 20
36.22989836359291
 10
25.65683967702696
 20
36.24301743917074
 10
25.826590281280893
 20
36.430705935725314
 10
25.85027393190919
 20
36.45335422364412
 10
26.05177540983875
 20
36.61985383062789
 10
26.07626897212088
 20
36.637481922930924
 10
26.309538636089055
 20
36.7827847055109
 10
26.3242991367833
 20
36.79122615680307
 10
26.33965193978133
 20
36.79853518688696
 10
26.61326229484894
 20
36.91639402697751
 10
26.62925855205758
 20
36.92257676577148
 10
26.6456771774824
 20
36.92753007202472
 10
26.96844310179193
 20
37.01169977513618
 10
26.995093823236964
 20
37.01696417077949
 10
27.36698069206246
 20
37.06745699983559
 10
27.388382690312447
 20
37.069333420166195
 10
27.809355878928
 20
37.08616163809073
 10
27.82580376532426
 20
37.086220767176506
 10
28.168010511444205
 20
37.07500488069556
 10
28.1851677593216
 20
37.073788361622995
 10
28.493251838039892
 20
37.040133488695574
 10
28.51407461585069
 20
37.0368712265374
 10
28.788030256379677
 20
36.98076654693668
 10
28.813072726397166
 20
36.97412371037626
 10
29.052894157949176
 20
36.89555840387536
 10
29.07774792274355
 20
36.88575635018183
 10
29.28793058890151
 20
36.78815393655683
 10
29.31070118264516
 20
36.775953871725775
 10
29.495740526992034
 20
36.66276383929727
 10
29.519588635045913
 20
36.64597183725668
 10
29.679478886794037
 20
36.517205006251494
 10
29.70295439125218
 20
36.495384211202904
 10
29.83768977961389
 20
36.35105140184789
 10
29.85702473708826
 20
36.32730167060379
 10
29.969301181696192
 20
36.1685436954834
 10
29.983778067007346
 20
36.14518252049009
 10
30.076295334685916
 20
35.97338977875488
 10
30.087624910025063
 20
35.9489757822206
 10
30.16038300077427
 20
35.76411797723537
 10
30.168405163646103
 20
35.7397704341739
 10
30.221404077465984
 20
35.541817269303465
 10
30.225436581383274
 20
35.52386175365338
 10
30.26316599106906
 20
35.316799881369136
 10
30.265024706351678
 20
35.30477336738619
 10
30.291974284698668
 20
35.0927702581727
 10
30.293154760376186
 20
35.08105352436893
 10
30.309324507384385
 20
34.86407311080333
 10
30.30988346444713
 20
34.85275121277359
 10
30.31527338011652
 20
34.63075742743306
 10
30.314696935502003
 20
34.608219580300066
 10
30.311880231019774
 20
34.58585100820342
 10
30.306851237265626
 20
34.56387383678388
 10
30.299659893433507
 20
34.542506304973415
 10
30.290377611406534
 20
34.52196059782678
 10
30.27909656661883
 20
34.50244073946968
 10
30.26592878272977
 20
34.484140567087024
 10
30.25100501920058
 20
34.4672418060701
 10
30.234473472819165
 20
34.45191226543697
 10
30.216498306068402
 20
34.43830417144604
 10
30.19725801695058
 20
34.42655265595035
 10
30.176943666456516
 20
34.41677441450376
 10
30.155756981281208
 20
34.40906654754422
 10
30.13390835062609
 20
34.40350559616161
 10
30.111614736980478
 20
34.400146782025146
 10
30.089097521628567
 20
34.39902345901809
 10
28.786038280452377
 20
34.39902345901809
 10
28.764115679139408
 20
34.400088099566396
 10
28.74239940235751
 20
34.40327200134835
 10
28.721093832814752
 20
34.408545199076826
 10
28.700399487848582
 20
34.4158580640589
 10
28.68051113225724
 20
34.42514177127623
 10
28.661615945271063
 20
34.4363089471315
 10
28.643891758915522
 20
34.44925449176504
 10
28.627505384345312
 20
34.463856568201955
 10
28.612611041901374
 20
34.47997774902059
 10
28.59934890966645
 20
34.49746630975063
 10
28.58784380417922
 20
34.516157656827616
 10
28.57820400572358
 20
34.5358758766651
 10
28.570520239249035
 20
34.556435391265154
 10
28.56486482051281
 20
34.577642704785326
 10
28.561290975480293
 20
34.599298224624576
 10
28.55983233938896
 20
34.621198139888754
 10
28.557223085092748
 20
34.766294764598186
 10
28.54970671044741
 20
34.896307117403
 10
28.537392172019977
 20
35.01495440517532
 10
28.520724655360116
 20
35.120809477084634
 10
28.499499846831384
 20
35.21228984516249
 10
28.473429125573215
 20
35.29052048543897
 10
28.443078724273324
 20
35.35695547762284
 10
28.40969543258292
 20
35.41157690969726
 10
28.372943066838403
 20
35.456159748609934
 10
28.330243844768507
 20
35.494368661979124
 10
28.279125391974453
 20
35.52803833314632
 10
28.218114839979734
 20
35.55711062753254
 10
28.143933794156915
 20
35.581314020054414
 10
28.052701566686505
 20
35.60000647105753
 10
27.9438736290103
 20
35.61194588151863
 10
27.819610884976672
 20
35.61604979459677
 10
27.65471685924577
 20
35.60882679940651
 10
27.517991561819578
 20
35.58843234213347
 10
27.409333312637226
 20
35.557200868549955
 10
27.325938774660806
 20
35.517429105018046
 10
27.25739893046543
 20
35.46783738562257
 10
27.196911402610166
 20
35.405930997210625
 10
27.144155749137262
 20
35.33016343489871
 10
27.098386032209806
 20
35.23677669001689
 10
27.058837658634932
 20
35.12183516365201
 10
27.026042487098238
 20
34.98524847282991
 10
27.00139639426724
 20
34.82831859340896
 10
26.98544308828285
 20
34.64945255546742
 10
26.97526766641924
 20
34.44747987475117
 10
26.96790639285203
 20
34.22535488815443
 10
26.963483447227766
 20
33.98526896302946
 10
26.962004578761114
 20
33.72671516888549
 10
26.962004578761114
 20
32.85003385057605
 10
26.963483449302178
 20
32.59146573989841
 10
26.96790640345499
 20
32.35135050957087
 10
26.975267626755368
 20
32.12921958674042
 10
26.985443178896656
 20
31.92729363565282
 10
27.001397377267377
 20
31.7483416050063
 10
27.02604271465654
 20
31.591383664255442
 10
27.058830425487695
 20
31.454849316024774
 10
27.098385239151195
 20
31.339972694091706
 10
27.14418303140113
 20
31.246462121426894
 10
27.196917289962492
 20
31.170696248896906
 10
27.25733312884237
 20
31.108879236859828
 10
27.325922627745452
 20
31.059322213865325
 10
27.409390306136377
 20
31.019456301762617
 10
27.517953963211085
 20
30.988259236793276
 10
27.654668010547223
 20
30.967905742113782
 10
27.819114841040598
 20
30.960727292451807
 10
27.950800266210987
 20
30.96563418648017
 10
28.06494459217958
 20
30.979799215457046
 10
28.160004966450227
 20
31.001892322449763
 10
28.237015258144986
 20
31.030485134600426
 10
28.30096751611552
 20
31.065304827354264
 10
28.35597267594479
 20
31.106702668688847
 10
28.403300048211438
 20
31.155150002891972
 10
28.444783063071593
 20
31.212865322653723
 10
28.481903308159556
 20
31.283133334395536
 10
28.514558947376525
 20
31.367532231362844
 10
28.541502117979267
 20
31.466088672773193
 10
28.56221305338171
 20
31.58103259603436
 10
28.57831918118638
 20
31.71455079144589
 10
28.59149862103027
 20
31.86458356613357
 10
28.601357579051296
 20
32.02870472436368
 10
28.6077471649005
 20
32.20499521785052
 10
28.6077471649005
 20
32.653083195693576
 10
27.875885040335675
 20
32.653083195693576
 10
27.85370939611498
 20
32.65417261523576
 10
27.83174731547056
 20
32.657430382156534
 10
27.810210305244752
 20
32.66282512237961
 10
27.78930577861932
 20
32.67030488160757
 10
27.76923505761328
 20
32.67979762567017
 10
27.75019143424163
 20
32.69121193425285
  0
LWPOLYLINE
  5
46
330
17
100
AcDbEntity
  8
0
100
AcDbPolyline
 90
263
 70
1
 10
28.94063966139272
 20
33.07885379325663
 10
28.959683284764356
 20
33.06743948467395
 10
28.977516409998195
 20
33.05421353760253
 10
28.99396729434965
 20
33.039303325142725
 10
29.008877506809448
 20
33.022852440791276
 10
29.022103453880852
 20
33.00501931555743
 10
29.033517762463546
 20
32.9859756921858
 10
29.043010506526148
 20
32.96590497117974
 10
29.050490265754107
 20
32.94500044455431
 10
29.05588500597718
 20
32.92346343432848
 10
29.059142772897975
 20
32.90150135368408
 10
29.06023219244014
 20
32.8793257094634
 10
29.06023219244014
 20
32.20089652402135
 10
29.060083734229906
 20
32.19270182588748
 10
29.05344829022508
 20
32.00962803586072
 10
29.053189646029
 20
32.004256525564784
 10
29.04298208446597
 20
31.834332196557497
 10
29.042521303720335
 20
31.828100654844018
 10
29.028747395386755
 20
31.67130053966021
 10
29.0279869679039
 20
31.664003368011826
 10
29.010652483587418
 20
31.520302219455484
 10
29.008695283900348
 20
31.507278145092513
 10
28.985037939910292
 20
31.375981905723464
 10
28.980615435195983
 20
31.35644037389388
 10
28.947972974827714
 20
31.23703628518407
 10
28.940737566102754
 20
31.215057000255793
 10
28.89912730171926
 20
31.10751476557
 10
28.888173259341418
 20
31.083477457234544
 10
28.837612503305635
 20
30.9877667799376
 10
28.82127966023661
 20
30.96140034423589
 10
28.76076910448633
 20
30.87721200628931
 10
28.75032200190552
 20
30.863774019830903
 10
28.738894183265106
 20
30.8511594887848
 10
28.66761533775134
 20
30.77819389012949
 10
28.65515147396333
 20
30.766368639941803
 10
28.64182618342758
 20
30.755523314927554
 10
28.559790589725647
 20
30.693781898260458
 10
28.53192742593141
 20
30.675848552102096
 10
28.439146625616594
 20
30.625332760120127
 10
28.409709607657902
 20
30.611937409831484
 10
28.30399839580505
 20
30.572688359396654
 10
28.276466735880728
 20
30.564414544889598
 10
28.155809184002443
 20
30.53637236407999
 10
28.132455310295008
 20
30.532221233973537
 10
27.996839876815983
 20
30.515391693576834
 10
27.977401919677945
 20
30.51382637314214
 10
27.826817063022872
 20
30.508215243945966
 10
27.80852604138125
 20
30.508273586987716
 10
27.623151991350422
 20
30.516365553751655
 10
27.599703562767655
 20
30.518616625116262
 10
27.43652973284408
 20
30.54290935687201
 10
27.407359965493935
 20
30.549242849279466
 10
27.266357501739346
 20
30.589761593223045
 10
27.248570714944467
 20
30.59568088599911
 10
27.23133502079303
 20
30.60305236200954
 10
27.112475069269134
 20
30.659822365336947
 10
27.094511723962317
 20
30.669417834797173
 10
27.077484030697487
 20
30.680589784978462
 10
26.976602006313556
 20
30.75347868024784
 10
26.961410080920515
 20
30.765476854545486
 10
26.94729945455084
 20
30.778729816745706
 10
26.86016921714784
 20
30.867880791625762
 10
26.84762425987732
 20
30.881829495448695
 10
26.836278068797377
 20
30.896769583776255
 10
26.76291693073824
 20
31.002171096691676
 10
26.753603984350356
 20
31.016704074061618
 10
26.745426110543907
 20
31.03190475765364
 10
26.685851384191615
 20
31.153545267029074
 10
26.675117468263302
 20
31.179399467255525
 10
26.627461342013664
 20
31.317804234992373
 10
26.62138983119187
 20
31.33863242020261
 10
26.583953769878537
 20
31.494523395881362
 10
26.58043794067622
 20
31.51225761234861
 10
26.55321617351151
 20
31.685623975742377
 10
26.551371518714454
 20
31.70062767565383
 10
26.53435827491074
 20
31.891458606535778
 10
26.53375118735119
 20
31.90016275491708
 10
26.52325797179924
 20
32.108392490352934
 10
26.523095384924044
 20
32.11228560213174
 10
26.515614520527798
 20
32.33802679270548
 10
26.51552876526737
 20
32.34135344696669
 10
26.511048710451515
 20
32.584568582558575
 10
26.51101403839208
 20
32.58744132827442
 10
26.509523251581296
 20
32.84809289876468
 10
26.509519551221473
 20
32.84938686311134
 10
26.509519551221473
 20
33.727362191266
 10
26.50952325198072
 20
33.72865622544409
 10
26.511014038791483
 20
33.98929372963944
 10
26.511048719669308
 20
33.99216690591271
 10
26.51552877448516
 20
34.23535282689208
 10
26.515614528850932
 20
34.2386792319174
 10
26.52309539324718
 20
34.464412848332344
 10
26.523257832070236
 20
34.46830293580594
 10
26.533751047622182
 20
34.676583526308
 10
26.534359029956025
 20
34.68529891509215
 10
26.55137227375974
 20
34.87604881449748
 10
26.55321730013777
 20
34.891051221514125
 10
26.580439067302493
 20
35.06438127703559
 10
26.5839519017079
 20
35.082100539118436
 10
26.62138796302123
 20
35.2380158001952
 10
26.627444853399812
 20
35.25880386113973
 10
26.67510097964945
 20
35.39730937721102
 10
26.685879380590382
 20
35.423268624825184
 10
26.74545410694267
 20
35.54482257238584
 10
26.753630430765742
 20
35.56001105882792
 10
26.762940164735767
 20
35.574532465270416
 10
26.836301302794908
 20
35.67989358267224
 10
26.847627888671703
 20
35.69480468375112
 10
26.86014875448529
 20
35.708728059860654
 10
26.947278991888293
 20
35.797902117891326
 10
26.961341059875945
 20
35.81111651772013
 10
26.97647803678742
 20
35.823084560538675
 10
27.07736006117135
 20
35.89607732998582
 10
27.094502205779794
 20
35.907333264542686
 10
27.11259315225845
 20
35.916990740404984
 10
27.231453103782346
 20
35.97367634596295
 10
27.248625385370087
 20
35.981012203926944
 10
27.266344143896045
 20
35.9869069187882
 10
27.40734660765062
 20
36.02743504026172
 10
27.43646682947505
 20
36.03376299778508
 10
27.599640659398627
 20
36.05810261719055
 10
27.623117754757757
 20
36.06036156532234
 10
27.808491804788584
 20
36.06848166467608
 10
27.825860441519602
 20
36.068575124330586
 10
27.967435175049953
 20
36.063899463858185
 10
27.984640155150114
 20
36.062673379445954
 10
28.112491955637797
 20
36.04864687892774
 10
28.133230304038708
 20
36.04539195425759
 10
28.247324546757834
 20
36.022015335042
 10
28.272089705949206
 20
36.01546072225065
 10
28.372391766173838
 20
35.98273470568615
 10
28.399538317267808
 20
35.97189098838478
 10
28.487861184119428
 20
35.929804032896044
 10
28.51498580036434
 20
35.91450460097824
 10
28.59310014385498
 20
35.86305382117146
 10
28.60668513825115
 20
35.85336934694286
 10
28.61951952976028
 20
35.84271010173419
 10
28.68746574540352
 20
35.78190920323004
 10
28.699785856582864
 20
35.77001499107501
 10
28.71117102267941
 20
35.75722298516449
 10
28.768989505988813
 20
35.68708567358365
 10
28.787460432277385
 20
35.66115838971658
 10
28.83625628908884
 20
35.5813190616162
 10
28.848998280311726
 20
35.55734741688732
 10
28.890026656940062
 20
35.467539053113605
 10
28.898879149115842
 20
35.44505641624506
 10
28.932128503985744
 20
35.34528478758567
 10
28.937879350407925
 20
35.32488922591271
 10
28.963338141944153
 20
35.215160103155306
 10
28.96643879373481
 20
35.1992164027921
 10
28.985298689587996
 20
35.07943757355897
 10
28.986843290029228
 20
35.06760438148068
 10
29.000307499425364
 20
34.93788032107329
 10
29.0011392097144
 20
34.9275817220608
 10
29.005537214413085
 20
34.85150848655773
 10
29.856521122665598
 20
34.85150848655773
 10
29.842358678048498
 20
35.041553085805816
 10
29.816919431217244
 20
35.24167493390439
 10
29.78193198077145
 20
35.43368872516397
 10
29.734635029470894
 20
35.61034482099433
 10
29.67151622542012
 20
35.770711914880025
 10
29.591918801683462
 20
35.9185141576601
 10
29.49645349047631
 20
36.053501327537205
 10
29.383154134677216
 20
36.17487118084325
 10
29.247158119512317
 20
36.284394905464715
 10
29.085621625764343
 20
36.383208058041866
 10
28.899310081097934
 20
36.46972545159311
 10
28.68453616097713
 20
36.54008521366062
 10
28.433627575064136
 20
36.59146997724693
 10
28.144586431409714
 20
36.62304461427768
 10
27.819206466323827
 20
36.633709000041435
 10
27.417201741381376
 20
36.617639038103306
 10
27.06945494960998
 20
36.570423820832566
 10
26.776486490073697
 20
36.49402459029751
 10
26.534310392587308
 20
36.38970619218591
 10
26.32834016663434
 20
36.26140812525991
 10
26.151160423811792
 20
36.115005439539914
 10
26.003934782730692
 20
35.95222216492217
 10
25.883619191604875
 20
35.77014138007987
 10
25.785368450292488
 20
35.56772631696139
 10
25.707255517679325
 20
35.348601127035934
 10
25.650378939467988
 20
35.113992707991585
 10
25.614563043867243
 20
34.859643626756366
 10
25.592261844757363
 20
34.58764889389194
 10
25.57610753314682
 20
34.30805681750759
 10
25.566412438570694
 20
34.024626624707345
 10
25.563165651285622
 20
33.736092012999755
 10
25.563165651285622
 20
32.84008134344035
 10
25.564334944389337
 20
32.648241398821746
 10
25.567847757887396
 20
32.45839761441927
 10
25.573734473663727
 20
32.269871871365
 10
25.581975100525472
 20
32.08370812695003
 10
25.594107125777132
 20
31.90234556988852
 10
25.611886099675544
 20
31.726124137079264
 10
25.635362248309942
 20
31.553889064171784
 10
25.664268385833623
 20
31.387013225422802
 10
25.699972354294214
 20
31.228260655347782
 10
25.744457128425527
 20
31.077577900656948
 10
25.79800594279633
 20
30.933268411706386
 10
25.860138739018957
 20
30.796137125805807
 10
25.930975453586615
 20
30.66859036068091
 10
26.011898723888564
 20
30.550703253148686
 10
26.103798654661983
 20
30.44092788690967
 10
26.205983935589824
 20
30.339981528175688
 10
26.319349875471843
 20
30.249541915708562
 10
26.447892003818048
 20
30.16920318873223
 10
26.59395135357971
 20
30.09808031425363
 10
26.757178432665178
 20
30.037021021364225
 10
26.938798419489366
 20
29.987924935467152
 10
27.142245601120017
 20
29.952222014868497
 10
27.368545578733467
 20
29.930379153902347
 10
27.61836718358788
 20
29.922958394568294
 10
27.788279792205028
 20
29.92620537052738
 10
27.94497525944532
 20
29.9358780165425
 10
28.08684785495641
 20
29.95168890006966
 10
28.21462732021775
 20
29.973442251790733
 10
28.3317709080903
 20
30.00052050253226
 10
28.43983198182673
 20
30.031781147417398
 10
28.53761051317945
 20
30.066701164421914
 10
28.62585882842277
 20
30.105288527234443
 10
28.706315819462212
 20
30.147449566121082
 10
28.77969867330527
 20
30.192719073522905
 10
28.845633878494287
 20
30.24062519512178
 10
28.90603576349198
 20
30.292453816385287
 10
28.963852344508656
 20
30.349183816780947
 10
29.019167049375252
 20
30.409267502716723
 10
29.070683923819512
 20
30.47136106593201
 10
29.12200934864539
 20
30.540223172610286
 10
29.136131383103017
 20
30.55734829658379
 10
29.15186359049328
 20
30.573007140058333
 10
29.169054536146866
 20
30.587048974549102
 10
29.187538743909975
 20
30.599338636533908
 10
29.2071382889803
 20
30.60975782850675
 10
29.227664510570953
 20
30.618206257682807
 10
29.248919827916428
 20
30.624602601394063
 10
29.270699642140578
 20
30.628885289882984
 10
29.292794305678765
 20
30.63101309895907
 10
29.314991140298226
 20
30.630965546813478
 10
29.337076484290453
 20
30.62874309117243
 10
29.358837749130416
 20
30.624367124891137
 10
29.38006546580581
 20
30.61787977003106
 10
29.40055530111815
 20
30.60934347240248
 10
29.42011002454808
 20
30.598840400475208
 10
29.4385414067517
 20
30.58647165444357
 10
29.455672031413542
 20
30.572356293058704
 10
29.471337003016043
 20
30.55663018759603
 10
29.485385534086408
 20
30.539444713989067
 10
29.497682396642695
 20
30.520965295718945
 10
29.50810922386781
 20
30.50136981148536
 10
29.516565649481723
 20
30.480846882986572
 10
29.522970273844567
 20
30.459594059289437
 10
29.527261447491064
 20
30.4378159152669
 10
29.58515868772573
 20
30.042634190142593
 10
29.91074485100838
 20
30.042634190142593
 10
29.91074485100838
 20
33.441249679175556
 10
28.102127554105486
 20
33.441249679175556
 10
28.102127554105486
 20
33.10556822323322
 10
28.833989678670328
 20
33.10556822323322
 10
28.856165322891005
 20
33.10447880369104
 10
28.87812740353542
 20
33.101221036770255
 10
28.899664413761233
 20
33.09582629654718
 10
28.920568940386666
 20
33.08834653731924
 10
28.94063966139272
 20
33.07885379325663
  0
LWPOLYLINE
  5
47
330
17
100
AcDbEntity
  8
0
100
AcDbPolyline
 90
164
 70
1
 10
10.868996290315241
 20
37.00213420572707
 10
10.883916008009926
 20
37.018863619285234
 10
10.900417992515065
 20
37.03403450460816
 10
10.918340249818757
 20
37.047497934603136
 10
10.937506843604917
 20
37.05912174364861
 10
10.95772962235634
 20
37.068791825016426
 10
10.978810066370146
 20
37.07641325101618
 10
11.00054123655387
 20
37.08191120486608
 10
11.022709805871607
 20
37.08523171514223
 10
11.04509815349843
 20
37.086342185596536
 10
12.242713562649733
 20
37.086342185596536
 10
12.265101749408503
 20
37.08523173113977
 10
12.287270162603479
 20
37.08191126854214
 10
12.309001186077392
 20
37.076413393114095
 10
12.330081497307717
 20
37.06879207473223
 10
12.35030416148666
 20
37.05912212804409
 10
12.369470662895884
 20
37.04749847805043
 10
12.387392853635594
 20
37.03403522827425
 10
12.403894800577616
 20
37.01886454066399
 10
12.418814512412553
 20
37.00213533822609
 10
12.43200552983684
 20
36.984011843122836
 10
12.443338363270076
 20
36.96467196458599
 10
12.45270176398908
 20
36.944305552471405
 10
12.46000381620063
 20
36.92311253359854
 10
12.465172839332496
 20
36.90130094916944
 10
13.393417072607821
 20
31.889404376119444
 10
14.126692379679193
 20
36.892905638321764
 10
14.130814635888045
 20
36.91399571976897
 10
14.136919234106308
 20
36.93459956436883
 10
14.144951100154957
 20
36.954531289318716
 10
14.154837772520143
 20
36.973611075513666
 10
14.166490056082985
 20
36.99166678982999
 10
14.17980282681604
 20
37.00853553806779
 10
14.194655980186264
 20
37.024065134542326
 10
14.210915514708518
 20
37.03811547506563
 10
14.22843474087387
 20
37.050559800932035
 10
14.24705560454618
 20
37.061285842503764
 10
14.26661011288751
 20
37.07019683208012
 10
14.286921849948095
 20
37.07721237691165
 10
14.307807568247464
 20
37.082269184483735
 10
14.329078841987998
 20
37.08532163352608
 10
14.350543766986066
 20
37.086342185596536
 10
15.758923730050492
 20
37.086342185596536
 10
15.780926750366746
 20
37.08526970121305
 10
15.802721163597747
 20
37.082062416114034
 10
15.82410034042838
 20
37.076750738051956
 10
15.844861588332787
 20
37.06938502618944
 10
15.864808073269636
 20
37.06003511365216
 10
15.883750685833718
 20
37.048789645452175
 10
15.901509834171899
 20
37.03575523805893
 10
15.91791714666436
 20
37.02105546858574
 10
15.932817068228799
 20
37.00482970317502
 10
15.946068335113132
 20
36.98723177569049
 10
15.957545314194192
 20
36.968428529243056
 10
15.967139194085233
 20
36.9485982343782
 10
15.974759016759059
 20
36.927928898921806
 10
15.98033253990642
 20
36.906616485508096
 10
15.983806921853672
 20
36.88486305368978
 10
15.985149222546234
 20
36.86287484424378
 10
15.984346715847789
 20
36.8408603238359
 10
15.98140701019489
 20
36.819028208581884
 10
14.678409324087056
 20
29.760716273170065
 10
14.673250407867796
 20
29.738892618310082
 10
14.665956334667959
 20
29.71768689209852
 10
14.656598766914309
 20
29.69730743543894
 10
14.645269640346317
 20
29.677954471345263
 10
14.632080260770886
 20
29.659818137801263
 10
14.617160210510727
 20
29.643076619702875
 10
14.60065607529096
 20
29.627894398236563
 10
14.582730004071232
 20
29.614420634893317
 10
14.563558115973255
 20
29.602787705994576
 10
14.543328769954892
 20
29.593109902128354
 10
14.522240714230906
 20
29.585482305273086
 10
14.500501133622082
 20
29.57997985464114
 10
14.478323614016594
 20
29.57665661042013
 10
14.455926043942643
 20
29.575545222645076
 10
12.597209201080139
 20
29.575545222645076
 10
12.575229731097995
 20
29.576615406995426
 10
12.553458198027549
 20
29.57981583556079
 10
12.532100571592066
 20
29.585116230666966
 10
12.511358905748512
 20
29.592466447893248
 10
12.491429427154873
 20
29.601796950464127
 10
12.472500678766636
 20
29.613019467102312
 10
12.454751736124992
 20
29.626027827119724
 10
12.438350513211569
 20
29.640698964846017
 10
12.423452173897179
 20
29.656894083891988
 10
12.410197664013037
 20
29.674459970233706
 10
12.39871237793188
 20
29.693230441694844
 10
12.389104972273682
 20
29.71302792011404
 10
12.381466337959125
 20
29.73366511132427
 10
12.375868740335356
 20
29.754946777050467
 10
11.638008176226828
 20
33.241604596216874
 10
10.892704458746548
 20
29.754500604702674
 10
10.887073835363454
 20
29.73326131913848
 10
10.879409414345734
 20
29.712668412072652
 10
10.869783490687716
 20
29.692916127022826
 10
10.858286861345213
 20
29.674190778301895
 10
10.845027968789068
 20
29.656668993599887
 10
10.830131878116857
 20
29.64051604793528
 10
10.813739097370577
 20
29.625884304691084
 10
10.796004252188409
 20
29.612911778440427
 10
10.77709462729139
 20
29.601720833117824
 10
10.757188588562798
 20
29.59241702781599
 10
10.736473900603961
 20
29.58508812109484
 10
10.715145955636283
 20
29.579803243195126
 10
10.693405930455354
 20
29.576612243964167
 10
10.671458888821832
 20
29.575545222645076
 10
8.83194722727386
 20
29.575545222645076
 10
8.809549792817535
 20
29.576656596928004
 10
8.787372404825895
 20
29.579979800937775
 10
8.765632947888939
 20
29.585482185430767
 10
8.744545004086916
 20
29.59310969152549
 10
8.724315754625787
 20
29.602787381810952
 10
8.705143944358918
 20
29.61442017657893
 10
8.687217929192856
 20
29.627893787946675
 10
8.67071382556054
 20
29.643075842692838
 10
8.655793780142812
 20
29.65981718277529
 10
8.642604376837674
 20
29.677953330753187
 10
8.63127519662789
 20
29.69730610571691
 10
8.621917544496094
 20
29.717685373849076
 10
8.614623355894652
 20
29.738890916418622
 10
8.609464293514169
 20
29.760714396855445
 10
7.306405052337997
 20
36.81902633226726
 10
7.3034651535486805
 20
36.8408585283455
 10
7.302662472804344
 20
36.86287314835385
 10
7.304004620264763
 20
36.88486147322604
 10
7.307478871124114
 20
36.906615033198044
 10
7.31305228625401
 20
36.92792758429545
 10
7.320672024496933
 20
36.948597063718
 10
7.330265843649779
 20
36.968427505582774
 10
7.3417427853868285
 20
36.98723089886309
 10
7.354994037629477
 20
37.004828969907706
 10
7.369893966185785
 20
37.02105487264089
 10
7.386301305879437
 20
37.0357547704183
 10
7.404060499875044
 20
37.04878929454142
 10
7.42300317450148
 20
37.06003486560238
 10
7.442949735590828
 20
37.0693848651317
 10
7.463711071198204
 20
37.076750646440416
 10
7.485090344558651
 20
37.08206237507323
 10
7.506884860282841
 20
37.08526969090398
 10
7.528887986097687
 20
37.086342185596536
 10
8.937329504230435
 20
37.086342185596536
 10
8.958794429228504
 20
37.08532163352608
 10
8.980065702969053
 20
37.082269184483735
 10
9.000951421268406
 20
37.07721237691165
 10
9.021263158328994
 20
37.07019683208012
 10
9.040817666670337
 20
37.061285842503764
 10
9.059438530342646
 20
37.050559800932035
 10
9.076957756507985
 20
37.03811547506563
 10
9.093217291030237
 20
37.024065134542326
 10
9.108070444400463
 20
37.00853553806779
 10
9.121383215133534
 20
36.99166678982999
 10
9.133035498696376
 20
36.973611075513666
 10
9.142922171061546
 20
36.954531289318716
 10
9.150954037110193
 20
36.93459956436883
 10
9.157058635328458
 20
36.91399571976897
 10
9.161180891537308
 20
36.892905638321764
 10
9.89445191452763
 20
31.88943360853007
 10
10.822638464661702
 20
36.90129872375213
 10
10.82780731462116
 20
36.923110515154626
 10
10.835109230135254
 20
36.94430375190399
 10
10.844472530941063
 20
36.96467038766224
 10
10.855805300901986
 20
36.984010490534295
 10
10.868996290315241
 20
37.00213420572707
  0
LWPOLYLINE
  5
48
330
17
100
AcDbEntity
  8
0
100
AcDbPolyline
 90
102
 70
1
 10
13.649418719531774
 20
30.762489563004742
 10
13.63456556616155
 20
30.746959966530206
 10
13.618306031639296
 20
30.73290962600689
 10
13.600786805473959
 20
30.720465300140496
 10
13.58216594180165
 20
30.709739258568767
 10
13.562611433460322
 20
30.7008282689924
 10
13.542299696399718
 20
30.693812724160882
 10
13.521413978100366
 20
30.6887559165888
 10
13.500142704359815
 20
30.685703467546457
 10
13.478677779361748
 20
30.684682915476
 10
13.34454928550172
 20
30.684682915476
 10
13.322161098742953
 20
30.68579336993276
 10
13.299992685547975
 20
30.68911383253039
 10
13.278261662074064
 20
30.694611707958437
 10
13.257181350843739
 20
30.70223302634029
 10
13.236958686664796
 20
30.711902973028444
 10
13.21779218525557
 20
30.723526623022106
 10
13.199869994515861
 20
30.736989872798286
 10
13.183368047573838
 20
30.752160560408527
 10
13.168448335738903
 20
30.768889762846424
 10
13.155257318314616
 20
30.787013257949695
 10
13.143924484881378
 20
30.806353136486543
 10
13.134561084162376
 20
30.826719548601126
 10
13.127259031950825
 20
30.847912567473973
 10
13.122090008818958
 20
30.86972415190308
 10
12.054525436244754
 20
36.63385715805689
 10
11.23328819450433
 20
36.63385715805689
 10
10.165783674551507
 20
30.86972637732039
 10
10.160614824592066
 20
30.847914585917906
 10
10.153312909077973
 20
30.826721349168544
 10
10.143949608272164
 20
30.806354713410297
 10
10.13261683831124
 20
30.787014610538236
 10
10.119425848897984
 20
30.768890895345464
 10
10.104506131203285
 20
30.752161481787297
 10
10.088004146698161
 20
30.73699059646436
 10
10.07008188939447
 20
30.723527166469395
 10
10.050915295608293
 20
30.711903357423925
 10
10.03069251685687
 20
30.70223327605611
 10
10.009612072843064
 20
30.694611850056344
 10
9.98788090265934
 20
30.689113896206436
 10
9.96571233334162
 20
30.68579338593029
 10
9.943323985714798
 20
30.684682915476
 10
9.809195491854755
 20
30.684682915476
 10
9.787730566856686
 20
30.685703467546457
 10
9.766459293116137
 20
30.6887559165888
 10
9.745573574816785
 20
30.693812724160882
 10
9.725261837756197
 20
30.7008282689924
 10
9.705707329414869
 20
30.709739258568767
 10
9.68708646574256
 20
30.720465300140496
 10
9.669567239577205
 20
30.73290962600689
 10
9.653307705054953
 20
30.746959966530206
 10
9.638454551684728
 20
30.762489563004742
 10
9.625141780951658
 20
30.77935831124254
 10
9.61348949738883
 20
30.797414025558865
 10
9.603602825023644
 20
30.816493811753816
 10
9.595570958974998
 20
30.836425536703686
 10
9.589466360756733
 20
30.857029381303548
 10
9.585344104547882
 20
30.878119462750767
 10
8.741826714469292
 20
36.63385715805689
 10
7.800721018886872
 20
36.63385715805689
 10
9.020245442953135
 20
30.028030250184717
 10
10.488461708344387
 20
30.028030250184717
 10
11.417858992820753
 20
34.376465531517795
 10
11.42349455116783
 20
34.397720342762995
 10
11.431166873868898
 20
34.41832767115177
 10
11.440803484171697
 20
34.43809284913792
 10
11.45231334964127
 20
34.45682916456611
 10
11.46558774209966
 20
34.474359624452056
 10
11.48050126472884
 20
34.490518626950376
 10
11.496913036634407
 20
34.50515352571573
 10
11.51466802367967
 20
34.51812607187965
 10
11.533598503018839
 20
34.5293137200213
 10
11.553525647494334
 20
34.53861078579525
 10
11.574261214931083
 20
34.545929444280816
 10
11.595609326370099
 20
34.55120055962197
 10
11.617368316443018
 20
34.55437433812057
 10
11.63933263840818
 20
34.55542079861353
 10
11.661294805851947
 20
34.55433005569058
 10
11.683047352713473
 20
34.55111241307689
 10
11.70438479311696
 20
34.54579826629879
 10
11.725105562498241
 20
34.53843781555171
 10
11.745013921688441
 20
34.52910059148318
 10
11.763921805968096
 20
34.517874798370016
 10
11.781650601624294
 20
34.50486648089489
 10
11.798032833228714
 20
34.490198522393065
 10
11.812913745697763
 20
34.47400948403248
 10
11.826152766189542
 20
34.45645229589284
 10
11.83762483202804
 20
34.437692812308555
 10
11.847221572110275
 20
34.417908245122334
 10
11.854852330636147
 20
34.39728548964999
 10
11.860445023490236
 20
34.376019359169995
 10
12.780583982655626
 20
30.028030250184717
 10
14.26762621340716
 20
30.028030250184717
 10
15.487093028496876
 20
36.63385715805689
 10
14.54604655674721
 20
36.63385715805689
 10
13.70252916666862
 20
30.878119462750767
 10
13.698406910459768
 20
30.857029381303548
 10
13.692302312241505
 20
30.836425536703686
 10
13.684270446192857
 20
30.816493811753816
 10
13.674383773827689
 20
30.797414025558865
 10
13.662731490264845
 20
30.77935831124254
 10
13.649418719531774
 20
30.762489563004742
  0
LWPOLYLINE
  5
49
330
17
100
AcDbEntity
  8
0
100
AcDbPolyline
 90
101
 70
1
 10
32.589875507920794
 20
37.022254826204346
 10
32.606226439706305
 20
37.03669614679269
 10
32.623892231808014
 20
37.04949554130993
 10
32.64270863448869
 20
37.060534005910995
 10
32.66250070007659
 20
37.06970890919951
 10
32.68308440956175
 20
37.076934946455154
 10
32.70426838353385
 20
37.08214493276408
 10
32.72585566155433
 20
37.085290427678295
 10
32.74764553341883
 20
37.086342185596536
 10
34.92250920715102
 20
37.086342185596536
 10
34.94429907901553
 20
37.085290427678295
 10
34.96588635703602
 20
37.08214493276408
 10
34.98707033100812
 20
37.076934946455154
 10
35.00765404049328
 20
37.06970890919951
 10
35.027446106081165
 20
37.060534005910995
 10
35.046262508761856
 20
37.04949554130993
 10
35.06392830086355
 20
37.03669614679269
 10
35.080279232649076
 20
37.022254826204346
 10
35.09516327944633
 20
37.0063058493868
 10
35.108442055115525
 20
36.98899750378947
 10
35.11999209871005
 20
36.970490715749555
 10
35.12970602236894
 20
36.95095755426097
 10
35.13749350976789
 20
36.93057963114303
 10
35.14328215584562
 20
36.909546412483586
 10
36.724139420330765
 20
29.85123447707177
 10
36.72795950325059
 20
29.829057594997828
 10
36.72955756774567
 20
29.80661091769571
 10
36.728917803313244
 20
29.78411652209354
 10
36.726046539483384
 20
29.761796957222014
 10
36.72097218319769
 20
29.739873042418267
 10
36.713744937764254
 20
29.71856168264277
 10
36.70443630616963
 20
29.698073722522956
 10
36.69313838366165
 20
29.67861186035514
 10
36.67996294660215
 20
29.660368642702355
 10
36.66504034660401
 20
29.64352455942867
 10
36.648518220893074
 20
29.628246258016922
 10
36.63056003165465
 20
29.61468489483649
 10
36.61134344881495
 20
29.602974639672695
 10
36.59105859225806
 20
29.593231348313925
 10
36.569906150868604
 20
29.585551416328435
 10
36.54809539700987
 20
29.580010825371833
 10
36.52584211608078
 20
29.57666439145999
 10
36.503366471636184
 20
29.575545222645076
 10
35.09498650857176
 20
29.575545222645076
 10
35.07285720601782
 20
29.576630082746707
 10
35.05094012880578
 20
29.579874258981913
 10
35.029445466985344
 20
29.585246638919145
 10
35.008579359540974
 20
29.59269570014077
 10
34.98854191746913
 20
29.602150004355348
 10
34.96952530466582
 20
29.61351888250813
 10
34.951711895028474
 20
29.626693304319197
 10
34.935272523446315
 20
29.64154692390997
 10
34.92036484745263
 20
29.65793729149071
 10
34.907131835251135
 20
29.675707219488274
 10
34.895700394616284
 20
29.694686290012818
 10
34.88618015581737
 20
29.714692489206463
 10
34.87866242023764
 20
29.735533952799912
 10
34.87321928477215
 20
29.757010806137135
 10
34.584109505662234
 20
31.188888174433863
 10
33.06690160866143
 20
31.188888174433863
 10
32.77779182955148
 20
29.75701080613712
 10
32.77234869408598
 20
29.735533952799912
 10
32.76483095850626
 20
29.714692489206463
 10
32.75531071970733
 20
29.694686290012818
 10
32.743879279072495
 20
29.675707219488274
 10
32.730646266870984
 20
29.65793729149071
 10
32.7157385908773
 20
29.64154692390997
 10
32.69929921929514
 20
29.626693304319197
 10
32.68148580965778
 20
29.61351888250813
 10
32.6624691968545
 20
29.602150004355348
 10
32.642431754782656
 20
29.59269570014077
 10
32.62156564733826
 20
29.585246638919145
 10
32.60007098551784
 20
29.579874258981913
 10
32.57815390830581
 20
29.576630082746707
 10
32.55602460575186
 20
29.575545222645076
 10
31.16678826893366
 20
29.575545222645076
 10
31.14431262448908
 20
29.57666439145999
 10
31.12205934355998
 20
29.580010825371833
 10
31.100248589701234
 20
29.585551416328435
 10
31.079096148311788
 20
29.593231348313925
 10
31.05881129175489
 20
29.602974639672695
 10
31.039594708915185
 20
29.61468489483649
 10
31.021636519676765
 20
29.628246258016922
 10
31.005114393965833
 20
29.64352455942867
 10
30.990191793967686
 20
29.660368642702355
 10
30.977016356908194
 20
29.67861186035514
 10
30.96571843440021
 20
29.698073722522956
 10
30.956409802805588
 20
29.71856168264277
 10
30.94918255737215
 20
29.739873042418267
 10
30.944108201086458
 20
29.761796957222014
 10
30.941236937256594
 20
29.78411652209354
 10
30.940597172824166
 20
29.80661091769571
 10
30.942195237319254
 20
29.829057594997828
 10
30.94601532023908
 20
29.85123447707177
 10
32.52687258472425
 20
36.909546412483586
 10
32.53266123080198
 20
36.93057963114303
 10
32.54044871820091
 20
36.95095755426097
 10
32.55016264185981
 20
36.970490715749555
 10
32.56171268545433
 20
36.98899750378947
 10
32.57499146112354
 20
37.0063058493868
 10
32.589875507920794
 20
37.022254826204346
  0
LWPOLYLINE
  5
4A
330
17
100
AcDbEntity
  8
0
100
AcDbPolyline
 90
37
 70
1
 10
32.68248791332339
 20
31.522232134605744
 10
32.69391935395824
 20
31.541211205130306
 10
32.70715236615974
 20
31.55898113312787
 10
32.72206004215342
 20
31.57537150070859
 10
32.73849941373558
 20
31.590225120299365
 10
32.756312823372944
 20
31.603399542110427
 10
32.775329436176236
 20
31.614768420263232
 10
32.79536687824807
 20
31.624222724477807
 10
32.816232985692466
 20
31.631671785699417
 10
32.837727647512885
 20
31.63704416563665
 10
32.85964472472493
 20
31.640288341871855
 10
32.881774027278865
 20
31.641373201973504
 10
34.7692370870448
 20
31.641373201973504
 10
34.791366389598736
 20
31.640288341871855
 10
34.81328346681078
 20
31.63704416563665
 10
34.834778128631214
 20
31.631671785699417
 10
34.85564423607558
 20
31.624222724477807
 10
34.87568167814742
 20
31.614768420263232
 10
34.894698290950735
 20
31.603399542110427
 10
34.91251170058808
 20
31.590225120299365
 10
34.92895107217024
 20
31.57537150070859
 10
34.943858748163926
 20
31.55898113312787
 10
34.95709176036545
 20
31.541211205130306
 10
34.96852320100027
 20
31.522232134605744
 10
34.97804343979919
 20
31.5022259354121
 10
34.98556117537892
 20
31.48138447181865
 10
34.99100431084441
 20
31.45990761848144
 10
35.280114089954324
 20
30.028030250184717
 10
36.22084712173561
 20
30.028030250184717
 10
34.74133338661022
 20
36.63385715805689
 10
32.928821353959634
 20
36.63385715805689
 10
31.449307618834247
 20
30.028030250184717
 10
32.370897024369306
 20
30.028030250184717
 10
32.660006803479234
 20
31.45990761848144
 10
32.66544993894476
 20
31.481384471818668
 10
32.67296767452448
 20
31.5022259354121
 10
32.68248791332339
 20
31.522232134605744
  0
LWPOLYLINE
  5
4B
330
17
100
AcDbEntity
  8
0
100
AcDbPolyline
 90
141
 70
1
 10
37.324138853552306
 20
36.94667893354304
 10
37.333631597614904
 20
36.96674965454911
 10
37.3450459061976
 20
36.985793277920735
 10
37.358271853269
 20
37.00362640315457
 10
37.373182065728805
 20
37.02007728750603
 10
37.389632950080255
 20
37.034987499965844
 10
37.40746607531408
 20
37.04821344703725
 10
37.426509698685734
 20
37.05962775561994
 10
37.44658041969179
 20
37.06912049968254
 10
37.46748494631722
 20
37.0766002589105
 10
37.489021956543034
 20
37.08199499913358
 10
37.51098403718745
 20
37.08525276605435
 10
37.53315968140813
 20
37.086342185596536
 10
41.43261170414276
 20
37.086342185596536
 10
41.454787348363446
 20
37.08525276605435
 10
41.47674942900787
 20
37.08199499913358
 10
41.498286439233674
 20
37.0766002589105
 10
41.51919096585911
 20
37.06912049968254
 10
41.539261686865146
 20
37.05962775561994
 10
41.558305310236804
 20
37.04821344703725
 10
41.576138435470625
 20
37.034987499965844
 10
41.592589319822075
 20
37.02007728750603
 10
41.60749953228188
 20
37.00362640315457
 10
41.6207254793533
 20
36.985793277920735
 10
41.63213978793599
 20
36.96674965454911
 10
41.64163253199859
 20
36.94667893354304
 10
41.64911229122655
 20
36.92577440691761
 10
41.654507031449626
 20
36.9042373966918
 10
41.657764798370415
 20
36.8822753160474
 10
41.658854217912584
 20
36.8600996718267
 10
41.658854217912584
 20
35.83161450725648
 10
41.657770373522425
 20
35.80949554163714
 10
41.65452922494892
 20
35.78758850362063
 10
41.64916182648542
 20
35.766103290275964
 10
41.641719604582434
 20
35.745245757059436
 10
41.6322738651172
 20
35.72521574545965
 10
41.62091511019356
 20
35.70620516826389
 10
41.60775217101736
 20
35.68839617079139
 10
41.59291116515648
 20
35.67195938571131
 10
41.57653428817505
 20
35.65705229816655
 10
41.558778451220796
 20
35.64381773686721
 10
41.53981377761804
 20
35.63238250561144
 10
41.519821972871696
 20
35.62285616834492
 10
41.498994583699115
 20
35.61532999940007
 10
41.477531162771
 20
35.60987610897274
 10
41.45563735674474
 20
35.60654675221561
 10
41.433522935910176
 20
35.605373828567714
 10
39.148638531996156
 20
35.596170977578446
 10
39.148638531996156
 20
34.11172428677192
 10
41.12600590886199
 20
34.11172428677192
 10
41.14818155308267
 20
34.110634867229734
 10
41.170143633727086
 20
34.10737710030896
 10
41.1916806439529
 20
34.101982360085884
 10
41.21258517057833
 20
34.09450260085794
 10
41.232655891584386
 20
34.085009856795324
 10
41.25169951495604
 20
34.073595548212644
 10
41.26953264018986
 20
34.060369601141225
 10
41.285983524541315
 20
34.04545938868143
 10
41.30089373700111
 20
34.02900850432997
 10
41.314119684072516
 20
34.01117537909614
 10
41.32553399265521
 20
33.9921317557245
 10
41.335026736717815
 20
33.97206103471844
 10
41.34250649594577
 20
33.95115650809301
 10
41.347901236168866
 20
33.92961949786718
 10
41.35115900308964
 20
33.90765741722278
 10
41.3522484226318
 20
33.885481773002105
 10
41.3522484226318
 20
32.856996608431864
 10
41.35115900308964
 20
32.83482096421119
 10
41.347901236168866
 20
32.81285888356679
 10
41.34250649594577
 20
32.79132187334096
 10
41.335026736717815
 20
32.770417346715526
 10
41.32553399265521
 20
32.75034662570947
 10
41.314119684072516
 20
32.73130300233783
 10
41.30089373700111
 20
32.713469877104
 10
41.285983524541315
 20
32.69701899275254
 10
41.26953264018986
 20
32.682108780292744
 10
41.25169951495604
 20
32.668882833221325
 10
41.232655891584386
 20
32.657468524638645
 10
41.21258517057833
 20
32.647975780576026
 10
41.1916806439529
 20
32.640496021348085
 10
41.170143633727086
 20
32.63510128112501
 10
41.14818155308267
 20
32.631843514204235
 10
41.12600590886199
 20
32.63075409466205
 10
39.148638531996156
 20
32.63075409466205
 10
39.148638531996156
 20
31.05651541475491
 10
41.43261170414276
 20
31.05651541475491
 10
41.454787348363446
 20
31.055425995212726
 10
41.47674942900787
 20
31.05216822829195
 10
41.498286439233674
 20
31.046773488068876
 10
41.51919096585911
 20
31.03929372884093
 10
41.539261686865146
 20
31.029800984778316
 10
41.558305310236804
 20
31.018386676195636
 10
41.576138435470625
 20
31.005160729124217
 10
41.592589319822075
 20
30.990250516664418
 10
41.60749953228188
 20
30.973799632312964
 10
41.6207254793533
 20
30.955966507079125
 10
41.63213978793599
 20
30.93692288370749
 10
41.64163253199859
 20
30.91685216270143
 10
41.64911229122655
 20
30.895947636076
 10
41.654507031449626
 20
30.874410625850174
 10
41.657764798370415
 20
30.852448545205775
 10
41.658854217912584
 20
30.830272900985094
 10
41.658854217912584
 20
29.801787736414887
 10
41.657764798370415
 20
29.77961209219421
 10
41.654507031449626
 20
29.757650011549792
 10
41.64911229122655
 20
29.736113001323982
 10
41.64163253199859
 20
29.71520847469855
 10
41.63213978793599
 20
29.695137753692478
 10
41.6207254793533
 20
29.676094130320855
 10
41.60749953228188
 20
29.65826100508702
 10
41.592589319822075
 20
29.641810120735563
 10
41.576138435470625
 20
29.62689990827575
 10
41.558305310236804
 20
29.613673961204345
 10
41.539261686865146
 20
29.60225965262167
 10
41.51919096585911
 20
29.59276690855905
 10
41.498286439233674
 20
29.58528714933111
 10
41.47674942900787
 20
29.579892409108016
 10
41.454787348363446
 20
29.57663464218724
 10
41.43261170414276
 20
29.575545222645076
 10
37.53315968140813
 20
29.575545222645076
 10
37.51098403718745
 20
29.57663464218724
 10
37.489021956543034
 20
29.579892409108016
 10
37.46748494631722
 20
29.58528714933111
 10
37.44658041969179
 20
29.59276690855905
 10
37.426509698685734
 20
29.60225965262167
 10
37.40746607531408
 20
29.613673961204345
 10
37.389632950080255
 20
29.62689990827575
 10
37.373182065728805
 20
29.641810120735563
 10
37.358271853269
 20
29.65826100508702
 10
37.3450459061976
 20
29.676094130320855
 10
37.333631597614904
 20
29.695137753692478
 10
37.324138853552306
 20
29.71520847469855
 10
37.31665909432435
 20
29.736113001323982
 10
37.311264354101276
 20
29.757650011549792
 10
37.30800658718048
 20
29.77961209219421
 10
37.30691716763831
 20
29.801787736414887
 10
37.30691716763831
 20
36.8600996718267
 10
37.30800658718048
 20
36.8822753160474
 10
37.311264354101276
 20
36.9042373966918
 10
37.31665909432435
 20
36.92577440691761
 10
37.324138853552306
 20
36.94667893354304
  0
LWPOLYLINE
  5
4C
330
17
100
AcDbEntity
  8
0
100
AcDbPolyline
 90
77
 70
1
 10
38.878258293361235
 20
30.608377573678226
 10
38.85672128313542
 20
30.6137723139013
 10
38.83581675650999
 20
30.62125207312924
 10
38.81574603550395
 20
30.63074481719186
 10
38.7967024121323
 20
30.642159125774537
 10
38.778869286898455
 20
30.65538507284596
 10
38.762418402547006
 20
30.670295285305773
 10
38.747508190087224
 20
30.686746169657226
 10
38.7342822430158
 20
30.704579294891047
 10
38.722867934433104
 20
30.723622918262688
 10
38.713375190370506
 20
30.74369363926874
 10
38.70589543114255
 20
30.764598165894174
 10
38.700500690919476
 20
30.786135176120002
 10
38.69724292399868
 20
30.808097256764402
 10
38.69615350445651
 20
30.830272900985094
 10
38.69615350445651
 20
32.856996608431864
 10
38.69724292399868
 20
32.87917225265256
 10
38.700500690919476
 20
32.90113433329696
 10
38.70589543114255
 20
32.92267134352277
 10
38.713375190370506
 20
32.943575870148216
 10
38.722867934433104
 20
32.96364659115427
 10
38.7342822430158
 20
32.98269021452591
 10
38.747508190087224
 20
33.00052333975973
 10
38.762418402547006
 20
33.01697422411119
 10
38.778869286898455
 20
33.031884436571005
 10
38.7967024121323
 20
33.04511038364241
 10
38.81574603550395
 20
33.056524692225096
 10
38.83581675650999
 20
33.0660174362877
 10
38.85672128313542
 20
33.07349719551566
 10
38.878258293361235
 20
33.07889193573873
 10
38.90022037400565
 20
33.082149702659514
 10
38.922396018226344
 20
33.08323912220169
 10
40.899763395092165
 20
33.08323912220169
 10
40.899763395092165
 20
33.65923925923228
 10
38.922396018226344
 20
33.65923925923228
 10
38.90022037400565
 20
33.660328678774455
 10
38.878258293361235
 20
33.66358644569524
 10
38.85672128313542
 20
33.66898118591831
 10
38.83581675650999
 20
33.67646094514627
 10
38.81574603550395
 20
33.68595368920887
 10
38.7967024121323
 20
33.697367997791545
 10
38.778869286898455
 20
33.710593944862964
 10
38.762418402547006
 20
33.72550415732278
 10
38.747508190087224
 20
33.74195504167424
 10
38.7342822430158
 20
33.75978816690806
 10
38.722867934433104
 20
33.778831790279696
 10
38.713375190370506
 20
33.79890251128575
 10
38.70589543114255
 20
33.81980703791118
 10
38.700500690919476
 20
33.84134404813701
 10
38.69724292399868
 20
33.86330612878141
 10
38.69615350445651
 20
33.885481773002105
 10
38.69615350445651
 20
35.821504087285625
 10
38.69723734884667
 20
35.84362305290497
 10
38.700478497420185
 20
35.86553009092145
 10
38.70584589588368
 20
35.88701530426612
 10
38.71328811778666
 20
35.90787283748265
 10
38.72273385725188
 20
35.927902849082436
 10
38.734092612175544
 20
35.94691342627819
 10
38.747255551351735
 20
35.964722423750715
 10
38.76209655721262
 20
35.981159208830775
 10
38.77847343419405
 20
35.99606629637554
 10
38.796229271148306
 20
36.00930085767487
 10
38.81519394475105
 20
36.02073608893065
 10
38.8351857494974
 20
36.03026242619717
 10
38.856013138669965
 20
36.03778859514202
 10
38.877476559598094
 20
36.043242485569344
 10
38.89937036562436
 20
36.0465718423265
 10
38.92148478645892
 20
36.047744765974386
 10
41.20636919037294
 20
36.05694761696366
 10
41.20636919037294
 20
36.63385715805689
 10
37.759402195177955
 20
36.63385715805689
 10
37.759402195177955
 20
30.028030250184717
 10
41.20636919037294
 20
30.028030250184717
 10
41.20636919037294
 20
30.604030387215268
 10
38.922396018226344
 20
30.604030387215268
 10
38.90022037400565
 20
30.605119806757447
 10
38.878258293361235
 20
30.608377573678226
  0
LWPOLYLINE
  5
4D
330
17
100
AcDbEntity
  8
0
100
AcDbPolyline
 90
162
 70
1
 10
18.027225327333674
 20
31.0582901303119
 10
18.015811018750995
 20
31.039246506940263
 10
18.002585071679576
 20
31.021413381706427
 10
17.987674859219762
 20
31.00496249735497
 10
17.971223974868323
 20
30.99005228489517
 10
17.953390849634484
 20
30.976826337823752
 10
17.934347226262847
 20
30.965412029241076
 10
17.91427650525679
 20
30.955919285178457
 10
17.893371978631357
 20
30.948439525950516
 10
17.871834968405533
 20
30.94304478572744
 10
17.849872887761133
 20
30.939787018806648
 10
17.827697243540438
 20
30.938697599264483
 10
16.771804684802653
 20
30.938697599264483
 10
16.74962904058196
 20
30.939787018806648
 10
16.72766695993756
 20
30.94304478572744
 10
16.706129949711734
 20
30.948439525950516
 10
16.6852254230863
 20
30.955919285178457
 10
16.665154702080244
 20
30.965412029241076
 10
16.646111078708607
 20
30.976826337823752
 10
16.628277953474786
 20
30.99005228489517
 10
16.611827069123333
 20
31.00496249735497
 10
16.596916856663515
 20
31.021413381706427
 10
16.583690909592097
 20
31.039246506940263
 10
16.572276601009417
 20
31.0582901303119
 10
16.56278385694682
 20
31.078360851317957
 10
16.55530409771886
 20
31.09926537794339
 10
16.549909357495785
 20
31.120802388169217
 10
16.546651590575006
 20
31.142764468813617
 10
16.545562171032824
 20
31.164940113034294
 10
16.545562171032824
 20
36.8600996718267
 10
16.546651590575006
 20
36.8822753160474
 10
16.549909357495785
 20
36.9042373966918
 10
16.55530409771886
 20
36.92577440691761
 10
16.56278385694682
 20
36.94667893354304
 10
16.572276601009417
 20
36.96674965454911
 10
16.583690909592097
 20
36.985793277920735
 10
16.596916856663515
 20
37.00362640315457
 10
16.611827069123333
 20
37.02007728750603
 10
16.628277953474786
 20
37.034987499965844
 10
16.646111078708607
 20
37.04821344703725
 10
16.665154702080244
 20
37.05962775561994
 10
16.6852254230863
 20
37.06912049968254
 10
16.706129949711734
 20
37.0766002589105
 10
16.72766695993756
 20
37.08199499913358
 10
16.74962904058196
 20
37.08525276605435
 10
16.771804684802653
 20
37.086342185596536
 10
18.396242937655373
 20
37.086342185596536
 10
18.418459231262986
 20
37.085248758734075
 10
18.44046078280634
 20
37.08197904717983
 10
18.462034925911887
 20
37.07656465587296
 10
18.482973125523934
 20
37.069057920166344
 10
18.503072993598554
 20
37.059531399954565
 10
18.522140245380708
 20
37.04807717831193
 10
18.53999057735516
 20
37.03480597142014
 10
18.556451448719045
 20
37.01984605838883
 10
18.571363749156358
 20
37.00334204131328
 10
18.5845833367938
 20
36.98545344755472
 10
18.595982431471995
 20
36.966353187753334
 10
18.60545084986491
 20
36.946225884478935
 10
18.612897070508755
 20
36.925266087674444
 10
19.541523021988453
 20
33.83792964840992
 10
20.4700980970652
 20
36.92526287577335
 10
20.47754410519308
 20
36.94622302154427
 10
20.487012369317764
 20
36.96635068216947
 10
20.49841136734605
 20
36.985451299744035
 10
20.51163091433313
 20
37.003340243962036
 10
20.526543227551848
 20
37.019844596789234
 10
20.543004161665504
 20
37.03480482392268
 10
20.560854602064904
 20
37.04807631688037
 10
20.579922002901256
 20
37.05953079081524
 10
20.600022054948116
 20
37.06905752454153
 10
20.62096046717047
 20
37.07656443078742
 10
20.642534844779846
 20
37.081978946328654
 10
20.664536645621915
 20
37.08524873339885
 10
20.686753195985776
 20
37.086342185596536
 10
22.311245309523247
 20
37.086342185596536
 10
22.333420953743943
 20
37.08525276605435
 10
22.355383034388357
 20
37.08199499913358
 10
22.37692004461417
 20
37.0766002589105
 10
22.397824571239603
 20
37.06912049968254
 10
22.41789529224564
 20
37.05962775561994
 10
22.436938915617294
 20
37.04821344703725
 10
22.454772040851115
 20
37.034987499965844
 10
22.47122292520257
 20
37.02007728750603
 10
22.48613313766237
 20
37.00362640315457
 10
22.49935908473379
 20
36.985793277920735
 10
22.510773393316484
 20
36.96674965454911
 10
22.520266137379085
 20
36.94667893354304
 10
22.527745896607044
 20
36.92577440691761
 10
22.53314063683012
 20
36.9042373966918
 10
22.536398403750912
 20
36.8822753160474
 10
22.537487823293077
 20
36.8600996718267
 10
22.537487823293077
 20
31.164940113034294
 10
22.536398403750912
 20
31.142764468813617
 10
22.53314063683012
 20
31.120802388169217
 10
22.527745896607044
 20
31.09926537794339
 10
22.520266137379085
 20
31.078360851317957
 10
22.510773393316484
 20
31.0582901303119
 10
22.49935908473379
 20
31.039246506940263
 10
22.48613313766237
 20
31.021413381706427
 10
22.47122292520257
 20
31.00496249735497
 10
22.454772040851115
 20
30.99005228489517
 10
22.436938915617294
 20
30.976826337823752
 10
22.41789529224564
 20
30.965412029241076
 10
22.397824571239603
 20
30.955919285178457
 10
22.37692004461417
 20
30.948439525950516
 10
22.355383034388357
 20
30.94304478572744
 10
22.333420953743943
 20
30.939787018806648
 10
22.311245309523247
 20
30.938697599264483
 10
21.263439547885447
 20
30.938697599264483
 10
21.241263903664755
 20
30.939787018806648
 10
21.219301823020338
 20
30.94304478572744
 10
21.197764812794542
 20
30.948439525950516
 10
21.17686028616911
 20
30.955919285178457
 10
21.156789565163056
 20
30.965412029241076
 10
21.1377459417914
 20
30.976826337823752
 10
21.11991281655758
 20
30.99005228489517
 10
21.103461932206127
 20
31.00496249735497
 10
21.088551719746327
 20
31.021413381706427
 10
21.075325772674905
 20
31.039246506940263
 10
21.063911464092214
 20
31.0582901303119
 10
21.054418720029613
 20
31.078360851317957
 10
21.046938960801654
 20
31.09926537794339
 10
21.04154422057858
 20
31.120802388169217
 10
21.038286453657786
 20
31.142764468813617
 10
21.03719703411562
 20
31.164940113034294
 10
21.03719703411562
 20
34.34368157981676
 10
20.050367798945352
 20
31.099106670241717
 10
20.04287760675533
 20
31.07821941732321
 10
20.03337730397247
 20
31.058166373649996
 10
20.02195827870602
 20
31.039140439363095
 10
20.00873037620539
 20
31.021324634330497
 10
19.993820842204414
 20
31.004890337588662
 10
19.977373098881635
 20
30.989995638762764
 10
19.959545365211596
 20
30.97678381732455
 10
19.940509134978214
 20
30.96538196431609
 10
19.92044752709126
 20
30.955899759798374
 10
19.899553524075156
 20
30.94842841778451
 10
19.878028115674542
 20
30.943039808807022
 10
19.856078365434623
 20
30.939785768559727
 10
19.833915418854573
 20
30.938697599264483
 10
19.265369724739635
 20
30.938697599264483
 10
19.24320696623886
 20
30.939785750046326
 10
19.221257398641868
 20
30.943039735109593
 10
19.199732162098577
 20
30.948428253295784
 10
19.178838314978215
 20
30.955899470666388
 10
19.15877684210633
 20
30.965381519110586
 10
19.139740721425266
 20
30.976783187668463
 10
19.121913067675557
 20
30.989994799919362
 10
19.105465370954644
 20
31.004889268995644
 10
19.090555847096926
 20
31.0213233200733
 10
19.077327915743304
 20
31.03913886857993
 10
19.065908820740283
 20
31.05816454086237
 10
19.05640840613923
 20
31.078217322686747
 10
19.04891805957023
 20
31.099104319712733
 10
18.053939757310268
 20
34.37034477214721
 10
18.053939757310268
 20
31.164940113034294
 10
18.052850337768085
 20
31.142764468813617
 10
18.049592570847306
 20
31.120802388169217
 10
18.04419783062423
 20
31.09926537794339
 10
18.03671807139629
 20
31.078360851317957
 10
18.027225327333674
 20
31.0582901303119
  0
LWPOLYLINE
  5
4E
330
17
100
AcDbEntity
  8
0
100
AcDbPolyline
 90
100
 70
1
 10
19.685278476366697
 20
32.87774467879353
 10
19.66742818855362
 20
32.864473196553604
 10
19.648360947149865
 20
32.85301870742906
 10
19.628261057705494
 20
32.84349193146977
 10
19.607322807432993
 20
32.835984955288936
 10
19.585748587210645
 20
32.83057034194616
 10
19.56374693525551
 20
32.8273004295469
 10
19.54153052137549
 20
32.82620682533787
 10
19.51931409128526
 20
32.827300100188815
 10
19.497312390856138
 20
32.83056968641359
 10
19.4757380903646
 20
32.83598397991831
 10
19.454799728803604
 20
32.84349064568911
 10
19.434699698127158
 20
32.85301712366681
 10
19.415632286912874
 20
32.864471330118576
 10
19.39778180235226
 20
32.87774254772683
 10
19.381320788722025
 20
32.89270249579223
 10
19.366408359556633
 20
32.909206570205555
 10
19.353188659643624
 20
32.92709524120326
 10
19.341789471707983
 20
32.946195595395324
 10
19.332320981253684
 20
32.96632300716064
 10
19.324874711501355
 20
32.98728292325374
 10
18.228038155119393
 20
36.63385715805689
 10
16.998047198572465
 20
36.63385715805689
 10
16.998047198572465
 20
31.39118262680412
 10
17.601454729770627
 20
31.39118262680412
 10
17.601454729770627
 20
35.704803372142486
 10
17.602544149312806
 20
35.72697901636318
 10
17.605801916233585
 20
35.74894109700758
 10
17.61119665645666
 20
35.77047810723339
 10
17.6186764156846
 20
35.791382633858824
 10
17.62816915974722
 20
35.811453354864895
 10
17.639583468329896
 20
35.83049697823652
 10
17.652809415401318
 20
35.84833010347035
 10
17.667719627861114
 20
35.86478098782181
 10
17.68417051221257
 20
35.87969120028162
 10
17.702003637446406
 20
35.892917147353025
 10
17.721047260818047
 20
35.90433145593572
 10
17.7411179818241
 20
35.913824199998324
 10
17.762022508449533
 20
35.92130395922628
 10
17.78355951867536
 20
35.926698699449354
 10
17.80552159931976
 20
35.92995646637013
 10
17.827697243540438
 20
35.93104588591231
 10
17.884527960362988
 20
35.93104588591231
 10
17.90669071886375
 20
35.92995773513045
 10
17.92864028646076
 20
35.926703750067205
 10
17.95016552300405
 20
35.92131523188099
 10
17.97105937012441
 20
35.91384401451039
 10
17.991120842996295
 20
35.90436196606619
 10
18.01015696367736
 20
35.89296029750833
 10
18.027984617427066
 20
35.87974868525743
 10
18.044432314147983
 20
35.86485421618115
 10
18.0593418380057
 20
35.84842016510348
 10
18.072569769359323
 20
35.830604616596865
 10
18.083988864362343
 20
35.811578944314405
 10
18.093489278963393
 20
35.79152616249003
 10
18.10097962553238
 20
35.77063916546405
 10
19.433032189389117
 20
31.39118262680412
 10
19.66625105113476
 20
31.39118262680412
 10
20.998250942455673
 20
35.770636814935074
 10
21.005741134645696
 20
35.79152406785359
 10
21.015241437428575
 20
35.81157711152678
 10
21.026660462695023
 20
35.83060304581368
 10
21.03988836519562
 20
35.84841885084628
 10
21.05479789919661
 20
35.864853147588114
 10
21.071245642519376
 20
35.87974784641401
 10
21.08907337618941
 20
35.89295966785223
 10
21.10810960642281
 20
35.904361520860704
 10
21.12817121430975
 20
35.913843725378406
 10
21.14906521732587
 20
35.92131506739227
 10
21.170590625726497
 20
35.926703676369755
 10
21.192540375966388
 20
35.92995771661707
 10
21.214703322546452
 20
35.93104588591231
 10
21.263439547885447
 20
35.93104588591231
 10
21.285615192106125
 20
35.92995646637013
 10
21.307577272750542
 20
35.926698699449354
 10
21.329114282976352
 20
35.92130395922628
 10
21.350018809601785
 20
35.913824199998324
 10
21.370089530607842
 20
35.90433145593572
 10
21.389133153979493
 20
35.892917147353025
 10
21.406966279213314
 20
35.87969120028162
 10
21.42341716356477
 20
35.86478098782181
 10
21.43832737602457
 20
35.84833010347035
 10
21.451553323095975
 20
35.83049697823652
 10
21.462967631678666
 20
35.811453354864895
 10
21.472460375741267
 20
35.791382633858824
 10
21.479940134969226
 20
35.77047810723339
 10
21.48533487519232
 20
35.74894109700758
 10
21.488592642113094
 20
35.72697901636318
 10
21.48968206165526
 20
35.704803372142486
 10
21.48968206165526
 20
31.39118262680412
 10
22.085002795753436
 20
31.39118262680412
 10
22.085002795753436
 20
36.63385715805689
 10
20.854960582529014
 20
36.63385715805689
 10
19.758183943275327
 20
32.98728613515482
 10
19.75073798425422
 20
32.9663261086732
 10
19.7412697921895
 20
32.94619855653988
 10
19.729870887417558
 20
32.92709803335716
 10
19.71665145270526
 20
32.909209166379576
 10
19.70173926821413
 20
32.892704870891535
 10
19.685278476366697
 20
32.87774467879353
  0
LWPOLYLINE
  5
4F
330
17
100
AcDbEntity
  8
0
100
AcDbPolyline
 90
69
 70
1
 10
33.541574981083336
 20
35.9765570744035
 10
33.556472838837024
 20
35.99274303006406
 10
33.57287223356676
 20
36.007405607558965
 10
33.590618118360744
 20
36.0204061805915
 10
33.609542716012584
 20
36.031621836168036
 10
33.62946710525897
 20
36.040946536670155
 10
33.650202912378006
 20
36.04829212237974
 10
33.671554092155255
 20
36.05358914497886
 10
33.693318781379126
 20
36.056787524143864
 10
33.715291207342474
 20
36.057857021026294
 10
33.91651472566667
 20
36.057857021026294
 10
33.93853052032395
 20
36.05678328800215
 10
33.96033734377259
 20
36.053572280671204
 10
33.98172820833285
 20
36.048254477519194
 10
34.00250007455552
 20
36.04088035447802
 10
34.02245577844726
 20
36.031519905814456
 10
34.04140590292704
 20
36.02026197975321
 10
34.05917057574951
 20
36.00721343514052
 10
34.0755811768304
 20
35.99249812715316
 10
34.09048193876742
 20
35.97625573168036
 10
34.10373142536534
 20
35.9586404195375
 10
34.1152038741308
 20
35.93981939309571
 10
34.12479038999455
 20
35.91997129921762
 10
34.13239997892987
 20
35.89928453356337
 10
34.13796041165672
 20
35.877955452362116
 10
34.84695168851756
 20
32.48995679787955
 10
34.85044101943205
 20
32.46790398170641
 10
34.85173968693785
 20
32.445614621147904
 10
34.85083504318925
 20
32.42330579439512
 10
34.8477358985973
 20
32.401194769222236
 10
34.84247243602437
 20
32.37949688699513
 10
34.8350959168304
 20
32.35842346544146
 10
34.82567818163359
 20
32.3381797406073
 10
34.81431095064803
 20
32.3189628680439
 10
34.80110493041156
 20
32.30096000269106
 10
34.78618873560463
 20
32.28434647615758
 10
34.76970763645951
 20
32.269284089149984
 10
34.75182214395991
 20
32.25591953568027
 10
34.73270644660928
 20
32.24438297439898
 10
34.71254671399249
 20
32.23478676096782
 10
34.691539283652574
 20
32.22722435381718
 10
34.669888748941005
 20
32.221769403945714
 10
34.64780596646343
 20
32.21847503762628
 10
34.625506002527516
 20
32.217373339004084
 10
32.99675889489268
 20
32.217373339004084
 10
32.974425204507405
 20
32.218478380747015
 10
32.952309684082635
 20
32.22178271121196
 10
32.93062837235341
 20
32.22725405155759
 10
32.90959306642271
 20
32.234838954185896
 10
32.88940925279034
 20
32.24446332485277
 10
32.87027410002755
 20
32.25603314646865
 10
32.852374532706584
 20
32.26943539751846
 10
32.83588540540049
 20
32.284539156128886
 10
32.82096779459018
 20
32.301196878998205
 10
32.80776742516509
 20
32.31924584269477
 10
32.796413246887916
 20
32.33850973324495
 10
32.78701617472994
 20
32.35880036848233
 10
32.77966800538152
 20
32.37991953633303
 10
32.77444052052269
 20
32.40166093107968
 10
32.77138478561309
 20
32.42381216868939
 10
32.770530651051544
 20
32.44615686151854
 10
32.77188646057791
 20
32.468476732127655
 10
32.77543896976619
 20
32.4905537455567
 10
33.49397128221597
 20
35.87855240003927
 10
33.49957606587425
 20
35.899824864081765
 10
33.50722031300425
 20
35.920452438154136
 10
33.51683175161482
 20
35.94024010032354
 10
33.528319511042824
 20
35.95900076954453
 10
33.541574981083336
 20
35.9765570744035
  0
LWPOLYLINE
  5
50
330
17
100
AcDbEntity
  8
0
100
AcDbPolyline
 90
4
 70
1
 10
33.2760153687768
 20
32.66985836654373
 10
34.34701799914944
 20
32.66985836654373
 10
33.81509577515599
 20
35.21171161353772
 10
33.2760153687768
 20
32.66985836654373
  0
LWPOLYLINE
  5
51
330
17
100
AcDbEntity
  8
0
100
AcDbPolyline
 90
92
 70
1
 10
2.0051091763735926
 20
41.968384099143705
 10
2.119651496709153
 20
42.24208197782411
 10
2.12687622493945
 20
42.25765777425402
 10
2.1352613615599885
 20
42.272640818546925
 10
2.288449925469967
 20
42.523526773628696
 10
2.3012459510537897
 20
42.54229531746682
 10
2.315859531814312
 20
42.559686112902945
 10
2.332143350037272
 20
42.57552384546246
 10
2.3499332505495136
 20
42.589648856907054
 10
2.3690498955471657
 20
42.60191875472977
 10
2.3893005724779526
 20
42.612209847596425
 10
2.410481136752947
 20
42.62041839226273
 10
2.4323780697029322
 20
42.62646163939726
 10
2.4547706310340494
 20
42.630278667767314
 10
2.477433084083531
 20
42.63183099837828
 10
2.500136971443314
 20
42.63110298237577
 10
2.522653418011127
 20
42.62810195879979
 10
2.5447554382523747
 20
42.6228581806007
 10
2.5662202244133474
 20
42.615424509663036
 10
2.5868313926188966
 20
42.605875883911224
 10
2.6063811642117445
 20
42.59430856186969
 10
2.624672460343636
 20
42.58083915229239
 10
2.6415208887029533
 20
42.565603438644295
 10
3.537895325380342
 20
41.66922898256815
 10
5.338104075808699
 20
39.86776604762287
 10
5.353328713005589
 20
39.85091869522994
 10
5.366787875663682
 20
39.832630070323425
 10
5.378345981865893
 20
39.81308440478227
 10
5.387886600134556
 20
39.79247859338161
 10
5.3953136223128455
 20
39.77102021035791
 10
5.40055223171786
 20
39.74892541839398
 10
5.403549656812141
 20
39.726416791087274
 10
5.404275702801951
 20
39.703721070837645
 10
5.402723055806784
 20
39.68106688474022
 10
5.398907356536361
 20
39.658682441492594
 10
5.392867042732721
 20
39.636793232516915
 10
5.384662961964594
 20
39.61561976045447
 10
5.3743777586748
 20
39.59537531791543
 10
5.362115041654994
 20
39.57626383885912
 10
5.347998340334482
 20
39.55847784424944
 10
5.3321698603969825
 20
39.54219650268014
 10
5.31478905126061
 20
39.52758382550608
 10
5.296030999851881
 20
39.514787014662105
 10
5.045318168399771
 20
39.361598450752126
 10
5.03034537762658
 20
39.353212638900295
 10
5.014780029416559
 20
39.3459858665189
 10
4.7413764609065545
 20
39.23144354618332
 10
4.724809999119978
 20
39.22525248772025
 10
4.707810564558371
 20
39.22037436455611
 10
4.415025805710366
 20
39.14861522119483
 10
4.397281577684362
 20
39.14501223077252
 10
4.379306056045747
 20
39.142839722995255
 10
4.070449653579666
 20
39.11800069000821
 10
4.042131713823311
 20
39.11750178761842
 10
3.8663696319796887
 20
39.125419548730015
 10
3.846098632788018
 20
39.1272491728092
 10
3.6747093652896514
 20
39.150530213354266
 10
3.654880872359626
 20
39.15412944372679
 10
3.488454482244219
 20
39.19206539952071
 10
3.4692931154735507
 20
39.197328143666105
 10
3.308419665778791
 20
39.24921065052428
 10
3.282770385282233
 20
39.259244122547926
 10
3.017590279348579
 20
39.38207828328232
 10
3.0024292637131227
 20
39.38980632061443
 10
2.9878919937823687
 20
39.39865203930007
 10
2.7460379525599636
 20
39.55858118375247
 10
2.7323751732522523
 20
39.56836403080669
 10
2.719476194881657
 20
39.57913398864749
 10
2.5046564904499182
 20
39.772479600362324
 10
2.4926324200737797
 20
39.784135542888805
 10
2.481503462877437
 20
39.796648958741926
 10
2.2974263673157984
 20
40.01973252126361
 10
2.2871893392821283
 20
40.0331255598976
 10
2.277977951681809
 20
40.047243653440624
 10
2.128351737069673
 20
40.29638665031358
 10
2.1201036650299105
 20
40.31137716036747
 10
2.1130120416446103
 20
40.326948125713564
 10
2.0015449800614267
 20
40.59847204048221
 10
1.9955496208284227
 20
40.614845500460945
 10
1.9908330380390558
 20
40.63163205373427
 10
1.9212334015642425
 20
40.921858369943024
 10
1.9177766032582821
 20
40.93925407602817
 10
1.9156930812572286
 20
40.95686711042885
 10
1.8916691419701872
 20
41.26211731162214
 10
1.8909717950481455
 20
41.28007710182973
 10
1.8917022974459339
 20
41.29803557401633
 10
1.916541330432985
 20
41.606363949411985
 10
1.9187129615220482
 20
41.62431855047063
 10
1.9223117685165827
 20
41.6420423274095
 10
1.9940709118778233
 20
41.93488767952786
 10
1.9989363419973203
 20
41.951851307493236
 10
2.0051091763735926
 20
41.968384099143705
  0
LWPOLYLINE
  5
52
330
17
100
AcDbEntity
  8
0
100
AcDbPolyline
 90
21
 70
1
 10
3.009663512304469
 20
39.926722206566104
 10
3.223247305045368
 20
39.78548713325782
 10
3.460434923909932
 20
39.67561938131149
 10
3.59871279227538
 20
39.631024064511756
 10
3.745608813666988
 20
39.597539945977715
 10
3.8969092965067618
 20
39.57698770996611
 10
4.048320073133891
 20
39.570166930725904
 10
4.324941610275499
 20
39.59241355223392
 10
4.582881575036241
 20
39.6556325223152
 10
4.813748072515162
 20
39.75235395303061
 10
3.217856541911642
 20
41.34935732271831
 10
2.52607048669042
 20
42.041143377939534
 10
2.4293441324673495
 20
41.81001659540379
 10
2.3661094045361755
 20
41.55195894170671
 10
2.3441728144448137
 20
41.27965876045118
 10
2.3653884546879587
 20
41.01009104404591
 10
2.4267672483637703
 20
40.75414515001371
 10
2.5250859171073534
 20
40.51464955864406
 10
2.657187037196505
 20
40.29468764197991
 10
2.8198326858316705
 20
40.09757691174227
 10
3.009663512304469
 20
39.926722206566104
  0
LWPOLYLINE
  5
53
330
17
100
AcDbEntity
  8
0
100
AcDbPolyline
 90
85
 70
1
 10
5.898386012412252
 20
42.40462740137068
 10
5.908709371289487
 20
42.387531332108686
 10
5.9174848545168945
 20
42.36959148214151
 10
6.123087919771976
 20
41.89755788345907
 10
6.131182881146679
 20
41.876050422304665
 10
6.137054298598497
 20
41.85383273245912
 10
6.191385002006774
 20
41.59583374058172
 10
6.195699097065416
 20
41.56485635136244
 10
6.214367414790938
 20
41.295511630281865
 10
6.214905347651457
 20
41.27860272006205
 10
6.214178283345063
 20
41.26170088601721
 10
6.189339250358012
 20
40.95337359264423
 10
6.187167593588627
 20
40.93541886459781
 10
6.18356874072675
 20
40.9176949651842
 10
6.111809597365493
 20
40.624851416436975
 10
6.106944176882005
 20
40.607887897917465
 10
6.1007713685309435
 20
40.59135521168372
 10
5.9862290481953995
 20
40.31765769367754
 10
5.97900463292877
 20
40.302082527626894
 10
5.970619902800864
 20
40.28710006207105
 10
5.817431338890886
 20
40.03621086092123
 10
5.804635377619562
 20
40.017442185806644
 10
5.790021842123503
 20
40.000051257978626
 10
5.773738050597668
 20
39.98421339436144
 10
5.755948158990109
 20
39.970088255530065
 10
5.736831506155607
 20
39.95781823618127
 10
5.716580805951105
 20
39.947527029661096
 10
5.695400204498577
 20
39.93931838101934
 10
5.6735032222000585
 20
39.93327504116192
 10
5.651110601250854
 20
39.92945793264378
 10
5.628448080350467
 20
39.92790553551219
 10
5.605744119044033
 20
39.92863349939167
 10
5.5832275946349395
 20
39.931634485721005
 10
5.5611254948862205
 20
39.9368782417329
 10
5.539660629770207
 20
39.94431190543025
 10
5.519049385334226
 20
39.953860538484996
 10
5.499499542325551
 20
39.96542788168688
 10
5.481208181565858
 20
39.978897325326955
 10
5.464359697191082
 20
39.99413308473324
 10
3.2216686764194873
 20
42.23682410551637
 10
2.7678385464945086
 20
42.690661929824884
 10
2.75261332129103
 20
42.707497823339
 10
2.739151769267383
 20
42.7257746231144
 10
2.7275893996103875
 20
42.74530834781887
 10
2.7180426036029024
 20
42.765902363427934
 10
2.7106074829842943
 20
42.78734936261902
 10
2.7053588825530595
 20
42.809433451606985
 10
2.702349636750197
 20
42.83193232341455
 10
2.701610037807316
 20
42.854619495700206
 10
2.7031475308133084
 20
42.877266590617026
 10
2.706946638769179
 20
42.89964563375241
 10
2.7129691183855362
 20
42.92153134900654
 10
2.721154345054339
 20
42.942703426308874
 10
2.7314199231195846
 20
42.962948739344284
 10
2.7436625153038547
 20
42.98206349096509
 10
2.7577588829413315
 20
42.99985526469183
 10
2.773567126545866
 20
43.016144961652046
 10
2.7909281142259235
 20
43.03076860345864
 10
2.809667083567945
 20
43.04357898287981
 10
3.059823514910361
 20
43.19676634454234
 10
3.0748775405810993
 20
43.205212753869105
 10
3.090531718053225
 20
43.212486834366416
 10
3.3638549764350327
 20
43.32702650975763
 10
3.3804255516855055
 20
43.33322072054916
 10
3.3974294403887986
 20
43.33810129228077
 10
3.6901367745024145
 20
43.40985779069769
 10
3.7078712702640186
 20
43.413460171357094
 10
3.7258369491963306
 20
43.41563361720066
 10
4.034145607734169
 20
43.4404714479403
 10
4.066639721095758
 20
43.44074800932085
 10
4.314986289160002
 20
43.42499015228151
 10
4.343449442319469
 20
43.42136091816892
 10
4.582342017508567
 20
43.375348264153416
 10
4.609842425148234
 20
43.368235503491604
 10
4.837389631808386
 20
43.29385942815373
 10
4.863429922799811
 20
43.283522847851145
 10
5.077740385277199
 20
43.18267472684468
 10
5.097129756712066
 20
43.17237322239414
 10
5.115429275009548
 20
43.16024077216082
 10
5.525967436848662
 20
42.85839058680642
 10
5.541304516396965
 20
42.846050998822086
 10
5.555510922101569
 20
42.832424940050366
 10
5.568479107063668
 20
42.817615563983736
 10
5.886595219220512
 20
42.42074647450249
 10
5.898386012412252
 20
42.40462740137068
  0
LWPOLYLINE
  5
54
330
17
100
AcDbEntity
  8
0
100
AcDbPolyline
 90
18
 70
1
 10
5.7453808966255355
 20
41.51793146419598
 10
5.69903428655637
 20
41.738016571228826
 10
5.51468077191811
 20
42.161264409662
 10
5.233996211921888
 20
42.51143537397402
 10
4.865142764667214
 20
42.782636669667596
 10
4.68346870032056
 20
42.86812707369722
 10
4.482788768846008
 20
42.93372131201474
 10
4.271986368737652
 20
42.97432356972051
 10
4.0542436933215
 20
42.988139576832324
 10
3.7802537765909174
 20
42.9660665179426
 10
3.5223861854719134
 20
42.9028508986622
 10
3.292072521164928
 20
42.80633495448656
 10
3.541625942531896
 20
42.55677730210975
 10
5.579809151724105
 20
40.51859409291753
 10
5.676536528685434
 20
40.749723014699505
 10
5.739771201982622
 20
41.00777885629439
 10
5.7617931274534735
 20
41.28113735132219
 10
5.7453808966255355
 20
41.51793146419598
  0
LWPOLYLINE
  5
55
330
17
100
AcDbEntity
  8
0
100
AcDbPolyline
 90
69
 70
1
 10
52.690846956573715
 20
8.55830281565398
 10
52.70226126515641
 20
8.57734643902561
 10
52.71548721222781
 20
8.595179564259448
 10
52.73039742468761
 20
8.611630448610903
 10
52.746848309039066
 20
8.62654066107071
 10
52.76468143427289
 20
8.639766608142121
 10
52.783725057644546
 20
8.651180916724806
 10
52.803795778650596
 20
8.660673660787417
 10
52.82470030527603
 20
8.668153420015367
 10
52.84623731550184
 20
8.673548160238441
 10
52.86819939614626
 20
8.676805927159219
 10
52.89037504036693
 20
8.6778953467014
 10
54.150717621251324
 20
8.6778953467014
 10
54.17238578446374
 20
8.676855332340184
 10
54.193854734888525
 20
8.673744850941988
 10
54.214927091260904
 20
8.668592499654777
 10
54.23540911852294
 20
8.66144564817265
 10
54.25511250898535
 20
8.652370003228201
 10
54.273856113590774
 20
8.64144900449795
 10
54.29146760736242
 20
8.628783057474454
 10
54.307785073725576
 20
8.614488610358212
 10
54.322658493136345
 20
8.59869708345605
 10
54.335951122331714
 20
8.581553660928869
 10
54.347540751519816
 20
8.563215955997402
 10
54.357320827952435
 20
8.543852561877491
 10
54.365201435549984
 20
8.523641501767624
 10
54.37111012157187
 20
8.502768592138978
 10
54.374992562732736
 20
8.481425734375694
 10
54.37681306463989
 20
8.45980915047174
 10
54.37655488996052
 20
8.438117579004773
 10
54.374220412301284
 20
8.416550447973282
 10
54.36983109438604
 20
8.395306041295054
 10
53.92207172116608
 20
6.6541224078466295
 10
53.91523707997159
 20
6.632217218377386
 10
53.906218715621804
 20
6.61111701102308
 10
53.895109400490036
 20
6.591038844691377
 10
53.88202341666686
 20
6.572189264501875
 10
53.86709538033433
 20
6.554762177045983
 10
53.85047885696244
 20
6.538936855659925
 10
53.83234478157341
 20
6.524876096230741
 10
53.81287970032429
 20
6.51272454250678
 10
53.79228385149725
 20
6.502607198140096
 10
53.77076910563808
 20
6.494628140767425
 10
53.748556786033205
 20
6.488869451358338
 10
53.72587539194557
 20
6.485390369844064
 10
53.70295824803136
 20
6.4842266857133355
 10
52.89037504036693
 20
6.4842266857133355
 10
52.86819939614626
 20
6.485316105255508
 10
52.84623731550184
 20
6.488573872176286
 10
52.82470030527603
 20
6.49396861239936
 10
52.803795778650596
 20
6.501448371627311
 10
52.783725057644546
 20
6.510941115689929
 10
52.76468143427289
 20
6.522355424272606
 10
52.746848309039066
 20
6.535581371344018
 10
52.73039742468761
 20
6.550491583803825
 10
52.71548721222781
 20
6.56694246815528
 10
52.70226126515641
 20
6.584775593389118
 10
52.690846956573715
 20
6.603819216760747
 10
52.68135421251112
 20
6.62388993776681
 10
52.673874453283155
 20
6.644794464392243
 10
52.66847971306008
 20
6.666331474618062
 10
52.66522194613929
 20
6.68829355526247
 10
52.66413252659712
 20
6.710469199483155
 10
52.66413252659712
 20
8.451652832931579
 10
52.66522194613929
 20
8.473828477152265
 10
52.66847971306008
 20
8.495790557796665
 10
52.673874453283155
 20
8.517327568022484
 10
52.68135421251112
 20
8.538232094647917
 10
52.690846956573715
 20
8.55830281565398
  0
LWPOLYLINE
  5
56
330
17
100
AcDbEntity
  8
0
100
AcDbPolyline
 90
5
 70
1
 10
53.85893403576504
 20
8.225410319161758
 10
53.116617554136766
 20
8.225410319161758
 10
53.116617554136766
 20
6.936711713252968
 10
53.52753482607436
 20
6.936711713252968
 10
53.85893403576504
 20
8.225410319161758
  0
LWPOLYLINE
  5
57
330
17
100
AcDbEntity
  8
0
100
AcDbPolyline
 90
69
 70
1
 10
62.496011492799425
 20
8.81532201671129
 10
62.50742580138212
 20
8.83436564008292
 10
62.520651748453524
 20
8.852198765316757
 10
62.53556196091332
 20
8.868649649668212
 10
62.55201284526478
 20
8.883559862128019
 10
62.5698459704986
 20
8.896785809199432
 10
62.588889593870256
 20
8.908200117782117
 10
62.608960314876306
 20
8.917692861844726
 10
62.62986484150174
 20
8.925172621072676
 10
62.65140185172755
 20
8.93056736129575
 10
62.67336393237197
 20
8.933825128216528
 10
62.695539576592644
 20
8.93491454775871
 10
63.856290108822456
 20
8.93491454775871
 10
63.87846575304314
 20
8.933825128216528
 10
63.90042783368755
 20
8.93056736129575
 10
63.921964843913365
 20
8.925172621072676
 10
63.942869370538794
 20
8.917692861844726
 10
63.96294009154485
 20
8.908200117782117
 10
63.9819837149165
 20
8.896785809199432
 10
63.999816840150324
 20
8.883559862128019
 10
64.01626772450179
 20
8.868649649668212
 10
64.03117793696158
 20
8.852198765316757
 10
64.04440388403299
 20
8.83436564008292
 10
64.05581819261567
 20
8.81532201671129
 10
64.06531093667827
 20
8.795251295705226
 10
64.07279069590624
 20
8.774346769079795
 10
64.07818543612932
 20
8.752809758853974
 10
64.0814432030501
 20
8.730847678209575
 10
64.08253262259227
 20
8.70867203398889
 10
64.08253262259227
 20
7.547921501759585
 10
64.0814432030501
 20
7.525745857538899
 10
64.07818543612932
 20
7.503783776894491
 10
64.07279069590624
 20
7.4822467666686725
 10
64.06531093667827
 20
7.46134224004324
 10
64.05581819261567
 20
7.441271519037176
 10
64.04440388403299
 20
7.4222278956655465
 10
64.03117793696158
 20
7.4043947704317175
 10
64.01626772450179
 20
7.387943886080262
 10
63.999816840150324
 20
7.373033673620456
 10
63.9819837149165
 20
7.359807726549035
 10
63.96294009154485
 20
7.348393417966357
 10
63.942869370538794
 20
7.338900673903749
 10
63.921964843913365
 20
7.331420914675798
 10
63.90042783368755
 20
7.326026174452715
 10
63.87846575304314
 20
7.322768407531938
 10
63.856290108822456
 20
7.321678987989764
 10
62.695539576592644
 20
7.321678987989764
 10
62.67336393237197
 20
7.322768407531938
 10
62.65140185172755
 20
7.326026174452715
 10
62.62986484150174
 20
7.331420914675798
 10
62.608960314876306
 20
7.338900673903749
 10
62.588889593870256
 20
7.348393417966357
 10
62.5698459704986
 20
7.359807726549035
 10
62.55201284526478
 20
7.373033673620456
 10
62.53556196091332
 20
7.387943886080262
 10
62.520651748453524
 20
7.4043947704317175
 10
62.50742580138212
 20
7.4222278956655465
 10
62.496011492799425
 20
7.441271519037176
 10
62.48651874873683
 20
7.46134224004324
 10
62.479038989508865
 20
7.4822467666686725
 10
62.47364424928579
 20
7.503783776894491
 10
62.470386482365
 20
7.525745857538899
 10
62.46929706282283
 20
7.547921501759585
 10
62.46929706282283
 20
8.70867203398889
 10
62.470386482365
 20
8.730847678209575
 10
62.47364424928579
 20
8.752809758853974
 10
62.479038989508865
 20
8.774346769079795
 10
62.48651874873683
 20
8.795251295705226
 10
62.496011492799425
 20
8.81532201671129
  0
LWPOLYLINE
  5
58
330
17
100
AcDbEntity
  8
0
100
AcDbPolyline
 90
5
 70
1
 10
63.63004759505263
 20
8.48242952021907
 10
62.92178209036248
 20
8.48242952021907
 10
62.92178209036248
 20
7.774164015529405
 10
63.63004759505263
 20
7.774164015529405
 10
63.63004759505263
 20
8.48242952021907
  0
LWPOLYLINE
  5
59
330
17
100
AcDbEntity
  8
0
100
AcDbPolyline
 90
192
 70
1
 10
62.01527870839096
 20
9.874341326713669
 10
62.0153053550146
 20
9.872925742020616
 10
62.01660664484896
 20
9.79000827671543
 10
62.016624461055784
 20
9.788589492731491
 10
62.01740523495649
 20
9.705715403754134
 10
62.017414158640655
 20
9.704294695868674
 10
62.017674416607555
 20
9.621442295055228
 10
62.01764706984652
 20
9.617142992239613
 10
62.01426733097118
 20
9.404096543500412
 10
62.01402777329234
 20
9.396675925796405
 10
62.0039030154423
 20
9.188856324558534
 10
62.00339289271388
 20
9.181117431210959
 10
61.98654480405313
 20
8.97850298931053
 10
61.98573044098725
 20
8.970454687463963
 10
61.96218070967981
 20
8.77302371673708
 10
61.95964959823507
 20
8.756821656109546
 10
61.92308516123703
 20
8.56793943665543
 10
61.91676113345947
 20
8.542980231125753
 10
61.86103520365085
 20
8.36602650181964
 10
61.851267330367286
 20
8.340503983902376
 10
61.77639075183006
 20
8.17547874474432
 10
61.76315572221335
 20
8.150565839781443
 10
61.66913933902944
 20
7.997469090771463
 10
61.650184866127454
 20
7.971065116656963
 10
61.533827866773805
 20
7.831371652940943
 10
61.52209867448603
 20
7.81835058902025
 10
61.50939680703896
 20
7.806276458794512
 10
61.367664655915746
 20
7.6816345808288515
 10
61.34232916980815
 20
7.662338942491905
 10
61.17522186691531
 20
7.552748650276693
 10
61.15089015692068
 20
7.538865762221204
 10
60.9584077022582
 20
7.444327055756561
 10
60.93149608478712
 20
7.43319747650476
 10
60.70739409449716
 20
7.3570033420102865
 10
60.68056598238603
 20
7.34968688314449
 10
60.41860730199881
 20
7.295289353375122
 10
60.397081448314985
 20
7.291891309066627
 10
60.097276921912425
 20
7.25926869585851
 10
60.080082759046775
 20
7.2580582303036
 10
59.742443230710776
 20
7.247188845492864
 10
59.727883860729584
 20
7.24718885802502
 10
59.39026240586352
 20
7.258058242835758
 10
59.373065424018925
 20
7.259269044981802
 10
59.07330065925017
 20
7.291891658189927
 10
59.051771319426805
 20
7.295290743618817
 10
58.78985240067342
 20
7.3496882733881845
 10
58.763025717775974
 20
7.357005132232714
 10
58.53894180095593
 20
7.433199266727195
 10
58.51206260440515
 20
7.4443137203369965
 10
58.319515085250934
 20
7.538852426801639
 10
58.295167478654484
 20
7.552741266927084
 10
58.128038487597756
 20
7.662331559142289
 10
58.1026788496048
 20
7.681645919821376
 10
57.960968386645476
 20
7.806287797787037
 10
57.94825172235416
 20
7.8183790363241314
 10
57.9365104003233
 20
7.831419471785665
 10
57.82021846546139
 20
7.971112935501686
 10
57.80134035124514
 20
7.9974096104969075
 10
57.70725890356934
 20
8.150506359506887
 10
57.69399752339749
 20
8.175456292273116
 10
57.619099256696394
 20
8.340481531431172
 10
57.60931361802924
 20
8.36605056543318
 10
57.55360937638465
 20
8.543004294739287
 10
57.54727865979394
 20
8.568013193596435
 10
57.51077928728766
 20
8.756895413050554
 10
57.50827552772144
 20
8.772914232152878
 10
57.48462819967623
 20
8.970345202879768
 10
57.48379975392702
 20
8.978514973553388
 10
57.46696250934825
 20
9.181129415453817
 10
57.466450524923424
 20
9.188915143115146
 10
57.45637998748327
 20
9.396734744353026
 10
57.456142742499445
 20
9.40413107787653
 10
57.45279553587004
 20
9.61717752661573
 10
57.452768599157764
 20
9.621397878268478
 10
57.45301259100169
 20
9.704250279081933
 10
57.4530209647821
 20
9.705641403635246
 10
57.4537746284778
 20
9.788515492612602
 10
57.45379289814334
 20
9.78999348797331
 10
57.45508876593672
 20
9.87291095327849
 10
57.45511860193339
 20
9.87447427124117
 10
57.45698572824842
 20
9.957302520152309
 10
57.4587232814772
 20
10.039350463608105
 10
57.45996964189506
 20
10.12090439514087
 10
57.460725017617015
 20
10.202451203361685
 10
57.46098020286133
 20
10.284337114576845
 10
57.46098020286133
 20
13.343461578175049
 10
57.4620696224035
 20
13.365637222395733
 10
57.46532738932427
 20
13.387599303040142
 10
57.47072212954736
 20
13.409136313265961
 10
57.478201888775324
 20
13.430040839891394
 10
57.48769463283792
 20
13.450111560897456
 10
57.499108941420616
 20
13.469155184269086
 10
57.51233488849202
 20
13.486988309502925
 10
57.527245100951816
 20
13.50343919385438
 10
57.54369598530327
 20
13.518349406314186
 10
57.561529110537094
 20
13.531575353385598
 10
57.58057273390875
 20
13.542989661968276
 10
57.6006434549148
 20
13.552482406030894
 10
57.62154798154024
 20
13.559962165258835
 10
57.643084991766045
 20
13.565356905481918
 10
57.66504707241047
 20
13.568614672402695
 10
57.68722271663114
 20
13.56970409194487
 10
58.88949885335195
 20
13.56970409194487
 10
58.91167449757263
 20
13.568614672402695
 10
58.93363657821705
 20
13.565356905481918
 10
58.95517358844286
 20
13.559962165258835
 10
58.97607811506829
 20
13.552482406030894
 10
58.99614883607435
 20
13.542989661968276
 10
59.015192459446
 20
13.531575353385598
 10
59.03302558467982
 20
13.518349406314186
 10
59.049476469031276
 20
13.50343919385438
 10
59.06438668149108
 20
13.486988309502925
 10
59.077612628562484
 20
13.469155184269086
 10
59.08902693714517
 20
13.450111560897456
 10
59.098519681207776
 20
13.430040839891394
 10
59.10599944043573
 20
13.409136313265961
 10
59.111394180658806
 20
13.387599303040142
 10
59.1146519475796
 20
13.365637222395733
 10
59.115741367121764
 20
13.343461578175049
 10
59.115741367121764
 20
9.580258448091122
 10
59.11726933283811
 20
9.416027806238409
 10
59.12178598383742
 20
9.26647336691819
 10
59.12922484402095
 20
9.130844318353
 10
59.13928512595916
 20
9.011630563160747
 10
59.153350624599305
 20
8.911285864838142
 10
59.172545993385484
 20
8.828147192128286
 10
59.19593437002463
 20
8.76031228415106
 10
59.22169486203325
 20
8.707954409861841
 10
59.24953676008009
 20
8.668119031135937
 10
59.28178556194537
 20
8.635431073972637
 10
59.321162504077044
 20
8.607074632305862
 10
59.370233851500046
 20
8.582423397249013
 10
59.434564570033864
 20
8.561066108899798
 10
59.519700871548295
 20
8.54388733340529
 10
59.62594471120142
 20
8.532698684375735
 10
59.75181863222488
 20
8.528789886505741
 10
59.87762707046682
 20
8.532698451272985
 10
59.983855216216625
 20
8.54388738638213
 10
60.069038294845
 20
8.561072183407644
 10
60.133401416657215
 20
8.582425286698788
 10
60.1824102991344
 20
8.607060203607304
 10
60.2218357366384
 20
8.635449351059535
 10
60.25411499571287
 20
8.66815316833915
 10
60.281941744411746
 20
8.70795358237225
 10
60.30766211725827
 20
8.760253745182123
 10
60.33101351107708
 20
8.828065938421847
 10
60.350182711347486
 20
8.91122845089776
 10
60.36424416189018
 20
9.011655570933577
 10
60.37435075219608
 20
9.13088253805709
 10
60.381781008410584
 20
9.266449274175125
 10
60.38627124986202
 20
9.415997027795488
 10
60.38778346315057
 20
9.58024747301823
 10
60.38778346315057
 20
13.343461578175049
 10
60.38887288269274
 20
13.365637222395733
 10
60.39213064961351
 20
13.387599303040142
 10
60.39752538983659
 20
13.409136313265961
 10
60.40500514906455
 20
13.430040839891394
 10
60.41449789312715
 20
13.450111560897456
 10
60.42591220170984
 20
13.469155184269086
 10
60.43913814878126
 20
13.486988309502925
 10
60.454048361241064
 20
13.50343919385438
 10
60.470499245592514
 20
13.518349406314186
 10
60.488332370826335
 20
13.531575353385598
 10
60.50737599419799
 20
13.542989661968276
 10
60.52744671520405
 20
13.552482406030894
 10
60.54835124182948
 20
13.559962165258835
 10
60.56988825205529
 20
13.565356905481918
 10
60.59185033269971
 20
13.568614672402695
 10
60.61402597692038
 20
13.56970409194487
 10
61.81630211364123
 20
13.56970409194487
 10
61.838630438011656
 20
13.568599582447309
 10
61.86074074989696
 20
13.56529683832234
 10
61.882417165473534
 20
13.559828107375148
 10
61.9034480374565
 20
13.55224678598267
 10
61.92362802161189
 20
13.542626897734358
 10
61.9427600817258
 20
13.531062370670197
 10
61.960657413455
 20
13.517666120172564
 10
61.977145268273695
 20
13.50256894646691
 10
61.9920626597082
 20
13.485918257495882
 10
62.00526393519979
 20
13.467876629636496
 10
62.01662019824777
 20
13.448620220313735
 10
62.02602056694774
 20
13.428337048009455
 10
62.0333732566361
 20
13.407225156460672
 10
62.03860647607027
 20
13.385490680971843
 10
62.04166912839429
 20
13.363345835721473
 10
62.04253131004568
 20
13.341006841715009
 10
62.009351129654064
 20
10.283112167991694
 10
62.009604193460255
 20
10.202470925797547
 10
62.01037159282104
 20
10.12096849507433
 10
62.01165057370027
 20
10.039488531258145
 10
62.01345690262296
 20
9.957323856510557
 10
62.01527870839096
 20
9.874341326713669
  0
LWPOLYLINE
  5
5A
330
17
100
AcDbEntity
  8
0
100
AcDbPolyline
 90
137
 70
1
 10
60.84025890265538
 20
9.577123144928937
 10
60.83871542832413
 20
9.409477252632449
 10
60.838623103191814
 20
9.404770145703026
 10
60.833978221422115
 20
9.250072087258152
 10
60.83374108096046
 20
9.24448055715706
 10
60.825973103588346
 20
9.102752020727703
 10
60.82550367264222
 20
9.09602401463442
 10
60.814590911503736
 20
8.967286688384483
 10
60.81321378193029
 20
8.955024546687167
 10
60.79692416349015
 20
8.83868381345629
 10
60.793328835020425
 20
8.819238437539273
 10
60.76926400982006
 20
8.714837038538484
 10
60.76271720640951
 20
8.691991683496074
 10
60.73086633036703
 20
8.599497086479513
 10
60.71997184068804
 20
8.573317388965657
 10
60.680324069721436
 20
8.49269706168746
 10
60.67209366423745
 20
8.47746273375329
 10
60.66272226097542
 20
8.46290247541297
 10
60.61399076402656
 20
8.393202138661287
 10
60.602409301659094
 20
8.378041122285437
 10
60.58959166615556
 20
8.36390977740193
 10
60.53050407094166
 20
8.304045022981454
 10
60.51661392320824
 20
8.291105888249664
 10
60.501687956250045
 20
8.27937673985662
 10
60.43225510685307
 20
8.229380100013147
 10
60.417325119901506
 20
8.219502208930693
 10
60.40166087645902
 20
8.210835680214712
 10
60.321893616960956
 20
8.170739687194065
 10
60.291524602655144
 20
8.158147782623004
 10
60.1984823795001
 20
8.127280103344418
 10
60.17198306541498
 20
8.120239205977331
 10
60.06289160096966
 20
8.098231141654063
 10
60.041849768144615
 20
8.095007813972527
 10
59.91670906240909
 20
8.0818268323588
 10
59.90003561691282
 20
8.080691287742741
 10
59.75884566988719
 20
8.076304856592776
 10
59.744798063503765
 20
8.076304756177155
 10
59.603543051986414
 20
8.08069118732712
 10
59.586870435075404
 20
8.081826404601333
 10
59.46170804117597
 20
8.09500738621507
 10
59.440653598333654
 20
8.098232866400389
 10
59.33158382205223
 20
8.120240930723666
 10
59.30504815111789
 20
8.127295006358304
 10
59.21207099245458
 20
8.158162685636883
 10
59.181796484605265
 20
8.170714762220747
 10
59.10198042673842
 20
8.210810755241393
 10
59.08628673622696
 20
8.219489994188134
 10
59.07132979632566
 20
8.229384995924049
 10
59.00190236896967
 20
8.279381635767512
 10
58.9869603032637
 20
8.291125492649288
 10
58.97305659288852
 20
8.30408197133078
 10
58.91399610787949
 20
8.363946725751257
 10
58.90118697506076
 20
8.378074693445196
 10
58.88961314987245
 20
8.393231207729142
 10
58.840897919046526
 20
8.462931544480817
 10
58.831548202095114
 20
8.477460421805324
 10
58.82333445604408
 20
8.49266041717345
 10
58.783668611607546
 20
8.57328074445165
 10
58.7727844178319
 20
8.599414893355434
 10
58.74089378015556
 20
8.691909490371993
 10
58.734337045857494
 20
8.71475732100863
 10
58.71023245902334
 20
8.819158720009419
 10
58.706623522612986
 20
8.83864967669044
 10
58.69031583070292
 20
8.954990409921315
 10
58.688926742650025
 20
8.967371534420426
 10
58.67806277988035
 20
9.096108860670363
 10
58.67760099747088
 20
9.102743404357605
 10
58.669827598057786
 20
9.244471940786962
 10
58.669591177482125
 20
9.250032493047058
 10
58.66491918550755
 20
9.404730551491932
 10
58.66482587121256
 20
9.40945530389465
 10
58.66326613075839
 20
9.577101196191135
 10
58.66325633958213
 20
9.579206015609353
 10
58.66325633958213
 20
13.117219064405228
 10
57.91346523040097
 20
13.117219064405228
 10
57.91346523040097
 20
10.283984589887098
 10
57.913464131815616
 20
10.283279542218294
 10
57.913205681195684
 20
10.200345810789935
 10
57.91319707404703
 20
10.198955242769744
 10
57.912428951575265
 20
10.116032355423462
 10
57.912412241395
 20
10.114670789037287
 10
57.91114529115344
 20
10.03176958985499
 10
57.911120991766516
 20
10.030436642242597
 10
57.909366057837225
 20
9.947567975306216
 10
57.90935931266685
 20
9.94725940894949
 10
57.90750632763718
 20
9.865058486584777
 10
57.906234225622406
 20
9.783661699649265
 10
57.90549360808576
 20
9.70222218759578
 10
57.90525787926136
 20
9.622175663387877
 10
57.90851380158688
 20
9.414939371872588
 10
57.91821637239395
 20
9.21471327588784
 10
57.934390408719864
 20
9.020079686756244
 10
57.956584664868636
 20
8.83478037819852
 10
57.98909370742653
 20
8.666547893938455
 10
58.036800635566536
 20
8.514998952621333
 10
58.100180965079005
 20
8.375351474830515
 10
58.17835520830994
 20
8.248140183012278
 10
58.27301284397767
 20
8.134434507641961
 10
58.38951971630235
 20
8.031960526122177
 10
58.53154406929482
 20
7.938831917807682
 10
58.698405135412266
 20
7.856904976243617
 10
58.89550339225973
 20
7.789886640862921
 10
59.13310101351802
 20
7.7405403632551675
 10
59.41344373841966
 20
7.7100313997109335
 10
59.735163935202365
 20
7.699673939988465
 10
60.05690362475893
 20
7.710031472804336
 10
60.337289292326766
 20
7.740541062809271
 10
60.57492766694851
 20
7.789888313065386
 10
60.77202614079538
 20
7.856901317302944
 10
60.93881525297244
 20
7.9388206119485565
 10
61.08083881633162
 20
8.031960789191185
 10
61.19739427340251
 20
8.134461816243466
 10
61.2920818623956
 20
8.248139870428767
 10
61.37017616346289
 20
8.375309021216266
 10
61.43355727844665
 20
8.514998679352814
 10
61.48129809951837
 20
8.666596263418036
 10
61.513852467097955
 20
8.834763523909217
 10
61.53595129065286
 20
9.020030698698093
 10
61.552142757661244
 20
9.214748634810006
 10
61.5618981203373
 20
9.414986073699714
 10
61.565184868506634
 20
9.622170726481105
 10
61.56493359490989
 20
9.702162978007864
 10
61.564166196859894
 20
9.783617307126065
 10
61.56288714824412
 20
9.865117574338061
 10
61.56108095536232
 20
9.947388943364935
 10
61.559259224551994
 20
10.030254200685375
 10
61.559232439034986
 20
10.031675908696409
 10
61.55793114920061
 20
10.114577107878707
 10
61.557913310251145
 20
10.115997842435593
 10
61.55713253635055
 20
10.198920729781866
 10
61.5571236222905
 20
10.20034088043524
 10
61.55686336432366
 20
10.283274611863607
 10
61.556875567685246
 20
10.286439326347137
 10
61.58759140075982
 20
13.117219064405228
 10
60.8402684906902
 20
13.117219064405228
 10
60.8402684906902
 20
9.579206015609353
 10
60.84025890265538
 20
9.577123144928937
  0
LWPOLYLINE
  5
5B
330
17
100
AcDbEntity
  8
0
100
AcDbPolyline
 90
320
 70
1
 10
45.28913398608009
 20
7.409787115460357
 10
45.20023510590443
 20
7.372432867826815
 10
45.18598297298044
 20
7.367001922448987
 10
45.08932515216749
 20
7.333855178613203
 10
45.076448111799905
 20
7.329863900613018
 10
44.97203677239072
 20
7.300881284247122
 10
44.96048583317
 20
7.298000021310351
 10
44.84832639720555
 20
7.273138156086422
 10
44.835855298504974
 20
7.270738839896283
 10
44.71405276266389
 20
7.25083272012502
 10
44.70162515794316
 20
7.249153850742272
 10
44.5684471801336
 20
7.234908341750288
 10
44.557762145199185
 20
7.234020914256221
 10
44.41319788133919
 20
7.22545770420747
 10
44.40396692213446
 20
7.225099842372113
 10
44.248005528142
 20
7.2222406194305435
 10
44.23741447166292
 20
7.2222944015756
 10
44.00989930657834
 20
7.228777355236372
 10
43.99547726306568
 20
7.229649848641185
 10
43.7855783091135
 20
7.249091480235574
 10
43.76885881695531
 20
7.251271082500566
 10
43.576603184340335
 20
7.283660547946649
 10
43.5573357089708
 20
7.287776522386739
 10
43.3827505078979
 20
7.333102977602609
 10
43.3631172696111
 20
7.339164241575259
 10
43.20451172696917
 20
7.396139048155235
 10
43.18519840791959
 20
7.404101650972088
 10
43.041123935094475
 20
7.471443399899078
 10
43.02054187224227
 20
7.482389366517264
 10
42.89099846923396
 20
7.560098057791236
 10
42.869825956554806
 20
7.574487625665731
 10
42.7548136233633
 20
7.662563259286604
 10
42.736585607211175
 20
7.678120759196975
 10
42.63420662949452
 20
7.775330724515878
 10
42.61943141953532
 20
7.790749802628516
 10
42.52796158826327
 20
7.8957024424618565
 10
42.51445542415657
 20
7.9127958439928525
 10
42.43389473932908
 20
8.025512846504446
 10
42.4220822597936
 20
8.043848481013372
 10
42.352430721410656
 20
8.16435153436703
 10
42.34370838957842
 20
8.18100229425418
 10
42.28380477719759
 20
8.307921429429925
 10
42.27737117568101
 20
8.322933655563554
 10
42.226310912132654
 20
8.45505795007667
 10
42.22109053997799
 20
8.470125178089464
 10
42.178868203221185
 20
8.607454631939932
 10
42.17484145644042
 20
8.622339967327362
 10
42.141451624434204
 20
8.764874580515135
 10
42.13908505457456
 20
8.776295045121236
 10
42.112625494609716
 20
8.922907033123277
 10
42.111274080831386
 20
8.931293003365084
 10
42.090019680203866
 20
9.081028086969587
 10
42.08901110102107
 20
9.089199417141144
 10
42.072961859730924
 20
9.242057596348044
 10
42.07226982021361
 20
9.249991029516114
 10
42.06142573826081
 20
9.405972304325372
 10
42.0611220357762
 20
9.41122184147132
 10
42.053819450254466
 20
9.569285180015727
 10
42.0536983107278
 20
9.572360954121319
 10
42.04851574322785
 20
9.731465324533062
 10
42.04843790767632
 20
9.734466853354245
 10
42.04534824799325
 20
9.89461225563347
 10
42.04531071858288
 20
9.897539232579087
 10
42.044286856511846
 20
10.058725666725916
 10
42.04428229239226
 20
10.060162738380884
 10
42.04428229239226
 20
10.806351246942205
 10
42.04429778453513
 20
10.80899883503093
 10
42.047141645027246
 20
11.051996638123553
 10
42.0472694529574
 20
11.057400174340096
 10
42.055811878515726
 20
11.297296569994288
 10
42.05607747455652
 20
11.302841480893798
 10
42.07033473130401
 20
11.539658157273465
 10
42.07074843630721
 20
11.545337443505492
 10
42.09073679036684
 20
11.779096088774558
 10
42.09230729759918
 20
11.792640254381032
 10
42.12543144959754
 20
12.018567665132881
 10
42.12992056841485
 20
12.041126329902953
 10
42.18381655939381
 20
12.254615578654963
 10
42.19107782413087
 20
12.277975473301558
 10
42.26571854388555
 20
12.479037404135752
 10
42.27590542865505
 20
12.502363866345432
 10
42.3712637669806
 20
12.69100932334379
 10
42.386797985948874
 20
12.717198261688397
 10
42.50623560825076
 20
12.89076502273114
 10
42.516562435835645
 20
12.904609037183869
 10
42.52791525474732
 20
12.917624935420044
 10
42.674815514594684
 20
13.073602595535366
 10
42.698881248088774
 20
13.095712722576613
 10
42.873249567522556
 20
13.23407959360058
 10
42.897743587388035
 20
13.251014597812485
 10
43.09958538844921
 20
13.371748991581123
 10
43.12921746813017
 20
13.386641477946512
 10
43.36601697471338
 20
13.48463040981913
 10
43.397540452727405
 20
13.495039107798075
 10
43.67685418260664
 20
13.565017775986636
 10
43.70257250866778
 20
13.569899929606827
 10
44.02438419572011
 20
13.61187917819323
 10
44.04496639594403
 20
13.61361320019784
 10
44.40925977404657
 20
13.627603873264
 10
44.42506290532262
 20
13.627658450877854
 10
44.72122382018899
 20
13.618332540398436
 10
44.737713117072026
 20
13.617209318913725
 10
45.004345596780865
 20
13.589231587475469
 10
45.024394777508675
 20
13.586214361074541
 10
45.261487977978085
 20
13.539584808677448
 10
45.28571300283223
 20
13.533412831216499
 10
45.49325607998024
 20
13.468131457860578
 10
45.51756311589078
 20
13.458920451547947
 10
45.69944186575045
 20
13.377763342212852
 10
45.72186794393649
 20
13.366216711559549
 10
45.88198262131682
 20
13.272133456536832
 10
45.90577662869717
 20
13.256036721465865
 10
46.0441380776801
 20
13.149027320755446
 10
46.06793130861526
 20
13.127782928731975
 10
46.18455037328278
 20
13.007847382333765
 10
46.20451159067322
 20
12.984297094713822
 10
46.301665528235596
 20
12.852387874492885
 10
46.31683586924842
 20
12.828872140840033
 10
46.39688868957117
 20
12.68610799458417
 10
46.408896194885486
 20
12.661250613764627
 10
46.47185874205054
 20
12.507620697391992
 10
46.480439884710975
 20
12.482607051686038
 10
46.526323002800325
 20
12.318100521114813
 10
46.53067721274557
 20
12.29948152866128
 10
46.56331789942354
 20
12.127404021540094
 10
46.56532597444098
 20
12.114922421146487
 10
46.58864075063953
 20
11.938745851047099
 10
46.58991830616443
 20
11.926565305048674
 10
46.60390717188354
 20
11.746267983807108
 10
46.60451281835249
 20
11.734484905180555
 10
46.6091757735922
 20
11.550045144632891
 10
46.60862084827475
 20
11.527492608905378
 10
46.60582269311447
 20
11.505107454504577
 10
46.60080912938325
 20
11.483112250741902
 10
46.59363000553905
 20
11.461725689758923
 10
46.58435670159658
 20
11.441160412132808
 10
46.57308141941585
 20
11.421620892650644
 10
46.55991626596502
 20
11.403301407274013
 10
46.54499213867216
 20
11.386384101507588
 10
46.528457423948836
 20
11.371037179377481
 10
46.51047652182579
 20
11.35741323102578
 10
46.49122821136933
 20
11.34564771554958
 10
46.4709038731314
 20
11.335857614169138
 10
46.44970558630635
 20
11.328140267116478
 10
46.42784411951415
 20
11.32257240580871
 10
46.40553683518724
 20
11.319209389929076
 10
46.38300552839669
 20
11.318084657001192
 10
45.25539451061494
 20
11.318084657001192
 10
45.233482855380636
 20
11.319148232142693
 10
45.211777215288485
 20
11.322328957748276
 10
45.1904816685097
 20
11.327596928380373
 10
45.16979643748524
 20
11.334902614156064
 10
45.14991600641837
 20
11.344177326430978
 10
45.13102729271842
 20
11.355333863615531
 10
45.11330788958853
 20
11.368267331051143
 10
45.09692439627987
 20
11.382856127238396
 10
45.08203085171218
 20
11.398963087143942
 10
45.06876728618759
 20
11.416436771837288
 10
45.05725840481423
 20
11.435112892331713
 10
45.04761241501903
 20
11.454815854242527
 10
45.03992000917268
 20
11.475360408739595
 10
45.03425351189267
 20
11.496553394271697
 10
45.03066620004151
 20
11.518195552686944
 10
45.029191801813255
 20
11.540083402673924
 10
45.02694828635934
 20
11.659667993844371
 10
45.02055955126642
 20
11.765651661276587
 10
45.01014659682362
 20
11.861935165612424
 10
44.99619358343857
 20
11.947043911708507
 10
44.97872220716712
 20
12.019365949990531
 10
44.957629175462294
 20
12.08014122461007
 10
44.933439095502784
 20
12.130994334358963
 10
44.90737415909037
 20
12.171970423687636
 10
44.87907420753875
 20
12.204936022212603
 10
44.84584065757881
 20
12.233478671939338
 10
44.805054044993135
 20
12.259268017803434
 10
44.75544703967787
 20
12.28198914176632
 10
44.69407186321806
 20
12.301200907213493
 10
44.617387711365545
 20
12.316276925278999
 10
44.52503347970024
 20
12.32599858215298
 10
44.41911124838504
 20
12.329354397915257
 10
44.27835089359933
 20
12.32343916443899
 10
44.16261202698126
 20
12.306874142852266
 10
44.071974254293764
 20
12.281871823082914
 10
44.00400697796202
 20
12.25075499446354
 10
43.94905733491318
 20
12.212564366953561
 10
43.90083877889794
 20
12.165161742594218
 10
43.858802679714174
 20
12.107166718903933
 10
43.8218455285957
 20
12.034709443600052
 10
43.78925152713711
 20
11.943784110695828
 10
43.76184281902777
 20
11.834207362127879
 10
43.74105766011569
 20
11.707177472473107
 10
43.72746880129709
 20
11.56099871282283
 10
43.718723365662946
 20
11.39447901145878
 10
43.71238667174653
 20
11.210674154524895
 10
43.708584281602676
 20
11.01181697531436
 10
43.70731387648878
 20
10.79735290975748
 10
43.70731387648878
 20
10.069045511594132
 10
43.708584280831786
 20
9.854615572913865
 10
43.71238667835787
 20
9.655738444310042
 10
43.718723246390965
 20
9.471939009781988
 10
43.727468710596405
 20
9.305514390746849
 10
43.741058602958844
 20
9.159264517160821
 10
43.761842757614
 20
9.03222164076672
 10
43.789245073710696
 20
8.922688784700492
 10
43.82185373288962
 20
8.8317739942115
 10
43.85883768219316
 20
8.759182453731988
 10
43.90082394219646
 20
8.701245431607484
 10
43.94897546404831
 20
8.653939867895748
 10
44.003992174313545
 20
8.615753875101282
 10
44.07206030838208
 20
8.584546609486981
 10
44.16265104378029
 20
8.559531768304307
 10
44.27836210402813
 20
8.542960359166614
 10
44.41864930362539
 20
8.537063428773484
 10
44.53080541105871
 20
8.54107628094415
 10
44.62749949317277
 20
8.552601130349885
 10
44.70715235953563
 20
8.570386019593967
 10
44.7706137128023
 20
8.593028847892661
 10
44.82246632327339
 20
8.620175509795958
 10
44.86641954131829
 20
8.651952385111176
 10
44.903690968590446
 20
8.688583931435772
 10
44.93628442390743
 20
8.732111979823305
 10
44.9658419137605
 20
8.785855646796588
 10
44.992315435785805
 20
8.851543837338856
 10
45.014459633684154
 20
8.929270821483698
 10
45.03177025992787
 20
9.021401380322255
 10
45.04542392009775
 20
9.13021571687171
 10
45.0566884759769
 20
9.253510282040962
 10
45.06513908765796
 20
9.388699305764376
 10
45.07061976623263
 20
9.533740810837202
 10
45.07061976623263
 20
9.867117574162586
 10
44.46773823266604
 20
9.867117574162586
 10
44.44556258844536
 20
9.86820699370476
 10
44.42360050780095
 20
9.871464760625537
 10
44.402063497575135
 20
9.876859500848619
 10
44.381158970949706
 20
9.884339260076562
 10
44.36108824994365
 20
9.89383200413918
 10
44.342044626572
 20
9.905246312721856
 10
44.324211501338176
 20
9.918472259793269
 10
44.30776061698672
 20
9.933382472253076
 10
44.292850404526924
 20
9.94983335660453
 10
44.2796244574555
 20
9.967666481838368
 10
44.268210148872804
 20
9.986710105209998
 10
44.258717404810206
 20
10.006780826216062
 10
44.25123764558225
 20
10.027685352841493
 10
44.245842905359176
 20
10.049222363067313
 10
44.24258513843839
 20
10.07118444371172
 10
44.24149571889621
 20
10.093360087932407
 10
44.24149571889621
 20
10.748284802778667
 10
44.24258513843839
 20
10.770460446999353
 10
44.245842905359176
 20
10.792422527643753
 10
44.25123764558225
 20
10.813959537869572
 10
44.258717404810206
 20
10.834864064495004
 10
44.268210148872804
 20
10.854934785501067
 10
44.2796244574555
 20
10.873978408872697
 10
44.292850404526924
 20
10.891811534106534
 10
44.30776061698672
 20
10.908262418457989
 10
44.324211501338176
 20
10.923172630917795
 10
44.342044626572
 20
10.936398577989209
 10
44.36108824994365
 20
10.947812886571894
 10
44.381158970949706
 20
10.957305630634503
 10
44.402063497575135
 20
10.964785389862454
 10
44.42360050780095
 20
10.970180130085529
 10
44.44556258844536
 20
10.973437897006306
 10
44.46773823266604
 20
10.974527316548487
 10
46.4244732977842
 20
10.974527316548487
 10
46.446648942004884
 20
10.973437897006306
 10
46.4686110226493
 20
10.970180130085529
 10
46.49014803287511
 20
10.964785389862454
 10
46.51105255950054
 20
10.957305630634503
 10
46.5311232805066
 20
10.947812886571894
 10
46.55016690387825
 20
10.936398577989209
 10
46.56800002911207
 20
10.923172630917795
 10
46.58445091346353
 20
10.908262418457989
 10
46.59936112592333
 20
10.891811534106534
 10
46.612587072994735
 20
10.873978408872697
 10
46.62400138157742
 20
10.854934785501067
 10
46.63349412564003
 20
10.834864064495004
 10
46.64097388486798
 20
10.813959537869572
 10
46.64636862509106
 20
10.792422527643753
 10
46.649626392011854
 20
10.770460446999353
 10
46.650715811554015
 20
10.748284802778667
 10
46.650715811554015
 20
7.547921501759585
 10
46.649626392011854
 20
7.525745857538899
 10
46.64636862509106
 20
7.503783776894491
 10
46.64097388486798
 20
7.4822467666686725
 10
46.63349412564003
 20
7.46134224004324
 10
46.62400138157742
 20
7.441271519037176
 10
46.612587072994735
 20
7.4222278956655465
 10
46.59936112592333
 20
7.4043947704317175
 10
46.58445091346353
 20
7.387943886080262
 10
46.56800002911207
 20
7.373033673620456
 10
46.55016690387825
 20
7.359807726549035
 10
46.5311232805066
 20
7.348393417966357
 10
46.51105255950054
 20
7.338900673903749
 10
46.49014803287511
 20
7.331420914675798
 10
46.4686110226493
 20
7.326026174452715
 10
46.446648942004884
 20
7.322768407531938
 10
46.4244732977842
 20
7.321678987989764
 10
45.777703332566276
 20
7.321678987989764
 10
45.75480413639965
 20
7.322840845434329
 10
45.73214013565316
 20
7.326314484443021
 10
45.70994411007765
 20
7.332064227606909
 10
45.68844403289639
 20
7.340031019872299
 10
45.66786072931432
 20
7.3501330350894705
 10
45.648405608443724
 20
7.362266516441089
 10
45.63027849194184
 20
7.37630684211845
 10
45.61366556166197
 20
7.3921098052999445
 10
45.59873744739778
 20
7.409513095285321
 10
45.58564747436127
 20
7.428337964573134
 10
45.57453008839435
 20
7.448391064758936
 10
45.565499475088714
 20
7.469466432398043
 10
45.55864838699667
 20
7.491347604436003
 10
45.55404719097873
 20
7.513809841479625
 10
45.54704744672477
 20
7.55970428868878
 10
45.4884252626498
 20
7.518810234046158
 10
45.474285396345074
 20
7.509708431394284
 10
45.39863256227473
 20
7.464897070071237
 10
45.3850428334783
 20
7.457463781387604
 10
45.30320345065382
 20
7.416274343436922
 10
45.28913398608009
 20
7.409787115460357
  0
LWPOLYLINE
  5
5C
330
17
100
AcDbEntity
  8
0
100
AcDbPolyline
 90
262
 70
1
 10
45.99545304072188
 20
12.476863283437654
 10
45.92902024611635
 20
12.595337825209082
 10
45.84935539976588
 20
12.703501508789763
 10
45.75466815442253
 20
12.800881525852763
 10
45.64033898350443
 20
12.889304248754241
 10
45.50352401752423
 20
12.96969661218926
 10
45.34506915482851
 20
13.040401621028364
 10
45.161886360787335
 20
13.09802062010322
 10
44.947033352801675
 20
13.140276153259391
 10
44.69871725063786
 20
13.166331948208747
 10
44.418724030647454
 20
13.175148748716175
 10
44.07266198340945
 20
13.161858249205231
 10
43.774102401290556
 20
13.12291215924056
 10
43.5236509719379
 20
13.060164590477655
 10
43.31759361355099
 20
12.974896927786263
 10
43.14282609705733
 20
12.87035738224427
 10
42.99297972892486
 20
12.75144946846656
 10
42.869179111773576
 20
12.619998846090866
 10
42.768204112294484
 20
12.473261969819339
 10
42.68548028191571
 20
12.30961110235996
 10
42.61953887119588
 20
12.131982759481787
 10
42.57145980101607
 20
11.941535114175686
 10
42.540995520691894
 20
11.73374968998124
 10
42.521830852662625
 20
11.509623840389622
 10
42.50791152404658
 20
11.278420236591792
 10
42.49956405991868
 20
11.043998930434528
 10
42.4967673199319
 20
10.805027407572231
 10
42.4967673199319
 20
10.060881281455629
 10
42.49777732098045
 20
9.901876985756314
 10
42.50080978916542
 20
9.74469597321812
 10
42.50589337249947
 20
9.58863040806992
 10
42.51300357927369
 20
9.434731077876874
 10
42.5233891092844
 20
9.285345614202711
 10
42.538592572110446
 20
9.14054290339449
 10
42.55867134754842
 20
8.999089979288513
 10
42.58334042383533
 20
8.862399031993746
 10
42.61364015204845
 20
8.733055462977106
 10
42.651250797044014
 20
8.610725678958854
 10
42.696489532295956
 20
8.493665257322615
 10
42.748890212566025
 20
8.382642753700987
 10
42.80837062883699
 20
8.279736601994921
 10
42.876241526188736
 20
8.184774597592373
 10
42.9535229679573
 20
8.096101739985203
 10
43.0394486246832
 20
8.014514383902707
 10
43.13475583743054
 20
7.941528792545433
 10
43.243296591168225
 20
7.876418877822071
 10
43.367325039181516
 20
7.818446827380811
 10
43.50641106258408
 20
7.768483886935343
 10
43.66149783656001
 20
7.728219685433766
 10
43.83571092852005
 20
7.698869861735256
 10
44.0300124141289
 20
7.680872926398885
 10
44.24500772181416
 20
7.6747467210688445
 10
44.39105382456126
 20
7.677424168075519
 10
44.52565322821345
 20
7.685397113360441
 10
44.647262129500646
 20
7.698405125084937
 10
44.75660490343681
 20
7.716274952991773
 10
44.8567490881704
 20
7.7384734528540156
 10
44.94892486908335
 20
7.764059709208386
 10
45.03198600603998
 20
7.792543759503058
 10
45.10670454338865
 20
7.8239395964520035
 10
45.17469814993855
 20
7.858160509921449
 10
45.23644424683474
 20
7.8947345086659055
 10
45.291576655949804
 20
7.933194142787471
 10
45.342041655309416
 20
7.97477026093375
 10
45.390602976514444
 20
8.020522996857169
 10
45.437194915749835
 20
8.069130018392467
 10
45.48052462849296
 20
8.119297712214024
 10
45.52434607914685
 20
8.175777951459457
 10
45.538633360323836
 20
8.192453929593531
 10
45.55447002651325
 20
8.207666248751469
 10
45.57170688221385
 20
8.221271595337127
 10
45.59018154089193
 20
8.233141794867302
 10
45.60971995480733
 20
8.243165019489584
 10
45.63013805469801
 20
8.251246841500324
 10
45.651243483876456
 20
8.257311122937644
 10
45.67283741040117
 20
8.261300732868913
 10
45.69471640025045
 20
8.263178085615053
 10
45.716674333852204
 20
8.262925494840987
 10
45.73850434791388
 20
8.260545340176822
 10
45.76000078425892
 20
8.256060044799481
 10
45.780961127309986
 20
8.249511864186507
 10
45.80118791196606
 20
8.240962488031778
 10
45.820490583899584
 20
8.230492459073622
 10
45.838687294748
 20
8.218200414310529
 10
45.85560661528718
 20
8.204202155752748
 10
45.87108915044758
 20
8.188629559464209
 10
45.884989040957564
 20
8.171629333172534
 10
45.8971753374679
 20
8.153361634151558
 10
45.907533234211016
 20
8.133998560397194
 10
45.915965150573804
 20
8.113722529310968
 10
45.92239165039375
 20
8.092724559165681
 10
45.926752190318474
 20
8.071202469543087
 10
45.97205599803631
 20
7.774164015529405
 10
46.19823078401438
 20
7.774164015529405
 10
46.19823078401438
 20
10.522042289008846
 10
44.693980746435855
 20
10.522042289008846
 10
44.693980746435855
 20
10.319602601702218
 10
45.29686228000244
 20
10.319602601702218
 10
45.31903792422314
 20
10.318513182160045
 10
45.34100000486755
 20
10.315255415239267
 10
45.362537015093366
 20
10.309860675016193
 10
45.3834415417188
 20
10.302380915788243
 10
45.40351226272484
 20
10.292888171725634
 10
45.42255588609649
 20
10.28147386314295
 10
45.44038901133031
 20
10.268247916071536
 10
45.45683989568177
 20
10.253337703611729
 10
45.47175010814157
 20
10.236886819260274
 10
45.48497605521299
 20
10.219053694026437
 10
45.49639036379568
 20
10.200010070654807
 10
45.50588310785828
 20
10.179939349648743
 10
45.513362867086244
 20
10.159034823023312
 10
45.51875760730932
 20
10.137497812797493
 10
45.52201537423011
 20
10.115535732153084
 10
45.523104793772276
 20
10.093360087932407
 10
45.523104793772276
 20
9.529467826385792
 10
45.5229434457992
 20
9.520924904820701
 10
45.51719608236424
 20
9.368825811350566
 10
45.51691670584576
 20
9.363253953582804
 10
45.508089623136165
 20
9.222042318393246
 10
45.50759197356337
 20
9.215572645621235
 10
45.495685171579204
 20
9.085248468712246
 10
45.49486327872893
 20
9.077665636891782
 10
45.47987675747014
 20
8.958228918263378
 10
45.47774616745003
 20
8.944618029184378
 10
45.45724362317122
 20
8.83549945453407
 10
45.4524764629864
 20
8.815288419974939
 10
45.42420955602936
 20
8.716070492147585
 10
45.41646687150755
 20
8.693489675946472
 10
45.38045729003621
 20
8.60413986269622
 10
45.36885514602997
 20
8.579683701442299
 10
45.32512457820823
 20
8.500169470523284
 10
45.30798387355768
 20
8.473590196704812
 10
45.25560876507257
 20
8.403644060762222
 10
45.244839890374095
 20
8.390342381102034
 10
45.23309632397608
 20
8.377892803104807
 10
45.1714061490935
 20
8.317261733559688
 10
45.158803956946024
 20
8.305776758425951
 10
45.145372615823504
 20
8.295273474349306
 10
45.074378218625384
 20
8.243946627119614
 10
45.046760175176296
 20
8.226856246120402
 10
44.96647239974453
 20
8.184822777124099
 10
44.937565705452826
 20
8.172172751806286
 10
44.84608322275193
 20
8.139532065128353
 10
44.819356403159766
 20
8.131812003688925
 10
44.71493693068912
 20
8.108497227490458
 10
44.6924115483711
 20
8.104650232254661
 10
44.575044242048804
 20
8.090661366535613
 10
44.55635778513889
 20
8.089215964620745
 10
44.426031800882996
 20
8.084553009381077
 10
44.40844056267415
 20
8.084607947501965
 10
44.248020443652074
 20
8.091351159129584
 10
44.22544831144116
 20
8.093436592868846
 10
44.08424390563952
 20
8.113658998363816
 10
44.05609889386789
 20
8.119535352824737
 10
43.93408851312277
 20
8.153226108105189
 10
43.916804403301896
 20
8.158753757096232
 10
43.90001889674896
 20
8.165648836894906
 10
43.79718085289647
 20
8.212797097878966
 10
43.77938604192229
 20
8.221928061616799
 10
43.76246719138902
 20
8.232594939933392
 10
43.67515425819885
 20
8.293197091926627
 10
43.65985876928526
 20
8.304805260233772
 10
43.645602687062166
 20
8.317668606307036
 10
43.57019655585624
 20
8.391749952167581
 10
43.557277092594205
 20
8.405549515646417
 10
43.545554727564266
 20
8.42037943949285
 10
43.48207708650646
 20
8.507972511466596
 10
43.47229520248889
 20
8.522641337875248
 10
43.463685304302366
 20
8.538027350235762
 10
43.41215784155647
 20
8.6391646805686
 10
43.400786426002966
 20
8.665486910682835
 10
43.35953463458101
 20
8.780499243874612
 10
43.35301483045559
 20
8.801973823378813
 10
43.32060638786616
 20
8.931517226387221
 10
43.31681055972893
 20
8.949897550067986
 10
43.29324004393103
 20
9.093972022893078
 10
43.29124230104986
 20
9.109566769180116
 10
43.2765042900025
 20
9.26817231182194
 10
43.275845544584335
 20
9.277232675429643
 10
43.26675458921389
 20
9.45023192951688
 10
43.26657719200203
 20
9.454309208178712
 10
43.26011050446412
 20
9.641882908410615
 10
43.26001751318832
 20
9.64535327455392
 10
43.256153405319104
 20
9.847458044602595
 10
43.256116035819836
 20
9.850442494374088
 10
43.25483281945541
 20
10.067034957911641
 10
43.254828848949145
 20
10.068375323112894
 10
43.254828848949145
 20
10.798022992002194
 10
43.25483281819673
 20
10.799363144736757
 10
43.25611603456116
 20
11.015989947867363
 10
43.256153413451216
 20
11.018975035419036
 10
43.26001752132045
 20
11.221059924650785
 10
43.26011050187778
 20
11.224529790460826
 10
43.266577189415685
 20
11.412105298039624
 10
43.26675423202724
 20
11.41617585257074
 10
43.275845187397664
 20
11.589274510742488
 10
43.276505081601364
 20
11.598350190675168
 10
43.29124309264873
 20
11.756890668825516
 10
43.29324092025183
 20
11.772482254034335
 10
43.31681143604973
 20
11.916535038695605
 10
43.32060422406223
 20
11.934901356374008
 10
43.35301266665167
 20
12.06446644754624
 10
43.359520912894354
 20
12.085911409297657
 10
43.400772704316324
 20
12.200988806980892
 10
43.412204674172465
 20
12.22744117534224
 10
43.46373213691836
 20
12.32846464281466
 10
43.47232733242186
 20
12.343811273519897
 10
43.482088802830816
 20
12.358443776901101
 10
43.54556644388863
 20
12.446020582752087
 10
43.55725931288225
 20
12.46081368126574
 10
43.57014343543621
 20
12.47458169982146
 10
43.64554956664213
 20
12.548711844050954
 10
43.65977535698392
 20
12.561558287479931
 10
43.67503749542723
 20
12.573154465719334
 10
43.762350428617395
 20
12.633837948327304
 10
43.779377108735346
 20
12.644580828675782
 10
43.7972913983105
 20
12.653767533364581
 10
43.90012944216299
 20
12.70084892250973
 10
43.91688932256692
 20
12.707724301095542
 10
43.93414554939385
 20
12.713236746791347
 10
44.056155930138964
 20
12.746893162478964
 10
44.084263568546945
 20
12.752756590644395
 10
44.22546797434858
 20
12.772966344710529
 10
44.24802298583729
 20
12.775049070178609
 10
44.408443104859344
 20
12.781790474459308
 10
44.4251064026394
 20
12.781876519772656
 10
44.547642721359175
 20
12.777994338433526
 10
44.56416305850991
 20
12.776864657131116
 10
44.674803419327475
 20
12.765218113113725
 10
44.69476247129639
 20
12.762211786195786
 10
44.79349603012979
 20
12.742800879500136
 10
44.81743755389649
 20
12.736719686203664
 10
44.90425346666373
 20
12.709544416829761
 10
44.93088052636732
 20
12.699325885529497
 10
45.00731413433832
 20
12.664317574291932
 10
45.03401233524517
 20
12.649847572156084
 10
45.101624282547476
 20
12.607096586404058
 10
45.128119470799994
 20
12.587504490796558
 10
45.186936867638536
 20
12.536989142366297
 10
45.19952647961807
 20
12.525317979679855
 10
45.21119487926947
 20
12.512725806800479
 10
45.26124483584917
 20
12.454424407528142
 10
45.28047605862974
 20
12.428484909472017
 10
45.32267761089618
 20
12.362140816084734
 10
45.336088294628894
 20
12.337897549227542
 10
45.37158820424842
 20
12.26326857722829
 10
45.381018418641126
 20
12.240263844970125
 10
45.40979499744988
 20
12.157349994358936
 10
45.41597568677957
 20
12.1362964489599
 10
45.43800724661368
 20
12.045097719736766
 10
45.44135292205209
 20
12.028573203881509
 10
45.457673265391094
 20
11.92902453155465
 10
45.459342133190425
 20
11.916748231662053
 10
45.47099952128976
 20
11.808958057050958
 10
45.47190117939304
 20
11.798245299146705
 10
45.47356947578752
 20
11.770569684540833
 10
46.14817672484441
 20
11.770569684540833
 10
46.13926298132837
 20
11.885455631010332
 10
46.11758149405755
 20
12.049290360947026
 10
46.08790262402877
 20
12.205753551170774
 10
46.04814875048739
 20
12.348284662511613
 10
45.99545304072188
 20
12.476863283437654
  0
LWPOLYLINE
  5
5D
330
17
100
AcDbEntity
  8
0
100
AcDbPolyline
 90
153
 70
1
 10
50.40659825399991
 20
12.738077916900133
 10
50.42325211233615
 20
12.732769694997826
 10
50.43944646304343
 20
12.726191608466188
 10
50.543659897956964
 20
12.679092145850916
 10
50.5611557522787
 20
12.670252994688141
 10
50.57782082268951
 20
12.659932580940202
 10
50.66693929552471
 20
12.599249098332304
 10
50.682415295269394
 20
12.587714939987924
 10
50.69685186000867
 20
12.574903656861688
 10
50.773532170843986
 20
12.500773512632348
 10
50.78672438560364
 20
12.486892805692808
 10
50.798695504782174
 20
12.471946205376339
 10
50.862948497699584
 20
12.384369399525514
 10
50.87299416156239
 20
12.369470871380468
 10
50.881825785838004
 20
12.353822104145046
 10
50.93366230491941
 20
12.252798636672704
 10
50.945368013231096
 20
12.225791201169425
 10
50.98657913934578
 20
12.110713803485933
 10
50.99307321391863
 20
12.089296641553496
 10
51.0254572573238
 20
11.959731550381182
 10
51.02923830954684
 20
11.941416410220464
 10
51.052816958406325
 20
11.797363625559282
 10
51.05480932558021
 20
11.781839960637393
 10
51.06960426805795
 20
11.62329948248731
 10
51.0702749588134
 20
11.61408008673269
 10
51.07931711581489
 20
11.44098142856087
 10
51.079490606298926
 20
11.436980920745881
 10
51.085962715877656
 20
11.249405413166986
 10
51.0860553395237
 20
11.245959353519739
 10
51.08994655759771
 20
11.043874464287983
 10
51.08998441728634
 20
11.040876029723247
 10
51.09128389977366
 20
10.824249226592869
 10
51.09128797028513
 20
10.82289208661424
 10
51.09128797028513
 20
10.093360087932407
 10
51.091283900995954
 20
10.092003151726317
 10
51.08998441850863
 20
9.875343816349886
 10
51.0899465800826
 20
9.872346345889236
 10
51.08605536200859
 20
9.670207236247725
 10
51.08596273142003
 20
9.666760459188223
 10
51.07949062184132
 20
9.479174107527461
 10
51.0793167688674
 20
9.475166509326975
 10
51.07027461186589
 20
9.30216544789278
 10
51.069605065705055
 20
9.292961241284681
 10
51.05481012322731
 20
9.13435569864263
 10
51.0528178353083
 20
9.118828842295185
 10
51.029239186448805
 20
8.974754369470013
 10
51.02545509648943
 20
8.956425226966154
 10
50.99307105308427
 20
8.826881823957823
 10
50.98656544008592
 20
8.80543506375554
 10
50.94535431397124
 20
8.690422730564014
 10
50.93368930336423
 20
8.663506171705329
 10
50.881852784282806
 20
8.56241763974119
 10
50.87301672931111
 20
8.546752765636475
 10
50.86296430138305
 20
8.531839253611095
 10
50.79871130846564
 20
8.444240759596212
 10
50.786722293300585
 20
8.429270219273596
 10
50.773508384855546
 20
8.415368917687568
 10
50.69682807402023
 20
8.341260461621992
 10
50.68235868096861
 20
8.328426107613291
 10
50.66684596823114
 20
8.316874496399807
 10
50.57772749539593
 20
8.25625607828357
 10
50.561144877952216
 20
8.245993081255309
 10
50.543740040039445
 20
8.237196267825578
 10
50.43952660512591
 20
8.190048006841703
 10
50.423289065518546
 20
8.183447056525617
 10
50.406589236678585
 20
8.178122964650699
 10
50.2847975449195
 20
8.144432209370231
 10
50.25696313017139
 20
8.13858734546194
 10
50.11758233748486
 20
8.118364939966865
 10
50.09480695686035
 20
8.116229084140636
 10
49.93782621916444
 20
8.109485872512945
 10
49.91861513012757
 20
8.109477042113504
 10
49.75819501110564
 20
8.116220253741194
 10
49.73562287889466
 20
8.11830568748048
 10
49.594418473093036
 20
8.138528092975546
 10
49.566273461321536
 20
8.144404447436454
 10
49.444263080576384
 20
8.178095202716921
 10
49.42697897075571
 20
8.18362285170789
 10
49.41019346420299
 20
8.190517931506452
 10
49.30735542035037
 20
8.237666192490327
 10
49.289548256191665
 20
8.246804201991889
 10
49.27261839405697
 20
8.257480253749286
 10
49.1853054608669
 20
8.318098671865522
 10
49.17000644859981
 20
8.329712890404885
 10
49.15574773680632
 20
8.342582971469849
 10
49.08034160560043
 20
8.416691427535424
 10
49.0674359925367
 20
8.430480191443424
 10
49.05572539052725
 20
8.445297298422773
 10
48.99224774946942
 20
8.532895792437646
 10
48.9824795619512
 20
8.547543230783898
 10
48.97387992749614
 20
8.562905887609395
 10
48.92235246475033
 20
8.663994419573534
 10
48.910960993456754
 20
8.690356005294657
 10
48.86970920203477
 20
8.805368338486181
 10
48.863189397909316
 20
8.82684291799043
 10
48.83078095531982
 20
8.95638632099876
 10
48.826985127182596
 20
8.974766644679589
 10
48.80341461138464
 20
9.118841117504761
 10
48.801416868503445
 20
9.134435863791863
 10
48.786678857456046
 20
9.293041406433915
 10
48.786020105538114
 20
9.302101893731985
 10
48.77692915016769
 20
9.475102955166172
 10
48.77675174135284
 20
9.479180635245852
 10
48.770285053815016
 20
9.666766986906614
 10
48.770192066601254
 20
9.670237562377269
 10
48.76632795873212
 20
9.87237667201878
 10
48.766290600823
 20
9.875360801043545
 10
48.765007384458606
 20
10.092020136419977
 10
48.765003416402884
 20
10.093360087932407
 10
48.765003416402884
 20
10.82289208661424
 10
48.76500738565048
 20
10.824232239348781
 10
48.766290602014884
 20
11.040859042479159
 10
48.76632798090494
 20
11.043844130030768
 10
48.77019208877408
 20
11.245929019262524
 10
48.77028506933141
 20
11.249398885072557
 10
48.77675175686924
 20
11.43697439265146
 10
48.776928799480785
 20
11.441044947182673
 10
48.78601975485123
 20
11.614143605354494
 10
48.78667964905492
 20
11.62321928528723
 10
48.80141766010231
 20
11.781759763437321
 10
48.80341548770543
 20
11.797351348646187
 10
48.82698600350338
 20
11.941404133307378
 10
48.83077879151589
 20
11.959770450985731
 10
48.863187234105396
 20
12.089335542158052
 10
48.869695480348014
 20
12.110780503909291
 10
48.910947271770006
 20
12.225857901592793
 10
48.92237924162614
 20
12.252310269954188
 10
48.973906704371956
 20
12.35333373742653
 10
48.98250189987552
 20
12.368680368131887
 10
48.99226337028459
 20
12.383312871513205
 10
49.055741011342405
 20
12.47088967736402
 10
49.067433880336004
 20
12.485682775877667
 10
49.08031800289
 20
12.499450794433368
 10
49.15572413409589
 20
12.57358093866271
 10
49.16994992443761
 20
12.586427382091616
 10
49.185212062880844
 20
12.598023560330953
 10
49.27252499607091
 20
12.65870704293885
 10
49.289537400731426
 20
12.669441780183197
 10
49.30743608057245
 20
12.678622943289636
 10
49.41027412442507
 20
12.725722405904907
 10
49.42701626225023
 20
12.732594118278755
 10
49.444254075978556
 20
12.738105686818853
 10
49.56626445672372
 20
12.771801864140272
 10
49.59437634078927
 20
12.777674667275342
 10
49.73558074659089
 20
12.797924182975203
 10
49.758172131600304
 20
12.80001469178901
 10
49.91859225062222
 20
12.806774169539565
 10
49.93784959720341
 20
12.806765296602876
 10
50.094830334899335
 20
12.800005818852322
 10
50.11762498712013
 20
12.797864776381378
 10
50.25700577980668
 20
12.777615260681525
 10
50.28480656224082
 20
12.771774094221552
 10
50.40659825399991
 20
12.738077916900133
  0
LWPOLYLINE
  5
5E
330
17
100
AcDbEntity
  8
0
100
AcDbPolyline
 90
67
 70
1
 10
49.411013346351474
 20
12.190030837205853
 10
49.368977247167834
 20
12.132035813515866
 10
49.33202009604944
 20
12.059578538212083
 10
49.29942609459082
 20
11.968653205307602
 10
49.27201738648139
 20
11.859076456739489
 10
49.251232227569275
 20
11.73204656708487
 10
49.23764336875064
 20
11.585867807434665
 10
49.22889793311649
 20
11.419348106070576
 10
49.22256123920019
 20
11.235543249136942
 10
49.2187588490564
 20
11.036686069926366
 10
49.21748844394253
 20
10.822222004369552
 10
49.21748844394253
 20
10.094030069564504
 10
49.218758854415135
 20
9.879532891779414
 10
49.222561263488366
 20
9.680621367933906
 10
49.22889782976569
 20
9.496809587471233
 10
49.237643283782305
 20
9.330383423669325
 10
49.251233170412426
 20
9.184133611772488
 10
49.27201732506758
 20
9.057090735378734
 10
49.29941964116439
 20
8.94755787931233
 10
49.33202081383962
 20
8.856663961620315
 10
49.369000730888274
 20
8.784115356907396
 10
49.4110131260633
 20
8.726138682192316
 10
49.4591773694186
 20
8.678803304345095
 10
49.514179770829465
 20
8.640616996265596
 10
49.582234875835525
 20
8.609415704098778
 10
49.67282561123408
 20
8.584400862915999
 10
49.78853667148191
 20
8.567829453778208
 10
49.92801268931392
 20
8.561966621167421
 10
50.06394632174803
 20
8.567805740439496
 10
50.17789221802298
 20
8.584337861362021
 10
50.26901908994847
 20
8.609545928490185
 10
50.33940934452731
 20
8.641391900138252
 10
50.396321557319965
 20
8.680103608286183
 10
50.445227484438746
 20
8.727369232430734
 10
50.48744357529486
 20
8.784923998586848
 10
50.524347280925994
 20
8.856891435683206
 10
50.55681567701689
 20
8.947504489522341
 10
50.58420726498482
 20
9.057076956270045
 10
50.60500837042869
 20
9.184179587080855
 10
50.618647259572434
 20
9.330391944238125
 10
50.627343832631084
 20
9.496781044729875
 10
50.63368733226562
 20
9.680639791052736
 10
50.637516519434925
 20
9.87955654933507
 10
50.63880294274549
 20
10.094038562136651
 10
50.63880294274549
 20
10.82221351052244
 10
50.637516524899645
 20
11.03666240702987
 10
50.63368735674458
 20
11.235524821767147
 10
50.62734372974603
 20
11.41937663077492
 10
50.618647174722184
 20
11.585859252686072
 10
50.60500931716552
 20
11.732000575048655
 10
50.58420720355661
 20
11.859090231884336
 10
50.55680923321938
 20
11.968706578437097
 10
50.52434798815235
 20
12.059350925244917
 10
50.48746731690299
 20
12.131227149928646
 10
50.44522730471101
 20
12.18880027110028
 10
50.39626690036172
 20
12.236132393210923
 10
50.33939415647519
 20
12.274858776806893
 10
50.269057441962026
 20
12.30664759039355
 10
50.17786671962255
 20
12.331877379927132
 10
50.06391312991765
 20
12.348432781566824
 10
49.92801243868843
 20
12.35428456766576
 10
49.78856935020652
 20
12.348408980115954
 10
49.67285085016537
 20
12.331814288399041
 10
49.58219611160847
 20
12.306777745387024
 10
49.51419514819952
 20
12.275633543164815
 10
49.459231902366675
 20
12.237433461565107
 10
49.411013346351474
 20
12.190030837205853
  0
LWPOLYLINE
  5
5F
330
17
100
AcDbEntity
  8
0
100
AcDbPolyline
 90
138
 70
1
 10
50.98002690952213
 20
13.509571370035223
 10
51.216843585901806
 20
13.41164931000111
 10
51.23199530967133
 20
13.404720331989125
 10
51.246596032616985
 20
13.396695099348085
 10
51.448397168370875
 20
13.275893833740723
 10
51.47283860867396
 20
13.258987945858843
 10
51.647225905251155
 20
13.120586735242043
 10
51.67127018085192
 20
13.098496166991358
 10
51.81820026192465
 20
12.942505855447088
 10
51.82956079954817
 20
12.929482066277625
 10
51.839894046133296
 20
12.915629091346688
 10
51.95932353537377
 20
12.742060522956953
 10
51.97484954743092
 20
12.715885351179562
 10
52.07021601881801
 20
12.527239894181404
 10
52.080416670928265
 20
12.503878848774022
 10
52.155027569457616
 20
12.302816917939811
 10
52.16228319866243
 20
12.279466341929254
 10
52.21616021249799
 20
12.065977093177121
 10
52.22063891804186
 20
12.043476201632815
 10
52.253803735347645
 20
11.817548790880904
 10
52.25538527280573
 20
11.803903758300262
 10
52.2753094660469
 20
11.570145113031455
 10
52.27571632304044
 20
11.564553869777983
 10
52.29000159366623
 20
11.327737193398397
 10
52.290266757209025
 20
11.322222655502168
 10
52.29886972889158
 20
11.082326259847887
 10
52.29899920699925
 20
11.07689685669673
 10
52.30187650341076
 20
10.833899053603856
 10
52.30189236194596
 20
10.83122034155375
 10
52.30189236194596
 20
10.08503183299242
 10
52.301876514019916
 20
10.082354017073428
 10
52.29899921760841
 20
9.839274883366183
 10
52.29886978794374
 20
9.83384623093821
 10
52.29026681626118
 20
9.593901036915277
 10
52.290001537422135
 20
9.588383919800293
 10
52.275716266796344
 20
9.351583509543678
 10
52.27530867351937
 20
9.345983902668243
 10
52.255384480278195
 20
9.112339120259923
 10
52.25380509458277
 20
9.098712644464005
 10
52.22064027727697
 20
8.872720169220173
 10
52.21616154661106
 20
8.850215303608312
 10
52.162284532775494
 20
8.636704366692253
 10
52.15502479977406
 20
8.613341040592468
 10
52.08041390124473
 20
8.412300797922144
 10
52.07020183831566
 20
8.388919170104948
 10
51.97483536692857
 20
8.200338777598315
 10
51.95935719152493
 20
8.174240578299562
 10
51.839927702284456
 20
8.000574413172243
 10
51.829576982494444
 20
7.986692563169138
 10
51.81819487935829
 20
7.9736430080856255
 10
51.67126479828556
 20
7.817663540623311
 10
51.64719209161842
 20
7.795551855961681
 10
51.47280479504123
 20
7.6572048657546326
 10
51.44837412754627
 20
7.640312017824627
 10
51.246572991792384
 20
7.519543284463148
 10
51.21684358590166
 20
7.504602864545021
 10
50.980026909522
 20
7.406680804511094
 10
50.94853564870082
 20
7.396289275442064
 10
50.66923185923013
 20
7.32634494684636
 10
50.64352832831744
 20
7.321467549944317
 10
50.32171573759175
 20
7.279500952786853
 10
50.30113998774168
 20
7.277767983974603
 10
49.93679690759691
 20
7.263779118255435
 10
49.91943546146515
 20
7.263779163661199
 10
49.55514208336275
 20
7.2777680293803675
 10
49.53456743525596
 20
7.279500963321028
 10
49.212755748203705
 20
7.321467560478492
 10
49.18705413858692
 20
7.326344485945281
 10
48.90774040870773
 20
7.396288814540985
 10
48.87624195436486
 20
7.406683018021899
 10
48.63944244778164
 20
7.5046050780558256
 10
48.609735630730405
 20
7.519532970645001
 10
48.40789382966908
 20
7.640301704006488
 10
48.38343653487684
 20
7.657212316706222
 10
48.209068215443
 20
7.79555930691327
 10
48.18498918500335
 20
7.8176802254491555
 10
48.03808892515605
 20
7.97365969291147
 10
48.0267175990005
 20
7.986698682892524
 10
48.01637589350842
 20
8.000568486271698
 10
47.89693827120662
 20
8.174234651399008
 10
47.88145251325669
 20
8.200345711753465
 10
47.78609417493113
 20
8.388926104260097
 10
47.77589588283495
 20
8.412273146049344
 10
47.7012551630802
 20
8.613313388719668
 10
47.69398979187886
 20
8.636686036882276
 10
47.64009380089979
 20
8.850196973798337
 10
47.63560466104206
 20
8.872759600470381
 10
47.602480509043666
 20
9.098752075714213
 10
47.60091215540467
 20
9.112277665889934
 10
47.58092380134519
 20
9.34592244829826
 10
47.58050935478256
 20
9.35161012924499
 10
47.566252098035115
 20
9.588410539501606
 10
47.565986387744
 20
9.593958016265226
 10
47.55744396218572
 20
9.83390321028816
 10
47.55731620211695
 20
9.839305996918274
 10
47.554472341624816
 20
10.08238513062551
 10
47.55445685984602
 20
10.08503183299242
 10
47.55445685984602
 20
10.83122034155375
 10
47.55447235198889
 20
10.833867929642468
 10
47.557316212481005
 20
11.07686573273534
 10
47.55744402041116
 20
11.08226926895186
 10
47.565986445969436
 20
11.32216566460614
 10
47.56625204201023
 20
11.327710575505643
 10
47.580509298757676
 20
11.564527251885227
 10
47.58092300376087
 20
11.57020653811719
 10
47.60091135782036
 20
11.803965183386
 10
47.60248186505269
 20
11.817509348992603
 10
47.63560601705109
 20
12.043436759744516
 10
47.6400951358684
 20
12.065995424514636
 10
47.69399112684747
 20
12.279484673266769
 10
47.70125239158453
 20
12.302844567913363
 10
47.77589311133929
 20
12.503906498747574
 10
47.78607999610881
 20
12.527232960957269
 10
47.88143833443437
 20
12.715878417955418
 10
47.89697192973305
 20
12.742066449978614
 10
48.01640955203485
 20
12.915635018368349
 10
48.02673378173385
 20
12.92947594771642
 10
48.038083543233995
 20
12.942489170145382
 10
48.18498380308131
 20
13.098479481689653
 10
48.20903440239594
 20
13.120579281835148
 10
48.38340272182979
 20
13.25898049245195
 10
48.40787078981406
 20
13.275904150917524
 10
48.60971259087538
 20
13.396705416524886
 10
48.6394424477815
 20
13.411647096490306
 10
48.87624195436471
 20
13.509569156524417
 10
48.90774040870773
 20
13.519963360005395
 10
49.18705413858692
 20
13.589907688601075
 10
49.21275574820378
 20
13.594784614067873
 10
49.53456743525604
 20
13.636751211225231
 10
49.55514208336279
 20
13.638484145165894
 10
49.919435461465184
 20
13.652473010884988
 10
49.93679690759688
 20
13.652473056290752
 10
50.30113998774163
 20
13.638484190571656
 10
50.321715737591674
 20
13.636751221759416
 10
50.64352832831736
 20
13.594784624602056
 10
50.669231859230116
 20
13.589907227700012
 10
50.94853564870078
 20
13.519962899104325
 10
50.98002690952213
 20
13.509571370035223
  0
LWPOLYLINE
  5
60
330
17
100
AcDbEntity
  8
0
100
AcDbPolyline
 90
67
 70
1
 10
48.503167322270485
 20
12.776345886148693
 10
48.37935666964772
 20
12.644873945287621
 10
48.27837892903705
 20
12.498131557593897
 10
48.195654849369404
 20
12.334480196971636
 10
48.12971343864949
 20
12.15685185409339
 10
48.081634368469636
 20
11.966404208787305
 10
48.05117008814539
 20
11.758618784592633
 10
48.032005420116306
 20
11.534492935001765
 10
48.01808609150029
 20
11.303289331203798
 10
48.00973862737244
 20
11.068868025046404
 10
48.00694188738566
 20
10.829896502183793
 10
48.00694188738566
 20
10.086355229455188
 10
48.00973865270829
 20
9.847301557978572
 10
48.018086124089066
 20
9.61283236343903
 10
48.03200509910994
 20
9.381650513123958
 10
48.051169807493366
 20
9.157633362595147
 10
48.08163591214373
 20
8.949775651964327
 10
48.12971341317795
 20
8.759314875495999
 10
48.19564756118164
 20
8.581725254730372
 10
48.2783834411683
 20
8.418107001767568
 10
48.37937490865822
 20
8.271262142237141
 10
48.50314935678262
 20
8.139837783124662
 10
48.653004993733745
 20
8.020939600214701
 10
48.82775781339823
 20
7.91637911486799
 10
49.03378677813064
 20
7.831181383908333
 10
49.28425969272233
 20
7.768459226103558
 10
49.58283161534828
 20
7.729523264162138
 10
49.928117367925246
 20
7.716264291263141
 10
50.273452267018435
 20
7.729523342401533
 10
50.57202356035775
 20
7.768459112944557
 10
50.82248938207146
 20
7.831181726802167
 10
51.02852674084223
 20
7.916376751591894
 10
51.20324299173146
 20
8.020936422372397
 10
51.353133498115106
 20
8.139849329595593
 10
51.47692866278093
 20
8.271269007023157
 10
51.57790852663651
 20
8.418106993373128
 10
51.66064663852225
 20
8.58171570603425
 10
51.726549366834455
 20
8.759291646730219
 10
51.77461832289191
 20
8.949785646188433
 10
51.80511879742213
 20
9.157622694456913
 10
51.8242214061975
 20
9.381633012803192
 10
51.8381713070501
 20
9.612874151418506
 10
51.84657802424437
 20
9.847345618105521
 10
51.84940733440632
 20
10.086370787847322
 10
51.84940733440632
 20
10.829880938586157
 10
51.84657805005944
 20
11.068823953934894
 10
51.838171339933446
 20
11.303247538360326
 10
51.824221085582906
 20
11.53451042140169
 10
51.80511851729836
 20
11.758629432359632
 10
51.774619867867884
 20
11.966394210127836
 10
51.72654934135312
 20
12.156875082435977
 10
51.66063935233924
 20
12.334489746159395
 10
51.57791303929535
 20
12.498131568101146
 10
51.47694690375768
 20
12.644867083027712
 10
51.35311553129044
 20
12.77633433758234
 10
51.20321382952964
 20
12.89530273381543
 10
51.02851426587741
 20
12.999880581266106
 10
50.822489382071446
 20
13.085070447744206
 10
50.57202356035772
 20
13.1477930616018
 10
50.273452267018484
 20
13.18672883214472
 10
49.92811736792523
 20
13.199987883283045
 10
49.58283161534825
 20
13.186728910384122
 10
49.284259692722294
 20
13.14779294844279
 10
49.033786778130704
 20
13.085070790638056
 10
48.82777028693807
 20
12.999878217774757
 10
48.65303415620612
 20
12.895299554540681
 10
48.503167322270485
 20
12.776345886148693
  0
LWPOLYLINE
  5
61
330
17
100
AcDbEntity
  8
0
100
AcDbPolyline
 90
685
 70
1
 10
63.37390479283063
 20
18.634179037150666
 10
63.36245544545942
 20
18.61322280260882
 10
63.34886102415369
 20
18.593590099515218
 10
63.33327298216103
 20
18.575499652637525
 10
63.1598224498187
 20
18.394473921160614
 10
63.13959624843401
 20
18.37578672865602
 10
63.11724954883918
 20
18.35969525876116
 10
62.89638113378962
 20
18.220241019188222
 10
62.87881456809255
 20
18.210218726296873
 10
62.86042316282665
 20
18.201805237274172
 10
62.6097148081849
 20
18.100406456889495
 10
62.58063444680253
 20
18.090877410064383
 10
62.31766409568364
 20
18.0240180561523
 10
62.29308328086927
 20
18.019199228081632
 10
62.0354288763883
 20
17.983363267926457
 10
62.012283225488396
 20
17.981348454313732
 10
61.77752271076042
 20
17.97301985519979
 10
61.75486923871688
 20
17.97335127085315
 10
61.73236249740559
 20
17.97594669519457
 10
61.710228184289015
 20
17.980780101324836
 10
61.68868826212177
 20
17.987803019877227
 10
61.667958733109884
 20
17.99694502506806
 10
61.64824747284177
 20
18.00811444092594
 10
61.62975214571319
 20
18.021199260617873
 10
61.61265822274995
 20
18.03606826965314
 10
61.597137121705536
 20
18.052572361701266
 10
61.58334448808502
 20
18.070546033829526
 10
61.57141863433285
 20
18.08980904616524
 10
61.56147915283654
 20
18.110168229340108
 10
61.55362571665486
 20
18.131419421591467
 10
61.54793707999721
 20
18.153349516095172
 10
61.54447028847672
 20
18.175738597999466
 10
61.54326010705726
 20
18.19836214972981
 10
61.54431867143056
 20
18.220993302449717
 10
61.54763536631973
 20
18.243405111099975
 10
61.55317693192894
 20
18.2653728302024
 10
61.56088779747259
 20
18.286676167605993
 10
61.570690638438855
 20
18.30710149357535
 10
61.58248715199924
 20
18.326443983068252
 10
61.596159042788926
 20
18.344509669719987
 10
61.74195938448861
 20
18.518341757495662
 10
61.81776545167323
 20
18.65601608775608
 10
61.834944619303506
 20
18.741345832484665
 10
61.82433430165152
 20
18.777424124797065
 10
61.78292862732378
 20
18.81479341588924
 10
61.65088923755506
 20
18.85160732026727
 10
61.38037357154605
 20
18.8438643741846
 10
61.19918453137494
 20
18.812866241032243
 10
60.97366357580676
 20
18.758018094065402
 10
60.24585965928691
 20
18.554403071121282
 10
60.24478287013553
 20
18.554104686955743
 10
59.43448400130362
 20
18.33171957007737
 10
59.429660445498584
 20
18.330452752574683
 10
58.55267536903327
 20
18.110432215937795
 10
58.54455702161411
 20
18.10855367321653
 10
57.61296652948639
 20
17.910989435389077
 10
57.6026475063008
 20
17.909050117693077
 10
56.80181342379762
 20
17.77770530752794
 10
56.792875614267125
 20
17.776422010211235
 10
55.953623227072
 20
17.67296885947769
 10
55.947251469756274
 20
17.672274900905066
 10
55.04856105516917
 20
17.587259416727996
 10
55.04476902477183
 20
17.586932850865416
 10
54.06562086009263
 20
17.51090104036964
 10
54.05791630694313
 20
17.510434837962453
 10
53.30719294937296
 20
17.47785020090491
 10
52.605285509183986
 20
17.44770524290047
 10
52.309713142751946
 20
17.416196722920336
 10
52.06646361525598
 20
17.366495183106707
 10
51.89346141284605
 20
17.299620428114576
 10
51.789009774028116
 20
17.21924354269228
 10
51.74063881757275
 20
17.146981716442536
 10
51.72114568740156
 20
17.08135402558599
 10
51.72480168049027
 20
17.022976443037052
 10
51.75479908609395
 20
16.954826464202135
 10
51.82815647664256
 20
16.870470732401778
 10
51.9586706374799
 20
16.777213545393924
 10
52.152204211571316
 20
16.685675912659814
 10
52.422537212130244
 20
16.600929080410577
 10
52.443349343332116
 20
16.593265455731196
 10
52.46331112319681
 20
16.583600917820696
 10
52.482230726191204
 20
16.572028339416374
 10
52.49992634172749
 20
16.558658928839176
 10
52.51622792129762
 20
16.54362116132171
 10
52.53097881257831
 20
16.527059544407443
 10
52.544037264803734
 20
16.509133229285055
 10
52.555277790939265
 20
16.49001448140279
 10
52.56459237356699
 20
16.469887025059247
 10
52.57189150289419
 20
16.44894427787902
 10
52.57710503691025
 20
16.427387492138706
 10
52.58018287542626
 20
16.4054238208049
 10
52.58109544151982
 20
16.383264326868563
 10
52.5798339657586
 20
16.361121955105492
 10
52.576410570471516
 20
16.33920948575358
 10
52.57085815325738
 20
16.31773748977114
 10
52.563230070850864
 20
16.296912305325627
 10
52.5535996263835
 20
16.276934054958016
 10
52.5420593649668
 20
16.257994722477065
 10
52.52872018436712
 20
16.240276308063827
 10
52.51371026931781
 20
16.223949079315414
 10
52.497173859710145
 20
16.20916993503445
 10
52.479269864499656
 20
16.196080897487995
 10
52.460170334648204
 20
16.184807747624554
 10
52.44005880977605
 20
16.175458816364404
 10
52.419128554412076
 20
16.16812394357828
 10
52.262326362719264
 20
16.12166737472806
 10
52.23819640341514
 20
16.11593606733448
 10
52.03261747955807
 20
16.07887551297718
 10
52.007406913091714
 20
16.075779494917327
 10
51.50222927325512
 20
16.042373727657008
 10
51.46996413153514
 20
16.042545943993495
 10
50.92661077615221
 20
16.084306128631287
 10
50.894363888506426
 20
16.089141217243828
 10
50.64106532021647
 20
16.146038102759174
 10
50.61019123161901
 20
16.155327729285627
 10
50.38658153772012
 20
16.240411576257088
 10
50.36231627118085
 20
16.251318105499315
 10
50.339499036647354
 20
16.264997628465245
 10
50.15294440458822
 20
16.392325309186685
 10
50.136362288619466
 20
16.404794738471516
 10
50.12099219264054
 20
16.418730784764783
 10
50.10696337366629
 20
16.434016250896985
 10
50.00000000010506
 20
16.561864580289686
 10
49.89303662629205
 20
16.43401625060872
 10
49.87900780731711
 20
16.41873078447724
 10
49.8636377113375
 20
16.404794738184748
 10
49.847055595368204
 20
16.392325308900737
 10
49.66050096330192
 20
16.264997628187583
 10
49.63768372876793
 20
16.25131810522285
 10
49.61341846222836
 20
16.24041157598186
 10
49.3898087683241
 20
16.155327729020197
 10
49.3589346797264
 20
16.146038102495208
 10
49.10563611143217
 20
16.08914121699099
 10
49.07338922378642
 20
16.08430612837992
 10
48.53003586839797
 20
16.042545943766
 10
48.49777072667818
 20
16.04237372743094
 10
47.99259308683973
 20
16.07577949471349
 10
47.967382520373626
 20
16.078875512774417
 10
47.761803596516906
 20
16.115936067140776
 10
47.73767363721313
 20
16.12166737453535
 10
47.58087144552138
 20
16.168123943392498
 10
47.5599411901577
 20
16.175458816179532
 10
47.53982966528592
 20
16.184807747440566
 10
47.52073013543492
 20
16.19608089730484
 10
47.50282614022496
 20
16.20916993485208
 10
47.48628973061791
 20
16.22394907913378
 10
47.471279815569304
 20
16.24027630788286
 10
47.457940634970356
 20
16.257994722296694
 10
47.44640037355448
 20
16.276934054778184
 10
47.43676992908798
 20
16.29691230514624
 10
47.42914184668236
 20
16.317737489592115
 10
47.42358942946916
 20
16.33920948557483
 10
47.420166034183026
 20
16.36112195492692
 10
47.418904558422796
 20
16.38326432669008
 10
47.41981712451736
 20
16.405423820626417
 10
47.422894963034324
 20
16.42738749196011
 10
47.42810849705136
 20
16.448944277700214
 10
47.43540762637949
 20
16.46988702488016
 10
47.444722209008134
 20
16.490014481223305
 10
47.45596273514457
 20
16.509133229105093
 10
47.46902118737079
 20
16.527059544226915
 10
47.48377207865228
 20
16.54362116114053
 10
47.50007365822311
 20
16.558658928657266
 10
47.51776927376003
 20
16.572028339233682
 10
47.53668887675498
 20
16.583600917637174
 10
47.55665065662014
 20
16.59326545554676
 10
47.5774627878224
 20
16.600929080225196
 10
47.84779578838724
 20
16.685675912462575
 10
48.04132936248441
 20
16.777213545188296
 10
48.171843523327105
 20
16.870470732190544
 10
48.24520091388031
 20
16.95482646398796
 10
48.27519831948731
 20
17.022976442821452
 10
48.2788543125787
 20
17.081354025369713
 10
48.259361182410544
 20
17.146981716226694
 10
48.21099022595841
 20
17.21924354247826
 10
48.10653858714338
 20
17.2996204279052
 10
47.93353638473487
 20
17.366495182905123
 10
47.690286857239315
 20
17.41619672272953
 10
47.39471449080627
 20
17.447705242722744
 10
46.692807050613986
 20
17.477850200758116
 10
45.94208369304036
 20
17.51043483784869
 10
45.93437913989097
 20
17.510901040256194
 10
44.95523097520848
 20
17.58693285079496
 10
44.951438944811166
 20
17.58725941665771
 10
44.0527485302219
 20
17.672274900874232
 10
44.04637677290626
 20
17.67296885944713
 10
43.20712438571027
 20
17.776422010217534
 10
43.19818657617984
 20
17.777705307534617
 10
42.39735249367723
 20
17.909050117735
 10
42.3870334704918
 20
17.910989435431425
 10
41.45544297836691
 20
18.10855367329985
 10
41.44732463094788
 20
18.110432216021437
 10
40.57033955448676
 20
18.330452752696857
 10
40.5655159986818
 20
18.331719570199745
 10
39.75521712985471
 20
18.55410468711371
 10
39.75414034070334
 20
18.55440307127929
 10
39.0263364241879
 20
18.758018094255434
 10
38.80081546862097
 20
18.812866241232
 10
38.6196264284495
 20
18.84386437439236
 10
38.34911076243836
 20
18.851607320486885
 10
38.21707137266596
 20
18.814793416114394
 10
38.17566569833581
 20
18.77742412502369
 10
38.16505538068216
 20
18.74134583271195
 10
38.182234548308465
 20
18.65601608798314
 10
38.25804061548711
 20
18.518341757719675
 10
38.403840957179995
 20
18.344509669937516
 10
38.41751284796896
 20
18.32644398328519
 10
38.42930936152855
 20
18.307101493791773
 10
38.43911220249396
 20
18.28667616782199
 10
38.44682306803674
 20
18.26537283041805
 10
38.452364633645026
 20
18.243405111315372
 10
38.455681328533245
 20
18.220993302664937
 10
38.45673989290561
 20
18.198362149944977
 10
38.45552971148521
 20
18.175738598214647
 10
38.45206291996374
 20
18.15334951631048
 10
38.44637428330515
 20
18.131419421806996
 10
38.43852084712258
 20
18.110168229555942
 10
38.428581365625384
 20
18.089809046381472
 10
38.41665551187236
 20
18.07054603404625
 10
38.40286287825107
 20
18.052572361918553
 10
38.387341777205926
 20
18.036068269871073
 10
38.370247854242024
 20
18.021199260836543
 10
38.35175252711284
 20
18.008114441145377
 10
38.332041266844215
 20
17.996945025288348
 10
38.31131173783192
 20
17.987803020098415
 10
38.28977181566436
 20
17.980780101546944
 10
38.26763750254751
 20
17.975946695417644
 10
38.24513076123612
 20
17.973351271077213
 10
38.222477289192526
 20
17.973019855424845
 10
37.9877167744633
 20
17.98134845454918
 10
37.96457112356363
 20
17.98336326816289
 10
37.70691671908256
 20
18.01919922832944
 10
37.682335904268555
 20
18.024018056401143
 10
37.419365553150975
 20
18.090877410324815
 10
37.3902851917691
 20
18.100406457151102
 10
37.13957683713032
 20
18.201805237546818
 10
37.12118543186484
 20
18.210218726570286
 10
37.103618866168226
 20
18.220241019462314
 10
36.882750451123556
 20
18.359695259044965
 10
36.860403751529404
 20
18.37578672894077
 10
36.84017755014548
 20
18.394473921446203
 10
36.6667270178103
 20
18.575499652930695
 10
36.65113897581833
 20
18.59359009980909
 10
36.6375445545134
 20
18.613222802903348
 10
36.62609520714301
 20
18.63417903744575
 10
36.51764050063262
 20
18.860292293546994
 10
36.509804836871446
 20
18.87866784727248
 10
36.503620635164175
 20
18.89766295849986
 10
36.49913610936916
 20
18.917129535746277
 10
36.496386222170585
 20
18.936915811840876
 10
36.470505284600314
 20
19.21163262527378
 10
36.46950969965341
 20
19.231955159405903
 10
36.47034398000032
 20
19.252284954270618
 10
36.47300137787009
 20
19.272457579769046
 10
36.47746039987347
 20
19.2923098770092
 10
36.55286417872637
 20
19.569146733552405
 10
36.5598852156869
 20
19.590628500441717
 10
36.56901442100017
 20
19.6113026117657
 10
36.58016069799735
 20
19.630962768880806
 10
36.59321282246236
 20
19.649412790984822
 10
36.77164896729876
 20
19.876656400105404
 10
36.78861615631332
 20
19.89590811118658
 10
36.807654310402356
 20
19.913114580071568
 10
36.82851849992965
 20
19.928054442118352
 10
37.10212000698116
 20
20.10137617206435
 10
37.11885114441793
 20
20.111000391671187
 10
37.13634172909318
 20
20.11916347997688
 10
37.15446445523035
 20
20.125806021683648
 10
37.51536432072855
 20
20.240877240703142
 10
37.536121286885894
 20
20.246424696846038
 10
37.55731088187945
 20
20.249978142740478
 10
37.9976421020559
 20
20.302470219081496
 10
38.03079173079931
 20
20.303971206846484
 10
38.54268730188563
 20
20.289555508757097
 10
38.56961826346578
 20
20.287181120744236
 10
39.145211181693504
 20
20.201529016472502
 10
39.16788092295912
 20
20.196960704301343
 10
39.39845192700727
 20
20.138090528606547
 10
39.13671631205461
 20
20.280999376763805
 10
39.11310769660036
 20
20.295848433167755
 10
38.72061021145936
 20
20.577911314757475
 10
38.70517914298878
 20
20.590049659857197
 10
38.69085853657184
 20
20.603480129981303
 10
38.40323922814898
 20
20.897696756248113
 10
38.39071844517498
 20
20.911612585631595
 10
38.37939094420323
 20
20.926515875048583
 10
38.36933427400963
 20
20.94230459565314
 10
38.1924601884497
 20
21.247131791816916
 10
38.180992889487534
 20
21.269720675018323
 10
38.17212284207712
 20
21.29344995753405
 10
38.165961257243225
 20
21.318022125979446
 10
38.10569944069107
 20
21.631916717260037
 10
38.10265863056176
 20
21.653148107363304
 10
38.101641981559126
 20
21.674572039699946
 10
38.10265863056176
 20
21.695995972036602
 10
38.10569944069107
 20
21.71722736213987
 10
38.16596125724324
 20
22.03112195342046
 10
38.17212284207714
 20
22.055694121865844
 10
38.18099288948755
 20
22.079423404381558
 10
38.192460188449715
 20
22.102012287582966
 10
38.36933427400963
 20
22.406839483746747
 10
38.37939094420323
 20
22.422628204351305
 10
38.39071844517498
 20
22.437531493768304
 10
38.40323922814898
 20
22.451447323151786
 10
38.69085853657184
 20
22.745663949418613
 10
38.70517914298878
 20
22.759094419542716
 10
38.72061021145937
 20
22.77123276464243
 10
39.113107696600395
 20
23.053295646232144
 10
39.136716312054624
 20
23.068144702636094
 10
39.39845192700616
 20
23.21105355079274
 10
39.16788092295914
 20
23.152183375098225
 10
39.145211181693504
 20
23.147615062927066
 10
38.56961826346578
 20
23.06196295865535
 10
38.54268730188561
 20
23.05958857064248
 10
38.030791730799294
 20
23.045172872553124
 10
37.997642102055885
 20
23.046673860318116
 10
37.55731088187942
 20
23.099165936659155
 10
37.536121286885894
 20
23.102719382553595
 10
37.51536432072855
 20
23.10826683869649
 10
37.15446445523035
 20
23.223338057715996
 10
37.13634172909318
 20
23.229980599422767
 10
37.11885114441793
 20
23.238143687728453
 10
37.10212000698116
 20
23.24776790733529
 10
36.82851849992965
 20
23.421089637281288
 10
36.807654310402356
 20
23.436029499328072
 10
36.78861615631333
 20
23.45323596821306
 10
36.77164896729877
 20
23.472487679294222
 10
36.59321282246238
 20
23.699731288414764
 10
36.580160697997364
 20
23.71818131051877
 10
36.56901442100017
 20
23.737841467633867
 10
36.5598852156869
 20
23.75851557895786
 10
36.55286417872637
 20
23.77999734584718
 10
36.47746039987347
 20
24.056834202390313
 10
36.47300137787009
 20
24.076686499630473
 10
36.47034398000032
 20
24.096859125128912
 10
36.46950969965341
 20
24.11718891999361
 10
36.470505284600314
 20
24.137511454125747
 10
36.496386222170585
 20
24.412228267558724
 10
36.49913610936916
 20
24.432014543653324
 10
36.503620635164175
 20
24.45148112089973
 10
36.509804836871446
 20
24.47047623212712
 10
36.51764050063262
 20
24.4888517858526
 10
36.62609520714301
 20
24.714965041953906
 10
36.63754455451338
 20
24.73592127649631
 10
36.65113897581833
 20
24.755553979590566
 10
36.66672701781028
 20
24.77364442646896
 10
36.84017755014546
 20
24.954670157953487
 10
36.860403751529404
 20
24.973357350458937
 10
36.882750451123556
 20
24.98944882035474
 10
37.103618866168226
 20
25.1289030599374
 10
37.12118543186484
 20
25.13892535282945
 10
37.139576837130335
 20
25.14733884185291
 10
37.39028519176912
 20
25.248737622248612
 10
37.41936555315099
 20
25.258266669074892
 10
37.682335904268584
 20
25.32512602299853
 10
37.70691671908261
 20
25.32994485107023
 10
37.9645711235637
 20
25.365780811236718
 10
37.98771677446338
 20
25.367795624850434
 10
38.222477289192604
 20
25.37612422397468
 10
38.245130761236204
 20
25.375792808322313
 10
38.267637502547586
 20
25.373197383981875
 10
38.28977181566444
 20
25.368363977852567
 10
38.311311737832
 20
25.361341059301097
 10
38.3320412668443
 20
25.35219905411115
 10
38.35175252711293
 20
25.341029638254103
 10
38.3702478542421
 20
25.327944818562933
 10
38.38734177720599
 20
25.3130758095284
 10
38.402862878251135
 20
25.296571717480916
 10
38.41665551187243
 20
25.278598045353213
 10
38.42858136562541
 20
25.25933503301799
 10
38.43852084712262
 20
25.238975849843513
 10
38.44637428330518
 20
25.21772465759246
 10
38.452062919963765
 20
25.195794563088974
 10
38.45552971148521
 20
25.1734054811848
 10
38.45673989290561
 20
25.150781929454478
 10
38.455681328533224
 20
25.1281507767345
 10
38.452364633645004
 20
25.105738968084083
 10
38.44682306803671
 20
25.083771248981407
 10
38.43911220249393
 20
25.062467911577457
 10
38.4293093615285
 20
25.042042585607682
 10
38.417512847968894
 20
25.02270009611427
 10
38.40384095717993
 20
25.004634409461953
 10
38.25804061548718
 20
24.83080232168006
 10
38.182234548308465
 20
24.693127991416524
 10
38.16505538068216
 20
24.60779824668783
 10
38.17566569833583
 20
24.57171995437605
 10
38.21707137266606
 20
24.53435066328523
 10
38.34911076243837
 20
24.497536758912716
 10
38.619626428449486
 20
24.505279705007293
 10
38.800815468620875
 20
24.53627783816767
 10
39.02633642418786
 20
24.591125985144327
 10
39.75414034070334
 20
24.794741008120496
 10
39.75521712985471
 20
24.795039392286075
 10
40.5655159986818
 20
25.01742450920004
 10
40.57033955448676
 20
25.01869132670293
 10
41.44732463094788
 20
25.23871186337834
 10
41.45544297836691
 20
25.240590406099937
 10
42.3870334704918
 20
25.43815464396833
 10
42.39735249367723
 20
25.440093961664747
 10
43.19818657617984
 20
25.57143877186513
 10
43.20712438571026
 20
25.572722069182213
 10
44.046376772906235
 20
25.67617521995263
 10
44.0527485302219
 20
25.676869178525532
 10
44.951438944811166
 20
25.76188466274207
 10
44.95523097520848
 20
25.76221122860482
 10
45.93437913989097
 20
25.838243039143585
 10
45.942083693040395
 20
25.838709241551097
 10
46.692807050614
 20
25.871293878641612
 10
47.394714490806315
 20
25.901438836676903
 10
47.6902868572393
 20
25.93294735667007
 10
47.93353638473491
 20
25.982648896494453
 10
48.10653858714337
 20
26.04952365149435
 10
48.2109902259584
 20
26.129900536921273
 10
48.25936118241053
 20
26.2021623631729
 10
48.2788543125787
 20
26.26779005402993
 10
48.27519831948731
 20
26.326167636578283
 10
48.24520091388031
 20
26.394317615411808
 10
48.17184352332713
 20
26.478673347209185
 10
48.04132936248439
 20
26.571930534211475
 10
47.84779578838715
 20
26.663468166937218
 10
47.5774627878224
 20
26.748214999174596
 10
47.55665065662014
 20
26.755878623853025
 10
47.53668887675498
 20
26.76554316176261
 10
47.51776927376003
 20
26.777115740166103
 10
47.50007365822311
 20
26.79048515074252
 10
47.48377207865228
 20
26.805522918259257
 10
47.46902118737079
 20
26.82208453517287
 10
47.45596273514457
 20
26.840010850294693
 10
47.444722209008134
 20
26.859129598176484
 10
47.43540762637949
 20
26.879257054519645
 10
47.42810849705136
 20
26.90019980169957
 10
47.422894963034324
 20
26.921756587439674
 10
47.41981712451736
 20
26.943720258773368
 10
47.418904558422796
 20
26.965879752709704
 10
47.420166034183026
 20
26.988022124472867
 10
47.42358942946916
 20
27.009934593824948
 10
47.42914184668236
 20
27.03140658980767
 10
47.43676992908798
 20
27.052231774253546
 10
47.44640037355448
 20
27.0722100246216
 10
47.457940634970356
 20
27.09114935710309
 10
47.471279815569304
 20
27.108867771516927
 10
47.48628973061791
 20
27.12519500026601
 10
47.50282614022496
 20
27.139974144547704
 10
47.52073013543492
 20
27.153063182094947
 10
47.53982966528592
 20
27.16433633195922
 10
47.55994119015769
 20
27.173685263220253
 10
47.58087144552138
 20
27.18102013600728
 10
47.73767363721313
 20
27.227476704864436
 10
47.761803596516906
 20
27.233208012259027
 10
47.967382520373626
 20
27.270268566625376
 10
47.99259308683973
 20
27.273364584686313
 10
48.49777072667818
 20
27.30677035196886
 10
48.53003586839793
 20
27.306598135633802
 10
49.07338922378641
 20
27.264837951019878
 10
49.1056361114322
 20
27.26000286240882
 10
49.358934679726424
 20
27.203105976904588
 10
49.38980876832414
 20
27.193816350379596
 10
49.613418462228374
 20
27.108732503417926
 10
49.63768372876797
 20
27.09782597417691
 10
49.660500963301985
 20
27.08414645121216
 10
49.84705559536827
 20
26.956818770498927
 10
49.86363771133755
 20
26.944349341214917
 10
49.879007807317144
 20
26.93041329492243
 10
49.89303662629207
 20
26.91512782879095
 10
50.00000000010509
 20
26.787279499109907
 10
50.10696337366629
 20
26.915127828502566
 10
50.12099219264054
 20
26.930413294634768
 10
50.136362288619466
 20
26.944349340928035
 10
50.15294440458822
 20
26.95681877021287
 10
50.339499036647354
 20
27.084146450934323
 10
50.36231627118085
 20
27.09782597390025
 10
50.38658153772012
 20
27.10873250314247
 10
50.61019123161901
 20
27.193816350113934
 10
50.64106532021647
 20
27.203105976640394
 10
50.894363888506426
 20
27.260002862155734
 10
50.92661077615221
 20
27.264837950768275
 10
51.46996413153514
 20
27.306598135406055
 10
51.50222927325512
 20
27.306770351742536
 10
52.007406913091714
 20
27.273364584482223
 10
52.032617479558056
 20
27.27026856642237
 10
52.23819640341512
 20
27.233208012065088
 10
52.26232636271925
 20
27.227476704671517
 10
52.41912855441206
 20
27.181020135821303
 10
52.44005880977605
 20
27.17368526303518
 10
52.46017033464817
 20
27.16433633177503
 10
52.47926986449962
 20
27.153063181911588
 10
52.49717385971013
 20
27.139974144365134
 10
52.51371026931781
 20
27.12519500008417
 10
52.528720184367096
 20
27.108867771335756
 10
52.54205936496678
 20
27.091149356922532
 10
52.55359962638348
 20
27.072210024441567
 10
52.56323007085084
 20
27.052231774073963
 10
52.57085815325737
 20
27.031406589628453
 10
52.576410570471516
 20
27.009934593646005
 10
52.5798339657586
 20
26.98802212429409
 10
52.58109544151982
 20
26.96587975253102
 10
52.58018287542626
 20
26.943720258594684
 10
52.57710503691025
 20
26.921756587260877
 10
52.57189150289419
 20
26.900199801520564
 10
52.56459237356699
 20
26.879257054340336
 10
52.555277790939265
 20
26.859129597996795
 10
52.544037264803734
 20
26.840010850114513
 10
52.53097881257831
 20
26.822084534992143
 10
52.51622792129762
 20
26.80552291807786
 10
52.499926341727516
 20
26.7904851505604
 10
52.482230726191204
 20
26.777115739983202
 10
52.46331112319681
 20
26.765543161578872
 10
52.443349343332116
 20
26.75587862366838
 10
52.422537212130244
 20
26.748214998989
 10
52.152204211571316
 20
26.66346816673976
 10
51.95867063747986
 20
26.571930534005627
 10
51.82815647664259
 20
26.478673346997816
 10
51.75479908609395
 20
26.394317615197433
 10
51.72480168049027
 20
26.326167636362506
 10
51.72114568740156
 20
26.26779005381356
 10
51.74063881757274
 20
26.202162362957047
 10
51.789009774028145
 20
26.129900536707208
 10
51.893461412846015
 20
26.049523651284982
 10
52.06646361525598
 20
25.982648896292837
 10
52.30971314275186
 20
25.93294735647922
 10
52.605285509184036
 20
25.90143883649907
 10
53.30719294937296
 20
25.871293878494644
 10
54.05791630694313
 20
25.838709241437105
 10
54.06562086009263
 20
25.838243039029923
 10
55.04476902477183
 20
25.762211228534134
 10
55.04856105516917
 20
25.761884662671555
 10
55.947251469756274
 20
25.67686917849446
 10
55.953623227072
 20
25.676175219921834
 10
56.792875614267125
 20
25.5727220691883
 10
56.80181342379762
 20
25.571438771871588
 10
57.6026475063008
 20
25.44009396170645
 10
57.61296652948639
 20
25.43815464401046
 10
58.54455702161411
 20
25.240590406183
 10
58.55267536903327
 20
25.23871186346173
 10
59.429660445498584
 20
25.018691326824854
 10
59.43448400130362
 20
25.017424509322165
 10
60.24478287013553
 20
24.795039392443808
 10
60.24585965928691
 20
24.79474100827828
 10
60.973663575807045
 20
24.5911259853341
 10
61.199184531374954
 20
24.53627783836732
 10
61.38037357154605
 20
24.50527970521495
 10
61.65088923755506
 20
24.49753675913228
 10
61.78292862732379
 20
24.53435066351032
 10
61.82433430165152
 20
24.57171995460247
 10
61.834944619303506
 20
24.60779824691486
 10
61.81776545167321
 20
24.693127991643472
 10
61.74195938448861
 20
24.830802321903906
 10
61.596159042788926
 20
25.004634409679596
 10
61.58248715199924
 20
25.022700096331334
 10
61.57069063843882
 20
25.042042585824234
 10
61.56088779747259
 20
25.06246791179359
 10
61.55317693192894
 20
25.083771249197177
 10
61.54763536631973
 20
25.1057389682996
 10
61.54431867143056
 20
25.12815077694987
 10
61.54326010705726
 20
25.150781929669765
 10
61.54447028847672
 20
25.173405481400117
 10
61.54793707999721
 20
25.19579456330441
 10
61.55362571665486
 20
25.217724657808102
 10
61.56147915283654
 20
25.238975850059468
 10
61.57141863433285
 20
25.259335033234343
 10
61.58334448808502
 20
25.27859804557005
 10
61.597137121705536
 20
25.296571717698317
 10
61.61265822274995
 20
25.313075809746437
 10
61.62975214571319
 20
25.327944818781692
 10
61.64824747284177
 20
25.341029638473636
 10
61.667958733109884
 20
25.352199054331514
 10
61.68868826212177
 20
25.361341059522342
 10
61.710228184289015
 20
25.36836397807474
 10
61.73236249740559
 20
25.373197384205007
 10
61.75486923871688
 20
25.375792808546425
 10
61.77752271076042
 20
25.376124224199778
 10
62.012283225488396
 20
25.367795625085826
 10
62.035428876388316
 20
25.3657808114731
 10
62.29308328086928
 20
25.32994485131792
 10
62.31766409568364
 20
25.32512602324725
 10
62.58063444680253
 20
25.258266669335168
 10
62.60971480818491
 20
25.248737622510056
 10
62.86042316282667
 20
25.14733884212537
 10
62.87881456809255
 20
25.138925353102664
 10
62.89638113378962
 20
25.12890306021132
 10
63.11724954883918
 20
24.989448820638376
 10
63.13959624843401
 20
24.973357350743523
 10
63.1598224498187
 20
24.95467015823893
 10
63.33327298216103
 20
24.773644426762026
 10
63.34886102415369
 20
24.755553979884333
 10
63.36245544545942
 20
24.735921276790734
 10
63.37390479283063
 20
24.714965042248885
 10
63.482359499350636
 20
24.48885178615236
 10
63.49019516311258
 20
24.470476232427337
 10
63.496379364820605
 20
24.451481121200345
 10
63.50086389061646
 20
24.432014543954246
 10
63.50361377781589
 20
24.412228267859906
 10
63.52949471539853
 20
24.137511454428058
 10
63.53049030034638
 20
24.117188920296122
 10
63.52965602000038
 20
24.096859125431507
 10
63.52699862213158
 20
24.0766864999331
 10
63.52253960012917
 20
24.056834202692865
 10
63.4471358212895
 20
23.77999734614639
 10
63.440114784329985
 20
23.75851557925678
 10
63.43098557901773
 20
23.7378414679324
 10
63.41983930202152
 20
23.718181310816803
 10
63.40678717755743
 20
23.699731288712204
 10
63.22835103273265
 20
23.47248767958382
 10
63.21138384371898
 20
23.4532359685018
 10
63.19234568963073
 20
23.43602949961584
 10
63.17148150010408
 20
23.421089637568024
 10
62.897879993062354
 20
23.24776790761001
 10
62.881148855625966
 20
23.238143688002335
 10
62.86365827095099
 20
23.229980599695793
 10
62.84553554481404
 20
23.22333805798814
 10
62.48463567932355
 20
23.108266838952794
 10
62.463878713166324
 20
23.102719382808914
 10
62.4426891181728
 20
23.09916593691349
 10
62.0023578980017
 20
23.046673860553103
 10
61.969208269258125
 20
23.045172872786644
 10
61.45731269817457
 20
23.05958857085351
 10
61.43038173659414
 20
23.061962958865216
 10
60.85478881836634
 20
23.147615063111637
 10
60.832119077100394
 20
23.152183375281844
 10
60.6015480723394
 20
23.211053551148204
 10
60.86328368794198
 20
23.068144702636094
 10
60.88689230339622
 20
23.053295646232144
 10
61.27938978853722
 20
22.771232764642424
 10
61.29482085700779
 20
22.759094419542702
 10
61.30914146342473
 20
22.745663949418596
 10
61.596760771847606
 20
22.451447323151786
 10
61.6092815548216
 20
22.437531493768304
 10
61.62060905579335
 20
22.422628204351316
 10
61.63066572598696
 20
22.406839483746758
 10
61.80753981154689
 20
22.102012287582976
 10
61.81900711050905
 20
22.079423404381565
 10
61.82787715791947
 20
22.055694121865844
 10
61.834038742753364
 20
22.031121953420453
 10
61.89430055930551
 20
21.717227362139862
 10
61.89734136943482
 20
21.695995972036595
 10
61.89835801843746
 20
21.674572039699946
 10
61.89734136943482
 20
21.653148107363297
 10
61.89430055930551
 20
21.631916717260026
 10
61.83403874275335
 20
21.31802212597944
 10
61.82787715791943
 20
21.29344995753405
 10
61.81900711050902
 20
21.26972067501834
 10
61.807539811546874
 20
21.247131791816933
 10
61.63066572598696
 20
20.94230459565315
 10
61.62060905579335
 20
20.926515875048594
 10
61.6092815548216
 20
20.911612585631595
 10
61.596760771847606
 20
20.897696756248113
 10
61.30914146342473
 20
20.603480129981286
 10
61.29482085700779
 20
20.590049659857183
 10
61.27938978853722
 20
20.57791131475747
 10
60.88689230339621
 20
20.29584843316775
 10
60.86328368794196
 20
20.2809993767638
 10
60.60154807233825
 20
20.138090528251066
 10
60.832119077100394
 20
20.196960704117725
 10
60.85478881836634
 20
20.201529016287925
 10
61.43038173659414
 20
20.287181120534342
 10
61.45731269817457
 20
20.28955550854605
 10
61.969208269258125
 20
20.303971206612907
 10
62.0023578980017
 20
20.302470218846448
 10
62.4426891181728
 20
20.24997814248606
 10
62.463878713166324
 20
20.24642469659064
 10
62.48463567932355
 20
20.240877240446768
 10
62.84553554481404
 20
20.12580602141141
 10
62.86365827095099
 20
20.119163479703758
 10
62.881148855625966
 20
20.11100039139722
 10
62.897879993062354
 20
20.10137617178954
 10
63.17148150010408
 20
19.928054441831527
 10
63.19234568963073
 20
19.91311457978371
 10
63.21138384371898
 20
19.895908110897757
 10
63.22835103273265
 20
19.87665639981573
 10
63.40678717755743
 20
19.649412790687354
 10
63.41983930202152
 20
19.63096276858275
 10
63.43098557901773
 20
19.611302611467153
 10
63.440114784329985
 20
19.59062850014279
 10
63.4471358212895
 20
19.56914673325317
 10
63.52253960012917
 20
19.292309876706717
 10
63.52699862213158
 20
19.272457579466487
 10
63.52965602000038
 20
19.25228495396806
 10
63.53049030034638
 20
19.231955159103464
 10
63.52949471539853
 20
19.21163262497151
 10
63.50361377781589
 20
18.936915811539656
 10
63.50086389061646
 20
18.917129535445312
 10
63.496379364820605
 20
18.897662958199223
 10
63.49019516311258
 20
18.87866784697223
 10
63.482359499350636
 20
18.860292293247202
 10
63.37390479283063
 20
18.634179037150666
  0
LWPOLYLINE
  5
62
330
17
100
AcDbEntity
  8
0
100
AcDbPolyline
 90
30
 70
1
 10
49.99699540784354
 20
24.970842771079
 10
50.003004592153026
 20
24.970842771079
 10
50.75906307056208
 20
24.960801122912773
 10
50.74273321706641
 20
24.96633536284214
 10
50.73339339878031
 20
24.96973112020582
 10
50.64413143850131
 20
25.00442288645563
 10
50.63415171791854
 20
25.008578610432746
 10
50.548573942031844
 20
25.046638532964575
 10
50.53806888465321
 20
25.05163793520946
 10
50.45608441439836
 20
25.093272950861873
 10
50.42760296531107
 20
25.1104816956237
 10
50.165958666801195
 20
25.29613544851867
 10
50.1499331266364
 20
25.308625281195905
 10
50.1350927339561
 20
25.32250247842641
 10
50.121557176929954
 20
25.337655120238026
 10
49.99999999989327
 20
25.486697960026724
 10
49.87844282310053
 20
25.33765512052445
 10
49.86490726607498
 20
25.322502478712252
 10
49.85006687339525
 20
25.308625281481117
 10
49.83404133323093
 20
25.29613544880319
 10
49.57239703472778
 20
25.110481695896727
 10
49.543915585641145
 20
25.09327295113372
 10
49.46193111538772
 20
25.05163793547776
 10
49.451426058009346
 20
25.04663853323246
 10
49.36584828212381
 20
25.00857861069689
 10
49.35586856154138
 20
25.004422886719432
 10
49.26660660126343
 20
24.969731120465685
 10
49.257266782977766
 20
24.966335363101706
 10
49.24093692868932
 20
24.96080112290287
 10
49.99699540784354
 20
24.970842771079
  0
LWPOLYLINE
  5
63
330
17
100
AcDbEntity
  8
0
100
AcDbPolyline
 90
30
 70
1
 10
50.42760296531107
 20
18.238662383775818
 10
50.45608441439835
 20
18.255871128537628
 10
50.53806888465319
 20
18.29750614419006
 10
50.54857394203182
 20
18.302505546434958
 10
50.63415171791853
 20
18.340565468966798
 10
50.64413143850131
 20
18.344721192943926
 10
50.73339339878031
 20
18.379412959193733
 10
50.742733217066366
 20
18.382808716557403
 10
50.759063070563116
 20
18.388342956487133
 10
50.00300459215301
 20
18.3783013083209
 10
49.99699540784352
 20
18.3783013083209
 10
49.24093692868856
 20
18.38834295649704
 10
49.257266782977474
 20
18.38280871629806
 10
49.26660660126329
 20
18.37941295893405
 10
49.355868561541236
 20
18.34472119268037
 10
49.36584828212374
 20
18.340565468702874
 10
49.45142605800928
 20
18.302505546167335
 10
49.461931115387706
 20
18.297506143922025
 10
49.54391558564113
 20
18.255871128266072
 10
49.572397034727814
 20
18.238662383503026
 10
49.83404133323098
 20
18.05300863059648
 10
49.8500668733953
 20
18.040518797918565
 10
49.864907266075015
 20
18.026641600687423
 10
49.87844282310054
 20
18.011488958875223
 10
49.99999999989332
 20
17.862446119372883
 10
50.121557176929954
 20
18.011488959161507
 10
50.1350927339561
 20
18.026641600973115
 10
50.1499331266364
 20
18.040518798203614
 10
50.165958666801195
 20
18.053008630880854
 10
50.42760296531107
 20
18.238662383775818
  0
LWPOLYLINE
  5
64
330
17
100
AcDbEntity
  8
0
100
AcDbPolyline
 90
135
 70
1
 10
51.3646619168393
 20
16.720828945664646
 10
51.35448618459995
 20
16.741120136300616
 10
51.29444675364649
 20
16.877521463895263
 10
51.28723568854254
 20
16.896078312310447
 10
51.281683911055026
 20
16.915197251866992
 10
51.27783441135215
 20
16.934730235127994
 10
51.27571699802045
 20
16.95452600851073
 10
51.26703586434297
 20
17.093143228396176
 10
51.2666657407695
 20
17.11300150991429
 10
51.26803871292895
 20
17.13281572914599
 10
51.27114419931576
 20
17.1524331777725
 10
51.27595826592582
 20
17.171702663987404
 10
51.316657295694924
 20
17.308724441423482
 10
51.32420493399551
 20
17.330134917896483
 10
51.333860263047804
 20
17.350681206310927
 10
51.34552606583638
 20
17.370156431393443
 10
51.43362712522274
 20
17.501771431639927
 10
51.44833843996117
 20
17.521363879300758
 10
51.465082125917384
 20
17.539250627671393
 10
51.48366181929561
 20
17.555221907540126
 10
51.64342161078154
 20
17.678159130935303
 10
51.66118016817713
 20
17.690519122199856
 10
51.680038198715714
 20
17.70112621553586
 10
51.69982322995911
 20
17.709883400216476
 10
51.92101319237388
 20
17.795385343759122
 10
51.93893147374033
 20
17.80146347294851
 10
51.957294973520774
 20
17.806023115191493
 10
52.22970700724004
 20
17.861683233749524
 10
52.25101592358458
 20
17.864988266415
 10
52.564441928983896
 20
17.898400014856268
 10
52.57871635476397
 20
17.899466303136148
 10
53.28772631208971
 20
17.92991629435231
 10
54.03443870819962
 20
17.96232686180344
 10
55.00784118450582
 20
18.037912513990086
 10
55.9014461632913
 20
18.122446919499886
 10
56.733035875674915
 20
18.224955505923113
 10
57.52423184217119
 20
18.354719568533994
 10
58.44660885514747
 20
18.550329885618734
 10
59.317133298692
 20
18.76872956009913
 10
60.12448860826933
 20
18.99030682225371
 10
60.85548245133632
 20
19.194814279206973
 10
60.86297185485761
 20
19.196772043846646
 10
61.0998562228066
 20
19.254383845795076
 10
61.11516970169513
 20
19.257551991413823
 10
61.31979856154015
 20
19.292560249299065
 10
61.35147714922992
 20
19.295707617975285
 10
61.672182457312964
 20
19.304887137762616
 10
61.694831226742764
 20
19.304400758471303
 10
61.717317813619665
 20
19.30165180737541
 10
61.73941676050723
 20
19.296667846304143
 10
61.955742374289244
 20
19.23635409845784
 10
61.97560394794974
 20
19.229813273186526
 10
61.99477678414134
 20
19.221466605835246
 10
62.013097094837505
 20
19.211385399583115
 10
62.03040837489194
 20
19.199655775276312
 10
62.046562739016984
 20
19.186377935722465
 10
62.174936883907925
 20
19.070518192655232
 10
62.18968920180294
 20
19.055921840587832
 10
62.20304195977227
 20
19.040035109282645
 10
62.21488280559545
 20
19.022991672213145
 10
62.22511210852029
 20
19.0049349355583
 10
62.23364379757181
 20
18.98601683156029
 10
62.240406085766956
 20
18.96639654014257
 10
62.284826198302646
 20
18.815354709240108
 10
62.28998539345558
 20
18.794047120857098
 10
62.29305804920685
 20
18.772340223244584
 10
62.294015313491236
 20
18.750437842953485
 10
62.29284819765087
 20
18.72854564210612
 10
62.289567660837974
 20
18.706869187240407
 10
62.25449521839191
 20
18.532662693343912
 10
62.24882596441968
 20
18.510408630127355
 10
62.24092992008683
 20
18.488843930868118
 10
62.231246553226086
 20
18.4689273432451
 10
62.454275648697816
 20
18.525631763204952
 10
62.671961309811955
 20
18.613674543333865
 10
62.85226237235653
 20
18.727514938148605
 10
62.981552324289034
 20
18.862451440245945
 10
63.05691153598816
 20
19.01956510807017
 10
63.07514454481219
 20
19.213101917446775
 10
63.022600182688215
 20
19.40601288641254
 10
62.896485560344104
 20
19.56662351815131
 10
62.68033627120621
 20
19.70355028119308
 10
62.36772053530657
 20
19.803226333359838
 10
61.96531583169565
 20
19.851197173177905
 10
61.48358680319603
 20
19.83763100730897
 10
60.93284006669286
 20
19.755676182302466
 10
60.31788911444913
 20
19.598664806369463
 10
60.22180117362726
 20
19.569160991659633
 10
60.118893945522714
 20
19.537614572343152
 10
60.01439414328651
 20
19.50564185947412
 10
59.90911498357925
 20
19.473502480993933
 10
59.80335544597164
 20
19.440306590388456
 10
59.69840852478432
 20
19.405738517271153
 10
59.59308829182311
 20
19.369811792283997
 10
59.486878284038106
 20
19.332745587821652
 10
59.4805763901257
 20
19.330649534943937
 10
58.70228927433343
 20
19.084412661485253
 10
58.690545426537014
 20
19.081043117256904
 10
57.8353806677451
 20
18.86048758173747
 10
57.8255974909931
 20
18.858194843881044
 10
56.90337227009083
 20
18.66356449416561
 10
56.89500311377613
 20
18.661962235787296
 10
55.91553461165281
 20
18.493500919740598
 10
55.90818617488925
 20
18.49236104895311
 10
54.881291572434144
 20
18.350312614439908
 10
54.87467280738641
 20
18.349496278144127
 10
53.81016928548883
 20
18.234104573029157
 10
53.80114304119692
 20
18.23330865217883
 10
51.598577962631396
 20
18.083470821602567
 10
51.43334604588411
 20
18.072383098066297
 10
51.27670581554884
 20
18.0531323668858
 10
51.12431736587455
 20
18.024143240463733
 10
50.97432421915724
 20
17.983531586270132
 10
50.892675208445645
 20
17.95586047364235
 10
50.813085374683205
 20
17.924927790782625
 10
50.73776462301998
 20
17.89142958469301
 10
50.67584361435855
 20
17.859983602828155
 10
50.45282080308591
 20
17.701734322680405
 10
50.31785706753973
 20
17.53625352669069
 10
50.24690942086122
 20
17.36564015643608
 10
50.22883964617745
 20
17.193885082186195
 10
50.257637683168525
 20
17.026943416504572
 10
50.328260907150685
 20
16.874665203247687
 10
50.433902660126726
 20
16.748396545272247
 10
50.57249192734713
 20
16.653806291611517
 10
50.75600205900892
 20
16.583980392350256
 10
50.977583003408355
 20
16.53420803986129
 10
51.48851183069562
 20
16.49493988783295
 10
51.56805046619985
 20
16.500199521150677
 10
51.5434010246719
 20
16.517812457275483
 10
51.52276136199581
 20
16.534471140398786
 10
51.50421317265078
 20
16.553430889099797
 10
51.39083731059195
 20
16.683804989663443
 10
51.37681975583879
 20
16.701659571786102
 10
51.3646619168393
 20
16.720828945664646
  0
LWPOLYLINE
  5
65
330
17
100
AcDbEntity
  8
0
100
AcDbPolyline
 90
135
 70
1
 10
37.76875344674773
 20
18.46892734348957
 10
37.75907007988755
 20
18.48884393111366
 10
37.75117403555557
 20
18.510408630373405
 10
37.745504781584295
 20
18.53266269359038
 10
37.71043233914607
 20
18.706869187488476
 10
37.70715180233415
 20
18.72854564235447
 10
37.705984686494766
 20
18.75043784320202
 10
37.70694195078019
 20
18.772340223493202
 10
37.710014606532475
 20
18.794047121105706
 10
37.715173801686475
 20
18.8153547094886
 10
37.759593914229484
 20
18.966396540389184
 10
37.766356202425584
 20
18.986016831806598
 10
37.774887891478
 20
19.004934935804204
 10
37.78511719440372
 20
19.022991672458556
 10
37.79695804022772
 20
19.040035109527498
 10
37.810310798197825
 20
19.05592184083206
 10
37.82506311609355
 20
19.070518192898756
 10
37.9534372609905
 20
19.186377935960166
 10
37.96959162511611
 20
19.199655775513172
 10
37.986902905171014
 20
19.211385399819093
 10
38.00522321586759
 20
19.221466606070315
 10
38.02439605205945
 20
19.22981327342066
 10
38.044257625720185
 20
19.236354098691034
 10
38.26058323950639
 20
19.296667846527754
 10
38.28268218639403
 20
19.30165180759797
 10
38.30516877327084
 20
19.30440075869282
 10
38.32781754270048
 20
19.304887137983144
 10
38.648522850785284
 20
19.29570761818177
 10
38.6802014384747
 20
19.292560249504227
 10
38.88483029831951
 20
19.257551991610054
 10
38.90014377720778
 20
19.254383845990677
 10
39.13702814515573
 20
19.196772044031977
 10
39.144517548677044
 20
19.194814279391966
 10
39.87551139174099
 20
18.99030682240614
 10
40.682866701311724
 20
18.768729560216585
 10
41.553391144852675
 20
18.55032988569779
 10
42.4757681578258
 20
18.35471956857258
 10
43.26696412432201
 20
18.22495550592679
 10
44.098553836706174
 20
18.122446919467087
 10
44.99215881549411
 20
18.037912513918013
 10
45.96556129180371
 20
17.962326861688624
 10
46.71227368790277
 20
17.929916294205274
 10
47.42128364524615
 20
17.89946630295725
 10
47.43555807102608
 20
17.898400014676767
 10
47.74898407642602
 20
17.864988266221676
 10
47.77029299277027
 20
17.861683233555294
 10
48.04270502648881
 20
17.80602311498526
 10
48.06106852626898
 20
17.801463472741517
 10
48.0789868076351
 20
17.795385343551395
 10
48.30017677004746
 20
17.709883399999004
 10
48.31996180129042
 20
17.70112621531758
 10
48.338819831828495
 20
17.690519121980813
 10
48.35657838922353
 20
17.67815913071555
 10
48.51633818070491
 20
17.555221907313367
 10
48.53491787408257
 20
17.539250627443803
 10
48.5516615600381
 20
17.521363879072396
 10
48.56637287477574
 20
17.50177143141086
 10
48.654473934156535
 20
17.370156431160556
 10
48.66613973694436
 20
17.350681206077432
 10
48.675795065995814
 20
17.330134917662466
 10
48.683342704295505
 20
17.308724441189018
 10
48.72404173405854
 20
17.171702663751198
 10
48.72885580066776
 20
17.152433177535947
 10
48.7319612870537
 20
17.132815728909158
 10
48.73333425921224
 20
17.11300150967726
 10
48.73296413563787
 20
17.093143228159033
 10
48.724283001953914
 20
16.954526008273998
 10
48.72216558862127
 20
16.934730234891276
 10
48.71831608891747
 20
16.915197251630357
 10
48.71276431142902
 20
16.896078312073996
 10
48.70555324632416
 20
16.877521463659065
 10
48.645513815364
 20
16.74112013606709
 10
48.635338083123656
 20
16.720828945431595
 10
48.62318024412324
 20
16.70165957155364
 10
48.60916268936922
 20
16.683804989431643
 10
48.495786827303675
 20
16.553430888873002
 10
48.477238637957754
 20
16.534471140172947
 10
48.45659897528093
 20
16.517812457050685
 10
48.4319495337528
 20
16.500199520927517
 10
48.51148816925745
 20
16.49493988760628
 10
49.02241699655038
 20
16.534208039612214
 10
49.24399794095401
 20
16.583980392091537
 10
49.42750807262066
 20
16.653806291344925
 10
49.56609733984688
 20
16.748396544999867
 10
49.67173909282964
 20
16.874665202970824
 10
49.742362316819225
 20
17.026943416224555
 10
49.77116035381812
 20
17.193885081904547
 10
49.75309057914216
 20
17.365640156154818
 10
49.68214293247108
 20
17.53625352641236
 10
49.54717919693163
 20
17.70173432240797
 10
49.324156385664686
 20
17.859983602565617
 10
49.26223537700415
 20
17.891429584433194
 10
49.18691462534209
 20
17.924927790526
 10
49.107324791580105
 20
17.95586047338937
 10
49.025675780869555
 20
17.983531586020618
 10
48.87568263415291
 20
18.02414324022067
 10
48.72329418447865
 20
18.05313236664945
 10
48.56665395414267
 20
18.072383097837008
 10
48.40142203739529
 20
18.083470821380796
 10
46.19885695882166
 20
18.23330865205375
 10
46.18983071452986
 20
18.234104572904464
 10
45.125327192630344
 20
18.349496278066145
 10
45.118708427582696
 20
18.3503126143622
 10
44.09181382512713
 20
18.492361048920458
 10
44.084465388363675
 20
18.49350091970825
 10
43.10499688624145
 20
18.661962235797922
 10
43.09662772992688
 20
18.663564494176576
 10
42.174402509027296
 20
18.85819484393247
 10
42.164619332275436
 20
18.86048758178929
 10
41.30945457348785
 20
19.081043117346244
 10
41.29771072569162
 20
19.08441266157508
 10
40.51942360990536
 20
19.33064953506792
 10
40.51312171599286
 20
19.332745587945965
 10
40.40691170821083
 20
19.369811792412403
 10
40.30159147524807
 20
19.405738517405048
 10
40.19664455406228
 20
19.440306590526703
 10
40.09088501645671
 20
19.473502481136308
 10
39.985605856749096
 20
19.50564185962155
 10
39.88110605451376
 20
19.53761457249519
 10
39.778198826409984
 20
19.569160991816187
 10
39.682110885588365
 20
19.598664806530387
 10
39.06715993334796
 20
19.755676182490365
 10
38.51641319684448
 20
19.837631007521164
 10
38.03468416834178
 20
19.851197173411304
 10
37.63227946472553
 20
19.803226333610883
 10
37.319663728818526
 20
19.703550281457638
 10
37.10351443967241
 20
19.56662351842504
 10
36.977399817319856
 20
19.406012886691524
 10
36.92485545518674
 20
19.21310191772832
 10
36.94308846400202
 20
19.01956510835159
 10
37.018447675694325
 20
18.8624514405244
 10
37.14773762762144
 20
18.72751493842147
 10
37.32803869016228
 20
18.613674543598638
 10
37.5457243512742
 20
18.525631763459995
 10
37.76875344674773
 20
18.46892734348957
  0
LWPOLYLINE
  5
66
330
17
100
AcDbEntity
  8
0
100
AcDbPolyline
 90
65
 70
1
 10
59.59612014895765
 20
23.18028232494446
 10
58.93773504698962
 20
23.411860773050854
 10
58.19565233309818
 20
23.626619152928654
 10
57.376397706102736
 20
23.82246407940987
 10
56.48629766793298
 20
23.997534147904517
 10
55.531546198808954
 20
24.150094959930502
 10
54.51824921057091
 20
24.278485102547066
 10
53.452453516828655
 20
24.381087173640353
 10
52.34016581532228
 20
24.45631165254523
 10
51.18736533488517
 20
24.502587658805684
 10
49.99999999999829
 20
24.518357741779692
 10
48.81263466511141
 20
24.502587658805684
 10
47.6598341846743
 20
24.45631165254523
 10
46.547546483167935
 20
24.38108717364036
 10
45.48175078942568
 20
24.278485102547073
 10
44.46845380118765
 20
24.150094959930502
 10
43.51370233206362
 20
23.997534147904517
 10
42.62360229389387
 20
23.822464079409887
 10
41.804347666898416
 20
23.626619152928654
 10
41.06226495300698
 20
23.411860773050854
 10
40.403879851038944
 20
23.18028232494446
 10
39.83600706219581
 20
22.934421333462186
 10
39.36582088076756
 20
22.67769751840353
 10
39.00065759827032
 20
22.415277982963932
 10
38.74653731849234
 20
22.15532877513001
 10
38.60309504532655
 20
21.908118417535395
 10
38.55825856400927
 20
21.67457203969994
 10
38.60309504532652
 20
21.441025661864522
 10
38.74653731849234
 20
21.193815304269883
 10
39.00065759827029
 20
20.93386609643603
 10
39.36582088076762
 20
20.671446560996312
 10
39.8360070621958
 20
20.41472274593771
 10
40.403879851038916
 20
20.16886175445544
 10
41.06226495300697
 20
19.937283306349038
 10
41.8043476668984
 20
19.72252492647124
 10
42.62360229389383
 20
19.52667999999002
 10
43.51370233206359
 20
19.351609931495382
 10
44.468453801187636
 20
19.199049119469397
 10
45.48175078942565
 20
19.070658976852833
 10
46.54754648316792
 20
18.968056905759546
 10
47.65983418467429
 20
18.892832426854667
 10
48.81263466511138
 20
18.846556420594215
 10
49.999999999998266
 20
18.830786337620207
 10
51.18736533488516
 20
18.846556420594215
 10
52.34016581532225
 20
18.892832426854667
 10
53.45245351682863
 20
18.96805690575954
 10
54.518249210570886
 20
19.070658976852826
 10
55.53154619880893
 20
19.199049119469397
 10
56.48629766793296
 20
19.351609931495382
 10
57.37639770610272
 20
19.526679999990012
 10
58.19565233309815
 20
19.72252492647124
 10
58.937735046989765
 20
19.93728330634907
 10
59.59612014895751
 20
20.16886175445538
 10
60.16399293780077
 20
20.414722745937702
 10
60.63417911922893
 20
20.671446560996305
 10
60.999342401726295
 20
20.933866096436024
 10
61.25346268150423
 20
21.19381530426989
 10
61.396904954670035
 20
21.441025661864504
 10
61.44174143598731
 20
21.67457203969996
 10
61.39690495467007
 20
21.90811841753537
 10
61.25346268150423
 20
22.155328775130016
 10
60.999342401726295
 20
22.415277982963868
 10
60.63417911922897
 20
22.677697518403587
 10
60.16399293780079
 20
22.934421333462186
 10
59.59612014895765
 20
23.18028232494446
  0
LWPOLYLINE
  5
67
330
17
100
AcDbEntity
  8
0
100
AcDbPolyline
 90
135
 70
1
 10
38.51641319684448
 20
23.51151307187842
 10
39.067159933347924
 20
23.593467896909186
 10
39.68211088558861
 20
23.750479272869246
 10
39.77819882641
 20
23.77998308758337
 10
39.88110605451377
 20
23.811529506904375
 10
39.985605856749096
 20
23.843502219778
 10
40.09088501645655
 20
23.875641598263204
 10
40.1966445540622
 20
23.90883748887292
 10
40.30159147524789
 20
23.943405561994528
 10
40.40691170821005
 20
23.97933228698694
 10
40.51312171599291
 20
24.01639849145363
 10
40.51942360990536
 20
24.018494544331656
 10
41.29771072569162
 20
24.264731417824507
 10
41.30945457348785
 20
24.26810096205334
 10
42.164619332275436
 20
24.48865649761031
 10
42.17440250902728
 20
24.490949235467138
 10
43.096627729926865
 20
24.685579585223064
 10
43.10499688624145
 20
24.687181843601728
 10
44.084465388363675
 20
24.85564315969142
 10
44.09181382512713
 20
24.856783030479217
 10
45.118708427582696
 20
24.998831465037505
 10
45.125327192630344
 20
24.999647801333563
 10
46.18983071452986
 20
25.115039506495272
 10
46.19885695882166
 20
25.115835427345985
 10
48.40142203739529
 20
25.265673258018964
 10
48.56665395414277
 20
25.276760981562646
 10
48.72329418447874
 20
25.296011712750136
 10
48.87568263415291
 20
25.32500083917888
 10
49.02567578086948
 20
25.36561249337889
 10
49.1073247915799
 20
25.393283606010222
 10
49.186914625341764
 20
25.42421628887361
 10
49.262235377004224
 20
25.457714494966613
 10
49.324156385664686
 20
25.48916047683417
 10
49.54717919693165
 20
25.64740975699176
 10
49.682142932471145
 20
25.812890552987362
 10
49.753090579142146
 20
25.98350392324475
 10
49.77116035381812
 20
26.155258997495054
 10
49.74236231681925
 20
26.32220066317502
 10
49.67173909282959
 20
26.47447887642889
 10
49.56609733984686
 20
26.600747534399865
 10
49.42750807262065
 20
26.695337788054843
 10
49.243997940953996
 20
26.765163687308256
 10
49.02241699655032
 20
26.814936039787604
 10
48.51148816925746
 20
26.85420419179352
 10
48.43194953375275
 20
26.848944558472276
 10
48.456598975280954
 20
26.831331622349058
 10
48.47723863795777
 20
26.8146729392268
 10
48.495786827303675
 20
26.79571319052674
 10
48.60916268936922
 20
26.665339089968093
 10
48.62318024412324
 20
26.6474845078461
 10
48.635338083123656
 20
26.628315133968144
 10
48.645513815364
 20
26.60802394333265
 10
48.70555324632416
 20
26.47162261574064
 10
48.71276431142902
 20
26.453065767325725
 10
48.71831608891747
 20
26.433946827769347
 10
48.72216558862127
 20
26.414413844508438
 10
48.724283001953914
 20
26.394618071125716
 10
48.73296413563787
 20
26.25600085124064
 10
48.73333425921224
 20
26.236142569722414
 10
48.7319612870537
 20
26.21632835049052
 10
48.72885580066776
 20
26.19671090186375
 10
48.72404173405854
 20
26.1774414156485
 10
48.683342704295505
 20
26.040419638210622
 10
48.675795065995814
 20
26.01900916173719
 10
48.666139736944395
 20
25.99846287332224
 10
48.654473934156584
 20
25.978987648239134
 10
48.56637287477578
 20
25.847372647988735
 10
48.551661560038134
 20
25.82778020032718
 10
48.53491787408259
 20
25.809893451955748
 10
48.51633818070491
 20
25.793922172086162
 10
48.35657838922353
 20
25.670984948683987
 10
48.338819831828495
 20
25.65862495741873
 10
48.319961801290404
 20
25.648017864081954
 10
48.30017677004743
 20
25.639260679400532
 10
48.07898680763508
 20
25.553758735848156
 10
48.06106852626895
 20
25.547680606658034
 10
48.04270502648876
 20
25.543120964414292
 10
47.770292992770244
 20
25.487460845844296
 10
47.74898407642599
 20
25.48415581317793
 10
47.43555807102606
 20
25.45074406472288
 10
47.42128364524611
 20
25.44967777644239
 10
46.71227368792493
 20
25.419227785195407
 10
45.96556129180344
 20
25.38681721771113
 10
44.99215881549411
 20
25.311231565481766
 10
44.09855383670627
 20
25.22669715993269
 10
43.266964124321944
 20
25.12418857347295
 10
42.47576815782599
 20
24.994424510827198
 10
41.55339114485241
 20
24.798814193701915
 10
40.682866701311724
 20
24.5804145191832
 10
39.87551139174099
 20
24.358837256993645
 10
39.144517548677044
 20
24.15432980000782
 10
39.13702814515582
 20
24.152372035367833
 10
38.900143777207866
 20
24.094760233409033
 10
38.88483029831954
 20
24.091592087789653
 10
38.68020143847473
 20
24.056583829895438
 10
38.6485228507853
 20
24.053436461217878
 10
38.327817542700494
 20
24.044256941416457
 10
38.30516877327084
 20
24.04474332070678
 10
38.28268218639399
 20
24.047492271801637
 10
38.26058323950635
 20
24.052476232871854
 10
38.044257625720135
 20
24.11278998070863
 10
38.0243960520594
 20
24.119330805979015
 10
38.00522321586751
 20
24.127677473329367
 10
37.986902905170936
 20
24.13775867958061
 10
37.96959162511601
 20
24.14948830388654
 10
37.9534372609904
 20
24.16276614343957
 10
37.82506311609344
 20
24.27862588650111
 10
37.81031079819776
 20
24.293222238567807
 10
37.796958040227686
 20
24.30910896987235
 10
37.78511719440367
 20
24.326152406941276
 10
37.774887891477974
 20
24.34420914359563
 10
37.76635620242557
 20
24.363127247593212
 10
37.759593914229484
 20
24.3827475390106
 10
37.715173801686475
 20
24.53378936991118
 10
37.710014606532475
 20
24.55509695829407
 10
37.70694195078019
 20
24.576803855906576
 10
37.705984686494766
 20
24.598706236197767
 10
37.70715180233415
 20
24.620598437045317
 10
37.71043233914607
 20
24.64227489191131
 10
37.745504781584295
 20
24.81648138580937
 10
37.751174035555586
 20
24.83873544902635
 10
37.75907007988755
 20
24.86030014828611
 10
37.76875344674768
 20
24.8802167359101
 10
37.54572435127425
 20
24.823512315939716
 10
37.32803869016223
 20
24.73546953580106
 10
37.14773762762147
 20
24.621629140978275
 10
37.018447675694325
 20
24.486692638875276
 10
36.94308846400202
 20
24.32957897104807
 10
36.92485545518674
 20
24.136042161671238
 10
36.977399817319856
 20
23.943131192708076
 10
37.10351443967238
 20
23.782520560974618
 10
37.31966372881854
 20
23.645593797941995
 10
37.63227946472553
 20
23.54591774578875
 10
38.034684168341826
 20
23.497946905988304
 10
38.51641319684448
 20
23.51151307187842
  0
LWPOLYLINE
  5
68
330
17
100
AcDbEntity
  8
0
100
AcDbPolyline
 90
135
 70
1
 10
50.328260907150685
 20
26.474478876151856
 10
50.257637683168525
 20
26.32220066289497
 10
50.22883964617745
 20
26.15525899721333
 10
50.24690942086122
 20
25.983503922963457
 10
50.31785706753973
 20
25.812890552708822
 10
50.4528208030859
 20
25.64740975671913
 10
50.67584361435848
 20
25.48916047657142
 10
50.73776462302009
 20
25.457714494706483
 10
50.81308537468324
 20
25.424216288616925
 10
50.89267520844584
 20
25.393283605757123
 10
50.97432421915698
 20
25.36561249312952
 10
51.1243173658746
 20
25.32500083893594
 10
51.27670581554861
 20
25.296011712513945
 10
51.43334604588454
 20
25.27676098133333
 10
51.598577962631396
 20
25.265673257796962
 10
53.80114304119692
 20
25.115835427220713
 10
53.81016928548883
 20
25.115039506370387
 10
54.87467280738641
 20
24.999647801255417
 10
54.881291572434144
 20
24.998831464959636
 10
55.90818617488925
 20
24.856783030446433
 10
55.91553461165281
 20
24.855643159658946
 10
56.89500311377613
 20
24.687181843612247
 10
56.90337227009083
 20
24.685579585233935
 10
57.8255974909931
 20
24.490949235518492
 10
57.8353806677451
 20
24.488656497662067
 10
58.690545426537014
 20
24.268100962142633
 10
58.70228927433343
 20
24.264731417914284
 10
59.4805763901257
 20
24.018494544455596
 10
59.48687828403809
 20
24.016398491577885
 10
59.59308829182137
 20
23.979332287116144
 10
59.698408524784455
 20
23.94340556212839
 10
59.80335544597167
 20
23.9088374890112
 10
59.90911498357946
 20
23.875641598405775
 10
60.01439414328665
 20
23.84350221992547
 10
60.118893945522764
 20
23.8115295070564
 10
60.221801173627235
 20
23.779983087739918
 10
60.317889114449066
 20
23.750479273030113
 10
60.93284006669286
 20
23.5934678970971
 10
61.48358680319603
 20
23.511513072090587
 10
61.96531583169565
 20
23.497946906221646
 10
62.36772053530657
 20
23.545917746039716
 10
62.68033627120621
 20
23.64559379820647
 10
62.896485560344104
 20
23.78252056124824
 10
63.022600182688215
 20
23.94313119298702
 10
63.07514454481219
 20
24.13604216195279
 10
63.05691153598816
 20
24.329578971329386
 10
62.981552324289034
 20
24.486692639153606
 10
62.85226237235653
 20
24.621629141250928
 10
62.671961309811984
 20
24.735469536065654
 10
62.45427564869777
 20
24.82351231619461
 10
62.231246553226086
 20
24.880216736154452
 10
62.24092992008683
 20
24.8603001485314
 10
62.24882596441968
 20
24.83873544927217
 10
62.25449521839191
 20
24.816481386055624
 10
62.289567660837974
 20
24.642274892159126
 10
62.29284819765087
 20
24.62059843729341
 10
62.294015313491236
 20
24.598706236446052
 10
62.29305804920685
 20
24.576803856154953
 10
62.28998539345558
 20
24.555096958542435
 10
62.284826198302646
 20
24.53378937015942
 10
62.240406085766956
 20
24.382747539256957
 10
62.233643797571794
 20
24.36312724783923
 10
62.22511210852029
 20
24.344209143841226
 10
62.21488280559545
 20
24.32615240718638
 10
62.20304195977224
 20
24.309108970116874
 10
62.18968920180292
 20
24.293222238811687
 10
62.17493688390791
 20
24.278625886744287
 10
62.046562739016956
 20
24.162766143677075
 10
62.03040837489193
 20
24.14948830412323
 10
62.01309709483749
 20
24.13775867981643
 10
61.99477678414134
 20
24.127677473564304
 10
61.97560394794974
 20
24.119330806213025
 10
61.955742374289244
 20
24.11278998094171
 10
61.73941676050723
 20
24.05247623309541
 10
61.717317813619665
 20
24.047492272024144
 10
61.694831226742764
 20
24.044743320928248
 10
61.672182457312964
 20
24.044256941636934
 10
61.35147714922992
 20
24.053436461424266
 10
61.31979856154015
 20
24.056583830100486
 10
61.11516970169513
 20
24.091592087985745
 10
61.0998562228066
 20
24.094760233604482
 10
60.86297185485761
 20
24.15237203555292
 10
60.85548245133632
 20
24.154329800192592
 10
60.12448860826743
 20
24.358837257146362
 10
59.317133298692
 20
24.580414519300408
 10
58.44660885514747
 20
24.798814193780803
 10
57.52423184217119
 20
24.994424510865535
 10
56.733035875674915
 20
25.12418857347642
 10
55.9014461632913
 20
25.22669715989964
 10
55.00784118450581
 20
25.311231565409468
 10
54.03443870819962
 20
25.386817217596118
 10
53.28772631208971
 20
25.41922778504724
 10
52.57871635476397
 20
25.449677776263396
 10
52.56444192898388
 20
25.450744064543265
 10
52.25101592358456
 20
25.48415581298455
 10
52.22970700724005
 20
25.487460845650027
 10
51.957294973520796
 20
25.543120964208043
 10
51.93893147374035
 20
25.547680606451024
 10
51.92101319237388
 20
25.55375873564042
 10
51.69982322995911
 20
25.639260679183067
 10
51.680038198715714
 20
25.648017863863682
 10
51.66118016817713
 20
25.658624957199688
 10
51.64342161078155
 20
25.67098494846424
 10
51.48366181929563
 20
25.79392217185941
 10
51.465082125917384
 20
25.809893451728144
 10
51.44833843996115
 20
25.82778020009878
 10
51.43362712522272
 20
25.847372647759617
 10
51.34552606583637
 20
25.978987648006125
 10
51.33386026304777
 20
25.99846287308864
 10
51.32420493399551
 20
26.019009161503075
 10
51.316657295694924
 20
26.04041963797607
 10
51.27595826592582
 20
26.177441415412147
 10
51.27114419931576
 20
26.19671090162705
 10
51.26803871292895
 20
26.216328350253562
 10
51.2666657407695
 20
26.23614256948526
 10
51.26703586434297
 20
26.256000851003375
 10
51.27571699802045
 20
26.39461807088884
 10
51.27783441135215
 20
26.414413844271568
 10
51.281683911055026
 20
26.433946827532576
 10
51.28723568854254
 20
26.453065767089115
 10
51.29444675364649
 20
26.471622615504295
 10
51.35448618459995
 20
26.608023943098946
 10
51.3646619168393
 20
26.628315133734915
 10
51.37681975583879
 20
26.647484507613456
 10
51.39083731059195
 20
26.665339089736126
 10
51.50421317265078
 20
26.795713190299765
 10
51.52276136199581
 20
26.814672939000765
 10
51.5434010246719
 20
26.83133162212407
 10
51.56805046619985
 20
26.848944558248874
 10
51.48851183069562
 20
26.854204191566602
 10
50.977583003408355
 20
26.814936039538267
 10
50.75600205900892
 20
26.765163687049313
 10
50.57249192734713
 20
26.695337787788045
 10
50.433902660126726
 20
26.600747534127304
 10
50.328260907150685
 20
26.474478876151856
  0
LWPOLYLINE
  5
69
330
17
100
AcDbEntity
  8
0
100
AcDbPolyline
 90
242
 70
1
 10
69.60659161282587
 20
20.77839181745485
 10
69.60030353144508
 20
20.799453728544936
 10
69.59608897607238
 20
20.8210264332717
 10
69.59398772810012
 20
20.84290630583022
 10
69.59401962130968
 20
20.864886821043505
 10
69.59618435465954
 20
20.88676050376366
 10
69.60046149512672
 20
20.908320887239885
 10
69.60681067057516
 20
20.929364461968134
 10
69.61517195083022
 20
20.949692596627113
 10
69.62546641336255
 20
20.969113412969087
 10
69.63759688824166
 20
20.987443596967772
 10
69.65144887532746
 20
21.004510129128477
 10
69.6668916250429
 20
21.020151917627384
 10
69.6837793725253
 20
21.034221318865136
 10
69.70195271350809
 20
21.0465855310819
 10
69.72124010894538
 20
21.057127847879617
 10
69.74145950417733
 20
21.06574875981933
 10
69.76242004735286
 20
21.07236689369562
 10
69.78392389088957
 20
21.076919780622255
 10
70.02321566734352
 20
21.115548003292318
 10
70.20629904040413
 20
21.17712865701432
 10
70.34916579608716
 20
21.255532158922627
 10
70.45070072576648
 20
21.34079635350823
 10
70.51103942065426
 20
21.42104932998477
 10
70.53481967877902
 20
21.482931801811272
 10
70.53544049116337
 20
21.518830278655347
 10
70.525309502928
 20
21.54279156716181
 10
70.49541936445534
 20
21.57129109779574
 10
70.42796659484355
 20
21.601698951421614
 10
70.31442385381445
 20
21.621988268909448
 10
70.16568720267114
 20
21.622217058657025
 10
69.7560587435496
 20
21.54728529606389
 10
69.26927515448965
 20
21.370033912747736
 10
69.0047026184912
 20
21.239903258758304
 10
68.70129188258043
 20
21.073796972193673
 10
68.35408220869955
 20
20.8823707409556
 10
68.34898845420874
 20
20.87964662105125
 10
67.95064750270562
 20
20.673111262420022
 10
67.94165564325706
 20
20.668698829203706
 10
67.48109338034583
 20
20.455211368739135
 10
67.46955608008204
 20
20.450247665897646
 10
66.93538843901067
 20
20.237803020708082
 10
66.92239179075797
 20
20.233088703063054
 10
66.3032347047744
 20
20.029681790256795
 10
66.28964854707498
 20
20.02568497749601
 10
65.57411794942719
 20
19.83931071418141
 10
65.56017458625355
 20
19.836145764359404
 10
65.18699553386567
 20
19.763756730639432
 10
65.17137348119016
 20
19.76128948395619
 10
64.81959449077183
 20
19.71827260662213
 10
64.79361355239966
 20
19.716604647079798
 10
64.15573250355999
 20
19.712430907328482
 10
64.13568174058797
 20
19.713189503715395
 10
64.11577704634054
 20
19.715721639405928
 10
63.56792648364391
 20
19.810267162475505
 10
63.54506066590249
 20
19.815445967319324
 10
63.5228535680995
 20
19.822963310451165
 10
63.06798698372251
 20
20.003715187859797
 10
63.04357376228137
 20
20.015144363661147
 10
63.02069315848343
 20
20.029396009547632
 10
62.66176404460262
 20
20.28384133281349
 10
62.64599241437172
 20
20.2961030049619
 10
62.63136392468724
 20
20.309708158895813
 10
62.61799263337329
 20
20.324550715704273
 10
62.357954482165255
 20
20.64017657634551
 10
62.34532997938054
 20
20.657042367968447
 10
62.3343290229891
 20
20.675009336441274
 10
62.32504700271568
 20
20.693921689475047
 10
62.16685330635696
 20
21.058215179009842
 10
62.15942562447589
 20
21.077741479605802
 10
62.15383075199949
 20
21.097869675626875
 10
62.15011639494306
 20
21.118428139206323
 10
62.09672064561024
 20
21.51887634915282
 10
62.0949592136635
 20
21.538727578895397
 10
62.09495157149445
 20
21.55865680131858
 10
62.096697778402344
 20
21.5785093761196
 10
62.15339430655068
 20
22.006215716095735
 10
62.1568352506503
 20
22.025633316357855
 10
62.16195402432675
 20
22.044677513696836
 10
62.168711737684035
 20
22.06320361977494
 10
62.32754438491337
 20
22.44593855101683
 10
62.33942341840016
 20
22.470321585367422
 10
62.354134957194916
 20
22.493107862531826
 10
62.59817845489256
 20
22.825526956755112
 10
62.61340045645576
 20
22.844106815965688
 10
62.6305064340383
 20
22.86096819286143
 10
62.94283551359169
 20
23.137727021781785
 10
62.9595428308464
 20
23.15117346210881
 10
62.977448282196534
 20
23.162977530020566
 10
63.34113767499304
 20
23.378731665353637
 10
63.35872837133838
 20
23.388144326161633
 10
63.377079901182235
 20
23.395970700404515
 10
63.77520433860921
 20
23.54537571386595
 10
63.79392875266556
 20
23.55148670943246
 10
63.81311371987847
 20
23.555945967398298
 10
64.2287479333233
 20
23.633657430703757
 10
64.24926667973413
 20
23.63652871821421
 10
64.26996205584493
 20
23.637510886159696
 10
64.686180776695
 20
23.638184371024817
 10
64.71130905502032
 20
23.63682547592212
 10
64.73613097169694
 20
23.63268429010229
 10
65.1028869313813
 20
23.550301883377593
 10
65.12360652555014
 20
23.544601751846976
 10
65.14369184528572
 20
23.53696152847941
 10
65.16296168243372
 20
23.527450142761356
 10
65.44335950215748
 20
23.37207066678692
 10
65.46323479151941
 20
23.359670374148543
 10
65.48172126232463
 20
23.3452813233839
 10
65.49862070928684
 20
23.329057788716334
 10
65.69546295510153
 20
23.11945191844208
 10
65.71063215839813
 20
23.1015179242612
 10
65.72386017067666
 20
23.082107809189626
 10
65.73500440655064
 20
23.061430795799932
 10
65.85109364450786
 20
22.816369206175793
 10
65.85968360777028
 20
22.795636000043302
 10
65.86617720160177
 20
22.774153762158612
 10
65.87051053078174
 20
22.75213387197722
 10
65.90864932693295
 20
22.490387237953126
 10
65.9107388969448
 20
22.46890835403486
 10
65.91077251544358
 20
22.447328093911185
 10
65.90874987655404
 20
22.42584280384725
 10
65.87174079695082
 20
22.16618180037313
 10
65.86765223554924
 20
22.14487089071958
 10
65.86154084148009
 20
22.124049697979313
 10
65.85346283515042
 20
22.10390976207242
 10
65.74410844584435
 20
21.8651050640982
 10
65.733586091019
 20
21.84488468416051
 10
65.72108248571116
 20
21.82582573428911
 10
65.70672455351233
 20
21.80812168111286
 10
65.5278274205549
 20
21.608943963588484
 10
65.51249448170459
 20
21.59344486333394
 10
65.49574089919498
 20
21.57949356964547
 10
65.47772225037538
 20
21.567219637219203
 10
65.45860586027133
 20
21.55673704441598
 10
65.43856924776867
 20
21.548143134833865
 10
65.41779847713511
 20
21.54151771335471
 10
65.3964864301878
 20
21.536922305058965
 10
65.37483101515151
 20
21.534399583890615
 10
65.35303332884038
 20
21.533972976377825
 10
65.33129578923014
 20
21.535646444089153
 10
65.30982025576131
 20
21.53940444684565
 10
65.28880615482944
 20
21.545212087030198
 10
65.26844862786884
 20
21.553015433654306
 10
65.24893671922752
 20
21.562742023172778
 10
65.23045162066099
 20
21.574301532395687
 10
65.2131649887469
 20
21.587586617248824
 10
65.19723735084527
 20
21.602473909593744
 10
65.18281661440722
 20
21.618825162850655
 10
65.17003669347454
 20
21.636488535785716
 10
65.15901626512559
 20
21.65530000254123
 10
65.14985766741427
 20
21.67508487581478
 10
65.14264594903716
 20
21.695659429042912
 10
65.05934360684256
 20
21.975901082124395
 10
64.93183519002054
 20
22.178975013336835
 10
64.75114178329548
 20
22.319783345093732
 10
64.49368558176533
 20
22.394198038297105
 10
64.22235745388393
 20
22.379485103169547
 10
63.92911311671058
 20
22.26825374953002
 10
63.81518445357327
 20
22.18520009062688
 10
63.716055703557295
 20
22.073740509916554
 10
63.64270279429316
 20
21.936030120622725
 10
63.600654457552295
 20
21.76740268098583
 10
63.60339375121315
 20
21.58686634756638
 10
63.65506984163181
 20
21.43079002933901
 10
63.75551925131564
 20
21.290635010432236
 10
63.90987698615873
 20
21.166869462192953
 10
64.12120953203642
 20
21.06683144671574
 10
64.38833687750613
 20
21.00002905556513
 10
64.70742277793138
 20
20.97532555932443
 10
65.07475598364162
 20
21.000496688037284
 10
65.48220738352734
 20
21.077783300230358
 10
65.92041879237902
 20
21.201378170367725
 10
66.38438335833314
 20
21.365979356008538
 10
66.86842262452235
 20
21.565302149948785
 10
67.89072322397101
 20
22.048371054710014
 10
68.95374771493317
 20
22.600492605245517
 10
68.97265176218855
 20
22.60923101599036
 10
69.5058453848259
 20
22.826505923599573
 10
69.52856246285332
 20
22.834383405143267
 10
69.55198725490814
 20
22.83980553265588
 10
70.06412904418154
 20
22.929987328624897
 10
70.08894405965533
 20
22.932955342929308
 10
70.11393503354194
 20
22.93316824214092
 10
70.58814441718737
 20
22.91098669222905
 10
70.61417768013085
 20
22.90825299551002
 10
70.63972093349281
 20
22.902530576011078
 10
71.05911733924623
 20
22.782715445977665
 10
71.07697871061926
 20
22.77679900406856
 10
71.09428668845176
 20
22.7694188431259
 10
71.11092155969703
 20
22.76062600906384
 10
71.4586244152945
 20
22.557907064668214
 10
71.47632845324742
 20
22.54644741767249
 10
71.49288852240879
 20
22.533389064848453
 10
71.50816073099858
 20
22.518845471279626
 10
71.76728946417605
 20
22.247952478281103
 10
71.78304365710589
 20
22.229614371387676
 10
71.79675111100299
 20
22.209699892560337
 10
71.80825530271794
 20
22.188436441939814
 10
71.96192934121142
 20
21.86409916609774
 10
71.96973761976265
 20
21.845523754838794
 10
71.97586219087134
 20
21.8263272773987
 10
71.9802544732018
 20
21.80666200411551
 10
71.98287962628307
 20
21.786683923910616
 10
72.01421839782853
 20
21.42363213098432
 10
72.01504780697469
 20
21.402179739334155
 10
72.01384013169759
 20
21.38074531497826
 10
72.01060624631145
 20
21.359521860679944
 10
72.0053752698075
 20
21.338700479557204
 10
71.91151745890198
 20
21.02826043110604
 10
71.90412889040788
 20
21.00752317689232
 10
71.89475988102895
 20
20.987602174910162
 10
71.88349913630533
 20
20.9686860366947
 10
71.87045327267896
 20
20.950953859756773
 10
71.67346551314938
 20
20.708829894244346
 10
71.65741046458612
 20
20.691099628492054
 10
71.63957325675068
 20
20.675163476991433
 10
71.62015326469394
 20
20.661199565772428
 10
71.3498510174247
 20
20.4877499617724
 10
71.33362536931276
 20
20.478265689625722
 10
71.31666851667904
 20
20.470160862449095
 10
71.29909747569306
 20
20.463491410187277
 10
70.98529620156849
 20
20.359074446273382
 10
70.96188721273151
 20
20.352657379698694
 10
70.9379254766211
 20
20.348785080075743
 10
70.61044063652561
 20
20.313759034821654
 10
70.5858694358573
 20
20.312476579536316
 10
70.56130427569043
 20
20.313869956662973
 10
70.24995133050838
 20
20.348593108642383
 10
70.23020522339395
 20
20.351683548257792
 10
70.21080891284824
 20
20.356504616646014
 10
70.19191377016273
 20
20.36301868957193
 10
69.9265081807785
 20
20.467849317358557
 10
69.90743049839232
 20
20.476424214138536
 10
69.88922624927794
 20
20.48672431773982
 10
69.87205102616811
 20
20.49866159260232
 10
69.85605162665289
 20
20.512134010171856
 10
69.66640885395083
 20
20.687430392339387
 10
69.65101156089693
 20
20.70311692901356
 10
69.63720915830473
 20
20.720223587041968
 10
69.62513192772091
 20
20.738588895850793
 10
69.61489386671002
 20
20.75803950440052
 10
69.60659161282587
 20
20.77839181745485
  0
LWPOLYLINE
  5
6A
330
17
100
AcDbEntity
  8
0
100
AcDbPolyline
 90
164
 70
1
 10
65.19304218243133
 20
22.993467970790057
 10
64.97204169317871
 20
23.115933046460032
 10
64.66163053059407
 20
23.18565902629125
 10
64.291478285222
 20
23.185060081739852
 10
63.91569025122734
 20
23.114798690666266
 10
63.554792506766894
 20
22.979363818298744
 10
63.22681913076774
 20
22.78479775848913
 10
62.948648902058025
 20
22.53830752822209
 10
62.735018121540485
 20
22.247314523992014
 10
62.59804475028734
 20
21.917253325976173
 10
62.54921157012397
 20
21.548866381674625
 10
62.59446178345189
 20
21.209506654481295
 10
62.727414315709765
 20
20.903339322700344
 10
62.948046301343766
 20
20.635543385730287
 10
63.260268131872955
 20
20.41420891737051
 10
63.66807374800177
 20
20.252157816531728
 10
64.17289598347888
 20
20.16503792369926
 10
64.77761441349703
 20
20.168994676066035
 10
65.10859682719789
 20
20.20946846863952
 10
65.4669862872616
 20
20.27898862670689
 10
66.16873957730816
 20
20.461774314546073
 10
66.77459578259821
 20
20.660811591373477
 10
67.29649958777298
 20
20.868378767271768
 10
67.74681733842147
 20
21.077117521464032
 10
68.13814694191225
 20
21.28001757403208
 10
68.48312116101259
 20
21.470211337640567
 10
68.48370970681168
 20
21.470534681101995
 10
68.79176023575468
 20
21.639181084741576
 10
68.80055075834778
 20
21.64374637023528
 10
69.08053217613877
 20
21.78145592071655
 10
69.10297643143579
 20
21.79102882391473
 10
69.61916999255897
 20
21.97898919239111
 10
69.63730976663376
 20
21.984742612492383
 10
69.65586888776151
 20
21.988951207187945
 10
70.10462706110172
 20
22.071040818292055
 10
70.12507186687324
 20
22.073824208595173
 10
70.14568522991004
 20
22.074733388955806
 10
70.3349996529584
 20
22.07444218165263
 10
70.35480179078846
 20
22.07354333251963
 10
70.37444924373862
 20
22.070914609450373
 10
70.5351731479975
 20
22.042194338195372
 10
70.55333215387908
 20
22.038172843719984
 10
70.57109947868287
 20
22.03267338177012
 10
70.58835504766205
 20
22.02573311868955
 10
70.71657787585016
 20
21.96792999194649
 10
70.73918139781378
 20
21.956166228446396
 10
70.7603187151503
 20
21.941935306035656
 10
70.77972169477476
 20
21.925417748149034
 10
70.87153288961093
 20
21.837877974381662
 10
70.88743812926576
 20
21.821078418073938
 10
70.90154462377578
 20
21.80274242742023
 10
70.91370487444311
 20
21.783061725087205
 10
70.92379173265996
 20
21.762242094160428
 10
70.97085963460314
 20
21.65091953098565
 10
70.97890165318293
 20
21.628740285944072
 10
70.98459027545444
 20
21.605844160723766
 10
70.98786364334535
 20
21.5824801277649
 10
70.98868616225693
 20
21.55890224753592
 10
70.98654621841125
 20
21.435159992182882
 10
70.98534137685179
 20
21.41542996993995
 10
70.98241897029946
 20
21.39588041851716
 10
70.97780130692011
 20
21.376660569251232
 10
70.97152363560843
 20
21.35791713670028
 10
70.92206594865982
 20
21.229215257050974
 10
70.91365677675877
 20
21.210034681292193
 10
70.903510014805
 20
21.191713876715077
 10
70.89171261012592
 20
21.1744098337962
 10
70.79682728276035
 20
21.048208397732612
 10
70.78021920120173
 20
21.028553954724618
 10
70.76148674883409
 20
21.010912505484118
 10
70.62306388373743
 20
20.894671580888257
 10
70.6053575974518
 20
20.881228946812108
 10
70.5864174896651
 20
20.869588959614518
 10
70.43008283469688
 20
20.78379444177492
 10
70.58689392425336
 20
20.766306329396393
 10
70.8655648159452
 20
20.796111493081373
 10
71.12933860111814
 20
20.88388187541864
 10
71.34531712957383
 20
21.022472621931502
 10
71.49130548984941
 20
21.20191159211418
 10
71.5596707763702
 20
21.428033666080484
 10
71.53557511824151
 20
21.70717581026683
 10
71.41501671073969
 20
21.96162077606797
 10
71.20320272833295
 20
22.183050962329123
 10
70.90753451962321
 20
22.355432483493193
 10
70.54072224074066
 20
22.46022513380981
 10
70.1178722689465
 20
22.480004303261243
 10
69.65423763461116
 20
22.39836401365098
 10
69.15305855671348
 20
22.194134943342025
 10
68.09550924424039
 20
21.644857131650323
 10
68.08788711820485
 20
21.641078532054205
 10
67.05654281123348
 20
21.1537361935394
 10
67.04603057464657
 20
21.149091677740213
 10
66.55147543047957
 20
20.945438544660824
 10
66.54097392163149
 20
20.941416368845157
 10
66.06466804477692
 20
20.772436843659385
 10
66.05043748665392
 20
20.767911161571543
 10
65.59550932293678
 20
20.639601432110624
 10
65.57625754344362
 20
20.635069796435218
 10
65.14583553868884
 20
20.55342605053036
 10
65.11913973482626
 20
20.54999192591225
 10
64.72188593834088
 20
20.522770519604396
 10
64.68895583081822
 20
20.522916210560116
 10
64.33444217813607
 20
20.55036250848377
 10
64.31560229093077
 20
20.55261914669907
 10
64.29701775619577
 20
20.55644652630212
 10
63.98973752248234
 20
20.633290229178293
 10
63.96841250509924
 20
20.63975428080908
 10
63.947826810190215
 20
20.648284784603568
 10
63.69227327061091
 20
20.76925559315326
 10
63.66909049919276
 20
20.78193689000203
 10
63.647544467899664
 20
20.797234756386295
 10
63.44821089761994
 20
20.95706237133052
 10
63.43275055162077
 20
20.970659417486374
 10
63.418590322549726
 20
20.98560565029714
 10
63.4058474805002
 20
21.00177729025974
 10
63.26722715468556
 20
21.195191412319495
 10
63.25490892407148
 20
21.21434644576727
 10
63.24457883890764
 20
21.23464283589841
 10
63.236341571861644
 20
21.255874923489127
 10
63.16292776567745
 20
21.477605253385427
 10
63.15682671485221
 20
21.499738245970555
 10
63.153000181534495
 20
21.52237560060209
 10
63.151487570026305
 20
21.54528420571831
 10
63.14777355863803
 20
21.79006044417218
 10
63.1483230432132
 20
21.8096199784669
 10
63.150560554202364
 20
21.829058879148214
 10
63.15446935465325
 20
21.848231740023937
 10
63.2104023789145
 20
22.07254127051622
 10
63.21873862761899
 20
22.098961550127832
 10
63.23024156631187
 20
22.12416485583653
 10
63.329381744840305
 20
22.31028743388793
 10
63.34338741220991
 20
22.333192751889737
 10
63.36000782325609
 20
22.354277681291716
 10
63.49322018941884
 20
22.504060609811837
 10
63.5102409370791
 20
22.521252312021478
 10
63.52900005940616
 20
22.536528299887983
 10
63.68714964657034
 20
22.651818881786387
 10
63.70395103524788
 20
22.66295579679486
 10
63.72167700861982
 20
22.672553057102785
 10
63.74018685595319
 20
22.68053447859868
 10
64.09475782675415
 20
22.81502781416873
 10
64.116887144636
 20
22.822144533337266
 10
64.13962990490406
 20
22.8269529901615
 10
64.16274601791194
 20
22.829402422962342
 10
64.50744627312376
 20
22.848094006960594
 10
64.53273771554639
 20
22.848049716309905
 10
64.55786618297796
 20
22.84518281100664
 10
64.58251764906491
 20
22.839529118298167
 10
64.91865177270545
 20
22.742373495177695
 10
64.93901686959508
 20
22.735421938632463
 10
64.95862940493522
 20
22.726567009651557
 10
64.9773119500548
 20
22.71588881609735
 10
64.9948954896227
 20
22.703483960354966
 10
65.24134749961347
 20
22.511432147209735
 10
65.25633387397203
 20
22.498668026249383
 10
65.27015396351104
 20
22.4846494911819
 10
65.28270313971991
 20
22.469482672900412
 10
65.29388639586128
 20
22.45328239566879
 10
65.4221992066705
 20
22.248927361190397
 10
65.4284094271214
 20
22.262489046537816
 10
65.45619122035937
 20
22.457410087207396
 10
65.42764568242596
 20
22.653318170956446
 10
65.34129521563437
 20
22.835601929805264
 10
65.19304218243133
 20
22.993467970790057
  0
LWPOLYLINE
  5
6D
330
17
100
AcDbEntity
  8
0
100
AcDbPolyline
 90
245
 70
1
 10
7.579951165497135
 20
4.778402044139497
 10
7.491275140179153
 20
5.123357299837589
 10
7.370266288688197
 20
5.454042202697605
 10
7.218703119434146
 20
5.768715116337241
 10
7.0411849958422605
 20
6.060950097192395
 10
6.598055177655555
 20
6.598051765703703
 10
6.060954881705165
 20
7.041182896181096
 10
5.768720576216222
 20
7.218701577072352
 10
5.454048299684439
 20
7.370265250971222
 10
5.123363969076463
 20
7.491274525236777
 10
4.778409191665947
 20
7.579950876177941
 10
4.42086699959347
 20
7.634503147079039
 10
4.0490951136143964
 20
7.653269937373617
 10
3.890495914575249
 20
7.649779226151335
 10
3.7310880881274646
 20
7.639114758882313
 10
3.5739236868089352
 20
7.6213691245719986
 10
3.4136029576454345
 20
7.595720179324724
 10
3.3920067377732903
 20
7.593321830270581
 10
3.3702800435958467
 20
7.593006313120824
 10
3.3486232872866513
 20
7.59477653828035
 10
3.3272362358957337
 20
7.598616176772989
 10
3.3063161686511178
 20
7.604489810863769
 10
3.286056057208428
 20
7.612343260760561
 10
3.266642785634642
 20
7.622104084381229
 10
3.248255426545194
 20
7.633682245576669
 10
3.231063589295769
 20
7.646970944645482
 10
3.2152258554654254
 20
7.66184760347973
 10
3.2008883160624975
 20
7.678174996254479
 10
3.1881832239465737
 20
7.695802515231279
 10
3.17722777389682
 20
7.71456755999966
 10
3.168123021579537
 20
7.734297037341763
 10
3.160952951386722
 20
7.754808957885231
 10
3.1557837017442467
 20
7.775914114816318
 10
3.152662955035244
 20
7.797417829168256
 10
3.151619497766565
 20
7.819121745586272
 10
3.151619497766565
 20
37.51305202240751
 10
3.152662946493826
 20
37.534755850199886
 10
3.155783667736137
 20
37.55625947838248
 10
3.160952875457221
 20
37.577364554019006
 10
3.1681228880509225
 20
37.5978764004862
 10
3.1772275681640805
 20
37.61760581320236
 10
3.188182932758167
 20
37.636370804880954
 10
3.2008879277823663
 20
37.65399828421077
 10
3.215225360312432
 20
37.67032565247798
 10
3.2310629795571657
 20
37.68520230340306
 10
3.2482546967610095
 20
37.69849101235731
 10
3.2666419327503493
 20
37.710069202145
 10
3.2860550806933815
 20
37.719830073675226
 10
3.306315070580877
 20
37.72768359109393
 10
3.3272350209968775
 20
37.73355731228917
 10
3.3486219629430107
 20
37.73739705710884
 10
3.3702786198156742
 20
37.73916740712712
 10
3.3920052271172536
 20
37.738852032349754
 10
3.4136013751161105
 20
37.7364538418446
 10
3.5739211474436274
 20
37.71080621441404
 10
3.731084581309889
 20
37.69306317121583
 10
3.890493368420334
 20
37.68240112545109
 10
4.04909434757619
 20
37.67891148452702
 10
4.420867095406896
 20
37.69767823624415
 10
4.778409369417724
 20
37.75223028990848
 10
5.123364207973236
 20
37.8409062997254
 10
5.454048576227511
 20
37.961915124947424
 10
5.768720866826571
 20
38.11347825791617
 10
6.0609551578816765
 20
38.29099632812314
 10
6.598055393275368
 20
38.73412606910192
 10
7.041185134254209
 20
39.27122630449568
 10
7.2187032044611295
 20
39.563460595550715
 10
7.370266337429911
 20
39.87813288614978
 10
7.491275162651941
 20
40.20881725440412
 10
7.579951172468852
 20
40.553772092959576
 10
7.634503226133201
 20
40.91131436697041
 10
7.653063432142843
 20
41.278995406956035
 10
7.628307749169292
 20
41.70430229653675
 10
7.556060608203981
 20
42.11355321290502
 10
7.438956915701934
 20
42.50530376917131
 10
7.274581543306955
 20
42.88884288438299
 10
7.266805781212158
 20
42.90978617176375
 10
7.2611334381434185
 20
42.93139423244902
 10
7.25761982204227
 20
42.953456377955796
 10
7.256299192274094
 20
42.97575749226614
 10
7.25718442558365
 20
42.99808012930695
 10
7.260266890540953
 20
43.020206633148604
 10
7.26551653170163
 20
43.04192126025
 10
7.272882162661282
 20
43.06301228305673
 10
7.282291965146333
 20
43.08327405444179
 10
7.293654189275138
 20
43.102509012859095
 10
7.3068580481611844
 20
43.120529608659034
 10
7.321774798136175
 20
43.13716013278341
 10
7.3382589940594904
 20
43.152238430009206
 10
7.356149907475067
 20
43.16561748003619
 10
7.375273093787296
 20
43.17716683100218
 10
7.395442093175777
 20
43.18677387144842
 10
7.416460248663877
 20
43.19434492833278
 10
7.438122623614253
 20
43.19980618038494
 10
7.460217999954943
 20
43.20310437789739
 10
7.4825309376522
 20
43.20420736193465
 10
92.51747675673137
 20
43.20420736193465
 10
92.53978975225428
 20
43.20310437216646
 10
92.56188518472639
 20
43.199806157572915
 10
92.58354761244719
 20
43.19434487742322
 10
92.60456581573281
 20
43.18677378197545
 10
92.62473485641497
 20
43.17716669325955
 10
92.64385807609263
 20
43.165617285275005
 10
92.66174901365122
 20
43.15223817062163
 10
92.67823322335339
 20
43.13715980246956
 10
92.69314997577355
 20
43.12052920257449
 10
92.70635382499154
 20
43.10250852774079
 10
92.7177160267644
 20
43.08327348871023
 10
92.72712579384797
 20
43.063011636892924
 10
92.73449137622909
 20
43.04192053564569
 10
92.73974095573463
 20
43.020205833928905
 10
92.74282334629544
 20
42.998079261124595
 10
92.74370849303645
 20
42.975756562567284
 10
92.74238776532678
 20
42.953455395917274
 10
92.73887404093318
 20
42.9313932088879
 10
92.73320158045493
 20
42.90978511901958
 10
92.7254256932657
 20
42.88884181617466
 10
92.5610476862493
 20
42.5053019950376
 10
92.44393877863654
 20
42.11355062847155
 10
92.37168677827555
 20
41.70430036645533
 10
92.34692890160915
 20
41.27899476552141
 10
92.36548897465069
 20
40.9113138424983
 10
92.42003967371198
 20
40.55377016135053
 10
92.50871149012067
 20
40.208812998482664
 10
92.62971160744924
 20
39.87812566357727
 10
92.78125972334742
 20
39.56345012857043
 10
92.95875545430187
 20
39.27121185418105
 10
93.40180433534407
 20
38.73410806391745
 10
93.93876443608782
 20
38.29097853157803
 10
94.23090139501421
 20
38.1134629534402
 10
94.5454528952545
 20
37.961903122653474
 10
94.87599144109568
 20
37.840898279294855
 10
95.22077303128997
 20
37.752226252888
 10
95.57811249386504
 20
37.697677312117875
 10
95.94965747429512
 20
37.678911415754136
 10
96.10846588998218
 20
37.68240172889602
 10
96.2683339087295
 20
37.693067471156375
 10
96.42593186190035
 20
37.71081373707689
 10
96.58644075395843
 20
37.73646057749339
 10
96.60803498819617
 20
37.738854547682
 10
96.62975928243783
 20
37.73916613279217
 10
96.65141329195245
 20
37.73739245933881
 10
96.67279732018554
 20
37.73354988440706
 10
96.6937141603908
 20
37.72767384480482
 10
96.71397091430066
 20
37.719818530259
 10
96.73338077106338
 20
37.710056383669766
 10
96.75176473004093
 20
37.69847743303114
 10
96.7689532515799
 20
37.68518846117917
 10
96.78478782053207
 20
37.67031202102442
 10
96.79912240810496
 20
37.65398530535059
 10
96.81182481856142
 20
37.63635888160172
 10
96.82277790834888
 20
37.617595303326596
 10
96.83188066641485
 20
37.597867611085185
 10
96.8390491457461
 20
37.57735773664246
 10
96.84421723754082
 20
37.556254825166086
 10
96.84733728087397
 20
37.534753490901
 10
96.84838050223345
 20
37.51305202240751
 10
96.84838050223345
 20
7.819121745586272
 10
96.8473372723433
 20
7.79742018856885
 10
96.84421720357545
 20
7.77591876823279
 10
96.83904906991185
 20
7.754815775553569
 10
96.83188053305344
 20
7.734305827116432
 10
96.82277770287314
 20
7.714578070318142
 10
96.81182452773564
 20
7.695814439006717
 10
96.79912202030657
 20
7.67818797564623
 10
96.78478732599075
 20
7.661861235479994
 10
96.76895264259065
 20
7.646984787409202
 10
96.75176400114836
 20
7.6336958254123575
 10
96.7333799192142
 20
7.6221169033113325
 10
96.71396993896177
 20
7.61235480455218
 10
96.69371306363166
 20
7.604499557423958
 10
96.67279610672308
 20
7.598623604797512
 10
96.65141196915715
 20
7.594781136040776
 10
96.62975786030111
 20
7.5930075872722265
 10
96.60803347925855
 20
7.593319314560888
 10
96.58643917319924
 20
7.595713443087007
 10
96.42592932774235
 20
7.621361600550197
 10
96.26833041064052
 20
7.639110457355654
 10
96.10846334910336
 20
7.649778622374879
 10
95.94965670915225
 20
7.653270006168631
 10
95.57811258972681
 20
7.634504071213101
 10
95.220773209116
 20
7.57995491322966
 10
94.87599168006754
 20
7.491282545722015
 10
94.54545317185513
 20
7.370277253334269
 10
94.23090168565581
 20
7.218716881619145
 10
93.93876471226432
 20
7.041200692783712
 10
93.40180455094111
 20
6.5980697709144955
 10
92.95875559269176
 20
6.060964547507642
 10
92.78125980836069
 20
5.768725583311454
 10
92.62971165618384
 20
5.454049425263819
 10
92.5087115125908
 20
5.123361555755001
 10
92.42003968068319
 20
4.778403975746993
 10
92.36548897538862
 20
4.420860024004701
 10
92.34692890481055
 20
4.053179068605139
 10
92.37168676104892
 20
3.627878015689288
 10
92.4439387384846
 20
3.218630031783536
 10
92.56104765789499
 20
2.8268794168942795
 10
92.72542568345521
 20
2.443339669093294
 10
92.73320157332509
 20
2.4223963659169945
 10
92.73887403631932
 20
2.400788275423338
 10
92.7423877630335
 20
2.3787260875041696
 10
92.74370849284195
 20
2.3564249197325764
 10
92.74282334795608
 20
2.334102219857029
 10
92.7397409589895
 20
2.3119756455749205
 10
92.73449138080514
 20
2.2902609422592106
 10
92.72712579946504
 20
2.2691698393310635
 10
92.7177160331401
 20
2.248907985790167
 10
92.70635383184631
 20
2.2296729450321515
 10
92.69314998283546
 20
2.211652268504836
 10
92.67823323036295
 20
2.195021666986068
 10
92.66174902036553
 20
2.1799432973141304
 10
92.64385808228957
 20
2.1665641812758665
 10
92.62473486189691
 20
2.1550147720694586
 10
92.60456582032985
 20
2.1454076823191994
 10
92.58354761602
 20
2.137836586045056
 10
92.56188518716836
 20
2.13237530529325
 10
92.5397897534934
 20
2.1290770903336877
 10
92.51747675673137
 20
2.1279741004426778
 10
7.4825309376522
 20
2.1279741004426778
 10
7.460217998715805
 20
2.1290770846027325
 10
7.438122621172295
 20
2.132375282481219
 10
7.416460245091106
 20
2.1378365351354685
 10
7.3954420885787595
 20
2.1454075928462046
 10
7.37527308830541
 20
2.155014634326793
 10
7.356149901278182
 20
2.1665639865146247
 10
7.338258987345266
 20
2.179943037926484
 10
7.321774791126671
 20
2.195021336672142
 10
7.306858041099294
 20
2.2116518624202155
 10
7.293654182420402
 20
2.229672459913741
 10
7.282291958770666
 20
2.248907420058487
 10
7.272882157044215
 20
2.269169193167117
 10
7.265516527125541
 20
2.2902602176547373
 10
7.260266887286053
 20
2.3119748463550462
 10
7.257184423922983
 20
2.334101351674485
 10
7.256299192468492
 20
2.3564239900335355
 10
7.257619824335418
 20
2.3787251054654686
 10
7.26113344275715
 20
2.4007872518620132
 10
7.2668057883418085
 20
2.4223953131726623
 10
7.274581553117241
 20
2.4433386008848066
 10
7.438956944054914
 20
2.8268776427585722
 10
7.556060648351728
 20
3.2186274473419214
 10
7.6283077663932035
 20
3.6278760855957244
 10
7.65306342894167
 20
4.053178427164599
 10
7.634503225395269
 20
4.420859499532873
 10
7.579951165497135
 20
4.778402044139497
  0
LWPOLYLINE
  5
6E
330
17
100
AcDbEntity
  8
0
100
AcDbPolyline
 90
173
 70
1
 10
4.063719244926947
 20
8.105592884402483
 10
4.455096295333833
 20
8.085836438829007
 10
4.477814464217701
 20
8.0835358532393
 10
4.857873241747052
 20
8.025548097249056
 10
4.880077025858988
 20
8.021012175967543
 10
5.2468951819576235
 20
7.926715480655845
 10
5.26831534795206
 20
7.920061050181565
 10
5.619970534066847
 20
7.791377786643689
 10
5.640398722619827
 20
7.782744917663699
 10
5.9749685901976
 20
7.621597456994972
 10
5.9942510073065876
 20
7.611129096471911
 10
6.309813207794166
 20
7.419439809767628
 10
6.336335839587686
 20
7.4005908637827185
 10
6.9027478450796815
 20
6.933276296648645
 10
6.918744276701579
 20
6.918739996256151
 10
6.93328053377225
 20
6.902743525266907
 10
7.400593688265588
 20
6.336330107134192
 10
7.419442528388044
 20
6.309807480320535
 10
7.611131165127308
 20
5.9942446298679295
 10
7.621599447091358
 20
5.9749622537240885
 10
7.782746325421504
 20
5.640391803807718
 10
7.791379119971908
 20
5.619963683722887
 10
7.9200618913397385
 20
5.268308005438054
 10
7.926716259440792
 20
5.246887930375468
 10
8.021012575293158
 20
4.880069394817484
 10
8.025548452564049
 20
4.857865716114451
 10
8.083535964347787
 20
4.477806694378594
 10
8.085836527879254
 20
4.455088635088522
 10
8.105592887041214
 20
4.063711498270103
 10
8.105498293265104
 20
4.039158813067768
 10
8.079260926294483
 20
3.5884007859956735
 10
8.076198118395771
 20
3.5622157148499594
 10
7.999376912238734
 20
3.127056848156725
 10
7.993344570784017
 20
3.101592172129252
 10
7.868775867572798
 20
2.684869529295546
 10
7.859960180320296
 20
2.660543983033667
 10
7.8256377830672355
 20
2.5804591279823184
 10
92.17436799376709
 20
2.5804591279823184
 10
92.1400455673795
 20
2.6605429148251796
 10
92.13123017738674
 20
2.6848670033927053
 10
92.00665618428685
 20
3.1015896462264037
 10
92.00062355145114
 20
3.1270542216450377
 10
91.9237970554054
 20
3.562213088338272
 10
91.9207338537121
 20
3.588399585250102
 10
91.89449408224662
 20
4.039157612322205
 10
91.8943994146436
 20
4.063711420382686
 10
91.91415563855273
 20
4.455088557201105
 10
91.91645605965114
 20
4.4778057350679505
 10
91.97444190331656
 20
4.857864756803799
 10
91.97897719315817
 20
4.880066540236072
 10
92.07326841448707
 20
5.246885075794064
 10
92.07992148580938
 20
5.268302456199975
 10
92.20859384270885
 20
5.619958134484807
 10
92.21722446925712
 20
5.640383086320049
 10
92.37835371963435
 20
5.97495353623642
 10
92.38881893125372
 20
5.994232662747738
 10
92.5804808330158
 20
6.309795513200343
 10
92.59932357690244
 20
6.336313906179642
 10
93.06654836620982
 20
6.902727324312358
 10
93.08108033600259
 20
6.918722341827024
 10
93.09707210657463
 20
6.9332578846556965
 10
93.6633365963072
 20
7.40057245178977
 10
93.68985416409718
 20
7.419423176570618
 10
94.00531569139078
 20
7.611112463274909
 10
94.02459662456212
 20
7.621583553209923
 10
94.35904535068342
 20
7.782731013878651
 10
94.37947441068718
 20
7.791367542016328
 10
94.73098609354335
 20
7.9200508055542045
 10
94.75241007557617
 20
7.9267092649229545
 10
95.11906047307433
 20
8.021005960234653
 10
95.14127140850549
 20
8.025545499347638
 10
95.5211362785528
 20
8.083533255337889
 10
95.54386501447904
 20
8.085836112863626
 10
95.93502011498262
 20
8.105592558437102
 10
95.95140538305029
 20
8.105825929032477
 10
96.12345949337639
 20
8.102043297949628
 10
96.1335507186518
 20
8.10159589185994
 10
96.30359659487408
 20
8.090248479510358
 10
96.31385206706841
 20
8.089329290347019
 10
96.39589547469383
 20
8.080089527025331
 10
96.39589547469383
 20
37.252086795866305
 10
96.31384857024902
 20
37.242847931052786
 10
96.30359309920077
 20
37.24192890243095
 10
96.13354722297849
 20
37.23058413502573
 10
96.12345791362652
 20
37.23013692745481
 10
95.95140380330044
 20
37.22635549861939
 10
95.93502016477206
 20
37.22658890142549
 10
95.54386506426847
 20
37.246345260587425
 10
95.52113641905915
 20
37.24864809917915
 10
95.14127154901183
 20
37.306635610962886
 10
95.11906068577255
 20
37.31117511682211
 10
94.75241028827439
 20
37.40547143267448
 10
94.73098635585629
 20
37.41212985071701
 10
94.37947467300015
 20
37.540812622084836
 10
94.35904563870159
 20
37.54944910747567
 10
94.0245969125803
 20
37.710595985805796
 10
94.0053159823294
 20
37.72106703772867
 10
93.68985445503581
 20
37.91275567446795
 10
93.6633368552572
 20
37.93160636233618
 10
93.0970723655246
 20
38.39891951682952
 10
93.08108055260773
 20
38.413455056705295
 10
93.0665485424588
 20
38.429450077208
 10
92.59932375315142
 20
38.9958620827
 10
92.5804809403468
 20
39.022380512628935
 10
92.38881903858473
 20
39.337942713116526
 10
92.37835378643076
 20
39.3572218776468
 10
92.21722453605354
 20
39.69179174522457
 10
92.2085938778207
 20
39.71221673979739
 10
92.0799215209212
 20
40.06387192591218
 10
92.0732684285361
 20
40.08528934762251
 10
91.97897720720722
 20
40.45210750372116
 10
91.9744419065857
 20
40.47430932038104
 10
91.91645606292025
 20
40.854368097910374
 10
91.91415563867949
 20
40.87708529469231
 10
91.8943994147704
 20
41.268462345099216
 10
91.89449407471916
 20
41.293016026360775
 10
91.92073384618463
 20
41.743778501748345
 10
91.92379702005438
 20
41.76996492773603
 10
92.00062351610009
 20
42.205126078699394
 10
92.00665614837654
 20
42.23059073422637
 10
92.13123014147646
 20
42.64731421863326
 10
92.14004555756901
 20
42.67163840443678
 10
92.17436803485846
 20
42.751722334395005
 10
7.825637741976598
 20
42.751722334395005
 10
7.859960190130582
 20
42.67163733622845
 10
7.86877590348043
 20
42.647311692734256
 10
7.993344606691649
 20
42.23058820832736
 10
7.999376947585119
 20
42.20512345220023
 10
8.076198153742139
 20
41.76996230123688
 10
8.079260933820567
 20
41.74377730101452
 10
8.105498300791188
 20
41.293014825626926
 10
8.105592886914414
 20
41.26846226721178
 10
8.08583652775247
 20
40.87708521680488
 10
8.083535961078466
 20
40.85436713859915
 10
8.025548449294744
 20
40.474308361069816
 10
8.02101256124274
 20
40.45210464913735
 10
7.926716245390375
 20
40.085286493038694
 10
7.920061856223215
 20
40.06386637666909
 10
7.791379084855384
 20
39.71221119055429
 10
7.78274625861463
 20
39.69178302773029
 10
7.621599380284484
 20
39.35721316015252
 10
7.611131057778479
 20
39.33793074599162
 10
7.419442421039214
 20
39.022368545504044
 10
7.400593511990432
 20
38.99584588175412
 10
6.933280357497078
 20
38.429433876262124
 10
6.9187440600748955
 20
38.41343740230241
 10
6.902747586115195
 20
38.39890110488024
 10
6.336335580623183
 20
37.931587950386906
 10
6.309812916873279
 20
37.91273904133812
 10
5.994250716385683
 20
37.721050404598856
 10
5.974968302224787
 20
37.71058208209285
 10
5.640398434647014
 20
37.54943520376272
 10
5.6199702718230125
 20
37.54080237752197
 10
5.268315085708226
 20
37.412119606154135
 10
5.2468949693386095
 20
37.40546521698696
 10
4.880076813239959
 20
37.31116890113461
 10
4.857873101307489
 20
37.3066330130826
 10
4.477814323778154
 20
37.24864550129887
 10
4.455096245572427
 20
37.24634493462488
 10
4.063719195165524
 20
37.22658857546294
 10
4.047336471653143
 20
37.22635562045779
 10
3.875473999567116
 20
37.23013704929322
 10
3.86535224817506
 20
37.23058667227756
 10
3.695736055183579
 20
37.24193143968278
 10
3.6854540059888876
 20
37.242855210278684
 10
3.6041045253062056
 20
37.252039199928156
 10
3.6041045253062056
 20
8.080137130639498
 10
3.685450500478969
 20
8.089322009122927
 10
3.6957325507730157
 20
8.090245941083191
 10
3.8653487437644967
 20
8.101593353432774
 10
3.875472418058277
 20
8.102043176033792
 10
4.047334890144319
 20
8.105825807116634
 10
4.063719244926947
 20
8.105592884402483
  0
LWPOLYLINE
  5
6F
330
17
100
AcDbEntity
  8
0
100
AcDbPolyline
 90
159
 70
1
 10
44.50603773655648
 20
29.801787736414887
 10
44.50494831701432
 20
29.77961209219421
 10
44.50169055009352
 20
29.757650011549792
 10
44.496295809870446
 20
29.736113001323982
 10
44.48881605064249
 20
29.71520847469855
 10
44.479323306579886
 20
29.695137753692478
 10
44.46790899799719
 20
29.676094130320855
 10
44.45468305092577
 20
29.65826100508702
 10
44.43977283846598
 20
29.641810120735563
 10
44.42332195411452
 20
29.62689990827575
 10
44.4054888288807
 20
29.613673961204345
 10
44.38644520550905
 20
29.60225965262167
 10
44.36637448450299
 20
29.59276690855905
 10
44.345469957877555
 20
29.58528714933111
 10
44.32393294765175
 20
29.579892409108016
 10
44.30197086700735
 20
29.57663464218724
 10
44.27979522278665
 20
29.575545222645076
 10
42.90970251221463
 20
29.575545222645076
 10
42.88752686799395
 20
29.57663464218724
 10
42.865564787349534
 20
29.579892409108016
 10
42.84402777712372
 20
29.58528714933111
 10
42.82312325049829
 20
29.59276690855905
 10
42.803052529492234
 20
29.60225965262167
 10
42.78400890612058
 20
29.613673961204345
 10
42.76617578088676
 20
29.62689990827575
 10
42.749724896535305
 20
29.641810120735563
 10
42.73481468407551
 20
29.65826100508702
 10
42.72158873700408
 20
29.676094130320855
 10
42.71017442842141
 20
29.695137753692478
 10
42.700681684358806
 20
29.71520847469855
 10
42.69320192513085
 20
29.736113001323982
 10
42.68780718490776
 20
29.757650011549792
 10
42.68454941798698
 20
29.77961209219421
 10
42.68345999844482
 20
29.801787736414887
 10
42.68345999844482
 20
36.8600996718267
 10
42.68454941798698
 20
36.8822753160474
 10
42.68780718490776
 20
36.9042373966918
 10
42.69320192513085
 20
36.92577440691761
 10
42.700681684358806
 20
36.94667893354304
 10
42.71017442842141
 20
36.96674965454911
 10
42.72158873700408
 20
36.985793277920735
 10
42.73481468407551
 20
37.00362640315457
 10
42.749724896535305
 20
37.02007728750603
 10
42.76617578088676
 20
37.034987499965844
 10
42.78400890612058
 20
37.04821344703725
 10
42.803052529492234
 20
37.05962775561994
 10
42.82312325049829
 20
37.06912049968254
 10
42.84402777712372
 20
37.0766002589105
 10
42.865564787349534
 20
37.08199499913358
 10
42.88752686799395
 20
37.08525276605435
 10
42.90970251221463
 20
37.086342185596536
 10
44.797165571980536
 20
37.086342185596536
 10
44.79879205689425
 20
37.086336339022175
 10
45.10745994696361
 20
37.0841172307195
 10
45.11094764532737
 20
37.084065267176356
 10
45.404657653795994
 20
37.07742429283333
 10
45.408495439210526
 20
37.07730492773033
 10
45.687247566078405
 20
37.06626661319451
 10
45.691490417926346
 20
37.06605868928504
 10
45.9552846631935
 20
37.05064756040392
 10
45.967667039309205
 20
37.04958223203074
 10
46.21462308799819
 20
37.0214831849178
 10
46.23635518221182
 20
37.01793193130715
 10
46.46478123174188
 20
36.96908618122747
 10
46.48869282819391
 20
36.96258533144851
 10
46.69859464935267
 20
36.89296907390298
 10
46.72401141091413
 20
36.882794092566485
 10
46.9153947744893
 20
36.79238352305607
 10
46.930700870455006
 20
36.784425421257566
 10
46.94535609390049
 20
36.77532419146653
 10
47.1171841817101
 20
36.659310320279054
 10
47.13297978907422
 20
36.64761551421313
 10
47.14770082410708
 20
36.63459396175261
 10
47.29919842700953
 20
36.4883765093294
 10
47.31199588098698
 20
36.47497001315431
 10
47.32365304207095
 20
36.460561003352794
 10
47.45480284770325
 20
36.28413492025466
 10
47.47262678627163
 20
36.256061265750034
 10
47.58341148227083
 20
36.04942150253777
 10
47.590785286160745
 20
36.03435098928792
 10
47.597021978764914
 20
36.0187754630117
 10
47.685038993870855
 20
35.77291285835852
 10
47.69326625958177
 20
35.74400966797334
 10
47.75612841130128
 20
35.45030651231506
 10
47.759772310180466
 20
35.427785778260215
 10
47.797485369301214
 20
35.08623557946071
 10
47.7987342815646
 20
35.06870457403454
 10
47.81130401887426
 20
34.67930083995771
 10
47.811375960505096
 20
34.66744783463698
 10
47.80658620675177
 20
34.429532085483196
 10
47.806149392156264
 20
34.419315718804384
 10
47.791780130896306
 20
34.19968398898573
 10
47.79067926064847
 20
34.18773319054922
 10
47.766730491881866
 20
33.986381873323424
 10
47.76461274277711
 20
33.972346646063
 10
47.73108446650389
 20
33.789272134687785
 10
47.727900174145994
 20
33.77463699581779
 10
47.68564839053488
 20
33.60731445046951
 10
47.68147925213444
 20
33.59284967126823
 10
47.631459988340225
 20
33.43876819819345
 10
47.62558750473029
 20
33.42275951276631
 10
47.56781230232831
 20
33.281919111964996
 10
47.55975765700671
 20
33.264440758423156
 10
47.494238057572275
 20
33.136841429895334
 10
47.483570663693506
 20
33.118283527759885
 10
47.41021048743231
 20
33.00358431413498
 10
47.39675820525275
 20
32.984748977132284
 10
47.315630548808485
 20
32.88263585138206
 10
47.29900182256385
 20
32.86393110864222
 10
47.21009514436116
 20
32.77442715391728
 10
47.19037192441098
 20
32.75676914280112
 10
47.09367468287459
 20
32.67989744225209
 10
47.07505033283265
 20
32.66657219338732
 10
46.97085491453705
 20
32.5997267554892
 10
46.9549372070535
 20
32.590408213767134
 10
46.84355138734024
 20
32.5311600178163
 10
46.8276703759502
 20
32.52349115699227
 10
46.79479919525537
 20
32.509169712013204
 10
47.93628353780372
 20
29.892242379956095
 10
47.94421585297152
 20
29.87128034176009
 10
47.95003519182682
 20
29.849636313379524
 10
47.95368444423599
 20
29.827522706118238
 10
47.95512779697376
 20
29.80515653965802
 10
47.954351085189224
 20
29.782757312259385
 10
47.9513619314173
 20
29.76054484663804
 10
47.94618967077244
 20
29.738737132657125
 10
47.938885063058166
 20
29.71754818800685
 10
47.929519794617754
 20
29.697185957866438
 10
47.91818577481513
 20
29.67785027416079
 10
47.90499423404978
 20
29.659730894439395
 10
47.89007463215814
 20
29.64300563962378
 10
47.873573387913844
 20
29.627838648899136
 10
47.85565244209533
 20
29.614378768876577
 10
47.836487668223036
 20
29.602758092834456
 10
47.816267146562545
 20
29.593090664374404
 10
47.795189318332696
 20
29.585471358214164
 10
47.77346103823244
 20
29.5799749491012
 10
47.75129554439964
 20
29.57665537798432
 10
47.72891036572324
 20
29.575545222645076
 10
46.30138677641262
 20
29.575545222645076
 10
46.2788540449254
 20
29.57667009817078
 10
46.25654537847139
 20
29.580033539008028
 10
46.234682613985484
 20
29.585602099168145
 10
46.213483154362365
 20
29.593320404999794
 10
46.19315780660635
 20
29.60311170582348
 10
46.17390868557076
 20
29.6148786371388
 10
46.155927204131814
 20
29.628504188815114
 10
46.13939216978282
 20
29.643852868637854
 10
46.124468006576144
 20
29.660772049640578
 10
46.11130312009342
 20
29.679093487824296
 10
46.10002842170369
 20
29.698634995172597
 10
46.090756026783225
 20
29.719202251325566
 10
45.09077689851879
 20
32.26960627416668
 10
45.08962055067411
 20
32.26952831358657
 10
45.07935101926559
 20
32.26907001533229
 10
45.02248183052536
 20
32.267825689244276
 10
45.01753271655096
 20
32.2677715511876
 10
44.50603773655648
 20
32.2677715511876
 10
44.50603773655648
 20
29.801787736414887
  0
LWPOLYLINE
  5
70
330
17
100
AcDbEntity
  8
0
100
AcDbPolyline
 90
92
 70
1
 10
47.203718744528636
 20
33.586595539665815
 10
47.24877830773948
 20
33.72539893957578
 10
47.28735177284857
 20
33.87815486638731
 10
47.31825113210826
 20
34.0468746971408
 10
47.34065229353643
 20
34.2352143735939
 10
47.354295786221385
 20
34.44375285340527
 10
47.35886326973428
 20
34.67062803690699
 10
47.34676853534462
 20
35.04531643475993
 10
47.311274154821035
 20
35.36677306030922
 10
47.253954127793286
 20
35.6345824234947
 10
47.17667922641259
 20
35.85043851114901
 10
47.08171603879587
 20
36.027567404503905
 10
46.971597685625255
 20
36.175701438202566
 10
46.847651316614645
 20
36.29532790071175
 10
46.706486995650366
 20
36.39063839131537
 10
46.54313610852469
 20
36.46780626243635
 10
46.3580285805198
 20
36.529199218781656
 10
46.15251613358668
 20
36.57314521198958
 10
45.9226891981839
 20
36.59929528168815
 10
45.66722122672913
 20
36.61421998116028
 10
45.39250988806924
 20
36.62509828439247
 10
45.10246292766164
 20
36.6316564348361
 10
44.79635231901596
 20
36.63385715805689
 10
43.135945025984455
 20
36.63385715805689
 10
43.135945025984455
 20
30.028030250184717
 10
44.05355270901684
 20
30.028030250184717
 10
44.05355270901684
 20
32.49401406495743
 10
44.054642128559
 20
32.51618970917811
 10
44.057899895479785
 20
32.53815178982252
 10
44.063294635702874
 20
32.559688800048335
 10
44.07077439493083
 20
32.58059332667377
 10
44.080267138993435
 20
32.60066404767984
 10
44.09168144757613
 20
32.61970767105146
 10
44.10490739464753
 20
32.6375407962853
 10
44.11981760710733
 20
32.65399168063675
 10
44.136268491458786
 20
32.66890189309657
 10
44.15410161669261
 20
32.68212784016797
 10
44.17314524006426
 20
32.69354214875065
 10
44.193215961070315
 20
32.703034892813264
 10
44.214120487695745
 20
32.71051465204121
 10
44.23565749792156
 20
32.7159093922643
 10
44.25761957856597
 20
32.719167159185076
 10
44.27979522278665
 20
32.720256578727245
 10
45.015057863457365
 20
32.720256578727245
 10
45.06431281835863
 20
32.72133430159803
 10
45.109473512204055
 20
32.72437902028425
 10
45.15302629161479
 20
32.72940819938442
 10
45.200819055820006
 20
32.73734873929349
 10
45.22266900509168
 20
32.73989490933676
 10
45.24466294505911
 20
32.74030706194451
 10
45.266592947637896
 20
32.73858130067517
 10
45.288251689199974
 20
32.734733940669884
 10
45.30943441058666
 20
32.72880135441111
 10
45.32994085287718
 20
32.720839627861565
 10
45.349577150612625
 20
32.71092403023416
 10
45.368157664576934
 20
32.69914830240591
 10
45.385506736807855
 20
32.685623770702755
 10
45.40146035124637
 20
32.67047829443387
 10
45.415867684324915
 20
32.65385505712499
 10
45.42859253083544
 20
32.635911212878355
 10
45.43951459159718
 20
32.61681640065671
 10
45.44853061075075
 20
32.59675114053663
 10
46.45569153650372
 20
30.028030250184717
 10
47.383396236508894
 20
30.028030250184717
 10
46.285634531999065
 20
32.5447205818313
 10
46.27786557418851
 20
32.56517851842974
 10
46.27210944705438
 20
32.58629133150007
 10
46.26842000387628
 20
32.607861493399405
 10
46.26683176241425
 20
32.62968719761222
 10
46.26735958196677
 20
32.65156424681561
 10
46.26999852435005
 20
32.67328796331221
 10
46.274723900098614
 20
32.69465510395766
 10
46.281491499455605
 20
32.71546576166641
 10
46.29023800599103
 20
32.73552523570621
 10
46.300881588978996
 20
32.75464585328269
 10
46.31332266899097
 20
32.772648725371965
 10
46.32744484954289
 20
32.789365420373876
 10
46.343116006079455
 20
32.80463953992734
 10
46.360189522107554
 20
32.8183281821451
 10
46.37850566091343
 20
32.830303278577745
 10
46.39789306003041
 20
32.84045279239894
 10
46.41817033447499
 20
32.84868176660149
 10
46.536025595822764
 20
32.88999187214932
 10
46.638848319882534
 20
32.93479008000472
 10
46.73429425668553
 20
32.985559554799366
 10
46.821071100908355
 20
33.04123029585857
 10
46.89841475654962
 20
33.10271641729653
 10
46.96914480596535
 20
33.17392163234422
 10
47.03526767233289
 20
33.25714864597048
 10
47.096610939223666
 20
33.35305932710768
 10
47.15283693344777
 20
33.46255937244881
 10
47.203718744528636
 20
33.586595539665815
  0
LWPOLYLINE
  5
71
330
17
100
AcDbEntity
  8
0
100
AcDbPolyline
 90
105
 70
1
 10
48.675514570818684
 20
36.96674965454911
 10
48.68692887940138
 20
36.985793277920735
 10
48.70015482647278
 20
37.00362640315457
 10
48.71506503893258
 20
37.02007728750603
 10
48.731515923284036
 20
37.034987499965844
 10
48.74934904851787
 20
37.04821344703725
 10
48.76839267188951
 20
37.05962775561994
 10
48.788463392895565
 20
37.06912049968254
 10
48.809367919520994
 20
37.0766002589105
 10
48.83090492974681
 20
37.08199499913358
 10
48.85286701039122
 20
37.08525276605435
 10
48.8750426546119
 20
37.086342185596536
 10
53.17688015892661
 20
37.086342185596536
 10
53.1990558031473
 20
37.08525276605435
 10
53.22101788379172
 20
37.08199499913358
 10
53.242554894017516
 20
37.0766002589105
 10
53.263459420642945
 20
37.06912049968254
 10
53.283530141649
 20
37.05962775561994
 10
53.302573765020654
 20
37.04821344703725
 10
53.320406890254475
 20
37.034987499965844
 10
53.33685777460593
 20
37.02007728750603
 10
53.351767987065735
 20
37.00362640315457
 10
53.36499393413715
 20
36.985793277920735
 10
53.37640824271985
 20
36.96674965454911
 10
53.385900986782445
 20
36.94667893354304
 10
53.39338074601041
 20
36.92577440691761
 10
53.39877548623348
 20
36.9042373966918
 10
53.40203325315427
 20
36.8822753160474
 10
53.40312267269644
 20
36.8600996718267
 10
53.40312267269644
 20
35.83161450725648
 10
53.40203325315427
 20
35.80943886303579
 10
53.39877548623348
 20
35.78747678239139
 10
53.39338074601041
 20
35.76593977216556
 10
53.385900986782445
 20
35.74503524554012
 10
53.37640824271985
 20
35.72496452453407
 10
53.36499393413715
 20
35.705920901162436
 10
53.351767987065735
 20
35.688087775928615
 10
53.33685777460593
 20
35.67163689157716
 10
53.320406890254475
 20
35.65672667911734
 10
53.302573765020654
 20
35.64350073204592
 10
53.283530141649
 20
35.63208642346324
 10
53.263459420642945
 20
35.622593679400644
 10
53.242554894017516
 20
35.61511392017268
 10
53.22101788379172
 20
35.60971917994961
 10
53.1990558031473
 20
35.60646141302883
 10
53.17688015892661
 20
35.60537199348665
 10
51.9468528664824
 20
35.60537199348665
 10
51.9468528664824
 20
29.801787736414887
 10
51.94576344694024
 20
29.77961209219421
 10
51.942505680019444
 20
29.757650011549792
 10
51.93711093979637
 20
29.736113001323982
 10
51.929631180568414
 20
29.71520847469855
 10
51.92013843650581
 20
29.695137753692478
 10
51.908724127923115
 20
29.676094130320855
 10
51.89549818085171
 20
29.65826100508702
 10
51.880587968391914
 20
29.641810120735563
 10
51.86413708404046
 20
29.62689990827575
 10
51.84630395880664
 20
29.613673961204345
 10
51.827260335434985
 20
29.60225965262167
 10
51.80718961442893
 20
29.59276690855905
 10
51.78628508780349
 20
29.58528714933111
 10
51.764748077577686
 20
29.579892409108016
 10
51.74278599693327
 20
29.57663464218724
 10
51.72061035271259
 20
29.575545222645076
 10
50.33131246082602
 20
29.575545222645076
 10
50.30913681660534
 20
29.57663464218724
 10
50.287174735960924
 20
29.579892409108016
 10
50.26563772573511
 20
29.58528714933111
 10
50.24473319910968
 20
29.59276690855905
 10
50.224662478103625
 20
29.60225965262167
 10
50.20561885473197
 20
29.613673961204345
 10
50.18778572949815
 20
29.62689990827575
 10
50.171334845146696
 20
29.641810120735563
 10
50.1564246326869
 20
29.65826100508702
 10
50.143198685615474
 20
29.676094130320855
 10
50.1317843770328
 20
29.695137753692478
 10
50.122291632970196
 20
29.71520847469855
 10
50.11481187374224
 20
29.736113001323982
 10
50.109417133519145
 20
29.757650011549792
 10
50.10615936659837
 20
29.77961209219421
 10
50.10506994705621
 20
29.801787736414887
 10
50.10506994705621
 20
35.60537199348665
 10
48.8750426546119
 20
35.60537199348665
 10
48.85286701039122
 20
35.60646141302883
 10
48.83090492974681
 20
35.60971917994961
 10
48.809367919520994
 20
35.61511392017268
 10
48.788463392895565
 20
35.622593679400644
 10
48.76839267188951
 20
35.63208642346324
 10
48.74934904851787
 20
35.64350073204592
 10
48.731515923284036
 20
35.65672667911734
 10
48.71506503893258
 20
35.67163689157716
 10
48.70015482647278
 20
35.688087775928615
 10
48.68692887940138
 20
35.705920901162436
 10
48.675514570818684
 20
35.72496452453407
 10
48.66602182675608
 20
35.74503524554012
 10
48.658542067528124
 20
35.76593977216556
 10
48.65314732730505
 20
35.78747678239139
 10
48.64988956038425
 20
35.80943886303579
 10
48.64880014084209
 20
35.83161450725648
 10
48.64880014084209
 20
36.8600996718267
 10
48.64988956038425
 20
36.8822753160474
 10
48.65314732730505
 20
36.9042373966918
 10
48.658542067528124
 20
36.92577440691761
 10
48.66602182675608
 20
36.94667893354304
 10
48.675514570818684
 20
36.96674965454911
  0
LWPOLYLINE
  5
72
330
17
100
AcDbEntity
  8
0
100
AcDbPolyline
 90
41
 70
1
 10
50.43796244354841
 20
36.0311425910497
 10
50.457006066920066
 20
36.01972828246702
 10
50.47483919215389
 20
36.0065023353956
 10
50.491290076505344
 20
35.9915921229358
 10
50.50620028896514
 20
35.97514123858435
 10
50.51942623603656
 20
35.95730811335051
 10
50.53084054461925
 20
35.93826448997887
 10
50.54033328868186
 20
35.91819376897282
 10
50.54781304790981
 20
35.897289242347384
 10
50.55320778813289
 20
35.875752232121556
 10
50.55646555505366
 20
35.853790151477156
 10
50.55755497459583
 20
35.83161450725648
 10
50.55755497459583
 20
30.028030250184717
 10
51.494367838942765
 20
30.028030250184717
 10
51.494367838942765
 20
35.83161450725648
 10
51.495457258484926
 20
35.853790151477156
 10
51.49871502540572
 20
35.875752232121556
 10
51.5041097656288
 20
35.897289242347384
 10
51.51158952485675
 20
35.91819376897282
 10
51.52108226891936
 20
35.93826448997887
 10
51.53249657750205
 20
35.95730811335051
 10
51.54572252457347
 20
35.97514123858435
 10
51.560632737033266
 20
35.9915921229358
 10
51.57708362138472
 20
36.0065023353956
 10
51.594916746618544
 20
36.01972828246702
 10
51.613960369990195
 20
36.0311425910497
 10
51.63403109099624
 20
36.04063533511231
 10
51.65493561762167
 20
36.04811509434026
 10
51.67647262784748
 20
36.053509834563336
 10
51.698434708491895
 20
36.05676760148411
 10
51.72061035271259
 20
36.057857021026294
 10
52.950637645156796
 20
36.057857021026294
 10
52.950637645156796
 20
36.63385715805689
 10
49.10128516838173
 20
36.63385715805689
 10
49.10128516838173
 20
36.057857021026294
 10
50.33131246082602
 20
36.057857021026294
 10
50.353488105046694
 20
36.05676760148411
 10
50.375450185691115
 20
36.053509834563336
 10
50.39698719591692
 20
36.04811509434026
 10
50.41789172254236
 20
36.04063533511231
 10
50.43796244354841
 20
36.0311425910497
  0
LWPOLYLINE
  5
73
330
17
100
AcDbEntity
  8
0
100
AcDbPolyline
 90
131
 70
1
 10
55.94129039845911
 20
29.71520847469855
 10
55.931797654396505
 20
29.695137753692478
 10
55.92038334581382
 20
29.676094130320855
 10
55.90715739874239
 20
29.65826100508702
 10
55.892247186282596
 20
29.641810120735563
 10
55.87579630193114
 20
29.62689990827575
 10
55.85796317669732
 20
29.613673961204345
 10
55.83891955332567
 20
29.60225965262167
 10
55.818848832319624
 20
29.59276690855905
 10
55.797944305694195
 20
29.58528714933111
 10
55.77640729546838
 20
29.579892409108016
 10
55.75444521482397
 20
29.57663464218724
 10
55.73226957060327
 20
29.575545222645076
 10
54.467559136987795
 20
29.575545222645076
 10
54.445383492767114
 20
29.57663464218724
 10
54.4234214121227
 20
29.579892409108016
 10
54.401884401896886
 20
29.58528714933111
 10
54.38097987527146
 20
29.59276690855905
 10
54.3609091542654
 20
29.60225965262167
 10
54.34186553089375
 20
29.613673961204345
 10
54.32403240565993
 20
29.62689990827575
 10
54.30758152130847
 20
29.641810120735563
 10
54.29267130884867
 20
29.65826100508702
 10
54.27944536177726
 20
29.676094130320855
 10
54.268031053194576
 20
29.695137753692478
 10
54.25853830913197
 20
29.71520847469855
 10
54.251058549904016
 20
29.736113001323982
 10
54.24566380968094
 20
29.757650011549792
 10
54.242406042760145
 20
29.77961209219421
 10
54.24131662321798
 20
29.801787736414887
 10
54.24131662321798
 20
36.8600996718267
 10
54.242406042760145
 20
36.8822753160474
 10
54.24566380968094
 20
36.9042373966918
 10
54.251058549904016
 20
36.92577440691761
 10
54.25853830913197
 20
36.94667893354304
 10
54.268031053194576
 20
36.96674965454911
 10
54.27944536177726
 20
36.985793277920735
 10
54.29267130884867
 20
37.00362640315457
 10
54.30758152130847
 20
37.02007728750603
 10
54.32403240565993
 20
37.034987499965844
 10
54.34186553089375
 20
37.04821344703725
 10
54.3609091542654
 20
37.05962775561994
 10
54.38097987527146
 20
37.06912049968254
 10
54.401884401896886
 20
37.0766002589105
 10
54.4234214121227
 20
37.08199499913358
 10
54.445383492767114
 20
37.08525276605435
 10
54.467559136987795
 20
37.086342185596536
 10
56.01012914898055
 20
37.086342185596536
 10
56.03226313741647
 20
37.08525686490035
 10
56.05418476544905
 20
37.08201131571784
 10
56.075683710127045
 20
37.07663667686227
 10
56.09655370385542
 20
37.069184514298776
 10
56.116594513391114
 20
37.05972632640422
 10
56.13561386094345
 20
37.04835285798959
 10
56.15342926894723
 20
37.03517322966576
 10
56.1698698108096
 20
37.020313890906365
 10
56.18477775083321
 20
37.00391740685195
 10
56.19801005758185
 20
36.986141090495465
 10
56.20943977616858
 20
36.967155493372296
 10
56.21895724630076
 20
36.947142769235434
 10
57.86297062264364
 20
33.00293357205435
 10
57.86297062264364
 20
36.8600996718267
 10
57.864060042185805
 20
36.8822753160474
 10
57.867317809106595
 20
36.9042373966918
 10
57.87271254932967
 20
36.92577440691761
 10
57.88019230855763
 20
36.94667893354304
 10
57.88968505262023
 20
36.96674965454911
 10
57.901099361202924
 20
36.985793277920735
 10
57.91432530827433
 20
37.00362640315457
 10
57.929235520734125
 20
37.02007728750603
 10
57.94568640508558
 20
37.034987499965844
 10
57.96351953031942
 20
37.04821344703725
 10
57.98256315369105
 20
37.05962775561994
 10
58.00263387469711
 20
37.06912049968254
 10
58.02353840132255
 20
37.0766002589105
 10
58.04507541154835
 20
37.08199499913358
 10
58.067037492192775
 20
37.08525276605435
 10
58.08921313641345
 20
37.086342185596536
 10
59.35393126441242
 20
37.086342185596536
 10
59.37610690863311
 20
37.08525276605435
 10
59.39806898927753
 20
37.08199499913358
 10
59.41960599950334
 20
37.0766002589105
 10
59.440510526128776
 20
37.06912049968254
 10
59.460581247134826
 20
37.05962775561994
 10
59.47962487050646
 20
37.04821344703725
 10
59.497457995740305
 20
37.034987499965844
 10
59.51390888009176
 20
37.02007728750603
 10
59.52881909255156
 20
37.00362640315457
 10
59.54204503962296
 20
36.985793277920735
 10
59.55345934820566
 20
36.96674965454911
 10
59.562952092268254
 20
36.94667893354304
 10
59.57043185149622
 20
36.92577440691761
 10
59.57582659171929
 20
36.9042373966918
 10
59.57908435864008
 20
36.8822753160474
 10
59.58017377818225
 20
36.8600996718267
 10
59.58017377818225
 20
29.801787736414887
 10
59.57908435864008
 20
29.77961209219421
 10
59.57582659171929
 20
29.757650011549792
 10
59.57043185149622
 20
29.736113001323982
 10
59.562952092268254
 20
29.71520847469855
 10
59.55345934820566
 20
29.695137753692478
 10
59.54204503962296
 20
29.676094130320855
 10
59.52881909255156
 20
29.65826100508702
 10
59.51390888009176
 20
29.641810120735563
 10
59.497457995740305
 20
29.62689990827575
 10
59.47962487050646
 20
29.613673961204345
 10
59.460581247134826
 20
29.60225965262167
 10
59.440510526128776
 20
29.59276690855905
 10
59.41960599950334
 20
29.58528714933111
 10
59.39806898927753
 20
29.579892409108016
 10
59.37610690863311
 20
29.57663464218724
 10
59.35393126441242
 20
29.575545222645076
 10
57.897530653678196
 20
29.575545222645076
 10
57.87549769081288
 20
29.5766206349452
 10
57.853674189192326
 20
29.579836648200192
 10
57.83226761877151
 20
29.58516268866727
 10
57.811481485856554
 20
29.592548123162317
 10
57.791513398426936
 20
29.601922740415397
 10
57.77255318753143
 20
29.61319741854989
 10
57.75478110261712
 20
29.62626497233926
 10
57.7383660979482
 20
29.641001172187174
 10
57.72346422640462
 20
29.65726592514371
 10
57.710217155931005
 20
29.674904606730102
 10
57.69875082273884
 20
29.693749530910498
 10
57.689174234065916
 20
29.71362154423649
 10
55.9585120843731
 20
33.80356305309597
 10
55.9585120843731
 20
29.801787736414887
 10
55.957422664830936
 20
29.77961209219421
 10
55.95416489791014
 20
29.757650011549792
 10
55.948770157687065
 20
29.736113001323982
 10
55.94129039845911
 20
29.71520847469855
  0
LWPOLYLINE
  5
74
330
17
100
AcDbEntity
  8
0
100
AcDbPolyline
 90
69
 70
1
 10
58.28874122020669
 20
31.90337966321889
 10
58.277326911623994
 20
31.884336039847252
 10
58.26410096455257
 20
31.866502914613413
 10
58.24919075209279
 20
31.85005203026196
 10
58.23273986774134
 20
31.83514181780216
 10
58.214906742507495
 20
31.821915870730738
 10
58.19586311913584
 20
31.810501562148062
 10
58.1757923981298
 20
31.801008818085446
 10
58.15488787150437
 20
31.7935290588575
 10
58.13335086127856
 20
31.788134318634427
 10
58.111388780634144
 20
31.78487655171365
 10
58.08921313641345
 20
31.78378713217147
 10
58.03172070260655
 20
31.78378713217147
 10
58.00958671417063
 20
31.784872452867635
 10
57.987665086138044
 20
31.788118002050144
 10
57.96616614146006
 20
31.793492640905715
 10
57.94529614773168
 20
31.80094480346923
 10
57.92525533819599
 20
31.81040299136377
 10
57.90623599064365
 20
31.821776459778413
 10
57.888420582639874
 20
31.834956088102242
 10
57.871980040777494
 20
31.849815426861635
 10
57.85707210075388
 20
31.866211910916057
 10
57.84383979400525
 20
31.883988227272518
 10
57.83241007541852
 20
31.902973824395705
 10
57.82289260528634
 20
31.922986548532553
 10
55.85932173236872
 20
36.63385715805689
 10
54.69380165075762
 20
36.63385715805689
 10
54.69380165075762
 20
30.028030250184717
 10
55.50602705683346
 20
30.028030250184717
 10
55.50602705683346
 20
34.78291619712808
 10
55.50711647637563
 20
34.805091841348755
 10
55.51037424329642
 20
34.827053921993176
 10
55.51576898351949
 20
34.84859093221898
 10
55.523248742747455
 20
34.86949545884442
 10
55.53274148681005
 20
34.88956617985049
 10
55.54415579539275
 20
34.90860980322211
 10
55.55738174246415
 20
34.92644292845595
 10
55.57229195492395
 20
34.942893812807405
 10
55.588742839275405
 20
34.957804025267215
 10
55.606575964509226
 20
34.97102997233862
 10
55.62561958788088
 20
34.9824442809213
 10
55.645690308886934
 20
34.99193702498392
 10
55.66659483551237
 20
34.99941678421186
 10
55.68813184573818
 20
35.00481152443495
 10
55.7100939263826
 20
35.008069291355724
 10
55.73226957060327
 20
35.00915871089789
 10
55.78976200441016
 20
35.00915871089789
 10
55.81179496727546
 20
35.00808329859777
 10
55.83361846889601
 20
35.004867285342776
 10
55.85502503931685
 20
34.999541244875694
 10
55.8758111722318
 20
34.99215581038065
 10
55.895779259661424
 20
34.98278119312757
 10
55.914739470556924
 20
34.971506514993074
 10
55.93251155547123
 20
34.95843896120371
 10
55.94892656014016
 20
34.943702761355794
 10
55.96382843168373
 20
34.92743800839926
 10
55.977075502157334
 20
34.909799326812866
 10
55.988541835349515
 20
34.89095440263247
 10
55.99811842402244
 20
34.87108238930648
 10
58.04745996301775
 20
30.028030250184717
 10
59.127688750642605
 20
30.028030250184717
 10
59.127688750642605
 20
36.63385715805689
 10
58.31545565018328
 20
36.63385715805689
 10
58.31545565018328
 20
32.01002964594128
 10
58.31436623064111
 20
31.987854001720603
 10
58.311108463720316
 20
31.965891921076203
 10
58.30571372349724
 20
31.944354910850375
 10
58.298233964269286
 20
31.923450384224946
 10
58.28874122020669
 20
31.90337966321889
  0
LWPOLYLINE
  5
75
330
17
100
AcDbEntity
  8
0
100
AcDbPolyline
 90
141
 70
1
 10
60.57060063735972
 20
36.96674965454911
 10
60.58201494594241
 20
36.985793277920735
 10
60.595240893013816
 20
37.00362640315457
 10
60.61015110547361
 20
37.02007728750603
 10
60.62660198982507
 20
37.034987499965844
 10
60.64443511505889
 20
37.04821344703725
 10
60.66347873843054
 20
37.05962775561994
 10
60.6835494594366
 20
37.06912049968254
 10
60.704453986062035
 20
37.0766002589105
 10
60.72599099628784
 20
37.08199499913358
 10
60.74795307693226
 20
37.08525276605435
 10
60.770128721152936
 20
37.086342185596536
 10
64.66951918881931
 20
37.086342185596536
 10
64.69169483304
 20
37.08525276605435
 10
64.71365691368442
 20
37.08199499913358
 10
64.73519392391023
 20
37.0766002589105
 10
64.75609845053566
 20
37.06912049968254
 10
64.7761691715417
 20
37.05962775561994
 10
64.79521279491335
 20
37.04821344703725
 10
64.81304592014718
 20
37.034987499965844
 10
64.82949680449863
 20
37.02007728750603
 10
64.84440701695843
 20
37.00362640315457
 10
64.85763296402985
 20
36.985793277920735
 10
64.86904727261255
 20
36.96674965454911
 10
64.87854001667515
 20
36.94667893354304
 10
64.88601977590311
 20
36.92577440691761
 10
64.89141451612618
 20
36.9042373966918
 10
64.89467228304697
 20
36.8822753160474
 10
64.89576170258914
 20
36.8600996718267
 10
64.89576170258914
 20
35.83161450725648
 10
64.89467785819897
 20
35.80949554163714
 10
64.89143670962547
 20
35.78758850362063
 10
64.88606931116198
 20
35.766103290275964
 10
64.87862708925898
 20
35.745245757059436
 10
64.86918134979375
 20
35.72521574545965
 10
64.85782259487011
 20
35.70620516826389
 10
64.84465965569392
 20
35.68839617079139
 10
64.82981864983303
 20
35.67195938571131
 10
64.8134417728516
 20
35.65705229816655
 10
64.79568593589734
 20
35.64381773686721
 10
64.7767212622946
 20
35.63238250561144
 10
64.75672945754825
 20
35.62285616834492
 10
64.73590206837567
 20
35.61532999940007
 10
64.71443864744755
 20
35.60987610897274
 10
64.6925448414213
 20
35.60654675221561
 10
64.67043042058673
 20
35.605373828567714
 10
62.385546016672706
 20
35.596170977578446
 10
62.385546016672706
 20
34.11172428677192
 10
64.36297494860683
 20
34.11172428677192
 10
64.38515059282753
 20
34.110634867229734
 10
64.40711267347194
 20
34.10737710030896
 10
64.42864968369774
 20
34.101982360085884
 10
64.44955421032319
 20
34.09450260085794
 10
64.46962493132924
 20
34.085009856795324
 10
64.48866855470088
 20
34.073595548212644
 10
64.5065016799347
 20
34.060369601141225
 10
64.52295256428616
 20
34.04545938868143
 10
64.53786277674595
 20
34.02900850432997
 10
64.55108872381737
 20
34.01117537909614
 10
64.56250303240007
 20
33.9921317557245
 10
64.57199577646267
 20
33.97206103471844
 10
64.57947553569063
 20
33.95115650809301
 10
64.5848702759137
 20
33.92961949786718
 10
64.5881280428345
 20
33.90765741722278
 10
64.58921746237667
 20
33.885481773002105
 10
64.58921746237667
 20
32.856996608431864
 10
64.5881280428345
 20
32.83482096421119
 10
64.5848702759137
 20
32.81285888356679
 10
64.57947553569063
 20
32.79132187334096
 10
64.57199577646267
 20
32.770417346715526
 10
64.56250303240007
 20
32.75034662570947
 10
64.55108872381737
 20
32.73130300233783
 10
64.53786277674595
 20
32.713469877104
 10
64.52295256428616
 20
32.69701899275254
 10
64.5065016799347
 20
32.682108780292744
 10
64.48866855470088
 20
32.668882833221325
 10
64.46962493132924
 20
32.657468524638645
 10
64.44955421032319
 20
32.647975780576026
 10
64.42864968369774
 20
32.640496021348085
 10
64.40711267347194
 20
32.63510128112501
 10
64.38515059282753
 20
32.631843514204235
 10
64.36297494860683
 20
32.63075409466205
 10
62.385546016672706
 20
32.63075409466205
 10
62.385546016672706
 20
31.05651541475491
 10
64.66951918881931
 20
31.05651541475491
 10
64.69169483304
 20
31.055425995212726
 10
64.71365691368442
 20
31.05216822829195
 10
64.73519392391023
 20
31.046773488068876
 10
64.75609845053566
 20
31.03929372884093
 10
64.7761691715417
 20
31.029800984778316
 10
64.79521279491335
 20
31.018386676195636
 10
64.81304592014718
 20
31.005160729124217
 10
64.82949680449863
 20
30.990250516664418
 10
64.84440701695843
 20
30.973799632312964
 10
64.85763296402985
 20
30.955966507079125
 10
64.86904727261255
 20
30.93692288370749
 10
64.87854001667515
 20
30.91685216270143
 10
64.88601977590311
 20
30.895947636076
 10
64.89141451612618
 20
30.874410625850174
 10
64.89467228304697
 20
30.852448545205775
 10
64.89576170258914
 20
30.830272900985094
 10
64.89576170258914
 20
29.801787736414887
 10
64.89467228304697
 20
29.77961209219421
 10
64.89141451612618
 20
29.757650011549792
 10
64.88601977590311
 20
29.736113001323982
 10
64.87854001667515
 20
29.71520847469855
 10
64.86904727261255
 20
29.695137753692478
 10
64.85763296402985
 20
29.676094130320855
 10
64.84440701695843
 20
29.65826100508702
 10
64.82949680449863
 20
29.641810120735563
 10
64.81304592014718
 20
29.62689990827575
 10
64.79521279491335
 20
29.613673961204345
 10
64.7761691715417
 20
29.60225965262167
 10
64.75609845053566
 20
29.59276690855905
 10
64.73519392391023
 20
29.58528714933111
 10
64.71365691368442
 20
29.579892409108016
 10
64.69169483304
 20
29.57663464218724
 10
64.66951918881931
 20
29.575545222645076
 10
60.770128721152936
 20
29.575545222645076
 10
60.74795307693226
 20
29.57663464218724
 10
60.72599099628784
 20
29.579892409108016
 10
60.704453986062035
 20
29.58528714933111
 10
60.6835494594366
 20
29.59276690855905
 10
60.66347873843054
 20
29.60225965262167
 10
60.64443511505889
 20
29.613673961204345
 10
60.62660198982507
 20
29.62689990827575
 10
60.61015110547361
 20
29.641810120735563
 10
60.595240893013816
 20
29.65826100508702
 10
60.58201494594241
 20
29.676094130320855
 10
60.57060063735972
 20
29.695137753692478
 10
60.56110789329712
 20
29.71520847469855
 10
60.55362813406916
 20
29.736113001323982
 10
60.54823339384607
 20
29.757650011549792
 10
60.54497562692529
 20
29.77961209219421
 10
60.543886207383125
 20
29.801787736414887
 10
60.543886207383125
 20
36.8600996718267
 10
60.54497562692529
 20
36.8822753160474
 10
60.54823339384607
 20
36.9042373966918
 10
60.55362813406916
 20
36.92577440691761
 10
60.56110789329712
 20
36.94667893354304
 10
60.57060063735972
 20
36.96674965454911
  0
LWPOLYLINE
  5
76
330
17
100
AcDbEntity
  8
0
100
AcDbPolyline
 90
77
 70
1
 10
62.09362876781197
 20
30.6137723139013
 10
62.07272424118654
 20
30.62125207312924
 10
62.0526535201805
 20
30.63074481719186
 10
62.03360989680885
 20
30.642159125774537
 10
62.01577677157501
 20
30.65538507284596
 10
61.999325887223556
 20
30.670295285305773
 10
61.984415674763774
 20
30.686746169657226
 10
61.971189727692355
 20
30.704579294891047
 10
61.95977541910966
 20
30.723622918262688
 10
61.950282675047056
 20
30.74369363926874
 10
61.9428029158191
 20
30.764598165894174
 10
61.937408175596026
 20
30.786135176120002
 10
61.93415040867523
 20
30.808097256764402
 10
61.93306098913307
 20
30.830272900985094
 10
61.93306098913307
 20
32.856996608431864
 10
61.93415040867523
 20
32.87917225265256
 10
61.937408175596026
 20
32.90113433329696
 10
61.9428029158191
 20
32.92267134352277
 10
61.950282675047056
 20
32.943575870148216
 10
61.95977541910966
 20
32.96364659115427
 10
61.971189727692355
 20
32.98269021452591
 10
61.984415674763774
 20
33.00052333975973
 10
61.999325887223556
 20
33.01697422411119
 10
62.01577677157501
 20
33.031884436571005
 10
62.03360989680885
 20
33.04511038364241
 10
62.0526535201805
 20
33.056524692225096
 10
62.07272424118654
 20
33.0660174362877
 10
62.09362876781197
 20
33.07349719551566
 10
62.115165778037785
 20
33.07889193573873
 10
62.1371278586822
 20
33.082149702659514
 10
62.159303502902894
 20
33.08323912220169
 10
64.13673243483703
 20
33.08323912220169
 10
64.13673243483703
 20
33.65923925923228
 10
62.159303502902894
 20
33.65923925923228
 10
62.1371278586822
 20
33.660328678774455
 10
62.115165778037785
 20
33.66358644569524
 10
62.09362876781197
 20
33.66898118591831
 10
62.07272424118654
 20
33.67646094514627
 10
62.0526535201805
 20
33.68595368920887
 10
62.03360989680885
 20
33.697367997791545
 10
62.01577677157501
 20
33.710593944862964
 10
61.999325887223556
 20
33.72550415732278
 10
61.984415674763774
 20
33.74195504167424
 10
61.971189727692355
 20
33.75978816690806
 10
61.95977541910966
 20
33.778831790279696
 10
61.950282675047056
 20
33.79890251128575
 10
61.9428029158191
 20
33.81980703791118
 10
61.937408175596026
 20
33.84134404813701
 10
61.93415040867523
 20
33.86330612878141
 10
61.93306098913307
 20
33.885481773002105
 10
61.93306098913307
 20
35.821504087285625
 10
61.93414483352322
 20
35.84362305290497
 10
61.937385982096735
 20
35.86553009092145
 10
61.942753380560234
 20
35.88701530426612
 10
61.95019560246322
 20
35.90787283748265
 10
61.95964134192843
 20
35.927902849082436
 10
61.971000096852094
 20
35.94691342627819
 10
61.98416303602829
 20
35.964722423750715
 10
61.99900404188917
 20
35.981159208830775
 10
62.0153809188706
 20
35.99606629637554
 10
62.03313675582484
 20
36.00930085767487
 10
62.05210142942761
 20
36.02073608893065
 10
62.072093234173956
 20
36.03026242619717
 10
62.092920623346515
 20
36.03778859514202
 10
62.11438404427465
 20
36.043242485569344
 10
62.136277850300914
 20
36.0465718423265
 10
62.15839227113547
 20
36.047744765974386
 10
64.44327667504949
 20
36.05694761696366
 10
64.44327667504949
 20
36.63385715805689
 10
60.99637123492276
 20
36.63385715805689
 10
60.99637123492276
 20
30.028030250184717
 10
64.44327667504949
 20
30.028030250184717
 10
64.44327667504949
 20
30.604030387215268
 10
62.159303502902894
 20
30.604030387215268
 10
62.1371278586822
 20
30.605119806757447
 10
62.115165778037785
 20
30.608377573678226
 10
62.09362876781197
 20
30.6137723139013
  0
LWPOLYLINE
  5
77
330
17
100
AcDbEntity
  8
0
100
AcDbPolyline
 90
107
 70
1
 10
46.11097248323894
 20
33.36651699119649
 10
46.09665122817892
 20
33.35132402769937
 10
46.08099036664693
 20
33.33751599009821
 10
45.99748514568894
 20
33.270477711712644
 10
45.98239364767713
 20
33.25935809788143
 10
45.96643341230743
 20
33.249526007008186
 10
45.873578553551084
 20
33.19750295742568
 10
45.8462162474087
 20
33.18449796682956
 10
45.745011058916106
 20
33.144464449947925
 10
45.7178643075454
 20
33.13566168790485
 10
45.60829147695365
 20
33.1076299666479
 10
45.582660734015086
 20
33.10262857918896
 10
45.46470294896119
 20
33.08661091648042
 10
45.450343254903345
 20
33.085125801151634
 10
45.32549707298577
 20
33.07622844883566
 10
45.32036457686938
 20
33.07592124790271
 10
45.19013425007005
 20
33.06961065115291
 10
45.185453913663125
 20
33.0694323939304
 10
45.04983367119439
 20
33.06567248532392
 10
45.04556160944864
 20
33.06559441046557
 10
44.90454568052284
 20
33.06434912257961
 10
44.90254784893711
 20
33.06434030149467
 10
44.27019263212941
 20
33.06434030149467
 10
44.248016987908734
 20
33.06542972103685
 10
44.22605490726432
 20
33.068687487957625
 10
44.20451789703851
 20
33.0740822281807
 10
44.18361337041307
 20
33.08156198740865
 10
44.16354264940702
 20
33.09105473147126
 10
44.14449902603536
 20
33.10246904005394
 10
44.12666590080154
 20
33.11569498712536
 10
44.11021501645009
 20
33.13060519958516
 10
44.09530480399029
 20
33.14705608393661
 10
44.08207885691888
 20
33.164889209170454
 10
44.07066454833619
 20
33.18393283254209
 10
44.06117180427359
 20
33.20400355354815
 10
44.05369204504563
 20
33.22490808017358
 10
44.048297304822555
 20
33.246445090399405
 10
44.045039537901765
 20
33.268407171043805
 10
44.0439501183596
 20
33.2905828152645
 10
44.0439501183596
 20
35.851758403362794
 10
44.045039537901765
 20
35.87393404758349
 10
44.048297304822555
 20
35.89589612822789
 10
44.05369204504563
 20
35.91743313845372
 10
44.06117180427359
 20
35.938337665079146
 10
44.07066454833619
 20
35.9584083860852
 10
44.08207885691888
 20
35.97745200945684
 10
44.09530480399029
 20
35.995285134690675
 10
44.11021501645009
 20
36.01173601904213
 10
44.12666590080154
 20
36.02664623150193
 10
44.14449902603536
 20
36.039872178573354
 10
44.16354264940702
 20
36.05128648715603
 10
44.18361337041307
 20
36.060779231218646
 10
44.20451789703851
 20
36.06825899044659
 10
44.22605490726432
 20
36.07365373066966
 10
44.248016987908734
 20
36.07691149759044
 10
44.27019263212941
 20
36.07800091713262
 10
44.9121504395944
 20
36.07800091713262
 10
44.91419440414994
 20
36.077991683951176
 10
45.0549015959362
 20
36.076720427520776
 10
45.05923299035559
 20
36.07663981623971
 10
45.19393856298106
 20
36.0728423975135
 10
45.19862079508132
 20
36.0726618608166
 10
45.32734783169663
 20
36.0663628056421
 10
45.33242172746344
 20
36.066057352382344
 10
45.45519331121918
 20
36.05728118660713
 10
45.47031766792095
 20
36.05568759194371
 10
45.58614891772414
 20
36.03953034830878
 10
45.61177464786832
 20
36.034432517044536
 10
45.719849959063694
 20
36.00635859690285
 10
45.74676585810441
 20
35.99753485691997
 10
45.847085230691995
 20
35.95753271869621
 10
45.87400318019863
 20
35.944682422475225
 10
45.966566614178426
 20
35.89274052459409
 10
45.9825248476951
 20
35.88289452862878
 10
45.99761292410555
 20
35.87176084982285
 10
46.08111814506354
 20
35.80462302535024
 10
46.096720305788914
 20
35.790850799271546
 10
46.11099095025437
 20
35.77570318107583
 10
46.18432804336494
 20
35.6903094698579
 10
46.19570632634193
 20
35.67591898411279
 10
46.205881280037964
 20
35.66065393511947
 10
46.269061786876435
 20
35.55699279558089
 10
46.283343033197944
 20
35.529481218823214
 10
46.33637849533961
 20
35.40754110938865
 10
46.346268801492705
 20
35.38008070705474
 10
46.388137789522716
 20
35.23510685937109
 10
46.39369555344225
 20
35.210980389519015
 10
46.42363055260256
 20
35.038317581320136
 10
46.426050772141764
 20
35.01988797200889
 10
46.44402869928171
 20
34.81951816958336
 10
46.444855728054996
 20
34.80524707393903
 10
46.45085350002403
 20
34.57715224357544
 10
46.450853539298116
 20
34.56525971828221
 10
46.4448557673291
 20
34.337107540716254
 10
46.44402914290022
 20
34.322839896174365
 10
46.42605121576025
 20
34.12242068137952
 10
46.423631055305826
 20
34.10398902685394
 10
46.393696056145515
 20
33.93131287370859
 10
46.38813191669144
 20
33.90716317273158
 10
46.34626292866145
 20
33.76224018011415
 10
46.336400732787354
 20
33.734851255222424
 10
46.28336527064569
 20
33.6128289120638
 10
46.269081441700294
 20
33.585298443324305
 10
46.2059009348618
 20
33.48159835096906
 10
46.19570909784276
 20
33.466304861421435
 10
46.18430957634952
 20
33.45188906196073
 10
46.11097248323894
 20
33.36651699119649
  0
LWPOLYLINE
  5
78
330
17
100
AcDbEntity
  8
0
100
AcDbPolyline
 90
36
 70
1
 10
45.976207402912365
 20
34.97018720432951
 10
45.94997920785839
 20
35.12146944715696
 10
45.915607797588734
 20
35.24048248834944
 10
45.87460105804394
 20
35.33476593768171
 10
45.82907703651141
 20
35.409457835302995
 10
45.78132393329916
 20
35.46506154868333
 10
45.7287409581492
 20
35.50733802571512
 10
45.6656068396179
 20
35.54276568647243
 10
45.592352138699205
 20
35.57197584395354
 10
45.510676937352954
 20
35.593192003821976
 10
45.41534136358379
 20
35.60649031576355
 10
45.30269398586926
 20
35.61454276593746
 10
45.1788457941567
 20
35.62060308250631
 10
45.04864758370698
 20
35.62427343639624
 10
44.91112843646221
 20
35.62551588959298
 10
44.49643514589924
 20
35.62551588959298
 10
44.49643514589924
 20
33.51682532903431
 10
44.90154891367077
 20
33.51682532903431
 10
45.03942954676074
 20
33.51804292965152
 10
45.17057303616612
 20
33.52167872564717
 10
45.29589612382753
 20
33.52775153133773
 10
45.410974253202724
 20
33.535952748589146
 10
45.508815959881666
 20
33.549238819158326
 10
45.59186645658549
 20
33.570485403382534
 10
45.66565891935723
 20
33.5996753278134
 10
45.72887287138399
 20
33.63509170348443
 10
45.78138892998936
 20
33.67725177582614
 10
45.82907207302934
 20
33.73275995714625
 10
45.87457891310957
 20
33.80745172135099
 10
45.91560426349294
 20
33.90184157260388
 10
45.94998061120109
 20
34.020829955641794
 10
45.97620684645948
 20
34.17211258610557
 10
45.99271489194636
 20
34.35614545533029
 10
45.99836846511584
 20
34.571204486634144
 10
45.99271502408206
 20
34.78620443665356
 10
45.976207402912365
 20
34.97018720432951
  0
LWPOLYLINE
  5
79
330
17
100
AcDbEntity
  8
0
100
AcDbPolyline
 90
85
 70
1
 10
94.10160655527308
 20
2.9275469347982623
 10
94.09128308283512
 20
2.9446431252523637
 10
94.08250751007085
 20
2.9625831122612505
 10
93.87690444481579
 20
3.4346158693704933
 10
93.86880944976608
 20
3.4561233867178456
 10
93.86293801085105
 20
3.4783411375574023
 10
93.80860730744277
 20
3.73634002423815
 10
93.80429320861127
 20
3.7673174307907833
 10
93.78562489088574
 20
4.036662136843267
 10
93.78508687368708
 20
4.053555890917193
 10
93.7858115900978
 20
4.070442666078252
 10
93.81065194555703
 20
4.379303396635051
 10
93.81282463534313
 20
4.397279688634492
 10
93.81642793054239
 20
4.415024657461259
 10
93.88819056042118
 20
4.707810859006167
 10
93.8930691075642
 20
4.724811009627237
 10
93.89926070365243
 20
4.741378130114672
 10
94.01380795320246
 20
5.014780255927773
 10
94.02103534756499
 20
5.030346172062451
 10
94.02942187411988
 20
5.0453194531567025
 10
94.1826160885928
 20
5.296027956518071
 10
94.19541582641018
 20
5.314788962719953
 10
94.21003202668889
 20
5.33217215377661
 10
94.22631739895351
 20
5.348002355673751
 10
94.24410783213686
 20
5.362120044190278
 10
94.26322404836144
 20
5.374382952456883
 10
94.28347340955965
 20
5.38466750460877
 10
94.30465185872744
 20
5.39287006108515
 10
94.32654597624898
 20
5.398907963026637
 10
94.34893513057023
 20
5.402720365245637
 10
94.37159370154896
 20
5.404268849375874
 10
94.39429335407553
 20
5.4035378110222565
 10
94.41680533905293
 20
5.4005346170095985
 10
94.438902798549
 20
5.39528953114557
 10
94.46036305189055
 20
5.3878554092460496
 10
94.48096983966279
 20
5.378307166496186
 10
94.50051550300006
 20
5.36674102251446
 10
94.51880307620736
 20
5.353273531727779
 10
94.53564827162418
 20
5.33804040882834
 10
96.77833010865947
 20
3.095350877409985
 10
97.2321600973665
 20
2.641520888702937
 10
97.24739335233569
 20
2.6246754701124497
 10
97.26086093158506
 20
2.6063876464691904
 10
97.27242711649399
 20
2.58684171208124
 10
97.28197534961494
 20
2.5662346397828033
 10
97.28940940927322
 20
2.5447740959536738
 10
97.2946543792346
 20
2.52267634777542
 10
97.29765740366837
 20
2.500164083813417
 10
97.29838821979853
 20
2.477464169887829
 10
97.29683946287487
 20
2.454805362848702
 10
97.29302674039076
 20
2.4324160052941743
 10
97.28698847479957
 20
2.4105217244634325
 10
97.27878551631517
 20
2.3893431584933613
 10
97.26850052969787
 20
2.3690937329527015
 10
97.25623716120593
 20
2.3499775100602043
 10
97.24211899410734
 20
2.3321871322614696
 10
97.22628830327791
 20
2.315901880887659
 10
97.20890462143566
 20
2.3012858694600347
 10
97.19014313146072
 20
2.2884863898469474
 10
96.93943150225603
 20
2.135297825936969
 10
96.92445886175732
 20
2.126912049821977
 10
96.90889367084746
 20
2.119685291454959
 10
96.6354927472818
 20
2.0051429711193904
 10
96.61892616082227
 20
1.9989518073838834
 10
96.60192659043048
 20
1.9940736005601263
 10
96.30914447652682
 20
1.9223144571988695
 10
96.29140005751881
 20
1.9187113976181973
 10
96.27342433804846
 20
1.9165388521531652
 10
95.96456913782981
 20
1.891699819166106
 10
95.93206421075914
 20
1.8914284201345828
 10
95.68444259789399
 20
1.9071863973986778
 10
95.65595631745562
 20
1.9108255015449207
 10
95.41743523672179
 20
1.9568389971336264
 10
95.38996022310859
 20
1.9639521795122326
 10
95.1625479086099
 20
2.0383305391202327
 10
95.13653818081973
 20
2.0486584268471186
 10
94.92224286665994
 20
2.1495109961690564
 10
94.90285893350058
 20
2.1598103920636227
 10
94.88456431259772
 20
2.17193974763348
 10
94.4740261507586
 20
2.4737854846723843
 10
94.45868874513243
 20
2.486125175096624
 10
94.44448204267606
 20
2.499751384269528
 10
94.43151359601265
 20
2.51456095422433
 10
94.11339748385582
 20
2.911427759435472
 10
94.10160655527308
 20
2.9275469347982623
  0
LWPOLYLINE
  5
7A
330
17
100
AcDbEntity
  8
0
100
AcDbPolyline
 90
18
 70
1
 10
94.48531135755991
 20
3.170910675246502
 10
94.76599532710172
 20
2.8207424630462525
 10
95.13485288326737
 20
2.549542142948342
 10
95.31653215975574
 20
2.4640394715612293
 10
95.51710562990121
 20
2.398439129191068
 10
95.72753826065637
 20
2.3578442228742658
 10
95.9445387815276
 20
2.344034890019107
 10
96.21905955071404
 20
2.366112648258662
 10
96.47699654155512
 20
2.4293314605595517
 10
96.70775990482633
 20
2.526010618525804
 10
96.45837473608287
 20
2.775395787269254
 10
94.42013231494415
 20
4.813645201382532
 10
94.32344726411014
 20
4.58287668850939
 10
94.26022554086761
 20
4.324936751879834
 10
94.23819812431243
 20
4.0510516224711814
 10
94.25461140825466
 20
3.814242328576838
 10
94.30095799993397
 20
3.5941573986090316
 10
94.48531135755991
 20
3.170910675246502
  0
LWPOLYLINE
  5
7B
330
17
100
AcDbEntity
  8
0
100
AcDbPolyline
 90
92
 70
1
 10
95.29140943317815
 20
6.111809694456128
 10
95.5842552661955
 20
6.1835688378173925
 10
95.60197909969504
 20
6.187167647010798
 10
95.61993375784598
 20
6.189339271336754
 10
95.92826549953445
 20
6.214178304323822
 10
95.95662997640089
 20
6.214678959072123
 10
96.13258153243918
 20
6.2067402788552775
 10
96.15294170059363
 20
6.204897076553427
 10
96.32476281536815
 20
6.181475373059289
 10
96.34483564306704
 20
6.177810506578631
 10
96.51169676585245
 20
6.1394972855417755
 10
96.5313147253479
 20
6.134052874272645
 10
96.69238630541881
 20
6.0814396414276946
 10
96.71711957784656
 20
6.071718700950069
 10
96.98266198104265
 20
5.948889529542494
 10
96.99784272745592
 20
5.94116092796901
 10
97.01239893183782
 20
5.932312015157905
 10
97.25442303095895
 20
5.772401926327237
 10
97.26810772739299
 20
5.762610158943727
 10
97.2810268028888
 20
5.75182836348485
 10
97.4958686887856
 20
5.5585306613300265
 10
97.50790966440546
 20
5.54686129842735
 10
97.51905329757727
 20
5.534332189753378
 10
97.70304906110039
 20
5.311340178373331
 10
97.71329458997869
 20
5.297934662730641
 10
97.7225125835292
 20
5.283802879172131
 10
97.87199831552937
 20
5.0348098626658215
 10
97.88024679290363
 20
5.019812871458732
 10
97.88733792593793
 20
5.004235228615553
 10
97.9986497172658
 20
4.732934511081935
 10
98.00464060057844
 20
4.716563529479391
 10
98.00935319861382
 20
4.699779872510377
 10
98.07882714012003
 20
4.409864758048376
 10
98.08227920261976
 20
4.392480102537713
 10
98.08435978473344
 20
4.374878563946022
 10
98.10833196726871
 20
4.07004235665459
 10
98.10902819856861
 20
4.052089861850548
 10
98.1082977454859
 20
4.034138726900198
 10
98.08345979452153
 20
3.7258146795952665
 10
98.08128824753408
 20
3.7078603310648317
 10
98.07768956499001
 20
3.6901367949781
 10
98.0059322249999
 20
3.3972928855566455
 10
98.00106681491535
 20
3.3803290552372194
 10
97.9948939709198
 20
3.3637960654469934
 10
97.88035201125845
 20
3.090096744069678
 10
97.87312708528418
 20
3.074520447425497
 10
97.86474167796591
 20
3.0595369392719416
 10
97.71154986798788
 20
2.8086466560994503
 10
97.69875382282608
 20
2.78987815222492
 10
97.6841402282862
 20
2.7724873970919397
 10
97.66785640193619
 20
2.7566497044293525
 10
97.65006649871331
 20
2.7425247317641794
 10
97.63094985610154
 20
2.7302548709367356
 10
97.6106991862559
 20
2.719963812668767
 10
97.58951863329871
 20
2.7117552996549015
 10
97.56762171537162
 20
2.7057120807472583
 10
97.54522917218968
 20
2.7018950767760592
 10
97.52256673979562
 20
2.7003427664154263
 10
97.49986287494693
 20
2.7010707982853113
 10
97.47734645207578
 20
2.70407183319997
 10
97.45524445603846
 20
2.7093156181532896
 10
97.43377969391322
 20
2.716749291295044
 10
97.41316854891393
 20
2.726297914823637
 10
97.39361879906171
 20
2.737865230423455
 10
97.37532752260398
 20
2.7513346296312498
 10
97.35847911129706
 20
2.766570329349487
 10
96.46216037278431
 20
3.662889067862234
 10
94.66068974345552
 20
5.464359697191074
 10
94.64545398235448
 20
5.481208183640489
 10
94.63198453745282
 20
5.499499546793767
 10
94.62041719346725
 20
5.519049392447453
 10
94.61086856014202
 20
5.539660639706768
 10
94.60343489671283
 20
5.561125507747012
 10
94.59819114152269
 20
5.583227610440414
 10
94.59519015657285
 20
5.6057441377324855
 10
94.59446219462384
 20
5.628448101777659
 10
94.59601459421913
 20
5.651110625191
 10
94.59983170570568
 20
5.673503248348266
 10
94.60587504899728
 20
5.695400232474485
 10
94.61408370148995
 20
5.716580835303917
 10
94.62437491221951
 20
5.736831536370403
 10
94.63664493606917
 20
5.755948189495138
 10
94.65077007961854
 20
5.773738080772884
 10
94.66660794808966
 20
5.790021871309942
 10
94.68399888082105
 20
5.804635405129532
 10
94.70276756079767
 20
5.817431364018923
 10
94.95365688217223
 20
5.970619927928893
 10
94.96863943835683
 20
5.979004700244765
 10
94.98421470116008
 20
5.986229143837302
 10
95.25791306073944
 20
6.100771464172854
 10
95.27444582980914
 20
6.106944279490094
 10
95.29140943317815
 20
6.111809694456128
  0
LWPOLYLINE
  5
7C
330
17
100
AcDbEntity
  8
0
100
AcDbPolyline
 90
21
 70
1
 10
97.63466015647563
 20
4.321694549319903
 10
97.57339768083152
 20
4.5773431745962485
 10
97.47522861864056
 20
4.816611060723117
 10
97.34327449006742
 20
5.036402314873376
 10
97.1807331820732
 20
5.233392791762343
 10
96.99091738194474
 20
5.404174005324845
 10
96.77720489715438
 20
5.545378052984373
 10
96.53923708014926
 20
5.655452336536088
 10
96.40050446223786
 20
5.700768658174878
 10
96.25352862493929
 20
5.7345159903724365
 10
96.10196504432756
 20
5.7551762989163215
 10
95.95043321702438
 20
5.7620131962232986
 10
95.67433842877759
 20
5.739771154209507
 10
95.416280324864
 20
5.676536419798329
 10
95.18515081092455
 20
5.579809092439334
 10
96.78211560414296
 20
3.9828442992208872
 10
97.47393045957041
 20
3.2910294437934615
 10
97.57065846649247
 20
3.5221621215564194
 10
97.63389157075842
 20
3.7802183630593755
 10
97.655827778099
 20
4.052521832836907
 10
97.63466015647563
 20
4.321694549319903
  0
LWPOLYLINE
  5
7D
330
17
100
AcDbEntity
  8
0
100
AcDbPolyline
 90
69
 70
1
 10
72.13265823659935
 20
8.81532201671129
 10
72.14407254518206
 20
8.83436564008292
 10
72.15729849225346
 20
8.852198765316757
 10
72.17220870471326
 20
8.868649649668212
 10
72.18865958906471
 20
8.883559862128019
 10
72.20649271429853
 20
8.896785809199432
 10
72.22553633767019
 20
8.908200117782117
 10
72.24560705867624
 20
8.917692861844726
 10
72.26651158530167
 20
8.925172621072676
 10
72.28804859552748
 20
8.93056736129575
 10
72.3100106761719
 20
8.933825128216528
 10
72.33218632039258
 20
8.93491454775871
 10
73.49293685262234
 20
8.93491454775871
 10
73.51511249684303
 20
8.933825128216528
 10
73.53707457748743
 20
8.93056736129575
 10
73.55861158771324
 20
8.925172621072676
 10
73.57951611433869
 20
8.917692861844726
 10
73.59958683534474
 20
8.908200117782117
 10
73.61863045871638
 20
8.896785809199432
 10
73.63646358395022
 20
8.883559862128019
 10
73.65291446830166
 20
8.868649649668212
 10
73.66782468076146
 20
8.852198765316757
 10
73.68105062783289
 20
8.83436564008292
 10
73.69246493641555
 20
8.81532201671129
 10
73.70195768047817
 20
8.795251295705226
 10
73.70943743970614
 20
8.774346769079795
 10
73.71483217992922
 20
8.752809758853974
 10
73.71808994685
 20
8.730847678209575
 10
73.71917936639214
 20
8.70867203398889
 10
73.71917936639214
 20
7.547921501759585
 10
73.71808994685
 20
7.525745857538899
 10
73.71483217992922
 20
7.503783776894491
 10
73.70943743970614
 20
7.4822467666686725
 10
73.70195768047817
 20
7.46134224004324
 10
73.69246493641555
 20
7.441271519037176
 10
73.68105062783289
 20
7.4222278956655465
 10
73.66782468076146
 20
7.4043947704317175
 10
73.65291446830166
 20
7.387943886080262
 10
73.63646358395022
 20
7.373033673620456
 10
73.61863045871638
 20
7.359807726549035
 10
73.59958683534474
 20
7.348393417966357
 10
73.57951611433869
 20
7.338900673903749
 10
73.55861158771324
 20
7.331420914675798
 10
73.53707457748743
 20
7.326026174452715
 10
73.51511249684303
 20
7.322768407531938
 10
73.49293685262234
 20
7.321678987989764
 10
72.33218632039258
 20
7.321678987989764
 10
72.3100106761719
 20
7.322768407531938
 10
72.28804859552748
 20
7.326026174452715
 10
72.26651158530167
 20
7.331420914675798
 10
72.24560705867624
 20
7.338900673903749
 10
72.22553633767019
 20
7.348393417966357
 10
72.20649271429853
 20
7.359807726549035
 10
72.18865958906471
 20
7.373033673620456
 10
72.17220870471326
 20
7.387943886080262
 10
72.15729849225346
 20
7.4043947704317175
 10
72.14407254518206
 20
7.4222278956655465
 10
72.13265823659935
 20
7.441271519037176
 10
72.12316549253676
 20
7.46134224004324
 10
72.1156857333088
 20
7.4822467666686725
 10
72.11029099308573
 20
7.503783776894491
 10
72.10703322616493
 20
7.525745857538899
 10
72.10594380662276
 20
7.547921501759585
 10
72.10594380662276
 20
8.70867203398889
 10
72.10703322616493
 20
8.730847678209575
 10
72.11029099308573
 20
8.752809758853974
 10
72.1156857333088
 20
8.774346769079795
 10
72.12316549253676
 20
8.795251295705226
 10
72.13265823659935
 20
8.81532201671129
  0
LWPOLYLINE
  5
7E
330
17
100
AcDbEntity
  8
0
100
AcDbPolyline
 90
5
 70
1
 10
73.26669433885252
 20
8.48242952021907
 10
72.55842883416241
 20
8.48242952021907
 10
72.55842883416241
 20
7.774164015529405
 10
73.26669433885252
 20
7.774164015529405
 10
73.26669433885252
 20
8.48242952021907
  0
LWPOLYLINE
  5
7F
330
17
100
AcDbEntity
  8
0
100
AcDbPolyline
 90
69
 70
1
 10
81.6369494097512
 20
8.81532201671129
 10
81.6483637183339
 20
8.83436564008292
 10
81.6615896654053
 20
8.852198765316757
 10
81.6764998778651
 20
8.868649649668212
 10
81.69295076221657
 20
8.883559862128019
 10
81.71078388745038
 20
8.896785809199432
 10
81.72982751082203
 20
8.908200117782117
 10
81.74989823182807
 20
8.917692861844726
 10
81.77080275845351
 20
8.925172621072676
 10
81.79233976867933
 20
8.93056736129575
 10
81.81430184932373
 20
8.933825128216528
 10
81.83647749354442
 20
8.93491454775871
 10
82.99722802577422
 20
8.93491454775871
 10
83.0194036699949
 20
8.933825128216528
 10
83.0413657506393
 20
8.93056736129575
 10
83.06290276086511
 20
8.925172621072676
 10
83.08380728749057
 20
8.917692861844726
 10
83.10387800849662
 20
8.908200117782117
 10
83.12292163186827
 20
8.896785809199432
 10
83.1407547571021
 20
8.883559862128019
 10
83.15720564145353
 20
8.868649649668212
 10
83.17211585391334
 20
8.852198765316757
 10
83.18534180098474
 20
8.83436564008292
 10
83.19675610956743
 20
8.81532201671129
 10
83.20624885363004
 20
8.795251295705226
 10
83.213728612858
 20
8.774346769079795
 10
83.2191233530811
 20
8.752809758853974
 10
83.22238112000187
 20
8.730847678209575
 10
83.22347053954402
 20
8.70867203398889
 10
83.22347053954402
 20
7.547921501759585
 10
83.22238112000187
 20
7.525745857538899
 10
83.2191233530811
 20
7.503783776894491
 10
83.213728612858
 20
7.4822467666686725
 10
83.20624885363004
 20
7.46134224004324
 10
83.19675610956743
 20
7.441271519037176
 10
83.18534180098474
 20
7.4222278956655465
 10
83.17211585391334
 20
7.4043947704317175
 10
83.15720564145353
 20
7.387943886080262
 10
83.1407547571021
 20
7.373033673620456
 10
83.12292163186827
 20
7.359807726549035
 10
83.10387800849662
 20
7.348393417966357
 10
83.08380728749057
 20
7.338900673903749
 10
83.06290276086511
 20
7.331420914675798
 10
83.0413657506393
 20
7.326026174452715
 10
83.0194036699949
 20
7.322768407531938
 10
82.99722802577422
 20
7.321678987989764
 10
81.83647749354442
 20
7.321678987989764
 10
81.81430184932373
 20
7.322768407531938
 10
81.79233976867933
 20
7.326026174452715
 10
81.77080275845351
 20
7.331420914675798
 10
81.74989823182807
 20
7.338900673903749
 10
81.72982751082203
 20
7.348393417966357
 10
81.71078388745038
 20
7.359807726549035
 10
81.69295076221657
 20
7.373033673620456
 10
81.6764998778651
 20
7.387943886080262
 10
81.6615896654053
 20
7.4043947704317175
 10
81.6483637183339
 20
7.4222278956655465
 10
81.6369494097512
 20
7.441271519037176
 10
81.62745666568858
 20
7.46134224004324
 10
81.61997690646062
 20
7.4822467666686725
 10
81.61458216623757
 20
7.503783776894491
 10
81.61132439931676
 20
7.525745857538899
 10
81.6102349797746
 20
7.547921501759585
 10
81.6102349797746
 20
8.70867203398889
 10
81.61132439931676
 20
8.730847678209575
 10
81.61458216623757
 20
8.752809758853974
 10
81.61997690646062
 20
8.774346769079795
 10
81.62745666568858
 20
8.795251295705226
 10
81.6369494097512
 20
8.81532201671129
  0
LWPOLYLINE
  5
80
330
17
100
AcDbEntity
  8
0
100
AcDbPolyline
 90
5
 70
1
 10
82.7709855120044
 20
8.48242952021907
 10
82.06272000731423
 20
8.48242952021907
 10
82.06272000731423
 20
7.774164015529405
 10
82.7709855120044
 20
7.774164015529405
 10
82.7709855120044
 20
8.48242952021907
  0
LWPOLYLINE
  5
81
330
17
100
AcDbEntity
  8
0
100
AcDbPolyline
 90
324
 70
1
 10
69.00335672854473
 20
8.630579765109376
 10
69.10719604499711
 20
8.586870197269018
 10
69.25435170018635
 20
8.556582197778255
 10
69.44399870796263
 20
8.5456038274802
 10
69.64449916430686
 20
8.55731624751164
 10
69.79942607534045
 20
8.589652192220209
 10
69.90808357903292
 20
8.636350877929782
 10
69.98048278820053
 20
8.693288221087077
 10
70.03572621410152
 20
8.76867329891361
 10
70.08050470186602
 20
8.87320063499525
 10
70.11036350849268
 20
9.010461634208875
 10
70.12135493634996
 20
9.185345726890365
 10
70.11871751762818
 20
9.28285495255076
 10
70.11080035935628
 20
9.37113395496983
 10
70.0984205911659
 20
9.445248441123995
 10
70.08273414699894
 20
9.504458290963202
 10
70.06425924729265
 20
9.551319611864852
 10
70.04268692911685
 20
9.590155118982443
 10
70.01789709120469
 20
9.622922075155769
 10
69.98829431744936
 20
9.65210462350289
 10
69.95121954641262
 20
9.67997647706101
 10
69.90594585311895
 20
9.706473226087853
 10
69.85261992592368
 20
9.730527248415438
 10
69.78919048253341
 20
9.752123819422614
 10
69.71364610431365
 20
9.771954852247875
 10
69.62745424006566
 20
9.7899807289753
 10
69.53224189380457
 20
9.805567854306373
 10
69.42442036344512
 20
9.818998837826737
 10
69.4197759956114
 20
9.819626287528555
 10
69.1526211926219
 20
9.858540275616177
 10
69.14715603047237
 20
9.859404709869906
 10
68.90125562811028
 20
9.90138757315013
 10
68.8948142986619
 20
9.902583537720933
 10
68.67016829692732
 20
9.94766780843966
 10
68.66249636003171
 20
9.949346516102219
 10
68.45910475892482
 20
9.997564726505363
 10
68.44706316060112
 20
10.000772138439487
 10
68.26336441232037
 20
10.055162438821027
 10
68.24631409176556
 20
10.060958245080597
 10
68.08074664850994
 20
10.12469614410528
 10
68.06156909855152
 20
10.133117756631211
 10
67.91413296032101
 20
10.206181566135232
 10
67.89304002088181
 20
10.21808106437235
 10
67.76373518767647
 20
10.30044909619188
 10
67.73972864385179
 20
10.318064655087205
 10
67.62777795646473
 20
10.412147910109825
 10
67.61530507618026
 20
10.42344783070408
 10
67.60370673654312
 20
10.435643709749392
 10
67.50834749454395
 20
10.543694142327277
 10
67.4976086655048
 20
10.556823039591315
 10
67.48788359921876
 20
10.570719567151587
 10
67.40913749077137
 20
10.69273717728472
 10
67.39343830632026
 20
10.72142094903349
 10
67.33132701958853
 20
10.857405736721889
 10
67.32078544464859
 20
10.885179593017776
 10
67.27358838529592
 20
11.039362557570028
 10
67.26769318179845
 20
11.063158847294055
 10
67.23400784855896
 20
11.239604712095424
 10
67.23115368065775
 20
11.259155970010005
 10
67.21095838536756
 20
11.457875579142405
 10
67.20990376586856
 20
11.473866923613949
 10
67.20317682036381
 20
11.69487112115929
 10
67.20316587860775
 20
11.708268128617785
 10
67.20885179224504
 20
11.90567379648679
 10
67.20970461705
 20
11.919834439865667
 10
67.2267768167378
 20
12.10587550984816
 10
67.22877873208367
 20
12.121608090636302
 10
67.2572589059858
 20
12.296284562732243
 10
67.26077777106664
 20
12.313585746635033
 10
67.300687607347
 20
12.476897620844406
 10
67.30731383124501
 20
12.4990394148739
 10
67.36123060671439
 20
12.65055292791882
 10
67.37241254241287
 20
12.67665890319208
 10
67.44289907510615
 20
12.816287302416601
 10
67.45791008339818
 20
12.8417406891944
 10
67.54496637331535
 20
12.969483974598596
 10
67.56329063939127
 20
12.992902420445315
 10
67.66691668653235
 20
13.108760592029265
 10
67.68914416542844
 20
13.130418960162162
 10
67.81090332494182
 20
13.233766675866544
 10
67.83548104910881
 20
13.251921472616909
 10
67.97694390553032
 20
13.342321354469542
 10
68.00075658766299
 20
13.355589594436154
 10
68.1619339850747
 20
13.43306333060101
 10
68.1838947855706
 20
13.442230660780016
 10
68.36479756805461
 20
13.506799939421025
 10
68.38595249875272
 20
13.513204315501323
 10
68.58901697005412
 20
13.563996188021287
 10
68.60834848067633
 20
13.56794465748361
 10
68.83634349638734
 20
13.604237992432662
 10
68.85249530339645
 20
13.60621654323735
 10
69.10541001943503
 20
13.628000496533549
 10
69.11891165572825
 20
13.628757777180377
 10
69.39673522801235
 20
13.636021504741768
 10
69.40870984077017
 20
13.636017576522393
 10
69.69004508826022
 20
13.628477324871227
 10
69.7039136700202
 20
13.627678992743808
 10
69.95937493797075
 20
13.605087155342137
 10
69.9760133683416
 20
13.602991783468024
 10
70.20557896858874
 20
13.56539173664363
 10
70.22555407305705
 20
13.561186905595942
 10
70.42920231743689
 20
13.508622025676575
 10
70.451110119263
 20
13.501764469378667
 10
70.63196410337807
 20
13.434903474751748
 10
70.65442794942335
 20
13.42518724133745
 10
70.81561076887603
 20
13.344857896925038
 10
70.8396837230788
 20
13.330952115403395
 10
70.98117368970517
 20
13.237176109369427
 10
71.00567792573946
 20
13.218409527921583
 10
71.12745335137555
 20
13.111208548429955
 10
71.14954906253215
 20
13.088847614912103
 10
71.2529148517064
 20
12.968565057891361
 10
71.27099986064736
 20
12.944437245605172
 10
71.357275376664
 20
12.811749058830461
 10
71.37181682758323
 20
12.785797075105611
 10
71.44100207044227
 20
12.640703258576963
 10
71.45158500379915
 20
12.614374434250044
 10
71.5036799735006
 20
12.456874987967506
 10
71.5096025907091
 20
12.43550971357529
 10
71.54769062122126
 20
12.2662968514365
 10
71.55067905024279
 20
12.250380964130684
 10
71.57785793431057
 20
12.070313175957121
 10
71.57957274931215
 20
12.055781556711894
 10
71.59586417509936
 20
11.864847998421544
 10
71.5966015505216
 20
11.851694042531399
 10
71.60202720619206
 20
11.649883870042297
 10
71.60150676306424
 20
11.627307880019954
 10
71.59873833871188
 20
11.604896230969876
 10
71.5937495140439
 20
11.582872202842163
 10
71.5865899910934
 20
11.56145521384605
 10
71.57733109785251
 20
11.54085863445792
 10
71.56606507765486
 20
11.521287661680757
 10
71.5529041701853
 20
11.502937274733434
 10
71.53797949327272
 20
11.485990292536226
 10
71.52143973660552
 20
11.470615552345649
 10
71.50344968038505
 20
11.456966227683827
 10
71.48418855367416
 20
11.445178302320768
 10
71.46384824879635
 20
11.435369215512294
 10
71.44263140957528
 20
11.427636691991106
 10
71.42074941246041
 20
11.422057768367145
 10
71.39842026065227
 20
11.41868802563695
 10
71.37586641220787
 20
11.41756103544832
 10
70.29805141875315
 20
11.41756103544832
 10
70.27520694480313
 20
11.418717332299307
 10
70.2525959812827
 20
11.422174403478564
 10
70.23044965173696
 20
11.427896911679658
 10
70.2089943303401
 20
11.43582636287243
 10
70.18844932795601
 20
11.445881704214154
 10
70.16902465039804
 20
11.45796015255115
 10
70.1509188518028
 20
11.471938245042214
 10
70.13431700505996
 20
11.487673101164484
 10
70.11938881004417
 20
11.505003883201988
 10
70.1062868589858
 20
11.523753440288074
 10
70.09514507671174
 20
11.54373011919669
 10
70.08607735169983
 20
11.564729723373175
 10
70.07917637193964
 20
11.586537600179739
 10
70.07451267749927
 20
11.608930835020372
 10
70.0721339394827
 20
11.631680529917425
 10
70.06616346522136
 20
11.742942787421878
 10
70.05679139651946
 20
11.840462342979817
 10
70.0440180513951
 20
11.928124458883103
 10
70.02847749072176
 20
12.004137841740604
 10
70.01008982306442
 20
12.06759860811889
 10
69.98846383494325
 20
12.120972524791792
 10
69.96379229543116
 20
12.16623831103552
 10
69.93700147812972
 20
12.203554912638165
 10
69.90794867936367
 20
12.233906285005103
 10
69.874140620831
 20
12.26000195008044
 10
69.8328608328594
 20
12.283317971765722
 10
69.78219581687839
 20
12.303706240910575
 10
69.71894972408575
 20
12.320969146543131
 10
69.64110053581156
 20
12.334470730414644
 10
69.5492167198347
 20
12.34308205201111
 10
69.44775318392031
 20
12.34596515202877
 10
69.25076512628512
 20
12.333926139981045
 10
69.10717486927398
 20
12.30201657223235
 10
69.01405901923413
 20
12.258243287886724
 10
68.9566575229503
 20
12.206538093608811
 10
68.9100101336677
 20
12.130263727002902
 10
68.86966129055857
 20
12.01598755136319
 10
68.84272002194653
 20
11.864450369290912
 10
68.833008102683
 20
11.674239270594141
 10
68.83540663081949
 20
11.587488439410476
 10
68.8424805649368
 20
11.510523138886407
 10
68.85340233767896
 20
11.446907753794113
 10
68.86705350227585
 20
11.396940153754107
 10
68.88246588132648
 20
11.358742357435343
 10
68.89938755601555
 20
11.32915568241746
 10
68.91776280160951
 20
11.305849716607808
 10
68.93924348633007
 20
11.28591562778949
 10
68.9688332496717
 20
11.265514685817388
 10
69.009807590369
 20
11.243924979823845
 10
69.06206592466017
 20
11.222805903707778
 10
69.12656633396996
 20
11.202939378516646
 10
69.20413047938851
 20
11.184361065330057
 10
69.29416239007607
 20
11.1672907449141
 10
69.39559533728007
 20
11.152198477678473
 10
69.51126510236544
 20
11.138922860638099
 10
69.51983074285515
 20
11.137773615420425
 10
69.77273822950585
 20
11.098910233048583
 10
69.77794444695864
 20
11.098047944853619
 10
70.01424964413948
 20
11.05607231096136
 10
70.02015031496892
 20
11.054943141562076
 10
70.23986406676185
 20
11.009866100231307
 10
70.24659455446252
 20
11.008378062637556
 10
70.44972770494955
 20
10.960210457950192
 10
70.46173961443962
 20
10.957011190026527
 10
70.64829939300907
 20
10.901791317375782
 10
70.66605792402555
 20
10.895723246763742
 10
70.836037101289
 20
10.82964844807819
 10
70.855505600901
 20
10.821004733755306
 10
71.00889333277657
 20
10.744064164953071
 10
71.02968226692407
 20
10.732220917200465
 10
71.16646770932986
 20
10.64440373419969
 10
71.18925515318841
 20
10.627675371557265
 10
71.30971121552028
 20
10.527085667362819
 10
71.33225327306293
 20
10.505450588708873
 10
71.43666009410471
 20
10.39037319102546
 10
71.45601864573378
 20
10.365820907287313
 10
71.54437622548548
 20
10.23625581611496
 10
71.55965929798224
 20
10.210282807781114
 10
71.63196763644378
 20
10.066230023119802
 10
71.64348766644532
 20
10.038963455685192
 10
71.69972688279947
 20
9.87703962396593
 10
71.70700227494807
 20
9.851258702457285
 10
71.74715971776628
 20
9.6680804701104
 10
71.75085373169678
 20
9.646105820138127
 10
71.77494024506099
 20
9.441673187163586
 10
71.77635147187922
 20
9.423241219779754
 10
71.7843778998713
 20
9.197554186177584
 10
71.78437324660192
 20
9.181342195173487
 10
71.77763184232121
 20
8.994802297421149
 10
71.77633924692296
 20
8.977486110465023
 10
71.75612949285683
 20
8.799231091324563
 10
71.75326057764886
 20
8.780772315622944
 10
71.71960416196123
 20
8.610802175094438
 10
71.71489128675206
 20
8.591495236354518
 10
71.6678098976069
 20
8.429809974438047
 10
71.65979978470322
 20
8.406942642693078
 10
71.59729630367423
 20
8.25510380718978
 10
71.58491863173718
 20
8.229677775633075
 10
71.50533572163253
 20
8.089246914344095
 10
71.48957487597622
 20
8.06515147740645
 10
71.3929233808778
 20
7.93612859033183
 10
71.37450697530191
 20
7.914516042255111
 10
71.26079773929159
 20
7.7969011293949135
 10
71.23963230955158
 20
7.777615653434645
 10
71.10774297014737
 20
7.671911157252618
 10
71.08513045577428
 20
7.655957130606816
 10
70.93409046764145
 20
7.562679952342662
 10
70.91226158764131
 20
7.550803269279503
 10
70.74204926261594
 20
7.469975097097092
 10
70.72180358580728
 20
7.46153805769474
 10
70.53239723572551
 20
7.393180579757926
 10
70.51213187104986
 20
7.386923636948393
 10
70.30121266972066
 20
7.3324881528923225
 10
70.28165811046082
 20
7.328353161825721
 10
70.04691446108122
 20
7.289457247208069
 10
70.0302746921081
 20
7.287330505427599
 10
69.77169575059611
 20
7.263985004330283
 10
69.75758581294886
 20
7.263154418540245
 10
69.47516073522259
 20
7.2553701750451545
 10
69.45743964488564
 20
7.255576128446364
 10
68.94802985841709
 20
7.281475410843655
 10
68.91961848512906
 20
7.28472957212534
 10
68.48586785844536
 20
7.362441878093165
 10
68.46712194922307
 20
7.36662880781895
 10
68.44879874537477
 20
7.3723907253671355
 10
68.09071812255786
 20
7.501937743069399
 10
68.06743696969978
 20
7.511865933071193
 10
68.04541042259679
 20
7.524332378347752
 10
67.76301064772862
 20
7.705735795948349
 10
67.74697735124222
 20
7.717046268117255
 10
67.73198434834424
 20
7.729703410014434
 10
67.71814440900032
 20
7.743612020867472
 10
67.50306108020095
 20
7.979382243338787
 10
67.49094537517952
 20
7.9938289945183225
 10
67.48007466645397
 20
8.009234403296206
 10
67.47052445415774
 20
8.025491474770083
 10
67.31455221608324
 20
8.318290724231202
 10
67.3041112456643
 20
8.340781206509945
 10
67.2961942062694
 20
8.364279209481268
 10
67.19932221483784
 20
8.71409664185025
 10
67.19482779998914
 20
8.733664714386121
 10
67.1920859141636
 20
8.753554191245003
 10
67.15430332529297
 20
9.160378962439975
 10
67.15333752351867
 20
9.182581025386284
 10
67.15455458496197
 20
9.204770733216334
 10
67.15794276682014
 20
9.226733988800047
 10
67.16346937826111
 20
9.248258879929159
 10
67.17108109584063
 20
9.269137723949578
 10
67.18070447799288
 20
9.289169071585002
 10
67.19224667363048
 20
9.30815965061786
 10
67.20559631801714
 20
9.325926230673932
 10
67.22062460726902
 20
9.342297391118493
 10
67.23718654111737
 20
9.357115175006191
 10
67.25512232194195
 20
9.370236613126776
 10
67.27425889657643
 20
9.381535103441799
 10
67.29441162600976
 20
9.39090163260288
 10
67.3153860668736
 20
9.398245827765646
 10
67.33697984752664
 20
9.40349682855109
 10
67.358984620635
 20
9.406603970741086
 10
67.3811880734091
 20
9.407537275111432
 10
68.55026686057838
 20
9.399209020171423
 10
68.57213150855976
 20
9.397993441438608
 10
68.59377621532528
 20
9.394669718820886
 10
68.61499819928233
 20
9.38926899109841
 10
68.63559863917854
 20
9.381841855776678
 10
68.65538453678779
 20
9.37245789505633
 10
68.67417052504217
 20
9.361205023942185
 10
68.69178060467044
 20
9.348188666598762
 10
68.70804979307277
 20
9.3335307686685
 10
68.7228256699845
 20
9.317368654806295
 10
68.73596980544741
 20
9.299853742133429
 10
68.74735905671106
 20
9.281150121664172
 10
68.7568867219137
 20
9.261433020995163
 10
68.76446353973405
 20
9.240887162660151
 10
68.77001852564915
 20
9.219705033529953
 10
68.77349963696314
 20
9.198085081471161
 10
68.79507300680945
 20
9.004930773593388
 10
68.8313928827566
 20
8.861479207096913
 10
68.87945176527361
 20
8.755468724330775
 10
68.93413917597091
 20
8.68334295365927
 10
69.00335672854473
 20
8.630579765109376
  0
LWPOLYLINE
  5
82
330
17
100
AcDbEntity
  8
0
100
AcDbPolyline
 90
257
 70
1
 10
68.03247402899179
 20
8.070439572992338
 10
68.26856695409059
 20
7.918782003490952
 10
68.58462408444888
 20
7.804438316476116
 10
68.98531403587054
 20
7.732649278749089
 10
69.47155858912076
 20
7.707927757228922
 10
69.73805113759497
 20
7.715272865898622
 10
69.981228754891
 20
7.73722787622635
 10
70.19782327625352
 20
7.773116566002768
 10
70.38877712736723
 20
7.8223992545974355
 10
70.55787003348
 20
7.883425532723196
 10
70.70692317614208
 20
7.95420591291965
 10
70.83558030472693
 20
8.03366019563191
 10
70.94545803007232
 20
8.12172318580026
 10
71.03930831583553
 20
8.21879703458545
 10
71.11878248135609
 20
8.324889405664308
 10
71.18426822594466
 20
8.440444610954364
 10
71.23676076176253
 20
8.567963996754653
 10
71.27766938185644
 20
8.708450950827576
 10
71.30757795572677
 20
8.859493906528188
 10
71.32575580161053
 20
9.01982699397383
 10
71.33189047101021
 20
9.189578065844204
 10
71.32448111817446
 20
9.397914185480834
 10
71.30278231480575
 20
9.582081293355163
 10
71.26788683541368
 20
9.741257072073738
 10
71.22091604126925
 20
9.876495282344495
 10
71.16203618336705
 20
9.993795827091285
 10
71.09101595476979
 20
10.09793790996796
 10
71.0076609861278
 20
10.189811915704249
 10
70.91009485847113
 20
10.271286834694575
 10
70.7953076173434
 20
10.344981023074395
 10
70.66215847435204
 20
10.411769746475002
 10
70.51087054920109
 20
10.470578827439152
 10
70.33927797300338
 20
10.521368554346564
 10
70.14554864734225
 20
10.567306292979676
 10
69.93215431351442
 20
10.61108682618352
 10
69.70140502865186
 20
10.652075545931723
 10
69.4553775223627
 20
10.689881706506611
 10
69.34024363791872
 20
10.703095819607995
 10
69.3327443226301
 20
10.704083807012989
 10
69.22313053490402
 20
10.720393306270113
 10
69.21428134211139
 20
10.721889955408965
 10
69.11453566896239
 20
10.740802034334713
 10
69.10398164788839
 20
10.743065183203344
 10
69.01415830972635
 20
10.764579841797651
 10
69.00026101395343
 20
10.768380276112424
 10
68.91964791606313
 20
10.793209609090477
 10
68.90147427378251
 20
10.799667407243495
 10
68.82967741451992
 20
10.828682555855234
 10
68.80898332530955
 20
10.838286266831522
 10
68.74601354875658
 20
10.87146554291314
 10
68.72305737179578
 20
10.885360027824364
 10
68.66892552203433
 20
10.922681743212038
 10
68.64345001790122
 20
10.943108275533092
 10
68.59708614551192
 20
10.986133978027805
 10
68.58470284660633
 20
10.99855304579612
 10
68.57331873577294
 20
11.011894011149195
 10
68.53366735011244
 20
11.062185248552412
 10
68.52378972764193
 20
11.075715063026088
 10
68.5149402916797
 20
11.08993866272915
 10
68.48203392499379
 20
11.147473746876853
 10
68.46861696739322
 20
11.175141557066672
 10
68.44248815192776
 20
11.239898799794814
 10
68.43405134288959
 20
11.26492934534666
 10
68.41402955291085
 20
11.338215458530874
 10
68.40929376880842
 20
11.359557664496826
 10
68.39501934226456
 20
11.442701048176058
 10
68.3927065644851
 20
11.460276444454765
 10
68.38415781321228
 20
11.553287942710995
 10
68.38329464958096
 20
11.567741900803181
 10
68.38044988541533
 20
11.670632357718429
 10
68.38065779074117
 20
11.688421834647377
 10
68.39154524902183
 20
11.901656247473733
 10
68.39474387176902
 20
11.929721511207825
 10
68.42740624661096
 20
12.113438332958557
 10
68.43138312829848
 20
12.131492250408462
 10
68.43682072426863
 20
12.149161208309513
 10
68.4912580156718
 20
12.303338750820743
 10
68.50030167033584
 20
12.325228650580955
 10
68.51158420101889
 20
12.346053153037925
 10
68.58779640898327
 20
12.470669728145797
 10
68.60002999764366
 20
12.488667202875998
 10
68.61393611919354
 20
12.50540606698372
 10
68.6293861142173
 20
12.5207314525235
 10
68.73609368797996
 20
12.616849780259148
 10
68.7532555110991
 20
12.630849522778641
 10
68.77170394525291
 20
12.643104164375126
 10
68.79126219598298
 20
12.653496266749745
 10
68.93736631948025
 20
12.722179067144904
 10
68.96050681200109
 20
12.731535830339485
 10
68.98453720088966
 20
12.738286520781914
 10
69.17004871820352
 20
12.779512105672607
 10
69.187590130667
 20
12.782690784434099
 10
69.20532736086757
 20
12.784478468605306
 10
69.43025711608001
 20
12.798225149827541
 10
69.4504843944946
 20
12.798555207694623
 10
69.56942590004704
 20
12.79517546881928
 10
69.58411064811061
 20
12.794279660887327
 10
69.69214300721852
 20
12.784154903037287
 10
69.70969283245944
 20
12.78181431853814
 10
69.80683773328667
 20
12.764966229877412
 10
69.82775026031966
 20
12.760309738209626
 10
69.9140293910301
 20
12.736760006902184
 10
69.93891697915755
 20
12.728387454065802
 10
70.01560994142199
 20
12.697525196827995
 10
70.04241541719696
 20
12.684630491078678
 10
70.11080181268551
 20
12.64600387116274
 10
70.13777559075298
 20
12.628108735461337
 10
70.19787710762948
 20
12.581717752867236
 10
70.21089956830934
 20
12.570863662778336
 10
70.22307272484069
 20
12.559064933445041
 10
70.27491105126902
 20
12.504909588172728
 10
70.29525891174916
 20
12.480410707849556
 10
70.33952626162764
 20
12.418751257865845
 10
70.35439486343499
 20
12.395079818501905
 10
70.3919497265846
 20
12.32617652177366
 10
70.40298193701119
 20
12.302863393691084
 10
70.4338351575139
 20
12.22671625021835
 10
70.44145531869562
 20
12.20472023906694
 10
70.46561774063343
 20
12.121329248849777
 10
70.46997076652546
 20
12.103682361495329
 10
70.48862439483129
 20
12.012442063291381
 10
70.49084519235504
 20
11.999746837637334
 10
70.50534553727292
 20
11.900232504903341
 10
70.50667210209889
 20
11.889254147525183
 10
70.50851808557252
 20
11.870046062987962
 10
71.14129147923792
 20
11.870046062987962
 10
71.12934823518438
 20
12.010019452331402
 10
71.10447106768483
 20
12.17483771773541
 10
71.07059949011541
 20
12.325318236381374
 10
71.02645416388621
 20
12.45878341501392
 10
70.96980335926577
 20
12.577590274860418
 10
70.89989029851583
 20
12.685113680005754
 10
70.81664195155882
 20
12.781986389242832
 10
70.71830359070009
 20
12.868555321772467
 10
70.60131577213183
 20
12.946091917769605
 10
70.46356618443924
 20
13.014742746127117
 10
70.30498700975647
 20
13.073368832791925
 10
70.12235945305062
 20
13.120507935893185
 10
69.91115670707843
 20
13.15510037103785
 10
69.67097554048432
 20
13.176340905488216
 10
69.40257409865421
 20
13.183534509677495
 10
69.13750002390141
 20
13.176604119117886
 10
68.89943630845158
 20
13.156099306507109
 10
68.6892335201583
 20
13.122638223250691
 10
68.50648270921053
 20
13.076927342203444
 10
68.34722258549516
 20
13.020082935703034
 10
68.20909092365015
 20
12.95368667855007
 10
68.09203726497448
 20
12.878885156918338
 10
67.99381081112612
 20
12.795511719818899
 10
67.91048729319375
 20
12.702352608727404
 10
67.84016039848908
 20
12.59915743936749
 10
67.78275831025871
 20
12.485448318128249
 10
67.73749095132474
 20
12.35824084849302
 10
67.70242523382295
 20
12.214751208358017
 10
67.6766435376543
 20
12.056625217032828
 10
67.66094491915268
 20
11.88555248846246
 10
67.65565626961244
 20
11.701939183510811
 10
67.66193538858391
 20
11.495647687823901
 10
67.68032019844469
 20
11.314743067366166
 10
67.70984915966886
 20
11.160068536975093
 10
67.74909593283459
 20
11.03185750182162
 10
67.79821228488423
 20
10.92432347609222
 10
67.85885290674238
 20
10.830360435860642
 10
67.93180515380978
 20
10.747699105003717
 10
68.01942206859799
 20
10.674065930159413
 10
68.12591519742715
 20
10.606229104524042
 10
68.25309231491966
 20
10.54320490437023
 10
68.40046612368013
 20
10.486470942928566
 10
68.56954767018279
 20
10.436408565316718
 10
68.76305289107937
 20
10.39053412701876
 10
68.98063634834212
 20
10.346867240381984
 10
69.22058013162156
 20
10.305901357644109
 10
69.48267813350354
 20
10.267723947360297
 10
69.59247870008939
 20
10.254046441620714
 10
69.6010639226686
 20
10.252809449480495
 10
69.70545809228143
 20
10.235719176322792
 10
69.71522030398962
 20
10.233900183862726
 10
69.81187179908807
 20
10.213686815102609
 10
69.8230024641833
 20
10.211063723346465
 10
69.91190044068537
 20
10.187727258983976
 10
69.92737674380423
 20
10.183067722481164
 10
70.00870374375647
 20
10.155377359214647
 10
70.02880953328068
 20
10.147440905057616
 10
70.1029143746523
 20
10.114014022438074
 10
70.12416520600497
 20
10.10304152183375
 10
70.19102620063211
 20
10.063910652107067
 10
70.21269976271955
 20
10.04949072395323
 10
70.27229522243834
 20
10.004688399365302
 10
70.2951744302495
 20
9.984965599593089
 10
70.34724771178679
 20
9.933631522975327
 10
70.36884293152842
 20
9.909015083461844
 10
70.41315185038759
 20
9.850448004181606
 10
70.43050461551924
 20
9.823808892953569
 10
70.46704917170021
 20
9.758019655092756
 10
70.47974712706421
 20
9.731137444233052
 10
70.50852732056697
 20
9.658136891873596
 10
70.51674912957785
 20
9.633097064013759
 10
70.53852585348608
 20
9.550898922811585
 10
70.54297901357634
 20
9.5302335884539
 10
70.5585203903617
 20
9.43719136529881
 10
70.56070763886099
 20
9.420126275506247
 10
70.57002451260543
 20
9.316239970398305
 10
70.57084619415349
 20
9.302148034096717
 10
70.57394940893899
 20
9.187417647035973
 10
70.57358660141504
 20
9.1671092090297
 10
70.56088095206036
 20
8.964950218571142
 10
70.55916059209643
 20
8.947911119631627
 10
70.55615628784955
 20
8.931050968770254
 10
70.51805379856135
 20
8.755893742374331
 10
70.51247654060646
 20
8.735081822789173
 10
70.5049447940104
 20
8.714894832019693
 10
70.4414671529526
 20
8.566717681522439
 10
70.43000133978089
 20
8.543671488890778
 10
70.41599189203137
 20
8.522076877519918
 10
70.3271607873678
 20
8.400858114757398
 10
70.31430454054001
 20
8.384886261759112
 10
70.30005512343557
 20
8.370143898214542
 10
70.28452956518693
 20
8.35675210177923
 10
70.16450184409236
 20
8.262357983073759
 10
70.14855194369768
 20
8.25089886223757
 10
70.13166833983969
 20
8.240866180955646
 10
70.11397825928424
 20
8.232335540717088
 10
69.95722163261534
 20
8.164964874238116
 10
69.9360081445767
 20
8.157079821501375
 10
69.91411302049843
 20
8.151353594731175
 10
69.72059495600945
 20
8.110963004150896
 10
69.7041603544876
 20
8.10816033071645
 10
69.68756398552954
 20
8.10657551433286
 10
69.45725195097471
 20
8.093121623323396
 10
69.43098333879348
 20
8.093114718556754
 10
69.21177925885209
 20
8.105804101788586
 10
69.1792443782283
 20
8.110071061552595
 10
68.99425337684812
 20
8.148146440635998
 10
68.97285155816397
 20
8.153653341077227
 10
68.95208909917406
 20
8.16122196658991
 10
68.80130033227309
 20
8.224694185606758
 10
68.78405497101765
 20
8.232824997217024
 10
68.76755544136807
 20
8.242378954701431
 10
68.75191892037871
 20
8.253288207362425
 10
68.63532154387505
 20
8.342168110394578
 10
68.61966389559689
 20
8.355261297931651
 10
68.60524997359776
 20
8.369712331184921
 10
68.59219709090222
 20
8.385403595086222
 10
68.50357925318382
 20
8.502279303026802
 10
68.48948247639879
 20
8.523198821414708
 10
68.47780221040976
 20
8.545557639624406
 10
68.41095928925256
 20
8.693002814589965
 10
68.40348488913057
 20
8.71165047258652
 10
68.3976941956364
 20
8.730887667673041
 10
68.35262619104043
 20
8.908891465581586
 10
68.34710385221695
 20
8.93930783552111
 10
68.34611439073551
 20
8.948166847765528
 10
67.62796896567761
 20
8.95328275462272
 10
67.64076993319134
 20
8.815448084328258
 10
67.7256203323373
 20
8.509042194183149
 10
67.85651165155997
 20
8.263326158416113
 10
68.03247402899179
 20
8.070439572992338
  0
LWPOLYLINE
  5
83
330
17
100
AcDbEntity
  8
0
100
AcDbPolyline
 90
101
 70
1
 10
78.04382892129641
 20
7.43923560501009
 10
78.03233898197792
 20
7.420483591833183
 10
78.01908266778617
 20
7.402935747584403
 10
78.0041852384783
 20
7.386757882961801
 10
77.98778746081281
 20
7.372102863638645
 10
77.97004427843527
 20
7.3591091658259735
 10
77.95112334780612
 20
7.347899567802072
 10
77.9312034540041
 20
7.3385799897726605
 10
77.91047282137453
 20
7.33123849302418
 10
77.8891273349856
 20
7.3259444478270055
 10
77.86736868969781
 20
7.3227478779514055
 10
77.84540248433639
 20
7.321678987989764
 10
76.64324201782304
 20
7.321678987989764
 10
76.62062692430125
 20
7.322812122608281
 10
76.59823836596897
 20
7.326200175864483
 10
76.57630060881483
 20
7.331809209659205
 10
76.55503340315605
 20
7.339583038351079
 10
76.5346497824015
 20
7.3494437915676425
 10
76.51535392909796
 20
7.361292694232116
 10
76.49733912963539
 20
7.375011055992464
 10
76.4807858380989
 20
7.39046146014163
 10
76.46585986866184
 20
7.407489140119441
 10
76.45271073462642
 20
7.425923529807836
 10
76.44147015075082
 20
7.445579972090177
 10
76.43225071386314
 20
7.466261568559925
 10
76.42514477498017
 20
7.487761151850204
 10
76.42022351422821
 20
7.509863360827485
 10
76.41753622783219
 20
7.532346797862107
 10
76.41710983431591
 20
7.554986246566379
 10
76.41894860485941
 20
7.5775549277850995
 10
76.42303412051459
 20
7.599826771240352
 10
77.79106566457816
 20
13.403695102595792
 10
77.79703049895659
 20
13.42449186213242
 10
77.80495455039281
 20
13.444623773746143
 10
77.81476535475879
 20
13.463906734464844
 10
77.8263731938858
 20
13.482164404830694
 10
77.83967191602216
 20
13.499229821495016
 10
77.8545399065732
 20
13.514946924070257
 10
77.87084120024646
 20
13.529171982276255
 10
77.88842672443172
 20
13.541774910329563
 10
77.90713566244489
 20
13.552640456556304
 10
77.92679692417005
 20
13.56166925734947
 10
77.94723071064968
 20
13.568778745832535
 10
77.96825015831647
 20
13.573903906919732
 10
77.98966304782918
 20
13.576997871868215
 10
78.01127356188661
 20
13.578032346884847
 10
79.89334350806573
 20
13.578032346884847
 10
79.91495402212314
 20
13.576997871868215
 10
79.93636691163586
 20
13.573903906919732
 10
79.95738635930266
 20
13.568778745832535
 10
79.97782014578227
 20
13.56166925734947
 10
79.99748140750744
 20
13.552640456556304
 10
80.0161903455206
 20
13.541774910329563
 10
80.03377586970586
 20
13.529171982276255
 10
80.05007716337913
 20
13.514946924070257
 10
80.06494515393018
 20
13.499229821495016
 10
80.07824387606652
 20
13.482164404830694
 10
80.08985171519353
 20
13.463906734464844
 10
80.09966251955952
 20
13.444623773746143
 10
80.10758657099574
 20
13.42449186213242
 10
80.11355140537418
 20
13.403695102595792
 10
81.48158294943768
 20
7.599826771240352
 10
81.48566846509286
 20
7.5775549277850995
 10
81.48750723563636
 20
7.554986246566379
 10
81.48708084212008
 20
7.532346797862107
 10
81.48439355572405
 20
7.509863360827485
 10
81.4794722949721
 20
7.487761151850204
 10
81.47236635608915
 20
7.466261568559925
 10
81.46314691920145
 20
7.445579972090177
 10
81.45190633532584
 20
7.425923529807836
 10
81.43875720129043
 20
7.407489140119441
 10
81.42383123185337
 20
7.39046146014163
 10
81.40727794031687
 20
7.375011055992464
 10
81.38926314085434
 20
7.361292694232116
 10
81.36996728755076
 20
7.3494437915676425
 10
81.34958366679622
 20
7.339583038351079
 10
81.32831646113743
 20
7.331809209659205
 10
81.3063787039833
 20
7.326200175864483
 10
81.28399014565102
 20
7.322812122608281
 10
81.26137505212922
 20
7.321678987989764
 10
80.04255807573635
 20
7.321678987989764
 10
80.02059187037493
 20
7.3227478779514055
 10
79.99883322508714
 20
7.3259444478270055
 10
79.97748773869822
 20
7.33123849302418
 10
79.95675710606864
 20
7.3385799897726764
 10
79.93683721226662
 20
7.347899567802072
 10
79.91791628163752
 20
7.3591091658259735
 10
79.90017309925997
 20
7.372102863638645
 10
79.88377532159446
 20
7.386757882961809
 10
79.8688778922866
 20
7.402935747584419
 10
79.85562157809483
 20
7.420483591833191
 10
79.84413163877633
 20
7.439235605010106
 10
79.83451664349957
 20
7.459014598148221
 10
79.82686744496736
 20
7.479633678281546
 10
79.82125632094386
 20
7.500898014408558
 10
79.57744952910072
 20
8.648300597769744
 10
78.31051103097205
 20
8.648300597769744
 10
78.0667042391289
 20
7.50089801440855
 10
78.06109311510535
 20
7.479633678281538
 10
78.05344391657314
 20
7.459014598148213
 10
78.04382892129641
 20
7.43923560501009
  0
LWPOLYLINE
  5
84
330
17
100
AcDbEntity
  8
0
100
AcDbPolyline
 90
37
 70
1
 10
77.90598902521327
 20
8.92156659889059
 10
77.91160014923682
 20
8.94283093501761
 10
77.91924934776902
 20
8.963450015150936
 10
77.92886434304576
 20
8.983229008289051
 10
77.94035428236425
 20
9.001981021465966
 10
77.953610596556
 20
9.019528865714738
 10
77.96850802586387
 20
9.035706730337349
 10
77.98490580352936
 20
9.050361749660505
 10
78.0026489859069
 20
9.063355447473176
 10
78.02156991653604
 20
9.074565045497069
 10
78.04148981033805
 20
9.083884623526481
 10
78.06222044296764
 20
9.091226120274971
 10
78.08356592935652
 20
9.096520165472144
 10
78.10532457464436
 20
9.099716735347736
 10
78.12729078000578
 20
9.100785625309385
 10
79.76066978006703
 20
9.100785625309385
 10
79.78263598542846
 20
9.099716735347736
 10
79.80439463071627
 20
9.096520165472144
 10
79.82574011710517
 20
9.091226120274971
 10
79.84647074973475
 20
9.083884623526473
 10
79.86639064353676
 20
9.074565045497069
 10
79.88531157416591
 20
9.063355447473176
 10
79.90305475654345
 20
9.050361749660505
 10
79.91945253420894
 20
9.03570673033734
 10
79.93434996351681
 20
9.019528865714731
 10
79.94760627770856
 20
9.001981021465959
 10
79.95909621702705
 20
8.983229008289044
 10
79.96871121230382
 20
8.963450015150928
 10
79.97636041083602
 20
8.942830935017595
 10
79.98197153485954
 20
8.921566598890584
 10
80.2257783267027
 20
7.774164015529405
 10
80.9756048574574
 20
7.774164015529405
 10
79.71422869486531
 20
13.125547319345205
 10
78.19038837508701
 20
13.125547319345205
 10
76.92901221249487
 20
7.774164015529405
 10
77.66218223337012
 20
7.774164015529405
 10
77.90598902521327
 20
8.92156659889059
  0
LWPOLYLINE
  5
85
330
17
100
AcDbEntity
  8
0
100
AcDbPolyline
 90
69
 70
1
 10
78.09961828584191
 20
9.533074786021047
 10
78.08166376740486
 20
9.546626084330919
 10
78.06514368676129
 20
9.56189334845123
 10
78.05022135524293
 20
9.578725651925355
 10
78.0370442894318
 20
9.59695659690358
 10
78.02574275286673
 20
9.616405959089981
 10
78.01642846830661
 20
9.636881469372334
 10
78.00919351328113
 20
9.658180714522532
 10
78.00410940984665
 20
9.680093138177995
 10
78.00122641754612
 20
9.70240212232306
 10
78.000573036562
 20
9.724887128693501
 10
78.00215572597406
 20
9.74732587893531
 10
78.00595883990728
 20
9.76949655196524
 10
78.62780187540996
 20
12.555297829316347
 10
78.63357904983467
 20
12.576346194334345
 10
78.64135762135625
 20
12.596739900210135
 10
78.65106519111113
 20
12.61628913302676
 10
78.66261140613209
 20
12.634811938779539
 10
78.6758888003061
 20
12.65213591690847
 10
78.69077379461277
 20
12.6680998249123
 10
78.70712784733291
 20
12.682555079109028
 10
78.7247987435221
 20
12.695367137574959
 10
78.7436220117478
 20
12.70641675239036
 10
78.76342245490285
 20
12.715601079536489
 10
78.78401578084859
 20
12.722834636113841
 10
78.80521031770908
 20
12.728050095972067
 10
78.82680879785269
 20
12.731198916346546
 10
78.84861019395551
 20
12.732251789668908
 10
79.02280952644523
 20
12.732251789668908
 10
79.04465675545096
 20
12.731194474395037
 10
79.06629978403001
 20
12.728032411027147
 10
79.08753632036462
 20
12.722795154557739
 10
79.10816787201527
 20
12.715531656275102
 10
79.12800160117875
 20
12.706309806228246
 10
79.14685212709317
 20
12.69521579867613
 10
79.1645432587444
 20
12.682353326452063
 10
79.18090964167814
 20
12.667842611773462
 10
79.1957983035253
 20
12.651819282555811
 10
79.20907008379552
 20
12.63443310473332
 10
79.22060093457443
 20
12.615846582435402
 10
79.23028307996752
 20
12.596233439102319
 10
79.23802602345367
 20
12.575776993736943
 10
79.24375739373295
 20
12.554668447469183
 10
79.85727217429564
 20
9.768867170118067
 10
79.86100790429738
 20
9.746721318708712
 10
79.86252955484917
 20
9.724314199463052
 10
79.86182213128627
 20
9.701866616849463
 10
79.85889260470934
 20
9.679599774070883
 10
79.85376984328971
 20
9.657733093281852
 10
79.8465043277965
 20
9.636482053356508
 10
79.83716765414826
 20
9.616056066514293
 10
79.825851827892
 20
9.596656414728018
 10
79.8126683575609
 20
9.578474266248797
 10
79.79774715584593
 20
9.56168879179401
 10
79.78123525940879
 20
9.546465398961239
 10
79.76329537995174
 20
9.532954102267075
 10
79.74410430082222
 20
9.521288044872444
 10
79.72385113495248
 20
9.511582186561895
 10
79.70273546130109
 20
9.503932170905742
 10
79.68096535815978
 20
9.498413382768101
 10
79.6587553527062
 20
9.495080205448662
 10
79.63632430700791
 20
9.493965484778162
 10
78.22676715845286
 20
9.493965484778162
 10
78.20430047466158
 20
9.495083759168235
 10
78.18205588809413
 20
9.498427527496544
 10
78.16025330040443
 20
9.503963734521399
 10
78.1391082438109
 20
9.511637651373023
 10
78.11882975042579
 20
9.521373416582758
 10
78.09961828584191
 20
9.533074786021047
  0
LWPOLYLINE
  5
86
330
17
100
AcDbEntity
  8
0
100
AcDbPolyline
 90
4
 70
1
 10
78.50907917311197
 20
9.946450512317794
 10
79.35483506208182
 20
9.946450512317794
 10
78.93480798014404
 20
11.853677556320083
 10
78.50907917311197
 20
9.946450512317794
  0
LWPOLYLINE
  5
87
330
17
100
AcDbEntity
  8
0
100
AcDbPolyline
 90
81
 70
1
 10
74.10189656833982
 20
21.388313177218386
 10
74.09593114675711
 20
21.368627376742925
 10
74.08820241263712
 20
21.349564751951938
 10
74.07877425414294
 20
21.331282880537103
 10
74.06772460741769
 20
21.313932886235495
 10
74.05514481233938
 20
21.29765818959294
 10
73.89542829780487
 20
21.10938266931327
 10
73.88095504235253
 20
21.09386022380891
 10
73.86509095576797
 20
21.079762273792625
 10
73.8479756381382
 20
21.067212877781007
 10
73.82975970007777
 20
21.056322467393688
 10
73.59286843512494
 20
20.929383595767383
 10
73.57013391850154
 20
20.918779123384258
 10
73.54636512750837
 20
20.910756801067848
 10
73.52185429256096
 20
20.905415260952367
 10
73.23176339841183
 20
20.858867891786474
 10
73.20791240147503
 20
20.856328539312564
 10
73.1839266063899
 20
20.856328539312564
 10
73.16007560945312
 20
20.858867891786474
 10
72.86998471530401
 20
20.905415260952367
 10
72.84547388035661
 20
20.910756801067848
 10
72.82170508936342
 20
20.918779123384258
 10
72.79897057274002
 20
20.929383595767383
 10
72.56207930778717
 20
21.056322467393695
 10
72.54386336972678
 20
21.067212877781017
 10
72.52674805209699
 20
21.079762273792632
 10
72.51088396551243
 20
21.093860223808917
 10
72.49641071006009
 20
21.109382669313277
 10
72.33669419552558
 20
21.297658189592955
 10
72.32411440044727
 20
21.313932886235513
 10
72.313064753722
 20
21.33128288053711
 10
72.30363659522784
 20
21.349564751951945
 10
72.29590786110785
 20
21.368627376742932
 10
72.28994243952513
 20
21.388313177218393
 10
72.23137579663096
 20
21.618870492344367
 10
72.22692705169668
 20
21.640929153586548
 10
72.22469162176306
 20
21.663320641261542
 10
72.22469162176306
 20
21.685823438138556
 10
72.22692705169668
 20
21.708214925813554
 10
72.23137579663096
 20
21.730273587055734
 10
72.28994243952513
 20
21.960830902181716
 10
72.29590786110785
 20
21.980516702657177
 10
72.30363659522784
 20
21.999579327448163
 10
72.313064753722
 20
22.017861198863
 10
72.32411440044727
 20
22.035211193164606
 10
72.33669419552558
 20
22.05148588980716
 10
72.49641071006009
 20
22.23976141008683
 10
72.51088396551243
 20
22.25528385559119
 10
72.52674805209699
 20
22.269381805607477
 10
72.54386336972678
 20
22.28193120161909
 10
72.56207930778717
 20
22.292821612006414
 10
72.79897057274002
 20
22.419760483632718
 10
72.82170508936342
 20
22.43036495601584
 10
72.84547388035661
 20
22.438387278332254
 10
72.86998471530401
 20
22.443728818447735
 10
73.16007560945312
 20
22.490276187613624
 10
73.1839266063899
 20
22.492815540087538
 10
73.20791240147503
 20
22.492815540087538
 10
73.23176339841183
 20
22.490276187613624
 10
73.52185429256096
 20
22.443728818447735
 10
73.54636512750837
 20
22.438387278332254
 10
73.57013391850154
 20
22.43036495601584
 10
73.59286843512494
 20
22.419760483632718
 10
73.82975970007777
 20
22.292821612006406
 10
73.8479756381382
 20
22.281931201619084
 10
73.86509095576797
 20
22.26938180560747
 10
73.88095504235253
 20
22.25528385559118
 10
73.89542829780487
 20
22.239761410086825
 10
74.05514481233938
 20
22.051485889807147
 10
74.06772460741769
 20
22.03521119316459
 10
74.07877425414294
 20
22.017861198862988
 10
74.08820241263712
 20
21.999579327448153
 10
74.09593114675711
 20
21.98051670265717
 10
74.10189656833982
 20
21.96083090218171
 10
74.16046321123399
 20
21.730273587055734
 10
74.16491195616828
 20
21.708214925813554
 10
74.16714738610189
 20
21.685823438138556
 10
74.16714738610189
 20
21.663320641261542
 10
74.16491195616828
 20
21.640929153586548
 10
74.16046321123399
 20
21.618870492344367
 10
74.10189656833982
 20
21.388313177218386
  0
LWPOLYLINE
  5
88
330
17
100
AcDbEntity
  8
0
100
AcDbPolyline
 90
17
 70
1
 10
72.81366822671326
 20
21.91428241199405
 10
72.71561111918697
 20
21.798691654266605
 10
72.68408199967708
 20
21.67457203970005
 10
72.71561111918697
 20
21.550452425133518
 10
72.81366822671326
 20
21.43486166740605
 10
72.97919244624545
 20
21.346165034128227
 10
73.19591950393249
 20
21.31138947044848
 10
73.41264656161952
 20
21.346165034128227
 10
73.57817078115171
 20
21.43486166740605
 10
73.67622788867799
 20
21.550452425133496
 10
73.70775700818784
 20
21.67457203970005
 10
73.67622788867799
 20
21.79869165426658
 10
73.57817078115168
 20
21.91428241199405
 10
73.41264656161948
 20
22.002979045271875
 10
73.19591950393249
 20
22.037754608951623
 10
72.97919244624542
 20
22.002979045271875
 10
72.81366822671326
 20
21.91428241199405
  0
LWPOLYLINE
  5
89
330
17
100
AcDbEntity
  8
0
100
AcDbPolyline
 90
69
 70
1
 10
88.47760651693349
 20
30.556597199735073
 10
88.48902082551618
 20
30.575640823106692
 10
88.50224677258758
 20
30.59347394834053
 10
88.51715698504738
 20
30.609924832691988
 10
88.53360786939885
 20
30.6248350451518
 10
88.55144099463269
 20
30.638060992223206
 10
88.57048461800433
 20
30.649475300805882
 10
88.59055533901038
 20
30.6589680448685
 10
88.6114598656358
 20
30.666447804096457
 10
88.63299687586161
 20
30.67184254431953
 10
88.65495895650605
 20
30.67510031124031
 10
88.6771346007267
 20
30.676189730782475
 10
92.09200973691269
 20
30.676189730782475
 10
92.11418538113337
 20
30.67510031124031
 10
92.13614746177777
 20
30.67184254431953
 10
92.15768447200358
 20
30.666447804096457
 10
92.178588998629
 20
30.6589680448685
 10
92.19865971963506
 20
30.649475300805882
 10
92.21770334300673
 20
30.638060992223206
 10
92.23553646824053
 20
30.6248350451518
 10
92.251987352592
 20
30.609924832691988
 10
92.2668975650518
 20
30.59347394834053
 10
92.28012351212321
 20
30.575640823106692
 10
92.2915378207059
 20
30.556597199735073
 10
92.30103056476851
 20
30.536526478729
 10
92.30851032399647
 20
30.51562195210357
 10
92.31390506421954
 20
30.49408494187776
 10
92.31716283114031
 20
30.47212286123334
 10
92.31825225068249
 20
30.449947217012664
 10
92.31825225068249
 20
29.79711724560642
 10
92.31716283114031
 20
29.77494160138574
 10
92.31390506421954
 20
29.75297952074134
 10
92.30851032399647
 20
29.731442510515514
 10
92.30103056476851
 20
29.71053798389008
 10
92.2915378207059
 20
29.690467262884027
 10
92.28012351212321
 20
29.67142363951239
 10
92.2668975650518
 20
29.65359051427855
 10
92.251987352592
 20
29.637139629927095
 10
92.23553646824053
 20
29.6222294174673
 10
92.21770334300673
 20
29.609003470395876
 10
92.19865971963506
 20
29.5975891618132
 10
92.178588998629
 20
29.58809641775058
 10
92.15768447200358
 20
29.58061665852264
 10
92.13614746177777
 20
29.575221918299565
 10
92.11418538113337
 20
29.571964151378786
 10
92.09200973691269
 20
29.570874731836607
 10
88.6771346007267
 20
29.570874731836607
 10
88.65495895650605
 20
29.571964151378786
 10
88.63299687586161
 20
29.575221918299565
 10
88.6114598656358
 20
29.58061665852264
 10
88.59055533901038
 20
29.58809641775058
 10
88.57048461800433
 20
29.5975891618132
 10
88.55144099463269
 20
29.609003470395876
 10
88.53360786939885
 20
29.6222294174673
 10
88.51715698504738
 20
29.637139629927095
 10
88.50224677258758
 20
29.65359051427855
 10
88.48902082551618
 20
29.67142363951239
 10
88.47760651693349
 20
29.690467262884027
 10
88.46811377287091
 20
29.71053798389008
 10
88.46063401364295
 20
29.731442510515514
 10
88.45523927341985
 20
29.75297952074134
 10
88.45198150649908
 20
29.77494160138574
 10
88.4508920869569
 20
29.79711724560642
 10
88.4508920869569
 20
30.449947217012664
 10
88.45198150649908
 20
30.47212286123334
 10
88.45523927341985
 20
30.49408494187776
 10
88.46063401364295
 20
30.51562195210357
 10
88.46811377287091
 20
30.536526478729
 10
88.47760651693349
 20
30.556597199735073
  0
LWPOLYLINE
  5
8A
330
17
100
AcDbEntity
  8
0
100
AcDbPolyline
 90
5
 70
1
 10
91.86576722314287
 20
30.223704703242852
 10
88.90337711449655
 20
30.223704703242852
 10
88.90337711449655
 20
30.02335975937625
 10
91.86576722314287
 20
30.02335975937625
 10
91.86576722314287
 20
30.223704703242852
  0
LWPOLYLINE
  5
8B
330
17
100
AcDbEntity
  8
0
100
AcDbPolyline
 90
105
 70
1
 10
76.30988349047925
 20
30.357537164277005
 10
76.13657519563624
 20
30.355373239131268
 10
76.13033709862417
 20
30.35538135749488
 10
75.94495631600778
 20
30.358178626585712
 10
75.93738719642005
 20
30.35841959757233
 10
75.76460981404125
 20
30.366816694733483
 10
75.75588599140214
 20
30.36740984897465
 10
75.595712009261
 20
30.381414709039163
 10
75.58560025916321
 20
30.382528415465526
 10
75.43802967725972
 20
30.402148973266428
 10
75.42187102436932
 20
30.404896327156624
 10
75.286811510101
 20
30.43292792818884
 10
75.26374207008764
 20
30.439000458108328
 10
75.14128595605699
 20
30.47824469955346
 10
75.11590061404308
 20
30.48810106343284
 10
75.00604790025008
 20
30.53855794529084
 10
74.97931819422222
 20
30.553086196272595
 10
74.88206888066688
 20
30.614755718543496
 10
74.86817551469372
 20
30.62431005363426
 10
74.85503231008076
 20
30.634872586928527
 10
74.76992281015485
 20
30.70865571383491
 10
74.75695092239296
 20
30.720826743881034
 10
74.74497530414875
 20
30.733979249808023
 10
74.6719036672703
 20
30.820860621993432
 10
74.661408988566
 20
30.834340753959076
 10
74.65196139497169
 20
30.848574348522504
 10
74.59091607956543
 20
30.948540981714725
 10
74.57644512913808
 20
30.976422912878583
 10
74.52741459362872
 20
31.089461822805372
 10
74.51783828266052
 20
31.115944064137267
 10
74.48009925499532
 20
31.244897003044315
 10
74.47467569054731
 20
31.26778104678524
 10
74.44770495264561
 20
31.415401762406486
 10
74.44508561330075
 20
31.434140528459515
 10
74.42889470673781
 20
31.60043984102177
 10
74.42792631023785
 20
31.61576230313097
 10
74.42252677658901
 20
31.800751032861104
 10
74.4226779010353
 20
31.817930211459238
 10
74.43165724662587
 20
32.009764778494144
 10
74.43429937029067
 20
32.03522995710163
 10
74.46123740706238
 20
32.20215852596772
 10
74.46887084200446
 20
32.2343115431531
 10
74.51376756995727
 20
32.376329064411195
 10
74.52105176307175
 20
32.39611203738369
 10
74.53014571976958
 20
32.41513111834302
 10
74.5930011389035
 20
32.53223254255391
 10
74.6016131573643
 20
32.54692205794294
 10
74.61130559004792
 20
32.56092225340611
 10
74.68739342527384
 20
32.662439545331004
 10
74.69909847353472
 20
32.676792568865366
 10
74.78353086770917
 20
32.772080295517135
 10
74.79620951534511
 20
32.78527331052615
 10
74.88902109319405
 20
32.87434301348008
 10
74.90236503110111
 20
32.8861747501386
 10
75.00359041735052
 20
32.96903797096999
 10
75.01923459127201
 20
32.98075332304801
 10
75.03583150734663
 20
32.99107475845254
 10
75.26580124257427
 20
33.12066356602427
 10
75.28532836895569
 20
33.130456608076045
 10
75.30570894751686
 20
33.138320726262705
 10
75.3267529668235
 20
33.14418260213693
 10
75.34826423007576
 20
33.147987584480646
 10
75.37004218428275
 20
33.149700198827304
 10
75.39188379005076
 20
33.14930447819601
 10
75.41358541455217
 20
33.14680411195427
 10
75.4349447300274
 20
33.142222411421486
 10
75.45576260011939
 20
33.13560209253369
 10
75.47584493645404
 20
33.12700487759594
 10
75.49500450815754
 20
33.11651091983535
 10
75.51306268744021
 20
33.10421805611948
 10
75.52985111497235
 20
33.09024089480746
 10
75.54521326952526
 20
33.07470974723767
 10
77.44221736488015
 20
30.961901276751302
 10
77.4565243170909
 20
30.944260171142666
 10
77.46899034247438
 20
30.92527344683874
 10
77.47948979667441
 20
30.905132469946906
 10
77.48791685629307
 20
30.88404024022033
 10
77.49418658547886
 20
30.862209345035016
 10
77.49823579199023
 20
30.83985981673387
 10
77.50002366410656
 20
30.817216914933283
 10
77.49953218196708
 20
30.794508856144336
 10
77.49676629919223
 20
30.771964513591705
 10
77.49175389295608
 20
30.74981111041342
 10
77.48454548301422
 20
30.728271929492006
 10
77.4752137225178
 20
30.707564062999
 10
77.46385266574666
 20
30.68789622433537
 10
77.45057682014166
 20
30.669466644521176
 10
77.43551999219072
 20
30.652461074236385
 10
77.4188339388008
 20
30.637050911650437
 10
77.40068683774892
 20
30.623391474909937
 10
77.29436584600052
 20
30.551429151733338
 10
77.280136578371
 20
30.542548980598813
 10
77.26528852020472
 20
30.534747399647337
 10
77.14761061835205
 20
30.478379908758843
 10
77.11805973090355
 20
30.466699307940438
 10
76.98902491894667
 20
30.425914386416277
 10
76.96083348690725
 20
30.418957964325692
 10
76.82044176484611
 20
30.3937433492421
 10
76.80336056261207
 20
30.39134359279519
 10
76.65332008359243
 20
30.376069880795125
 10
76.64596792174282
 20
30.375442403696916
 10
76.48817150411539
 20
30.36456386784429
 10
76.48149894949245
 20
30.364202778761552
 10
76.31594659325724
 20
30.35769417186036
 10
76.30988349047925
 20
30.357537164277005
  0
LWPOLYLINE
  5
8C
330
17
100
AcDbEntity
  8
0
100
AcDbPolyline
 90
33
 70
1
 10
75.11612224789111
 20
32.46514461494322
 10
75.04390872215346
 20
32.38364671631879
 10
74.98361359602859
 20
32.30320024412921
 10
74.93883123784529
 20
32.219769443809255
 10
74.90530386640341
 20
32.113715519534864
 10
74.88304790929077
 20
31.97580067811392
 10
74.87506997697574
 20
31.805360285097443
 10
74.87999461080784
 20
31.6366416852635
 10
74.89452368012103
 20
31.48741136084874
 10
74.91767634175349
 20
31.36068837346982
 10
74.94814559141888
 20
31.256576011977618
 10
74.98529701642842
 20
31.170924151526265
 10
75.02921411721829
 20
31.09900635281711
 10
75.0797900968895
 20
31.038872069514195
 10
75.13866095057483
 20
30.9878357495695
 10
75.20876543066287
 20
30.943379808051553
 10
75.29236823834671
 20
30.90497987377
 10
75.39046012932015
 20
30.87354378024668
 10
75.50579509240244
 20
30.849606009644546
 10
75.64019320338096
 20
30.831736825483485
 10
75.79094260887697
 20
30.81855600609848
 10
75.95556980469331
 20
30.81055501349396
 10
76.13404501820486
 20
30.807861944713117
 10
76.30120160482208
 20
30.809949059708874
 10
76.4603845181408
 20
30.816207255193
 10
76.6111661271471
 20
30.82660218788005
 10
76.7489492678745
 20
30.840628136235352
 10
76.86652678006693
 20
30.861745276682754
 10
76.91132206795999
 20
30.875904031778855
 10
75.32979660882101
 20
32.63734481861781
 10
75.27504296289084
 20
32.60649093395653
 10
75.19588891006632
 20
32.541695332754884
 10
75.11612224789111
 20
32.46514461494322
  0
LWPOLYLINE
  5
8D
330
17
100
AcDbEntity
  8
0
100
AcDbPolyline
 90
332
 70
1
 10
74.07699579937757
 20
33.994851014482656
 10
74.02341595960048
 20
34.06525185869972
 10
74.02011284635645
 20
34.06970411089495
 10
73.97191138067343
 20
34.13636620606027
 10
73.9660019326002
 20
34.14494842723458
 10
73.92318268820304
 20
34.21030704573843
 10
73.91516581971835
 20
34.223505577781545
 10
73.87774803256595
 20
34.29013160552404
 10
73.87036943405877
 20
34.304439590195955
 10
73.83835310415105
 20
34.372351060888505
 10
73.83182533190242
 20
34.387627804619534
 10
73.80521045923936
 20
34.456842751973575
 10
73.80045582925594
 20
34.47049450655903
 10
73.77825176195695
 20
34.54147194864257
 10
73.7748442924046
 20
34.55352567443838
 10
73.7562527381774
 20
34.627005474318665
 10
73.75360626274619
 20
34.638776743985964
 10
73.73863876316601
 20
34.71476539379907
 10
73.73669451126705
 20
34.726165659688874
 10
73.7253626079093
 20
34.80466965157093
 10
73.72417799056828
 20
34.81434659965323
 10
73.71572378665428
 20
34.89838429599709
 10
73.71505842788577
 20
34.90644121509713
 10
73.70906257951262
 20
34.999231032267645
 10
73.70873155320614
 20
35.005866790789945
 10
73.70515943564794
 20
35.10742099171088
 10
73.70503261109334
 20
35.112948315810314
 10
73.70384959962412
 20
35.22327916340544
 10
73.70402803398758
 20
35.23501007509505
 10
73.71509063392146
 20
35.503753973023464
 10
73.7170660998831
 20
35.525686525786
 10
73.75027698283532
 20
35.76391594129378
 10
73.75574948943542
 20
35.79097364285186
 10
73.81114328013197
 20
35.9986957894236
 10
73.81620667908693
 20
36.01514303914265
 10
73.82250557586501
 20
36.031157842659304
 10
73.90011689903179
 20
36.208379933779575
 10
73.91546741122191
 20
36.23747146746282
 10
74.01036993779769
 20
36.38941991315077
 10
74.02677454971997
 20
36.412366017316096
 10
74.13423431023219
 20
36.544426886049365
 10
74.15528875230791
 20
36.56696979077317
 10
74.27535191305779
 20
36.679112785916594
 10
74.30070400614032
 20
36.69958176751493
 10
74.43341673342911
 20
36.79177659243333
 10
74.45791932327327
 20
36.806592149880395
 10
74.60128877176419
 20
36.881324932030175
 10
74.62323380734045
 20
36.891315047802934
 10
74.77560568457258
 20
36.95109644048808
 10
74.79767187045255
 20
36.958468872981285
 10
74.95904617642583
 20
37.003305368337934
 10
74.98050749041803
 20
37.00815774042036
 10
75.15088422513253
 20
37.0380558305846
 10
75.16462355962688
 20
37.04003449677912
 10
75.33858395347487
 20
37.059661426491395
 10
75.34557563997863
 20
37.0603405125607
 10
75.51772400650304
 20
37.07436689285419
 10
75.52492929869872
 20
37.074838359916996
 10
75.69530026262555
 20
37.08325842000403
 10
75.70270114027502
 20
37.08350285634674
 10
75.87132932633016
 20
37.08631082543967
 10
75.87887921049676
 20
37.086310554738716
 10
76.04678412449918
 20
37.08350258564577
 10
76.05428982250163
 20
37.08325240538027
 10
76.22282952314606
 20
37.07483234529324
 10
76.23023582875771
 20
37.074340420750794
 10
76.39939877446885
 20
37.060314040457286
 10
76.40668561506223
 20
37.05959093207984
 10
76.57646026426474
 20
37.03996400236757
 10
76.59055608982655
 20
37.03788276892234
 10
76.75666436527248
 20
37.00798467875808
 10
76.77821859823895
 20
37.003006202254625
 10
76.9365824766524
 20
36.95816970689796
 10
76.95840771522036
 20
36.95077062682642
 10
77.10903873817666
 20
36.89098923414126
 10
77.13042237139848
 20
36.88118695720222
 10
77.27333208047295
 20
36.80645417505245
 10
77.2976512019745
 20
36.79172043402308
 10
77.43024081912664
 20
36.69952560910469
 10
77.45553325486557
 20
36.679093034060834
 10
77.57556563808127
 20
36.566950038917405
 10
77.59658892515215
 20
36.54443918786309
 10
77.70406407443144
 20
36.41237831912981
 10
77.72046996539764
 20
36.389433892550194
 10
77.81538788074052
 20
36.23748544686224
 10
77.83076943833524
 20
36.2083289646428
 10
77.90832882441308
 20
36.03110687352253
 10
77.9146136277114
 20
36.01511955020528
 10
77.91966729451012
 20
35.99870145923111
 10
77.97506685599433
 20
35.79097931265937
 10
77.98053716180088
 20
35.763942562899196
 10
78.0137768986914
 20
35.525713147391414
 10
78.01575547861927
 20
35.50376851044243
 10
78.0268353909161
 20
35.23502461251401
 10
78.02698432727524
 20
35.22128891136774
 10
78.02398544129075
 20
35.06767703613837
 10
78.02357474164744
 20
35.05777057450993
 10
78.01458577807743
 20
34.91606239151509
 10
78.01355104766007
 20
34.9044749378515
 10
77.9985835480799
 20
34.77464015045598
 10
77.99659305107583
 20
34.76102657195356
 10
77.97565855706084
 20
34.643034883522176
 10
77.97230131196869
 20
34.62736254887583
 10
77.9450343403007
 20
34.51897489379865
 10
77.94014853799332
 20
34.502291237910896
 10
77.906337493125
 20
34.40138396633098
 10
77.89948884821767
 20
34.383496497808665
 10
77.85909910542311
 20
34.2900566254538
 10
77.84994562465464
 20
34.27130556105188
 10
77.80294255920792
 20
34.18532010364985
 10
77.792381065154
 20
34.16790990435822
 10
77.73937830414239
 20
34.08879949887345
 10
77.72800841543726
 20
34.073296678057794
 10
77.66962728033155
 20
34.00040357492241
 10
77.65649604257241
 20
33.98541236457271
 10
77.59271345022195
 20
33.91876181098269
 10
77.5779973123319
 20
33.904707583607674
 10
77.50879017958613
 20
33.84432482675902
 10
77.49621838279553
 20
33.834124723727946
 10
77.42138280849066
 20
33.7777245317094
 10
77.4117122040975
 20
33.77082671218125
 10
77.33087501063184
 20
33.7163114036804
 10
77.3216211280756
 20
33.71039239008871
 10
77.23478231544912
 20
33.657774228029304
 10
77.22598867298197
 20
33.652711946591594
 10
77.13314824119477
 20
33.60200319389741
 10
77.1220745814725
 20
33.59634427891175
 10
76.70203195514276
 20
33.39605467794222
 10
77.69483762636052
 20
32.26344924437083
 10
77.69912985931265
 20
32.37004780391464
 10
77.69912985931265
 20
32.90364765583166
 10
77.70021927885483
 20
32.92582330005236
 10
77.70347704577561
 20
32.94778538069676
 10
77.70887178599871
 20
32.969322390922585
 10
77.71635154522666
 20
32.990226917548014
 10
77.72584428928924
 20
33.01029763855407
 10
77.73725859787194
 20
33.02934126192571
 10
77.75048454494338
 20
33.04717438715955
 10
77.76539475740317
 20
33.063625271511
 10
77.78184564175461
 20
33.0785354839708
 10
77.79967876698845
 20
33.09176143104222
 10
77.8187223903601
 20
33.1031757396249
 10
77.83879311136614
 20
33.112668483687514
 10
77.85969763799159
 20
33.12014824291546
 10
77.8812346482174
 20
33.12554298313854
 10
77.9031967288618
 20
33.12880075005931
 10
77.9253723730825
 20
33.129890169601495
 10
78.96011307147033
 20
33.129890169601495
 10
78.98164086987472
 20
33.12886361648443
 10
79.00297330775037
 20
33.12579327290052
 10
79.0239167974269
 20
33.12070700161282
 10
79.0442812808621
 20
33.113650959531086
 10
79.06388195438142
 20
33.104689178846876
 10
79.0825409457347
 20
33.0939029859541
 10
79.10008892825199
 20
33.08139026342796
 10
79.1163666574495
 20
33.06726456175993
 10
79.13122641614214
 20
33.05165406890933
 10
79.1445333549477
 20
33.034700447022914
 10
79.15616671601846
 20
33.0165575468788
 10
79.16602092889498
 20
32.997390011720974
 10
79.174006568537
 20
32.977371783154226
 10
79.18005116683828
 20
32.956684522658485
 10
79.18409987026023
 20
32.93551596304657
 10
79.18611593761702
 20
32.91405820482594
 10
79.1860810734947
 20
32.89250597292446
 10
79.12858863968776
 20
31.726483702586233
 10
79.12853866826244
 20
31.725512644798567
 10
79.12103856790732
 20
31.585626227331428
 10
79.1202674306915
 20
31.575500455558508
 10
79.10737741466698
 20
31.444999502863116
 10
79.10594348516275
 20
31.43350102036426
 10
79.08767509504416
 20
31.312361727941553
 10
79.08531247122313
 20
31.299304471197907
 10
79.06167724858578
 20
31.187503034548808
 10
79.05859478479901
 20
31.174758985771376
 10
79.03012748929888
 20
31.0703976573307
 10
79.02668584452567
 20
31.058975649918363
 10
78.99407512348951
 20
30.96024949562241
 10
78.9896586161413
 20
30.94806280706369
 10
78.96824173504433
 20
30.89386577968225
 10
79.57761052380522
 20
30.225725281144083
 10
79.59096824400577
 20
30.209646165403818
 10
79.60278489878255
 20
30.192402809528826
 10
79.6129596106132
 20
30.174142418210252
 10
79.6214055190674
 20
30.155020878462413
 10
79.62805052232493
 20
30.13520142883201
 10
79.63283789270122
 20
30.11485326584797
 10
79.63572676092568
 20
30.09415009960881
 10
79.6366924650382
 20
30.073268670837965
 10
79.6366924650382
 20
29.80422685599688
 10
79.63560304549603
 20
29.782051211776203
 10
79.63234527857524
 20
29.760089131131803
 10
79.62695053835215
 20
29.738552120905975
 10
79.6194707791242
 20
29.717647594280542
 10
79.6099780350616
 20
29.69757687327449
 10
79.59856372647891
 20
29.678533249902852
 10
79.58533777940751
 20
29.660700124669013
 10
79.57042756694771
 20
29.64424924031756
 10
79.55397668259624
 20
29.62933902785776
 10
79.53614355736244
 20
29.616113080786338
 10
79.51709993399076
 20
29.604698772203662
 10
79.49702921298471
 20
29.595206028141046
 10
79.4761246863593
 20
29.5877262689131
 10
79.45458767613349
 20
29.582331528690027
 10
79.43262559548906
 20
29.57907376176925
 10
79.41044995126839
 20
29.57798434222707
 10
78.20323195145983
 20
29.57798434222707
 10
78.1820230894557
 20
29.578980636917905
 10
78.1610010206078
 20
29.58196074630794
 10
78.14035089292605
 20
29.58689842363113
 10
78.12025457861674
 20
29.593750181201443
 10
78.10088907227666
 20
29.602455673422696
 10
78.08242493204571
 20
29.61293822827123
 10
78.06502477744725
 20
29.625105522570774
 10
78.04884185714675
 20
29.63885039511177
 10
78.03401869924207
 20
29.654051790454112
 10
77.92568848573293
 20
29.776115381204505
 10
77.86879957404739
 20
29.74711653459468
 10
77.85477275095626
 20
29.740561088592987
 10
77.7466724330144
 20
29.694478824451384
 10
77.73220284005419
 20
29.688888633029293
 10
77.62118250355906
 20
29.650316327671703
 10
77.60956779786632
 20
29.6466284134081
 10
77.49604293952909
 20
29.61392019010553
 10
77.48737462404898
 20
29.61160783041874
 10
77.37208390468945
 20
29.58328901247594
 10
77.36348105807261
 20
29.58135285237787
 10
77.24641293611545
 20
29.557392421811226
 10
77.23791969193137
 20
29.55582238793642
 10
77.11906262580129
 20
29.536189326762248
 10
77.11127563030477
 20
29.53504182932186
 10
76.99122016393842
 20
29.51947897681533
 10
76.98421069889835
 20
29.518681246832084
 10
76.86355507061594
 20
29.5068520939381
 10
76.85657252016428
 20
29.506276524261317
 10
76.73531672996582
 20
29.498169529404556
 10
76.72838134285773
 20
29.497812659363095
 10
76.60652539074313
 20
29.493416280968237
 10
76.60239140391471
 20
29.493304953826694
 10
76.4811356137162
 20
29.491148362390273
 10
76.48007362995429
 20
29.491131967975477
 10
76.36061832550403
 20
29.489568324970566
 10
76.35948757313284
 20
29.489556349966854
 10
76.2418327544308
 20
29.488604410453327
 10
76.24063008861494
 20
29.488597876521744
 10
76.12477575566113
 20
29.488276395559488
 10
76.12311672477081
 20
29.488277874805853
 10
75.98205943853351
 20
29.488920836730365
 10
75.98012513660477
 20
29.488937923157327
 10
75.83488980010556
 20
29.490841802184367
 10
75.83312029452487
 20
29.490871920996003
 10
75.68372999091432
 20
29.493999207005825
 10
75.68211129520616
 20
29.494038887617997
 10
75.5285891076349
 20
29.498352070490853
 10
75.52267216962605
 20
29.49859584095765
 10
75.36752839072389
 20
29.507022753855022
 10
75.35745541275797
 20
29.507795778071994
 10
75.20354658241386
 20
29.52307045187001
 10
75.19347277321529
 20
29.524298956357057
 10
75.04078734985394
 20
29.54640480004122
 10
75.0307753894566
 20
29.548084475482458
 10
74.87930183150269
 20
29.577004898038236
 10
74.86848920072728
 20
29.57934468794295
 10
74.71939897807478
 20
29.615444210790535
 10
74.70773058609844
 20
29.618601765330457
 10
74.56221825179178
 20
29.662182393023762
 10
74.55051659262925
 20
29.666037191272512
 10
74.40860522981905
 20
29.71710974403843
 10
74.39697588670879
 20
29.721661347511546
 10
74.25868857854567
 20
29.780236645576878
 10
74.24218038512988
 20
29.788028944203464
 10
74.10981967588808
 20
29.857168630868514
 10
74.08885865842899
 20
29.86959851271595
 10
73.96488867443693
 20
29.952448869499882
 10
73.9455545082835
 20
29.96692039524648
 10
73.82996370796594
 20
30.06348070080082
 10
73.81280605977969
 20
30.079390179803795
 10
73.70558290156133
 20
30.1896597127801
 10
73.690129907874
 20
30.207294652841064
 10
73.59219002339599
 20
30.33150051777848
 10
73.5786913899019
 20
30.350567186516592
 10
73.49096579957255
 20
30.48913221383556
 10
73.48031354328866
 20
30.5078784835695
 10
73.40281378868322
 20
30.660801230573135
 10
73.39471137128326
 20
30.678671053906335
 10
73.32744899397713
 20
30.845950077897683
 10
73.32040516061934
 20
30.866188032822667
 10
73.26588083526279
 20
31.05054185568608
 10
73.26058976939791
 20
31.07235875166206
 10
73.22165811228408
 20
31.276669400931983
 10
73.21887588990012
 20
31.295587064783344
 10
73.19552535945371
 20
31.519838670793742
 10
73.19442352742197
 20
31.536064029443455
 10
73.1866425820677
 20
31.780240722528266
 10
73.18660105692527
 20
31.79320341082988
 10
73.19138119269918
 20
31.980999147855012
 10
73.19206702891657
 20
31.99375985756171
 10
73.20641513062179
 20
32.16847249762541
 10
73.20809518261207
 20
32.18308685546705
 10
73.23202279182395
 20
32.344715677220854
 10
73.23513240677296
 20
32.36138273020649
 10
73.26865106506676
 20
32.509927012301965
 10
73.27294607086895
 20
32.526137517957935
 10
73.31484776002901
 20
32.66350366414167
 10
73.32000590652474
 20
32.67850700243892
 10
73.36909799710244
 20
32.80651437374382
 10
73.37594919987545
 20
32.82251001349417
 10
73.43226631659668
 20
32.94116582340477
 10
73.44108578020888
 20
32.95790298709927
 10
73.50466254779967
 20
33.067214449100156
 10
73.51437250885598
 20
33.08247167571949
 10
73.58440678783222
 20
33.183373056287
 10
73.5947916367508
 20
33.197178275861454
 10
73.6708275348878
 20
33.29060720776472
 10
73.68264219581297
 20
33.304007063012
 10
73.76467971311078
 20
33.38995849681183
 10
73.77780591084861
 20
33.40264431681399
 10
73.8658450473072
 20
33.48111320307115
 10
73.87660769918803
 20
33.49012268346091
 10
73.96937695792755
 20
33.56300785176325
 10
73.97730166979287
 20
33.56895798009523
 10
74.07370652475475
 20
33.638092857770545
 10
74.08174354652486
 20
33.64359835498262
 10
74.18177245613384
 20
33.70900097574235
 10
74.18986699586974
 20
33.71405308258807
 10
74.26987104087453
 20
33.76167227968755
 10
74.20902630190031
 20
33.83228247896117
 10
74.20615110083666
 20
33.83568635810105
 10
74.14174526341952
 20
33.913475974561386
 10
74.13898760894378
 20
33.916873024367334
 10
74.08000631192196
 20
33.99098304234938
 10
74.07699579937757
 20
33.994851014482656
  0
LWPOLYLINE
  5
8E
330
17
100
AcDbEntity
  8
0
100
AcDbPolyline
 90
232
 70
1
 10
78.15161488685231
 20
32.67740514206185
 10
78.15161488685231
 20
32.365494776697666
 10
78.15143170585525
 20
32.35639240869739
 10
78.14483377197018
 20
32.19253125391918
 10
78.14314112760538
 20
32.17256019470984
 10
78.12336271471717
 20
32.0199253859652
 10
78.11933994035677
 20
31.99767401820129
 10
78.08640413161609
 20
31.85627637571711
 10
78.07933522678034
 20
31.83210649880858
 10
78.03326510533776
 20
31.701956842811665
 10
78.0247468428412
 20
31.681220803839686
 10
78.0142182660017
 20
31.66142956391028
 10
78.00178274503483
 20
31.642777434635324
 10
77.98756237265081
 20
31.625447543768132
 10
77.97169676534114
 20
31.60961003724396
 10
77.95434169261488
 20
31.595420408676773
 10
77.93566754764441
 20
31.58301797271324
 10
77.91585767433448
 20
31.572524497233086
 10
77.89510656724065
 20
31.564043007824477
 10
77.87361796200966
 20
31.557656776272527
 10
77.8516028350904
 20
31.553428502991704
 10
77.8292773323541
 20
31.55139970142932
 10
77.80686064696083
 20
31.551590290484032
 10
77.78457286730766
 20
31.553998398940738
 10
77.7626328161871
 20
31.558600383842418
 10
77.74125590237156
 20
31.565351062617992
 10
77.72065200571672
 20
31.574184156687735
 10
77.7010234165482
 20
31.585012942190357
 10
77.68256284956269
 20
31.597731101443227
 10
77.66545155174317
 20
31.612213766775966
 10
77.6498575228649
 20
31.628318746488816
 10
76.16477994467901
 20
33.322514280510354
 10
76.15111864089738
 20
33.33971719690565
 10
76.1391901206867
 20
33.358163929925375
 10
76.12910684450638
 20
33.37768056628997
 10
76.12096387610706
 20
33.39808310581734
 10
76.11483798628272
 20
33.41917919615126
 10
76.11078692908593
 20
33.44076994623334
 10
76.10884889733076
 20
33.46265180142053
 10
76.10904216251585
 20
33.48461846257068
 10
76.11136490256337
 20
33.506462831002594
 10
76.1157952189975
 20
33.52797896099409
 10
76.12229134339987
 20
33.54896400141021
 10
76.13079203119689
 20
33.56922010815596
 10
76.14121713906499
 20
33.588556309423424
 10
76.153468380511
 20
33.606790306147914
 10
76.16743025250379
 20
33.623750190698665
 10
76.18297112442107
 20
33.63927606760041
 10
76.19994447904492
 20
33.653221561006184
 10
76.21819029390609
 20
33.66545519470879
 10
76.23753654995402
 20
33.67586163168049
 10
76.9217080232763
 20
34.002096215498405
 10
77.00463582296067
 20
34.047390762332334
 10
77.08243577752629
 20
34.094532017420185
 10
77.15379202492905
 20
34.14265352775286
 10
77.21741438076458
 20
34.19060282351397
 10
77.27284379296285
 20
34.23896461204995
 10
77.32268858681839
 20
34.29105065906727
 10
77.36881997051361
 20
34.348649054565826
 10
77.4107945282307
 20
34.41129907916202
 10
77.44789945437793
 20
34.47917729128102
 10
77.48034201085161
 20
34.5542317017829
 10
77.5083440334139
 20
34.63780225414183
 10
77.53153246243792
 20
34.7299774864133
 10
77.54986376776927
 20
34.83329699657909
 10
77.56337670947802
 20
34.95051429826977
 10
77.57168340361807
 20
35.08146671832494
 10
77.57445138066262
 20
35.22325074966474
 10
77.56410888729623
 20
35.474108509827666
 10
77.53430287335665
 20
35.68772841009444
 10
77.48690043276622
 20
35.86546513667471
 10
77.42286907394349
 20
36.01177587843906
 10
77.34419325313816
 20
36.13772332093619
 10
77.25538127236331
 20
36.246851686085705
 10
77.15853868094271
 20
36.33732908866997
 10
77.05102701362851
 20
36.41208621941379
 10
76.93117739342338
 20
36.47476002664167
 10
76.80221728150102
 20
36.5259408188865
 10
76.66560996048189
 20
36.564617527084856
 10
76.5174157722925
 20
36.59129123246413
 10
76.35835938934238
 20
36.609679068711266
 10
76.1965448332438
 20
36.62309614708691
 10
76.03546309334801
 20
36.6311436155686
 10
75.8750880445708
 20
36.63382565845531
 10
75.71393724204928
 20
36.63114220153528
 10
75.55087112496399
 20
36.623083161001766
 10
75.38582275736277
 20
36.609635277542075
 10
75.22225296665158
 20
36.59118065856631
 10
75.06956430980526
 20
36.56438651183555
 10
74.93002541900296
 20
36.52561680316479
 10
74.799735923912
 20
36.474499184807186
 10
74.67979344314752
 20
36.41197794768291
 10
74.57227726086248
 20
36.33728702840058
 10
74.47544862181921
 20
36.24684585118892
 10
74.38666482145904
 20
36.137736490167455
 10
74.30798345601302
 20
36.01175974733987
 10
74.24390562722074
 20
35.8654408037933
 10
74.19651886697999
 20
35.68774436105987
 10
74.16673938591181
 20
35.474129192225
 10
74.15637153491168
 20
35.222262840049574
 10
74.15746198840736
 20
35.12056419927047
 10
74.16082013259381
 20
35.025093195341675
 10
74.16634105165117
 20
34.93965323120894
 10
74.17390255472334
 20
34.864489288448134
 10
74.183711484918
 20
34.79653599304265
 10
74.19639487689025
 20
34.732143552216996
 10
74.21196937276291
 20
34.67058813700149
 10
74.23014367040871
 20
34.61249224217323
 10
74.25117978851594
 20
34.55778546879278
 10
74.27621698734839
 20
34.504677789067074
 10
74.30590770765149
 20
34.451810559197206
 10
74.34163728454793
 20
34.39727349721594
 10
74.38516090218974
 20
34.337080814274344
 10
74.43557760383949
 20
34.27083615259663
 10
74.4916702917619
 20
34.2003556728429
 10
74.55326003626288
 20
34.1259673441641
 10
74.80085748206182
 20
33.83863099787933
 10
74.81419861320873
 20
33.82155937417522
 10
74.82584556975738
 20
33.80328987721096
 10
74.83569153694809
 20
33.78399005736069
 10
74.84364621697515
 20
33.763836914135865
 10
74.84963665711213
 20
33.74301527291478
 10
74.85360791876442
 20
33.72171608990083
 10
74.85552358131375
 20
33.70013470085446
 10
74.85536607613312
 20
33.67846902966034
 10
74.85313684770965
 20
33.65691777315848
 10
74.8488563403969
 20
33.63567857888658
 10
74.842563810919
 20
33.61494623244575
 10
74.83431696834535
 20
33.594910871112866
 10
74.82419144483825
 20
33.575756240083244
 10
74.81228010202686
 20
33.557658007335185
 10
74.79869217936911
 20
33.54078215257106
 10
74.78355229231165
 20
33.52528344501006
 10
74.76699928943621
 20
33.51130402399275
 10
74.74918497907288
 20
33.49897209541481
 10
74.73027273705908
 20
33.48840075594504
 10
74.51763664702666
 20
33.38257299816823
 10
74.4253982300861
 20
33.327671782158816
 10
74.33344110095032
 20
33.2675467916283
 10
74.24502300547319
 20
33.20413946408747
 10
74.16167205835762
 20
33.13865389385414
 10
74.08569364380466
 20
33.07093467477299
 10
74.01613518280729
 20
32.99805765883489
 10
73.95119803551742
 20
32.91826629106274
 10
73.89125258458647
 20
32.8319003164844
 10
73.83698558560639
 20
32.73859571447796
 10
73.78846139905549
 20
32.636359005806405
 10
73.74532937397176
 20
32.523892474333636
 10
73.70819167226057
 20
32.40214408985436
 10
73.67838720124196
 20
32.270059932073046
 10
73.65677963526865
 20
32.12410279116898
 10
73.6435570569677
 20
31.96309532057332
 10
73.63910456348054
 20
31.788171566192645
 10
73.64641984262677
 20
31.55860811476292
 10
73.66793664991066
 20
31.35196704505772
 10
73.70297346589678
 20
31.16809625318404
 10
73.75126822049265
 20
31.00480541784076
 10
73.81086552613019
 20
30.856589141241123
 10
73.87904728620502
 20
30.722052688844972
 10
73.95474313714324
 20
30.60248897187469
 10
74.03817188599417
 20
30.49668590740401
 10
74.129044094189
 20
30.403231880077552
 10
74.22636382742861
 20
30.321934552329463
 10
74.33013468056058
 20
30.252583472907634
 10
74.44358289413258
 20
30.19332288127127
 10
74.56770695613035
 20
30.140746805959843
 10
74.69794248155421
 20
30.093876276267984
 10
74.83175948357244
 20
30.05379837516234
 10
74.96959561451708
 20
30.02042382873179
 10
75.11064711255173
 20
29.993493260912608
 10
75.25328458397044
 20
29.972842162875416
 10
75.39711487244767
 20
29.958567733436563
 10
75.54425665691227
 20
29.950575463233903
 10
75.69400950329637
 20
29.946368179437314
 10
75.84170569416736
 20
29.943276357409694
 10
75.98508910453265
 20
29.941396755142087
 10
76.12434969054986
 20
29.940761982867762
 10
76.23877316375356
 20
29.94107949337717
 10
76.35526126708454
 20
29.942021993052407
 10
76.47362019919038
 20
29.943571284790508
 10
76.59227751457571
 20
29.94568166112643
 10
76.7085965496071
 20
29.949878275929795
 10
76.8228916533333
 20
29.957519888891483
 10
76.93654951095881
 20
29.9686629759948
 10
77.04920298452178
 20
29.98326630432687
 10
77.15991492550437
 20
30.001553936529096
 10
77.26843111984462
 20
30.023764036908055
 10
77.37508219956172
 20
30.04996070327191
 10
77.47843879671457
 20
30.07973929722027
 10
77.57637078590506
 20
30.113764257966974
 10
77.67020655009476
 20
30.153765661789347
 10
77.76159389079506
 20
30.200349915144347
 10
77.85709863330248
 20
30.257494106452327
 10
77.87682896112634
 20
30.268012043917246
 10
77.8975011193125
 20
30.27653112370768
 10
77.91891321001772
 20
30.282968142907805
 10
77.9408561087327
 20
30.28726023336989
 10
77.96311550672935
 20
30.28936547572591
 10
77.98547400414023
 20
30.289263308799402
 10
78.0077132332279
 20
30.28695473041953
 10
78.02961599110775
 20
30.2824622876756
 10
78.05096836109335
 20
30.27582985670732
 10
78.07156180194714
 20
30.267122214181807
 10
78.0911951846308
 20
30.256424404642097
 10
78.10967675666322
 20
30.24384090990648
 10
78.12682601490093
 20
30.229494628630533
 10
78.14247546844992
 20
30.21352567599837
 10
78.30493610569944
 20
30.03046936976671
 10
79.14327786640224
 20
30.03046936976671
 10
78.53429810187068
 20
30.698183323907937
 10
78.52016361009353
 20
30.715296760421424
 10
78.50777405300889
 20
30.73371285236152
 10
78.49724867803293
 20
30.753254347921356
 10
78.48868879014059
 20
30.7737331634723
 10
78.48217677682214
 20
30.794952193837517
 10
78.4777753151174
 20
30.81670720939626
 10
78.47552676835952
 20
30.83878882175987
 10
78.47545277843531
 20
30.86098449910007
 10
78.47755405748542
 20
30.88308061173224
 10
78.48181038105015
 20
30.90486448826539
 10
78.4881807827266
 20
30.926126462528842
 10
78.49660394846342
 20
30.946661891574024
 10
78.53462830642306
 20
31.02778364375647
 10
78.56645628714467
 20
31.10832674127172
 10
78.59516194262469
 20
31.19523064532659
 10
78.62033308238165
 20
31.2875082409763
 10
78.6412389424512
 20
31.38639900354789
 10
78.65765331383328
 20
31.49524413559735
 10
78.66947442066513
 20
31.61492325007932
 10
78.6766765779987
 20
31.74925265098477
 10
78.72244049436068
 20
32.67740514206185
 10
78.15161488685231
 20
32.67740514206185
  0
LWPOLYLINE
  5
8F
330
17
100
AcDbEntity
  8
0
100
AcDbPolyline
 90
263
 70
1
 10
84.04791634154063
 20
31.838295085354392
 10
84.07246834192917
 20
31.684635754042368
 10
84.10509312518161
 20
31.55109901253112
 10
84.14437129358468
 20
31.438938430410452
 10
84.18984534778583
 20
31.34772991520363
 10
84.24223154693246
 20
31.273775488406304
 10
84.30241601331161
 20
31.213260239582812
 10
84.37097132253317
 20
31.16457176607517
 10
84.45470947921608
 20
31.125303156405476
 10
84.56373834769245
 20
31.094516255472268
 10
84.70087163502495
 20
31.07444195614398
 10
84.86578444345274
 20
31.0673602899951
 10
84.99369425328871
 20
31.071911288362255
 10
85.10489538759711
 20
31.085085358436093
 10
85.19768526526765
 20
31.105666449711283
 10
85.27269964844764
 20
31.13223065515746
 10
85.33386505279069
 20
31.16411503107309
 10
85.38536141060052
 20
31.201749083887226
 10
85.42925606654745
 20
31.245875966428578
 10
85.46758281740169
 20
31.298787663478574
 10
85.50181025896565
 20
31.363858788944455
 10
85.53188523753816
 20
31.443070088469916
 10
85.55646958446947
 20
31.536483471561972
 10
85.57490043681103
 20
31.646070851643135
 10
85.58839744535996
 20
31.773624515218362
 10
85.59838196262969
 20
31.916818059977146
 10
85.60445989653516
 20
32.073294269838904
 10
85.60654122607481
 20
32.24554898258439
 10
85.60792632623544
 20
32.267960000561075
 10
85.61152607996468
 20
32.29012334873537
 10
85.61730503015733
 20
32.31182072101584
 10
85.6252062549071
 20
32.33283840111284
 10
85.63515192817978
 20
32.35296936761621
 10
85.64704408638963
 20
32.3720153331291
 10
85.66076559332795
 20
32.38978869737305
 10
85.67618129393938
 20
32.40611439502628
 10
85.69313934558174
 20
32.42083162009429
 10
85.71147271365605
 20
32.4337954098279
 10
85.73100081687583
 20
32.44487807258755
 10
85.75153130596902
 20
32.453970445589206
 10
85.7728619582933
 20
32.46098297014362
 10
85.79478266970288
 20
32.465846573797705
 10
85.81707752404682
 20
32.468513350689236
 10
85.83952691991503
 20
32.468957033413346
 10
87.15206564161181
 20
32.42972337174561
 10
87.17403217995782
 20
32.4279932687635
 10
87.19572623543971
 20
32.42413450989797
 10
87.21694202894908
 20
32.41818369743208
 10
87.23747831793445
 20
32.410197277837284
 10
87.25714030528923
 20
32.400251006350146
 10
87.2757414871007
 20
32.388439228395455
 10
87.29310542173431
 20
32.37487398467202
 10
87.30906740347177
 20
32.35968394839006
 10
87.3234760248285
 20
32.34301320474039
 10
87.33619461273018
 20
32.32501988417349
 10
87.34710252492604
 20
32.305874662452084
 10
87.35609629434201
 20
32.285759141704965
 10
87.36309061051803
 20
32.264864127838855
 10
87.36801912882119
 20
32.243387820647655
 10
87.37083509975815
 20
32.22153393378703
 10
87.37151181241775
 20
32.19950976244707
 10
87.36731452619699
 20
31.96634986366911
 10
87.3670103783494
 20
31.958008683599164
 10
87.35443390845413
 20
31.72913720139702
 10
87.35379802491624
 20
31.720550969211263
 10
87.33286545449711
 20
31.49600324965932
 10
87.33186988938152
 20
31.487194676605956
 10
87.30260430158914
 20
31.26700606577863
 10
87.29975354355405
 20
31.25034829678055
 10
87.25538339997473
 20
31.038915293297425
 10
87.24862124967979
 20
31.013911623509276
 10
87.18272318275498
 20
30.815988033925567
 10
87.17249517984743
 20
30.79053329402604
 10
87.08506053339566
 20
30.606119118341752
 10
87.07139080129377
 20
30.581402762560856
 10
86.96241091913355
 20
30.410498000775984
 10
86.94398680972947
 20
30.385557090742353
 10
86.81104373183346
 20
30.229256268915424
 10
86.78825839852439
 20
30.20607202566579
 10
86.6289687895913
 20
30.06575051485443
 10
86.60533713273286
 20
30.047552994691202
 10
86.41970964894419
 20
29.92319925332013
 10
86.3968048811486
 20
29.909733054366065
 10
86.18484817868581
 20
29.801335540859945
 10
86.15824463702256
 20
29.78981632228214
 10
85.91329153254871
 20
29.701922297088107
 10
85.88566244977108
 20
29.69395003666441
 10
85.6012111891953
 20
29.631140904056473
 10
85.57858247274773
 20
29.627335985486276
 10
85.25461285831327
 20
29.589634107266615
 10
85.23628057042016
 20
29.588252677397985
 10
84.87277240437018
 20
29.575680415368726
 10
84.85679964516697
 20
29.575692160063188
 10
84.44027140574237
 20
29.590711476507483
 10
84.42093134913559
 20
29.592241189093336
 10
84.05295563164299
 20
29.63729096314373
 10
84.0286902963499
 20
29.641614274005637
 10
83.7092584446078
 20
29.716682242738358
 10
83.67920160364532
 20
29.72599351986852
 10
83.40830496147224
 20
29.831067420359805
 10
83.37944240114588
 20
29.844676161111956
 10
83.14792849932164
 20
29.974531386713718
 10
83.12355588846685
 20
29.99034038755516
 10
82.92263004660586
 20
30.139833603545547
 10
82.89828979707573
 20
30.160784339286046
 10
82.72792604663347
 20
30.329904004089748
 10
82.71623722282256
 20
30.342420817324715
 10
82.70552870000886
 20
30.355785949377562
 10
82.56570107244092
 20
30.544520521419255
 10
82.5489497945656
 20
30.570721069222106
 10
82.43631243527979
 20
30.77686815143838
 10
82.4247993783629
 20
30.801301763515674
 10
82.33618436538629
 20
31.022771008303362
 10
82.32797611665549
 20
31.04725132064282
 10
82.26334738256524
 20
31.284060761713334
 10
82.25825256409492
 20
31.30759654153696
 10
82.21757404146815
 20
31.559764212601763
 10
82.21571415131338
 20
31.57425616540966
 10
82.19057852388585
 20
31.83708224082302
 10
82.19005409278603
 20
31.84354047391628
 10
82.17208578362549
 20
32.11250883143949
 10
82.17175641617698
 20
32.11872312858125
 10
82.16096696685877
 20
32.3938330468659
 10
82.16081169652357
 20
32.39980427145396
 10
82.15721264862297
 20
32.681055029151565
 10
82.15719412701277
 20
32.683949922629225
 10
82.15719412701277
 20
33.97793748561234
 10
82.1572126583164
 20
33.98083313649235
 10
82.16081170621699
 20
34.26201031664734
 10
82.16096699781404
 20
34.26798157309731
 10
82.17175644713225
 20
34.54306696553443
 10
82.17208569218278
 20
34.549279104539686
 10
82.1900540013433
 20
34.81827198791045
 10
82.1905779526943
 20
34.824725616480634
 10
82.21571358012186
 20
35.08762526943657
 10
82.21757528153876
 20
35.102130882042374
 10
82.25825380416555
 20
35.354243369950204
 10
82.26334699084329
 20
35.37777002802437
 10
82.32797572493357
 20
35.614585600556765
 10
82.33618035337207
 20
35.63905732060534
 10
82.42479536634869
 20
35.86055722270244
 10
82.43630836276822
 20
35.88499340863988
 10
82.54894572205403
 20
36.09115888524178
 10
82.56570739265793
 20
36.11737541721764
 10
82.70553502022587
 20
36.306091474648944
 10
82.71624759075455
 20
36.319460056442544
 10
82.7279410008798
 20
36.331979733201464
 10
82.89830475132206
 20
36.50106789912255
 10
82.92263494042335
 20
36.52200743220765
 10
83.12356078228437
 20
36.67149223246606
 10
83.14789561037654
 20
36.68727914142099
 10
83.37940951220075
 20
36.81718510186424
 10
83.40830195080433
 20
36.8308111257122
 10
83.67919859297737
 20
36.935889474518966
 10
83.70925695207642
 20
36.945201568678044
 10
84.02868880381851
 20
37.020271821680865
 10
84.05295512563737
 20
37.024595421351115
 10
84.42093084312998
 20
37.069646036974724
 10
84.44027134056796
 20
37.07117580915927
 10
84.85679957999257
 20
37.086195245828314
 10
84.87277307659967
 20
37.0862069696222
 10
85.23628124264967
 20
37.07363362557024
 10
85.25461409252968
 20
37.072252075317245
 10
85.57858370696417
 20
37.034548393726425
 10
85.60121145629257
 20
37.03074355981388
 10
85.88566271686835
 20
36.9679340665317
 10
85.91328903246799
 20
36.95996276214732
 10
86.15824213694181
 20
36.872071983021335
 10
86.18491011153816
 20
36.86052018207322
 10
86.39686681400094
 20
36.75204043484305
 10
86.41973686994508
 20
36.738587682715796
 10
86.60536435373372
 20
36.61419498852804
 10
86.62895580211419
 20
36.596027146901356
 10
86.78824541104724
 20
36.455727276543705
 10
86.81099763314636
 20
36.43258577408027
 10
86.94394071104236
 20
36.27638449834037
 10
86.96244476182223
 20
36.25133631828851
 10
87.07142464398247
 20
36.080326600303195
 10
87.08506794303365
 20
36.055647704000044
 10
87.17250258948543
 20
35.871197100218694
 10
87.18271947354147
 20
35.84576912960625
 10
87.24861754046627
 20
35.64787980407426
 10
87.25537866464396
 20
35.622887553821265
 10
87.29974880822327
 20
35.411561670583964
 10
87.30260575472946
 20
35.394870407275484
 10
87.33187134252186
 20
35.17459956272407
 10
87.33286539214909
 20
35.1658025936665
 10
87.35379796256822
 20
34.94126208759912
 10
87.35443377552619
 20
34.93267760544332
 10
87.36701024542145
 20
34.70385084684552
 10
87.36731451667305
 20
34.695507776960575
 10
87.3715118028938
 20
34.46237817481781
 10
87.37080121838768
 20
34.43993278900287
 10
87.3678689707572
 20
34.41766841839522
 10
87.36274394959467
 20
34.39580441984041
 10
87.35547664851141
 20
34.374556205569895
 10
87.34613866765591
 20
34.35413312087968
 10
87.3348220082825
 20
34.33473638158288
 10
87.32163816632108
 20
34.31655709155666
 10
87.3067170338775
 20
34.299774359915986
 10
87.29020561948857
 20
34.28455353636407
 10
87.27226659973918
 20
34.27104458210579
 10
87.25307671651238
 20
34.25938059237408
 10
87.23282503566243
 20
34.24967648512639
 10
87.21171108426825
 20
34.24202786883027
 10
87.18994288481814
 20
34.23651010049328
 10
87.16773490569517
 20
34.2331775432177
 10
87.14530594815507
 20
34.23206303059511
 10
85.83276722645829
 20
34.23206303059511
 10
85.81076169078557
 20
34.23313576078675
 10
85.788964833863
 20
34.23634377864882
 10
85.76758335553764
 20
34.24165666251069
 10
85.74682001661658
 20
34.249024030233095
 10
85.72687171608378
 20
34.25837601698238
 10
85.70792762390457
 20
34.26962393775974
 10
85.69016738712499
 20
34.28266112840186
 10
85.67375942627643
 20
34.29736395707867
 10
85.65885933824208
 20
34.313592996695206
 10
85.64560842072957
 20
34.331194347080455
 10
85.6341323323435
 20
34.350001094424485
 10
85.62453990096319
 20
34.36983489412401
 10
85.61692209172669
 20
34.39050766202635
 10
85.61135114440744
 20
34.41182335803357
 10
85.60787988836346
 20
34.433579845153155
 10
85.60654124155612
 20
34.455570806365266
 10
85.60445992065715
 20
34.62774410790949
 10
85.59838190415158
 20
34.78422463745443
 10
85.58839734917193
 20
34.92744419616653
 10
85.57490080979636
 20
35.05498556302004
 10
85.55647108540093
 20
35.16455207771208
 10
85.53188598544882
 20
35.257950336781455
 10
85.50179227302102
 20
35.337220577400444
 10
85.46758943054856
 20
35.402307106169296
 10
85.4293235165927
 20
35.45506577695495
 10
85.38536306798147
 20
35.49923555811363
 10
85.33375122624443
 20
35.536976213850444
 10
85.27266933178556
 20
35.568889450146536
 10
85.1977515852636
 20
35.59536129418123
 10
85.10484516932651
 20
35.61597746438445
 10
84.99363206363229
 20
35.6291932450397
 10
84.86577445658229
 20
35.63376711078108
 10
84.70090939692706
 20
35.626670173454784
 10
84.56378312873903
 20
35.60656477113489
 10
84.45471610676185
 20
35.57574645153681
 10
84.37099031406875
 20
35.53649430813118
 10
84.30244810030017
 20
35.48778646469697
 10
84.2422277708024
 20
35.427222441643586
 10
84.18981646373635
 20
35.35325344019544
 10
84.14437137179806
 20
35.26217974015589
 10
84.1051023263738
 20
35.1499550906509
 10
84.07246913467249
 20
35.01634587130319
 10
84.04791561143044
 20
34.86269100145334
 10
84.03199963359343
 20
34.68734181310187
 10
84.02182561814621
 20
34.48910363766621
 10
84.01444765965161
 20
34.270984226639484
 10
84.01000600500042
 20
34.035199274202924
 10
84.00851808202795
 20
33.781206530710804
 10
84.00851808202795
 20
32.919853006527056
 10
84.01000600623603
 20
32.665868636289964
 10
84.01444767577085
 20
32.4300515742925
 10
84.02182559457812
 20
32.21191347294152
 10
84.03199971271172
 20
32.0137152229978
 10
84.04791634154063
 20
31.838295085354392
  0
LWPOLYLINE
  5
90
330
17
100
AcDbEntity
  8
0
100
AcDbPolyline
 90
208
 70
1
 10
83.56983406785129
 20
34.51032254306048
 10
83.5803369013827
 20
34.714967657564905
 10
83.5809657847434
 20
34.723823015684744
 10
83.59797806674915
 20
34.911250384097926
 10
83.59988619085034
 20
34.92649888538092
 10
83.62710122542946
 20
35.0968093762621
 10
83.63072742856065
 20
35.11478984163753
 10
83.6681452157131
 20
35.267988504425894
 10
83.6743805769736
 20
35.289031249348156
 10
83.72200111669939
 20
35.42512313348292
 10
83.73310871398459
 20
35.451415593284295
 10
83.79271205382567
 20
35.570862962901515
 10
83.80105944012642
 20
35.5860977282921
 10
83.81055113808135
 20
35.6006471133132
 10
83.88391636378175
 20
35.70418874945744
 10
83.89540350871243
 20
35.71905187614252
 10
83.90808406919966
 20
35.73291082340578
 10
83.99520973806244
 20
35.820533741804795
 10
84.0093683967024
 20
35.83360900843611
 10
84.02458849307374
 20
35.84543182021715
 10
84.125473162402
 20
35.91712303659873
 10
84.14252320519009
 20
35.92812301857149
 10
84.16049021547911
 20
35.93755117341482
 10
84.27937637599693
 20
35.993287123729345
 10
84.29637265569067
 20
36.00042580324853
 10
84.31389370200158
 20
36.00615705135662
 10
84.45489496350874
 20
36.04599880977347
 10
84.4835933236226
 20
36.052130144561524
 10
84.64675729511727
 20
36.07605318523317
 10
84.66984794723561
 20
36.078237142738956
 10
84.85522223771592
 20
36.086216939817845
 10
84.87304050341963
 20
36.08628164279276
 10
85.01914266031447
 20
36.08105511254884
 10
85.03775165820981
 20
36.07961904273144
 10
85.16949176732929
 20
36.06396397784718
 10
85.19180614765216
 20
36.060172114427075
 10
85.30918565169317
 20
36.03412530367379
 10
85.33554878527974
 20
36.02657277229229
 10
85.4385691269392
 20
35.99017100444131
 10
85.46796109445255
 20
35.97737692542022
 10
85.55834485384531
 20
35.930154449817856
 10
85.57306853779201
 20
35.921744928582
 10
85.58712105126554
 20
35.9122563153295
 10
85.66675816134853
 20
35.854022455533716
 10
85.68061567584168
 20
35.84303288050438
 10
85.6935724096542
 20
35.83099442062928
 10
85.76247296930582
 20
35.761765767654545
 10
85.77438599291015
 20
35.74882690674148
 10
85.78525792315817
 20
35.735001734561465
 10
85.84343203125678
 20
35.65479487942231
 10
85.86056350700711
 20
35.627205108341265
 10
85.90871495919711
 20
35.53557497903985
 10
85.91995482892857
 20
35.51062939497144
 10
85.95915001867861
 20
35.40738483416667
 10
85.96642612951162
 20
35.3846787325672
 10
85.99666505682174
 20
35.26980170654769
 10
86.00098379927249
 20
35.249738133213135
 10
86.02226646414263
 20
35.12321060826743
 10
86.02414447495875
 20
35.10949074441726
 10
86.03879650481377
 20
34.97103007217501
 10
86.03950490857352
 20
34.962956135581905
 10
86.05001351289259
 20
34.81221955530141
 10
86.05039083383559
 20
34.80526633237498
 10
86.0550797728716
 20
34.68454805813475
 10
86.91490322227942
 20
34.68454805813475
 10
86.90286684540955
 20
34.90354791479809
 10
86.88274480225522
 20
35.11939401790495
 10
86.8551782365796
 20
35.326876975220934
 10
86.81521349151564
 20
35.51722084990093
 10
86.75774920440166
 20
35.68978386350398
 10
86.68224556259678
 20
35.849065028165484
 10
86.58924584734265
 20
35.9949988901139
 10
86.47696289653169
 20
36.12692557962708
 10
86.34107806177946
 20
36.246610880049424
 10
86.17888529791543
 20
36.355299499121436
 10
85.99172097405463
 20
36.45109047108415
 10
85.77403297682474
 20
36.52919835105576
 10
85.51486593614203
 20
36.58642485259339
 10
85.21144512675612
 20
36.62173705804539
 10
84.86511843096162
 20
36.633716114108765
 10
84.46627980720078
 20
36.619334540703264
 10
84.12019260975205
 20
36.57696369783692
 10
83.82812974983162
 20
36.50832548074184
 10
83.58686610433205
 20
36.41474150239191
 10
83.38199071252978
 20
36.29978281380541
 10
83.20563493949847
 20
36.16857765242928
 10
83.05887690129498
 20
36.02291845292478
 10
82.9385544293884
 20
35.86052720797878
 10
82.83988152482023
 20
35.67992153214462
 10
82.7610937150949
 20
35.48298546505625
 10
82.70304147898474
 20
35.27026779814341
 10
82.66544825602539
 20
35.03727701193124
 10
82.64131709633321
 20
34.78488333181427
 10
82.62377191326875
 20
34.52222481789301
 10
82.61322144219939
 20
34.25323236156746
 10
82.60967915455244
 20
33.976489600874885
 10
82.60967915455244
 20
32.68539742861795
 10
82.61322146209952
 20
32.40858069565299
 10
82.62377191270923
 20
32.13956477839019
 10
82.64131683100297
 20
31.876934176134817
 10
82.6654481486
 20
31.624609482157524
 10
82.70304238800252
 20
31.391561397236693
 10
82.76109201142341
 20
31.178858811147588
 10
82.83987734309109
 20
30.981956194777325
 10
82.93855444642159
 20
30.80135894833874
 10
83.05888699829144
 20
30.638938165873526
 10
83.20564561024136
 20
30.493251262435443
 10
83.38197819303402
 20
30.362055968483155
 10
83.58684702180342
 20
30.247145858252182
 10
83.82812745221787
 20
30.15355933118233
 10
84.12019159770198
 20
30.08492290052717
 10
84.46627951957899
 20
30.04255276048541
 10
84.86511873484869
 20
30.028171280869994
 10
85.21144608329818
 20
30.04014932862588
 10
85.5148666805649
 20
30.07545982040598
 10
85.77403180398207
 20
30.132685569981206
 10
85.9917526620857
 20
30.21080812584157
 10
86.17892893040262
 20
30.30653259143834
 10
86.34108318861543
 20
30.41516138000163
 10
86.47693043055227
 20
30.534832024909434
 10
86.58924713270221
 20
30.666882471828263
 10
86.68226376727307
 20
30.81275330099639
 10
86.75774942272858
 20
30.97196507220763
 10
86.81520862849133
 20
31.14454270293194
 10
86.85517785090302
 20
31.33500439765878
 10
86.88274527015675
 20
31.542416317509453
 10
86.90286671450527
 20
31.758262931283078
 10
86.9149779260984
 20
31.978667462258038
 10
86.91507608490855
 20
31.984120199344407
 10
86.05482119647202
 20
32.00983444966176
 10
86.0503908290624
 20
31.895774785417796
 10
86.05001331868601
 20
31.888818899906074
 10
86.03950471436697
 20
31.738109129743233
 10
86.03879665839872
 20
31.73003943003463
 10
86.0241446285437
 20
31.59157022183567
 10
86.0222672572768
 20
31.577853622138424
 10
86.00098459240665
 20
31.451309746627693
 10
85.99666778617
 20
31.431251827461033
 10
85.96642885885987
 20
31.316352680088816
 10
85.95914679148
 20
31.29362770846539
 10
85.91995160172992
 20
31.190395651033864
 10
85.90867351731656
 20
31.165379742829828
 10
85.86052206512656
 20
31.07383713714116
 10
85.8435145382722
 20
31.046440020443384
 10
85.7853404301736
 20
30.966128209103786
 10
85.77445083030182
 20
30.952265401444148
 10
85.76251494218049
 20
30.939292529891166
 10
85.69361438252886
 20
30.87002744881937
 10
85.68061418455012
 20
30.857945524399803
 10
85.66670694713243
 20
30.846919791200857
 10
85.58706983704946
 20
30.788720195456754
 10
85.5729521059084
 20
30.779196652034372
 10
85.55815802482596
 20
30.77076199870328
 10
85.46777426543319
 20
30.723646643346758
 10
85.43871624438941
 20
30.711002105826694
 10
85.33569590273
 20
30.674520388521735
 10
85.30916473714402
 20
30.666911176828805
 10
85.191785233103
 20
30.640876027875592
 10
85.1694115010088
 20
30.637079280665617
 10
85.03767139188936
 20
30.621471945004245
 10
85.01909899358415
 20
30.620043841056273
 10
84.87299683668931
 20
30.6148455636269
 10
84.85524594219935
 20
30.614910805314636
 10
84.66987165171903
 20
30.622871125985196
 10
84.64680864470729
 20
30.625048579809636
 10
84.48364467321261
 20
30.64893338901306
 10
84.45493313068528
 20
30.65506146561819
 10
84.31393186917812
 20
30.69487653414216
 10
84.29638016504009
 20
30.700615763534415
 10
84.2793549792508
 20
30.707767275333026
 10
84.16046881873298
 20
30.763518373965187
 10
84.14254016171674
 20
30.772926605211037
 10
84.12552443423878
 20
30.78390005389303
 10
84.02463976491052
 20
30.855549071389884
 10
84.00940144844986
 20
30.867380302069456
 10
83.99522648437616
 20
30.88046673402998
 10
83.90810081551338
 20
30.96807125804334
 10
83.89540146207293
 20
30.981949477788536
 10
83.88389895938018
 20
30.996834738716842
 10
83.81053373367982
 20
31.100405589473574
 10
83.80103216048218
 20
31.114975966136328
 10
83.79267808930926
 20
31.130233268131178
 10
83.73307474946819
 20
31.249781265858132
 10
83.72201984271145
 20
31.27595213635817
 10
83.67439930298566
 20
31.411934736201722
 10
83.66814874181162
 20
31.433016540819764
 10
83.63073095465921
 20
31.5861715620265
 10
83.627100718943
 20
31.604169631872132
 10
83.59988568436388
 20
31.774495631745122
 10
83.59797739748545
 20
31.78974833805286
 10
83.58096511547974
 20
31.97724387389521
 10
83.58033702695772
 20
31.986089410736952
 10
83.56983419342632
 20
32.19069124433395
 10
83.56966599104177
 20
32.19464203316061
 10
83.56216396709081
 20
32.416449470149814
 10
83.56207479455439
 20
32.41983655033793
 10
83.55757358018381
 20
32.6588149659934
 10
83.55753734150328
 20
32.66175016046565
 10
83.55603693671308
 20
32.91786493006145
 10
83.55603305448828
 20
32.91919031058142
 10
83.55603305448828
 20
33.78186920425962
 10
83.55603693645067
 20
33.78319453998734
 10
83.55753734124089
 20
34.039317965764624
 10
83.55757359084022
 20
34.042253770761356
 10
83.5620748052108
 20
34.28120044708469
 10
83.56216399062075
 20
34.28458765720261
 10
83.56966601457168
 20
34.506374896435005
 10
83.56983406785129
 20
34.51032254306048
  0
LWPOLYLINE
  5
91
330
17
100
AcDbEntity
  8
0
100
AcDbPolyline
 90
159
 70
1
 10
67.63825543879497
 20
29.801787736414887
 10
67.63716601925282
 20
29.77961209219421
 10
67.63390825233203
 20
29.757650011549792
 10
67.62851351210895
 20
29.736113001323982
 10
67.621033752881
 20
29.71520847469855
 10
67.6115410088184
 20
29.695137753692478
 10
67.6001267002357
 20
29.676094130320855
 10
67.58690075316429
 20
29.65826100508702
 10
67.57199054070449
 20
29.641810120735563
 10
67.55553965635303
 20
29.62689990827575
 10
67.53770653111921
 20
29.613673961204345
 10
67.51866290774755
 20
29.60225965262167
 10
67.4985921867415
 20
29.59276690855905
 10
67.47768766011608
 20
29.58528714933111
 10
67.45615064989026
 20
29.579892409108016
 10
67.43418856924585
 20
29.57663464218724
 10
67.41201292502517
 20
29.575545222645076
 10
66.04204332458977
 20
29.575545222645076
 10
66.01986768036909
 20
29.57663464218724
 10
65.99790559972467
 20
29.579892409108016
 10
65.97636858949886
 20
29.58528714933111
 10
65.95546406287343
 20
29.59276690855905
 10
65.93539334186738
 20
29.60225965262167
 10
65.91634971849572
 20
29.613673961204345
 10
65.8985165932619
 20
29.62689990827575
 10
65.88206570891045
 20
29.641810120735563
 10
65.86715549645065
 20
29.65826100508702
 10
65.85392954937925
 20
29.676094130320855
 10
65.84251524079656
 20
29.695137753692478
 10
65.83302249673395
 20
29.71520847469855
 10
65.825542737506
 20
29.736113001323982
 10
65.82014799728292
 20
29.757650011549792
 10
65.81689023036212
 20
29.77961209219421
 10
65.81580081081997
 20
29.801787736414887
 10
65.81580081081997
 20
36.8600996718267
 10
65.81689023036212
 20
36.8822753160474
 10
65.82014799728292
 20
36.9042373966918
 10
65.825542737506
 20
36.92577440691761
 10
65.83302249673395
 20
36.94667893354304
 10
65.84251524079656
 20
36.96674965454911
 10
65.85392954937925
 20
36.985793277920735
 10
65.86715549645065
 20
37.00362640315457
 10
65.88206570891045
 20
37.02007728750603
 10
65.8985165932619
 20
37.034987499965844
 10
65.91634971849572
 20
37.04821344703725
 10
65.93539334186738
 20
37.05962775561994
 10
65.95546406287343
 20
37.06912049968254
 10
65.97636858949886
 20
37.0766002589105
 10
65.99790559972467
 20
37.08199499913358
 10
66.01986768036909
 20
37.08525276605435
 10
66.04204332458977
 20
37.086342185596536
 10
67.92944482928742
 20
37.086342185596536
 10
67.93107131420113
 20
37.086336339022175
 10
68.23973920427048
 20
37.0841172307195
 10
68.24322690263423
 20
37.084065267176356
 10
68.53693691110286
 20
37.07742429283333
 10
68.54077469651739
 20
37.07730492773033
 10
68.81952682338527
 20
37.06626661319451
 10
68.82376967523322
 20
37.06605868928504
 10
69.08756392050036
 20
37.05064756040392
 10
69.09994718170752
 20
37.04958213132186
 10
69.34689457421503
 20
37.021483084208946
 10
69.3686286408203
 20
37.01793132025463
 10
69.5970402633812
 20
36.96908557017494
 10
69.62094988437076
 20
36.962585038914625
 10
69.83084882013573
 20
36.8929687813691
 10
69.85625398050522
 20
36.88279915601937
 10
70.0476633126248
 20
36.792388586508935
 10
70.06297523189245
 20
36.78442820877968
 10
70.07763583795234
 20
36.775323862828
 10
70.24946296396402
 20
36.65930999164053
 10
70.26526026485014
 20
36.647613748326044
 10
70.27998273458131
 20
36.63459047270225
 10
70.43147360489813
 20
36.48837302027904
 10
70.44427408558028
 20
36.47496245835565
 10
70.45593360964816
 20
36.46054888921736
 10
70.58706514111952
 20
36.2841228061192
 10
70.60489437395934
 20
36.25603459057457
 10
70.71564348343469
 20
36.049394827362306
 10
70.72300164819633
 20
36.034354006893
 10
70.72922725144325
 20
36.0188101742491
 10
70.81728947105248
 20
35.77294756959591
 10
70.82552308563199
 20
35.744038069138185
 10
70.88842467106714
 20
35.45033491347989
 10
70.89207264663126
 20
35.42780392093731
 10
70.92981359789238
 20
35.08625372213781
 10
70.93106431597299
 20
35.06871071125381
 10
70.94364463306003
 20
34.67930697717698
 10
70.94371658867749
 20
34.66743869412839
 10
70.93891721694473
 20
34.429522944974615
 10
70.93847916861111
 20
34.41929406176307
 10
70.92408874779643
 20
34.19966233194442
 10
70.9229865254399
 20
34.18770991140479
 10
70.89901659711857
 20
33.98635859417899
 10
70.89689954611644
 20
33.97233533422955
 10
70.8633616518638
 20
33.78926082285433
 10
70.8601740429116
 20
33.774615660866104
 10
70.81790494693753
 20
33.607293115517834
 10
70.81374829683917
 20
33.59287154545976
 10
70.76374634540791
 20
33.438790072384975
 10
70.75787579564098
 20
33.42278153756223
 10
70.70011790560196
 20
33.2819411367609
 10
70.69204313031315
 20
33.264419151125594
 10
70.62650621851573
 20
33.13681982259777
 10
70.61582960837617
 20
33.11825177463995
 10
70.54244250177261
 20
33.00355256101503
 10
70.52900728166699
 20
32.984744885852116
 10
70.44787577803095
 20
32.882631760101894
 10
70.43124685276183
 20
32.86392763596838
 10
70.34233632736738
 20
32.77442368124345
 10
70.3225925338055
 20
32.75675004767428
 10
70.22586836192671
 20
32.67987834712526
 10
70.20730479201686
 20
32.66659577941446
 10
70.1031536164266
 20
32.59975034151634
 10
70.08722347008377
 20
32.59042115091035
 10
69.97587035150057
 20
32.53117295495952
 10
69.95997118341701
 20
32.52349384152099
 10
69.92708133611141
 20
32.509163101288536
 10
71.06856279511057
 20
29.892242379956095
 10
71.07649511027837
 20
29.87128034176009
 10
71.08231444913368
 20
29.849636313379524
 10
71.08596370154284
 20
29.827522706118238
 10
71.08740705428062
 20
29.80515653965802
 10
71.08663034249608
 20
29.782757312259385
 10
71.08364118872416
 20
29.76054484663804
 10
71.07846892807929
 20
29.738737132657125
 10
71.071164320365
 20
29.71754818800685
 10
71.06179905192461
 20
29.697185957866438
 10
71.05046503212198
 20
29.67785027416079
 10
71.03727349135661
 20
29.659730894439395
 10
71.022353889465
 20
29.64300563962378
 10
71.0058526452207
 20
29.627838648899136
 10
70.98793169940218
 20
29.614378768876577
 10
70.96876692552989
 20
29.602758092834456
 10
70.9485464038694
 20
29.593090664374404
 10
70.92746857563955
 20
29.585471358214164
 10
70.90574029553929
 20
29.5799749491012
 10
70.88357480170649
 20
29.57665537798432
 10
70.86118962303009
 20
29.575545222645076
 10
69.43360447865113
 20
29.575545222645076
 10
69.41107137815206
 20
29.57667013510663
 10
69.38876235371302
 20
29.58003368601688
 10
69.36689925311303
 20
29.585602427194303
 10
69.34569948972768
 20
29.59332098136926
 10
69.32537388050392
 20
29.60311259287251
 10
69.30612454953177
 20
29.614879890917152
 10
69.28814291806025
 20
29.628505857883553
 10
69.2716078009459
 20
29.643854992978476
 10
69.25668362846301
 20
29.660774659696457
 10
69.24351881115851
 20
29.67909660368409
 10
69.23224426401201
 20
29.69863862591283
 10
69.22297210457712
 20
29.71920639452201
 10
68.22305167659609
 20
32.26960832313189
 10
68.22186832483835
 20
32.26952852541301
 10
68.21159866549921
 20
32.269070081292604
 10
68.15476410148493
 20
32.26782575520458
 10
68.14981197385781
 20
32.2677715511876
 10
67.63825543879497
 20
32.2677715511876
 10
67.63825543879497
 20
29.801787736414887
  0
LWPOLYLINE
  5
92
330
17
100
AcDbEntity
  8
0
100
AcDbPolyline
 90
92
 70
1
 10
70.33598995230412
 20
33.58657354845972
 10
70.38104083417916
 20
33.72539825517477
 10
70.41963442423497
 20
33.878171281743064
 10
70.45054280144204
 20
34.04689195370763
 10
70.47296437785656
 20
34.2352368617451
 10
70.48662749817218
 20
34.443768272207684
 10
70.49120387256563
 20
34.67062953715233
 10
70.47909940054616
 20
35.045304242948795
 10
70.44358000932172
 20
35.36674964187417
 10
70.38622582858763
 20
35.63455058449365
 10
70.30890055626658
 20
35.850436499506195
 10
70.21395666580776
 20
36.02758630356151
 10
70.10386227285453
 20
36.17570874445629
 10
69.97992730149372
 20
36.29532952253102
 10
69.8387709271539
 20
36.39063518124777
 10
69.67539462238314
 20
36.46780458879581
 10
69.49028290801645
 20
36.529199777556904
 10
69.28478484300079
 20
36.57314547091995
 10
69.05496801051193
 20
36.59929530768428
 10
68.799500484036
 20
36.61421998116028
 10
68.5247891453761
 20
36.62509828439247
 10
68.23474218496851
 20
36.6316564348361
 10
67.92863157632286
 20
36.63385715805689
 10
66.2682858383596
 20
36.63385715805689
 10
66.2682858383596
 20
30.028030250184717
 10
67.18577041125535
 20
30.028030250184717
 10
67.18577041125535
 20
32.49401406495743
 10
67.18685983079752
 20
32.51618970917811
 10
67.1901175977183
 20
32.53815178982252
 10
67.19551233794138
 20
32.559688800048335
 10
67.20299209716933
 20
32.58059332667377
 10
67.21248484123194
 20
32.60066404767984
 10
67.22389914981463
 20
32.61970767105146
 10
67.23712509688605
 20
32.6375407962853
 10
67.25203530934584
 20
32.65399168063675
 10
67.2684861936973
 20
32.66890189309657
 10
67.28631931893112
 20
32.68212784016797
 10
67.30536294230278
 20
32.69354214875065
 10
67.32543366330883
 20
32.703034892813264
 10
67.34633818993426
 20
32.71051465204121
 10
67.36787520016007
 20
32.7159093922643
 10
67.38983728080449
 20
32.719167159185076
 10
67.41201292502517
 20
32.720256578727245
 10
68.1473356133965
 20
32.720256578727245
 10
68.19655437159604
 20
32.72133416568352
 10
68.24170776343094
 20
32.72437902334732
 10
68.2852854131313
 20
32.72941000871387
 10
68.33312172341421
 20
32.737352627539465
 10
68.35497056555849
 20
32.73989641311337
 10
68.37696316956607
 20
32.74030643391736
 10
68.39889164598434
 20
32.738578814148454
 10
68.42054871153954
 20
32.73472988447523
 10
68.44172964852297
 20
32.72879602766904
 10
68.46223423992566
 20
32.72083333468857
 10
68.48186866202944
 20
32.71091707446894
 10
68.50044731656408
 20
32.6991409824272
 10
68.5177945851117
 20
32.68561637440962
 10
68.53374648917485
 20
32.670471094456694
 10
68.54815224021561
 20
32.653848306331824
 10
68.56087566501431
 20
32.63590514023762
 10
68.57179649287383
 20
32.616811207511354
 10
68.5808114925022
 20
32.596746997340176
 10
69.58791249896112
 20
30.028030250184717
 10
70.51567549381575
 20
30.028030250184717
 10
69.41791378930591
 20
32.5447205818313
 10
69.41014457590647
 20
32.56517930401354
 10
69.40438834737174
 20
32.58629294470461
 10
69.40069896199142
 20
32.607863953621475
 10
69.39911093958791
 20
32.62969050110434
 10
69.39963913853069
 20
32.651568366540715
 10
69.40227861671373
 20
32.6732928491605
 10
69.40700467779645
 20
32.69466068332353
 10
69.4137731022755
 20
32.71547194037944
 10
69.42252056122571
 20
32.73553189930486
 10
69.43316520883863
 20
32.754652868615345
 10
69.44560744821482
 20
32.77265594250515
 10
69.45973086324454
 20
32.789372674783735
 10
69.475403307858
 20
32.80464665494654
 10
69.49247814245312
 20
32.818334971633604
 10
69.51079560593243
 20
32.83030954978315
 10
69.53018431051171
 20
32.8404583489689
 10
69.5504628453138
 20
32.84868641170905
 10
69.66833313053806
 20
32.889993567809185
 10
69.77112734929158
 20
32.93478298968356
 10
69.86652528035066
 20
32.98554183132722
 10
69.95328461192622
 20
33.04122498111453
 10
70.03067216227214
 20
33.10272886872463
 10
70.10139665978826
 20
33.17392541374048
 10
70.16753316586251
 20
33.25716564791306
 10
70.22890538512962
 20
33.35308638404974
 10
70.2851326728682
 20
33.462560022089924
 10
70.33598995230412
 20
33.58657354845972
  0
LWPOLYLINE
  5
93
330
17
100
AcDbEntity
  8
0
100
AcDbPolyline
 90
145
 70
1
 10
92.69442628894254
 20
34.56015997906214
 10
92.6945520857194
 20
34.55480738173337
 10
92.69733913570707
 20
34.315890040247275
 10
92.69735452767215
 20
34.31325102587889
 10
92.69735452767215
 20
33.57953769470571
 10
92.69733914295338
 20
33.57689930159599
 10
92.69455209296574
 20
33.33792569493025
 10
92.69442631137133
 20
33.33257311093122
 10
92.68608920635687
 20
33.09667821947922
 10
92.68583105963312
 20
33.0912332850231
 10
92.67197996701465
 20
32.858411337997154
 10
92.67158287027355
 20
32.852880720312456
 10
92.65225385747394
 20
32.62312594692494
 10
92.65070364006118
 20
32.609591599111724
 10
92.61844974606164
 20
32.387397158675455
 10
92.61406670181539
 20
32.36512772363538
 10
92.5616900712643
 20
32.1552084698889
 10
92.55458106471693
 20
32.132066744536054
 10
92.48207592682657
 20
31.934403201071046
 10
92.47206194873606
 20
31.9112013396844
 10
92.37942253271876
 20
31.7257740300925
 10
92.36412449691778
 20
31.699678160374095
 10
92.24805424032594
 20
31.52896960536949
 10
92.23781959111264
 20
31.515086441760438
 10
92.22655705100743
 20
31.502023307883267
 10
92.08379978690687
 20
31.3486732821437
 10
92.05984115727892
 20
31.32640679377676
 10
91.89041708342643
 20
31.190389328757778
 10
91.86595643479275
 20
31.173277360725937
 10
91.66988574894518
 20
31.054566487883125
 10
91.65525465825763
 20
31.04643210089013
 10
91.64006214675072
 20
31.03940183342931
 10
91.4099664159926
 20
30.943094480733837
 10
91.39428170936968
 20
30.937202162865592
 10
91.37820394259981
 20
30.93248677874554
 10
91.10681822617302
 20
30.863696705632577
 10
91.08083475135494
 20
30.858706523880283
 10
90.76814173689654
 20
30.81743300900137
 10
90.74732143901285
 20
30.81565820071314
 10
90.39330381415981
 20
30.801900522719833
 10
90.3757313600048
 20
30.80190057876691
 10
90.02177192392729
 20
30.81565825676022
 10
90.00095168077623
 20
30.81743319213021
 10
89.6882735741859
 20
30.858706707009127
 10
89.6622897280846
 20
30.863697151419128
 10
89.39091314873826
 20
30.932487224532093
 10
89.37482949045834
 20
30.937204717940368
 10
89.35913922746974
 20
30.94310000886376
 10
89.1290843731242
 20
31.03940736155923
 10
89.11391051867074
 20
31.046429329510755
 10
89.09929668661324
 20
31.05455274046205
 10
88.90317406367676
 20
31.17326361330486
 10
88.87868777230055
 20
31.190391683950555
 10
88.70926946923571
 20
31.32640914896953
 10
88.68529823347878
 20
31.348689976616495
 10
88.54256982331651
 20
31.502040002356075
 10
88.53131081893571
 20
31.515101489841783
 10
88.52107935143376
 20
31.52898258157631
 10
88.40502640720487
 20
31.69969113658092
 10
88.3897457981243
 20
31.725756809261192
 10
88.2970866652492
 20
31.91118411885308
 10
88.28707193597471
 20
31.934381794866287
 10
88.21454419583272
 20
32.132045338331295
 10
88.20742863539121
 20
32.15520326247896
 10
88.15504671495144
 20
32.36512251622544
 10
88.15065775784393
 20
32.38742895660168
 10
88.11843608407551
 20
32.60962339703796
 10
88.11689721519161
 20
32.62304606031188
 10
88.09748620911742
 20
32.85280083369941
 10
88.09708153433591
 20
32.858425515666
 10
88.08324510913609
 20
33.09124746269193
 10
88.08298604561277
 20
33.096728168978885
 10
88.07470111813666
 20
33.33262306043088
 10
88.07457676110266
 20
33.3379545993476
 10
88.07182024819967
 20
33.576928206013335
 10
88.07180519873435
 20
33.57953769470571
 10
88.07180519873435
 20
34.31325102587889
 10
88.07182025528812
 20
34.31586112902566
 10
88.07457676819114
 20
34.55477847051176
 10
88.07470114028611
 20
34.56011002560566
 10
88.08298606776223
 20
34.7959861619978
 10
88.08324504511548
 20
34.80146516035179
 10
88.09708147031535
 20
35.03430586243761
 10
88.09748581798425
 20
35.03992699156364
 10
88.11689682405849
 20
35.269738030130796
 10
88.11843772428554
 20
35.2831766321076
 10
88.15065939805397
 20
35.505292084887856
 10
88.15504770990935
 20
35.52759120381823
 10
88.20742963034913
 20
35.737494227224445
 10
88.21454019581194
 20
35.76063726193145
 10
88.28706793595397
 20
35.95833218405435
 10
88.29707274885519
 20
35.98151290843454
 10
88.3897318817303
 20
36.16700405736486
 10
88.405040613444
 20
36.19311847822002
 10
88.52109355767288
 20
36.36378603658732
 10
88.53131701442346
 20
36.37765400103139
 10
88.5425661472032
 20
36.39070377181314
 10
88.6852945573655
 20
36.54406113126202
 10
88.7092529518702
 20
36.566332646450384
 10
88.87867125493501
 20
36.70237620023852
 10
88.90316303643583
 20
36.71951085802371
 10
89.09928565937236
 20
36.83823699940884
 10
89.11390912291786
 20
36.846366375788726
 10
89.12909337483823
 20
36.85339282154829
 10
89.35914822918379
 20
36.94968851244372
 10
89.37484086281879
 20
36.955583833366596
 10
89.3909269339835
 20
36.960301022536974
 10
89.66230351332983
 20
37.02907294171377
 10
89.68828535667232
 20
37.034061447196315
 10
90.00096346326265
 20
37.07531825083598
 10
90.02177660086447
 20
37.07709181296696
 10
90.37573603694199
 20
37.090842157250975
 10
90.3932991379879
 20
37.09084221323843
 10
90.74731676284094
 20
37.07709186895444
 10
90.76812995494299
 20
37.07531843382037
 10
91.08082296940142
 20
37.0340616301807
 10
91.10680444130783
 20
37.02907338728639
 10
91.37819015773462
 20
36.96030146810957
 10
91.39427033765057
 20
36.95558638777658
 10
91.40995741516257
 20
36.94969403953424
 10
91.64005314592069
 20
36.85339834863882
 10
91.65525605523904
 20
36.846363603737196
 10
91.66989677675666
 20
36.83822324987411
 10
91.86596746260427
 20
36.71949710848898
 10
91.89043360089093
 20
36.702378555803556
 10
92.05985767474343
 20
36.5663350020154
 10
92.0838034634715
 20
36.544077826048294
 10
92.22656072757206
 20
36.39072046659941
 10
92.23781339455633
 20
36.37766904909663
 10
92.24804003185845
 20
36.36379901295463
 10
92.3641102884503
 20
36.193131454587316
 10
92.37943644496474
 20
36.16698683890945
 10
92.47207586098199
 20
35.98149568997914
 10
92.48207992479801
 20
35.95831078003832
 10
92.55458506268837
 20
35.76061585791542
 10
92.56168907648967
 20
35.73748901948265
 10
92.61406570704077
 20
35.52758599607645
 10
92.61844810267132
 20
35.50532389342219
 10
92.65070199667085
 20
35.283208440641914
 10
92.6522542453445
 20
35.269658162662616
 10
92.6715832581441
 20
35.03984712409546
 10
92.67198003117034
 20
35.03432003897652
 10
92.6858311237888
 20
34.801479336890715
 10
92.68608918392803
 20
34.796036115454285
 10
92.69442628894254
 20
34.56015997906214
  0
LWPOLYLINE
  5
94
330
17
100
AcDbEntity
  8
0
100
AcDbPolyline
 90
67
 70
1
 10
91.76377358732657
 20
36.22377769132087
 10
91.61879555347132
 20
36.34019164890318
 10
91.44988286748237
 20
36.44247288157074
 10
91.25076189827178
 20
36.52580555027661
 10
91.00849811281734
 20
36.587197673974615
 10
90.71930752878657
 20
36.62535356038115
 10
90.38451902989235
 20
36.638357029132266
 10
90.04978869319751
 20
36.62535368213053
 10
89.76061318263905
 20
36.58719796542043
 10
89.51836476967514
 20
36.52580767036552
 10
89.31927070365472
 20
36.44247145607368
 10
89.15030345669274
 20
36.34018428006155
 10
89.00535019969531
 20
36.22378625305765
 10
88.88555730618154
 20
36.09507241249062
 10
88.78774333037828
 20
35.95122709658366
 10
88.70751321913188
 20
35.79061718094842
 10
88.64351547953488
 20
35.61617319412497
 10
88.5968236747193
 20
35.42907140563004
 10
88.56720685174474
 20
35.22491211545183
 10
88.54860252001804
 20
35.00465146643608
 10
88.5350959605341
 20
34.77736177653589
 10
88.5270009177126
 20
34.546891753693444
 10
88.524290226274
 20
34.311945930878785
 10
88.524290226274
 20
33.580842482447935
 10
88.5270009321388
 20
33.34584007907794
 10
88.53509596031031
 20
33.115352148155786
 10
88.5486023367442
 20
32.88808384632335
 10
88.56720699932156
 20
32.66787320818999
 10
88.59682535722575
 20
32.463630731263954
 10
88.6435147793996
 20
32.276524023867616
 10
88.70750523662834
 20
32.102127572261494
 10
88.78774020917747
 20
31.941563204418518
 10
88.88556443746587
 20
31.79766825400157
 10
89.00534083117591
 20
31.66897829635726
 10
89.15028930870574
 20
31.55260642793865
 10
89.31926892282121
 20
31.450324920665594
 10
89.51837612071381
 20
31.366973116652595
 10
89.76062603621436
 20
31.305566235340162
 10
90.04979696880024
 20
31.267395667791394
 10
90.38451903027665
 20
31.254385707130126
 10
90.71929925383552
 20
31.267395789654024
 10
91.00848525970146
 20
31.305566526971432
 10
91.25075054788346
 20
31.36697523744522
 10
91.44988465005359
 20
31.450323494921385
 10
91.6188097013067
 20
31.552599060453197
 10
91.7637829565799
 20
31.66898685723691
 10
91.88358980243133
 20
31.797683515938285
 10
91.98141760358759
 20
31.941562258563792
 10
92.06162633572258
 20
32.1021082771484
 10
92.1255989329692
 20
32.27651040400931
 10
92.17229027313417
 20
32.46364369572207
 10
92.20193292840261
 20
32.66784952589307
 10
92.22045822464729
 20
32.888050903208935
 10
92.23398278508316
 20
33.11538419597413
 10
92.24212905602582
 20
33.34587951736091
 10
92.24486950013252
 20
33.580856936116014
 10
92.24486950013252
 20
34.31193147380764
 10
92.24212907070357
 20
34.546852310029145
 10
92.23398278485763
 20
34.77732972730308
 10
92.2204580419464
 20
35.00468440044878
 10
92.20193307548674
 20
35.22493578243374
 10
92.17229195708735
 20
35.429058436098025
 10
92.12559823304771
 20
35.61618681275925
 10
92.06161835643886
 20
35.79063647373013
 10
91.98141448192652
 20
35.95122803908693
 10
91.88359693496754
 20
36.095057150826335
 10
91.76377358732657
 20
36.22377769132087
  0
LWPOLYLINE
  5
95
330
17
100
AcDbEntity
  8
0
100
AcDbPolyline
 90
153
 70
1
 10
91.51597473623936
 20
33.16827570112086
 10
91.5096651012875
 20
32.98382846363231
 10
91.50949664169133
 20
32.97990225242581
 10
91.5007156669264
 20
32.80976440427533
 10
91.50006188385505
 20
32.80066524838068
 10
91.48569358439303
 20
32.64474181202141
 10
91.48374482829009
 20
32.62937376460625
 10
91.4608299923116
 20
32.487717879374514
 10
91.457128096928
 20
32.469577328725855
 10
91.42565518285777
 20
32.34219981484853
 10
91.4192858609166
 20
32.32095427498316
 10
91.37924332717925
 20
32.207865952687044
 10
91.36778187287887
 20
32.1811072604187
 10
91.31741443822948
 20
32.081721553183726
 10
91.30869812110971
 20
32.06608861193558
 10
91.29877328258193
 20
32.051193625651685
 10
91.23633336015914
 20
31.96507351653772
 10
91.22444287039733
 20
31.950055114331242
 10
91.2113245572908
 20
31.936096389000852
 10
91.13681214709453
 20
31.8632519768863
 10
91.12237163778742
 20
31.85029785460873
 10
91.10687447000915
 20
31.838628433719837
 10
91.0202895720395
 20
31.7790698174831
 10
91.00371250827848
 20
31.768693004825472
 10
90.98630121727206
 20
31.759786589757795
 10
90.88505707596282
 20
31.713403523309704
 10
90.86865870662845
 20
31.70665530919956
 10
90.85178219674611
 20
31.70121211852742
 10
90.73344786779775
 20
31.6681054704272
 10
90.70530078120333
 20
31.662130759006107
 10
90.56986760843442
 20
31.64228105284543
 10
90.54685680355138
 20
31.640101791764227
 10
90.39431613078038
 20
31.633489551134737
 10
90.37492855257817
 20
31.633480627910576
 10
90.21907208140064
 20
31.640092868540066
 10
90.1962615414633
 20
31.642221586155028
 10
90.05908510992371
 20
31.66207129231571
 10
90.03062076553229
 20
31.66808001091561
 10
89.91209551969236
 20
31.70118665901583
 10
89.89463384201409
 20
31.706836989782932
 10
89.87768760457926
 20
31.71388407867973
 10
89.77778469050074
 20
31.760267145127838
 10
89.76000575257919
 20
31.7694994448365
 10
89.7431132052827
 20
31.78026828123442
 10
89.65822708292887
 20
31.839826897471173
 10
89.64291735834726
 20
31.85157398646217
 10
89.62866437187633
 20
31.864582988852284
 10
89.55539051698045
 20
31.93742740096684
 10
89.5425700995293
 20
31.951283155822722
 10
89.53094939142775
 20
31.966159452050853
 10
89.46928347589912
 20
32.05227956116482
 10
89.45964981843896
 20
32.066896937038024
 10
89.45117523345675
 20
32.082215437057855
 10
89.4011129292046
 20
32.18160114429283
 10
89.3899329832914
 20
32.20777571554231
 10
89.34983658886932
 20
32.320864037838405
 10
89.34344301992871
 20
32.342168556331686
 10
89.31195086989962
 20
32.46954607020901
 10
89.30823599195551
 20
32.4877503906489
 10
89.28534231553178
 20
32.629406275880655
 10
89.28338994792185
 20
32.644838275286695
 10
89.2690889743158
 20
32.80076171164598
 10
89.26844778550237
 20
32.80969243255062
 10
89.25961246915368
 20
32.9798302807011
 10
89.25944026339289
 20
32.983829052467954
 10
89.25313110934003
 20
33.16827628995651
 10
89.25303988271097
 20
33.171702886904754
 10
89.24925544825697
 20
33.37042849574773
 10
89.24921840200032
 20
33.37339645572118
 10
89.24795724444834
 20
33.58636941793489
 10
89.24795327781051
 20
33.58770913002465
 10
89.24795327781051
 20
34.30507959055995
 10
89.24795724512911
 20
34.306419417609646
 10
89.24921840268112
 20
34.51937410566246
 10
89.24925546294557
 20
34.52234272192501
 10
89.25303989739956
 20
34.72103274424409
 10
89.25313111898593
 20
34.724458851935445
 10
89.25944027303882
 20
34.90889935683841
 10
89.25961222540477
 20
34.9128931519044
 10
89.26844754175347
 20
35.08309928770882
 10
89.26908979795934
 20
35.09204368153632
 10
89.28339077156538
 20
35.247898830241695
 10
89.2853436670049
 20
35.26333021275427
 10
89.30823734342866
 20
35.404952435058036
 10
89.31194934169902
 20
35.42314221263202
 10
89.34344149172811
 20
35.55053511527644
 10
89.34981999738822
 20
35.57179900420263
 10
89.38991639181035
 20
35.68496619393
 10
89.4011391665809
 20
35.711239647088654
 10
89.45120147083308
 20
35.81056163520994
 10
89.4596747414576
 20
35.825869256347005
 10
89.46930559119961
 20
35.84047632015871
 10
89.5309715067282
 20
35.926565892188
 10
89.54257309134229
 20
35.9414148255516
 10
89.55537013105626
 20
35.95524679439749
 10
89.62864398595211
 20
36.02810972112244
 10
89.64284925104351
 20
36.04108193608465
 10
89.65810518045681
 20
36.0528004912464
 10
89.74299130281064
 20
36.11244254345466
 10
89.75999625996381
 20
36.123291493766395
 10
89.77789992422377
 20
36.13258273139722
 10
89.87780283830232
 20
36.17889763041615
 10
89.89468714138954
 20
36.18591091901538
 10
89.91208260314481
 20
36.191537980241144
 10
90.03060784898474
 20
36.22465220250017
 10
90.05902456550159
 20
36.23065576012494
 10
90.1962009970412
 20
36.250543337079606
 10
90.2190391864273
 20
36.25267942597826
 10
90.37489565760482
 20
36.25931438908414
 10
90.39434973680255
 20
36.25930540459695
 10
90.54689040957356
 20
36.252670441491084
 10
90.56992888322995
 20
36.250483650364735
 10
90.7053620559989
 20
36.23059607341007
 10
90.73346080064924
 20
36.224626732605195
 10
90.8517951295976
 20
36.19151251034617
 10
90.86860588482631
 20
36.1860922839886
 10
90.88494256904345
 20
36.179377144830205
 10
90.98618671035268
 20
36.13306224581129
 10
91.00372207094148
 20
36.12409798447704
 10
91.02041142017573
 20
36.113642723868864
 10
91.10699631814538
 20
36.05400067166062
 10
91.12243984822858
 20
36.04235899941965
 10
91.13683269728703
 20
36.029440909391376
 10
91.21134510748325
 20
35.95657798266644
 10
91.22443980223585
 20
35.94264290498893
 10
91.2363109743876
 20
35.927651817894116
 10
91.2987508968104
 20
35.841562245864814
 10
91.30867293207149
 20
35.82667763078332
 10
91.31738797836947
 20
35.811055642501714
 10
91.36775541301881
 20
35.71173365438044
 10
91.37925988155597
 20
35.684875998647115
 10
91.41930241529332
 20
35.571708808919745
 10
91.42565670935309
 20
35.55050385988351
 10
91.45712962342333
 20
35.423110957239096
 10
91.46082863843475
 20
35.40498495346934
 10
91.48374347441323
 20
35.26336273116557
 10
91.48569275307437
 20
35.24799533470882
 10
91.5000610525364
 20
35.09214018600344
 10
91.50071590769811
 20
35.08302734462815
 10
91.509496882463
 20
34.912821208823736
 10
91.5096650916401
 20
34.90889994569545
 10
91.51597472659196
 20
34.72445944079249
 10
91.51606545595034
 20
34.72105956125212
 10
91.51987345445393
 20
34.52236953893303
 10
91.51991093274471
 20
34.51938994290021
 10
91.52118699816486
 20
34.30643525484739
 10
91.52119105982891
 20
34.30507959055995
 10
91.52119105982891
 20
33.58770913002465
 10
91.52118699886184
 20
33.58635358205591
 10
91.5199109334417
 20
33.373380619842195
 10
91.5198734693259
 20
33.37040168353664
 10
91.51606547082233
 20
33.171676074693686
 10
91.51597473623936
 20
33.16827570112086
  0
LWPOLYLINE
  5
96
330
17
100
AcDbEntity
  8
0
100
AcDbPolyline
 90
67
 70
1
 10
91.01563149739641
 20
35.32357299062699
 10
90.98903676554643
 20
35.431220476902205
 10
90.95757398984604
 20
35.52013977282865
 10
90.92193739013443
 20
35.590413312822875
 10
90.881282107694
 20
35.64646712791776
 10
90.83434392860362
 20
35.692366235122314
 10
90.77999456254067
 20
35.72980356893252
 10
90.71280932033207
 20
35.76053796667854
 10
90.62538301553187
 20
35.7850030066561
 10
90.5156523211903
 20
35.80111632352957
 10
90.3844137257484
 20
35.80682472393851
 10
90.24975779436369
 20
35.80109228864098
 10
90.13834767903384
 20
35.784940262981145
 10
90.05148959435914
 20
35.76067338295464
 10
89.98656937764129
 20
35.730576430235004
 10
89.93402023335103
 20
35.69365474362297
 10
89.88782125321484
 20
35.64771485265895
 10
89.84736848948033
 20
35.59124020069841
 10
89.8116414318353
 20
35.52035887695528
 10
89.78003682026171
 20
35.431158710063436
 10
89.75344112730791
 20
35.32357308888186
 10
89.73327182461314
 20
35.19880407332153
 10
89.72009168626612
 20
35.055164033236004
 10
89.71159246840735
 20
34.89143259770954
 10
89.70541023478022
 20
34.71070245828663
 10
89.70168670451274
 20
34.5152100218496
 10
89.70043830535018
 20
34.30440967116253
 10
89.70043830535018
 20
33.58837899194111
 10
89.70168670789147
 20
33.37755998139666
 10
89.70541025065299
 20
33.1820318750608
 10
89.71159239536097
 20
33.00129773803061
 10
89.72009170528156
 20
32.837630219677884
 10
89.73327293210377
 20
32.69391537632733
 10
89.75344163650335
 20
32.56912040575043
 10
89.78002978005671
 20
32.4615783160134
 10
89.81163999148853
 20
32.372424519773794
 10
89.84739416344297
 20
32.30144389434361
 10
89.88782638697624
 20
32.24497789570309
 10
89.93395518598925
 20
32.199119447960356
 10
89.98655367802704
 20
32.1622147889296
 10
90.05154504804929
 20
32.132040503603704
 10
90.13831143298658
 20
32.107804787805826
 10
90.24971082096307
 20
32.091685071809465
 10
90.38441408324869
 20
32.08597026011715
 10
90.51570002272172
 20
32.09166116344997
 10
90.62541962702767
 20
32.1077421712342
 10
90.7127544517507
 20
32.13217602178877
 10
90.78001006170996
 20
32.162987892830465
 10
90.83440912737066
 20
32.20040704041044
 10
90.88127687372861
 20
32.24622562850319
 10
90.92191143030624
 20
32.30227074051611
 10
90.95757544953462
 20
32.37264346842118
 10
90.9890437941342
 20
32.46151652324688
 10
91.01563098808364
 20
32.56912049848404
 10
91.03582871785186
 20
32.69397966364118
 10
91.04906722612981
 20
32.837642712175544
 10
91.05751177270108
 20
33.00126201649086
 10
91.06369607912032
 20
33.18204557108934
 10
91.06744295298878
 20
33.377581307267945
 10
91.06870603228924
 20
33.58838691009132
 10
91.06870603228924
 20
34.30440175233293
 10
91.06744295642868
 20
34.51518869289905
 10
91.06369609509309
 20
34.71068875984948
 10
91.05751170009611
 20
34.89146830485763
 10
91.04906724510433
 20
35.05515150536856
 10
91.0358298314662
 20
35.19873976203733
 10
91.01563149739641
 20
35.32357299062699
  0
LWPOLYLINE
  5
97
330
17
100
AcDbEntity
  8
0
100
AcDbPolyline
 90
107
 70
1
 10
69.2432133425855
 20
33.366503642736404
 10
69.22888077507353
 20
33.35130199615788
 10
69.21320698822407
 20
33.33748733163131
 10
69.12966714254017
 20
33.27044905324573
 10
69.1146077024386
 20
33.25935563685102
 10
69.09868337814959
 20
33.24954408654452
 10
69.0058641059171
 20
33.19752103696201
 10
68.97848253153958
 20
33.18450310784346
 10
68.87729561720792
 20
33.144469590961826
 10
68.85013910436572
 20
33.13566251524941
 10
68.74057300635957
 20
33.10763079399245
 10
68.7149392732516
 20
33.102628612285216
 10
68.59698244999566
 20
33.08661094957669
 10
68.58262140282929
 20
33.08512572209266
 10
68.4577665647302
 20
33.07622836977669
 10
68.45263396789913
 20
33.07592118926811
 10
68.32238921413065
 20
33.06961059251831
 10
68.31770995452926
 20
33.06943239023512
 10
68.18208682666669
 20
33.06567248162867
 10
68.17781526615731
 20
33.06559441371514
 10
68.03682530577593
 20
33.064349125829175
 10
68.03482710624395
 20
33.06434030149467
 10
67.40253344450454
 20
33.06434030149467
 10
67.38035780028386
 20
33.06542972103685
 10
67.35839571963945
 20
33.068687487957625
 10
67.33685870941363
 20
33.0740822281807
 10
67.3159541827882
 20
33.08156198740865
 10
67.29588346178214
 20
33.09105473147126
 10
67.2768398384105
 20
33.10246904005394
 10
67.25900671317667
 20
33.11569498712536
 10
67.24255582882522
 20
33.13060519958516
 10
67.22764561636542
 20
33.14705608393661
 10
67.21441966929402
 20
33.164889209170454
 10
67.20300536071132
 20
33.18393283254209
 10
67.19351261664872
 20
33.20400355354815
 10
67.18603285742076
 20
33.22490808017358
 10
67.18063811719769
 20
33.246445090399405
 10
67.17738035027689
 20
33.268407171043805
 10
67.17629093073472
 20
33.2905828152645
 10
67.17629093073472
 20
35.851758403362794
 10
67.17738035027689
 20
35.87393404758349
 10
67.18063811719769
 20
35.89589612822789
 10
67.18603285742076
 20
35.91743313845372
 10
67.19351261664872
 20
35.938337665079146
 10
67.20300536071132
 20
35.9584083860852
 10
67.21441966929402
 20
35.97745200945684
 10
67.22764561636542
 20
35.995285134690675
 10
67.24255582882522
 20
36.01173601904213
 10
67.25900671317667
 20
36.02664623150193
 10
67.2768398384105
 20
36.039872178573354
 10
67.29588346178214
 20
36.05128648715603
 10
67.3159541827882
 20
36.060779231218646
 10
67.33685870941363
 20
36.06825899044659
 10
67.35839571963945
 20
36.07365373066966
 10
67.38035780028386
 20
36.07691149759044
 10
67.40253344450454
 20
36.07800091713262
 10
68.04442969690122
 20
36.07800091713262
 10
68.04647391295296
 20
36.07799168167883
 10
68.18716379237628
 20
36.076720425248425
 10
68.1914941166939
 20
36.07663983931514
 10
68.32621700168235
 20
36.07284242058892
 10
68.33089856901559
 20
36.07266193339823
 10
68.45964291799388
 20
36.066362878223735
 10
68.4647205606312
 20
36.06605719056775
 10
68.58747483202401
 20
36.05728102479254
 10
68.60260405501225
 20
36.055686597297985
 10
68.71840837447304
 20
36.03952935366304
 10
68.7440288717334
 20
36.034432024292
 10
68.85210033573702
 20
36.006358104150294
 10
68.87901711068501
 20
35.99753375124747
 10
68.97933263608084
 20
35.95753161302371
 10
69.0062723148396
 20
35.94466867116296
 10
69.09880881847704
 20
35.89272677328182
 10
69.11473521643114
 20
35.88289948406507
 10
69.12979493030626
 20
35.87178954332975
 10
69.21333477599018
 20
35.80465171885714
 10
69.22894985702305
 20
35.790872845351394
 10
69.2432318117116
 20
35.77571653046208
 10
69.31658044639747
 20
35.690322819244145
 10
69.32797042136531
 20
35.67591867248882
 10
69.33815470728761
 20
35.66063825057807
 10
69.40132367255076
 20
35.5569771110395
 10
69.41561690269319
 20
35.52943167166582
 10
69.46861774010895
 20
35.40749156223128
 10
69.47847881437319
 20
35.38010732579715
 10
69.52036703836204
 20
35.235133478113504
 10
69.52592328969078
 20
35.21103342817336
 10
69.55590060796055
 20
35.03837061997447
 10
69.5583257885189
 20
35.01993518297371
 10
69.57634603476833
 20
34.81956538054818
 10
69.57717680248567
 20
34.80526613385132
 10
69.58319381041353
 20
34.57717130348773
 10
69.58319384993968
 20
34.56524066315076
 10
69.57717684201181
 20
34.3370884855848
 10
69.57634648045263
 20
34.32279269656976
 10
69.55832623420321
 20
34.12237348177493
 10
69.55590111202375
 20
34.103935991939295
 10
69.52592379375398
 20
33.93125983879395
 10
69.52036116075723
 20
33.90713654680762
 10
69.4784729367684
 20
33.76221355419018
 10
69.46863995544513
 20
33.7349007849031
 10
69.41563911802939
 20
33.61287844174446
 10
69.40134332311014
 20
33.58531412675939
 10
69.33817435784698
 20
33.481614034404146
 10
69.32797319173194
 20
33.46630517149839
 10
69.31656197727136
 20
33.45187571350065
 10
69.2432133425855
 20
33.366503642736404
  0
LWPOLYLINE
  5
98
330
17
100
AcDbEntity
  8
0
100
AcDbPolyline
 90
36
 70
1
 10
69.1084931306506
 20
34.97013696027549
 10
69.08222601338032
 20
35.12142982077641
 10
69.04782351846607
 20
35.24049579165553
 10
69.00683558123686
 20
35.334797576210775
 10
68.96133949088382
 20
35.40945728530843
 10
68.91359822368013
 20
35.46503846963765
 10
68.86096774228373
 20
35.50733560333439
 10
68.79783705856123
 20
35.542771646389674
 10
68.72459825435892
 20
35.5719765850817
 10
68.64292479509726
 20
35.59319304767102
 10
68.54761590155078
 20
35.60649072966406
 10
68.43499016289141
 20
35.614542768438874
 10
68.31112620284155
 20
35.62060304156681
 10
68.18090981242221
 20
35.624273436240124
 10
68.04340756801307
 20
35.62551588959298
 10
67.62877595827436
 20
35.62551588959298
 10
67.62877595827436
 20
33.51682532903431
 10
68.03382798699388
 20
33.51682532903431
 10
68.17168271827096
 20
33.51804292514129
 10
68.30282988251192
 20
33.52167874566331
 10
68.42816788477366
 20
33.52775160132017
 10
68.54325393931494
 20
33.53595281474127
 10
68.64109247647237
 20
33.54923856324507
 10
68.72412966463843
 20
33.57048304812672
 10
68.79788881204877
 20
33.5996650633362
 10
68.86109616090704
 20
33.6350913165759
 10
68.91366322325695
 20
33.677274843860076
 10
68.96133452644064
 20
33.73276051017482
 10
69.0068134492864
 20
33.80742009150052
 10
69.04781998393938
 20
33.901828287429915
 10
69.08222741918857
 20
34.020869583760195
 10
69.10849257214578
 20
34.17216282265531
 10
69.12503794603145
 20
34.35617866776406
 10
69.13070877528335
 20
34.571204484238436
 10
69.12503807889928
 20
34.78617121608752
 10
69.1084931306506
 20
34.97013696027549
  0
LWPOLYLINE
  5
99
330
17
100
AcDbEntity
  8
0
100
AcDbPolyline
 90
133
 70
1
 10
75.1151459719243
 20
36.000889866564016
 10
75.12756312998245
 20
36.015026912629665
 10
75.17015346646927
 20
36.05963029221002
 10
75.18351549749718
 20
36.07252076453707
 10
75.19788948556852
 20
36.0842722162317
 10
75.2463371715248
 20
36.120669054868266
 10
75.27428402879109
 20
36.138615263574046
 10
75.32875641705876
 20
36.16818814580901
 10
75.3570611625943
 20
36.18111951544347
 10
75.41753517002277
 20
36.20386267048923
 10
75.44450430663039
 20
36.21212667404435
 10
75.51095685006902
 20
36.228034331113236
 10
75.53021483525207
 20
36.23176988216223
 10
75.60294984285063
 20
36.24263086520242
 10
75.61426185205686
 20
36.24402969912609
 10
75.69359864073229
 20
36.25181701639173
 10
75.70337112608065
 20
36.252562926746094
 10
75.78930969583301
 20
36.25725277373813
 10
75.797803585683
 20
36.25755641739815
 10
75.89034393651218
 20
36.25912498961751
 10
75.89819717382059
 20
36.25912178433948
 10
75.98648445414834
 20
36.257553212120115
 10
75.99523746013898
 20
36.2572281191315
 10
76.07818099109856
 20
36.25253827213947
 10
76.08800951762863
 20
36.25176739723731
 10
76.16557467449417
 20
36.243980079971664
 10
76.17665082636927
 20
36.242591291905
 10
76.24880298441478
 20
36.23173030886482
 10
76.26802145478926
 20
36.227980483271416
 10
76.33417584086573
 20
36.21207282620252
 10
76.36195600226748
 20
36.20347035714894
 10
76.421543231993
 20
36.18072720210316
 10
76.45109318710756
 20
36.16693293405521
 10
76.50410171890685
 20
36.13736005182023
 10
76.51917068930398
 20
36.128164601771694
 10
76.53347683985498
 20
36.11782225064456
 10
76.57989513215271
 20
36.081425412007995
 10
76.59447143670813
 20
36.06896319262266
 10
76.6079399625395
 20
36.05531129244608
 10
76.64836048286823
 20
36.010707912865726
 10
76.65996002834068
 20
35.996831459204074
 10
76.67041409869
 20
35.98207280633453
 10
76.70544470334933
 20
35.9281726878426
 10
76.7205668346895
 20
35.90097827638503
 10
76.75021906525475
 20
35.83777564819389
 10
76.75992826992939
 20
35.813532149958164
 10
76.78421366797586
 20
35.741021241280144
 10
76.79050126428137
 20
35.718417117704014
 10
76.8093351915901
 20
35.633967050492345
 10
76.81268415933748
 20
35.61529794346865
 10
76.82615125412744
 20
35.51656878355412
 10
76.82764995968103
 20
35.502140981326455
 10
76.83573868037686
 20
35.38911325230073
 10
76.83626501579869
 20
35.37775734669307
 10
76.83896382082516
 20
35.25041157214785
 10
76.83895438075662
 20
35.24039787055226
 10
76.8365383443252
 20
35.13571277687922
 10
76.83594432636195
 20
35.1237395721311
 10
76.82872699460194
 20
35.029042990539715
 10
76.82715482592197
 20
35.014574580459005
 10
76.81518236513455
 20
34.929865789600804
 10
76.81197324408616
 20
34.91223292098396
 10
76.79529182057259
 20
34.837511199510516
 10
76.7908432161757
 20
34.82066402382614
 10
76.7704588705838
 20
34.75398413539888
 10
76.76582608104985
 20
34.74038910444973
 10
76.74307571251954
 20
34.679979898157654
 10
76.73657656751836
 20
34.6644917548952
 10
76.71144863447434
 20
34.61033663972378
 10
76.70241619602294
 20
34.59289572200868
 10
76.67489915688991
 20
34.54497810694344
 10
76.66353192842483
 20
34.52716505232317
 10
76.63384507313367
 20
34.485112841785096
 10
76.6203095253459
 20
34.46779121424068
 10
76.58885680903241
 20
34.43133955312142
 10
76.57148254493481
 20
34.41332316574025
 10
76.53825242602376
 20
34.38247782482743
 10
76.51659742739606
 20
34.36473969660563
 10
76.48157836431206
 20
34.33950644668693
 10
76.46614486417982
 20
34.32931735138907
 10
76.43050832681676
 20
34.30782838086025
 10
76.42415006050385
 20
34.30413387906927
 10
76.38909060190629
 20
34.28451752913436
 10
76.38219261646488
 20
34.280813239753414
 10
76.34773331978334
 20
34.26306951041243
 10
76.3402380066379
 20
34.25938346066428
 10
76.30671755581635
 20
34.243660387348974
 10
75.78012131414421
 20
33.99467295000815
 10
75.75910173964286
 20
33.985998419378156
 10
75.73731757569045
 20
33.97947766828933
 10
75.71498888263613
 20
33.97517656838886
 10
75.6923412215802
 20
33.97313856874129
 10
75.66960337578973
 20
33.97338425691266
 10
75.64700503956449
 20
33.975911150998016
 10
75.62477449789951
 20
33.98069372469318
 10
75.60313632038452
 20
33.98768366515773
 10
75.58230909263567
 20
33.99681036106398
 10
75.56250320817642
 20
34.007981615901976
 10
75.54391874307399
 20
34.02108457933487
 10
75.52674343480078
 20
34.03598688719599
 10
75.51115078573878
 20
34.05253799861177
 10
75.21420913618361
 20
34.40130132130529
 10
75.20301350704635
 20
34.41557239859015
 10
75.16462430397205
 20
34.46876763941499
 10
75.15738033175566
 20
34.47943326302077
 10
75.11902575340729
 20
34.5395195456537
 10
75.11336843458679
 20
34.54887311879639
 10
75.07503693938902
 20
34.61585116458578
 10
75.07056750587897
 20
34.624048639158545
 10
75.03224755225654
 20
34.697919169452916
 10
75.02240131918948
 20
34.71962697365964
 10
74.98888266089568
 20
34.80525139615903
 10
74.97924479156688
 20
34.83626686339571
 10
74.95531718235502
 20
34.938715295953635
 10
74.95100695080333
 20
34.96315404850897
 10
74.93665884909811
 20
35.08244596753377
 10
74.93517921399513
 20
35.10152502090579
 10
74.93039907822121
 20
35.23767990280581
 10
74.93031056559552
 20
35.25041157214785
 10
74.93300937062199
 20
35.37775734669307
 10
74.93353570604384
 20
35.38911325230073
 10
74.9416244267397
 20
35.502140981326455
 10
74.94312313229328
 20
35.51656878355412
 10
74.95659022708324
 20
35.61529794346865
 10
74.95993919483062
 20
35.633967050492394
 10
74.97877312213937
 20
35.718417117704064
 10
74.98526705784718
 20
35.74163441310839
 10
75.0097832873998
 20
35.81414532178641
 10
75.02038644032406
 20
35.84008677907603
 10
75.05091583061282
 20
35.90328940726716
 10
75.06739238918728
 20
35.93186978423694
 10
75.1039464817874
 20
35.985769902728855
 10
75.1151459719243
 20
36.000889866564016
  0
LWPOLYLINE
  5
9A
330
17
100
AcDbEntity
  8
0
100
AcDbPolyline
 90
60
 70
1
 10
75.39877015408908
 20
35.029526001069065
 10
75.41616853826092
 20
34.955033093245994
 10
75.43940172232669
 20
34.8956832245545
 10
75.47007586748795
 20
34.83655174982165
 10
75.50337241093676
 20
34.778371462299965
 10
75.53531534078809
 20
34.728329668234615
 10
75.56461899751791
 20
34.68772410854706
 10
75.74334967965748
 20
34.477801698997396
 10
76.1136174204109
 20
34.652873240730074
 10
76.1142481643149
 20
34.65317028344546
 10
76.14430253225015
 20
34.66726755895667
 10
76.17156715290993
 20
34.68130661651617
 10
76.200000514335
 20
34.69721555492683
 10
76.2245628000782
 20
34.71202670868957
 10
76.24069627920026
 20
34.723651808703494
 10
76.25446244496956
 20
34.736430037916364
 10
76.27053804207229
 20
34.75506061379532
 10
76.28777838444395
 20
34.77948201175244
 10
76.30513309151672
 20
34.809703147430014
 10
76.32258645729371
 20
34.8473182203501
 10
76.3398426460944
 20
34.89313869432118
 10
76.3555775468771
 20
34.94460963430651
 10
76.36840524498665
 20
35.002069220085275
 10
76.37810374699276
 20
35.07068906296139
 10
76.3843121224354
 20
35.15214741227973
 10
76.38647426074212
 20
35.24583128568041
 10
76.38400203828733
 20
35.36248553830808
 10
76.3768371574124
 20
35.462603992694895
 10
76.3656336494314
 20
35.54473848037095
 10
76.35142280538662
 20
35.60845895221115
 10
76.33502185143455
 20
35.65742862822712
 10
76.31754880954628
 20
35.69467176807796
 10
76.3008960286236
 20
35.72029470190058
 10
76.2855622666659
 20
35.73721525610005
 10
76.26819974136981
 20
35.750829307807784
 10
76.2449193523868
 20
35.7638171831254
 10
76.21421854375971
 20
35.77553501686014
 10
76.1717592791704
 20
35.78574488291049
 10
76.11481850744336
 20
35.79431611311031
 10
76.04771442593236
 20
35.80105316868608
 10
75.9740669140047
 20
35.80521739413307
 10
75.89408587461271
 20
35.8066383919937
 10
75.80972196745206
 20
35.805208411667245
 10
75.7329218132039
 20
35.80101726706911
 10
75.66413681564887
 20
35.79426566282572
 10
75.60675023257701
 20
35.78569654698927
 10
75.56358828014807
 20
35.775364278243266
 10
75.53093885268477
 20
35.76308543279331
 10
75.5048069616396
 20
35.74889851422717
 10
75.48455396423351
 20
35.73368323481917
 10
75.46784607567145
 20
35.71618564365197
 10
75.45116344975986
 20
35.69158660563926
 10
75.4339341607098
 20
35.65591814519735
 10
75.41778097381432
 20
35.608142354171896
 10
75.40364073698927
 20
35.54473848037079
 10
75.39243722900828
 20
35.462603992694895
 10
75.38527234813337
 20
35.36248553830808
 10
75.3828289504483
 20
35.247191410844124
 10
75.38704962389416
 20
35.126971960658025
 10
75.39877015408908
 20
35.029526001069065
  0
LWPOLYLINE
  5
9B
330
17
100
AcDbEntity
  8
0
100
AcDbPolyline
 90
89
 70
1
 10
97.28110662089207
 20
39.79465647060471
 10
97.28859130263747
 20
39.77382063965141
 10
97.29400366075086
 20
39.752353020034946
 10
97.29729186667194
 20
39.73045918496281
 10
97.29842443265075
 20
39.708348789067486
 10
97.29739051327336
 20
39.686233560760584
 10
97.29420000931717
 20
39.664325274728796
 10
97.28888347294135
 20
39.642833723986485
 10
97.28149181512042
 20
39.6219647109048
 10
97.27209581812254
 20
39.60191807645511
 10
97.26078545770062
 20
39.58288578653845
 10
97.24766904148788
 20
39.565050093726576
 10
97.2328721718473
 20
39.54858179201738
 10
97.21653654310772
 20
39.53363858131729
 10
97.19881858470366
 20
39.520363557312194
 10
97.09322086500795
 20
39.44903626122708
 10
97.0804843663454
 20
39.44103653429758
 10
96.97003918501983
 20
39.376683956441525
 10
96.95669388020809
 20
39.369495807666894
 10
96.84175902608727
 20
39.31247068743526
 10
96.82782274079946
 20
39.30613438351414
 10
96.70875600271795
 20
39.25678946030232
 10
96.69181113823007
 20
39.2505471015061
 10
96.53091700987957
 20
39.19846742606971
 10
96.51203063382795
 20
39.193246013232375
 10
96.34546526390984
 20
39.15487628656641
 10
96.32562177634209
 20
39.15122836904641
 10
96.15385981214102
 20
39.12751355762931
 10
96.13330843264625
 20
39.12562629448969
 10
95.95682452144682
 20
39.117511364799896
 10
95.9236502529771
 20
39.118422576761034
 10
95.53429809531497
 20
39.15783020363163
 10
95.51183520906383
 20
39.1612505647044
 10
95.48982868531014
 20
39.166906803814975
 10
95.12688942274308
 20
39.27989990811475
 10
95.10604871481803
 20
39.28752822436607
 10
95.08605566328231
 20
39.297161718329136
 10
94.75738910859594
 20
39.475895635590156
 10
94.73881556513565
 20
39.48718466373858
 10
94.72141102280698
 20
39.50020390256179
 10
94.43487698878684
 20
39.736833968316056
 10
94.41892811461958
 20
39.75133707058395
 10
94.4044319682853
 20
39.76729226735652
 10
94.16789026771701
 20
40.05397381713606
 10
94.15488170869915
 20
40.071379458361726
 10
94.14360296322229
 20
40.089952795559526
 10
93.96491340889136
 20
40.41884116489638
 10
93.95529228292274
 20
40.438826993401534
 10
93.94767447279568
 20
40.45965890101485
 10
93.83469687748772
 20
40.822909425441004
 10
93.82905070415221
 20
40.84489862672596
 10
93.8256367052527
 20
40.867342976972694
 10
93.78623088175326
 20
41.257110992020216
 10
93.78509514979228
 20
41.27756431948223
 10
93.78581409459063
 20
41.2980365350373
 10
93.81065445004987
 20
41.60636491043297
 10
93.81282628353739
 20
41.62432028054783
 10
93.81642541547929
 20
41.64204479537684
 10
93.8881880453581
 20
41.9348901474952
 10
93.89305381095936
 20
41.951854160686345
 10
93.8992270436677
 20
41.968387297604785
 10
94.0137742932177
 20
42.24208517628517
 10
94.02099931574811
 20
42.257660970822684
 10
94.02938475377108
 20
42.272643986380366
 10
94.18257896824402
 20
42.523529941462144
 10
94.19537732212214
 20
42.542300940569866
 10
94.20999372275926
 20
42.559693729360255
 10
94.22628078067794
 20
42.57553292169593
 10
94.24407425975636
 20
42.58965879766094
 10
94.26319473335946
 20
42.601928914151244
 10
94.28344939364884
 20
42.61221954124849
 10
94.3046339958265
 20
42.620426909892984
 10
94.32653491770722
 20
42.62646825827453
 10
94.3489313138509
 20
42.63028266638942
 10
94.37159734253326
 20
42.631831670348184
 10
94.39430444309791
 20
42.631099650239314
 10
94.41682364072616
 20
42.62809398763812
 10
94.43892785538286
 20
42.6228449911719
 10
94.46039419165571
 20
42.61540559089273
 10
94.48100618639728
 20
42.60585080453897
 10
94.50055599150538
 20
42.5942769810684
 10
94.51884646983044
 20
42.580800829090435
 10
94.53569318307542
 20
42.565558239994964
 10
96.78213820029382
 20
40.31784366225894
 10
97.2321600973665
 20
39.86782176518626
 10
97.2470302855024
 20
39.85141963675277
 10
97.26022613691639
 20
39.83364263425506
 10
97.2716212885767
 20
39.81466098967445
 10
97.28110662089207
 20
39.79465647060471
  0
LWPOLYLINE
  5
9C
330
17
100
AcDbEntity
  8
0
100
AcDbPolyline
 90
20
 70
1
 10
94.53078501644532
 20
40.3251298008075
 10
94.73968277332155
 20
40.071951893728645
 10
94.99272092502007
 20
39.862983927045335
 10
95.28265955147614
 20
39.70531085160502
 10
95.60255504304837
 20
39.60571847245982
 10
95.9526613482987
 20
39.570283048844374
 10
96.10220584569997
 20
39.57715927384222
 10
96.25373205017907
 20
39.59808017667823
 10
96.40090073562418
 20
39.63198171477761
 10
96.54386774475664
 20
39.67825857714708
 10
96.64751131888275
 20
39.72121166622178
 10
96.7085669032465
 20
39.75150449658895
 10
96.46216037278431
 20
39.997911027051146
 10
94.42015918222319
 20
42.04106622556661
 10
94.32345975255569
 20
41.8100137221362
 10
94.26022222858089
 20
41.55195719596412
 10
94.23848786977297
 20
41.28218168681311
 10
94.2735345419147
 20
40.93553059259378
 10
94.37313291415961
 20
40.615297533540485
 10
94.53078501644532
 20
40.3251298008075
  0
LWPOLYLINE
  5
9D
330
17
100
AcDbEntity
  8
0
100
AcDbPolyline
 90
90
 70
1
 10
97.99489376597474
 20
40.59135544572004
 10
97.88035180631339
 20
40.31765792771386
 10
97.87312686582905
 20
40.30208169116806
 10
97.86474145180885
 20
40.28709824224458
 10
97.71154964183086
 20
40.036209041094764
 10
97.69875357523193
 20
40.017440580978956
 10
97.68413996560429
 20
40.00004986997648
 10
97.66785613035555
 20
39.98421222099963
 10
97.65006622416473
 20
39.97008729079651
 10
97.63094958416546
 20
39.957817470477536
 10
97.61069892207789
 20
39.94752645009387
 10
97.58951838151334
 20
39.93931797173826
 10
97.56762148003583
 20
39.93327478373802
 10
97.5452289567266
 20
39.92945780648265
 10
97.5225665469495
 20
39.92790551829538
 10
97.49986270674967
 20
39.928633567539435
 10
97.47734630982558
 20
39.931634614869495
 10
97.45524434029062
 20
39.93687840721846
 10
97.43377960448366
 20
39.94431208277357
 10
97.41316848489446
 20
39.95386070386781
 10
97.39361875884741
 20
39.965428012414165
 10
97.37532750393221
 20
39.978897400267705
 10
97.35847911129706
 20
39.99413308473324
 10
96.46218839755399
 20
40.89042379847632
 10
94.66074580278446
 20
42.69060453398282
 10
94.64598413226892
 20
42.706862512382266
 10
94.63286818155633
 20
42.7244750254043
 10
94.62152151820506
 20
42.743276142627444
 10
94.61205104102214
 20
42.76308873559189
 10
94.6045459729521
 20
42.78372614655621
 10
94.59907702049236
 20
42.80499394703109
 10
94.59569570755588
 20
42.82669176952258
 10
94.59443389005553
 20
42.848615195227566
 10
94.59530345578436
 20
42.87055767989749
 10
94.59829621241865
 20
42.892312499726074
 10
94.60338396469918
 20
42.91367469892882
 10
94.61051878006357
 20
42.93444302066561
 10
94.61963344022674
 20
42.954421803114904
 10
94.6306420744557
 20
42.97342282283648
 10
94.6434409685721
 20
42.991267068055706
 10
94.65790954206061
 20
43.00778642516347
 10
94.67391148407827
 20
43.02282526254235
 10
94.69129603766156
 20
43.03624189679823
 10
94.74018470797445
 20
43.07031875857286
 10
94.74658172089316
 20
43.07461764319179
 10
94.79665051728142
 20
43.10704045295494
 10
94.80212374396767
 20
43.110474796826324
 10
94.85313894953126
 20
43.14147943552337
 10
94.8576403329033
 20
43.144144395438175
 10
94.90936823074225
 20
43.173966744014464
 10
94.92609776578351
 20
43.18270304847253
 10
95.13944667076794
 20
43.283022060385896
 10
95.16507338415246
 20
43.293214495398125
 10
95.39153928947584
 20
43.367649360635234
 10
95.41889946346141
 20
43.374782304157605
 10
95.65647413501989
 20
43.421088907669265
 10
95.68517344915769
 20
43.42479730027341
 10
95.93184865284748
 20
43.44073152701045
 10
95.95053297992546
 20
43.441164909264316
 10
95.96918932604356
 20
43.44005466241891
 10
96.3589573410911
 20
43.40064981574549
 10
96.38140127652892
 20
43.39723595883289
 10
96.40339009010366
 20
43.39159001032682
 10
96.76664061452983
 20
43.27861492471036
 10
96.78747239205431
 20
43.270997321024325
 10
96.80745811953162
 20
43.26137643031963
 10
97.13634648886844
 20
43.082690287365786
 10
97.15491995083161
 20
43.071411667384986
 10
97.17232572589747
 20
43.05840321811822
 10
97.45900727567701
 20
42.82186519943267
 10
97.47496273924015
 20
42.807369019061085
 10
97.4894660882968
 20
42.791420071477546
 10
97.72609615405108
 20
42.50488935866596
 10
97.73911566395859
 20
42.487484635807974
 10
97.75040491938913
 20
42.468910871304786
 10
97.92913883665013
 20
42.1402466459728
 10
97.93877249677159
 20
42.12025337071621
 10
97.94640093122241
 20
42.09941241462848
 10
98.05939403552222
 20
41.73647385838181
 10
98.06505030829402
 20
41.714467232386866
 10
98.06847068192582
 20
41.69200423940801
 10
98.10787830879643
 20
41.30265053385229
 10
98.10901643297444
 20
41.282185612954365
 10
98.10829776079396
 20
41.26170167231054
 10
98.08345980982959
 20
40.953374378937575
 10
98.08128825761091
 20
40.93541990268652
 10
98.07768954966046
 20
40.91769624173354
 10
98.00593220967035
 20
40.624852692986316
 10
98.00106672176048
 20
40.607888642538896
 10
97.99489376597474
 20
40.59135544572004
  0
LWPOLYLINE
  5
9E
330
17
100
AcDbEntity
  8
0
100
AcDbPolyline
 90
18
 70
1
 10
97.62058239685004
 20
41.62374736198899
 10
97.52099015600845
 20
41.94364178677189
 10
97.36331747610772
 20
42.233577631013
 10
97.1543500392993
 20
42.48661220813768
 10
96.90117254751382
 20
42.69550637076786
 10
96.61100484860664
 20
42.85315544492655
 10
96.29077127077987
 20
42.95275176603138
 10
95.94231821128456
 20
42.98797974486034
 10
95.72880985535045
 20
42.97418796318623
 10
95.51936939914532
 20
42.93336510904452
 10
95.31948483708662
 20
42.86766700575356
 10
95.18634275631668
 20
42.805062128602195
 10
96.78205954481399
 20
41.210463094296216
 10
97.47393082981495
 20
40.518591828897605
 10
97.57065854256024
 20
40.74972228082172
 10
97.6338915505294
 20
41.0077778115061
 10
97.65562291835619
 20
41.27754136136316
 10
97.62058239685004
 20
41.62374736198899
  0
ENDSEC
  0
SECTION
  2
OBJECTS
  0
DICTIONARY
  5
A
330
0
100
AcDbDictionary
281
1
  3
ACAD_COLOR
350
B
  3
ACAD_GROUP
350
C
  3
ACAD_LAYOUT
350
D
  3
ACAD_MATERIAL
350
E
  3
ACAD_MLEADERSTYLE
350
F
  3
ACAD_MLINESTYLE
350
10
  3
ACAD_PLOTSETTINGS
350
11
  3
ACAD_PLOTSTYLENAME
350
12
  3
ACAD_SCALELIST
350
14
  3
ACAD_TABLESTYLE
350
15
  3
ACAD_VISUALSTYLE
350
16
  3
EZDXF_META
350
2D
  0
DICTIONARY
  5
B
330
A
100
AcDbDictionary
281
1
  0
DICTIONARY
  5
C
330
A
100
AcDbDictionary
281
1
  0
DICTIONARY
  5
D
330
A
100
AcDbDictionary
281
1
  3
Model
350
1A
  3
Layout1
350
1E
  0
DICTIONARY
  5
E
330
A
100
AcDbDictionary
281
1
  3
ByBlock
350
1F
  3
ByLayer
350
20
  3
Global
350
21
  0
DICTIONARY
  5
F
330
A
100
AcDbDictionary
281
1
  3
Standard
350
2C
  0
DICTIONARY
  5
10
330
A
100
AcDbDictionary
281
1
  3
Standard
350
22
  0
DICTIONARY
  5
11
330
A
100
AcDbDictionary
281
1
  0
ACDBDICTIONARYWDFLT
  5
12
330
A
100
AcDbDictionary
281
1
  3
Normal
350
13
100
AcDbDictionaryWithDefault
340
13
  0
ACDBPLACEHOLDER
  5
13
330
12
  0
DICTIONARY
  5
14
330
A
100
AcDbDictionary
281
1
  0
DICTIONARY
  5
15
330
A
100
AcDbDictionary
281
1
  0
DICTIONARY
  5
16
330
A
100
AcDbDictionary
281
1
  0
LAYOUT
  5
1A
330
D
100
AcDbPlotSettings
  1

  4
A3
  6

 40
7.5
 41
20.0
 42
7.5
 43
20.0
 44
420.0
 45
297.0
 46
0.0
 47
0.0
 48
0.0
 49
0.0
140
0.0
141
0.0
142
1.0
143
1.0
 70
1024
 72
1
 73
0
 74
5
  7

 75
16
 76
0
 77
2
 78
300
147
1.0
148
0.0
149
0.0
100
AcDbLayout
  1
Model
 70
1
 71
0
 10
0.0
 20
0.0
 11
420.0
 21
297.0
 12
0.0
 22
0.0
 32
0.0
 14
1e+20
 24
1e+20
 34
1e+20
 15
-1e+20
 25
-1e+20
 35
-1e+20
146
0.0
 13
0.0
 23
0.0
 33
0.0
 16
1.0
 26
0.0
 36
0.0
 17
0.0
 27
1.0
 37
0.0
 76
1
330
17
  0
LAYOUT
  5
1E
330
D
100
AcDbPlotSettings
  1

  4
A3
  6

 40
7.5
 41
20.0
 42
7.5
 43
20.0
 44
420.0
 45
297.0
 46
0.0
 47
0.0
 48
0.0
 49
0.0
140
0.0
141
0.0
142
1.0
143
1.0
 70
0
 72
1
 73
0
 74
5
  7

 75
16
 76
0
 77
2
 78
300
147
1.0
148
0.0
149
0.0
100
AcDbLayout
  1
Layout1
 70
1
 71
1
 10
0.0
 20
0.0
 11
420.0
 21
297.0
 12
0.0
 22
0.0
 32
0.0
 14
1e+20
 24
1e+20
 34
1e+20
 15
-1e+20
 25
-1e+20
 35
-1e+20
146
0.0
 13
0.0
 23
0.0
 33
0.0
 16
1.0
 26
0.0
 36
0.0
 17
0.0
 27
1.0
 37
0.0
 76
1
330
1B
  0
MATERIAL
  5
1F
102
{ACAD_REACTORS
330
E
102
}
330
E
100
AcDbMaterial
  1
ByBlock
  2

 70
0
 40
1.0
 71
1
 41
1.0
 91
-1023410177
 42
1.0
 72
1
  3

 73
1
 74
1
 75
1
 44
0.5
 73
0
 45
1.0
 46
1.0
 77
1
  4

 78
1
 79
1
170
1
 48
1.0
171
1
  6

172
1
173
1
174
1
140
1.0
141
1.0
175
1
  7

176
1
177
1
178
1
143
1.0
179
1
  8

270
1
271
1
272
1
145
1.0
146
1.0
273
1
  9

274
1
275
1
276
1
 42
1.0
 72
1
  3

 73
1
 74
1
 75
1
 94
63
  0
MATERIAL
  5
20
102
{ACAD_REACTORS
330
E
102
}
330
E
100
AcDbMaterial
  1
ByLayer
  2

 70
0
 40
1.0
 71
1
 41
1.0
 91
-1023410177
 42
1.0
 72
1
  3

 73
1
 74
1
 75
1
 44
0.5
 73
0
 45
1.0
 46
1.0
 77
1
  4

 78
1
 79
1
170
1
 48
1.0
171
1
  6

172
1
173
1
174
1
140
1.0
141
1.0
175
1
  7

176
1
177
1
178
1
143
1.0
179
1
  8

270
1
271
1
272
1
145
1.0
146
1.0
273
1
  9

274
1
275
1
276
1
 42
1.0
 72
1
  3

 73
1
 74
1
 75
1
 94
63
  0
MATERIAL
  5
21
102
{ACAD_REACTORS
330
E
102
}
330
E
100
AcDbMaterial
  1
Global
  2

 70
0
 40
1.0
 71
1
 41
1.0
 91
-1023410177
 42
1.0
 72
1
  3

 73
1
 74
1
 75
1
 44
0.5
 73
0
 45
1.0
 46
1.0
 77
1
  4

 78
1
 79
1
170
1
 48
1.0
171
1
  6

172
1
173
1
174
1
140
1.0
141
1.0
175
1
  7

176
1
177
1
178
1
143
1.0
179
1
  8

270
1
271
1
272
1
145
1.0
146
1.0
273
1
  9

274
1
275
1
276
1
 42
1.0
 72
1
  3

 73
1
 74
1
 75
1
 94
63
  0
MLINESTYLE
  5
22
102
{ACAD_REACTORS
330
10
102
}
330
10
100
AcDbMlineStyle
  2
Standard
 70
0
  3

 62
256
 51
90.0
 52
90.0
 71
2
 49
0.5
 62
256
  6
BYLAYER
 49
-0.5
 62
256
  6
BYLAYER
  0
MLEADERSTYLE
  5
2C
102
{ACAD_REACTORS
330
F
102
}
330
F
100
AcDbMLeaderStyle
179
2
170
2
171
1
172
0
 90
2
 40
0.0
 41
0.0
173
1
 91
-1056964608
 92
-2
290
1
 42
2.0
291
1
 43
8.0
  3
Standard
 44
4.0
300

342
29
174
1
175
1
176
0
178
1
 93
-1056964608
 45
4.0
292
0
297
0
 46
4.0
 94
-1056964608
 47
1.0
 49
1.0
140
1.0
294
1
141
0.0
177
0
142
1.0
295
0
296
0
143
3.75
271
0
272
9
273
9
  0
DICTIONARY
  5
2D
330
A
100
AcDbDictionary
280
1
281
1
  3
CREATED_BY_EZDXF
350
2E
  3
WRITTEN_BY_EZDXF
350
A1
  0
DICTIONARYVAR
  5
2E
330
2D
100
DictionaryVariables
280
0
  1
1.4.4 @ 2026-07-03T05:12:56.376058+00:00
  0
DICTIONARYVAR
  5
A1
330
2D
100
DictionaryVariables
280
0
  1
1.4.4 @ 2026-10-10T01:37:36.746758+00:00
  0
ENDSEC
  0
EOF
