  0
SECTION
  2
HEADER
  9
$ACADVER
  1
AC1024
  9
$ACADMAINTVER
 70
6
  9
$DWGCODEPAGE
  3
ANSI_1252
  9
$LASTSAVEDBY
  1
ezdxf
  9
$INSBASE
 10
0.0
 20
0.0
 30
0.0
  9
$EXTMIN
 10
1e+20
 20
1e+20
 30
1e+20
  9
$EXTMAX
 10
-1e+20
 20
-1e+20
 30
-1e+20
  9
$LIMMIN
 10
0.0
 20
0.0
  9
$LIMMAX
 10
420.0
 20
297.0
  9
$ORTHOMODE
 70
0
  9
$REGENMODE
 70
1
  9
$FILLMODE
 70
1
  9
$QTEXTMODE
 70
0
  9
$MIRRTEXT
 70
1
  9
$LTSCALE
 40
1.0
  9
$ATTMODE
 70
1
  9
$TEXTSIZE
 40
2.5
  9
$TRACEWID
 40
1.0
  9
$TEXTSTYLE
  7
Standard
  9
$CLAYER
  8
0
  9
$CELTYPE
  6
ByLayer
  9
$CECOLOR
 62
256
  9
$CELTSCALE
 40
1.0
  9
$DISPSILH
 70
0
  9
$DIMSCALE
 40
1.0
  9
$DIMASZ
 40
2.5
  9
$DIMEXO
 40
0.625
  9
$DIMDLI
 40
3.75
  9
$DIMRND
 40
0.0
  9
$DIMDLE
 40
0.0
  9
$DIMEXE
 40
1.25
  9
$DIMTP
 40
0.0
  9
$DIMTM
 40
0.0
  9
$DIMTXT
 40
2.5
  9
$DIMCEN
 40
2.5
  9
$DIMTSZ
 40
0.0
  9
$DIMTOL
 70
0
  9
$DIMLIM
 70
0
  9
$DIMTIH
 70
0
  9
$DIMTOH
 70
0
  9
$DIMSE1
 70
0
  9
$DIMSE2
 70
0
  9
$DIMTAD
 70
1
  9
$DIMZIN
 70
8
  9
$DIMBLK
  1

  9
$DIMASO
 70
1
  9
$DIMSHO
 70
1
  9
$DIMPOST
  1

  9
$DIMAPOST
  1

  9
$DIMALT
 70
0
  9
$DIMALTD
 70
3
  9
$DIMALTF
 40
0.03937007874
  9
$DIMLFAC
 40
1.0
  9
$DIMTOFL
 70
1
  9
$DIMTVP
 40
0.0
  9
$DIMTIX
 70
0
  9
$DIMSOXD
 70
0
  9
$DIMSAH
 70
0
  9
$DIMBLK1
  1

  9
$DIMBLK2
  1

  9
$DIMSTYLE
  2
ISO-25
  9
$DIMCLRD
 70
0
  9
$DIMCLRE
 70
0
  9
$DIMCLRT
 70
0
  9
$DIMTFAC
 40
1.0
  9
$DIMGAP
 40
0.625
  9
$DIMJUST
 70
0
  9
$DIMSD1
 70
0
  9
$DIMSD2
 70
0
  9
$DIMTOLJ
 70
0
  9
$DIMTZIN
 70
8
  9
$DIMALTZ
 70
0
  9
$DIMALTTZ
 70
0
  9
$DIMUPT
 70
0
  9
$DIMDEC
 70
2
  9
$DIMTDEC
 70
2
  9
$DIMALTU
 70
2
  9
$DIMALTTD
 70
3
  9
$DIMTXSTY
  7
Standard
  9
$DIMAUNIT
 70
0
  9
$DIMADEC
 70
0
  9
$DIMALTRND
 40
0.0
  9
$DIMAZIN
 70
0
  9
$DIMDSEP
 70
44
  9
$DIMATFIT
 70
3
  9
$DIMFRAC
 70
0
  9
$DIMLDRBLK
  1

  9
$DIMLUNIT
 70
2
  9
$DIMLWD
 70
-2
  9
$DIMLWE
 70
-2
  9
$DIMTMOVE
 70
0
  9
$DIMFXL
 40
1.0
  9
$DIMFXLON
 70
0
  9
$DIMJOGANG
 40
0.785398163397
  9
$DIMTFILL
 70
0
  9
$DIMTFILLCLR
 70
0
  9
$DIMARCSYM
 70
0
  9
$DIMLTYPE
  6

  9
$DIMLTEX1
  6

  9
$DIMLTEX2
  6

  9
$DIMTXTDIRECTION
 70
0
  9
$LUNITS
 70
2
  9
$LUPREC
 70
4
  9
$SKETCHINC
 40
1.0
  9
$FILLETRAD
 40
10.0
  9
$AUNITS
 70
0
  9
$AUPREC
 70
2
  9
$MENU
  1
.
  9
$ELEVATION
 40
0.0
  9
$PELEVATION
 40
0.0
  9
$THICKNESS
 40
0.0
  9
$LIMCHECK
 70
0
  9
$CHAMFERA
 40
0.0
  9
$CHAMFERB
 40
0.0
  9
$CHAMFERC
 40
0.0
  9
$CHAMFERD
 40
0.0
  9
$SKPOLY
 70
0
  9
$TDCREATE
 40
2461224.925648148
  9
$TDUCREATE
 40
2458532.153996898
  9
$TDUPDATE
 40
2461224.925648148
  9
$TDUUPDATE
 40
2458532.1544311
  9
$TDINDWG
 40
0.0
  9
$TDUSRTIMER
 40
0.0
  9
$USRTIMER
 70
1
  9
$ANGBASE
 50
0.0
  9
$ANGDIR
 70
0
  9
$PDMODE
 70
0
  9
$PDSIZE
 40
0.0
  9
$PLINEWID
 40
0.0
  9
$SPLFRAME
 70
0
  9
$SPLINETYPE
 70
6
  9
$SPLINESEGS
 70
8
  9
$HANDSEED
  5
A2
  9
$SURFTAB1
 70
6
  9
$SURFTAB2
 70
6
  9
$SURFTYPE
 70
6
  9
$SURFU
 70
6
  9
$SURFV
 70
6
  9
$UCSBASE
  2

  9
$UCSNAME
  2

  9
$UCSORG
 10
0.0
 20
0.0
 30
0.0
  9
$UCSXDIR
 10
1.0
 20
0.0
 30
0.0
  9
$UCSYDIR
 10
0.0
 20
1.0
 30
0.0
  9
$UCSORTHOREF
  2

  9
$UCSORTHOVIEW
 70
0
  9
$UCSORGTOP
 10
0.0
 20
0.0
 30
0.0
  9
$UCSORGBOTTOM
 10
0.0
 20
0.0
 30
0.0
  9
$UCSORGLEFT
 10
0.0
 20
0.0
 30
0.0
  9
$UCSORGRIGHT
 10
0.0
 20
0.0
 30
0.0
  9
$UCSORGFRONT
 10
0.0
 20
0.0
 30
0.0
  9
$UCSORGBACK
 10
0.0
 20
0.0
 30
0.0
  9
$PUCSBASE
  2

  9
$PUCSNAME
  2

  9
$PUCSORG
 10
0.0
 20
0.0
 30
0.0
  9
$PUCSXDIR
 10
1.0
 20
0.0
 30
0.0
  9
$PUCSYDIR
 10
0.0
 20
1.0
 30
0.0
  9
$PUCSORTHOREF
  2

  9
$PUCSORTHOVIEW
 70
0
  9
$PUCSORGTOP
 10
0.0
 20
0.0
 30
0.0
  9
$PUCSORGBOTTOM
 10
0.0
 20
0.0
 30
0.0
  9
$PUCSORGLEFT
 10
0.0
 20
0.0
 30
0.0
  9
$PUCSORGRIGHT
 10
0.0
 20
0.0
 30
0.0
  9
$PUCSORGFRONT
 10
0.0
 20
0.0
 30
0.0
  9
$PUCSORGBACK
 10
0.0
 20
0.0
 30
0.0
  9
$USERI1
 70
0
  9
$USERI2
 70
0
  9
$USERI3
 70
0
  9
$USERI4
 70
0
  9
$USERI5
 70
0
  9
$USERR1
 40
0.0
  9
$USERR2
 40
0.0
  9
$USERR3
 40
0.0
  9
$USERR4
 40
0.0
  9
$USERR5
 40
0.0
  9
$WORLDVIEW
 70
1
  9
$SHADEDGE
 70
3
  9
$SHADEDIF
 70
70
  9
$TILEMODE
 70
1
  9
$MAXACTVP
 70
64
  9
$PINSBASE
 10
0.0
 20
0.0
 30
0.0
  9
$PLIMCHECK
 70
0
  9
$PEXTMIN
 10
1e+20
 20
1e+20
 30
1e+20
  9
$PEXTMAX
 10
-1e+20
 20
-1e+20
 30
-1e+20
  9
$PLIMMIN
 10
0.0
 20
0.0
  9
$PLIMMAX
 10
420.0
 20
297.0
  9
$UNITMODE
 70
0
  9
$VISRETAIN
 70
1
  9
$PLINEGEN
 70
0
  9
$PSLTSCALE
 70
1
  9
$TREEDEPTH
 70
3020
  9
$CMLSTYLE
  2
Standard
  9
$CMLJUST
 70
0
  9
$CMLSCALE
 40
20.0
  9
$PROXYGRAPHICS
 70
1
  9
$MEASUREMENT
 70
1
  9
$CELWEIGHT
370
-1
  9
$ENDCAPS
280
0
  9
$JOINSTYLE
280
0
  9
$LWDISPLAY
290
0
  9
$INSUNITS
 70
4
  9
$HYPERLINKBASE
  1

  9
$STYLESHEET
  1

  9
$XEDIT
290
1
  9
$CEPSNTYPE
380
0
  9
$PSTYLEMODE
290
1
  9
$FINGERPRINTGUID
  2
{B2439680-35E4-40C5-8790-9B12449C0DAD}
  9
$VERSIONGUID
  2
{44655BF3-6B37-49F0-BAAF-7A1B36DE5978}
  9
$EXTNAMES
290
1
  9
$PSVPSCALE
 40
0.0
  9
$OLESTARTUP
290
0
  9
$SORTENTS
280
127
  9
$INDEXCTL
280
0
  9
$HIDETEXT
280
1
  9
$XCLIPFRAME
280
1
  9
$HALOGAP
280
0
  9
$OBSCOLOR
 70
257
  9
$OBSLTYPE
280
0
  9
$INTERSECTIONDISPLAY
280
0
  9
$INTERSECTIONCOLOR
 70
257
  9
$DIMASSOC
280
2
  9
$PROJECTNAME
  1

  9
$CAMERADISPLAY
290
0
  9
$LENSLENGTH
 40
50.0
  9
$CAMERAHEIGHT
 40
0.0
  9
$STEPSPERSEC
 40
24.0
  9
$STEPSIZE
 40
100.0
  9
$3DDWFPREC
 40
2.0
  9
$PSOLWIDTH
 40
0.005
  9
$PSOLHEIGHT
 40
0.08
  9
$LOFTANG1
 40
1.570796326795
  9
$LOFTANG2
 40
1.570796326795
  9
$LOFTMAG1
 40
0.0
  9
$LOFTMAG2
 40
0.0
  9
$LOFTPARAM
 70
7
  9
$LOFTNORMALS
280
1
  9
$LATITUDE
 40
37.795
  9
$LONGITUDE
 40
-122.394
  9
$NORTHDIRECTION
 40
0.0
  9
$TIMEZONE
 70
-8000
  9
$LIGHTGLYPHDISPLAY
280
1
  9
$TILEMODELIGHTSYNCH
280
1
  9
$CMATERIAL
347
20
  9
$SOLIDHIST
280
0
  9
$SHOWHIST
280
1
  9
$DWFFRAME
280
2
  9
$DGNFRAME
280
2
  9
$REALWORLDSCALE
290
1
  9
$INTERFERECOLOR
 62
256
  9
$CSHADOW
280
0
  9
$SHADOWPLANELOCATION
 40
0.0
  0
ENDSEC
  0
SECTION
  2
CLASSES
  0
CLASS
  1
ACDBDICTIONARYWDFLT
  2
AcDbDictionaryWithDefault
  3
ObjectDBX Classes
 90
0
 91
0
280
0
281
0
  0
CLASS
  1
SUN
  2
AcDbSun
  3
SCENEOE
 90
1153
 91
0
280
0
281
0
  0
CLASS
  1
VISUALSTYLE
  2
AcDbVisualStyle
  3
ObjectDBX Classes
 90
4095
 91
0
280
0
281
0
  0
CLASS
  1
MATERIAL
  2
AcDbMaterial
  3
ObjectDBX Classes
 90
1153
 91
0
280
0
281
0
  0
CLASS
  1
SCALE
  2
AcDbScale
  3
ObjectDBX Classes
 90
1153
 91
0
280
0
281
0
  0
CLASS
  1
TABLESTYLE
  2
AcDbTableStyle
  3
ObjectDBX Classes
 90
4095
 91
0
280
0
281
0
  0
CLASS
  1
MLEADERSTYLE
  2
AcDbMLeaderStyle
  3
ACDB_MLEADERSTYLE_CLASS
 90
4095
 91
0
280
0
281
0
  0
CLASS
  1
DICTIONARYVAR
  2
AcDbDictionaryVar
  3
ObjectDBX Classes
 90
0
 91
0
280
0
281
0
  0
CLASS
  1
CELLSTYLEMAP
  2
AcDbCellStyleMap
  3
ObjectDBX Classes
 90
1152
 91
0
280
0
281
0
  0
CLASS
  1
MENTALRAYRENDERSETTINGS
  2
AcDbMentalRayRenderSettings
  3
SCENEOE
 90
1024
 91
0
280
0
281
0
  0
CLASS
  1
ACDBDETAILVIEWSTYLE
  2
AcDbDetailViewStyle
  3
ObjectDBX Classes
 90
1025
 91
0
280
0
281
0
  0
CLASS
  1
ACDBSECTIONVIEWSTYLE
  2
AcDbSectionViewStyle
  3
ObjectDBX Classes
 90
1025
 91
0
280
0
281
0
  0
CLASS
  1
RASTERVARIABLES
  2
AcDbRasterVariables
  3
ISM
 90
0
 91
0
280
0
281
0
  0
CLASS
  1
LAYOUT
  2
AcDbLayout
  3
ObjectDBX Classes
 90
0
 91
0
280
0
281
0
  0
CLASS
  1
ACDBPLACEHOLDER
  2
AcDbPlaceHolder
  3
ObjectDBX Classes
 90
0
 91
0
280
0
281
0
  0
ENDSEC
  0
SECTION
  2
TABLES
  0
TABLE
  2
VPORT
  5
8
330
0
100
AcDbSymbolTable
 70
1
  0
VPORT
  5
23
330
8
100
AcDbSymbolTableRecord
100
AcDbViewportTableRecord
  2
*Active
 70
0
 10
0.0
 20
0.0
 11
1.0
 21
1.0
 12
0.0
 22
0.0
 13
0.0
 23
0.0
 14
0.5
 24
0.5
 15
0.5
 25
0.5
 16
0.0
 26
0.0
 36
1.0
 17
0.0
 27
0.0
 37
0.0
 40
1000.0
 41
1.34
 42
50.0
 43
0.0
 44
0.0
 50
0.0
 51
0.0
 71
0
 72
1000
 73
1
 74
3
 75
0
 76
0
 77
0
 78
0
281
0
 65
0
146
0.0
  0
ENDTAB
  0
TABLE
  2
LTYPE
  5
2
330
0
100
AcDbSymbolTable
 70
3
  0
LTYPE
  5
24
330
2
100
AcDbSymbolTableRecord
100
AcDbLinetypeTableRecord
  2
ByBlock
 70
0
  3

 72
65
 73
0
 40
0.0
  0
LTYPE
  5
25
330
2
100
AcDbSymbolTableRecord
100
AcDbLinetypeTableRecord
  2
ByLayer
 70
0
  3

 72
65
 73
0
 40
0.0
  0
LTYPE
  5
26
330
2
100
AcDbSymbolTableRecord
100
AcDbLinetypeTableRecord
  2
Continuous
 70
0
  3

 72
65
 73
0
 40
0.0
  0
ENDTAB
  0
TABLE
  2
LAYER
  5
1
330
0
100
AcDbSymbolTable
 70
2
  0
LAYER
  5
27
330
1
100
AcDbSymbolTableRecord
100
AcDbLayerTableRecord
  2
0
 70
0
 62
7
  6
Continuous
370
-3
390
13
347
21
  0
LAYER
  5
28
330
1
100
AcDbSymbolTableRecord
100
AcDbLayerTableRecord
  2
Defpoints
 70
0
 62
7
  6
Continuous
290
0
370
-3
390
13
347
21
  0
ENDTAB
  0
TABLE
  2
STYLE
  5
5
330
0
100
AcDbSymbolTable
 70
1
  0
STYLE
  5
29
330
5
100
AcDbSymbolTableRecord
100
AcDbTextStyleTableRecord
  2
Standard
 70
0
 40
0.0
 41
1.0
 50
0.0
 71
0
 42
2.5
  3
txt
  4

  0
ENDTAB
  0
TABLE
  2
VIEW
  5
7
330
0
100
AcDbSymbolTable
 70
0
  0
ENDTAB
  0
TABLE
  2
UCS
  5
6
330
0
100
AcDbSymbolTable
 70
0
  0
ENDTAB
  0
TABLE
  2
APPID
  5
3
330
0
100
AcDbSymbolTable
 70
3
  0
APPID
  5
2A
330
3
100
AcDbSymbolTableRecord
100
AcDbRegAppTableRecord
  2
ACAD
 70
0
  0
APPID
  5
9F
330
3
100
AcDbSymbolTableRecord
100
AcDbRegAppTableRecord
  2
HATCHBACKGROUNDCOLOR
 70
0
  0
APPID
  5
A0
330
3
100
AcDbSymbolTableRecord
100
AcDbRegAppTableRecord
  2
EZDXF
 70
0
  0
ENDTAB
  0
TABLE
  2
DIMSTYLE
  5
4
330
0
100
AcDbSymbolTable
 70
1
100
AcDbDimStyleTable
  0
DIMSTYLE
105
2B
330
4
100
AcDbSymbolTableRecord
100
AcDbDimStyleTableRecord
  2
Standard
 70
0
 40
1.0
 41
2.5
 42
0.625
 43
3.75
 44
1.25
 45
0.0
 46
0.0
 47
0.0
 48
0.0
 49
2.5
140
2.5
141
2.5
142
0.0
143
0.03937007874
144
1.0
145
0.0
146
1.0
147
0.625
148
0.0
 69
0
 70
0
 71
0
 72
0
 73
0
 74
0
 75
0
 76
0
 77
1
 78
8
 79
3
170
0
171
3
172
1
173
0
174
0
175
0
176
0
177
0
178
0
179
2
271
2
272
2
273
2
274
3
275
0
276
0
277
2
278
44
279
0
280
0
281
0
282
0
283
0
284
8
285
0
286
0
288
0
289
3
290
0
371
-2
372
-2
  0
ENDTAB
  0
TABLE
  2
BLOCK_RECORD
  5
9
330
0
100
AcDbSymbolTable
 70
2
  0
BLOCK_RECORD
  5
17
330
9
100
AcDbSymbolTableRecord
100
AcDbBlockTableRecord
  2
*Model_Space
340
1A
 70
0
280
1
281
0
  0
BLOCK_RECORD
  5
1B
330
9
100
AcDbSymbolTableRecord
100
AcDbBlockTableRecord
  2
*Paper_Space
340
1E
 70
0
280
1
281
0
  0
ENDTAB
  0
ENDSEC
  0
SECTION
  2
BLOCKS
  0
BLOCK
  5
18
330
17
100
AcDbEntity
  8
0
100
AcDbBlockBegin
  2
*Model_Space
 70
0
 10
0.0
 20
0.0
 30
0.0
  3
*Model_Space
  1

  0
ENDBLK
  5
19
330
17
100
AcDbEntity
  8
0
100
AcDbBlockEnd
  0
BLOCK
  5
1C
330
1B
100
AcDbEntity
  8
0
100
AcDbBlockBegin
  2
*Paper_Space
 70
0
 10
0.0
 20
0.0
 30
0.0
  3
*Paper_Space
  1

  0
ENDBLK
  5
1D
330
1B
100
AcDbEntity
  8
0
100
AcDbBlockEnd
  0
ENDSEC
  0
SECTION
  2
ENTITIES
  0
LWPOLYLINE
  5
2F
330
17
100
AcDbEntity
  8
0
100
AcDbPolyline
 90
90
 70
1
 10
7.75907744100239
 20
11.711674718633823
 10
7.764525694016498
 20
11.72625348025624
 10
7.865322935911806
 20
11.966847350971761
 10
7.871682784193979
 20
11.980545359519695
 10
7.879062662652146
 20
11.993721872802602
 10
8.013868598892927
 20
12.214345355760607
 10
8.025132195457928
 20
12.230855355573013
 10
8.037994323865291
 20
12.246152883288865
 10
8.05232536767916
 20
12.260083780050728
 10
8.06798090765865
 20
12.272507659047875
 10
8.084803177124002
 20
12.283299320246222
 10
8.102622651829947
 20
12.292350012075516
 10
8.12125975832437
 20
12.299568527359163
 10
8.140526683576525
 20
12.304882122442827
 10
8.160229267638542
 20
12.308237250259147
 10
8.180168960267281
 20
12.309600099941385
 10
8.20014482178864
 20
12.308956937548125
 10
8.219955548041213
 20
12.306314244465192
 10
8.23940149899289
 20
12.301698652090415
 10
8.258286710587484
 20
12.295156673459118
 10
8.27642086954718
 20
12.28675423451503
 10
8.293621231229977
 20
12.276576009750073
 10
8.309714461215165
 20
12.2647245689082
 10
8.324538382058591
 20
12.251319343351987
 10
9.113298719557932
 20
11.462559005852647
 10
10.697482271466896
 20
9.878382225000564
 10
10.710448048946944
 20
9.864094398292245
 10
10.721969956512169
 20
9.848618642292358
 10
10.731939788682922
 20
9.832100294184997
 10
10.740263915956831
 20
9.814694482430383
 10
10.746864164109795
 20
9.796564669909884
 10
10.751678548352118
 20
9.777881118799975
 10
10.754661855445207
 20
9.75881929159224
 10
10.75578606831175
 20
9.739558203275635
 10
10.75504062915202
 20
9.720278740156346
 10
10.752432538595173
 20
9.701161961103466
 10
10.747986289954298
 20
9.682387397174232
 10
10.741743639202895
 20
9.664131365587238
 10
10.733763212832699
 20
9.646565313877787
 10
10.724119957275818
 20
9.629854209785776
 10
10.71290443506166
 20
9.61415499199721
 10
10.700221974318708
 20
9.599615096288758
 10
10.686191679608413
 20
9.586371070916854
 10
10.670945313380699
 20
9.574547294254579
 10
10.627922331325408
 20
9.544403498378948
 10
10.622586610325826
 20
9.540792347152134
 10
10.578524482537574
 20
9.512000012037355
 10
10.573161525734776
 20
9.508616230210684
 10
10.52826782744549
 20
9.481280095652657
 10
10.522826678504344
 20
9.478084022838331
 10
10.477308984945964
 20
9.452308828632987
 10
10.463982123567035
 20
9.445412117449315
 10
10.276391350492418
 20
9.357130328987807
 10
10.2538567884841
 20
9.348158265750676
 10
10.054827794907169
 20
9.282653256790994
 10
10.03068687296485
 20
9.27635367477182
 10
9.821675224655735
 20
9.235601536130531
 10
9.796381909175224
 20
9.23233419251585
 10
9.578843171904026
 20
9.218311015009519
 10
9.562403434258243
 20
9.217931771717915
 10
9.545988475093722
 20
9.218910503020929
 10
9.203356923260827
 20
9.253587045812694
 10
9.183593144108585
 20
9.256596099276173
 10
9.164230767955928
 20
9.261572017166117
 10
8.844844071424987
 20
9.360990766969408
 10
8.826509925911068
 20
9.3677003651649
 10
8.80892108960812
 20
9.376173406955147
 10
8.519695486888807
 20
9.533418045911993
 10
8.503356075553356
 20
9.54334630316535
 10
8.488044333418841
 20
9.554796072057506
 10
8.235896063020789
 20
9.76295028230993
 10
8.221863385126
 20
9.775705697228616
 10
8.209107931971133
 20
9.789738340367435
 10
8.000953232404001
 20
10.041885804057458
 10
7.989503404621217
 20
10.057197540413341
 10
7.979575090711947
 20
10.073536953175328
 10
7.822330200485382
 20
10.36276135244497
 10
7.813857090607968
 20
10.380350228797354
 10
7.8071474346263585
 20
10.398684423051328
 10
7.707728592250007
 20
10.718069440042619
 10
7.702752619151781
 20
10.737431911318907
 10
7.69974353082101
 20
10.757195792254016
 10
7.665066974804532
 20
11.099825109108963
 10
7.664065671027643
 20
11.117820268146623
 10
7.66469581803112
 20
11.135832243962682
 10
7.6865541670597395
 20
11.407629686852658
 10
7.6884659558811705
 20
11.423448146116769
 10
7.691636569353307
 20
11.439063068473224
 10
7.754784615511213
 20
11.696714925832737
 10
7.75907744100239
 20
11.711674718633823
  0
LWPOLYLINE
  5
30
330
17
100
AcDbEntity
  8
0
100
AcDbPolyline
 90
18
 70
1
 10
8.726743670380955
 20
9.874081937926334
 10
8.981899265552372
 20
9.735360299650452
 10
9.2634167038741
 20
9.647729499527074
 10
9.569680230598067
 20
9.61673363754884
 10
9.758015290471874
 20
9.628874261367876
 10
9.94221692437199
 20
9.664789056468422
 10
10.117832153390651
 20
9.722588058229825
 10
10.235009715819487
 20
9.777732800208497
 10
8.831738569214068
 20
11.180997949005935
 10
8.22288856216943
 20
11.789847956049933
 10
8.137811847584814
 20
11.586777557646265
 10
8.082179190514822
 20
11.35978941951629
 10
8.0630504243574
 20
11.121932950099286
 10
8.093885932210455
 20
10.817255952027487
 10
8.181516706841578
 20
10.535740338130331
 10
8.320238467573844
 20
10.28058598713293
 10
8.504065127593293
 20
10.057908208639802
 10
8.726743670380955
 20
9.874081937926334
  0
LWPOLYLINE
  5
31
330
17
100
AcDbEntity
  8
0
100
AcDbPolyline
 90
89
 70
1
 10
8.392527170920431
 20
12.427104233622835
 10
8.38594582932663
 20
12.445509714607248
 10
8.3812010568642
 20
12.464471859046157
 10
8.378338588790584
 20
12.483807889248077
 10
8.377386016674237
 20
12.503331423605495
 10
8.378352522437211
 20
12.522854273142691
 10
8.381228789849871
 20
12.542188255485001
 10
8.385987094330787
 20
12.5611470087644
 10
8.392581570186266
 20
12.57954778797707
 10
8.400948652713652
 20
12.597213226477777
 10
8.411007690906715
 20
12.613973045631717
 10
8.42266172485752
 20
12.629665696144464
 10
8.43579842036101
 20
12.64413991524917
 10
8.450291151713756
 20
12.657256184740874
 10
8.466000222269727
 20
12.668888075804212
 10
8.559393735963766
 20
12.731184661479652
 10
8.569531761816691
 20
12.737515785929716
 10
8.666669881911915
 20
12.7941976837566
 10
8.677972499327055
 20
12.8003127873001
 10
8.778854591036833
 20
12.850754732436066
 10
8.79134449917602
 20
12.856470066041737
 10
8.895969927713708
 20
12.900046793644393
 10
8.91063126853696
 20
12.905487945178479
 10
9.052199904268363
 20
12.951787590082034
 10
9.06942195754182
 20
12.956575740394975
 10
9.215877180843378
 20
12.9902913749074
 10
9.233585287677926
 20
12.993532791952205
 10
9.384407843076474
 20
13.014143891027047
 10
9.402381652292902
 20
13.015774551662595
 10
9.55705228431529
 20
13.02276059025342
 10
9.586062928690339
 20
13.021953502595743
 10
9.929058781932156
 20
12.987274777724906
 10
9.948813168674974
 20
12.98426967978856
 10
9.968166843444166
 20
12.979299601105133
 10
10.2878273049392
 20
12.879865576748266
 10
10.306165138004317
 20
12.873158643695675
 10
10.323757796647044
 20
12.864687667696614
 10
10.613179561663472
 20
12.707401569237213
 10
10.629529633578471
 20
12.697470120259759
 10
10.644851060744713
 20
12.686015322138125
 10
10.897130824550715
 20
12.477780374959671
 10
10.911173953667458
 20
12.465016265958795
 10
10.923938024422412
 20
12.450973102079594
 10
11.132172482286151
 20
12.198692531565577
 10
11.14362722148222
 20
12.183371098672296
 10
11.153558613780262
 20
12.167021028245067
 10
11.31084446096996
 20
11.877598059778975
 10
11.319315368901115
 20
11.86000544125163
 10
11.326022244198953
 20
11.841667656991632
 10
11.425456175982774
 20
11.522005515956948
 10
11.430426199553864
 20
11.502651936242074
 10
11.433431262691741
 20
11.482897651197682
 10
11.468109974337864
 20
11.139899562977902
 10
11.469109489961241
 20
11.121900560110198
 10
11.468476875871403
 20
11.103884929809645
 10
11.446618526842784
 20
10.832559768181305
 10
11.444707473489657
 20
10.816759719898855
 10
11.441540505330153
 20
10.801162798301206
 10
11.378392459172247
 20
10.543460158010326
 10
11.374110957633661
 20
10.528532455425463
 10
11.368678984659752
 20
10.513983873724897
 10
11.267881742764459
 20
10.273128470912859
 10
11.261524270095663
 20
10.259422271900569
 10
11.25414571347794
 20
10.246237650088084
 10
11.119339777237158
 20
10.025454200896291
 10
11.108077474125892
 20
10.008935253355887
 10
11.095215222626962
 20
9.993629124335442
 10
11.080882726860409
 20
9.979690162239407
 10
11.065224517023964
 20
9.967258928835975
 10
11.04839849193722
 20
9.956460781819345
 10
11.030574326775522
 20
9.947404610691287
 10
11.011931762049969
 20
9.940181738709448
 10
10.992658791087706
 20
9.934865001975254
 10
10.972949764290021
 20
9.931508014948037
 10
10.953003429285104
 20
9.930144629791911
 10
10.933020926738777
 20
9.930788595007428
 10
10.913203762033689
 20
9.933433416790486
 10
10.89375177327058
 20
9.938052424516407
 10
10.87486111608257
 20
9.944599039688995
 10
10.8567222855839
 20
9.953007245642283
 10
10.839518195399691
 20
9.963192253258711
 10
10.82342233314833
 20
9.97505135599026
 10
10.808597010976342
 20
9.988464965560745
 10
8.831717902768844
 20
11.966454516439917
 10
8.435697910876755
 20
12.36248127906191
 10
8.422571548926697
 20
12.37696487010136
 10
8.410928717742621
 20
12.392665834067344
 10
8.400881643545205
 20
12.409432828058925
 10
8.392527170920431
 20
12.427104233622835
  0
LWPOLYLINE
  5
32
330
17
100
AcDbEntity
  8
0
100
AcDbPolyline
 90
20
 70
1
 10
11.039281741090846
 20
11.42288764864481
 10
10.951625882921917
 20
11.704685409166188
 10
10.812863408766546
 20
11.960023368043757
 10
10.628970519009314
 20
12.182813599868794
 10
10.406181051520633
 20
12.366706878879853
 10
10.150844336949646
 20
12.505469475487033
 10
9.869048400855803
 20
12.593125308310938
 10
9.5604841359593
 20
12.624322814479548
 10
9.429372213956626
 20
12.618400856737146
 10
9.296426972572547
 20
12.600232834491038
 10
9.167471063380447
 20
12.57054573829518
 10
9.041843472969802
 20
12.529459569766033
 10
8.950785372073412
 20
12.491533664809296
 10
8.896771220501222
 20
12.464526107531356
 10
9.113300075390555
 20
12.247993550661256
 10
10.910261550228725
 20
10.450022706016654
 10
10.995352078301835
 20
10.653346854864168
 10
11.050998675547419
 20
10.880436620991418
 10
11.07012390356526
 20
11.117835867216534
 10
11.039281741090846
 20
11.42288764864481
  0
LWPOLYLINE
  5
33
330
17
100
AcDbEntity
  8
0
100
AcDbPolyline
 90
263
 70
1
 10
24.757175757740598
 20
15.358209342008088
 10
24.73487822872312
 20
15.194302344581018
 10
24.73226064645725
 20
15.179352427550981
 10
24.698480752823173
 20
15.021993375982596
 10
24.692279799774767
 20
14.99957878534817
 10
24.642095846489
 20
14.85226829388057
 10
24.63276876025982
 20
14.829576977494575
 10
24.56619029011452
 20
14.692324588919845
 10
24.55381218331651
 20
14.67044359607889
 10
24.470848739103815
 20
14.543258853189101
 10
24.454283076008792
 20
14.521334326824643
 10
24.353033256399087
 20
14.404987014850924
 10
24.332758953673363
 20
14.384818261596813
 10
24.21146449921875
 20
14.280370811394718
 10
24.19062111453563
 20
14.26467839081441
 10
24.04927725384006
 20
14.172121259591925
 10
24.02922524969692
 20
14.160596233117886
 10
23.867827211364343
 20
14.079919878083018
 10
23.844676802318688
 20
14.070122183380548
 10
23.658112830704454
 20
14.004717476665768
 10
23.634229023061692
 20
13.99798316372906
 10
23.417610027670293
 20
13.951253701190218
 10
23.398115974322153
 20
13.948051083229288
 10
23.151427640965395
 20
13.920006407658462
 10
23.13566088795696
 20
13.918845702732739
 10
22.858888902446694
 20
13.909495356922001
 10
22.845161998374394
 20
13.909505098095181
 10
22.52796833591553
 20
13.920671755339136
 10
22.511336265663886
 20
13.921956571842443
 10
22.23110660847601
 20
13.955462905435745
 10
22.21019022113299
 20
13.959103898313558
 10
21.966919797819997
 20
14.014959451048355
 10
21.940897873440335
 20
14.022838944623025
 10
21.73458191260613
 20
14.101053259291504
 10
21.709455715574535
 20
14.112634429853067
 10
21.533151040720256
 20
14.20927905703283
 10
21.511755839721516
 20
14.222845307895938
 10
21.35874512042848
 20
14.334119035393421
 10
21.337198668949583
 20
14.352250714157506
 10
21.207472362425648
 20
14.47812491359634
 10
21.19703053336606
 20
14.489056371708443
 10
21.187448231929736
 20
14.500748594326495
 10
21.080996795382802
 20
14.641194637330273
 10
21.0658733510148
 20
14.664322453311648
 10
20.980119435340043
 20
14.817751464992597
 10
20.969658713429325
 20
14.83945569042649
 10
20.902174473265447
 20
15.00429788148108
 10
20.89467126331435
 20
15.026170087095032
 10
20.845442384473145
 20
15.202425457523283
 10
20.8407631984972
 20
15.223548166081187
 10
20.809775366790475
 20
15.411216715883107
 10
20.808064179245235
 20
15.424239487124424
 10
20.78890066220599
 20
15.619844459038461
 10
20.788414935133744
 20
15.62568791987534
 10
20.774738523562633
 20
15.825892517590397
 10
20.77443497585918
 20
15.83149680627183
 10
20.76623612696406
 20
16.036281944203672
 10
20.766093690908505
 20
16.041649676378867
 10
20.763362861897264
 20
16.25099626894326
 10
20.763345925201094
 20
16.25359312904915
 10
20.763345925201094
 20
17.21662626220025
 10
20.763362873482293
 20
17.21922401026727
 10
20.76609370249352
 20
17.428499031891008
 10
20.766236193744362
 20
17.433867543922
 10
20.774435042639467
 20
17.638609739289386
 10
20.774738457604784
 20
17.64421139458355
 10
20.788414869175895
 20
17.844430306486693
 10
20.788899697979375
 20
17.850264888363995
 10
20.808063215018606
 20
18.04597005959502
 10
20.80977695812507
 20
18.059012311338613
 10
20.840764789831795
 20
18.246623604388063
 10
20.84544388728939
 20
18.267742057252434
 10
20.894672766130597
 20
18.443978342096585
 10
20.902171411601515
 20
18.46583768834322
 10
20.969655651765393
 20
18.630698964982095
 10
20.98010400445027
 20
18.65238305574657
 10
21.065857920125026
 20
18.80586932418023
 10
21.081002696436983
 20
18.829032539042018
 10
21.18745413298393
 20
18.969464267857397
 10
21.19704002110285
 20
18.981159424019644
 10
21.207485898734845
 20
18.992093296580876
 10
21.33721220525878
 20
19.117943639039325
 10
21.358748404693102
 20
19.13606457304661
 10
21.511759123986153
 20
19.247333529148115
 10
21.53311834774773
 20
19.260879466420967
 10
21.70942302260201
 20
19.35756703616547
 10
21.73461579541153
 20
19.369178973392664
 10
21.940931756245746
 20
19.447350345496424
 10
21.966916182534888
 20
19.45521616752194
 10
22.210186605847895
 20
19.511076491652815
 10
22.231090016258776
 20
19.51471633005074
 10
22.51131967344665
 20
19.54824652062443
 10
22.527959368006236
 20
19.549533005808925
 10
22.8451530304651
 20
19.560713977241114
 10
22.858888902446736
 20
19.56072403432777
 10
23.135660887957002
 20
19.551373688516982
 10
23.151427640965466
 20
19.55021298359126
 10
23.398115974322224
 20
19.52216830802034
 10
23.417610027670293
 20
19.518965690059417
 10
23.634229023061707
 20
19.47223622752057
 10
23.658112830704297
 20
19.465501914583918
 10
23.84467680231853
 20
19.400097207869322
 10
23.86787774738883
 20
19.390274243287713
 10
24.02927578572138
 20
19.309540631499956
 10
24.04929299304999
 20
19.29803056723192
 10
24.19063685374553
 20
19.20545435042517
 10
24.211450866414964
 20
19.189783975742102
 10
24.33274532086959
 20
19.085355611124207
 10
24.353001391572136
 20
19.065211726867688
 10
24.45425121118184
 20
18.948921671646517
 10
24.470887920292554
 20
18.926900448801923
 10
24.55385136450525
 20
18.79961550659489
 10
24.566193848198267
 20
18.777787267593595
 10
24.63277231834357
 20
18.64052056483068
 10
24.642090131497554
 20
18.617853357262454
 10
24.69227408478332
 20
18.470585808359374
 10
24.69847685008351
 20
18.448172620573814
 10
24.7322567437176
 20
18.290885139946297
 10
24.734879480236955
 20
18.275907845303514
 10
24.757177009254434
 20
18.11194359112381
 10
24.758091624396755
 20
18.10403743068452
 10
24.774047968051534
 20
17.936904969521557
 10
24.7746341511575
 20
17.92917847390033
 10
24.784225452469244
 20
17.758877805754068
 10
24.784506540028474
 20
17.751357472987564
 10
24.78770894201689
 20
17.577888597857957
 10
24.787092189789846
 20
17.558130710268195
 10
24.784519182699057
 20
17.538531369977527
 10
24.78001528553021
 20
17.5192837879057
 10
24.773624897844826
 20
17.5005777073288
 10
24.765411016287885
 20
17.482597533383938
 10
24.755454613564964
 20
17.46552051519756
 10
24.743853840210647
 20
17.44951499855795
 10
24.73072305701757
 20
17.434738766357036
 10
24.716191707663924
 20
17.4213374831617
 10
24.70040304265372
 20
17.4094432592478
 10
24.683512707148623
 20
17.39917334825286
 10
24.6656872066131
 20
17.390628991286015
 10
24.647102265398203
 20
17.38389441888993
 10
24.627941094445376
 20
17.37903602069342
 10
24.608392585187133
 20
17.376101690940388
 10
24.588649447449328
 20
17.375120356346834
 10
23.589073782345693
 20
17.375120356346834
 10
23.5697113454694
 20
17.376064121008675
 10
23.550532476532382
 20
17.378886467518477
 10
23.531719003135677
 20
17.383560638276663
 10
23.51344928870347
 20
17.390042319238496
 10
23.49589654148693
 20
17.39827006003879
 10
23.479227172442194
 20
17.408165856579558
 10
23.46359921755125
 20
17.419635890557345
 10
23.449160839542373
 20
17.432571418919096
 10
23.436048923215452
 20
17.446849804813894
 10
23.424387777688978
 20
17.46233568026657
 10
23.414287957872304
 20
17.47888222955021
 10
23.405845216336388
 20
17.496332581090584
 10
23.399139595519827
 20
17.51452129470617
 10
23.39423466887689
 20
17.533275930083924
 10
23.39117693816155
 20
17.552418681620672
 10
23.389995392561985
 20
17.571768064130744
 10
23.388427125261188
 20
17.69942377652162
 10
23.383859994350658
 20
17.814870612659377
 10
23.37635749390344
 20
17.9202717038851
 10
23.366261895986966
 20
18.01347080036492
 10
23.352662769408198
 20
18.092387327772492
 10
23.334810284170516
 20
18.158666790715593
 10
23.313268787070456
 20
18.214141053806635
 10
23.289251791359405
 20
18.258823521556913
 10
23.26286630073578
 20
18.29438453444037
 10
23.232588900534296
 20
18.324128078512587
 10
23.19662159146357
 20
18.349849542250574
 10
23.15343143263597
 20
18.371924523409604
 10
23.099363765143195
 20
18.390579315057224
 10
23.03106543272486
 20
18.40538287654053
 10
22.948414222574286
 20
18.414979128632368
 10
22.852880396480273
 20
18.41831904233637
 10
22.729363470450807
 20
18.413114550435672
 10
22.62752209620662
 20
18.398510571796642
 10
22.547719822821023
 20
18.37647430586553
 10
22.487843123672207
 20
18.349059901413213
 10
22.439473028247946
 20
18.315451145604797
 10
22.397051877242134
 20
18.273763076663002
 10
22.36008312002491
 20
18.222762359350618
 10
22.327557359327187
 20
18.158962355299572
 10
22.298869573106728
 20
18.07893343677327
 10
22.27475691537049
 20
17.98252449995971
 10
22.256482285168502
 20
17.870783101275784
 10
22.244550508771155
 20
17.742192399474995
 10
22.23684542851946
 20
17.59561376852585
 10
22.231251803074926
 20
17.43383658236263
 10
22.227888593086575
 20
17.258843242179147
 10
22.22676282431469
 20
17.070167545019103
 10
22.22676282431469
 20
16.429265335454858
 10
22.22788859773854
 20
16.240532176338874
 10
22.2312518025295
 20
16.065520326474186
 10
22.236845339840016
 20
15.903764391566966
 10
22.244550727635783
 20
15.757235003151898
 10
22.256484086153137
 20
15.628520178907692
 10
22.274758149914817
 20
15.516738774148074
 10
22.298864789962096
 20
15.420360620866553
 10
22.327551381715253
 20
15.340379024616801
 10
22.36009009024727
 20
15.276544492631409
 10
22.39704600759019
 20
15.22555307100523
 10
22.439393015938393
 20
15.183954103142959
 10
22.487826204088407
 20
15.150365672122732
 10
22.54778802115014
 20
15.122855409365322
 10
22.62747767635419
 20
15.100857323036678
 10
22.729305956299726
 20
15.086294320917048
 10
22.85288583247572
 20
15.081112237680415
 10
22.948486453175065
 20
15.084429881046304
 10
23.031121311151793
 20
15.093984929549976
 10
23.09927794251209
 20
15.108750502067693
 10
23.153469155011862
 20
15.127507224633469
 10
23.196766260330676
 20
15.149564816429297
 10
23.232588501198606
 20
15.175159984425306
 10
23.26277870687919
 20
15.204839841566141
 10
23.289245442281043
 20
15.24057879922492
 10
23.31329661582143
 20
15.28525808204563
 10
23.334811835379938
 20
15.340646327546551
 10
23.352661549689074
 20
15.406925365491354
 10
23.36626112229831
 20
15.48585514652568
 10
23.37635739042169
 20
15.579087760100848
 10
23.383860034164968
 20
15.684474427681963
 10
23.388427092211685
 20
15.79992093576044
 10
23.38999537242499
 20
15.927663355040139
 10
23.391216897238493
 20
15.94737419423263
 10
23.394385181792757
 20
15.966867046192398
 10
23.3994690526019
 20
15.985950116232033
 10
23.406418488282995
 20
16.00443564160343
 10
23.415165111728
 20
16.022141738938906
 10
23.425622862882037
 20
16.03889419384386
 10
23.43768884550819
 20
16.05452817503251
 10
23.451244339607427
 20
16.068889856141205
 10
23.466155969532167
 20
16.08183792926154
 10
23.482277016300202
 20
16.09324499530171
 10
23.49944886119674
 20
16.10299881749566
 10
23.51750254646072
 20
16.111003425726636
 10
23.53626043769934
 20
16.117180060799377
 10
23.555537971674084
 20
16.12146794937013
 10
23.575145472261056
 20
16.123824901909643
 10
23.594890016718495
 20
16.124227727815722
 10
24.594465681822115
 20
16.095014060210374
 10
24.61381104049846
 20
16.093502663228634
 10
24.632917386607943
 20
16.09011522149514
 10
24.65160322699873
 20
16.084883912668197
 10
24.669691062946214
 20
16.077858429489773
 10
24.687009076231618
 20
16.069105507749015
 10
24.703392761261
 20
16.05870829235205
 10
24.718686487720916
 20
16.04676554752006
 10
24.732744978926746
 20
16.033390718617646
 10
24.745434691820876
 20
16.018710854523675
 10
24.756635085512073
 20
16.002865400780877
 10
24.76623976630573
 20
15.986004874988211
 10
24.774157498348615
 20
15.968289437018747
 10
24.78031307028766
 20
15.949887367644457
 10
24.78464800971028
 20
15.930973470019822
 10
24.787121138579906
 20
15.911727409208652
 10
24.78770896439036
 20
15.892332005527116
 10
24.78450656240196
 20
15.718805873644762
 10
24.78422552289517
 20
15.711285579277508
 10
24.774634221583426
 20
15.540965825546877
 10
24.774047763590957
 20
15.533235937920118
 10
24.758091419936193
 20
15.36612256234124
 10
24.757175757740598
 20
15.358209342008088
  0
LWPOLYLINE
  5
34
330
17
100
AcDbEntity
  8
0
100
AcDbPolyline
 90
207
 70
1
 10
23.75972691285385
 20
15.424402171433677
 10
23.743502575787105
 20
15.33023867020465
 10
23.739544044176625
 20
15.312270770386526
 10
23.71651569632941
 20
15.226762581608966
 10
23.709855742283864
 20
15.206447173500244
 10
23.680013840864007
 20
15.129622925550443
 10
23.6697372591497
 20
15.107342672752495
 10
23.633072261365058
 20
15.039230994006772
 10
23.61776196586456
 20
15.015113249927047
 10
23.573482615202195
 20
14.955321295443298
 10
23.56373140552813
 20
14.94317746398815
 10
23.553060793827868
 20
14.931833003733878
 10
23.500608041716006
 20
14.880266936056323
 10
23.489084286104983
 20
14.869792074769002
 10
23.476777069110696
 20
14.860249953818865
 10
23.416146144153288
 20
14.816928858531746
 10
23.403749300173033
 20
14.808751974001332
 10
23.39077744107354
 20
14.801521894278594
 10
23.321963571874548
 20
14.766464856966131
 10
23.29670812393229
 20
14.755721590769888
 10
23.21822820154985
 20
14.728558033004553
 10
23.19526221067825
 20
14.722120836984828
 10
23.105865334112323
 20
14.702753740380352
 10
23.086580016952922
 20
14.699557693803932
 10
22.98626618620351
 20
14.687958429983944
 10
22.970302449505382
 20
14.68676044289532
 10
22.85907166457244
 20
14.682900383483407
 10
22.843825384176156
 20
14.682955417296334
 10
22.702654884204065
 20
14.688875129340467
 10
22.682809543556672
 20
14.69070567461985
 10
22.558544099822512
 20
14.708477534475136
 10
22.533753024208764
 20
14.71365010974479
 10
22.4263687797322
 20
14.743293202995517
 10
22.41112600967793
 20
14.748168162936231
 10
22.396324020490127
 20
14.754251615034768
 10
22.305797118290897
 20
14.795785027265268
 10
22.29019691892502
 20
14.803791926310446
 10
22.275361743448855
 20
14.813140413951047
 10
22.198526362241495
 20
14.866425774675236
 10
22.18503607196793
 20
14.876657431427425
 10
22.172463906807437
 20
14.887998304177643
 10
22.106106511346226
 20
14.953183526673577
 10
22.094736169714622
 20
14.965327309857145
 10
22.084419355180785
 20
14.978377960289343
 10
22.028559031049895
 20
15.055453501764951
 10
22.019958950650235
 20
15.068347870168317
 10
22.012387983900183
 20
15.081872166152664
 10
21.9670438166838
 20
15.170828483815903
 10
21.9570181999554
 20
15.194029267030025
 10
21.920717418736743
 20
15.295240120238553
 10
21.914978238735145
 20
15.314145321454838
 10
21.886464375885183
 20
15.428143516102125
 10
21.883122537806116
 20
15.44433213062247
 10
21.86239559332482
 20
15.571117666708503
 10
21.86063746337028
 20
15.584859672521596
 10
21.84769743725765
 20
15.72443255004638
 10
21.8471219712374
 20
15.732356928440815
 10
21.839113978184642
 20
15.884640805067654
 10
21.83895820268212
 20
15.88821531798915
 10
21.833250022529896
 20
16.053286536054628
 10
21.833167844628136
 20
16.056341820470507
 10
21.829749934584328
 20
16.234200379974652
 10
21.829716724581488
 20
16.23683810405727
 10
21.828579541854012
 20
16.427484005000146
 10
21.828576000079806
 20
16.428671555116082
 10
21.828576000079806
 20
17.070761503738666
 10
21.82857954398233
 20
17.071949410606415
 10
21.82971672670979
 20
17.262538054796806
 10
21.82974994247091
 20
17.26517583250127
 10
21.833167852514705
 20
17.443015306421266
 10
21.833249995057926
 20
17.44606938597306
 10
21.838958175210152
 20
17.611159689622696
 10
21.839113772156736
 20
17.61473107837154
 10
21.847121765209494
 20
17.76707221175087
 10
21.847698844384382
 20
17.775015679952823
 10
21.860638870497013
 20
17.914472453507074
 10
21.862397583399115
 20
17.928211458979213
 10
21.883124527880412
 20
18.054947690639423
 10
21.88646358266341
 20
18.071120962951397
 10
21.914977445513372
 20
18.18512710992549
 10
21.920705679252862
 20
18.2040027424841
 10
21.95700646047152
 20
18.305269261979994
 10
21.96704905015234
 20
18.32851305155601
 10
22.012393217368725
 20
18.417456645496273
 10
22.019966036027384
 20
18.430982249686792
 10
22.02856819712126
 20
18.44387768979835
 10
22.084428521252136
 20
18.520940507551146
 10
22.0947285927262
 20
18.533969708900656
 10
22.106078800570145
 20
18.546095068362376
 10
22.172436196031356
 20
18.611305738304033
 10
22.184952571594962
 20
18.62260468403064
 10
22.198380148466796
 20
18.632803998278803
 10
22.275215529674156
 20
18.686191148785625
 10
22.290187409982238
 20
18.695635709844183
 10
22.30593901991169
 20
18.703713068210533
 10
22.396465922110934
 20
18.74516059531181
 10
22.41119161461485
 20
18.75120292625214
 10
22.42635293312493
 20
18.756049595618663
 10
22.533737177601495
 20
18.78570223166154
 10
22.558469947092078
 20
18.790868562832088
 10
22.682735390826252
 20
18.80868813664805
 10
22.702614616243082
 20
18.810527608496123
 10
22.84378511621516
 20
18.81647594891667
 10
22.859122813757125
 20
18.816530893751214
 10
22.970353598690053
 20
18.812642205962888
 10
22.986359008844445
 20
18.81143524536062
 10
23.08667283959386
 20
18.79978826757994
 10
23.10588517297981
 20
18.796598677151678
 10
23.195282049545725
 20
18.77722203775508
 10
23.21804424049212
 20
18.77085271285005
 10
23.296524162874547
 20
18.74377504021397
 10
23.322197715747507
 20
18.732848723179465
 10
23.391011584946497
 20
18.697677172361352
 10
23.403897051224618
 20
18.69047675107808
 10
23.416213630449235
 20
18.682341446285683
 10
23.476844555406643
 20
18.63898217982996
 10
23.48908782781257
 20
18.62948532446115
 10
23.500555472945692
 20
18.619065099117968
 10
23.553008225057553
 20
18.567537202608825
 10
23.563647293523488
 20
18.55623776047929
 10
23.57337388283119
 20
18.544143934339438
 10
23.61765323349357
 20
18.484466493361083
 10
23.633131020389328
 20
18.46009282811456
 10
23.66979601817397
 20
18.39187935958644
 10
23.680021896906226
 20
18.369687600813016
 10
23.709863798326083
 20
18.292837905417564
 10
23.716513761465137
 20
18.272550423964617
 10
23.739542109312353
 20
18.187054958909776
 10
23.743501811274314
 20
18.169084311956986
 10
23.75972614834106
 20
18.07493353445073
 10
23.761460072447505
 20
18.062564454579302
 10
23.77262354876079
 20
17.959507071095842
 10
23.773278974478416
 20
17.952201917328722
 10
23.781264701016255
 20
17.840012081787897
 10
23.781611550863587
 20
17.833746354802493
 10
23.784002552904226
 20
17.77330718058171
 10
24.3845949599839
 20
17.77330718058171
 10
24.377295235808063
 20
17.902919197139525
 10
24.362085454907714
 20
18.06223189249279
 10
24.341349460059774
 20
18.214713448958065
 10
24.31161286069384
 20
18.35317435849681
 10
24.269145937757756
 20
18.477795860805386
 10
24.213407812007887
 20
18.59271272091302
 10
24.144857646013378
 20
18.697884390190907
 10
24.062094764884563
 20
18.792941349836227
 10
23.961546052704236
 20
18.879508684053093
 10
23.840797270075115
 20
18.958595709303516
 10
23.701031208017156
 20
19.028508696548386
 10
23.538110753739232
 20
19.085624571803706
 10
23.34331139496966
 20
19.127647060744565
 10
23.114309948807602
 20
19.153681008825913
 10
22.8523125095802
 20
19.162532217714705
 10
22.550333441001797
 20
19.151887555672218
 10
22.2889454670279
 20
19.120611820373654
 10
22.069290623426355
 20
19.070174160943466
 10
21.888699949784908
 20
19.001749882518205
 10
21.735696892656847
 20
18.917841195641806
 10
21.604344841816356
 20
18.822322361103012
 10
21.495621711062142
 20
18.71684766128915
 10
21.406704211067563
 20
18.599546865252677
 10
21.333596554319485
 20
18.468695447683032
 10
21.27506462143775
 20
18.325704296629254
 10
21.23186366696669
 20
18.171047601272413
 10
21.203713348409465
 20
18.000615616412738
 10
21.185476468679
 20
17.81437362006826
 10
21.17219074378535
 20
17.619874253899027
 10
21.16421159077892
 20
17.420618318754123
 10
21.161532749435978
 20
17.21532733287966
 10
21.161532749435978
 20
16.254891614332394
 10
21.164211619436244
 20
16.049528223153494
 10
21.17219078130944
 20
15.8502302746625
 10
21.18547608436259
 20
15.655750988963185
 10
21.203713018200176
 20
15.469603794594178
 10
21.2318654410076
 20
15.299107052141053
 10
21.27506459245636
 20
15.144440063576347
 10
21.333588561938072
 20
15.001484918269057
 10
21.406697004827848
 20
14.870680907165315
 10
21.495630966437048
 20
14.753346436144298
 10
21.604353971442237
 20
14.647851863899717
 10
21.735683541938798
 20
14.552345281698706
 10
21.888698396050003
 20
14.468467395075635
 10
22.06930662140809
 20
14.399998874691882
 10
22.288935453689604
 20
14.349571495742495
 10
22.550320613433385
 20
14.318318349852788
 10
22.852308020063475
 20
14.307687021863174
 10
23.114309948807744
 20
14.316538382423822
 10
23.34331139496973
 20
14.342572330505092
 10
23.53811075373912
 20
14.384594819445894
 10
23.70105797501668
 20
14.441720078548357
 10
23.840829425883427
 20
14.51158617673866
 10
23.96154565478237
 20
14.59063557997343
 10
24.062070344141844
 20
14.677198049240168
 10
24.14486799033446
 20
14.77234176020572
 10
24.213425763298062
 20
14.877442299488038
 10
24.26914337595312
 20
14.99230488803807
 10
24.311607986214753
 20
15.116955940775988
 10
24.341349181626512
 20
15.255501264606828
 10
24.362086041400346
 20
15.407935932095192
 10
24.37729523676468
 20
15.567224302423917
 10
24.38492891719018
 20
15.702781150016385
 10
23.78377756899158
 20
15.720350440946405
 10
23.781611554939616
 20
15.665597741026716
 10
23.78126454486305
 20
15.659329717414117
 10
23.773278818325196
 20
15.547157376992047
 10
23.772624221595038
 20
15.539860629103678
 10
23.761460745281752
 20
15.43677302677829
 10
23.75972691285385
 20
15.424402171433677
  0
LWPOLYLINE
  5
35
330
17
100
AcDbEntity
  8
0
100
AcDbPolyline
 90
263
 70
1
 10
37.23488421201229
 20
15.358209342008088
 10
37.21258668299481
 20
15.194302344581018
 10
37.20996910072897
 20
15.17935242755101
 10
37.17618920709491
 20
15.021993375982625
 10
37.1699882540465
 20
14.999578785348213
 10
37.11980430076078
 20
14.85226829388062
 10
37.1104772145316
 20
14.829576977494597
 10
37.04389874438631
 20
14.692324588919867
 10
37.031520637588244
 20
14.670443596078819
 10
36.94855719337548
 20
14.54325885318903
 10
36.9319915302805
 20
14.521334326824643
 10
36.83074171067079
 20
14.404987014850924
 10
36.81046740794508
 20
14.38481826159682
 10
36.689172953490484
 20
14.280370811394725
 10
36.668329568807366
 20
14.264678390814424
 10
36.52698570811185
 20
14.172121259591947
 10
36.50693370396873
 20
14.160596233117914
 10
36.34553566563629
 20
14.079919878083047
 10
36.32238525659055
 20
14.07012218338054
 10
36.1358212849762
 20
14.00471747666576
 10
36.11193747733347
 20
13.997983163729053
 10
35.895318481942
 20
13.951253701190211
 10
35.87582442859387
 20
13.948051083229288
 10
35.62913609523709
 20
13.920006407658462
 10
35.61336934222865
 20
13.918845702732739
 10
35.3365973567184
 20
13.909495356922001
 10
35.3228704526461
 20
13.909505098095181
 10
35.00567679018732
 20
13.920671755339136
 10
34.98904471993568
 20
13.921956571842443
 10
34.7088150627478
 20
13.955462905435745
 10
34.68789867540478
 20
13.959103898313558
 10
34.44462825209173
 20
14.014959451048355
 10
34.418606327712084
 20
14.022838944623018
 10
34.21229036687784
 20
14.10105325929149
 10
34.18716416984623
 20
14.112634429853067
 10
34.01085949499195
 20
14.20927905703283
 10
33.98946429399324
 20
14.222845307895938
 10
33.83645357470017
 20
14.334119035393421
 10
33.814907123221275
 20
14.352250714157499
 10
33.685180816697326
 20
14.478124913596332
 10
33.674738987637724
 20
14.489056371708436
 10
33.6651566862014
 20
14.500748594326495
 10
33.558705249654466
 20
14.641194637330273
 10
33.54358180528642
 20
14.66432245331174
 10
33.45782788961178
 20
14.817751464992696
 10
33.4473671677011
 20
14.83945569042649
 10
33.379882927537224
 20
15.00429788148108
 10
33.37237971758614
 20
15.026170087094975
 10
33.32315083874488
 20
15.202425457523233
 10
33.318471652768935
 20
15.223548166081166
 10
33.287483821062196
 20
15.411216715883086
 10
33.28577263351694
 20
15.424239487124417
 10
33.266609116477696
 20
15.619844459038447
 10
33.266123389405436
 20
15.62568791987534
 10
33.252446977834325
 20
15.825892517590397
 10
33.25214343013086
 20
15.831496806271801
 10
33.24394458123572
 20
16.03628194420365
 10
33.24380214518018
 20
16.041649676378867
 10
33.24107131616894
 20
16.25099626894326
 10
33.24105437947276
 20
16.25359312904915
 10
33.24105437947276
 20
17.21662626220025
 10
33.24107132775396
 20
17.21922401026727
 10
33.2438021567652
 20
17.428499031891008
 10
33.243944648016026
 20
17.43386754392202
 10
33.252143496911174
 20
17.638609739289414
 10
33.25244691187646
 20
17.64421139458355
 10
33.26612332344757
 20
17.844430306486693
 10
33.26660815225107
 20
17.850264888364002
 10
33.28577166929031
 20
18.045970059595028
 10
33.28748541239678
 20
18.059012311338634
 10
33.318473244103515
 20
18.246623604388084
 10
33.32315234156114
 20
18.26774205725249
 10
33.37238122040239
 20
18.443978342096642
 10
33.379879865873306
 20
18.46583768834323
 10
33.447364106037185
 20
18.630698964982102
 10
33.45781245872199
 20
18.652383055746462
 10
33.54356637439663
 20
18.805869324180122
 10
33.558711150708646
 20
18.829032539042018
 10
33.665162587255594
 20
18.969464267857397
 10
33.674748475374514
 20
18.98115942401965
 10
33.68519435300652
 20
18.992093296580883
 10
33.81492065953047
 20
19.11794363903934
 10
33.83645685896481
 20
19.136064573046617
 10
33.98946757825786
 20
19.24733352914813
 10
34.01082680201942
 20
19.260879466420967
 10
34.1871314768737
 20
19.35756703616547
 10
34.212324249683235
 20
19.369178973392664
 10
34.41864021051748
 20
19.447350345496424
 10
34.44462463680664
 20
19.45521616752194
 10
34.687895060119686
 20
19.511076491652815
 10
34.70879847053057
 20
19.51471633005074
 10
34.98902812771844
 20
19.54824652062443
 10
35.00566782227803
 20
19.549533005808925
 10
35.322861484736805
 20
19.560713977241114
 10
35.33659735671843
 20
19.56072403432777
 10
35.61336934222868
 20
19.551373688516982
 10
35.62913609523716
 20
19.55021298359126
 10
35.875824428593944
 20
19.52216830802034
 10
35.895318481942
 20
19.518965690059417
 10
36.11193747733347
 20
19.47223622752057
 10
36.13582128497602
 20
19.465501914583932
 10
36.322385256590366
 20
19.400097207869344
 10
36.345586201660765
 20
19.390274243287685
 10
36.5069842399932
 20
19.309540631499935
 10
36.52700144732178
 20
19.298030567231912
 10
36.668345308017294
 20
19.205454350425164
 10
36.6891593206867
 20
19.189783975742095
 10
36.81045377514131
 20
19.0853556111242
 10
36.83070984584383
 20
19.065211726867688
 10
36.93195966545353
 20
18.948921671646517
 10
36.94859637456422
 20
18.92690044880198
 10
37.031559818776984
 20
18.799615506594954
 10
37.04390230247006
 20
18.777787267593574
 10
37.11048077261535
 20
18.640520564830666
 10
37.11979858576933
 20
18.61785335726242
 10
37.169982539055056
 20
18.47058580835934
 10
37.17618530435523
 20
18.448172620573786
 10
37.209965197989305
 20
18.29088513994627
 10
37.21258793450866
 20
18.275907845303514
 10
37.23488546352614
 20
18.11194359112381
 10
37.235800078668476
 20
18.104037430684492
 10
37.25175642232324
 20
17.936904969521528
 10
37.25234260542919
 20
17.92917847390033
 10
37.261933906740936
 20
17.758877805754068
 10
37.26221499430014
 20
17.751357472987593
 10
37.26541739628857
 20
17.577888597857978
 10
37.26480064406155
 20
17.558130710268223
 10
37.26222763697076
 20
17.53853136997754
 10
37.25772373980193
 20
17.51928378790572
 10
37.25133335211653
 20
17.500577707328823
 10
37.24311947055959
 20
17.48259753338396
 10
37.23316306783666
 20
17.465520515197575
 10
37.22156229448237
 20
17.44951499855796
 10
37.20843151128929
 20
17.434738766357043
 10
37.193900161935645
 20
17.421337483161714
 10
37.178111496925425
 20
17.4094432592478
 10
37.16122116142033
 20
17.39917334825286
 10
37.14339566088479
 20
17.390628991286015
 10
37.124810719669895
 20
17.38389441888993
 10
37.10564954871708
 20
17.37903602069342
 10
37.08610103945884
 20
17.376101690940388
 10
37.066357901721034
 20
17.375120356346834
 10
36.06678223661736
 20
17.375120356346834
 10
36.047419799741064
 20
17.376064121008675
 10
36.02824093080403
 20
17.378886467518477
 10
36.00942745740734
 20
17.383560638276663
 10
35.99115774297513
 20
17.390042319238503
 10
35.97360499575858
 20
17.398270060038804
 10
35.95693562671384
 20
17.408165856579572
 10
35.9413076718229
 20
17.41963589055736
 10
35.92686929381401
 20
17.432571418919125
 10
35.91375737748709
 20
17.44684980481393
 10
35.90209623196063
 20
17.462335680266605
 10
35.89199641214395
 20
17.47888222955026
 10
35.88355367060802
 20
17.496332581090634
 10
35.87684804979148
 20
17.514521294706228
 10
35.871943123148554
 20
17.533275930083988
 10
35.8688853924332
 20
17.552418681620736
 10
35.867703846833635
 20
17.571768064130815
 10
35.866135579532866
 20
17.69942377652216
 10
35.861568448622435
 20
17.81487061265964
 10
35.854065948175304
 20
17.92027170388492
 10
35.84397035025884
 20
18.013470800364914
 10
35.83037122368006
 20
18.092387327772414
 10
35.81251873844231
 20
18.15866679071565
 10
35.79097724134223
 20
18.214141053806742
 10
35.76696024563131
 20
18.25882352155689
 10
35.740574755007714
 20
18.294384534440283
 10
35.71029735480617
 20
18.32412807851251
 10
35.67433004573536
 20
18.349849542250524
 10
35.631139886907604
 20
18.37192452340964
 10
35.57707221941497
 20
18.390579315057224
 10
35.50877388699662
 20
18.405382876540543
 10
35.42612267684602
 20
18.414979128632368
 10
35.33058885075198
 20
18.41831904233637
 10
35.207071924722484
 20
18.413114550435672
 10
35.105230550478296
 20
18.398510571796642
 10
35.02542827709273
 20
18.37647430586553
 10
34.96555157794394
 20
18.349059901413234
 10
34.917181482519766
 20
18.315451145604847
 10
34.874760331513926
 20
18.273763076663016
 10
34.83779157429673
 20
18.22276235935066
 10
34.805265813599135
 20
18.158962355299714
 10
34.77657802737855
 20
18.07893343677315
 10
34.75246536964228
 20
17.982524499959673
 10
34.73419073944024
 20
17.870783101275727
 10
34.72225896304285
 20
17.742192399474852
 10
34.71455388279115
 20
17.595613768525837
 10
34.708960257346604
 20
17.433836582362602
 10
34.70559704735828
 20
17.258843242179836
 10
34.7044712785864
 20
17.07016754501762
 10
34.7044712785864
 20
16.42926533545485
 10
34.70559705201025
 20
16.24053217633817
 10
34.70896025680118
 20
16.06552032647422
 10
34.71455379411171
 20
15.90376439156698
 10
34.72225918190746
 20
15.757235003152267
 10
34.734192540424885
 20
15.628520178907742
 10
34.75246660418658
 20
15.516738774148195
 10
34.77657324423396
 20
15.420360620866582
 10
34.80525983598716
 20
15.340379024616745
 10
34.83779854451909
 20
15.276544492631395
 10
34.874754461862025
 20
15.225553071005173
 10
34.91710147021021
 20
15.183954103142916
 10
34.96553465836013
 20
15.150365672122724
 10
35.02549647542186
 20
15.122855409365322
 10
35.10518613062591
 20
15.10085732303667
 10
35.20701441057143
 20
15.086294320917048
 10
35.33059428674743
 20
15.081112237680415
 10
35.42619490744681
 20
15.084429881046304
 10
35.50882976542357
 20
15.093984929549976
 10
35.57698639678378
 20
15.108750502067664
 10
35.63117760928358
 20
15.127507224633476
 10
35.67447471460248
 20
15.149564816429354
 10
35.7102969554705
 20
15.175159984425378
 10
35.740487161151094
 20
15.204839841566177
 10
35.76695389655296
 20
15.240578799224977
 10
35.791005070093206
 20
15.285258082045516
 10
35.81252028965176
 20
15.340646327546573
 10
35.83037000396095
 20
15.406925365491453
 10
35.8439695765702
 20
15.485855146525658
 10
35.85406584469351
 20
15.579087760100549
 10
35.86156848843676
 20
15.68447442768197
 10
35.86613554648339
 20
15.799920935760241
 10
35.867703826696655
 20
15.927663355040067
 10
35.86892535151014
 20
15.947374194232559
 10
35.872093636064406
 20
15.966867046192334
 10
35.877177506873565
 20
15.985950116231976
 10
35.88412694255463
 20
16.004435641603372
 10
35.892873565999636
 20
16.022141738938863
 10
35.90333131715367
 20
16.038894193843817
 10
35.915397299779826
 20
16.05452817503248
 10
35.92895279387906
 20
16.06888985614117
 10
35.9438644238038
 20
16.08183792926151
 10
35.95998547057184
 20
16.09324499530169
 10
35.97715731546839
 20
16.102998817495653
 10
35.99521100073237
 20
16.11100342572663
 10
36.01396889197099
 20
16.117180060799363
 10
36.03324642594572
 20
16.12146794937012
 10
36.052853926532705
 20
16.123824901909643
 10
36.07259847099016
 20
16.124227727815722
 10
37.07217413609382
 20
16.095014060210374
 10
37.09151949477017
 20
16.093502663228634
 10
37.11062584087965
 20
16.09011522149514
 10
37.12931168127045
 20
16.084883912668197
 10
37.14739951721792
 20
16.077858429489773
 10
37.16471753050331
 20
16.069105507749
 10
37.181101215532706
 20
16.05870829235205
 10
37.19639494199262
 20
16.04676554752006
 10
37.21045343319845
 20
16.03339071861764
 10
37.223143146092596
 20
16.018710854523675
 10
37.23434353978378
 20
16.002865400780856
 10
37.24394822057744
 20
15.986004874988204
 10
37.251865952620335
 20
15.96828943701874
 10
37.25802152455938
 20
15.94988736764445
 10
37.26235646398197
 20
15.9309734700198
 10
37.2648295928516
 20
15.911727409208638
 10
37.26541741866207
 20
15.892332005527102
 10
37.262215016673636
 20
15.71880587364474
 10
37.26193397716686
 20
15.711285579277508
 10
37.25234267585512
 20
15.540965825546877
 10
37.25175621786266
 20
15.533235937920132
 10
37.23579987420791
 20
15.366122562341253
 10
37.23488421201229
 20
15.358209342008088
  0
LWPOLYLINE
  5
36
330
17
100
AcDbEntity
  8
0
100
AcDbPolyline
 90
207
 70
1
 10
36.23743536712571
 20
15.42440217143362
 10
36.22121103005895
 20
15.330238670204594
 10
36.217252498448445
 20
15.31227077038642
 10
36.19422415060117
 20
15.22676258160886
 10
36.18756419655567
 20
15.206447173500287
 10
36.15772229513584
 20
15.129622925550485
 10
36.147445713421604
 20
15.107342672752686
 10
36.11078071563706
 20
15.03923099400697
 10
36.09547042013641
 20
15.015113249926948
 10
36.05119106947399
 20
14.955321295443198
 10
36.04143985979992
 20
14.943177463988036
 10
36.03076924809962
 20
14.931833003733772
 10
35.97831649598767
 20
14.880266936056216
 10
35.96679274037665
 20
14.86979207476891
 10
35.954485523382374
 20
14.860249953818801
 10
35.893854598424895
 20
14.816928858531682
 10
35.88145775444468
 20
14.808751974001297
 10
35.86848589534523
 20
14.80152189427858
 10
35.799672026146226
 20
14.766464856966124
 10
35.774416578204054
 20
14.755721590769902
 10
35.69593665582171
 20
14.728558033004575
 10
35.67297066495003
 20
14.722120836984828
 10
35.5835737883841
 20
14.702753740380352
 10
35.5642884712247
 20
14.699557693803932
 10
35.46397464047523
 20
14.687958429983944
 10
35.44801090377709
 20
14.68676044289532
 10
35.33678011884413
 20
14.682900383483407
 10
35.32153383844786
 20
14.682955417296334
 10
35.18036333847577
 20
14.688875129340467
 10
35.16051799782838
 20
14.69070567461985
 10
35.03625255409419
 20
14.708477534475136
 10
35.01146147848044
 20
14.71365010974479
 10
34.90407723400389
 20
14.743293202995517
 10
34.88883446394962
 20
14.748168162936231
 10
34.87403247476183
 20
14.754251615034768
 10
34.78350557256259
 20
14.795785027265268
 10
34.76790537319668
 20
14.803791926310474
 10
34.75307019772049
 20
14.813140413951096
 10
34.676234816513215
 20
14.866425774675278
 10
34.66274452623968
 20
14.87665743142746
 10
34.650172361079186
 20
14.887998304177664
 10
34.583814965618004
 20
14.953183526673591
 10
34.572444623986414
 20
14.965327309857159
 10
34.56212780945256
 20
14.97837796028935
 10
34.50626748532167
 20
15.055453501764958
 10
34.497667404921984
 20
15.068347870168395
 10
34.49009643817192
 20
15.081872166152806
 10
34.44475227095562
 20
15.170828483816045
 10
34.434726654227305
 20
15.194029267029975
 10
34.398425873008605
 20
15.295240120238503
 10
34.39268669300701
 20
15.314145321454738
 10
34.36417283015699
 20
15.428143516102026
 10
34.36083099207792
 20
15.444332130622392
 10
34.340104047596554
 20
15.571117666708417
 10
34.33834591764203
 20
15.584859672521539
 10
34.32540589152936
 20
15.72443255004633
 10
34.32483042550912
 20
15.732356928440808
 10
34.31682243245635
 20
15.884640805067647
 10
34.31666665695383
 20
15.888215317989143
 10
34.31095847680159
 20
16.05328653605462
 10
34.31087629889983
 20
16.05634182047052
 10
34.307458388856034
 20
16.234200379974673
 10
34.30742517885318
 20
16.236838104057277
 10
34.30628799612572
 20
16.427484005000153
 10
34.30628445435151
 20
16.428671555116082
 10
34.30628445435151
 20
17.070761503738666
 10
34.30628799825402
 20
17.071949410606408
 10
34.30742518098148
 20
17.2625380547968
 10
34.307458396742604
 20
17.265175832501264
 10
34.3108763067864
 20
17.443015306421252
 10
34.310958449329604
 20
17.446069385973068
 10
34.316666629481844
 20
17.611159689622703
 10
34.31682222642843
 20
17.61473107837155
 10
34.3248302194812
 20
17.76707221175088
 10
34.325407298656074
 20
17.77501567995288
 10
34.33834732476875
 20
17.914472453507123
 10
34.340106037670864
 20
17.9282114589793
 10
34.36083298215222
 20
18.0549476906395
 10
34.36417203693523
 20
18.071120962951504
 10
34.39268589978525
 20
18.185127109925595
 10
34.398414133524724
 20
18.204002742484157
 10
34.434714914743424
 20
18.305269261980058
 10
34.444757504424174
 20
18.328513051555866
 10
34.490101671640474
 20
18.41745664549613
 10
34.49767449029915
 20
18.43098224968672
 10
34.50627665139305
 20
18.443877689798327
 10
34.56213697552393
 20
18.52094050755113
 10
34.572437046997976
 20
18.533969708900635
 10
34.58378725484192
 20
18.546095068362362
 10
34.65014465030312
 20
18.61130573830401
 10
34.6626610258667
 20
18.622604684030605
 10
34.67608860273852
 20
18.63280399827876
 10
34.75292398394579
 20
18.686191148785575
 10
34.7678958642539
 20
18.69563570984416
 10
34.7836474741834
 20
18.703713068210533
 10
34.874174376382626
 20
18.74516059531181
 10
34.88890006888656
 20
18.75120292625214
 10
34.90406138739664
 20
18.756049595618663
 10
35.01144563187319
 20
18.78570223166154
 10
35.03617840136377
 20
18.790868562832088
 10
35.160443845097944
 20
18.80868813664805
 10
35.180323070514774
 20
18.810527608496123
 10
35.321493570486865
 20
18.81647594891667
 10
35.33683126802882
 20
18.816530893751214
 10
35.448062052961774
 20
18.812642205962888
 10
35.464067463116166
 20
18.81143524536062
 10
35.56438129386564
 20
18.79978826757994
 10
35.5835936272516
 20
18.796598677151678
 10
35.672990503817516
 20
18.77722203775508
 10
35.69575269476397
 20
18.770852712850022
 10
35.77423261714631
 20
18.74377504021394
 10
35.799906170019185
 20
18.732848723179472
 10
35.8687200392182
 20
18.69767717236136
 10
35.88160550549628
 20
18.690476751078116
 10
35.89392208472084
 20
18.682341446285754
 10
35.95455300967832
 20
18.63898217983003
 10
35.96679628208426
 20
18.629485324461243
 10
35.97826392721737
 20
18.619065099118075
 10
36.0307166793293
 20
18.567537202608932
 10
36.041355747795265
 20
18.55623776047939
 10
36.051082337103
 20
18.54414393433953
 10
36.09536168776542
 20
18.484466493361175
 10
36.11083947466135
 20
18.46009282811437
 10
36.14750447244589
 20
18.39187935958624
 10
36.15773035117806
 20
18.369687600812973
 10
36.1875722525979
 20
18.29283790541752
 10
36.194222215736914
 20
18.272550423964724
 10
36.21725056358419
 20
18.187054958909883
 10
36.22121026554616
 20
18.16908431195705
 10
36.23743460261292
 20
18.074933534450793
 10
36.239168526719396
 20
18.06256445457923
 10
36.25033200303265
 20
17.95950707109577
 10
36.25098742875025
 20
17.9522019173286
 10
36.25897315528803
 20
17.84001208178777
 10
36.259320005135365
 20
17.833746354802386
 10
36.26171100717596
 20
17.77330718058171
 10
36.862303414255564
 20
17.77330718058171
 10
36.85500369007977
 20
17.90291919713914
 10
36.83979390917936
 20
18.062231892493173
 10
36.81905791433145
 20
18.21471344895815
 10
36.78932131496558
 20
18.353174358496744
 10
36.74685439202949
 20
18.477795860805386
 10
36.69111626627965
 20
18.59271272091302
 10
36.6225661002851
 20
18.6978843901909
 10
36.53980321915628
 20
18.792941349836198
 10
36.439254506975956
 20
18.879508684053093
 10
36.31850572434679
 20
18.958595709303573
 10
36.17873966228905
 20
19.02850869654838
 10
36.01581920801098
 20
19.08562457180372
 10
35.821019849241424
 20
19.127647060744557
 10
35.59201840307931
 20
19.153681008825913
 10
35.33002096385192
 20
19.162532217714705
 10
35.02804189527359
 20
19.151887555672218
 10
34.766653921299664
 20
19.120611820373647
 10
34.54699907769806
 20
19.070174160943452
 10
34.36640840405663
 20
19.00174988251821
 10
34.21340534692857
 20
18.917841195641813
 10
34.08205329608802
 20
18.82232236110299
 10
33.97333016533382
 20
18.716847661289144
 10
33.88441266533923
 20
18.59954686525269
 10
33.811305008591276
 20
18.46869544768309
 10
33.75277307570953
 20
18.32570429662924
 10
33.70957212123838
 20
18.17104760127235
 10
33.681421802681186
 20
18.00061561641283
 10
33.66318492295069
 20
17.814373620068224
 10
33.649899198057014
 20
17.619874253898416
 10
33.64192004505057
 20
17.420618318754073
 10
33.63924120370764
 20
17.215327332880335
 10
33.63924120370764
 20
16.25489161433171
 10
33.641920073707894
 20
16.049528223154205
 10
33.649899235581145
 20
15.85023027466216
 10
33.66318453863431
 20
15.655750988962922
 10
33.681421472471854
 20
15.46960379459422
 10
33.709573895279306
 20
15.299107052141117
 10
33.75277304672811
 20
15.144440063576404
 10
33.811297016209906
 20
15.001484918268943
 10
33.88440545909951
 20
14.870680907165315
 10
33.97333942070871
 20
14.753346436144298
 10
34.08206242571396
 20
14.647851863899675
 10
34.213391996210404
 20
14.552345281698763
 10
34.36640685032171
 20
14.468467395075642
 10
34.547015075679866
 20
14.399998874691867
 10
34.76664390796137
 20
14.349571495742502
 10
35.02802906770518
 20
14.318318349852788
 10
35.33001647433518
 20
14.307687021863174
 10
35.59201840307945
 20
14.316538382423822
 10
35.821019849241395
 20
14.342572330505085
 10
36.01581920801097
 20
14.384594819445923
 10
36.17876642928856
 20
14.441720078548357
 10
36.318537880155205
 20
14.51158617673866
 10
36.439254109054005
 20
14.590635579973366
 10
36.539778798413565
 20
14.67719804924019
 10
36.62257644460614
 20
14.772341760205705
 10
36.691134217569825
 20
14.877442299488074
 10
36.746851830224884
 20
14.992304888038085
 10
36.789316440486445
 20
15.116955940775881
 10
36.81905763589823
 20
15.25550126460697
 10
36.83979449567198
 20
15.407935932094787
 10
36.85500369103639
 20
15.567224302424322
 10
36.86263737146186
 20
15.702781150016385
 10
36.261486023263316
 20
15.720350440946405
 10
36.25932000921139
 20
15.665597741026808
 10
36.258972999134826
 20
15.659329717414245
 10
36.25098727259706
 20
15.547157376992175
 10
36.250332675866886
 20
15.53986062910375
 10
36.23916919955364
 20
15.436773026778361
 10
36.23743536712571
 20
15.42440217143362
  0
LWPOLYLINE
  5
37
330
17
100
AcDbEntity
  8
0
100
AcDbPolyline
 90
141
 70
1
 10
27.105747753808387
 20
14.138220696751183
 10
27.099165565687784
 20
14.119824713320803
 10
27.090811950912695
 20
14.102162478835467
 10
27.080767359359925
 20
14.085404090268433
 10
27.069128525937074
 20
14.069710940062663
 10
27.05600753897245
 20
14.055234161833383
 10
27.04153076074317
 20
14.042113174868753
 10
27.02583761053741
 20
14.030474341445903
 10
27.009079221970353
 20
14.020429749893147
 10
26.99141698748504
 20
14.01207613511805
 10
26.973021004054644
 20
14.005493946997454
 10
26.954068435055945
 20
14.000746575601141
 10
26.93474180408886
 20
13.997879740710857
 10
26.915227237174648
 20
13.996921051513745
 10
25.857275131751607
 20
13.996921051513745
 10
25.83776056483741
 20
13.997879740710857
 10
25.818433933870324
 20
14.000746575601141
 10
25.79948136487161
 20
14.005493946997454
 10
25.78108538144123
 20
14.01207613511805
 10
25.7634231469559
 20
14.020429749893147
 10
25.746664758388846
 20
14.030474341445903
 10
25.730971608183083
 20
14.042113174868753
 10
25.716494829953803
 20
14.055234161833383
 10
25.70337384298918
 20
14.069710940062663
 10
25.691735009566344
 20
14.085404090268433
 10
25.681690418013574
 20
14.102162478835467
 10
25.673336803238485
 20
14.119824713320803
 10
25.66675461511788
 20
14.138220696751183
 10
25.662007243721575
 20
14.157173265749904
 10
25.659140408831277
 20
14.176499896716983
 10
25.65818171963417
 20
14.196014463631187
 10
25.65818171963417
 20
19.303418595223974
 10
25.659140408831277
 20
19.322933162138177
 10
25.662007243721575
 20
19.34225979310525
 10
25.66675461511788
 20
19.36121236210397
 10
25.673336803238485
 20
19.37960834553435
 10
25.681690418013574
 20
19.397270580019686
 10
25.691735009566344
 20
19.41402896858672
 10
25.70337384298918
 20
19.429722118792498
 10
25.716494829953803
 20
19.444198897021778
 10
25.730971608183083
 20
19.457319883986408
 10
25.746664758388846
 20
19.46895871740925
 10
25.7634231469559
 20
19.479003308962014
 10
25.78108538144123
 20
19.48735692373711
 10
25.79948136487161
 20
19.493939111857706
 10
25.818433933870324
 20
19.498686483254012
 10
25.83776056483741
 20
19.501553318144296
 10
25.857275131751607
 20
19.502512007341416
 10
26.915227237174648
 20
19.502512007341416
 10
26.93474180408886
 20
19.501553318144296
 10
26.954068435055945
 20
19.498686483254012
 10
26.973021004054644
 20
19.493939111857706
 10
26.99141698748504
 20
19.48735692373711
 10
27.009079221970353
 20
19.479003308962014
 10
27.02583761053741
 20
19.46895871740925
 10
27.04153076074317
 20
19.457319883986408
 10
27.05600753897245
 20
19.444198897021778
 10
27.069128525937074
 20
19.429722118792498
 10
27.080767359359925
 20
19.41402896858672
 10
27.090811950912695
 20
19.397270580019686
 10
27.099165565687784
 20
19.37960834553435
 10
27.105747753808387
 20
19.36121236210397
 10
27.110495125204693
 20
19.34225979310525
 10
27.11336196009499
 20
19.322933162138177
 10
27.114320649292097
 20
19.303418595223974
 10
27.114320649292097
 20
17.357394128889574
 10
28.262982256294293
 20
17.357394128889574
 10
28.262982256294293
 20
19.303418595223974
 10
28.2639409454914
 20
19.322933162138177
 10
28.266807780381683
 20
19.34225979310525
 10
28.271555151778003
 20
19.36121236210397
 10
28.278137339898606
 20
19.37960834553435
 10
28.286490954673695
 20
19.397270580019686
 10
28.296535546226465
 20
19.41402896858672
 10
28.3081743796493
 20
19.429722118792498
 10
28.321295366613924
 20
19.444198897021778
 10
28.335772144843205
 20
19.457319883986408
 10
28.351465295048968
 20
19.46895871740925
 10
28.368223683616023
 20
19.479003308962014
 10
28.38588591810135
 20
19.48735692373711
 10
28.404281901531732
 20
19.493939111857706
 10
28.423234470530446
 20
19.498686483254012
 10
28.44256110149753
 20
19.501553318144296
 10
28.462075668411728
 20
19.502512007341416
 10
29.52002777383477
 20
19.502512007341416
 10
29.53954234074898
 20
19.501553318144296
 10
29.558868971716052
 20
19.498686483254012
 10
29.577821540714766
 20
19.493939111857706
 10
29.596217524145146
 20
19.48735692373711
 10
29.613879758630475
 20
19.479003308962014
 10
29.63063814719753
 20
19.46895871740925
 10
29.646331297403293
 20
19.457319883986408
 10
29.660808075632573
 20
19.444198897021778
 10
29.673929062597196
 20
19.429722118792498
 10
29.685567896020046
 20
19.41402896858672
 10
29.695612487572816
 20
19.397270580019686
 10
29.703966102347906
 20
19.37960834553435
 10
29.71054829046851
 20
19.36121236210397
 10
29.715295661864815
 20
19.34225979310525
 10
29.7181624967551
 20
19.322933162138177
 10
29.71912118595222
 20
19.303418595223974
 10
29.71912118595222
 20
14.196014463631187
 10
29.7181624967551
 20
14.176499896716983
 10
29.715295661864815
 20
14.157173265749904
 10
29.71054829046851
 20
14.138220696751183
 10
29.703966102347906
 20
14.119824713320803
 10
29.695612487572816
 20
14.102162478835467
 10
29.685567896020046
 20
14.085404090268433
 10
29.673929062597196
 20
14.069710940062663
 10
29.660808075632573
 20
14.055234161833383
 10
29.646331297403293
 20
14.042113174868753
 10
29.63063814719753
 20
14.030474341445903
 10
29.613879758630475
 20
14.020429749893147
 10
29.596217524145146
 20
14.01207613511805
 10
29.577821540714766
 20
14.005493946997454
 10
29.558868971716052
 20
14.000746575601141
 10
29.53954234074898
 20
13.997879740710857
 10
29.52002777383477
 20
13.996921051513745
 10
28.462075668411728
 20
13.996921051513745
 10
28.44256110149753
 20
13.997879740710857
 10
28.423234470530446
 20
14.000746575601141
 10
28.404281901531732
 20
14.005493946997454
 10
28.38588591810135
 20
14.01207613511805
 10
28.368223683616023
 20
14.020429749893147
 10
28.351465295048968
 20
14.030474341445903
 10
28.335772144843205
 20
14.042113174868753
 10
28.321295366613924
 20
14.055234161833383
 10
28.3081743796493
 20
14.069710940062663
 10
28.296535546226465
 20
14.085404090268433
 10
28.286490954673695
 20
14.102162478835467
 10
28.278137339898606
 20
14.119824713320803
 10
28.271555151778003
 20
14.138220696751183
 10
28.266807780381683
 20
14.157173265749904
 10
28.2639409454914
 20
14.176499896716983
 10
28.262982256294293
 20
14.196014463631187
 10
28.262982256294293
 20
16.214920414304657
 10
27.114320649292097
 20
16.214920414304657
 10
27.114320649292097
 20
14.196014463631187
 10
27.11336196009499
 20
14.176499896716983
 10
27.110495125204693
 20
14.157173265749904
 10
27.105747753808387
 20
14.138220696751183
  0
LWPOLYLINE
  5
38
330
17
100
AcDbEntity
  8
0
100
AcDbPolyline
 90
77
 70
1
 10
28.657343556441774
 20
17.119459518890856
 10
28.652596185045468
 20
17.100506949892136
 10
28.646013996924864
 20
17.082110966461755
 10
28.637660382149775
 20
17.06444873197642
 10
28.627615790597005
 20
17.047690343409386
 10
28.615976957174155
 20
17.03199719320361
 10
28.602855970209532
 20
17.017520414974328
 10
28.588379191980252
 20
17.004399428009698
 10
28.57268604177449
 20
16.992760594586855
 10
28.555927653207434
 20
16.982716003034092
 10
28.538265418722105
 20
16.974362388258996
 10
28.519869435291724
 20
16.9677802001384
 10
28.50091686629301
 20
16.963032828742094
 10
28.48159023532594
 20
16.96016599385181
 10
28.462075668411728
 20
16.95920730465469
 10
26.915227237174648
 20
16.95920730465469
 10
26.89571267026045
 20
16.96016599385181
 10
26.876386039293365
 20
16.963032828742094
 10
26.85743347029465
 20
16.9677802001384
 10
26.83903748686427
 20
16.974362388258996
 10
26.821375252378942
 20
16.982716003034092
 10
26.804616863811887
 20
16.992760594586855
 10
26.788923713606124
 20
17.004399428009698
 10
26.774446935376844
 20
17.017520414974328
 10
26.76132594841222
 20
17.03199719320361
 10
26.749687114989385
 20
17.047690343409386
 10
26.739642523436615
 20
17.06444873197642
 10
26.731288908661526
 20
17.082110966461755
 10
26.724706720540922
 20
17.100506949892136
 10
26.719959349144617
 20
17.119459518890856
 10
26.71709251425432
 20
17.13878614985793
 10
26.716133825057213
 20
17.158300716772132
 10
26.716133825057213
 20
19.104325183106532
 10
26.056368543869056
 20
19.104325183106532
 10
26.056368543869056
 20
14.395107875748629
 10
26.716133825057213
 20
14.395107875748629
 10
26.716133825057213
 20
16.4140138264221
 10
26.71709251425432
 20
16.433528393336303
 10
26.719959349144617
 20
16.452855024303375
 10
26.724706720540922
 20
16.471807593302096
 10
26.731288908661526
 20
16.490203576732483
 10
26.739642523436615
 20
16.507865811217812
 10
26.749687114989385
 20
16.524624199784853
 10
26.76132594841222
 20
16.540317349990623
 10
26.774446935376844
 20
16.554794128219903
 10
26.788923713606124
 20
16.567915115184533
 10
26.804616863811887
 20
16.579553948607376
 10
26.821375252378942
 20
16.58959854016014
 10
26.83903748686427
 20
16.597952154935236
 10
26.85743347029465
 20
16.604534343055832
 10
26.876386039293365
 20
16.609281714452138
 10
26.89571267026045
 20
16.61214854934242
 10
26.915227237174648
 20
16.61310723853954
 10
28.462075668411728
 20
16.61310723853954
 10
28.48159023532594
 20
16.61214854934242
 10
28.50091686629301
 20
16.609281714452138
 10
28.519869435291724
 20
16.604534343055832
 10
28.538265418722105
 20
16.597952154935236
 10
28.555927653207434
 20
16.58959854016014
 10
28.57268604177449
 20
16.579553948607376
 10
28.588379191980252
 20
16.567915115184533
 10
28.602855970209532
 20
16.554794128219903
 10
28.615976957174155
 20
16.540317349990623
 10
28.627615790597005
 20
16.524624199784853
 10
28.637660382149775
 20
16.507865811217812
 10
28.646013996924864
 20
16.490203576732483
 10
28.652596185045468
 20
16.471807593302096
 10
28.657343556441774
 20
16.452855024303375
 10
28.660210391332072
 20
16.433528393336303
 10
28.661169080529177
 20
16.4140138264221
 10
28.661169080529177
 20
14.395107875748629
 10
29.320934361717335
 20
14.395107875748629
 10
29.320934361717335
 20
19.104325183106532
 10
28.661169080529177
 20
19.104325183106532
 10
28.661169080529177
 20
17.158300716772132
 10
28.660210391332072
 20
17.13878614985793
 10
28.657343556441774
 20
17.119459518890856
  0
LWPOLYLINE
  5
39
330
17
100
AcDbEntity
  8
0
100
AcDbPolyline
 90
69
 70
1
 10
30.715663033359633
 20
19.397270580019686
 10
30.725707624912403
 20
19.41402896858672
 10
30.73734645833524
 20
19.429722118792498
 10
30.75046744529986
 20
19.444198897021778
 10
30.76494422352914
 20
19.457319883986408
 10
30.78063737373492
 20
19.46895871740925
 10
30.79739576230196
 20
19.479003308962014
 10
30.81505799678729
 20
19.48735692373711
 10
30.83345398021767
 20
19.493939111857706
 10
30.852406549216383
 20
19.498686483254012
 10
30.87173318018347
 20
19.501553318144296
 10
30.891247747097665
 20
19.502512007341416
 10
31.94919985252089
 20
19.502512007341416
 10
31.968714419435088
 20
19.501553318144296
 10
31.988041050402174
 20
19.498686483254012
 10
32.00699361940089
 20
19.493939111857706
 10
32.02538960283127
 20
19.48735692373711
 10
32.0430518373166
 20
19.479003308962014
 10
32.05981022588365
 20
19.46895871740925
 10
32.075503376089415
 20
19.457319883986408
 10
32.089980154318695
 20
19.444198897021778
 10
32.10310114128332
 20
19.429722118792498
 10
32.11473997470617
 20
19.41402896858672
 10
32.124784566258924
 20
19.397270580019686
 10
32.13313818103403
 20
19.37960834553435
 10
32.13972036915463
 20
19.36121236210397
 10
32.14446774055094
 20
19.34225979310525
 10
32.14733457544122
 20
19.322933162138177
 10
32.148293264638326
 20
19.303418595223974
 10
32.148293264638326
 20
14.196014463631187
 10
32.14733457544122
 20
14.176499896716983
 10
32.14446774055094
 20
14.157173265749904
 10
32.13972036915463
 20
14.138220696751183
 10
32.13313818103403
 20
14.119824713320803
 10
32.124784566258924
 20
14.102162478835467
 10
32.11473997470617
 20
14.085404090268433
 10
32.10310114128332
 20
14.069710940062663
 10
32.089980154318695
 20
14.055234161833383
 10
32.075503376089415
 20
14.042113174868753
 10
32.05981022588365
 20
14.030474341445903
 10
32.0430518373166
 20
14.020429749893147
 10
32.02538960283127
 20
14.01207613511805
 10
32.00699361940089
 20
14.005493946997454
 10
31.988041050402174
 20
14.000746575601141
 10
31.968714419435088
 20
13.997879740710857
 10
31.94919985252089
 20
13.996921051513745
 10
30.891247747097665
 20
13.996921051513745
 10
30.87173318018347
 20
13.997879740710857
 10
30.852406549216383
 20
14.000746575601141
 10
30.83345398021767
 20
14.005493946997454
 10
30.81505799678729
 20
14.01207613511805
 10
30.79739576230196
 20
14.020429749893147
 10
30.78063737373492
 20
14.030474341445903
 10
30.76494422352914
 20
14.042113174868753
 10
30.75046744529986
 20
14.055234161833383
 10
30.73734645833524
 20
14.069710940062663
 10
30.725707624912403
 20
14.085404090268433
 10
30.715663033359633
 20
14.102162478835467
 10
30.707309418584543
 20
14.119824713320803
 10
30.70072723046394
 20
14.138220696751183
 10
30.695979859067634
 20
14.157173265749904
 10
30.693113024177336
 20
14.176499896716983
 10
30.69215433498023
 20
14.196014463631187
 10
30.69215433498023
 20
19.303418595223974
 10
30.693113024177336
 20
19.322933162138177
 10
30.695979859067634
 20
19.34225979310525
 10
30.70072723046394
 20
19.36121236210397
 10
30.707309418584543
 20
19.37960834553435
 10
30.715663033359633
 20
19.397270580019686
  0
LWPOLYLINE
  5
3A
330
17
100
AcDbEntity
  8
0
100
AcDbPolyline
 90
5
 70
1
 10
31.750106440403457
 20
19.104325183106532
 10
31.090341159215114
 20
19.104325183106532
 10
31.090341159215114
 20
14.395107875748629
 10
31.750106440403457
 20
14.395107875748629
 10
31.750106440403457
 20
19.104325183106532
  0
LWPOLYLINE
  5
3B
330
17
100
AcDbEntity
  8
0
100
AcDbPolyline
 90
101
 70
1
 10
39.22779326389313
 20
14.100365151740746
 10
39.21768191061797
 20
14.08386420165322
 10
39.20601627419843
 20
14.0684229016505
 10
39.19290657722702
 20
14.054187148626362
 10
39.17847668648088
 20
14.041291448881836
 10
39.16286294256841
 20
14.029857647244448
 10
39.146212871717154
 20
14.01999377581918
 10
39.128683791874224
 20
14.011793033248715
 10
39.11044132629023
 20
14.005332904127435
 10
39.09165783863034
 20
14.000674426889404
 10
39.072510804398746
 20
13.997861617087622
 10
39.05318113406405
 20
13.996921051513745
 10
37.995229028641035
 20
13.996921051513745
 10
37.97532764244697
 20
13.997918220415627
 10
37.95562561034711
 20
14.000899738384732
 10
37.93632028948656
 20
14.005835739269607
 10
37.91760506311593
 20
14.012676778676017
 10
37.89966740345268
 20
14.021354329256091
 10
37.88268699375405
 20
14.03178146715343
 10
37.866833928412504
 20
14.043853742727691
 10
37.852267009104025
 20
14.057450226836615
 10
37.83913215405639
 20
14.072434722194863
 10
37.827560936372336
 20
14.088657127675326
 10
37.81766926604918
 20
14.105954941886438
 10
37.809556228897264
 20
14.124154890964263
 10
37.80330309398781
 20
14.143074664273371
 10
37.79897249957291
 20
14.162524740629976
 10
37.796607825632194
 20
14.182310286753804
 10
37.7962327593313
 20
14.202233108931743
 10
37.79785105774535
 20
14.222093638343303
 10
37.80144651022388
 20
14.241692930160575
 10
39.0053651638911
 20
19.349097061753362
 10
39.01061434777175
 20
19.367398033460915
 10
39.01758761324767
 20
19.38511393212444
 10
39.026221191868046
 20
19.402082751089225
 10
39.03643613210937
 20
19.41814931552348
 10
39.04813902136365
 20
19.433166701446325
 10
39.06122284016921
 20
19.44699757930411
 10
39.075567940871935
 20
19.459515469808622
 10
39.0910431417677
 20
19.470605900552698
 10
39.10750692672033
 20
19.48016745282662
 10
39.124808739284774
 20
19.488112689062184
 10
39.142790359501234
 20
19.4943689524234
 10
39.16128735076997
 20
19.498879031231816
 10
39.180130563575375
 20
19.501601682150337
 10
39.19914768230825
 20
19.502512007341416
 10
40.85536923494584
 20
19.502512007341416
 10
40.874386353678716
 20
19.501601682150337
 10
40.89322956648412
 20
19.498879031231816
 10
40.91172655775284
 20
19.4943689524234
 10
40.9297081779693
 20
19.488112689062184
 10
40.94700999053376
 20
19.48016745282662
 10
40.96347377548639
 20
19.470605900552698
 10
40.978948976382156
 20
19.459515469808622
 10
40.99329407708487
 20
19.44699757930411
 10
41.006377895890424
 20
19.433166701446325
 10
41.01808078514472
 20
19.41814931552348
 10
41.02829572538603
 20
19.402082751089225
 10
41.03692930400642
 20
19.385113932124447
 10
41.04390256948233
 20
19.36739803346093
 10
41.04915175336296
 20
19.349097061753362
 10
42.253070407030364
 20
14.241692930160575
 10
42.256665859508914
 20
14.222093638343303
 10
42.25828415792296
 20
14.202233108931757
 10
42.25790909162207
 20
14.182310286753804
 10
42.25554441768135
 20
14.162524740629976
 10
42.25121382326647
 20
14.143074664273378
 10
42.24496068835701
 20
14.124154890964263
 10
42.23684765120508
 20
14.105954941886438
 10
42.226955980881925
 20
14.088657127675326
 10
42.215384763197875
 20
14.072434722194863
 10
42.202249908150236
 20
14.057450226836615
 10
42.18768298884176
 20
14.043853742727691
 10
42.17182992350021
 20
14.03178146715343
 10
42.15484951380158
 20
14.021354329256091
 10
42.13691185413833
 20
14.012676778676017
 10
42.1181966277677
 20
14.005835739269607
 10
42.09889130690715
 20
14.000899738384732
 10
42.07918927480729
 20
13.997918220415627
 10
42.05928788861323
 20
13.996921051513745
 10
40.98672894938754
 20
13.996921051513745
 10
40.967398688669505
 20
13.997861674679989
 10
40.948251080816235
 20
14.000674656170503
 10
40.92946705279398
 20
14.00533341594403
 10
40.91122409607998
 20
14.011793933082693
 10
40.89369458953419
 20
14.019995161748568
 10
40.877044170580575
 20
14.029859608009602
 10
40.861430170088326
 20
14.041294062084745
 10
40.84700012574267
 20
14.054190479089122
 10
40.833890387951755
 20
14.068426999957012
 10
40.82222483146303
 20
14.083869102895932
 10
40.81211368486274
 20
14.100370874491617
 10
40.8036524890192
 20
14.117776388453159
 10
40.796921194310855
 20
14.135921178970477
 10
40.79198340517016
 20
14.154633794762248
 10
40.57743342834799
 20
15.164348068120127
 10
39.46252067456193
 20
15.164348068120127
 10
39.247924952038105
 20
14.15462567155587
 10
39.24298656142628
 20
14.135913827258435
 10
39.23625479705271
 20
14.117769842931239
 10
39.22779326389313
 20
14.100365151740746
  0
LWPOLYLINE
  5
3C
330
17
100
AcDbEntity
  8
0
100
AcDbPolyline
 90
37
 70
1
 10
39.10654991117052
 20
15.404830272312878
 10
39.111488301782344
 20
15.423542116610314
 10
39.118220066155914
 20
15.44168610093751
 10
39.12668159931549
 20
15.459090792128002
 10
39.13679295259065
 20
15.475591742215528
 10
39.14845858901019
 20
15.491033042218248
 10
39.1615682859816
 20
15.505268795242387
 10
39.17599817672776
 20
15.51816449498692
 10
39.19161192064021
 20
15.5295982966243
 10
39.20826199149148
 20
15.539462168049567
 10
39.2257910713344
 20
15.54766291062004
 10
39.244033536918394
 20
15.55412303974132
 10
39.26281702457828
 20
15.558781516979352
 10
39.281964058809876
 20
15.561594326781126
 10
39.301293729144575
 20
15.56253489235501
 10
40.738667249198315
 20
15.56253489235501
 10
40.75799750991635
 20
15.56159426918876
 10
40.77714511776962
 20
15.558781287698245
 10
40.795929145791874
 20
15.554122527924726
 10
40.81417210250588
 20
15.547662010786055
 10
40.83170160905165
 20
15.539460782120187
 10
40.84835202800528
 20
15.529596335859154
 10
40.86396602849753
 20
15.518161881784003
 10
40.878396072843174
 20
15.505265464779626
 10
40.89150581063409
 20
15.491028943911743
 10
40.90317136712282
 20
15.475586840972817
 10
40.913282513723104
 20
15.459085069377139
 10
40.921743709566655
 20
15.44167955541559
 10
40.928475004275
 20
15.423534764898271
 10
40.933412793415684
 20
15.4048221491065
 10
41.14796277023787
 20
14.395107875748629
 10
41.80780767817811
 20
14.395107875748629
 10
40.697749728106814
 20
19.104325183106532
 10
39.35676718914729
 20
19.104325183106532
 10
38.24670923907617
 20
14.395107875748629
 10
38.89195418864669
 20
14.395107875748629
 10
39.10654991117052
 20
15.404830272312878
  0
LWPOLYLINE
  5
3D
330
17
100
AcDbEntity
  8
0
100
AcDbPolyline
 90
69
 70
1
 10
39.29384802311421
 20
15.932652148675572
 10
39.27694193428039
 20
15.942949353781273
 10
39.2611419580558
 20
15.95487449629396
 10
39.246604287089454
 20
15.968309688719835
 10
39.233472635353294
 20
15.983122115777064
 10
39.22187681743952
 20
15.999165347357895
 10
39.21193146526225
 20
16.016280786081936
 10
39.203734894849376
 20
16.034299235130398
 10
39.19736813442691
 20
16.053042570862573
 10
39.19289412340457
 20
16.072325503679387
 10
39.190357090180115
 20
16.091957409727037
 10
39.189782114914095
 20
16.111744215333026
 10
39.19117488159668
 20
16.13149031554582
 10
39.19452162185793
 20
16.151000507812157
 10
39.74174349310009
 20
18.60250563188113
 10
39.74682740659385
 20
18.62102819309697
 10
39.75367254953284
 20
18.638974654267663
 10
39.76221521091715
 20
18.656177979146293
 10
39.772375880135556
 20
18.67247804820873
 10
39.7840599870087
 20
18.687723148962206
 10
39.797158781998576
 20
18.701771388005575
 10
39.811550348392274
 20
18.714492011698688
 10
39.827100737038776
 20
18.725766623148715
 10
39.84366521307737
 20
18.73549028418627
 10
39.86108960305384
 20
18.74357249207486
 10
39.87921172988608
 20
18.74993802186293
 10
39.89786292232334
 20
18.75452762653817
 10
39.91686958484972
 20
18.757298588467712
 10
39.936054813420185
 20
18.75822511699139
 10
40.08929933112006
 20
18.75822511699139
 10
40.10852489264509
 20
18.757294679550384
 10
40.12757075779466
 20
18.754512063786642
 10
40.1462589097691
 20
18.749903278093562
 10
40.16441467522171
 20
18.74351139960484
 10
40.181868356885545
 20
18.735396171563607
 10
40.19845681969025
 20
18.725633444917747
 10
40.21402501554334
 20
18.714314469360566
 10
40.228427432524995
 20
18.7015450404434
 10
40.24152945495051
 20
18.687444510731865
 10
40.2532086215883
 20
18.672144674248074
 10
40.26335577027376
 20
18.655788534625906
 10
40.27187605821966
 20
18.638528968492793
 10
40.278689848487474
 20
18.62052729657126
 10
40.28373345433326
 20
18.601951775855632
 10
40.823626461228386
 20
16.150446651786652
 10
40.826913903629915
 20
16.130958302546418
 10
40.828252956115506
 20
16.111240037610237
 10
40.82763042338014
 20
16.09148616491028
 10
40.82505243999243
 20
16.07189134326513
 10
40.82054440994317
 20
16.052648664170782
 10
40.81415075630912
 20
16.03394774903648
 10
40.8059344834987
 20
16.01597288061533
 10
40.79597655639317
 20
15.998901187043408
 10
40.7843751025018
 20
15.982900896381693
 10
40.77124444499263
 20
15.96812967886148
 10
40.756713976127955
 20
15.954733093168642
 10
40.74092688220574
 20
15.942843152077778
 10
40.724038732571756
 20
15.932577021570502
 10
40.70621594660639
 20
15.92403586625722
 10
40.68763415379317
 20
15.917303852479805
 10
40.668476463028824
 20
15.91244731891868
 10
40.64893165822967
 20
15.909514122877574
 10
40.62919233801519
 20
15.908533168687534
 10
39.38883294217803
 20
15.908533168687534
 10
39.369062260441694
 20
15.909517250150799
 10
39.34948702426236
 20
15.91245976627971
 10
39.33030074709542
 20
15.917331628461575
 10
39.311693097293116
 20
15.924084675291013
 10
39.29384802311421
 20
15.932652148675572
  0
LWPOLYLINE
  5
3E
330
17
100
AcDbEntity
  8
0
100
AcDbPolyline
 90
4
 70
1
 10
40.01188324626476
 20
17.98496502080564
 10
39.63726751507802
 20
16.30671999292241
 10
40.38148180248021
 20
16.30671999292241
 10
40.01188324626476
 20
17.98496502080564
  0
LWPOLYLINE
  5
3F
330
17
100
AcDbEntity
  8
0
100
AcDbPolyline
 90
81
 70
1
 10
30.384850653217697
 20
26.375559138235026
 10
30.37960108222491
 20
26.35823563381662
 10
30.37279979619929
 20
26.341460524000553
 10
30.364503016724456
 20
26.325372477155497
 10
30.35477932760618
 20
26.31010448217009
 10
30.343709107937272
 20
26.295782749124648
 10
30.203158575146915
 20
26.130100291278573
 10
30.190422110348862
 20
26.116440539234738
 10
30.17646171415447
 20
26.10403434322039
 10
30.161400234640254
 20
26.09299087473017
 10
30.145370209147117
 20
26.083407313589333
 10
29.93690589598863
 20
25.971701106558193
 10
29.916899521360023
 20
25.962369170861052
 10
29.89598298528604
 20
25.955309527222596
 10
29.874413450532302
 20
25.95060897192098
 10
29.619133463681095
 20
25.90964728705501
 10
29.598144586376733
 20
25.907412656877966
 10
29.57703708670182
 20
25.907412656877966
 10
29.55604820939746
 20
25.90964728705501
 10
29.300768222546267
 20
25.95060897192098
 10
29.27919868779253
 20
25.955309527222596
 10
29.258282151718547
 20
25.962369170861052
 10
29.238275777089925
 20
25.971701106558193
 10
29.029811463931452
 20
26.083407313589333
 10
29.013781438438315
 20
26.09299087473017
 10
28.9987199589241
 20
26.10403434322039
 10
28.984759562729693
 20
26.116440539234738
 10
28.97202309793164
 20
26.130100291278573
 10
28.831472565141297
 20
26.295782749124648
 10
28.820402345472374
 20
26.31010448217009
 10
28.810678656354114
 20
26.325372477155497
 10
28.802381876879267
 20
26.341460524000553
 10
28.79558059085366
 20
26.35823563381662
 10
28.790331019860872
 20
26.375559138235026
 10
28.738792374114
 20
26.578449575545847
 10
28.734877478571832
 20
26.597861197438966
 10
28.732910300230245
 20
26.61756570659297
 10
28.732910300230245
 20
26.63736816784474
 10
28.734877478571832
 20
26.657072676998744
 10
28.738792374114
 20
26.676484298891864
 10
28.790331019860872
 20
26.879374736202685
 10
28.79558059085366
 20
26.89669824062109
 10
28.802381876879267
 20
26.913473350437158
 10
28.810678656354114
 20
26.929561397282214
 10
28.820402345472374
 20
26.94482939226763
 10
28.831472565141297
 20
26.95915112531307
 10
28.97202309793164
 20
27.124833583159145
 10
28.984759562729693
 20
27.13849333520298
 10
28.9987199589241
 20
27.15089953121732
 10
29.013781438438315
 20
27.16194299970754
 10
29.029811463931452
 20
27.171526560848378
 10
29.238275777089925
 20
27.283232767879518
 10
29.258282151718547
 20
27.292564703576666
 10
29.27919868779253
 20
27.299624347215115
 10
29.300768222546267
 20
27.304324902516733
 10
29.55604820939746
 20
27.34528658738271
 10
29.57703708670182
 20
27.347521217559745
 10
29.598144586376733
 20
27.347521217559745
 10
29.619133463681095
 20
27.34528658738271
 10
29.874413450532302
 20
27.304324902516733
 10
29.89598298528604
 20
27.299624347215115
 10
29.916899521360023
 20
27.292564703576666
 10
29.93690589598863
 20
27.283232767879518
 10
30.145370209147117
 20
27.171526560848378
 10
30.161400234640254
 20
27.16194299970754
 10
30.17646171415447
 20
27.15089953121732
 10
30.190422110348862
 20
27.13849333520298
 10
30.203158575146915
 20
27.124833583159145
 10
30.343709107937272
 20
26.95915112531307
 10
30.35477932760618
 20
26.94482939226763
 10
30.364503016724456
 20
26.929561397282214
 10
30.37279979619929
 20
26.913473350437158
 10
30.37960108222491
 20
26.89669824062109
 10
30.384850653217697
 20
26.879374736202685
 10
30.43638929896457
 20
26.676484298891864
 10
30.440304194506737
 20
26.657072676998744
 10
30.442271372848325
 20
26.63736816784474
 10
30.442271372848325
 20
26.61756570659297
 10
30.440304194506737
 20
26.597861197438966
 10
30.43638929896457
 20
26.578449575545847
 10
30.384850653217697
 20
26.375559138235026
  0
LWPOLYLINE
  5
40
330
17
100
AcDbEntity
  8
0
100
AcDbPolyline
 90
17
 70
1
 10
29.25120971258636
 20
26.838412064837478
 10
29.164919457963293
 20
26.736692198037396
 10
29.137173832794616
 20
26.627466937218855
 10
29.164919457963293
 20
26.518241676400315
 10
29.25120971258636
 20
26.416521809600233
 10
29.396871025774715
 20
26.338468772315736
 10
29.587590836539277
 20
26.307866276277572
 10
29.77831064730384
 20
26.338468772315736
 10
29.923971960492196
 20
26.416521809600233
 10
30.010262215115276
 20
26.518241676400315
 10
30.038007840283953
 20
26.627466937218855
 10
30.010262215115276
 20
26.736692198037396
 10
29.923971960492196
 20
26.838412064837478
 10
29.77831064730384
 20
26.916465102121975
 10
29.587590836539277
 20
26.94706759816014
 10
29.396871025774715
 20
26.916465102121975
 10
29.25120971258636
 20
26.838412064837478
  0
LWPOLYLINE
  5
41
330
17
100
AcDbEntity
  8
0
100
AcDbPolyline
 90
242
 70
1
 10
32.23111588220493
 20
25.473299988987335
 10
32.21448815664142
 20
25.467567604813276
 10
32.197419403360996
 20
25.463325064632407
 10
32.1800428291002
 20
25.460605477771637
 10
31.9060522373386
 20
25.430049104042034
 10
31.88443489639168
 20
25.428822932171528
 10
31.86281223980363
 20
25.429951492823612
 10
31.57462558052093
 20
25.460774412660143
 10
31.55353925274393
 20
25.46418203632929
 10
31.53293934256763
 20
25.46982905491592
 10
31.25679422134212
 20
25.561715983172554
 10
31.241331705274703
 20
25.567585101163644
 10
31.226409674957353
 20
25.57471734907974
 10
31.212131104619232
 20
25.583063508569467
 10
30.974265127029113
 20
25.735699160100182
 10
30.95717553401974
 20
25.747987401973674
 10
30.941478791125178
 20
25.762011215294926
 10
30.927350348390206
 20
25.777613849157582
 10
30.754001120013726
 20
25.990682938816356
 10
30.74252076002321
 20
26.00628725452225
 10
30.732611304667188
 20
26.02293345615231
 10
30.72436657641451
 20
26.040463937896988
 10
30.717864636140504
 20
26.058712721605346
 10
30.63526976255592
 20
26.331899964246134
 10
30.6306665032333
 20
26.350222779634358
 10
30.627820684094317
 20
26.36889941941699
 10
30.626757929851323
 20
26.38776171285022
 10
30.6274878099008
 20
26.406639817502324
 10
30.655065928875132
 20
26.726125395276206
 10
30.657376063587435
 20
26.743706105856404
 10
30.661241272039035
 20
26.761011546345436
 10
30.666630894615423
 20
26.77790444649247
 10
30.673502179741263
 20
26.794250808400037
 10
30.80873533362832
 20
27.079667611134973
 10
30.8188590223383
 20
27.098379447680593
 10
30.83092158176855
 20
27.11590418904811
 10
30.844785271547536
 20
27.132041723113716
 10
31.072818556754427
 20
27.370427556942154
 10
31.08625810031404
 20
27.383225919282104
 10
31.100830961176527
 20
27.394717269766602
 10
31.116410514575563
 20
27.404801759122137
 10
31.42238902750934
 20
27.583194430176547
 10
31.43702771420554
 20
27.59093212415049
 10
31.452258734698418
 20
27.59742666577936
 10
31.46797674150693
 20
27.60263313465866
 10
31.83704557857473
 20
27.708070449071464
 10
31.85952364153347
 20
27.71310617822953
 10
31.882432912923832
 20
27.715511831341246
 10
32.29973717053271
 20
27.73503159524492
 10
32.32172922755292
 20
27.734844243937715
 10
32.34356644116973
 20
27.73223239134885
 10
32.79425121572682
 20
27.652872410875844
 10
32.81486503273484
 20
27.648100938663802
 10
32.83485606139867
 20
27.641168754904463
 10
33.30406644931104
 20
27.4499668361872
 10
33.32070201089539
 20
27.442277034731006
 10
34.256163562920406
 20
26.95641007021778
 10
35.15578809041587
 20
26.53130943398763
 10
35.58174264465448
 20
26.355905375301084
 10
35.990031462687654
 20
26.21105633191879
 10
36.37565750247222
 20
26.102292846180575
 10
36.73421473436852
 20
26.03428062743454
 10
37.05746795539264
 20
26.01213003415272
 10
37.33826354776782
 20
26.03386911083195
 10
37.573335611783875
 20
26.09265521503397
 10
37.75930825216021
 20
26.180688668645615
 10
37.89514305882706
 20
26.28960235109014
 10
37.983538539354285
 20
26.41293876772408
 10
38.02901349892885
 20
26.55028592776214
 10
38.0314240773574
 20
26.70915790117113
 10
37.99442154103217
 20
26.857550048053376
 10
37.9298709808853
 20
26.978735190634765
 10
37.84263768087561
 20
27.076819621663873
 10
37.74238045731815
 20
27.14990684150313
 10
37.48432544061008
 20
27.247790432717537
 10
37.24555668807507
 20
27.260737815640503
 10
37.01899523072558
 20
27.19525288563169
 10
36.8599850328019
 20
27.071341553692697
 10
36.74777762599045
 20
26.892636494230707
 10
36.674471564848034
 20
26.646023839522137
 10
36.66812525267537
 20
26.627918232681665
 10
36.66006568668861
 20
26.610507544201297
 10
36.65036770974078
 20
26.59395345345689
 10
36.63912137931935
 20
26.578409685274536
 10
36.626431131253185
 20
26.56402058240903
 10
36.61241480989918
 20
26.550919765146133
 10
36.59720257381426
 20
26.539228890476053
 10
36.580935687075254
 20
26.529056522360627
 10
36.563765207470524
 20
26.520497123585145
 10
36.545850583744866
 20
26.513630178556745
 10
36.52735817492457
 20
26.508519455195163
 10
36.50845970547188
 20
26.505212412770305
 10
36.48933067061479
 20
26.503739761185194
 10
36.47014870666102
 20
26.504115175797317
 10
36.45109194142917
 20
26.506335170426325
 10
36.43233734011572
 20
26.51037912972742
 10
36.414059061958454
 20
26.5162095006299
 10
36.396426842956444
 20
26.523772141062963
 10
36.3796044196653
 20
26.53299682273056
 10
36.36374800870456
 20
26.543797883266386
 10
36.349004856096656
 20
26.556075021712907
 10
36.335511869908984
 20
26.56971422993751
 10
36.17808239291429
 20
26.744990621366107
 10
36.16544741258001
 20
26.760570188161772
 10
36.15444423990988
 20
26.77734206404908
 10
36.14518456766439
 20
26.795135998394656
 10
36.04895270508446
 20
27.00528413261634
 10
36.04184405951514
 20
27.023007276214727
 10
36.03646603273512
 20
27.04132992582641
 10
36.03286809870259
 20
27.060083526321698
 10
36.00030010866202
 20
27.288585209380436
 10
35.99852018644006
 20
27.307492264636778
 10
35.99854977071982
 20
27.32648289354561
 10
36.000388592331106
 20
27.3453843113936
 10
36.03395073295452
 20
27.575721349333335
 10
36.037764062633755
 20
27.59509885269277
 10
36.04347842520633
 20
27.61400322203103
 10
36.05103759287806
 20
27.63224844342728
 10
36.153196122290055
 20
27.84790264229197
 10
36.16300304986001
 20
27.866098414074465
 10
36.17464370066587
 20
27.883179315336932
 10
36.18799259956758
 20
27.898961230215505
 10
36.36121377589279
 20
28.083414396049108
 10
36.37608528922017
 20
28.097691106555907
 10
36.392353383529326
 20
28.11035347122806
 10
36.409843638168326
 20
28.121265728749044
 10
36.65659371953133
 20
28.2579996675955
 10
36.673551176221935
 20
28.266369687026625
 10
36.69122625758958
 20
28.27309308358931
 10
36.70945950045838
 20
28.278109199335425
 10
37.0322047449838
 20
28.35060571723868
 10
37.05404803165939
 20
28.354249960759148
 10
37.07616091658576
 20
28.355445788448534
 10
37.44243339093384
 20
28.35485312175075
 10
37.46064532191127
 20
28.353988813957912
 10
37.4787018187527
 20
28.351462080947897
 10
37.84445992658111
 20
28.28307599322266
 10
37.861342697728304
 20
28.279151846211967
 10
37.877820182097636
 20
28.273774170112695
 10
38.22816968702749
 20
28.142297758250876
 10
38.244319033289784
 20
28.135410548916425
 10
38.25979884607331
 20
28.127127407404686
 10
38.57984551172572
 20
27.937263768297193
 10
38.59560230891337
 20
27.926876188534145
 10
38.61030474809698
 20
27.9150433210457
 10
38.885154338093045
 20
27.671495551583426
 10
38.900207598365
 20
27.656657539914498
 10
38.913602959739876
 20
27.640307263808594
 10
39.128361237700645
 20
27.34777846088243
 10
39.14130739183916
 20
27.32772653697716
 10
39.15176094130658
 20
27.306269466748162
 10
39.29153367085321
 20
26.96946272724901
 10
39.29748045860687
 20
26.953159753900003
 10
39.301984979441386
 20
26.936400860241505
 10
39.30501301024829
 20
26.9193133720107
 10
39.35490595500188
 20
26.542931792829457
 10
39.356442617080035
 20
26.52546152700451
 10
39.35643589197049
 20
26.507923811272136
 10
39.35488583185658
 20
26.490454729098765
 10
39.307897572427976
 20
26.138060304347945
 10
39.304628938217505
 20
26.119968856398174
 10
39.29970545043746
 20
26.102256043899843
 10
39.293169090381355
 20
26.08507289937569
 10
39.153958637571336
 20
25.7644946285913
 10
39.145790459729994
 20
25.747851757921936
 10
39.136109618104825
 20
25.73204082566628
 10
39.1250000556536
 20
25.717198929038588
 10
38.89616648257808
 20
25.43944817168454
 10
38.884399746221206
 20
25.426386721693618
 10
38.87152667529831
 20
25.414414186232356
 10
38.85764764069464
 20
25.403623914742383
 10
38.54179002046948
 20
25.179712030282587
 10
38.52165508912674
 20
25.16717058190337
 10
38.50017145425808
 20
25.157112907199142
 10
38.09988885999917
 20
24.998051255097508
 10
38.080346613932235
 20
24.991435993142375
 10
38.06022469431959
 20
24.98687864488072
 10
37.5781161991428
 20
24.903678584601145
 10
37.56060006820496
 20
24.901450305194253
 10
37.54295539678955
 20
24.900782740374574
 10
36.98162007381079
 20
24.904455631380984
 10
36.958756848043336
 20
24.905923435779258
 10
36.64919133647693
 20
24.943778287847167
 10
36.63544393012259
 20
24.945949464929036
 10
36.30704636402413
 20
25.0096518146174
 10
36.294776204431486
 20
25.0124369704613
 10
35.66510927850878
 20
25.17644632220638
 10
35.653153459733446
 20
25.179963517436406
 10
35.10829522407592
 20
25.358961600730353
 10
35.096858173613725
 20
25.363110200258483
 10
34.626790649479275
 20
25.55006148804639
 10
34.616637825247324
 20
25.554429546547354
 10
34.21134303389387
 20
25.742298511774358
 10
34.20343019757932
 20
25.74618145300507
 10
33.85289016026472
 20
25.927932568616292
 10
33.848407656312915
 20
25.93032979413232
 10
33.54286314330673
 20
26.098784877634735
 10
33.27586169571056
 20
26.24495840982423
 10
33.043037864036734
 20
26.35947338534551
 10
32.61466830567113
 20
26.515454602683036
 10
32.254195261647126
 20
26.581394553781273
 10
32.12330700864118
 20
26.581193218809297
 10
32.02338939653471
 20
26.5633386194245
 10
31.964030959275263
 20
26.536579708236445
 10
31.93772763741812
 20
26.511500121279667
 10
31.928812367769993
 20
26.490414187394315
 10
31.929358682666802
 20
26.458823527771536
 10
31.95028530981409
 20
26.404366952563315
 10
32.00338336131213
 20
26.333744333261592
 10
32.092734099426565
 20
26.258711842022194
 10
32.21845684442454
 20
26.189716760337248
 10
32.37957021271555
 20
26.135525785054618
 10
32.59014697599352
 20
26.10153294909552
 10
32.609070358305644
 20
26.097526408599244
 10
32.62751563629985
 20
26.091702450787274
 10
32.64530870410361
 20
26.084116048279526
 10
32.66228161208804
 20
26.074838809496782
 10
32.6782741521524
 20
26.063958302745306
 10
32.69313536993634
 20
26.05157722965542
 10
32.7067249896853
 20
26.03781245577577
 10
32.71891473832015
 20
26.022793907473798
 10
32.72958955621303
 20
26.00666334555448
 10
32.73864868324071
 20
25.989573027173144
 10
32.746006609864395
 20
25.971684268672902
 10
32.75159388425817
 20
25.9531659229118
 10
32.755357767868446
 20
25.934192785452552
 10
32.75726273321544
 20
25.914943944658724
 10
32.75729079923899
 20
25.89560109127104
 10
32.755441701022534
 20
25.87634680341963
 10
32.75173289229372
 20
25.85736282326024
 10
32.746199380677794
 20
25.838828341501205
 10
32.73889339725895
 20
25.82091830601373
 10
32.72988390356858
 20
25.80380177049036
 10
32.719255940654094
 20
25.787640298739085
 10
32.7071098263723
 20
25.772586439674626
 10
32.69356020848423
 20
25.758782287401964
 10
32.5266745684995
 20
25.604521471102018
 10
32.51259509692558
 20
25.592665743641454
 10
32.49748090058846
 20
25.582160941763135
 10
32.48146116136739
 20
25.573096850594723
 10
32.46467280086722
 20
25.565550941429095
 10
32.23111588220493
 20
25.473299988987335
  0
LWPOLYLINE
  5
42
330
17
100
AcDbEntity
  8
0
100
AcDbPolyline
 90
164
 70
1
 10
31.698791991145924
 20
26.076266932192766
 10
31.615292903069218
 20
26.18732419593249
 10
31.60491118695232
 20
26.202551753701584
 10
31.595982036433725
 20
26.218674061729857
 10
31.588581965161552
 20
26.235552968397933
 10
31.545059200651906
 20
26.3488106224913
 10
31.539534849898374
 20
26.365304843136393
 10
31.535471306125316
 20
26.3822183104906
 10
31.53289958836004
 20
26.399421915742792
 10
31.531839327788504
 20
26.41678433531662
 10
31.52995617720927
 20
26.525677520027386
 10
31.530679993852402
 20
26.54642605462888
 10
31.533560557597355
 20
26.566986403632555
 10
31.538566545197185
 20
26.587134993826226
 10
31.545643521548314
 20
26.606652729462503
 10
31.587063275262807
 20
26.704616585054445
 10
31.59593971049445
 20
26.722937860269546
 10
31.60664073108245
 20
26.740256878322057
 10
31.619054446251965
 20
26.75639255009672
 10
31.63305105714882
 20
26.771176159646842
 10
31.713844908608053
 20
26.848211160558506
 10
31.730919530678264
 20
26.862746611497975
 10
31.749520369934956
 20
26.87526982321861
 10
31.769411469263417
 20
26.885621935097802
 10
31.882247558071228
 20
26.936488686626625
 10
31.89743245877318
 20
26.94259611813684
 10
31.91306770460075
 20
26.947435644652025
 10
31.92904762977669
 20
26.950974559789664
 10
32.0704846655256
 20
26.97624839848769
 10
32.08777442412186
 20
26.978561674787855
 10
32.10520030541237
 20
26.979352662024112
 10
32.27179699769489
 20
26.979608924443397
 10
32.28993675716724
 20
26.978808845725226
 10
32.30792818624609
 20
26.976359462257676
 10
32.702835378782126
 20
26.90412060446826
 10
32.71916740537441
 20
26.90041704113542
 10
32.73513040656
 20
26.89535403144557
 10
33.18938074034091
 20
26.72994890716582
 10
33.20913168500181
 20
26.721524752350582
 10
33.45551533265247
 20
26.600340347916053
 10
33.46325099253421
 20
26.59632289668123
 10
33.73433545799742
 20
26.447914061466264
 10
33.73485337830063
 20
26.447629519220165
 10
34.038430691101
 20
26.280259007231322
 10
34.38280074216526
 20
26.101706960955802
 10
34.77908036272784
 20
25.91801685724875
 10
35.23835571127344
 20
25.735357742437657
 10
35.77150917192074
 20
25.56020493880566
 10
36.38905206715452
 20
25.399353533479506
 10
36.70443479200789
 20
25.338175794366002
 10
36.99569931606304
 20
25.302558856888226
 10
37.52785153447881
 20
25.299076914781523
 10
37.97209510170211
 20
25.375742420454145
 10
38.33096404390194
 20
25.518347389176192
 10
38.605719254776275
 20
25.713121721320412
 10
38.79987540214482
 20
25.948782145845463
 10
38.91687363054376
 20
26.218209397807314
 10
38.956693818285686
 20
26.51684595773576
 10
38.9137206197565
 20
26.84102646872308
 10
38.79318405306678
 20
27.131480322982533
 10
38.60518896622294
 20
27.387554166713365
 10
38.3603991649681
 20
27.604465569359398
 10
38.071782594096476
 20
27.775683702004855
 10
37.7541925789767
 20
27.89486638970252
 10
37.423499109064096
 20
27.956696413862147
 10
37.097765133136676
 20
27.957223485082032
 10
36.824603310059516
 20
27.895864622842808
 10
36.6301228795124
 20
27.788095356261934
 10
36.49966021028753
 20
27.6491732402012
 10
36.42367179950372
 20
27.48876353241755
 10
36.39855172611455
 20
27.31636441871943
 10
36.422999704156254
 20
27.1448339029291
 10
36.42846469815257
 20
27.132899619822986
 10
36.541379971672896
 20
27.312732050159134
 10
36.55122123707794
 20
27.326988294122515
 10
36.56226451214235
 20
27.340335094209735
 10
36.57442619093723
 20
27.352671405068563
 10
36.58761420037325
 20
27.363903831513092
 10
36.80449196917276
 20
27.532909427071203
 10
36.819965483993016
 20
27.543825700123797
 10
36.83640612369864
 20
27.55322251045076
 10
36.85366515479832
 20
27.561014847953174
 10
36.87158644006146
 20
27.567132217712178
 10
37.16738446886899
 20
27.65262916604494
 10
37.18907775902575
 20
27.657604415627425
 10
37.211190810365665
 20
27.660127292293303
 10
37.23344727969757
 20
27.660166268064913
 10
37.53678350428319
 20
27.643717674132844
 10
37.55712568373008
 20
27.64156217326719
 10
37.57713931276578
 20
27.637330731260953
 10
37.596613112501544
 20
27.63106801839176
 10
37.90863556680104
 20
27.51271388307604
 10
37.9249242324541
 20
27.505690232158912
 10
37.94052308902103
 20
27.49724464308722
 10
37.95530831105684
 20
27.487444157879096
 10
38.09447994775671
 20
27.385988445802198
 10
38.11098797540389
 20
27.372545576478934
 10
38.12596623334423
 20
27.35741687853379
 10
38.243193115561496
 20
27.2256079014308
 10
38.2578190772813
 20
27.207053163556374
 10
38.27014406456563
 20
27.186896483714214
 10
38.35738742166322
 20
27.023108615025038
 10
38.36751000771196
 20
27.000929706000925
 10
38.37484590657084
 20
26.97767985994237
 10
38.42406696791177
 20
26.780287473106966
 10
38.427506712307775
 20
26.763415355536246
 10
38.42947572197748
 20
26.746309122936665
 10
38.42995926840284
 20
26.729096732757363
 10
38.42669093837162
 20
26.513693642918156
 10
38.42535984024353
 20
26.493534070415926
 10
38.421992490923046
 20
26.47361319834031
 10
38.41662356619595
 20
26.454136164865616
 10
38.35201941674518
 20
26.25901347455978
 10
38.34477062174386
 20
26.24032923748026
 10
38.33568014679891
 20
26.22246841416524
 10
38.32484010385774
 20
26.205611984731682
 10
38.20285421713322
 20
26.035407557324547
 10
38.19164051612903
 20
26.021176514157965
 10
38.17917951454591
 20
26.008023829285044
 10
38.1655744100661
 20
25.996058428668498
 10
37.99016086821365
 20
25.855410127525424
 10
37.97120036067513
 20
25.841948005108115
 10
37.95079952182664
 20
25.830788463882122
 10
37.72591240699205
 20
25.724334152368435
 10
37.70779699547177
 20
25.716827309030094
 10
37.689030980174365
 20
25.71113894359584
 10
37.418624374503466
 20
25.64351648507691
 10
37.40226998393649
 20
25.640148391026955
 10
37.38569088319575
 20
25.63816254939824
 10
37.073718868834334
 20
25.614009807239384
 10
37.044740374214385
 20
25.61388159919965
 10
36.69515703330826
 20
25.637836436766257
 10
36.671664725909295
 20
25.640858466431254
 10
36.29289336172839
 20
25.712704962844576
 10
36.27595179577459
 20
25.71669280223969
 10
35.875615011708575
 20
25.8296053641833
 10
35.86309212056052
 20
25.833587964421163
 10
35.44394294893522
 20
25.98228994660348
 10
35.434701621149074
 20
25.98582946132167
 10
34.99949309429017
 20
26.165044218451094
 10
34.99024232609385
 20
26.169131392354807
 10
34.08265933597835
 20
26.597992650288553
 10
34.07595186506724
 20
26.601317817933428
 10
33.14530847011268
 20
27.0846822922638
 10
32.70427088157071
 20
27.264403874155562
 10
32.296272403358756
 20
27.33624732903096
 10
31.924164428179083
 20
27.318841659930435
 10
31.6013696227583
 20
27.226624127666334
 10
31.341181599086937
 20
27.074928389053653
 10
31.1547852945602
 20
26.880069825152177
 10
31.04869389594859
 20
26.65615825525201
 10
31.027489716784302
 20
26.41051316836903
 10
31.087651168913695
 20
26.211525743275836
 10
31.2161209259491
 20
26.05361944950932
 10
31.40618203098464
 20
25.93165959256946
 10
31.638302961933434
 20
25.854421656102225
 10
31.88353334662108
 20
25.82819311204844
 10
32.0215271054315
 20
25.84358265093536
 10
31.88395260906273
 20
25.91908182664045
 10
31.867285314210832
 20
25.929325015375092
 10
31.851703782280026
 20
25.94115453336282
 10
31.729891660999556
 20
26.043446547012685
 10
31.713407102916705
 20
26.05897102234507
 10
31.698791991145924
 20
26.076266932192766
  0
LWPOLYLINE
  5
43
330
17
100
AcDbEntity
  8
0
100
AcDbPolyline
 90
69
 70
1
 10
20.681492587378784
 20
34.470367670802744
 10
20.69153717893154
 20
34.487126059369785
 10
20.703176012354376
 20
34.50281920957556
 10
20.716296999319013
 20
34.51729598780484
 10
20.730773777548293
 20
34.530416974769466
 10
20.74646692775407
 20
34.542055808192316
 10
20.763225316321098
 20
34.55210039974507
 10
20.78088755080644
 20
34.560454014520175
 10
20.79928353423682
 20
34.567036202640764
 10
20.818236103235535
 20
34.57178357403707
 10
20.83756273420262
 20
34.574650408927354
 10
20.857077301116817
 20
34.575609098124474
 10
25.536006693889973
 20
34.575609098124474
 10
25.555521260804184
 20
34.574650408927354
 10
25.57484789177127
 20
34.57178357403707
 10
25.59380046076997
 20
34.567036202640764
 10
25.612196444200364
 20
34.560454014520175
 10
25.62985867868568
 20
34.55210039974507
 10
25.646617067252734
 20
34.542055808192316
 10
25.662310217458497
 20
34.530416974769466
 10
25.676786995687777
 20
34.51729598780484
 10
25.6899079826524
 20
34.50281920957556
 10
25.70154681607525
 20
34.487126059369785
 10
25.71159140762802
 20
34.470367670802744
 10
25.71994502240311
 20
34.452705436317416
 10
25.726527210523713
 20
34.434309452887035
 10
25.73127458192002
 20
34.41535688388831
 10
25.734141416810317
 20
34.396030252921236
 10
25.735100106007422
 20
34.37651568600704
 10
25.735100106007422
 20
33.77941675012785
 10
25.734141416810317
 20
33.759902183213654
 10
25.73127458192002
 20
33.74057555224657
 10
25.726527210523713
 20
33.721622983247855
 10
25.71994502240311
 20
33.703226999817474
 10
25.71159140762802
 20
33.68556476533213
 10
25.70154681607525
 20
33.668806376765104
 10
25.6899079826524
 20
33.65311322655933
 10
25.676786995687777
 20
33.63863644833005
 10
25.662310217458497
 20
33.62551546136541
 10
25.646617067252734
 20
33.613876627942574
 10
25.62985867868568
 20
33.60383203638982
 10
25.612196444200364
 20
33.595478421614715
 10
25.59380046076997
 20
33.588896233494125
 10
25.57484789177127
 20
33.584148862097805
 10
25.555521260804184
 20
33.58128202720752
 10
25.536006693889973
 20
33.580323338010416
 10
20.857077301116817
 20
33.580323338010416
 10
20.83756273420262
 20
33.58128202720752
 10
20.818236103235535
 20
33.584148862097805
 10
20.79928353423682
 20
33.588896233494125
 10
20.78088755080644
 20
33.595478421614715
 10
20.763225316321098
 20
33.60383203638982
 10
20.74646692775407
 20
33.613876627942574
 10
20.730773777548293
 20
33.62551546136541
 10
20.716296999319013
 20
33.63863644833005
 10
20.703176012354376
 20
33.65311322655933
 10
20.69153717893154
 20
33.668806376765104
 10
20.681492587378784
 20
33.68556476533213
 10
20.67313897260368
 20
33.703226999817474
 10
20.666556784483078
 20
33.721622983247855
 10
20.66180941308677
 20
33.74057555224657
 10
20.658942578196488
 20
33.759902183213654
 10
20.657983888999382
 20
33.77941675012785
 10
20.657983888999382
 20
34.37651568600704
 10
20.658942578196488
 20
34.396030252921236
 10
20.66180941308677
 20
34.41535688388831
 10
20.666556784483078
 20
34.434309452887035
 10
20.67313897260368
 20
34.452705436317416
 10
20.681492587378784
 20
34.470367670802744
  0
LWPOLYLINE
  5
44
330
17
100
AcDbEntity
  8
0
100
AcDbPolyline
 90
5
 70
1
 10
25.33691328177254
 20
34.17742227388959
 10
21.056170713234252
 20
34.17742227388959
 10
21.056170713234252
 20
33.9785101622453
 10
25.33691328177254
 20
33.9785101622453
 10
25.33691328177254
 20
34.17742227388959
  0
LWPOLYLINE
  5
45
330
17
100
AcDbEntity
  8
0
100
AcDbPolyline
 90
325
 70
1
 10
30.420168462132622
 20
36.322110044225255
 10
30.40447531192686
 20
36.333748877648105
 10
30.38999853369758
 20
36.34686986461274
 10
30.376877546732956
 20
36.36134664284202
 10
30.365238713310106
 20
36.377039793047786
 10
30.355194121757336
 20
36.39379818161483
 10
30.346840506982247
 20
36.411460416100155
 10
30.340258318861643
 20
36.429856399530536
 10
30.335510947465337
 20
36.44880896852926
 10
30.33264411257504
 20
36.468135599496335
 10
30.331685423377934
 20
36.487650166410546
 10
30.331685423377934
 20
37.18123667187467
 10
30.33264411257504
 20
37.20075123878888
 10
30.335510947465337
 20
37.220077869755954
 10
30.340258318861643
 20
37.23903043875468
 10
30.346840506982247
 20
37.25742642218506
 10
30.355194121757336
 20
37.27508865667039
 10
30.365238713310106
 20
37.29184704523743
 10
30.376877546732956
 20
37.30754019544321
 10
30.38999853369758
 20
37.32201697367249
 10
30.40447531192686
 20
37.33513796063711
 10
30.420168462132622
 20
37.34677679405996
 10
30.436926850699678
 20
37.35682138561272
 10
30.454589085184992
 20
37.36517500038782
 10
30.472985068615372
 20
37.37175718850841
 10
30.491937637614086
 20
37.37650455990472
 10
30.511264268581172
 20
37.379371394795
 10
30.530778835495383
 20
37.38033008399212
 10
32.520548881004814
 20
37.38033008399212
 10
32.54006344791901
 20
37.379371394795
 10
32.559390078886096
 20
37.37650455990472
 10
32.57834264788481
 20
37.37175718850841
 10
32.59673863131519
 20
37.36517500038782
 10
32.61440086580052
 20
37.35682138561272
 10
32.631159254367574
 20
37.34677679405996
 10
32.64685240457334
 20
37.33513796063711
 10
32.66132918280262
 20
37.32201697367249
 10
32.67445016976724
 20
37.30754019544321
 10
32.68608900319008
 20
37.29184704523743
 10
32.69613359474285
 20
37.27508865667039
 10
32.704487209517936
 20
37.25742642218506
 10
32.71106939763854
 20
37.23903043875468
 10
32.715816769034845
 20
37.220077869755954
 10
32.71868360392514
 20
37.20075123878888
 10
32.71964229312225
 20
37.18123667187467
 10
32.71964229312225
 20
33.7922682172908
 10
32.71868360392514
 20
33.772753650376586
 10
32.715816769034845
 20
33.753427019409514
 10
32.71106939763854
 20
33.73447445041079
 10
32.704487209517936
 20
33.716078466980406
 10
32.69613359474285
 20
33.69841623249508
 10
32.68608900319008
 20
33.681657843928036
 10
32.67445016976724
 20
33.66596469372226
 10
32.66132918280262
 20
33.65148791549298
 10
32.64685240457334
 20
33.638366928528356
 10
32.631159254367574
 20
33.626728095105506
 10
32.61440086580052
 20
33.61668350355275
 10
32.59673863131519
 20
33.60832988877765
 10
32.57834264788481
 20
33.60174770065706
 10
32.559390078886096
 20
33.59700032926075
 10
32.54006344791901
 20
33.59413349437047
 10
32.520548881004814
 20
33.59317480517335
 10
31.86288960671382
 20
33.59317480517335
 10
31.84399989646245
 20
33.594072945916366
 10
31.825280614938166
 20
33.59675926484569
 10
31.806900653208118
 20
33.60120952517262
 10
31.789025840892805
 20
33.60738357529124
 10
31.771817450000583
 20
33.61522571103829
 10
31.7554307398825
 20
33.62466517827332
 10
31.740013556435045
 20
33.635616811243935
 10
31.725704998189443
 20
33.647981800977334
 10
31.712634161322157
 20
33.661648586764926
 10
31.700918974909882
 20
33.67649386269704
 10
31.690665136937497
 20
33.692383690166565
 10
31.68196516065852
 20
33.7091747063038
 10
31.67489753991235
 20
33.72671541743999
 10
31.669526040928957
 20
33.74484756592952
 10
31.66589912701039
 20
33.76340755799855
 10
31.65037829173309
 20
33.8693461214844
 10
31.637345257782158
 20
33.858162957571835
 10
31.624723252495244
 20
33.84818889123251
 10
31.554097737087815
 20
33.79687496084597
 10
31.54160123999594
 20
33.788498065559594
 10
31.464678641099823
 20
33.74104490752974
 10
31.452558545334682
 20
33.73414214645429
 10
31.369359176122416
 20
33.69054404770135
 10
31.356712849013718
 20
33.68447500693232
 10
31.266310767370157
 20
33.644945890554624
 10
31.253508144325252
 20
33.63986777650936
 10
31.155214395148235
 20
33.6047637578131
 10
31.14358009907791
 20
33.601007347828215
 10
31.037404838953748
 20
33.57029224397478
 10
31.02691725505707
 20
33.56756531652867
 10
30.912870640572052
 20
33.541202944679455
 10
30.90144486970135
 20
33.5389118598421
 10
30.777594610317195
 20
33.51782742152787
 10
30.766232708718377
 20
33.516228534439634
 10
30.630798862690867
 20
33.50113521245265
 10
30.621014040978494
 20
33.5002884973766
 10
30.47399153001453
 20
33.491212952755845
 10
30.4655289691612
 20
33.49087105685297
 10
30.306912714967652
 20
33.48783995063738
 10
30.29719748770023
 20
33.48789138423689
 10
30.06587531067784
 20
33.49476263224328
 10
30.05265867947118
 20
33.495595846819384
 10
29.839237485753358
 20
33.51619562553245
 10
29.823952433823223
 20
33.518271303858256
 10
29.628457614875686
 20
33.55257866531882
 10
29.610915869586975
 20
33.55648047636005
 10
29.433372816875377
 20
33.60447447260891
 10
29.415572313052948
 20
33.61019583298575
 10
29.254284876669814
 20
33.67052955256632
 10
29.236877211075964
 20
33.67800364308599
 10
29.09037268601186
 20
33.74934329346567
 10
29.072016393898565
 20
33.759511837878364
 10
28.94028970186038
 20
33.84184091460445
 10
28.921648253736706
 20
33.855036636075624
 10
28.80469431643128
 20
33.94833863469543
 10
28.78893589957434
 20
33.962337548001656
 10
28.684807191584028
 20
34.06520377115878
 10
28.672066414149967
 20
34.079038823924506
 10
28.57904901154133
 20
34.19014902120139
 10
28.567566899811055
 20
34.20527549205265
 10
28.48564048941155
 20
34.324623950369485
 10
28.475730397983583
 20
34.34063398736299
 10
28.40487466662067
 20
34.46821499363999
 10
28.39757943632374
 20
34.48271312178633
 10
28.33666954206778
 20
34.61714538029052
 10
28.331359739801755
 20
34.63004929087306
 10
28.27944350268973
 20
34.76995912331111
 10
28.2751543803099
 20
34.78285042092233
 10
28.232226722048694
 20
34.928258775253454
 10
28.228931423249747
 20
34.94094463643599
 10
28.194987265546217
 20
35.091872460619356
 10
28.193056670034977
 20
35.10157718621085
 10
28.166162029586445
 20
35.25684060315909
 10
28.165064762984798
 20
35.263933025405535
 10
28.143451547397774
 20
35.42250050682543
 10
28.142633090755652
 20
35.42940383014087
 10
28.126301300030093
 20
35.59128108911219
 10
28.125739665708437
 20
35.59797775095515
 10
28.1146892998444
 20
35.76317050055766
 10
28.114440108855007
 20
35.76765456818043
 10
28.10703172555172
 20
35.93501712432311
 10
28.106933943856134
 20
35.93760780476279
 10
28.101673678549375
 20
36.1060710809427
 10
28.101610766143338
 20
36.10860140835372
 10
28.09847322736745
 20
36.27816413499758
 10
28.098442850748356
 20
36.280633988844215
 10
28.097402647037654
 20
36.451294896378755
 10
28.097398948896455
 20
36.45250837790908
 10
28.097398948896455
 20
37.24272464516599
 10
28.097411552580027
 20
37.24496483754257
 10
28.100307026049762
 20
37.502278988408534
 10
28.100410796874115
 20
37.50684506172668
 10
28.109100602812077
 20
37.76088625266647
 10
28.109315716745016
 20
37.765564082275546
 10
28.123804933444347
 20
38.01633739158228
 10
28.124139299554685
 20
38.021122627759894
 10
28.144433005308528
 20
38.26863313372672
 10
28.145712141628678
 20
38.280125047691584
 10
28.17939730638227
 20
38.51934259516946
 10
28.18305711581182
 20
38.53848917258743
 10
28.23786290171826
 20
38.76455584520288
 10
28.243817341154838
 20
38.78449950652795
 10
28.319718356748425
 20
38.99741974778745
 10
28.328143732094816
 20
39.017506319556034
 10
28.42511458590988
 20
39.21728457296609
 10
28.43811784263478
 20
39.240105964106476
 10
28.5595728404231
 20
39.4239110812437
 10
28.56834566139125
 20
39.43615410204451
 10
28.578018915783716
 20
39.447698888553006
 10
28.727399447527176
 20
39.612864765521024
 10
28.748241060080076
 20
39.63279525888957
 10
28.92556236065809
 20
39.77931491303529
 10
28.947116695466363
 20
39.794827634261964
 10
29.15239399975836
 20
39.92269408293234
 10
29.165383240369295
 20
39.93012256006945
 10
29.17889370700756
 20
39.936554506543274
 10
29.419670819467058
 20
40.040270285822956
 10
29.43374752581066
 20
40.04571109596165
 10
29.448195916184503
 20
40.050070005464505
 10
29.73222992957689
 20
40.12413934420259
 10
29.75568256444852
 20
40.1287720123687
 10
30.082943009014954
 20
40.17320570193807
 10
30.101776767474945
 20
40.174856951829
 10
30.47223317345663
 20
40.18966578360259
 10
30.48670731348534
 20
40.18971781719807
 10
30.78784925007089
 20
40.17984783709484
 10
30.802947628203
 20
40.17877730031098
 10
31.074061617475095
 20
40.149161012134854
 10
31.092385661948597
 20
40.14629022143566
 10
31.333466625614108
 20
40.096918103387026
 10
31.355503999229498
 20
40.09107240721386
 10
31.566546858995267
 20
40.02193493749307
 10
31.588418172014315
 20
40.01330913024276
 10
31.77337891823332
 20
39.92741900625276
 10
31.793417040727732
 20
39.91668294920143
 10
31.95625166375298
 20
39.81707572066435
 10
31.977237998840394
 20
39.80229875886863
 10
32.11794142037874
 20
39.68898394758406
 10
32.13859986430191
 20
39.669781647941306
 10
32.257167006060214
 20
39.54276877570889
 10
32.27418176863766
 20
39.52186901221408
 10
32.37298503989264
 20
39.382161994108145
 10
32.385724698966456
 20
39.36160416011403
 10
32.4671398945236
 20
39.210426547387044
 10
32.477109920822045
 20
39.18894223043688
 10
32.54113704068135
 20
39.02626736204988
 10
32.54819654400856
 20
39.00484152415578
 10
32.594835588170056
 20
38.8306427390698
 10
32.59838419161727
 20
38.814841885297724
 10
32.63158607214076
 20
38.63262743768759
 10
32.633221741589466
 20
38.6220441053826
 10
32.65693737053482
 20
38.435481369274726
 10
32.657976189131034
 20
38.42517064352741
 10
32.67220556649825
 20
38.23422787958968
 10
32.672697448713464
 20
38.22426460932351
 10
32.677440574502526
 20
38.028910078223845
 10
32.67693330324175
 20
38.00907677274681
 10
32.67445460329739
 20
37.98939242930176
 10
32.67002908879374
 20
37.97005251845256
 10
32.663700706221476
 20
37.951249090459356
 10
32.65553229803774
 20
37.93316886817031
 10
32.64560497862456
 20
37.91599139281607
 10
32.63401732880219
 20
37.89988724111933
 10
32.6208844168965
 20
37.88501633142444
 10
32.606336656080856
 20
37.87152633566728
 10
32.590518509340185
 20
37.85955121295527
 10
32.5735870549165
 20
37.84920987931906
 10
32.555710426481724
 20
37.84060502684606
 10
32.537066143527454
 20
37.83382210392166
 10
32.51783934855095
 20
37.828928466704966
 10
32.49822096854281
 20
37.82597271026488
 10
32.47840581903313
 20
37.82498418601867
 10
31.331713686798082
 20
37.82498418601867
 10
31.31242179764267
 20
37.82592106970118
 10
31.2933114740746
 20
37.828722903269295
 10
31.274562572876974
 20
37.833363317270354
 10
31.256351549306743
 20
37.83979863845458
 10
31.23884979638636
 20
37.84796830080583
 10
31.222222031838527
 20
37.85779541555847
 10
31.20662474784565
 20
37.869187494835984
 10
31.192204738223865
 20
37.88203732210047
 10
31.1790977168732
 20
37.89622396122087
 10
31.167427040506468
 20
37.911613894663304
 10
31.157302547677702
 20
37.928062280091055
 10
31.148819525036743
 20
37.94541431354804
 10
31.142057810539143
 20
37.96350668639609
 10
31.137081042051264
 20
37.98216912229384
 10
31.13393605842265
 20
38.00122597975238
 10
31.132652458662278
 20
38.020497905184854
 10
31.13035631488161
 20
38.14818293492915
 10
31.12374190519371
 20
38.26259380539739
 10
31.11290511137757
 20
38.367003418637026
 10
31.098237696716893
 20
38.46015588191723
 10
31.079559865211607
 20
38.54065860582574
 10
31.05661763050442
 20
38.60950156926904
 10
31.029909277360517
 20
38.66796436239085
 10
31.00053198067296
 20
38.71603122261634
 10
30.968189898817784
 20
38.75526412085949
 10
30.930614583396277
 20
38.78888796462438
 10
30.88563034493751
 20
38.81851727525151
 10
30.831941059182157
 20
38.84410089431138
 10
30.766661738858076
 20
38.86539987973063
 10
30.686377378684114
 20
38.88184923661338
 10
30.590608793529057
 20
38.892355917819145
 10
30.481257578779463
 20
38.895967361327905
 10
30.33615083613627
 20
38.88961112556048
 10
30.21583257440122
 20
38.871664003160205
 10
30.12021331512075
 20
38.84418030640671
 10
30.0468261217015
 20
38.80918115449863
 10
29.98651105880957
 20
38.765540441430616
 10
29.933282034296937
 20
38.7110628196281
 10
29.886857059240782
 20
38.644387364793616
 10
29.84657970834462
 20
38.56220702929761
 10
29.811777139598732
 20
38.46105848609652
 10
29.78291738864644
 20
38.34086219817307
 10
29.76122882695516
 20
38.202763904282634
 10
29.7471899176889
 20
38.04536179089408
 10
29.73823554644892
 20
37.867625831863776
 10
29.731757625709776
 20
37.67215584365864
 10
29.727865433560424
 20
37.46088022954868
 10
29.72656402930977
 20
37.23335289070198
 10
29.72656402930977
 20
36.46187333058967
 10
29.727865435385908
 20
36.23433339319335
 10
29.73175763504038
 20
36.02303199050512
 10
29.738235511544715
 20
35.82755677841432
 10
29.747189997429047
 20
35.64986194145723
 10
29.761229691995283
 20
35.49238415448829
 10
29.782917588897746
 20
35.35426116662754
 10
29.811770774429164
 20
35.23411094018455
 10
29.84657901045304
 20
35.13301951288345
 10
29.886881067632984
 20
35.05073020893842
 10
29.933287215166985
 20
34.98405624111203
 10
29.986453153381277
 20
34.9296572705194
 10
30.04681191241599
 20
34.88604709028424
 10
30.1202634694
 20
34.85096508763385
 10
30.215799487625745
 20
34.82351167046083
 10
30.336107849281547
 20
34.80560059514288
 10
30.480821060115716
 20
34.79928355944034
 10
30.59670423426566
 20
34.8036016261853
 10
30.69715124111802
 20
34.81606685168495
 10
30.78080437047619
 20
34.83550878583854
 10
30.84857342716758
 20
34.860670460531125
 10
30.90485141418165
 20
34.891311790154504
 10
30.953255954831405
 20
34.927741890528935
 10
30.994904042426057
 20
34.970375544627686
 10
31.031409095502994
 20
35.021165026018025
 10
31.0640749111804
 20
35.08300087635082
 10
31.092811873691332
 20
35.15727190568205
 10
31.116521863821745
 20
35.24400157412316
 10
31.134747486975897
 20
35.34515222659299
 10
31.148920879444006
 20
35.46264823855513
 10
31.16051878650663
 20
35.59467708028029
 10
31.16919466956513
 20
35.739103699522786
 10
31.17481750511243
 20
35.894239333791205
 10
31.17481750511243
 20
36.2885567542931
 10
30.530778835495383
 20
36.2885567542931
 10
30.511264268581172
 20
36.28951544349022
 10
30.491937637614086
 20
36.2923822783805
 10
30.472985068615372
 20
36.29712964977681
 10
30.454589085184992
 20
36.30371183789741
 10
30.436926850699678
 20
36.3120654526725
 10
30.420168462132622
 20
36.322110044225255
  0
LWPOLYLINE
  5
46
330
17
100
AcDbEntity
  8
0
100
AcDbPolyline
 90
263
 70
1
 10
31.467762902025584
 20
36.66323488014858
 10
31.484521290592625
 20
36.65319028859582
 10
31.500214440798402
 20
36.64155145517297
 10
31.514691219027682
 20
36.62843046820835
 10
31.527812205992305
 20
36.61395368997907
 10
31.53945103941514
 20
36.59826053977329
 10
31.54949563096791
 20
36.58150215120625
 10
31.557849245743
 20
36.56383991672092
 10
31.564431433863604
 20
36.54544393329054
 10
31.56917880525991
 20
36.526491364291815
 10
31.572045640150208
 20
36.50716473332474
 10
31.573004329347313
 20
36.487650166410546
 10
31.573004329347313
 20
35.89063248322154
 10
31.572873686122307
 20
35.88342114886373
 10
31.56703449539806
 20
35.722316213640184
 10
31.56680688850551
 20
35.71758928457976
 10
31.55782423433004
 20
35.568055875053346
 10
31.557418747273886
 20
35.562572118345486
 10
31.545297707940335
 20
35.42458801698373
 10
31.54462853175542
 20
35.41816650593316
 10
31.529374185556918
 20
35.29170949520358
 10
31.527651849832296
 20
35.28024830976416
 10
31.50683338712105
 20
35.1647076191194
 10
31.502941582972454
 20
35.14751107110936
 10
31.47421621784838
 20
35.04243547304473
 10
31.467849058170415
 20
35.02309370230785
 10
31.43123202551294
 20
34.92845653578435
 10
31.42159246822044
 20
34.90730370444915
 10
31.37709900290895
 20
34.82307830842784
 10
31.362726101008207
 20
34.799875845010334
 10
31.30947681194796
 20
34.72579010761734
 10
31.300283361676847
 20
34.713964679533944
 10
31.290226881273284
 20
34.70286389221337
 10
31.22750149722117
 20
34.6386541653967
 10
31.21653329708772
 20
34.628247945231536
 10
31.20480704141626
 20
34.618704059219
 10
31.13261571895856
 20
34.56437161255195
 10
31.108096134819633
 20
34.548590267932596
 10
31.026449030542594
 20
34.50413637098846
 10
31.000544454738943
 20
34.492348462734455
 10
30.907518588308434
 20
34.457809298351805
 10
30.88329072757503
 20
34.450528341585596
 10
30.77711208192214
 20
34.42585122247314
 10
30.756560673059596
 20
34.422198227979464
 10
30.637219091598055
 20
34.407388232430364
 10
30.620113689316582
 20
34.406010750447834
 10
30.48759901546012
 20
34.4010729567552
 10
30.47150291641549
 20
34.40112429863194
 10
30.308373752388363
 20
34.40824522938421
 10
30.287739135235526
 20
34.41022617218506
 10
30.14414616490278
 20
34.43160377613012
 10
30.118476769634654
 20
34.43717724944868
 10
29.994394601530615
 20
34.47283374411903
 10
29.978742229151123
 20
34.478042721761966
 10
29.963574818297857
 20
34.484529620651145
 10
29.85897806095683
 20
34.53448722357926
 10
29.84317031708683
 20
34.54293123670426
 10
29.82818594701378
 20
34.5527625528638
 10
29.73940976555592
 20
34.61690478070085
 10
29.726040871210046
 20
34.62746317408278
 10
29.71362352000473
 20
34.63912578081897
 10
29.636948911090087
 20
34.71757863871342
 10
29.625909348692034
 20
34.7298534980776
 10
29.615924700541683
 20
34.743000775805854
 10
29.55136689904964
 20
34.835754107171425
 10
29.543171506228305
 20
34.848543127256974
 10
29.535974977278627
 20
34.86191972881795
 10
29.483549218088612
 20
34.968963377068334
 10
29.474103372071696
 20
34.99171507326761
 10
29.432165980972016
 20
35.11351126887604
 10
29.426823051448835
 20
35.13184007186105
 10
29.393879317493102
 20
35.26902413045835
 10
29.390785387795063
 20
35.284630240949525
 10
29.36683023269012
 20
35.43719264073604
 10
29.36520693646871
 20
35.45039589665812
 10
29.350235281921442
 20
35.618327115834234
 10
29.349701044869036
 20
35.62598676640978
 10
29.34046701518332
 20
35.80922893359333
 10
29.34032393873315
 20
35.812654871958685
 10
29.333740778064453
 20
36.01130711966357
 10
29.333665313435276
 20
36.01423457541344
 10
29.329722865197326
 20
36.2282638947343
 10
29.32969235378502
 20
36.23079191096424
 10
29.328380461391532
 20
36.46016529299567
 10
29.328377205074887
 20
36.46130398162073
 10
29.328377205074887
 20
37.23392227039683
 10
29.328380461743023
 20
37.23506102047355
 10
29.329692354136498
 20
37.46442202416546
 10
29.32972287330898
 20
37.466950419285936
 10
29.33366532154693
 20
37.68095402974778
 10
29.333740785388812
 20
37.68388126617006
 10
29.34032394605751
 20
37.882526848615214
 10
29.340466892221798
 20
37.885950125591975
 10
29.349700921907512
 20
38.06923704523379
 10
29.350235946361295
 20
38.07690658736384
 10
29.365207600908562
 20
38.244766498840534
 10
29.366831224121228
 20
38.25796861701518
 10
29.390786379226185
 20
38.41049906587406
 10
29.393877673502942
 20
38.42609201650697
 10
29.426821407458675
 20
38.56329744625452
 10
29.432151470991826
 20
38.581590939885714
 10
29.474088862091506
 20
38.70347579402845
 10
29.483573854919527
 20
38.72631993192891
 10
29.535999614109542
 20
38.833287405782286
 10
29.543194779073843
 20
38.84665327385132
 10
29.551387344967466
 20
38.85943211152072
 10
29.61594514645951
 20
38.95214989483432
 10
29.625912542031088
 20
38.96527166378374
 10
29.636930903947047
 20
38.977524234760125
 10
29.71360551286169
 20
39.055997405827114
 10
29.72598013269082
 20
39.067626077676465
 10
29.73930067237292
 20
39.07815795535679
 10
29.82807685383078
 20
39.142391592470275
 10
29.84316194108621
 20
39.152296814880316
 10
29.85908197398743
 20
39.160795393639134
 10
29.963678731328457
 20
39.21067872653015
 10
29.978790339125666
 20
39.21713428153846
 10
29.99438284662851
 20
39.222321630616364
 10
30.118465014732536
 20
39.25798637751306
 10
30.144090809938035
 20
39.26355498013362
 10
30.287683780270783
 20
39.28497384521043
 10
30.30834362418682
 20
39.286961719566406
 10
30.471472788213944
 20
39.294107406997696
 10
30.48675718853724
 20
39.29418965149367
 10
30.61134295404395
 20
39.29007507027795
 10
30.62648333653209
 20
39.28899611599519
 10
30.738992920961252
 20
39.276652795539164
 10
30.757242667554053
 20
39.273788461829426
 10
30.857645601146885
 20
39.25321703691971
 10
30.879438941235293
 20
39.247448977663325
 10
30.96770475423297
 20
39.21865008308656
 10
30.991593719195663
 20
39.209107611861356
 10
31.069317842025086
 20
39.17207109103127
 10
31.09318750432061
 20
39.1586075909436
 10
31.16192812659237
 20
39.113330904713635
 10
31.173882921661004
 20
39.10480856739247
 10
31.185177186189037
 20
39.09542843160884
 10
31.24496985595509
 20
39.04192364092519
 10
31.25581155379291
 20
39.031456734228755
 10
31.265830499957872
 20
39.0201997690275
 10
31.316710765270145
 20
38.958478934836364
 10
31.332965180404088
 20
38.93566292503334
 10
31.37590553439817
 20
38.865404316305
 10
31.38711848667431
 20
38.84430926894359
 10
31.423223458107245
 20
38.765277908822725
 10
31.43101365122193
 20
38.745493188378404
 10
31.460273083507445
 20
38.65769415515814
 10
31.465333828358965
 20
38.63974606088594
 10
31.487737564910844
 20
38.54318443285942
 10
31.490466138486624
 20
38.5291539765398
 10
31.507062846837428
 20
38.42374860681464
 10
31.50842209522571
 20
38.413335397785744
 10
31.52027059949431
 20
38.29917822462724
 10
31.52100250454866
 20
38.290115457496256
 10
31.524872748683507
 20
38.22317101025355
 10
32.273738587945715
 20
38.22317101025355
 10
32.26127563668267
 20
38.39041025759187
 10
32.238889099471166
 20
38.56651748391862
 10
32.208100143078866
 20
38.73548962022704
 10
32.16647882593438
 20
38.89094698455776
 10
32.1109342783697
 20
39.03207002717717
 10
32.04088854548144
 20
39.16213600082364
 10
31.95687907161914
 20
39.28092471031549
 10
31.85717563851594
 20
39.38773018122481
 10
31.73749914517083
 20
39.4841110588917
 10
31.595347030672613
 20
39.57106663315959
 10
31.43139287136617
 20
39.64720193948469
 10
31.242391821659865
 20
39.70911853010409
 10
31.02159226605643
 20
39.75433712206005
 10
30.76723605964054
 20
39.78212280264711
 10
30.48090169036496
 20
39.79150746211921
 10
30.127137532415603
 20
39.777365895613656
 10
29.821120355656774
 20
39.73581650441541
 10
29.563308111264845
 20
39.66858518154456
 10
29.350193145476823
 20
39.57678499120635
 10
29.16893934663821
 20
39.46388269231147
 10
29.013021172954367
 20
39.335048328877875
 10
28.883462608803
 20
39.19179904721426
 10
28.77758488861228
 20
39.03156795655303
 10
28.69112423625738
 20
38.853442701008774
 10
28.622384855557797
 20
38.66061253387437
 10
28.57233346673182
 20
38.454157125115344
 10
28.540815478603164
 20
38.230329933628354
 10
28.52119042338647
 20
37.99097456870766
 10
28.506974629169193
 20
37.74493354148943
 10
28.4984429459422
 20
37.495514971825216
 10
28.49558577313134
 20
37.24160451352253
 10
28.49558577313134
 20
36.45311512431026
 10
28.49661475106261
 20
36.284295973045886
 10
28.4997060269409
 20
36.117233442771706
 10
28.50488633682407
 20
35.95133078888395
 10
28.512138088462407
 20
35.787506693798775
 10
28.522814270683867
 20
35.62790764358465
 10
28.53845976771447
 20
35.4728327827125
 10
28.55911877851274
 20
35.32126591855392
 10
28.58455617953358
 20
35.174415180454815
 10
28.615975671778898
 20
35.0347129187888
 10
28.655122273014456
 20
34.902112094660865
 10
28.70224522966076
 20
34.77511974438437
 10
28.756922090336673
 20
34.65444421279186
 10
28.81925839915621
 20
34.54220305948195
 10
28.890470877021926
 20
34.438462404853595
 10
28.971342816102535
 20
34.34186008256326
 10
29.061265863319036
 20
34.253027286877355
 10
29.161027890415212
 20
34.173440427906286
 10
29.274144963359873
 20
34.10274234816711
 10
29.402677191150133
 20
34.04015421862594
 10
29.54631702074535
 20
33.98642204088327
 10
29.706142609150632
 20
33.94321748529384
 10
29.885176128985606
 20
33.911798915167026
 10
30.084320109285443
 20
33.892577197516815
 10
30.304163121557323
 20
33.88604692930285
 10
30.453686217140415
 20
33.888904268146845
 10
30.591578228311874
 20
33.89741619664015
 10
30.71642611236163
 20
33.91132977414405
 10
30.828872041791612
 20
33.930472723658596
 10
30.931958399119452
 20
33.95430158431114
 10
31.027052144007513
 20
33.98181095181006
 10
31.113097251597907
 20
34.012540566774035
 10
31.19075576901203
 20
34.04649744604906
 10
31.261557921126737
 20
34.0835991602693
 10
31.32613483250863
 20
34.12343632678291
 10
31.384157813074964
 20
34.16559371378992
 10
31.43731147187293
 20
34.2112029005018
 10
31.488190063167607
 20
34.26112530084998
 10
31.53686700345021
 20
34.31399894447347
 10
31.582201852961163
 20
34.36864128010292
 10
31.62736822680793
 20
34.4292399339798
 10
31.639795617130645
 20
34.444310043076484
 10
31.653639959634077
 20
34.458089825334085
 10
31.668767991809233
 20
34.47044663968596
 10
31.68503409464077
 20
34.48126154223259
 10
31.702281694302656
 20
34.49043043116869
 10
31.72034476930243
 20
34.49786504884362
 10
31.739049448566448
 20
34.50349383130953
 10
31.758215685083698
 20
34.507262597179775
 10
31.777658988997302
 20
34.50913506916673
 10
31.79719220346243
 20
34.50909322327861
 10
31.81662730617559
 20
34.50713746231449
 10
31.835777219234757
 20
34.50328661198695
 10
31.854457609909105
 20
34.49757773971008
 10
31.872488664983962
 20
34.49006579779693
 10
31.8896968216023
 20
34.480823094500934
 10
31.905916437941485
 20
34.46993859799309
 10
31.92099138764391
 20
34.45751707997441
 10
31.934776562654108
 20
34.44367810716726
 10
31.94713926999603
 20
34.42855489039313
 10
31.957960509045563
 20
34.41229300231542
 10
31.967136117003662
 20
34.39504897618987
 10
31.974577771543906
 20
34.37698879911093
 10
31.98021384098321
 20
34.358286314257455
 10
31.98399007379213
 20
34.33912154751762
 10
32.034939645198634
 20
33.99136162940823
 10
32.321455468887365
 20
33.99136162940823
 10
32.321455468887365
 20
36.98214325975724
 10
30.729872247612818
 20
36.98214325975724
 10
30.729872247612818
 20
36.68674357852798
 10
31.37391091722988
 20
36.68674357852798
 10
31.393425484144075
 20
36.68578488933086
 10
31.41275211511116
 20
36.68291805444058
 10
31.431704684109874
 20
36.67817068304427
 10
31.450100667540255
 20
36.67158849492368
 10
31.467762902025584
 20
36.66323488014858
  0
LWPOLYLINE
  5
47
330
17
100
AcDbEntity
  8
0
100
AcDbPolyline
 90
164
 70
1
 10
15.564716735477404
 20
40.11572164312257
 10
15.577846087048727
 20
40.13044352705376
 10
15.592367833413249
 20
40.14379390613793
 10
15.608139419840498
 20
40.15564172453351
 10
15.625006022372318
 20
40.165870676493526
 10
15.642802067673571
 20
40.1743803480972
 10
15.66135285840572
 20
40.18108720297698
 10
15.680476288167398
 20
40.1859254023649
 10
15.699984629167005
 20
40.18884745140791
 10
15.71968637507861
 20
40.1898246654077
 10
16.773587935131758
 20
40.1898246654077
 10
16.793289539479474
 20
40.18884746548575
 10
16.812797743091053
 20
40.185925458399836
 10
16.831921043748096
 20
40.18108732802315
 10
16.850471717630782
 20
40.17438056784711
 10
16.868267662108252
 20
40.16587101476155
 10
16.88513418334837
 20
40.155642202767126
 10
16.900905711199314
 20
40.14379454296409
 10
16.915427424508295
 20
40.13044433786706
 10
16.928556770923038
 20
40.11572263972171
 10
16.94016486625641
 20
40.099773964030845
 10
16.95013775967766
 20
40.08275487091842
 10
16.95837755231038
 20
40.06483242825759
 10
16.964803358256546
 20
40.04618257164947
 10
16.96935209861259
 20
40.026988377351856
 10
17.786207023894875
 20
35.61651939306786
 10
18.431489294117682
 20
40.019600503805904
 10
18.43511687958147
 20
40.03815977547944
 10
18.440488926013543
 20
40.05629115872732
 10
18.447556968136354
 20
40.07383107668322
 10
18.456257239817717
 20
40.09062128853478
 10
18.46651124935302
 20
40.10651031713314
 10
18.478226487598107
 20
40.12135481558241
 10
18.491297262563904
 20
40.13502086048
 10
18.505605652943487
 20
40.1473851601405
 10
18.521022571969
 20
40.15833616690294
 10
18.53740893200063
 20
40.16777508348606
 10
18.554616899341
 20
40.17561675431325
 10
18.572491227954316
 20
40.181790433765
 10
18.59087066005776
 20
40.18624042442843
 10
18.60958938094943
 20
40.1889265795857
 10
18.62847851494773
 20
40.1898246654077
 10
19.867852882444424
 20
40.1898246654077
 10
19.887215540322728
 20
40.18888087915023
 10
19.90639462396601
 20
40.1860584682631
 10
19.925208299576965
 20
40.18138419156847
 10
19.943478197732844
 20
40.174902365129455
 10
19.96103110447727
 20
40.16667444209665
 10
19.977700603533663
 20
40.156778430080664
 10
19.993328654071263
 20
40.14530815157461
 10
20.00776708906463
 20
40.1323723544382
 10
20.020879020041335
 20
40.11809368087677
 10
20.03254013489955
 20
40.10260750469038
 10
20.04263987649088
 20
40.08606064781664
 10
20.051082490794997
 20
40.06860998833557
 10
20.057787934747964
 20
40.05042097313394
 10
20.062692635117642
 20
40.03166604932987
 10
20.065750091231223
 20
40.012523029329756
 10
20.066931315840677
 20
39.993173405017274
 10
20.066225109946046
 20
39.97380062705834
 10
20.063638168971494
 20
39.954588365634805
 10
18.9170002051966
 20
33.74327386247241
 10
18.912460358923653
 20
33.72406904619562
 10
18.906041574507796
 20
33.70540800712945
 10
18.897806914884583
 20
33.68747408526902
 10
18.88783728350475
 20
33.67044347686658
 10
18.87623062947837
 20
33.65448350334786
 10
18.86310098524943
 20
33.63975096742128
 10
18.848577346256036
 20
33.626390612530926
 10
18.832802403582676
 20
33.61453370078887
 10
18.815931142056456
 20
33.604296723357976
 10
18.798129317560296
 20
33.5957802559557
 10
18.77957182852319
 20
33.589067970723065
 10
18.760440997587423
 20
33.584225814166956
 10
18.740924780334595
 20
33.581301359252464
 10
18.721214918669517
 20
33.580323338010416
 10
17.085544096950514
 20
33.580323338010416
 10
17.066202163366228
 20
33.581265100238724
 10
17.047043214264235
 20
33.584081477376245
 10
17.02824850300101
 20
33.58874582506968
 10
17.009995837058682
 20
33.59521401622881
 10
16.99245789589628
 20
33.60342485849118
 10
16.97580059731463
 20
33.613300673132784
 10
16.960181527789985
 20
33.62474802994811
 10
16.945748451626173
 20
33.63765863114725
 10
16.93263791302951
 20
33.6519103359077
 10
16.920973944331465
 20
33.66736831588841
 10
16.910866892580046
 20
33.683886330774214
 10
16.902412375600832
 20
33.701308111783106
 10
16.895690377404023
 20
33.71946884004811
 10
16.890764491495105
 20
33.73819670588716
 10
16.2414471950796
 20
36.8064555867536
 10
15.585579923696955
 20
33.7378040742211
 10
15.580624975119832
 20
33.719113502924614
 10
15.573880284624238
 20
33.700991744706684
 10
15.565409471805182
 20
33.68360973386284
 10
15.55529243798378
 20
33.66713142698842
 10
15.543624612534373
 20
33.65171225645065
 10
15.530516052742826
 20
33.637497664265794
 10
15.5160904056861
 20
33.624621730210905
 10
15.500483741925791
 20
33.61320590711033
 10
15.483843272016415
 20
33.603357875226436
 10
15.466325957935254
 20
33.59517052656082
 10
15.448097032531479
 20
33.58872108864621
 10
15.429328440959921
 20
33.58407039609446
 10
15.410197218800704
 20
33.581262316771216
 10
15.390883822163204
 20
33.580323338010416
 10
13.772113560000989
 20
33.580323338010416
 10
13.752403817679422
 20
33.581301347379394
 10
13.732887716246779
 20
33.58422576690799
 10
13.713756994142258
 20
33.589067865261825
 10
13.695199603596478
 20
33.59578007062518
 10
13.677397864070684
 20
33.60429643807639
 10
13.66052667103584
 20
33.61453329747221
 10
13.644751777689706
 20
33.626390075475825
 10
13.630228166493268
 20
33.63975028365245
 10
13.617098526525666
 20
33.654482662925005
 10
13.605491851617145
 20
33.670442473145556
 10
13.595522173032535
 20
33.68747291511363
 10
13.587287439156555
 20
33.70540667106994
 10
13.580868553187287
 20
33.72406754853114
 10
13.576328578292461
 20
33.74327221131554
 10
12.42963644605743
 20
39.95458671447794
 10
12.427049335122831
 20
39.97379904702679
 10
12.426342976067815
 20
39.99317191263414
 10
12.427524065832984
 20
40.01252163852166
 10
12.430581406589212
 20
40.03166477129703
 10
12.43548601190352
 20
40.050419816262746
 10
12.442191381557294
 20
40.068608958154584
 10
12.450633942411798
 20
40.08605974699559
 10
12.460733651140401
 20
40.10260673308227
 10
12.472394753113932
 20
40.11809303560153
 10
12.485506690243483
 20
40.13237183000673
 10
12.499945149173897
 20
40.14530774005085
 10
12.515573239890031
 20
40.1567781212792
 10
12.532242793561295
 20
40.16667422381285
 10
12.549795767319921
 20
40.17490222339865
 10
12.568065742654412
 20
40.18138411095032
 10
12.586879503211605
 20
40.18605843214719
 10
12.606058677048892
 20
40.18888087007825
 10
12.625421427765957
 20
40.1898246654077
 10
13.864849963722776
 20
40.1898246654077
 10
13.883739097721076
 20
40.1889265795857
 10
13.90245781861276
 20
40.18624042442843
 10
13.92083725071619
 20
40.181790433765
 10
13.938711579329507
 20
40.17561675431325
 10
13.95591954666989
 20
40.16777508348606
 10
13.972305906701521
 20
40.15833616690294
 10
13.987722825727019
 20
40.1473851601405
 10
14.002031216106602
 20
40.13502086048
 10
14.015101991072399
 20
40.12135481558241
 10
14.026817229317501
 20
40.10651031713314
 10
14.037071238852803
 20
40.09062128853478
 10
14.045771510534152
 20
40.07383107668322
 10
14.052839552656962
 20
40.05629115872732
 10
14.058211599089034
 20
40.03815977547944
 10
14.061839184552824
 20
40.019600503805904
 10
14.707117684784308
 20
35.61654511758921
 10
15.52392184890229
 20
40.02698641898462
 10
15.528470436866613
 20
40.04618079541882
 10
15.534896122519015
 20
40.06483084375826
 10
15.543135827228127
 20
40.08275348322552
 10
15.55310866479374
 20
40.09977277375293
 10
15.564716735477404
 20
40.11572164312257
  0
LWPOLYLINE
  5
48
330
17
100
AcDbEntity
  8
0
100
AcDbPolyline
 90
102
 70
1
 10
18.011488473187953
 20
34.62483435752692
 10
17.998417698222156
 20
34.61116831262933
 10
17.984109307842573
 20
34.59880401296881
 10
17.968692388817075
 20
34.58785300620639
 10
17.952306028785443
 20
34.578414089623266
 10
17.935098061445075
 20
34.57057241879606
 10
17.917223732831744
 20
34.56439873934433
 10
17.898844300728314
 20
34.559948748680895
 10
17.88012557983663
 20
34.55726259352363
 10
17.86123644583833
 20
34.55636450770163
 10
17.743203371241506
 20
34.55636450770163
 10
17.72350176689379
 20
34.55734170762358
 10
17.70399356328221
 20
34.56026371470949
 10
17.684870262625168
 20
34.565101845086176
 10
17.666319588742482
 20
34.571808605262206
 10
17.648523644265012
 20
34.58031815834778
 10
17.631657123024894
 20
34.5905469703422
 10
17.61588559517395
 20
34.60239463014524
 10
17.60136388186497
 20
34.61574483524225
 10
17.588234535450226
 20
34.630466533387604
 10
17.576626440116854
 20
34.646415209078484
 10
17.566653546695605
 20
34.66343430219091
 10
17.558413754062883
 20
34.68135674485174
 10
17.551987948116718
 20
34.70000660145985
 10
17.547439207760675
 20
34.71920079575746
 10
16.607982383895376
 20
39.791637841172815
 10
15.885293611163803
 20
39.791637841172815
 10
14.945889633605319
 20
34.719202754124694
 10
14.94134104564101
 20
34.70000837769051
 10
14.934915359988608
 20
34.68135832935107
 10
14.926675655279496
 20
34.66343568988381
 10
14.916702817713883
 20
34.6464163993564
 10
14.905094747030219
 20
34.63046752998676
 10
14.891965395458882
 20
34.61574564605557
 10
14.877443649094374
 20
34.602395266971385
 10
14.861672062667125
 20
34.59054744857582
 10
14.84480546013529
 20
34.5803184966158
 10
14.827009414834038
 20
34.57180882501213
 10
14.808458624101888
 20
34.56510197013233
 10
14.789335194340211
 20
34.56026377074441
 10
14.769826853340618
 20
34.557341721701405
 10
14.750125107429014
 20
34.55636450770163
 10
14.632092032832176
 20
34.55636450770163
 10
14.613202898833876
 20
34.55726259352363
 10
14.594484177942192
 20
34.559948748680895
 10
14.576104745838762
 20
34.56439873934433
 10
14.558230417225445
 20
34.57057241879606
 10
14.541022449885077
 20
34.578414089623266
 10
14.524636089853445
 20
34.58785300620639
 10
14.509219170827933
 20
34.59880401296881
 10
14.49491078044835
 20
34.61116831262933
 10
14.481840005482553
 20
34.62483435752692
 10
14.47012476723745
 20
34.639678855976186
 10
14.459870757702163
 20
34.65556788457455
 10
14.4511704860208
 20
34.67235809642611
 10
14.44410244389799
 20
34.689898014381995
 10
14.438730397465918
 20
34.70802939762987
 10
14.435102812002128
 20
34.726588669303425
 10
13.692807508732969
 20
39.791637841172815
 10
12.86463449662044
 20
39.791637841172815
 10
13.93781598979875
 20
33.9785101622453
 10
15.229846303343052
 20
33.9785101622453
 10
16.047715913682254
 20
37.80513320981841
 10
16.052675205027683
 20
37.82383744371418
 10
16.059426849004623
 20
37.84197189269631
 10
16.067907066071086
 20
37.859365249324114
 10
16.07803574768431
 20
37.87585320690093
 10
16.08971721304769
 20
37.89128001160056
 10
16.10284111296137
 20
37.90549993379908
 10
16.11728347223827
 20
37.91837864471259
 10
16.132907860838102
 20
37.92979448533684
 10
16.14956668265657
 20
37.939639615701495
 10
16.167102569795006
 20
37.94782103358257
 10
16.185349869139344
 20
37.95426145304987
 10
16.20413620720568
 20
37.95890003455008
 10
16.22328411846985
 20
37.96169295962885
 10
16.24261272179919
 20
37.96261384486266
 10
16.261939429149706
 20
37.96165399109046
 10
16.28108167038785
 20
37.958822465590416
 10
16.299858617942917
 20
37.95414601642568
 10
16.318092894998443
 20
37.94766881976825
 10
16.33561225108582
 20
37.93945206258795
 10
16.352251189251916
 20
37.92957336464836
 10
16.36785252942937
 20
37.918126045270256
 10
16.38226889324126
 20
37.905218241788646
 10
16.395364096214024
 20
37.89097188803133
 10
16.40701443424679
 20
37.87552156246845
 10
16.417109852184666
 20
37.85901321691428
 10
16.425554983457033
 20
37.8416027977904
 10
16.4322700509598
 20
37.82345477297474
 10
16.4371916206714
 20
37.80474057815235
 10
17.246913904736942
 20
33.9785101622453
 10
18.555511067798292
 20
33.9785101622453
 10
19.628641865077242
 20
39.791637841172815
 10
18.800520969937537
 20
39.791637841172815
 10
18.058225666668378
 20
34.726588669303425
 10
18.05459808120459
 20
34.70802939762987
 10
18.049226034772516
 20
34.689898014381995
 10
18.042157992649706
 20
34.67235809642611
 10
18.033457720968357
 20
34.65556788457455
 10
18.023203711433055
 20
34.639678855976186
 10
18.011488473187953
 20
34.62483435752692
  0
LWPOLYLINE
  5
49
330
17
100
AcDbEntity
  8
0
100
AcDbPolyline
 90
101
 70
1
 10
34.67909044697029
 20
40.13342778914257
 10
34.69347926694154
 20
40.14613615126032
 10
34.70902516399104
 20
40.15739961843549
 10
34.72558359835004
 20
40.16711346728442
 10
34.74300061606739
 20
40.17518738217832
 10
34.76111428041433
 20
40.18154629496328
 10
34.77975617750978
 20
40.18613108291514
 10
34.7987529821678
 20
40.18889911843965
 10
34.817928069408566
 20
40.1898246654077
 10
36.73180810229289
 20
40.1898246654077
 10
36.750983189533656
 20
40.18889911843965
 10
36.76997999419169
 20
40.18613108291514
 10
36.788621891287136
 20
40.18154629496328
 10
36.80673555563408
 20
40.17518738217832
 10
36.82415257335141
 20
40.16711346728442
 10
36.840711007710425
 20
40.15739961843549
 10
36.85625690475992
 20
40.14613615126032
 10
36.870645724731176
 20
40.13342778914257
 10
36.88374368591276
 20
40.11939268954313
 10
36.89542900850165
 20
40.10416134541748
 10
36.90559304686484
 20
40.08787537194236
 10
36.91414129968466
 20
40.0706861898324
 10
36.920994288595736
 20
40.05275361748862
 10
36.92608829714413
 20
40.034244385068305
 10
38.31724268989106
 20
33.82292988190591
 10
38.32060436286051
 20
33.80341422568084
 10
38.32201065961618
 20
33.783661149654975
 10
38.321447666915645
 20
33.763866081525066
 10
38.318920954745366
 20
33.744224864438124
 10
38.31445552121396
 20
33.72493181941083
 10
38.30809554523253
 20
33.706177822808385
 10
38.299903949429265
 20
33.68814841790295
 10
38.28996177762224
 20
33.671021979195274
 10
38.27836739300989
 20
33.65496794766082
 10
38.26523550501152
 20
33.64014515437998
 10
38.250696034385896
 20
33.62670024913764
 10
38.234892827856086
 20
33.61476624953886
 10
38.21798223495715
 20
33.60446122499472
 10
38.20013156118708
 20
33.595887128599
 10
38.181517412764364
 20
33.589128788451774
 10
38.16232394936867
 20
33.584253068409964
 10
38.142741062151075
 20
33.58130820656754
 10
38.12296249503983
 20
33.580323338010416
 10
36.883588127543135
 20
33.580323338010416
 10
36.864114341295675
 20
33.58127801489985
 10
36.84482731334907
 20
33.58413288998683
 10
36.82591201094709
 20
33.5888605843316
 10
36.80754983639605
 20
33.59541575820663
 10
36.789916887372826
 20
33.603735545915455
 10
36.77318226810591
 20
33.61374015868991
 10
36.75750646762505
 20
33.62533364988364
 10
36.743039820632745
 20
33.638404835123524
 10
36.729921065758305
 20
33.652828358594576
 10
36.71827601502099
 20
33.66846589523243
 10
36.70821634726232
 20
33.68516747729403
 10
36.69983853711928
 20
33.70277293258444
 10
36.69322292980911
 20
33.72111342054667
 10
36.68843297059948
 20
33.74001305148343
 10
36.43401636498275
 20
35.00006513558455
 10
35.09887341562205
 20
35.00006513558455
 10
34.8444568100053
 20
33.740013051483416
 10
34.83966685079565
 20
33.72111342054667
 10
34.8330512434855
 20
33.70277293258444
 10
34.82467343334244
 20
33.68516747729403
 10
34.814613765583786
 20
33.66846589523243
 10
34.80296871484646
 20
33.652828358594576
 10
34.78984995997202
 20
33.638404835123524
 10
34.77538331297971
 20
33.62533364988364
 10
34.759707512498835
 20
33.61374015868991
 10
34.74297289323195
 20
33.603735545915455
 10
34.72533994420873
 20
33.59541575820663
 10
34.706977769657655
 20
33.5888605843316
 10
34.68806246725569
 20
33.58413288998683
 10
34.6687754393091
 20
33.58127801489985
 10
34.64930165306163
 20
33.580323338010416
 10
33.42677367666161
 20
33.580323338010416
 10
33.40699510955038
 20
33.58130820656754
 10
33.38741222233277
 20
33.584253068409964
 10
33.368218758937076
 20
33.589128788451774
 10
33.34960461051436
 20
33.595887128599
 10
33.33175393674429
 20
33.60446122499472
 10
33.314843343845354
 20
33.61476624953886
 10
33.299040137315544
 20
33.62670024913764
 10
33.28450066668992
 20
33.64014515437998
 10
33.27136877869155
 20
33.65496794766082
 10
33.2597743940792
 20
33.671021979195274
 10
33.249832222272175
 20
33.68814841790295
 10
33.24164062646891
 20
33.706177822808385
 10
33.23528065048748
 20
33.72493181941083
 10
33.230815216956074
 20
33.744224864438124
 10
33.228288504785795
 20
33.763866081525066
 10
33.22772551208526
 20
33.783661149654975
 10
33.22913180884093
 20
33.80341422568084
 10
33.23249348181038
 20
33.82292988190591
 10
34.623647874557335
 20
40.034244385068305
 10
34.62874188310573
 20
40.05275361748862
 10
34.635594872016796
 20
40.0706861898324
 10
34.64414312483662
 20
40.08787537194236
 10
34.6543071631998
 20
40.10416134541748
 10
34.665992485788706
 20
40.11939268954313
 10
34.67909044697029
 20
40.13342778914257
  0
LWPOLYLINE
  5
4A
330
17
100
AcDbEntity
  8
0
100
AcDbPolyline
 90
37
 70
1
 10
34.76058936372458
 20
35.293407820535805
 10
34.770649031483245
 20
35.31010940259742
 10
34.78229408222056
 20
35.32574693923527
 10
34.795412837095
 20
35.34017046270631
 10
34.809879484087304
 20
35.35324164794619
 10
34.82555528456818
 20
35.36483513913993
 10
34.84228990383508
 20
35.374839751914394
 10
34.85992285285829
 20
35.38315953962322
 10
34.87828502740936
 20
35.389714713498236
 10
34.89720032981133
 20
35.394442407843
 10
34.91648735775793
 20
35.39729728292998
 10
34.93596114400539
 20
35.39825195981943
 10
36.596928636599415
 20
35.39825195981943
 10
36.616402422846875
 20
35.39729728292998
 10
36.63568945079348
 20
35.394442407843
 10
36.65460475319546
 20
35.389714713498236
 10
36.6729669277465
 20
35.38315953962322
 10
36.690599876769724
 20
35.374839751914394
 10
36.70733449603664
 20
35.36483513913993
 10
36.7230102965175
 20
35.35324164794619
 10
36.737476943509805
 20
35.34017046270631
 10
36.750595698384245
 20
35.32574693923527
 10
36.76224074912159
 20
35.31010940259742
 10
36.77230041688023
 20
35.293407820535805
 10
36.78067822702327
 20
35.2758023652454
 10
36.78729383433344
 20
35.25746187728316
 10
36.79208379354307
 20
35.23856224634642
 10
37.0465003991598
 20
33.9785101622453
 10
37.87434546712733
 20
33.9785101622453
 10
36.57237338021699
 20
39.791637841172815
 10
34.97736279148447
 20
39.791637841172815
 10
33.67539070457413
 20
33.9785101622453
 10
34.48638938144498
 20
33.9785101622453
 10
34.74080598706172
 20
35.23856224634642
 10
34.74559594627138
 20
35.25746187728318
 10
34.75221155358153
 20
35.2758023652454
 10
34.76058936372458
 20
35.293407820535805
  0
LWPOLYLINE
  5
4B
330
17
100
AcDbEntity
  8
0
100
AcDbPolyline
 90
141
 70
1
 10
38.84524219112602
 20
40.066921003600626
 10
38.85359580590111
 20
40.08458323808597
 10
38.86364039745388
 20
40.101341626652996
 10
38.875279230876714
 20
40.11703477685877
 10
38.88840021784134
 20
40.13151155508805
 10
38.90287699607062
 20
40.14463254205269
 10
38.91857014627638
 20
40.15627137547553
 10
38.935328534843435
 20
40.1663159670283
 10
38.952990769328764
 20
40.174669581803386
 10
38.971386752759145
 20
40.18125176992399
 10
38.99033932175786
 20
40.185999141320295
 10
39.009665952724944
 20
40.18886597621058
 10
39.02918051963914
 20
40.1898246654077
 10
42.460698299645614
 20
40.1898246654077
 10
42.480212866559825
 20
40.18886597621058
 10
42.49953949752691
 20
40.185999141320295
 10
42.518492066525624
 20
40.18125176992399
 10
42.536888049956005
 20
40.174669581803386
 10
42.55455028444132
 20
40.1663159670283
 10
42.571308673008375
 20
40.15627137547553
 10
42.58700182321414
 20
40.14463254205269
 10
42.60147860144342
 20
40.13151155508805
 10
42.61459958840804
 20
40.11703477685877
 10
42.62623842183089
 20
40.101341626652996
 10
42.63628301338366
 20
40.08458323808597
 10
42.64463662815875
 20
40.066921003600626
 10
42.65121881627935
 20
40.048525020170246
 10
42.65596618767566
 20
40.02957245117153
 10
42.65883302256596
 20
40.01024582020446
 10
42.65979171176306
 20
39.99073125329025
 10
42.65979171176306
 20
39.08566430846845
 10
42.658837928699725
 20
39.06619961872343
 10
42.65598571795503
 20
39.046921425268906
 10
42.65126240730716
 20
39.0280144375256
 10
42.64471325203253
 20
39.009659808295055
 10
42.63640100130313
 20
38.992033398087244
 10
42.62640529697032
 20
38.97530409015498
 10
42.614821910495266
 20
38.95963217237917
 10
42.60176182533769
 20
38.9451678015087
 10
42.58735017359403
 20
38.93204956446931
 10
42.57172503707429
 20
38.9204031505259
 10
42.55503612430387
 20
38.91034014702082
 10
42.53744333612708
 20
38.90195697022628
 10
42.519115233655214
 20
38.89533394155481
 10
42.50022742323847
 20
38.890534517978764
 10
42.48096087393536
 20
38.88760468403248
 10
42.46150018360095
 20
38.88657251122234
 10
40.450801908156606
 20
38.87847400235178
 10
40.450801908156606
 20
37.57216091444204
 10
42.190885199798544
 20
37.57216091444204
 10
42.21039976671274
 20
37.57120222524492
 10
42.229726397679826
 20
37.56833539035463
 10
42.24867896667854
 20
37.56358801895833
 10
42.26707495010892
 20
37.55700583083774
 10
42.28473718459425
 20
37.548652216062635
 10
42.301495573161304
 20
37.53860762450988
 10
42.31718872336707
 20
37.52696879108703
 10
42.33166550159635
 20
37.513847804122406
 10
42.34478648856097
 20
37.499371025893126
 10
42.35642532198381
 20
37.48367787568735
 10
42.36646991353658
 20
37.46691948712031
 10
42.374823528311666
 20
37.44925725263498
 10
42.38140571643227
 20
37.4308612692046
 10
42.38615308782859
 20
37.41190870020587
 10
42.38901992271887
 20
37.3925820692388
 10
42.38997861191598
 20
37.3730675023246
 10
42.38997861191598
 20
36.46800055750279
 10
42.38901992271887
 20
36.448485990588594
 10
42.38615308782859
 20
36.42915935962152
 10
42.38140571643227
 20
36.410206790622794
 10
42.374823528311666
 20
36.391810807192414
 10
42.36646991353658
 20
36.374148572707085
 10
42.35642532198381
 20
36.357390184140044
 10
42.34478648856097
 20
36.34169703393427
 10
42.33166550159635
 20
36.32722025570499
 10
42.31718872336707
 20
36.314099268740364
 10
42.301495573161304
 20
36.30246043531751
 10
42.28473718459425
 20
36.29241584376476
 10
42.26707495010892
 20
36.284062228989654
 10
42.24867896667854
 20
36.277480040869065
 10
42.229726397679826
 20
36.27273266947276
 10
42.21039976671274
 20
36.269865834582475
 10
42.190885199798544
 20
36.268907145385356
 10
40.450801908156606
 20
36.268907145385356
 10
40.450801908156606
 20
34.88357710706707
 10
42.460698299645614
 20
34.88357710706707
 10
42.480212866559825
 20
34.88261841786995
 10
42.49953949752691
 20
34.879751582979665
 10
42.518492066525624
 20
34.87500421158336
 10
42.536888049956005
 20
34.86842202346277
 10
42.55455028444132
 20
34.86006840868767
 10
42.571308673008375
 20
34.85002381713491
 10
42.58700182321414
 20
34.83838498371206
 10
42.60147860144342
 20
34.82526399674744
 10
42.61459958840804
 20
34.81078721851816
 10
42.62623842183089
 20
34.79509406831238
 10
42.63628301338366
 20
34.77833567974534
 10
42.64463662815875
 20
34.76067344526001
 10
42.65121881627935
 20
34.74227746182963
 10
42.65596618767566
 20
34.7233248928309
 10
42.65883302256596
 20
34.70399826186383
 10
42.65979171176306
 20
34.684483694949634
 10
42.65979171176306
 20
33.77941675012785
 10
42.65883302256596
 20
33.759902183213654
 10
42.65596618767566
 20
33.74057555224657
 10
42.65121881627935
 20
33.721622983247855
 10
42.64463662815875
 20
33.703226999817474
 10
42.63628301338366
 20
33.68556476533213
 10
42.62623842183089
 20
33.668806376765104
 10
42.61459958840804
 20
33.65311322655933
 10
42.60147860144342
 20
33.63863644833005
 10
42.58700182321414
 20
33.62551546136541
 10
42.571308673008375
 20
33.613876627942574
 10
42.55455028444132
 20
33.60383203638982
 10
42.536888049956005
 20
33.595478421614715
 10
42.518492066525624
 20
33.588896233494125
 10
42.49953949752691
 20
33.584148862097805
 10
42.480212866559825
 20
33.58128202720752
 10
42.460698299645614
 20
33.580323338010416
 10
39.02918051963914
 20
33.580323338010416
 10
39.009665952724944
 20
33.58128202720752
 10
38.99033932175786
 20
33.584148862097805
 10
38.971386752759145
 20
33.588896233494125
 10
38.952990769328764
 20
33.595478421614715
 10
38.935328534843435
 20
33.60383203638982
 10
38.91857014627638
 20
33.613876627942574
 10
38.90287699607062
 20
33.62551546136541
 10
38.88840021784134
 20
33.63863644833005
 10
38.875279230876714
 20
33.65311322655933
 10
38.86364039745388
 20
33.668806376765104
 10
38.85359580590111
 20
33.68556476533213
 10
38.84524219112602
 20
33.703226999817474
 10
38.838660003005415
 20
33.721622983247855
 10
38.83391263160911
 20
33.74057555224657
 10
38.83104579671881
 20
33.759902183213654
 10
38.830087107521706
 20
33.77941675012785
 10
38.830087107521706
 20
39.99073125329025
 10
38.83104579671881
 20
40.01024582020446
 10
38.83391263160911
 20
40.02957245117153
 10
38.838660003005415
 20
40.048525020170246
 10
38.84524219112602
 20
40.066921003600626
  0
LWPOLYLINE
  5
4C
330
17
100
AcDbEntity
  8
0
100
AcDbPolyline
 90
77
 70
1
 10
40.212867298157875
 20
34.48921580691959
 10
40.19391472915916
 20
34.493963178315894
 10
40.17551874572878
 20
34.500545366436484
 10
40.157856511243466
 20
34.50889898121159
 10
40.14109812267641
 20
34.51894357276434
 10
40.12540497247063
 20
34.53058240618719
 10
40.11092819424135
 20
34.54370339315183
 10
40.097807207276745
 20
34.55818017138111
 10
40.086168373853894
 20
34.57387332158687
 10
40.076123782301124
 20
34.590631710153914
 10
40.067770167526035
 20
34.60829394463924
 10
40.06118797940543
 20
34.626689928069624
 10
40.056440608009126
 20
34.64564249706835
 10
40.05357377311883
 20
34.66496912803542
 10
40.05261508392172
 20
34.684483694949634
 10
40.05261508392172
 20
36.46800055750279
 10
40.05357377311883
 20
36.487515124417
 10
40.056440608009126
 20
36.50684175538407
 10
40.06118797940543
 20
36.52579432438279
 10
40.067770167526035
 20
36.54419030781318
 10
40.076123782301124
 20
36.56185254229851
 10
40.086168373853894
 20
36.57861093086555
 10
40.097807207276745
 20
36.594304081071314
 10
40.11092819424135
 20
36.608780859300595
 10
40.12540497247063
 20
36.62190184626523
 10
40.14109812267641
 20
36.63354067968807
 10
40.157856511243466
 20
36.64358527124084
 10
40.17551874572878
 20
36.65193888601593
 10
40.19391472915916
 20
36.65852107413653
 10
40.212867298157875
 20
36.663268445532836
 10
40.23219392912496
 20
36.66613528042312
 10
40.25170849603917
 20
36.66709396962024
 10
41.991791787681095
 20
36.66709396962024
 10
41.991791787681095
 20
37.17397409020715
 10
40.25170849603917
 20
37.17397409020715
 10
40.23219392912496
 20
37.17493277940427
 10
40.212867298157875
 20
37.17779961429456
 10
40.19391472915916
 20
37.18254698569086
 10
40.17551874572878
 20
37.189129173811466
 10
40.157856511243466
 20
37.197482788586555
 10
40.14109812267641
 20
37.20752738013931
 10
40.12540497247063
 20
37.21916621356216
 10
40.11092819424135
 20
37.2322872005268
 10
40.097807207276745
 20
37.24676397875608
 10
40.086168373853894
 20
37.26245712896184
 10
40.076123782301124
 20
37.27921551752888
 10
40.067770167526035
 20
37.29687775201421
 10
40.06118797940543
 20
37.31527373544459
 10
40.056440608009126
 20
37.33422630444332
 10
40.05357377311883
 20
37.35355293541039
 10
40.05261508392172
 20
37.3730675023246
 10
40.05261508392172
 20
39.0767671388941
 10
40.05356886698506
 20
39.09623182863912
 10
40.05642107772975
 20
39.11551002209363
 10
40.06114438837763
 20
39.13441700983694
 10
40.067693543652254
 20
39.15277163906748
 10
40.07600579438164
 20
39.17039804927529
 10
40.08600149871447
 20
39.18712735720756
 10
40.09758488518952
 20
39.20279927498338
 10
40.110644970347096
 20
39.21726364585383
 10
40.12505662209075
 20
39.23038188289323
 10
40.1406817586105
 20
39.24202829683664
 10
40.15737067138092
 20
39.25209130034172
 10
40.1749634595577
 20
39.260474477136256
 10
40.19329156202956
 20
39.267097505807726
 10
40.212179372446315
 20
39.27189692938377
 10
40.231445921749426
 20
39.27482676333007
 10
40.25090661208384
 20
39.27585893614021
 10
42.26160488752818
 20
39.28395744501077
 10
42.26160488752818
 20
39.791637841172815
 10
39.22827393175659
 20
39.791637841172815
 10
39.22827393175659
 20
33.9785101622453
 10
42.26160488752818
 20
33.9785101622453
 10
42.26160488752818
 20
34.485390282832185
 10
40.25170849603917
 20
34.485390282832185
 10
40.23219392912496
 20
34.486348972029305
 10
40.212867298157875
 20
34.48921580691959
  0
LWPOLYLINE
  5
4D
330
17
100
AcDbEntity
  8
0
100
AcDbPolyline
 90
162
 70
1
 10
21.863958288053624
 20
34.88513885675722
 10
21.853913696500868
 20
34.86838046819018
 10
21.842274863078018
 20
34.852687317984405
 10
21.82915387611338
 20
34.838210539755124
 10
21.814677097884115
 20
34.8250895527905
 10
21.798983947678337
 20
34.81345071936765
 10
21.782225559111296
 20
34.803406127814895
 10
21.764563324625968
 20
34.79505251303979
 10
21.746167341195587
 20
34.7884703249192
 10
21.72721477219686
 20
34.7837229535229
 10
21.707888141229787
 20
34.7808561186326
 10
21.688373574315577
 20
34.77989742943549
 10
20.759188122626327
 20
34.77989742943549
 10
20.739673555712116
 20
34.7808561186326
 10
20.720346924745044
 20
34.7837229535229
 10
20.701394355746316
 20
34.7884703249192
 10
20.682998372315936
 20
34.79505251303979
 10
20.665336137830607
 20
34.803406127814895
 10
20.648577749263566
 20
34.81345071936765
 10
20.632884599057803
 20
34.8250895527905
 10
20.618407820828523
 20
34.838210539755124
 10
20.605286833863886
 20
34.852687317984405
 10
20.593648000441036
 20
34.86838046819018
 10
20.58360340888828
 20
34.88513885675722
 10
20.57524979411319
 20
34.90280109124255
 10
20.568667605992587
 20
34.92119707467293
 10
20.56392023459628
 20
34.94014964367166
 10
20.561053399705997
 20
34.95947627463873
 10
20.560094710508878
 20
34.97899084155293
 10
20.560094710508878
 20
39.99073125329025
 10
20.561053399705997
 20
40.01024582020446
 10
20.56392023459628
 20
40.02957245117153
 10
20.568667605992587
 20
40.048525020170246
 10
20.57524979411319
 20
40.066921003600626
 10
20.58360340888828
 20
40.08458323808597
 10
20.593648000441036
 20
40.101341626652996
 10
20.605286833863886
 20
40.11703477685877
 10
20.618407820828523
 20
40.13151155508805
 10
20.632884599057803
 20
40.14463254205269
 10
20.648577749263566
 20
40.15627137547553
 10
20.665336137830607
 20
40.1663159670283
 10
20.682998372315936
 20
40.174669581803386
 10
20.701394355746316
 20
40.18125176992399
 10
20.720346924745044
 20
40.185999141320295
 10
20.739673555712116
 20
40.18886597621058
 10
20.759188122626327
 20
40.1898246654077
 10
22.18869378513672
 20
40.1898246654077
 10
22.20824412351142
 20
40.188862449768735
 10
22.22760548886957
 20
40.185985103601
 10
22.246590734802453
 20
40.18122043925095
 10
22.265016350461053
 20
40.174614511829134
 10
22.28270423436672
 20
40.166231174042764
 10
22.299483415935015
 20
40.15615145899724
 10
22.315191708072533
 20
40.144472796932476
 10
22.32967727487275
 20
40.13130807346492
 10
22.342800099257587
 20
40.11678453843844
 10
22.354433336378534
 20
40.101042575930904
 10
22.364464539695348
 20
40.08423434730568
 10
22.37279674788111
 20
40.06652232042421
 10
22.379349422047696
 20
40.04807769923626
 10
23.19654025934983
 20
37.33122163268348
 10
24.013686325417368
 20
40.048074872763294
 10
24.0202388125699
 20
40.06651980104171
 10
24.028570884999624
 20
40.08423214239188
 10
24.038602003264515
 20
40.1010406858575
 10
24.050235204613145
 20
40.11678295676934
 10
24.063358040245618
 20
40.13130678725727
 10
24.077843662265636
 20
40.144471787134705
 10
24.093552049817106
 20
40.156150700937474
 10
24.110331362553097
 20
40.16623063800016
 10
24.128019408354334
 20
40.174614163679294
 10
24.146445211110006
 20
40.18122024117568
 10
24.165430663406255
 20
40.185985014851966
 10
24.184792248147275
 20
40.18886242747374
 10
24.204342812467473
 20
40.1898246654077
 10
25.63389587238045
 20
40.1898246654077
 10
25.65341043929466
 20
40.18886597621058
 10
25.672737070261746
 20
40.185999141320295
 10
25.69168963926046
 20
40.18125176992399
 10
25.71008562269084
 20
40.174669581803386
 10
25.727747857176155
 20
40.1663159670283
 10
25.74450624574321
 20
40.15627137547553
 10
25.760199395948973
 20
40.14463254205269
 10
25.774676174178254
 20
40.13151155508805
 10
25.787797161142876
 20
40.11703477685877
 10
25.799435994565727
 20
40.101341626652996
 10
25.809480586118497
 20
40.08458323808597
 10
25.817834200893586
 20
40.066921003600626
 10
25.82441638901419
 20
40.048525020170246
 10
25.829163760410495
 20
40.02957245117153
 10
25.832030595300793
 20
40.01024582020446
 10
25.8329892844979
 20
39.99073125329025
 10
25.8329892844979
 20
34.97899084155293
 10
25.832030595300793
 20
34.95947627463873
 10
25.829163760410495
 20
34.94014964367166
 10
25.82441638901419
 20
34.92119707467293
 10
25.817834200893586
 20
34.90280109124255
 10
25.809480586118497
 20
34.88513885675722
 10
25.799435994565727
 20
34.86838046819018
 10
25.787797161142876
 20
34.852687317984405
 10
25.774676174178254
 20
34.838210539755124
 10
25.760199395948973
 20
34.8250895527905
 10
25.74450624574321
 20
34.81345071936765
 10
25.727747857176155
 20
34.803406127814895
 10
25.71008562269084
 20
34.79505251303979
 10
25.69168963926046
 20
34.7884703249192
 10
25.672737070261746
 20
34.7837229535229
 10
25.65341043929466
 20
34.7808561186326
 10
25.63389587238045
 20
34.77989742943549
 10
24.711826802139186
 20
34.77989742943549
 10
24.692312235224975
 20
34.7808561186326
 10
24.67298560425789
 20
34.7837229535229
 10
24.65403303525919
 20
34.7884703249192
 10
24.63563705182881
 20
34.79505251303979
 10
24.61797481734348
 20
34.803406127814895
 10
24.601216428776425
 20
34.81345071936765
 10
24.585523278570662
 20
34.8250895527905
 10
24.57104650034138
 20
34.838210539755124
 10
24.55792551337676
 20
34.852687317984405
 10
24.54628667995391
 20
34.86838046819018
 10
24.53624208840114
 20
34.88513885675722
 10
24.52788847362605
 20
34.90280109124255
 10
24.521306285505446
 20
34.92119707467293
 10
24.51655891410914
 20
34.94014964367166
 10
24.513692079218842
 20
34.95947627463873
 10
24.512733390021737
 20
34.97899084155293
 10
24.512733390021737
 20
37.7762833323215
 10
23.6443236630719
 20
34.92105741189546
 10
23.63773229394468
 20
34.902676629327175
 10
23.629372027495762
 20
34.88502995089475
 10
23.619323285261288
 20
34.86828712872227
 10
23.607682731060734
 20
34.85260922029359
 10
23.594562341139877
 20
34.83814703916077
 10
23.58008832701583
 20
34.82503970419398
 10
23.564399921386197
 20
34.81341330132835
 10
23.54764803878082
 20
34.80337967068091
 10
23.5299938238403
 20
34.79503533070532
 10
23.51160710118613
 20
34.78846054973312
 10
23.49266474179359
 20
34.78371857383293
 10
23.47334896158246
 20
34.78085501841531
 10
23.453845568592016
 20
34.77989742943549
 10
22.95352535777087
 20
34.77989742943549
 10
22.934022130290188
 20
34.780855002123516
 10
22.914706510804834
 20
34.78371850897919
 10
22.89576430264674
 20
34.78846040498304
 10
22.87737771718082
 20
34.79503507626917
 10
22.85972362105356
 20
34.80337927890007
 10
22.842971834854225
 20
34.813412747231
 10
22.827283499554483
 20
34.82503896601179
 10
22.812809526440077
 20
34.838146098798916
 10
22.799689145445285
 20
34.852608063747255
 10
22.788048565854098
 20
34.86828574643309
 10
22.77799976225144
 20
34.885028338041636
 10
22.769639397402514
 20
34.902674786047086
 10
22.763047892421795
 20
34.921055343429956
 10
21.887466986433026
 20
37.799746941572295
 10
21.887466986433026
 20
34.97899084155293
 10
21.886508297235906
 20
34.95947627463873
 10
21.883641462345622
 20
34.94014964367166
 10
21.878894090949316
 20
34.92119707467293
 10
21.872311902828727
 20
34.90280109124255
 10
21.863958288053624
 20
34.88513885675722
  0
LWPOLYLINE
  5
4E
330
17
100
AcDbEntity
  8
0
100
AcDbPolyline
 90
100
 70
1
 10
23.323045059202684
 20
36.486258859421056
 10
23.30733680592718
 20
36.47457995504992
 10
23.290557633491872
 20
36.46450000462032
 10
23.272869730780826
 20
36.456116441776146
 10
23.254444070541027
 20
36.44951030273701
 10
23.23545875674536
 20
36.44474544299537
 10
23.21609730302484
 20
36.44186792008402
 10
23.19654685881042
 20
36.44090554838007
 10
23.17699640033102
 20
36.44186763024891
 10
23.157634903953394
 20
36.44474486612671
 10
23.13864951952084
 20
36.449509444410864
 10
23.120223761347162
 20
36.456115310289164
 10
23.10253573435189
 20
36.464498610909544
 10
23.08575641248332
 20
36.4745783125871
 10
23.07004798606998
 20
36.48625698408236
 10
23.055562294075372
 20
36.49942173837991
 10
23.04243935640983
 20
36.51394532386364
 10
23.03080602048638
 20
36.52968735434162
 10
23.020774735103018
 20
36.54649566603064
 10
23.012442463503234
 20
36.56420778838411
 10
23.005889746121184
 20
36.58265251454604
 10
22.040673576505057
 20
39.791637841172815
 10
20.95828153474376
 20
39.791637841172815
 10
20.95828153474376
 20
35.17808425367038
 10
21.489280162198142
 20
35.17808425367038
 10
21.489280162198142
 20
38.974070509568136
 10
21.49023885139526
 20
38.99358507648235
 10
21.493105686285546
 20
39.01291170744942
 10
21.49785305768185
 20
39.03186427644813
 10
21.50443524580244
 20
39.05026025987851
 10
21.512788860577544
 20
39.067922494363856
 10
21.5228334521303
 20
39.08468088293088
 10
21.53447228555315
 20
39.10037403313666
 10
21.547593272517773
 20
39.11485081136594
 10
21.562070050747053
 20
39.12797179833058
 10
21.57776320095283
 20
39.13961063175341
 10
21.59452158951987
 20
39.14965522330618
 10
21.6121838240052
 20
39.15800883808127
 10
21.63057980743558
 20
39.164591026201876
 10
21.64953237643431
 20
39.16933839759818
 10
21.66885900740138
 20
39.172205232488466
 10
21.688373574315577
 20
39.173163921685585
 10
21.73838460511942
 20
39.173163921685585
 10
21.75788783260009
 20
39.17220634899755
 10
21.77720345208546
 20
39.16934284214189
 10
21.796145660243553
 20
39.16460094613802
 10
21.814532245709472
 20
39.15802627485189
 10
21.83218634183673
 20
39.149682072221
 10
21.848938128036067
 20
39.13964860389008
 10
21.86462646333581
 20
39.12802238510929
 10
21.879100436450216
 20
39.11491525232216
 10
21.892220817445008
 20
39.10045328737381
 10
21.903861397036195
 20
39.08477560468799
 10
21.913910200638853
 20
39.06803301307943
 10
21.92227056548778
 20
39.05038656507398
 10
21.928862070468483
 20
39.03200600769111
 10
23.101068326662414
 20
35.17808425367038
 10
23.30630092499858
 20
35.17808425367038
 10
24.478460829360984
 20
39.03200393922562
 10
24.485052198488205
 20
39.050384721793904
 10
24.493412464937137
 20
39.06803140022632
 10
24.50346120717161
 20
39.08477422239879
 10
24.515101761372136
 20
39.10045213082748
 10
24.528222151293008
 20
39.11491431196029
 10
24.54269616541704
 20
39.12802164692708
 10
24.558384571046673
 20
39.13964804979271
 10
24.575136453652064
 20
39.14968168044017
 10
24.59279066859257
 20
39.15802602041575
 10
24.611177391246756
 20
39.16460080138795
 10
24.63011975063931
 20
39.169342777288136
 10
24.64943553085041
 20
39.17220633270577
 10
24.66893892384087
 20
39.173163921685585
 10
24.711826802139186
 20
39.173163921685585
 10
24.731341369053382
 20
39.172205232488466
 10
24.750668000020468
 20
39.16933839759818
 10
24.76962056901918
 20
39.164591026201876
 10
24.788016552449562
 20
39.15800883808127
 10
24.80567878693489
 20
39.14965522330618
 10
24.822437175501946
 20
39.13961063175341
 10
24.83813032570771
 20
39.12797179833058
 10
24.85260710393699
 20
39.11485081136594
 10
24.865728090901612
 20
39.10037403313666
 10
24.87736692432445
 20
39.08468088293088
 10
24.88741151587722
 20
39.067922494363856
 10
24.895765130652308
 20
39.05026025987851
 10
24.90234731877291
 20
39.03186427644813
 10
24.90709469016923
 20
39.01291170744942
 10
24.909961525059515
 20
38.99358507648235
 10
24.91092021425662
 20
38.974070509568136
 10
24.91092021425662
 20
35.17808425367038
 10
25.434802460263015
 20
35.17808425367038
 10
25.434802460263015
 20
39.791637841172815
 10
24.352365312625523
 20
39.791637841172815
 10
23.38720187008228
 20
36.58265534101899
 10
23.380649426143705
 20
36.56421051771517
 10
23.37231741712675
 20
36.54649827183785
 10
23.362286380927443
 20
36.52968981143705
 10
23.35065327838062
 20
36.51394760849678
 10
23.337530556028426
 20
36.4994238284673
 10
23.323045059202684
 20
36.486258859421056
  0
LWPOLYLINE
  5
4F
330
17
100
AcDbEntity
  8
0
100
AcDbPolyline
 90
69
 70
1
 10
35.51658598335332
 20
39.21321376755783
 10
35.52969609817657
 20
39.227457408539124
 10
35.544127565538744
 20
39.24036047673464
 10
35.55974394415745
 20
39.25180098100327
 10
35.57639759009106
 20
39.26167075791062
 10
35.59393105262788
 20
39.26987649435249
 10
35.61217856289264
 20
39.27634060977692
 10
35.630967601096614
 20
39.28100198966415
 10
35.65012052761362
 20
39.28381656332935
 10
35.66945626246137
 20
39.28475772058589
 10
35.846532958586664
 20
39.28475772058589
 10
35.865906857885065
 20
39.28381283552464
 10
35.88509686251987
 20
39.28098714907341
 10
35.903920823332896
 20
39.27630748229964
 10
35.92220006560885
 20
39.269818254023406
 10
35.93976108503358
 20
39.26158105919947
 10
35.956437194575784
 20
39.251674084265574
 10
35.97207010665956
 20
39.24019136500641
 10
35.98651143561074
 20
39.227241893977535
 10
35.99962410611532
 20
39.21294858596147
 10
36.01128365432149
 20
39.19744711127575
 10
36.021379409235095
 20
39.18088460800698
 10
36.0298155431952
 20
39.16341828539426
 10
36.036511981458275
 20
39.145213931618514
 10
36.0414051622579
 20
39.12644434016141
 10
36.66531748589544
 20
36.14500552421676
 10
36.66838809710019
 20
36.12559904598439
 10
36.669530924505295
 20
36.105984408692905
 10
36.66873483800653
 20
36.086352641150455
 10
36.666007590765616
 20
36.06689493899832
 10
36.66137574370144
 20
36.04780080263846
 10
36.65488440681074
 20
36.02925619167124
 10
36.64659679983755
 20
36.01144171381718
 10
36.636593636570254
 20
35.99453086596138
 10
36.62497233876216
 20
35.97868834445089
 10
36.61184608733207
 20
35.96406844110142
 10
36.597342720084356
 20
35.95081354053474
 10
36.58160348668471
 20
35.93905273348139
 10
36.56478167301616
 20
35.92890055955385
 10
36.54704110831338
 20
35.920455891734434
 10
36.52855456961426
 20
35.913800973441866
 10
36.50950209906807
 20
35.90900061755498
 10
36.49006925048781
 20
35.90610157519387
 10
36.470445282224205
 20
35.90513208040635
 10
35.03714782750555
 20
35.90513208040635
 10
35.017494179966505
 20
35.90610451714012
 10
34.99803252199271
 20
35.90901232794927
 10
34.97895296767099
 20
35.91382710745343
 10
34.960441898451975
 20
35.92050182176634
 10
34.94268014245549
 20
35.92897126795319
 10
34.92584120802424
 20
35.939152710975165
 10
34.91008958878179
 20
35.95094669189899
 10
34.89557915675242
 20
35.96423799947617
 10
34.88245165923935
 20
35.97889679560117
 10
34.87083533414527
 20
35.99477988365415
 10
34.860843657261356
 20
36.011732107338304
 10
34.85257423376234
 20
36.0295878663472
 10
34.84610784473573
 20
36.04817273405581
 10
34.84150765805995
 20
36.06730516143287
 10
34.838818611339505
 20
36.08679825052941
 10
34.83806697292535
 20
36.10646158021906
 10
34.83926008530855
 20
36.126103066355086
 10
34.84238629339424
 20
36.14553083817265
 10
35.474694728350045
 20
39.1269696541173
 10
35.47962693796933
 20
39.1456894224747
 10
35.486353875443726
 20
39.16384168765839
 10
35.494811941421034
 20
39.181254830367465
 10
35.504921169717676
 20
39.197764219281936
 10
35.51658598335332
 20
39.21321376755783
  0
LWPOLYLINE
  5
50
330
17
100
AcDbEntity
  8
0
100
AcDbPolyline
 90
4
 70
1
 10
35.28289352452357
 20
36.30331890464123
 10
36.2253758392515
 20
36.30331890464123
 10
35.75728428213726
 20
38.54014976199595
 10
35.28289352452357
 20
36.30331890464123
  0
LWPOLYLINE
  5
51
330
17
100
AcDbEntity
  8
0
100
AcDbPolyline
 90
92
 70
1
 10
7.764496075208754
 20
44.48602154932921
 10
7.865293317104047
 20
44.726875682567965
 10
7.871651077946709
 20
44.740582383426286
 10
7.879029998172783
 20
44.75376746240404
 10
8.013835934413564
 20
44.974547102876
 10
8.025096436927328
 20
44.991063421453546
 10
8.037956387996587
 20
45.00636732143734
 10
8.052286148032792
 20
45.02030452608972
 10
8.067941260483565
 20
45.03273453616096
 10
8.084763908081499
 20
45.04353204624495
 10
8.10258450378059
 20
45.0525882079676
 10
8.121223400342586
 20
45.05981172727395
 10
8.140492701338573
 20
45.065129784752344
 10
8.160198155309956
 20
45.06848876971799
 10
8.1801411139935
 20
45.069854820655635
 10
8.20012053487011
 20
45.06921416657343
 10
8.219935007849784
 20
45.06657326582656
 10
8.239384785662082
 20
45.06195874101137
 10
8.258273797483739
 20
45.05541711058622
 10
8.276411625504622
 20
45.04701431992463
 10
8.293615424506328
 20
45.03683507652808
 10
8.309711765102392
 20
45.02498199610005
 10
8.324538382058591
 20
45.01157456808973
 10
9.113347886334694
 20
44.22276504674272
 10
10.697531586711648
 20
42.63747766399088
 10
10.71092926744491
 20
42.6226519938851
 10
10.722773330584033
 20
42.606558003967365
 10
10.732944464041978
 20
42.58935781829115
 10
10.741340208118402
 20
42.57122470425857
 10
10.747875987635297
 20
42.55234132719771
 10
10.75248596391171
 20
42.532897910269455
 10
10.755123697994676
 20
42.51309031823955
 10
10.75576261846571
 20
42.493118084419876
 10
10.754396289109962
 20
42.47318240065414
 10
10.75103847375199
 20
42.453484090596234
 10
10.745722997604787
 20
42.43422158669763
 10
10.738503406528835
 20
42.415588931282684
 10
10.729452427633817
 20
42.39777382184833
 10
10.718661236656388
 20
42.38095572027878
 10
10.706238539494336
 20
42.365304045022256
 10
10.692309477149337
 20
42.350976464441274
 10
10.67701436510933
 20
42.3381173085281
 10
10.660507279869648
 20
42.326856114985404
 10
10.439879988191791
 20
42.19205017874462
 10
10.426703932311383
 20
42.18467066431501
 10
10.413006425886564
 20
42.17831110461938
 10
10.17241128559776
 20
42.077513862724075
 10
10.157832799225574
 20
42.07206573127657
 10
10.14287329681136
 20
42.06777298289212
 10
9.885222709025115
 20
42.0046249367342
 10
9.86960778836223
 20
42.00145430516257
 10
9.85378932932025
 20
41.999542498318576
 10
9.581995695150098
 20
41.97768414928997
 10
9.557075908164506
 20
41.97724511518696
 10
9.402405276142119
 20
41.98421274496516
 10
9.384566796853449
 20
41.985822814154844
 10
9.233744241454886
 20
42.0063101298345
 10
9.216295167676464
 20
42.00947745256232
 10
9.069839944374905
 20
42.042861093660974
 10
9.052977941616717
 20
42.04749230850892
 10
8.911409305885329
 20
42.093148914544116
 10
8.888837939048358
 20
42.10197836992492
 10
8.655479445826742
 20
42.21007243137119
 10
8.64213775206754
 20
42.21687310422345
 10
8.629344954528477
 20
42.22465733666681
 10
8.41651339825276
 20
42.365394983784924
 10
8.404490152461975
 20
42.374003889192636
 10
8.39313905149585
 20
42.38348145209254
 10
8.20409771159592
 20
42.553625590401595
 10
8.193516529664919
 20
42.5638828198249
 10
8.183723047332137
 20
42.57489462577564
 10
8.021735203237895
 20
42.77120816079473
 10
8.012726618568266
 20
42.78299403479264
 10
8.004620597479985
 20
42.7954179571105
 10
7.872949528621305
 20
43.0146637943587
 10
7.865691225226314
 20
43.02785544320612
 10
7.85945059664725
 20
43.041557892710685
 10
7.761359582454048
 20
43.280498937707094
 10
7.756083666329005
 20
43.29490758248838
 10
7.751933073474362
 20
43.30967974936891
 10
7.690685393376526
 20
43.56507890763261
 10
7.687643410867281
 20
43.58038712898754
 10
7.685809911506354
 20
43.59588659926014
 10
7.664668844933757
 20
43.864506776310236
 10
7.664055179642361
 20
43.88031139169291
 10
7.6646980217524145
 20
43.89611484721712
 10
7.68655637078102
 20
44.1674438175653
 10
7.688467406139395
 20
44.18324386649691
 10
7.6916343562945855
 20
44.19884079020311
 10
7.754782402452477
 20
44.45654470006727
 10
7.7590639809576345
 20
44.4714726926768
 10
7.764496075208754
 20
44.48602154932921
  0
LWPOLYLINE
  5
52
330
17
100
AcDbEntity
  8
0
100
AcDbPolyline
 90
21
 70
1
 10
8.648503890827925
 20
42.68935908386092
 10
8.836457628439916
 20
42.56507221934963
 10
9.045182733040733
 20
42.46838859763686
 10
9.166867257202327
 20
42.429144718853095
 10
9.296135756026942
 20
42.39967869454314
 10
9.429280180925943
 20
42.38159272685293
 10
9.562521664357817
 20
42.375590441121545
 10
9.805948617042432
 20
42.3951674680486
 10
10.032935786031885
 20
42.450800161720124
 10
10.236098303813336
 20
42.535915020749684
 10
8.831713756882237
 20
43.941277986074866
 10
8.222942028287562
 20
44.55004971466954
 10
8.13782283657126
 20
44.34665814603808
 10
8.082176275991827
 20
44.119567410784654
 10
8.062872076711429
 20
43.879943251279784
 10
8.081541840125396
 20
43.642723660843146
 10
8.13555517856011
 20
43.417491274094814
 10
8.222075607054464
 20
43.20673515368952
 10
8.338324592732917
 20
43.01316866702507
 10
8.481452763531863
 20
42.83971122441595
 10
8.648503890827925
 20
42.68935908386092
  0
LWPOLYLINE
  5
53
330
17
100
AcDbEntity
  8
0
100
AcDbPolyline
 90
85
 70
1
 10
11.190579690922775
 20
44.86991565528895
 10
11.199664246734741
 20
44.854871114338394
 10
11.20738667197486
 20
44.839084046367276
 10
11.388317369399331
 20
44.42369447952673
 10
11.39544093540907
 20
44.404767913710856
 10
11.40060778276667
 20
44.38521634664677
 10
11.448418801765953
 20
44.15817723379466
 10
11.45221520541756
 20
44.13091713128169
 10
11.468643325016018
 20
43.89389377673079
 10
11.469116705933274
 20
43.87901393573735
 10
11.468476889343648
 20
43.864140321777896
 10
11.446618540315043
 20
43.592812303609676
 10
11.444707482357984
 20
43.57701214292882
 10
11.441540491839532
 20
43.561415111444845
 10
11.378392445681627
 20
43.30371278854729
 10
11.374110875656157
 20
43.28878489225012
 10
11.368678804307223
 20
43.27423612836442
 10
11.267881562411944
 20
43.03338231251898
 10
11.26152407697731
 20
43.01967616639442
 10
11.254145514464753
 20
43.006491596705274
 10
11.119339578223972
 20
42.785709099693435
 10
11.108079132305207
 20
42.7691926655926
 10
11.095219221068675
 20
42.75388864910394
 10
11.08088948452594
 20
42.739951329120814
 10
11.065234379911288
 20
42.727521206949206
 10
11.048411725416926
 20
42.71672358992227
 10
11.030591109236966
 20
42.70766732818451
 10
11.01195217995874
 20
42.70044371737977
 10
10.992682835536044
 20
42.69512557830524
 10
10.972977329100743
 20
42.691766522809274
 10
10.953034310708404
 20
42.69040041333348
 10
10.933054824758742
 20
42.69104102154742
 10
10.91324028327874
 20
42.69368188951724
 10
10.893790435499866
 20
42.6982963948077
 10
10.874901354197775
 20
42.704838018861366
 10
10.856763459094111
 20
42.71324081594955
 10
10.839559597246478
 20
42.723420077967205
 10
10.823463199777947
 20
42.73527318837047
 10
10.808636533528144
 20
42.748680656648006
 10
8.835068435249141
 20
44.722248754937155
 10
8.43569792091516
 20
45.12162604032865
 10
8.4222997227361
 20
45.136441626621064
 10
8.41045355695529
 20
45.15252521042342
 10
8.400278671657134
 20
45.169714888163355
 10
8.391877491170547
 20
45.187837621899334
 10
8.385334585026172
 20
45.206710981187484
 10
8.380715816646685
 20
45.226144979496894
 10
8.378067680340166
 20
45.24594398668755
 10
8.37741683327043
 20
45.26590869829893
 10
8.378769827115704
 20
45.285838141825735
 10
8.38211304211687
 20
45.305531699784865
 10
8.387412824179265
 20
45.324791129208506
 10
8.394615823647811
 20
45.34342255723456
 10
8.403649532345227
 20
45.36123843270572
 10
8.414423013467385
 20
45.378059414132025
 10
8.426827816988364
 20
45.39371617501156
 10
8.440739071360355
 20
45.40805110833655
 10
8.456016740518805
 20
45.420919913126355
 10
8.472507033539785
 20
45.43219304701698
 10
8.69264469312111
 20
45.566997925280006
 10
8.70589223571136
 20
45.57443076548756
 10
8.71966791188683
 20
45.5808319563252
 10
8.960192379262821
 20
45.68162687066946
 10
8.974774485483238
 20
45.68707777616601
 10
8.989737907542136
 20
45.69137267928983
 10
9.247320361562117
 20
45.75451839789672
 10
9.262926717832329
 20
45.757688492876994
 10
9.278736515292763
 20
45.75960112521933
 10
9.550048134806062
 20
45.78145841627021
 10
9.578642954564259
 20
45.7817017902851
 10
9.797187934460794
 20
45.767834876090475
 10
9.822235509241125
 20
45.7646411500714
 10
10.032460975407531
 20
45.724150014537756
 10
10.056661334130439
 20
45.71789078515536
 10
10.256902875991372
 20
45.65243983885803
 10
10.279818332063826
 20
45.64334364819176
 10
10.468411539043927
 20
45.55459730170607
 10
10.485474185906611
 20
45.545531977789594
 10
10.501577762008395
 20
45.53485542158427
 10
10.862851344426815
 20
45.2692272584724
 10
10.876347974429322
 20
45.258368421046185
 10
10.888849611449373
 20
45.246377489327074
 10
10.90026161421602
 20
45.23334523838844
 10
11.180203792914043
 20
44.88410043964494
 10
11.190579690922775
 20
44.86991565528895
  0
LWPOLYLINE
  5
54
330
17
100
AcDbEntity
  8
0
100
AcDbPolyline
 90
18
 70
1
 10
11.055935189030464
 20
44.089623230575214
 10
11.015150172169598
 20
44.283298124764116
 10
10.852919079287929
 20
44.65575622258531
 10
10.605916666491254
 20
44.963906671179885
 10
10.28132563290714
 20
45.202563811390235
 10
10.121452456282086
 20
45.2777953669363
 10
9.94485411658448
 20
45.33551829665572
 10
9.759348004489127
 20
45.3712482834368
 10
9.567734450122913
 20
45.383406369695194
 10
9.3266233234
 20
45.36398207787224
 10
9.099699843215276
 20
45.308352332905486
 10
8.89702381862513
 20
45.22341830203092
 10
9.116630829428061
 20
45.00380756793933
 10
10.910232053517205
 20
43.210206343850174
 10
10.995352145243174
 20
43.413599795018314
 10
11.0509986577447
 20
43.64068893562181
 10
11.070377952159049
 20
43.88124441124627
 10
11.055935189030464
 20
44.089623230575214
  0
LWPOLYLINE
  5
55
330
17
100
AcDbEntity
  8
0
100
AcDbPolyline
 90
69
 70
1
 10
52.36794532178486
 20
15.085150019858254
 10
52.37798991333763
 20
15.101908408425288
 10
52.389628746760465
 20
15.117601558631065
 10
52.40274973372509
 20
15.132078336860346
 10
52.41722651195437
 20
15.145199323824976
 10
52.43291966216013
 20
15.156838157247819
 10
52.44967805072719
 20
15.166882748800582
 10
52.467340285212515
 20
15.175236363575678
 10
52.485736268642896
 20
15.181818551696274
 10
52.50468883764161
 20
15.18656592309258
 10
52.524015468608695
 20
15.189432757982864
 10
52.54353003552289
 20
15.190391447179984
 10
53.652631506701155
 20
15.190391447179984
 10
53.67169949032808
 20
15.189476234542113
 10
53.69059216670189
 20
15.186739010911701
 10
53.709135840309585
 20
15.182204941778956
 10
53.727160024300176
 20
15.175915712474684
 10
53.744499007907095
 20
15.16792914492357
 10
53.76099337995987
 20
15.158318666040948
 10
53.77649149447892
 20
15.147172632660272
 10
53.79085086487849
 20
15.134593519197978
 10
53.80393947395997
 20
15.120696975524076
 10
53.8156369876519
 20
15.105610763700156
 10
53.825835861337424
 20
15.089473583360466
 10
53.83444232859813
 20
15.072433796534945
 10
53.841377263283974
 20
15.054648063638261
 10
53.84657690698323
 20
15.036279903165052
 10
53.849993455204796
 20
15.017498188333363
 10
53.85159549688309
 20
14.998475594497883
 10
53.851368303165245
 20
14.979387011606953
 10
53.84931396282512
 20
14.96040793629924
 10
53.84545136305971
 20
14.941712858422399
 10
53.45142311462614
 20
13.409471260987786
 10
53.445408630374985
 20
13.390194694254852
 10
53.43747246974718
 20
13.371626511783063
 10
53.42769627243122
 20
13.353957725411163
 10
53.41618060666683
 20
13.337370094844403
 10
53.403043934694196
 20
13.322034257883217
 10
53.38842139412694
 20
13.308107975063486
 10
53.37246340778459
 20
13.295734506765804
 10
53.355334136285364
 20
13.285041139488719
 10
53.33720978931757
 20
13.276137876446036
 10
53.3182768129615
 20
13.269116305958086
 10
53.29872997170921
 20
13.264048659278089
 10
53.27877034491209
 20
13.260987067545528
 10
53.258603258267584
 20
13.259963025510487
 10
52.54353003552289
 20
13.259963025510487
 10
52.524015468608695
 20
13.2609217147076
 10
52.50468883764161
 20
13.263788549597884
 10
52.485736268642896
 20
13.26853592099419
 10
52.467340285212515
 20
13.275118109114786
 10
52.44967805072719
 20
13.283471723889889
 10
52.43291966216013
 20
13.293516315442645
 10
52.41722651195437
 20
13.305155148865488
 10
52.40274973372509
 20
13.318276135830118
 10
52.389628746760465
 20
13.332752914059398
 10
52.37798991333763
 20
13.348446064265175
 10
52.36794532178486
 20
13.36520445283221
 10
52.35959170700977
 20
13.382866687317545
 10
52.353009518889166
 20
13.401262670747926
 10
52.34826214749286
 20
13.420215239746646
 10
52.34539531260256
 20
13.439541870713725
 10
52.34443662340546
 20
13.459056437627929
 10
52.34443662340546
 20
14.991298035062542
 10
52.34539531260256
 20
15.010812601976745
 10
52.34826214749286
 20
15.030139232943817
 10
52.353009518889166
 20
15.049091801942538
 10
52.35959170700977
 20
15.067487785372919
 10
52.36794532178486
 20
15.085150019858254
  0
LWPOLYLINE
  5
56
330
17
100
AcDbEntity
  8
0
100
AcDbPolyline
 90
5
 70
1
 10
53.39586195147322
 20
14.7922046229451
 10
52.74262344764034
 20
14.7922046229451
 10
52.74262344764034
 20
13.658149849745364
 10
53.104230646945425
 20
13.658149849745364
 10
53.39586195147322
 20
14.7922046229451
  0
LWPOLYLINE
  5
57
330
17
100
AcDbEntity
  8
0
100
AcDbPolyline
 90
69
 70
1
 10
60.996490113663484
 20
15.311326916788687
 10
61.006534705216254
 20
15.328085305355721
 10
61.01817353863909
 20
15.343778455561498
 10
61.03129452560371
 20
15.358255233790779
 10
61.04577130383299
 20
15.371376220755408
 10
61.061464454038756
 20
15.383015054178252
 10
61.07822284260581
 20
15.393059645731014
 10
61.09588507709114
 20
15.40141326050611
 10
61.11428106052152
 20
15.407995448626707
 10
61.133233629520234
 20
15.412742820023013
 10
61.15256026048732
 20
15.415609654913297
 10
61.17207482740152
 20
15.416568344110416
 10
62.19353529576375
 20
15.416568344110416
 10
62.21304986267795
 20
15.415609654913297
 10
62.232376493645035
 20
15.412742820023013
 10
62.25132906264375
 20
15.407995448626707
 10
62.26972504607413
 20
15.40141326050611
 10
62.28738728055946
 20
15.393059645731014
 10
62.30414566912651
 20
15.383015054178252
 10
62.319838819332276
 20
15.371376220755408
 10
62.334315597561556
 20
15.358255233790779
 10
62.34743658452618
 20
15.343778455561498
 10
62.359075417949015
 20
15.328085305355721
 10
62.369120009501785
 20
15.311326916788687
 10
62.377473624276874
 20
15.293664682303351
 10
62.38405581239748
 20
15.27526869887297
 10
62.38880318379378
 20
15.25631612987425
 10
62.39167001868408
 20
15.236989498907178
 10
62.39262870788119
 20
15.217474931992975
 10
62.39262870788119
 20
14.196014463631187
 10
62.39167001868408
 20
14.176499896716983
 10
62.38880318379378
 20
14.157173265749904
 10
62.38405581239748
 20
14.138220696751183
 10
62.377473624276874
 20
14.119824713320803
 10
62.369120009501785
 20
14.102162478835467
 10
62.359075417949015
 20
14.085404090268433
 10
62.34743658452618
 20
14.069710940062663
 10
62.334315597561556
 20
14.055234161833383
 10
62.319838819332276
 20
14.042113174868753
 10
62.30414566912651
 20
14.030474341445903
 10
62.28738728055946
 20
14.020429749893147
 10
62.26972504607413
 20
14.01207613511805
 10
62.25132906264375
 20
14.005493946997454
 10
62.232376493645035
 20
14.000746575601141
 10
62.21304986267795
 20
13.997879740710857
 10
62.19353529576375
 20
13.996921051513745
 10
61.17207482740152
 20
13.996921051513745
 10
61.15256026048732
 20
13.997879740710857
 10
61.133233629520234
 20
14.000746575601141
 10
61.11428106052152
 20
14.005493946997454
 10
61.09588507709114
 20
14.01207613511805
 10
61.07822284260581
 20
14.020429749893147
 10
61.061464454038756
 20
14.030474341445903
 10
61.04577130383299
 20
14.042113174868753
 10
61.03129452560371
 20
14.055234161833383
 10
61.01817353863909
 20
14.069710940062663
 10
61.006534705216254
 20
14.085404090268433
 10
60.996490113663484
 20
14.102162478835467
 10
60.988136498888394
 20
14.119824713320803
 10
60.98155431076779
 20
14.138220696751183
 10
60.976806939371485
 20
14.157173265749904
 10
60.97394010448119
 20
14.176499896716983
 10
60.97298141528408
 20
14.196014463631187
 10
60.97298141528408
 20
15.217474931992975
 10
60.97394010448119
 20
15.236989498907178
 10
60.976806939371485
 20
15.25631612987425
 10
60.98155431076779
 20
15.27526869887297
 10
60.988136498888394
 20
15.293664682303351
 10
60.996490113663484
 20
15.311326916788687
  0
LWPOLYLINE
  5
58
330
17
100
AcDbEntity
  8
0
100
AcDbPolyline
 90
5
 70
1
 10
61.9944418836463
 20
15.018381519875533
 10
61.371168239518965
 20
15.018381519875533
 10
61.371168239518965
 20
14.395107875748629
 10
61.9944418836463
 20
14.395107875748629
 10
61.9944418836463
 20
15.018381519875533
  0
LWPOLYLINE
  5
59
330
17
100
AcDbEntity
  8
0
100
AcDbPolyline
 90
192
 70
1
 10
60.57344526338403
 20
16.24326390959078
 10
60.57346871241283
 20
16.242018195060894
 10
60.57461384746708
 20
16.16905082559233
 10
60.57462952572908
 20
16.167802295686464
 10
60.5753166067617
 20
16.09487309738639
 10
60.57532445960376
 20
16.093622874447185
 10
60.57555348661464
 20
16.020712761731353
 10
60.57552942146492
 20
16.01692937525361
 10
60.57255525125463
 20
15.829448500363114
 10
60.57234444049725
 20
15.822918356783589
 10
60.56343465358921
 20
15.640037107694262
 10
60.56298574558821
 20
15.633226881548396
 10
60.548159427566745
 20
15.454926172676018
 10
60.547442788068764
 20
15.447843667051039
 10
60.526719024518215
 20
15.274104412811383
 10
60.52449164644685
 20
15.259846599459152
 10
60.49231494188858
 20
15.09363024633953
 10
60.48674979744432
 20
15.071666145473415
 10
60.43771097921274
 20
14.915946863684034
 10
60.4291152507232
 20
14.893487047916842
 10
60.363223861610436
 20
14.748264837457754
 10
60.351577035547734
 20
14.726341481090422
 10
60.2688426183459
 20
14.59161634196164
 10
60.25216268219215
 20
14.56838084474088
 10
60.14976852276094
 20
14.445450596670781
 10
60.139446833547694
 20
14.433992060420572
 10
60.128269190194274
 20
14.423366825821923
 10
60.00354489720584
 20
14.313681973212141
 10
59.981249669431165
 20
14.296701811475629
 10
59.83419524288546
 20
14.200262354326242
 10
59.812783338090185
 20
14.188045412837411
 10
59.6433987779872
 20
14.104851351148525
 10
59.61971655461265
 20
14.09505732140694
 10
59.42250680315749
 20
14.028006483051804
 10
59.39889806449969
 20
14.021567999249903
 10
59.16837442575894
 20
13.97369817305286
 10
59.149431674517174
 20
13.970707894061384
 10
58.885603691282924
 20
13.941999994438241
 10
58.87047282796115
 20
13.94093478474992
 10
58.57335004302547
 20
13.931369726116472
 10
58.560537797442024
 20
13.93136973714477
 10
58.26343091715988
 20
13.940934795778219
 10
58.24829757313664
 20
13.942000301666738
 10
57.98450458014014
 20
13.970708201289888
 10
57.96555876109558
 20
13.97369939646731
 10
57.735070112592595
 20
14.021569222664354
 10
57.711462631642846
 20
14.02800805844754
 10
57.51426878484121
 20
14.095058896802684
 10
57.49061509187652
 20
14.104839615979309
 10
57.32117327502081
 20
14.188033677668194
 10
57.29974738121594
 20
14.200255856978586
 10
57.152673869086016
 20
14.296695314127966
 10
57.13035738765221
 20
14.313691951525563
 10
57.005652180248006
 20
14.423376804135344
 10
56.994461515671645
 20
14.434017094047988
 10
56.984129152284495
 20
14.445492677254137
 10
56.88179224960601
 20
14.568422925324235
 10
56.86517950909571
 20
14.59156399932003
 10
56.78238783514101
 20
14.726289138448813
 10
56.77071782058978
 20
14.748245079283095
 10
56.70480734589282
 20
14.893467289742183
 10
56.69619598386572
 20
14.915968039663952
 10
56.64717625121848
 20
15.071687321453325
 10
56.64160522061866
 20
15.093695152447616
 10
56.60948577281313
 20
15.259911505567239
 10
56.607282464394856
 20
15.274008066377284
 10
56.58647281571507
 20
15.447747320616948
 10
56.58574378345577
 20
15.454936718809734
 10
56.57092700822645
 20
15.633237427682111
 10
56.5704764619326
 20
15.64008886802408
 10
56.56161438898526
 20
15.822970117113414
 10
56.5614056133995
 20
15.829478890614098
 10
56.55846007156562
 20
16.016959765504595
 10
56.55843636725882
 20
16.020673674959014
 10
56.558651080081475
 20
16.093583787674852
 10
56.558658449008234
 20
16.094807977281768
 10
56.55932167306045
 20
16.16773717558184
 10
56.559337750366126
 20
16.169037811499265
 10
56.560478114024306
 20
16.242005180967823
 10
56.56050436970138
 20
16.24338090077498
 10
56.562147440858595
 20
16.316269759816784
 10
56.56367648769992
 20
16.388471950057884
 10
56.56477328486764
 20
16.460239409806718
 10
56.56543801550296
 20
16.532000601041034
 10
56.56566257851796
 20
16.604060202910375
 10
56.56566257851796
 20
19.296089730876794
 10
56.566621267715064
 20
19.315604297790998
 10
56.56948810260535
 20
19.334930928758077
 10
56.57423547400167
 20
19.353883497756797
 10
56.58081766212227
 20
19.372279481187178
 10
56.58917127689736
 20
19.389941715672514
 10
56.59921586845013
 20
19.406700104239547
 10
56.61085470187297
 20
19.422393254445325
 10
56.62397568883759
 20
19.436870032674605
 10
56.63845246706687
 20
19.449991019639235
 10
56.65414561727263
 20
19.461629853062078
 10
56.67090400583969
 20
19.471674444614834
 10
56.68856624032502
 20
19.480028059389937
 10
56.7069622237554
 20
19.486610247510527
 10
56.72591479275411
 20
19.49135761890684
 10
56.7452414237212
 20
19.494224453797123
 10
56.76475599063539
 20
19.495183142994236
 10
57.82275899094971
 20
19.495183142994236
 10
57.842273557863905
 20
19.494224453797123
 10
57.86160018883099
 20
19.49135761890684
 10
57.880552757829705
 20
19.486610247510527
 10
57.898948741260085
 20
19.480028059389937
 10
57.916610975745414
 20
19.471674444614834
 10
57.93336936431247
 20
19.461629853062078
 10
57.94906251451823
 20
19.449991019639235
 10
57.96353929274751
 20
19.436870032674605
 10
57.976660279712135
 20
19.422393254445325
 10
57.98829911313497
 20
19.406700104239547
 10
57.99834370468774
 20
19.389941715672514
 10
58.00669731946283
 20
19.372279481187178
 10
58.013279507583434
 20
19.353883497756797
 10
58.01802687897974
 20
19.334930928758077
 10
58.02089371387004
 20
19.315604297790998
 10
58.02185240306714
 20
19.296089730876794
 10
58.02185240306714
 20
15.984470976402939
 10
58.023197012897526
 20
15.839948011572552
 10
58.02717166577692
 20
15.708340104970759
 10
58.03371786273843
 20
15.588986542233393
 10
58.04257091084405
 20
15.484078437664209
 10
58.05494854964738
 20
15.395775103140316
 10
58.07184047417921
 20
15.322613071155644
 10
58.09242224562166
 20
15.262918352135685
 10
58.11509147858925
 20
15.216843422761173
 10
58.139592348870465
 20
15.181788289482377
 10
58.167971294511915
 20
15.153022887178672
 10
58.20262300358779
 20
15.12806921851191
 10
58.24580578932003
 20
15.106376131661882
 10
58.30241682162979
 20
15.087581717914574
 10
58.377336766962486
 20
15.072464395479408
 10
58.470831345857235
 20
15.062618384333398
 10
58.581600396357885
 20
15.059178642207804
 10
58.692311822010794
 20
15.062618179202978
 10
58.78579259027062
 20
15.072464442099026
 10
58.86075369946359
 20
15.087587063481479
 10
58.917393246658335
 20
15.106377794377686
 10
58.96052106323826
 20
15.128056521257179
 10
58.99521544824178
 20
15.153038971015143
 10
59.02362119622731
 20
15.181818330221205
 10
59.04810873508232
 20
15.216842694570332
 10
59.07074266318726
 20
15.26286683784302
 10
59.09129188974782
 20
15.322541567893978
 10
59.108160785985774
 20
15.39572457887278
 10
59.120534862463344
 20
15.4841004445043
 10
59.129428661932536
 20
15.58902017557299
 10
59.1359672874013
 20
15.708318903356862
 10
59.139918699878564
 20
15.839920926542781
 10
59.14124944757249
 20
15.984461318338795
 10
59.14124944757249
 20
19.296089730876794
 10
59.1422081367696
 20
19.315604297790998
 10
59.14507497165988
 20
19.334930928758077
 10
59.14982234305619
 20
19.353883497756797
 10
59.15640453117679
 20
19.372279481187178
 10
59.16475814595188
 20
19.389941715672514
 10
59.17480273750465
 20
19.406700104239547
 10
59.1864415709275
 20
19.422393254445325
 10
59.19956255789212
 20
19.436870032674605
 10
59.2140393361214
 20
19.449991019639235
 10
59.229732486327165
 20
19.461629853062078
 10
59.24649087489422
 20
19.471674444614834
 10
59.26415310937955
 20
19.480028059389937
 10
59.28254909280993
 20
19.486610247510527
 10
59.30150166180864
 20
19.49135761890684
 10
59.32082829277573
 20
19.494224453797123
 10
59.340342859689926
 20
19.495183142994236
 10
60.39834586000427
 20
19.495183142994236
 10
60.41799478545025
 20
19.494211174636384
 10
60.43745185990932
 20
19.49130475980641
 10
60.4565271056167
 20
19.486492276572882
 10
60.47503427296171
 20
19.4798207137475
 10
60.49279265901845
 20
19.471355212088987
 10
60.50962887191869
 20
19.461178428272525
 10
60.52537852384039
 20
19.449389727834607
 10
60.53988783608084
 20
19.436104214973632
 10
60.55301514054321
 20
19.421451608679128
 10
60.564632262975806
 20
19.405574976162868
 10
60.57462577445803
 20
19.38862933595884
 10
60.582898098914
 20
19.37078014433107
 10
60.589368465839755
 20
19.352201679768143
 10
60.593973698941824
 20
19.333075341337974
 10
60.596668832986964
 20
19.313587877517648
 10
60.59742755284019
 20
19.29392956279196
 10
60.56822899409556
 20
16.602982249915442
 10
60.56845169024501
 20
16.532017956784593
 10
60.5691270016825
 20
16.46029581774816
 10
60.57025250485623
 20
16.38859344958992
 10
60.571842074308194
 20
16.316288535812042
 10
60.57344526338403
 20
16.24326390959078
  0
LWPOLYLINE
  5
5A
330
17
100
AcDbEntity
  8
0
100
AcDbPolyline
 90
137
 70
1
 10
59.53942783433672
 20
15.981711909620216
 10
59.538069576925224
 20
15.834183524399307
 10
59.53798833080879
 20
15.830041270301415
 10
59.53390083485145
 20
15.693906978869926
 10
59.53369215124519
 20
15.688986432380965
 10
59.52685633115773
 20
15.56426532032313
 10
59.52644323192514
 20
15.558344674961042
 10
59.516840002123274
 20
15.445055827861097
 10
59.51562812809864
 20
15.434265143167458
 10
59.50129326387132
 20
15.331885297924288
 10
59.498129374817964
 20
15.314773367117311
 10
59.476952328641644
 20
15.222900135996618
 10
59.47119114164036
 20
15.202796223559297
 10
59.44316237072297
 20
15.121400978184724
 10
59.43357521980546
 20
15.09836284437253
 10
59.39868518135485
 20
15.027416956367716
 10
59.39144242452895
 20
15.014010747785647
 10
59.38319558965836
 20
15.001197720446164
 10
59.340311872343364
 20
14.939861424104684
 10
59.33012018545999
 20
14.926519729693936
 10
59.318840666216886
 20
14.914084146196451
 10
59.26684358242865
 20
14.86140316230643
 10
59.25462025242324
 20
14.850016723742456
 10
59.24148540150003
 20
14.839695073156577
 10
59.18038449403069
 20
14.795698030094321
 10
59.167246105513314
 20
14.787005485941762
 10
59.15346157128393
 20
14.779378940671698
 10
59.08326638292563
 20
14.744094466813529
 10
59.05654165033651
 20
14.733013590790996
 10
58.97466449396008
 20
14.70585003302584
 10
58.95134509756517
 20
14.699654043342804
 10
58.85534460885329
 20
14.680286946738327
 10
58.83682779596725
 20
14.677450418378577
 10
58.726703974919985
 20
14.665851154558496
 10
58.712031342883265
 20
14.664851875296364
 10
58.58778418950071
 20
14.660991815884394
 10
58.5754222958833
 20
14.660991727518649
 10
58.45111788574803
 20
14.664851786930619
 10
58.436445982866346
 20
14.665850778131926
 10
58.32630307623484
 20
14.677450041952014
 10
58.3077751665336
 20
14.680288464515094
 10
58.21179376340595
 20
14.699655561119577
 10
58.18844237298373
 20
14.705863147678059
 10
58.10662247336002
 20
14.733026705443208
 10
58.07998090645262
 20
14.74407253283701
 10
58.0097427755298
 20
14.779357006695179
 10
57.995932327879714
 20
14.78699473696831
 10
57.98277022076657
 20
14.795702338495914
 10
57.921674084693294
 20
14.839699381558162
 10
57.908525066872045
 20
14.850033975614124
 10
57.89628980174189
 20
14.861435676853837
 10
57.84431657493394
 20
14.914116660743858
 10
57.83304453805346
 20
14.926549272314524
 10
57.82285957188775
 20
14.939887004884397
 10
57.77999016876093
 20
15.00122330122587
 10
57.77176241784369
 20
15.014008713271437
 10
57.76453432131878
 20
15.027384709195388
 10
57.72962837821463
 20
15.098330597200203
 10
57.72005028769206
 20
15.121328648235533
 10
57.69198652653688
 20
15.202723893610106
 10
57.686216600354584
 20
15.222829984570346
 10
57.66500456394053
 20
15.31470321569104
 10
57.66182869989942
 20
15.33185525757034
 10
57.64747793101856
 20
15.43423510281351
 10
57.64625553353201
 20
15.445130492372726
 10
57.63669524629469
 20
15.558419339472671
 10
57.63628887777436
 20
15.564257737917444
 10
57.62944828629084
 20
15.688978849975278
 10
57.62924023618426
 20
15.693872135964163
 10
57.62512888324663
 20
15.830006427395652
 10
57.62504676666704
 20
15.834164209510043
 10
57.623674195067366
 20
15.981692594730951
 10
57.62366557883226
 20
15.983544835818982
 10
57.62366557883226
 20
19.096996318759352
 10
56.96384940275284
 20
19.096996318759352
 10
56.96384940275284
 20
16.603749981183398
 10
56.96384843599773
 20
16.60312953923485
 10
56.96362099945219
 20
16.530147855577894
 10
56.96361342516137
 20
16.528924155720127
 10
56.96293747738622
 20
16.4559520148554
 10
56.96292277242759
 20
16.454753836435565
 10
56.96180785621502
 20
16.381800781155142
 10
56.961786472754525
 20
16.380627787256238
 10
56.960242130896745
 20
16.30770336035222
 10
56.96023619514682
 20
16.307431821958303
 10
56.958605568320706
 20
16.235095010277355
 10
56.957486118547706
 20
16.163465837774105
 10
56.95683437511546
 20
16.091799067167038
 10
56.95662693374999
 20
16.021358125864083
 10
56.95949214539644
 20
15.83899018933063
 10
56.968030407706664
 20
15.662791224864051
 10
56.98226355967347
 20
15.491513666428247
 10
57.00179450508439
 20
15.328450274897449
 10
57.030402462535335
 20
15.180405688748593
 10
57.07238455929854
 20
15.047042620389526
 10
57.128159249269515
 20
14.924152839933605
 10
57.196952583312736
 20
14.812206903133557
 10
57.280251302700336
 20
14.712145908807678
 10
57.38277735034606
 20
14.621968805070267
 10
57.50775878097943
 20
14.540015629753512
 10
57.65459651916278
 20
14.467919921177135
 10
57.828042985188546
 20
14.408943786042123
 10
58.03712889189585
 20
14.3655190617473
 10
58.28383048980929
 20
14.338671173828374
 10
58.56694426297807
 20
14.3295566092726
 10
58.850075189787844
 20
14.338671238150567
 10
59.09681457724754
 20
14.36551967735491
 10
59.30593634691468
 20
14.408945257580292
 10
59.479383003899926
 20
14.467916701309342
 10
59.626157422615734
 20
14.540005680597481
 10
59.751138158371816
 20
14.621969036570995
 10
59.853706960594195
 20
14.712169940377002
 10
59.937032038908114
 20
14.812206628060068
 10
60.00575502384733
 20
14.924115480753066
 10
60.06153040503304
 20
15.04704237991323
 10
60.10354232757615
 20
15.180448253890624
 10
60.13219017104619
 20
15.328435443122864
 10
60.15163713577451
 20
15.491470556937074
 10
60.16588562674188
 20
15.662822340715557
 10
60.17447034589681
 20
15.8390312869385
 10
60.177362684285825
 20
16.021353781386125
 10
60.17714156352069
 20
16.091746962729673
 10
60.1764662532367
 20
16.163426772353688
 10
60.17534069045482
 20
16.235147007500245
 10
60.17375124071883
 20
16.307545812243895
 10
60.172148117605744
 20
16.38046723868588
 10
60.17212454635077
 20
16.381718341735592
 10
60.17097941129653
 20
16.454671397016014
 10
60.170963713020996
 20
16.455921643426073
 10
60.17027663198847
 20
16.528893784290794
 10
60.170268787615626
 20
16.530143516865763
 10
60.17003976060481
 20
16.603125200522726
 10
60.170050499563004
 20
16.605910149268233
 10
60.19708043266863
 20
19.096996318759352
 10
59.53943627180736
 20
19.096996318759352
 10
59.53943627180736
 20
15.983544835818982
 10
59.53942783433672
 20
15.981711909620216
  0
LWPOLYLINE
  5
5B
330
17
100
AcDbEntity
  8
0
100
AcDbPolyline
 90
320
 70
1
 10
45.854437907750466
 20
14.074456203687866
 10
45.77620689319589
 20
14.041584465770349
 10
45.763665016222774
 20
14.03680523383786
 10
45.67860613390738
 20
14.00763609926237
 10
45.667274338383905
 20
14.004123774622208
 10
45.57539235970383
 20
13.97861907222022
 10
45.565227533189585
 20
13.97608356083586
 10
45.46652722954087
 20
13.954205119438804
 10
45.45555266268437
 20
13.952093721191481
 10
45.348366431144214
 20
13.93457633579277
 10
45.33743013898997
 20
13.933098930735952
 10
45.22023351851756
 20
13.920562882823006
 10
45.21083068777527
 20
13.919781946628227
 10
45.08361413557847
 20
13.912246321785325
 10
45.07549089147831
 20
13.911931403370211
 10
44.938244864764954
 20
13.90941528718163
 10
44.92892473506336
 20
13.90946261546928
 10
44.72871138978893
 20
13.915167614690759
 10
44.71601999149779
 20
13.915935408886995
 10
44.53130891201987
 20
13.933044044690057
 10
44.51659575892066
 20
13.93496209468325
 10
44.347410802219486
 20
13.963464824275803
 10
44.33045542389429
 20
13.967086881783082
 10
44.176820446950146
 20
14.006974162373048
 10
44.15954319725776
 20
14.01230807466898
 10
44.01997031973286
 20
14.06244590445936
 10
44.00297459896923
 20
14.069452994938189
 10
43.87618906288313
 20
14.12871373399394
 10
43.85807684757319
 20
14.138346184617944
 10
43.74407865292588
 20
14.20672983293904
 10
43.72544684176822
 20
14.219392652668596
 10
43.62423598855969
 20
14.296899210254963
 10
43.60819533434582
 20
14.31058981017609
 10
43.51810183395517
 20
14.396134579656724
 10
43.50509964919107
 20
14.409703368395846
 10
43.424606197671665
 20
14.502061691449185
 10
43.412720773257774
 20
14.517103884796462
 10
43.34182737060958
 20
14.616294847006664
 10
43.33143238861835
 20
14.632430205374519
 10
43.270139034841364
 20
14.738472892325738
 10
43.262463382829
 20
14.75312556102643
 10
43.20974820393387
 20
14.864814399981086
 10
43.20408663459928
 20
14.87802515897868
 10
43.159153602676724
 20
14.994294538150221
 10
43.15455967518062
 20
15.00755369880148
 10
43.117404018834634
 20
15.128403618189893
 10
43.11386048166756
 20
15.14150271333083
 10
43.08447742950209
 20
15.26693317293607
 10
43.0823948480256
 20
15.27698318178944
 10
43.05911043525654
 20
15.406001731231235
 10
43.05792119113161
 20
15.413381385044026
 10
43.03921731857939
 20
15.545148258615988
 10
43.038329768898535
 20
15.552339029166959
 10
43.024206436563205
 20
15.68685422686903
 10
43.02359744178797
 20
15.693835648056933
 10
43.014054649669504
 20
15.831099169889079
 10
43.01378739148305
 20
15.835718762577514
 10
43.00736111622392
 20
15.974814500496592
 10
43.00725451344046
 20
15.977521181709513
 10
43.0026938540405
 20
16.117533027671847
 10
43.002625358755154
 20
16.120174373034487
 10
42.99990645823405
 20
16.261102327040206
 10
42.99987343235293
 20
16.263678066752348
 10
42.998972433730415
 20
16.405522128801557
 10
42.99896841730518
 20
16.40678675185793
 10
42.99896841730518
 20
17.06343263939189
 10
42.99898205039091
 20
17.06576251690997
 10
43.00148464762397
 20
17.279600583631478
 10
43.001597118602504
 20
17.284355695502036
 10
43.00911445309383
 20
17.495464523677725
 10
43.00934817760972
 20
17.500344045269294
 10
43.02189456354752
 20
17.7087427204834
 10
43.022258623950336
 20
17.713740492367585
 10
43.03984837552281
 20
17.919448100204363
 10
43.04123042188726
 20
17.93136696593806
 10
43.070379675645825
 20
18.130183087399686
 10
43.07433010020506
 20
18.15003471239735
 10
43.12175857226654
 20
18.33790525129912
 10
43.12814848523516
 20
18.358461958588123
 10
43.19383231861927
 20
18.535396457722214
 10
43.202796777216435
 20
18.55592374446673
 10
43.286712114942915
 20
18.721931746625287
 10
43.300382227635
 20
18.74497801236854
 10
43.40548733526066
 20
18.897716762086155
 10
43.41457494353536
 20
18.909899494804556
 10
43.42456542417763
 20
18.92135348525239
 10
43.55383765284331
 20
19.058613826153874
 10
43.57501549831811
 20
19.07807073795017
 10
43.72845961941984
 20
19.199833584451262
 10
43.75001435690146
 20
19.21473638815774
 10
43.927635141835296
 20
19.32098265467414
 10
43.95371137195454
 20
19.33408804267568
 10
44.16209493774777
 20
19.420318302723587
 10
44.18983559840011
 20
19.429477956945057
 10
44.43563168069383
 20
19.49105918495099
 10
44.45826380762763
 20
19.49535548013676
 10
44.741458092233685
 20
19.532297218892793
 10
44.759570428430735
 20
19.53382315825685
 10
45.08014860116097
 20
19.54613495055507
 10
45.094055356683896
 20
19.546182978855263
 10
45.3546769617663
 20
19.537976177633375
 10
45.36918754302337
 20
19.53698774272683
 10
45.60382412516715
 20
19.512367339061164
 10
45.62146740420762
 20
19.509712179828348
 10
45.8301094206207
 20
19.468678173718907
 10
45.85142744249235
 20
19.46324683355327
 10
46.034065350382605
 20
19.40579922500006
 10
46.055455541983875
 20
19.397693539444944
 10
46.215508841860384
 20
19.32627528323006
 10
46.2352437906641
 20
19.316114248255154
 10
46.376144706758794
 20
19.233320983835164
 10
46.3970834332535
 20
19.219155856972712
 10
46.51884150835848
 20
19.124987584347544
 10
46.53977955158142
 20
19.10629251936689
 10
46.64240432848884
 20
19.000749238536464
 10
46.659970199792426
 20
18.980024985430916
 10
46.745465664847316
 20
18.86394487163649
 10
46.7588155649386
 20
18.84325102602198
 10
46.82926204682262
 20
18.71761857731682
 10
46.83982865149922
 20
18.695744082195624
 10
46.895235693004466
 20
18.560549755787704
 10
46.902787098545645
 20
18.538537747566465
 10
46.94316424246428
 20
18.393772000663787
 10
46.946995947216095
 20
18.37738728730468
 10
46.975719751492704
 20
18.225959081038035
 10
46.977486857508055
 20
18.21497527269166
 10
46.998003860562775
 20
18.0599398910042
 10
46.99912810942469
 20
18.049221010525585
 10
47.01143831125751
 20
17.890559367833006
 10
47.01197128015018
 20
17.88019025864164
 10
47.01607468076112
 20
17.717883269359696
 10
47.01558634648177
 20
17.698037037919484
 10
47.01312396994072
 20
17.67833810204678
 10
47.00871203385725
 20
17.658982322735625
 10
47.00239440487435
 20
17.640162149070605
 10
46.99423389740498
 20
17.622064704759623
 10
46.98431164908594
 20
17.60486992761532
 10
46.97272631404921
 20
17.588748780483883
 10
46.95959308203149
 20
17.57386155140943
 10
46.94504253307497
 20
17.560356259934935
 10
46.92921933920668
 20
17.548367185385437
 10
46.912280826005
 20
17.53801353176638
 10
46.89439540835562
 20
17.529398242551594
 10
46.87574091594958
 20
17.52260697714525
 10
46.85650282517244
 20
17.517707259194417
 10
46.83687241496476
 20
17.51474780522034
 10
46.81704486498907
 20
17.5137580402438
 10
45.82474716934114
 20
17.5137580402438
 10
45.80546491273495
 20
17.51469398636832
 10
45.78636394945386
 20
17.517493024901235
 10
45.767623868288524
 20
17.52212883905748
 10
45.749420864987
 20
17.52855784254009
 10
45.731926085648155
 20
17.536719589342013
 10
45.7153040175922
 20
17.54653734206442
 10
45.699710942837896
 20
17.557918793407758
 10
45.68529346872627
 20
17.57075693405254
 10
45.67218714950671
 20
17.58493105876942
 10
45.660515211845066
 20
17.600307901299566
 10
45.65038739623651
 20
17.61674288733466
 10
45.641898925216736
 20
17.634081493816176
 10
45.63512960807195
 20
17.652160701773596
 10
45.63014309046554
 20
17.670810529041844
 10
45.62698625603652
 20
17.689855628447262
 10
45.625688785595656
 20
17.709116936435805
 10
45.62371449199621
 20
17.814351376665797
 10
45.61809240511444
 20
17.90761700400615
 10
45.60892900520477
 20
17.992346487821685
 10
45.59665035342593
 20
18.067242184386238
 10
45.581275542307054
 20
18.13088557807442
 10
45.56271367440681
 20
18.184367819739613
 10
45.54142640404244
 20
18.22911855631864
 10
45.51848925999951
 20
18.26517751492787
 10
45.49358530263409
 20
18.294187241629842
 10
45.46433977866934
 20
18.31930477338937
 10
45.42844755959395
 20
18.341999397749774
 10
45.384793394916514
 20
18.361993986837113
 10
45.330783239631884
 20
18.378900340430626
 10
45.26330118600167
 20
18.39216723632827
 10
45.1820294621362
 20
18.400722294377374
 10
45.088817898578824
 20
18.403675412248177
 10
44.9649487863674
 20
18.39847000678906
 10
44.86309858374349
 20
18.383892787792746
 10
44.7833373437785
 20
18.361890746395716
 10
44.723526140606566
 20
18.334507937210667
 10
44.675170454723585
 20
18.300900185001886
 10
44.63273812543018
 20
18.259185875565663
 10
44.59574635814846
 20
18.208150254718213
 10
44.563224065164206
 20
18.144387852450798
 10
44.53454134388065
 20
18.06437355949508
 10
44.51042168074443
 20
17.967946020755285
 10
44.4921307409018
 20
17.856159717859086
 10
44.48017254514143
 20
17.72752240936684
 10
44.47247656178338
 20
17.580985072166477
 10
44.466900271136936
 20
17.41923679806466
 10
44.463554167810344
 20
17.24424248035939
 10
44.46243621131012
 20
17.055514102669335
 10
44.46243621131012
 20
16.414603592285587
 10
44.46355416713196
 20
16.225905246246953
 10
44.46690027695492
 20
16.05089337307559
 10
44.47247645682404
 20
15.8891498706909
 10
44.48017246532483
 20
15.742696205939978
 10
44.492131570603775
 20
15.613996317184274
 10
44.51042162670031
 20
15.502198585957466
 10
44.5345356648654
 20
15.405809672619185
 10
44.56323128494286
 20
15.325804656988872
 10
44.59577716032997
 20
15.261924101366901
 10
44.632725069132874
 20
15.210939521897338
 10
44.6750984083625
 20
15.16931062583101
 10
44.72351311339591
 20
15.13570695217188
 10
44.783413071376216
 20
15.108244558431295
 10
44.863132918526645
 20
15.086231498190543
 10
44.96495865154475
 20
15.071648658149371
 10
45.088411387190334
 20
15.066459359403417
 10
45.18710876173165
 20
15.069990669313604
 10
45.272199553992024
 20
15.08013253679065
 10
45.34229407639134
 20
15.095783239325442
 10
45.39814006726601
 20
15.115708928228294
 10
45.44377036448057
 20
15.139597990703194
 10
45.48244919636008
 20
15.167561640980587
 10
45.51524805235958
 20
15.199797401746231
 10
45.54393029303853
 20
15.23810208432726
 10
45.56994088410923
 20
15.285396511263748
 10
45.5932375834915
 20
15.343202118940944
 10
45.61272447764205
 20
15.411601864988405
 10
45.62795782873651
 20
15.492676756766336
 10
45.639973049686006
 20
15.588433372929856
 10
45.64988585885966
 20
15.696932590278799
 10
45.657322397139
 20
15.815898931155402
 10
45.66214539428471
 20
15.94353545561949
 10
45.66214539428471
 20
16.236907007345827
 10
45.131609644746106
 20
16.236907007345827
 10
45.11209507783191
 20
16.23786569654294
 10
45.092768446864824
 20
16.240732531433224
 10
45.07381587786611
 20
16.245479902829537
 10
45.05541989443573
 20
16.252062090950126
 10
45.0377576599504
 20
16.26041570572523
 10
45.020999271383346
 20
16.270460297277985
 10
45.00530612117758
 20
16.28209913070083
 10
44.9908293429483
 20
16.29522011766546
 10
44.97770835598368
 20
16.30969689589474
 10
44.96606952256083
 20
16.325390046100516
 10
44.95602493100806
 20
16.34214843466755
 10
44.94767131623297
 20
16.359810669152886
 10
44.94108912811237
 20
16.378206652583266
 10
44.93634175671606
 20
16.397159221581987
 10
44.93347492182578
 20
16.416485852549066
 10
44.93251623262866
 20
16.43600041946327
 10
44.93251623262866
 20
17.01233416852798
 10
44.93347492182578
 20
17.031848735442182
 10
44.93634175671606
 20
17.051175366409254
 10
44.94108912811237
 20
17.070127935407974
 10
44.94767131623297
 20
17.088523918838355
 10
44.95602493100806
 20
17.10618615332369
 10
44.96606952256083
 20
17.122944541890725
 10
44.97770835598368
 20
17.138637692096502
 10
44.9908293429483
 20
17.153114470325782
 10
45.00530612117758
 20
17.166235457290412
 10
45.020999271383346
 20
17.177874290713255
 10
45.0377576599504
 20
17.18791888226602
 10
45.05541989443573
 20
17.196272497041114
 10
45.07381587786611
 20
17.20285468516171
 10
45.092768446864824
 20
17.207602056558017
 10
45.11209507783191
 20
17.2104688914483
 10
45.131609644746106
 20
17.21142758064542
 10
46.85353650205009
 20
17.21142758064542
 10
46.87305106896429
 20
17.2104688914483
 10
46.89237769993137
 20
17.207602056558017
 10
46.91133026893009
 20
17.20285468516171
 10
46.92972625236047
 20
17.196272497041114
 10
46.947388486845796
 20
17.18791888226602
 10
46.96414687541285
 20
17.177874290713255
 10
46.979840025618614
 20
17.166235457290412
 10
46.994316803847894
 20
17.153114470325782
 10
47.00743779081252
 20
17.138637692096502
 10
47.01907662423535
 20
17.122944541890725
 10
47.02912121578812
 20
17.10618615332369
 10
47.03747483056321
 20
17.088523918838355
 10
47.044057018683816
 20
17.070127935407974
 10
47.04880439008012
 20
17.051175366409254
 10
47.05167122497042
 20
17.031848735442182
 10
47.052629914167525
 20
17.01233416852798
 10
47.052629914167525
 20
14.196014463631187
 10
47.05167122497042
 20
14.176499896716983
 10
47.04880439008012
 20
14.157173265749904
 10
47.044057018683816
 20
14.138220696751183
 10
47.03747483056321
 20
14.119824713320803
 10
47.02912121578812
 20
14.102162478835467
 10
47.01907662423535
 20
14.085404090268433
 10
47.00743779081252
 20
14.069710940062663
 10
46.994316803847894
 20
14.055234161833383
 10
46.979840025618614
 20
14.042113174868753
 10
46.96414687541285
 20
14.030474341445903
 10
46.947388486845796
 20
14.020429749893147
 10
46.92972625236047
 20
14.01207613511805
 10
46.91133026893009
 20
14.005493946997454
 10
46.89237769993137
 20
14.000746575601141
 10
46.87305106896429
 20
13.997879740710857
 10
46.85353650205009
 20
13.996921051513745
 10
46.28437893265831
 20
13.996921051513745
 10
46.26422764003168
 20
13.997943486064962
 10
46.24428331937477
 20
14.00100028839261
 10
46.22475081686832
 20
14.006060062376832
 10
46.20583074894881
 20
14.013070839570375
 10
46.18771744179659
 20
14.021960612961486
 10
46.17059693543047
 20
14.03263807655091
 10
46.15464507290881
 20
14.044993563146988
 10
46.14002569426252
 20
14.058900170746703
 10
46.126888953710036
 20
14.074215065933835
 10
46.115369777437905
 20
14.09078095090711
 10
46.105586477787014
 20
14.108427679070616
 10
46.097639538078056
 20
14.12697400259303
 10
46.09161058055706
 20
14.146229433986434
 10
46.08756152806127
 20
14.165996202584822
 10
46.08140175311779
 20
14.206383316128878
 10
46.02981423113181
 20
14.170396548043371
 10
46.01737114878365
 20
14.162386961709721
 10
45.95079665480175
 20
14.12295296374544
 10
45.9388376934609
 20
14.116411669703844
 10
45.86681903657535
 20
14.080164964307244
 10
45.854437907750466
 20
14.074456203687866
  0
LWPOLYLINE
  5
5C
330
17
100
AcDbEntity
  8
0
100
AcDbPolyline
 90
262
 70
1
 10
46.47599867583524
 20
18.533483231507887
 10
46.41753781658238
 20
18.637740828266743
 10
46.34743275179396
 20
18.732924869817744
 10
46.26410797589182
 20
18.818619284833183
 10
46.163498305483884
 20
18.896431280986484
 10
46.04310113542131
 20
18.9671765608093
 10
45.903660856249076
 20
19.02939696858771
 10
45.742459997492844
 20
19.080101687773585
 10
45.553389350465466
 20
19.117286556951015
 10
45.33487118056131
 20
19.14021565650645
 10
45.08847714696975
 20
19.147974440952986
 10
44.78394254540031
 20
19.136278801383355
 10
44.52121011313568
 20
19.102006242214443
 10
44.30081285530534
 20
19.046788381703088
 10
44.11948237992486
 20
18.971752838534663
 10
43.96568696541044
 20
18.87975803845771
 10
43.83382216145387
 20
18.775119074333325
 10
43.724877618360736
 20
18.659442526642714
 10
43.636019618819134
 20
18.53031407552377
 10
43.56322264808581
 20
18.386301312159517
 10
43.50519420665236
 20
18.229988370426724
 10
43.46288462489413
 20
18.062394442557355
 10
43.436076058208855
 20
17.879543269266243
 10
43.4192111503431
 20
17.68231252162562
 10
43.406962141160975
 20
17.47885335028353
 10
43.39961637272843
 20
17.272562600865136
 10
43.39715524154006
 20
17.062267660746315
 10
43.39715524154006
 20
16.407419069763705
 10
43.398044042462786
 20
16.267495289548307
 10
43.40071261446556
 20
16.129175998514697
 10
43.40518616779953
 20
15.99183830118428
 10
43.41144314976084
 20
15.856406890614402
 10
43.42058241617026
 20
15.724947682581139
 10
43.43396146345718
 20
15.597521297069903
 10
43.451630785842596
 20
15.473042723856643
 10
43.47333957297508
 20
15.352754690237248
 10
43.500003333802624
 20
15.238932349502605
 10
43.53310070139872
 20
15.131282139566544
 10
43.57291078842043
 20
15.028268968526653
 10
43.61902338705809
 20
14.93056916533962
 10
43.67136615337654
 20
14.840011751838283
 10
43.731092543046074
 20
14.75644518796404
 10
43.79910021180241
 20
14.67841307326973
 10
43.87471478972121
 20
14.606616199917134
 10
43.958585136938865
 20
14.542388879522733
 10
44.05410100022803
 20
14.485092154566175
 10
44.16324603447973
 20
14.434076750177866
 10
44.28564173507398
 20
14.390109362585854
 10
44.422118096172795
 20
14.354676865264466
 10
44.575425617097636
 20
14.328849020409777
 10
44.74641092443342
 20
14.31301171731377
 10
44.93560679519645
 20
14.307620656623335
 10
45.0641273656139
 20
14.309976809989209
 10
45.182574840827826
 20
14.31699300183994
 10
45.28959067396056
 20
14.328440052157497
 10
45.38581231502438
 20
14.344165500715512
 10
45.47393919758994
 20
14.363700180594286
 10
45.55505388479334
 20
14.386216086186131
 10
45.62814768531517
 20
14.411282050445443
 10
45.693899998182005
 20
14.438910386960515
 10
45.75373437194591
 20
14.469024790813627
 10
45.808070937214566
 20
14.501209909708749
 10
45.85658745723582
 20
14.535054387735727
 10
45.90099665667228
 20
14.571641371704452
 10
45.9437306193327
 20
14.61190377931706
 10
45.98473152585984
 20
14.654677958268124
 10
46.02286167307379
 20
14.698825528831094
 10
46.06142454964922
 20
14.748528139367075
 10
46.07399735708496
 20
14.76320300012506
 10
46.08793362333165
 20
14.776589840984045
 10
46.10310205634818
 20
14.788562545979424
 10
46.11935975598489
 20
14.799008321565978
 10
46.13655356023044
 20
14.807828759233587
 10
46.154521488134236
 20
14.814940762603037
 10
46.17309426581127
 20
14.820277330267878
 10
46.19209692115302
 20
14.823788187007395
 10
46.211350432220385
 20
14.825440257423999
 10
46.23067341378993
 20
14.82521797754282
 10
46.24988382616421
 20
14.823123441438355
 10
46.26880069014784
 20
14.819176381506296
 10
46.28724579203278
 20
14.813413982566878
 10
46.30504536253012
 20
14.805890531550716
 10
46.32203171383162
 20
14.796676906067539
 10
46.338044819378226
 20
14.785859906676016
 10
46.35293382145271
 20
14.77354143914517
 10
46.36655845239386
 20
14.759837554411256
 10
46.37879035604264
 20
14.744877355274582
 10
46.38951429697174
 20
14.728801780136124
 10
46.398629246105685
 20
14.711762275232282
 10
46.406049332504935
 20
14.693919367876404
 10
46.41170465234649
 20
14.675441154148551
 10
46.41554192748025
 20
14.656501715280669
 10
46.455409278271944
 20
14.395107875748629
 10
46.65444308993264
 20
14.395107875748629
 10
46.65444308993264
 20
16.813240756410536
 10
45.33070305686354
 20
16.813240756410536
 10
45.33070305686354
 20
16.635093831580704
 10
45.86123880640214
 20
16.635093831580704
 10
45.88075337331635
 20
16.63413514238359
 10
45.90008000428344
 20
16.631268307493308
 10
45.91903257328215
 20
16.626520936097002
 10
45.93742855671253
 20
16.619938747976406
 10
45.95509079119785
 20
16.61158513320131
 10
45.9718491797649
 20
16.601540541648546
 10
45.987542329970665
 20
16.589901708225703
 10
46.002019108199946
 20
16.576780721261073
 10
46.01514009516457
 20
16.562303943031793
 10
46.02677892858742
 20
16.546610792826016
 10
46.03682352014019
 20
16.529852404258982
 10
46.04517713491528
 20
16.512190169773646
 10
46.05175932303588
 20
16.493794186343266
 10
46.05650669443219
 20
16.474841617344545
 10
46.059373529322485
 20
16.455514986377466
 10
46.06033221851959
 20
16.43600041946327
 10
46.06033221851959
 20
15.93977522930225
 10
46.060190232303285
 20
15.932257458324969
 10
46.055132552480515
 20
15.79841025607125
 10
46.054886701144255
 20
15.79350702123562
 10
46.04711886835982
 20
15.669240782268808
 10
46.046680936735754
 20
15.663547470229439
 10
46.03620295098969
 20
15.548862194549528
 10
46.035479685281445
 20
15.54218930254752
 10
46.02229154657371
 20
15.437084990154524
 10
46.02041662735601
 20
15.425107407765005
 10
46.00237438839066
 20
15.329083062072733
 10
45.998179287428016
 20
15.311297351660698
 10
45.973304409305825
 20
15.223985575172627
 10
45.96649084692663
 20
15.204114456915647
 10
45.93480241523186
 20
15.125486621255426
 10
45.924592528506366
 20
15.103965199351975
 10
45.886109628823235
 20
15.033992676143242
 10
45.87102580873075
 20
15.010602915182986
 10
45.824935713263855
 20
14.949050315553507
 10
45.81545910352919
 20
14.937344837452542
 10
45.80512476509894
 20
14.926389208814982
 10
45.75083741120227
 20
14.873033867615277
 10
45.73974748211249
 20
14.862927089497589
 10
45.72792790192467
 20
14.853684199510141
 10
45.66545283239033
 20
14.808516573948012
 10
45.64114895415513
 20
14.793477038668705
 10
45.57049571177518
 20
14.756487585951959
 10
45.545057820798476
 20
14.745355563672284
 10
45.464553236021686
 20
14.716631759395703
 10
45.44103363478058
 20
14.709838105329005
 10
45.349144499006414
 20
14.689321102274356
 10
45.329322162566555
 20
14.685935746466853
 10
45.22603893300294
 20
14.673625544634092
 10
45.209594850922215
 20
14.672353590949008
 10
45.094907984777024
 20
14.6682501903381
 10
45.07942769515324
 20
14.668298535884482
 10
44.93825799041382
 20
14.674232562116785
 10
44.91839451406821
 20
14.676067743807337
 10
44.79413463696277
 20
14.693863460642909
 10
44.76936702660373
 20
14.699034652568521
 10
44.661997891548026
 20
14.728682517215319
 10
44.646787874905655
 20
14.733546848327435
 10
44.63201662913907
 20
14.739614518550269
 10
44.54151915054888
 20
14.781104988216242
 10
44.5258597168916
 20
14.789140236305535
 10
44.51097112842233
 20
14.798527089224137
 10
44.43413574721498
 20
14.851856982978184
 10
44.42067571697102
 20
14.862072171088471
 10
44.40813036461469
 20
14.873391915632943
 10
44.34177296915348
 20
14.938583499990223
 10
44.33040384148289
 20
14.950727115851599
 10
44.320088160256546
 20
14.96377744883646
 10
44.26422783612567
 20
15.040859352173356
 10
44.25561977819021
 20
15.05376791941297
 10
44.24804306778607
 20
15.067307610290221
 10
44.202698900569686
 20
15.15630846098312
 10
44.1926920548826
 20
15.179472023483648
 10
44.15639047843128
 20
15.28068287669241
 10
44.15065305080091
 20
15.299580506656106
 10
44.122133621322206
 20
15.413578701303507
 10
44.11879329256145
 20
15.429753386142579
 10
44.098051238659295
 20
15.556538922228661
 10
44.09629322492387
 20
15.570262298961254
 10
44.08332377520219
 20
15.70983517648606
 10
44.0827440792342
 20
15.717808296460838
 10
44.074744038508214
 20
15.870047640057606
 10
44.074587928961776
 20
15.873635645280018
 10
44.06889724392842
 20
16.038700501484094
 10
44.06881541160571
 20
16.0417544236902
 10
44.0654149966808
 20
16.219606621333035
 10
44.065382111521444
 20
16.22223293713195
 10
44.06425288112075
 20
16.412834305044996
 10
44.064249387075236
 20
16.4140138264221
 10
44.064249387075236
 20
17.056103775044683
 10
44.064252880013115
 20
17.0572831094511
 10
44.06538211041381
 20
17.24791469620603
 10
44.06541500383706
 20
17.250541573251503
 10
44.068815418761986
 20
17.42837627577544
 10
44.06889724165244
 20
17.431429757688278
 10
44.074587926685794
 20
17.59649620435762
 10
44.07474372418396
 20
17.600078292345003
 10
44.082743764909935
 20
17.75240511153614
 10
44.08332447180919
 20
17.7603917098769
 10
44.09629392153087
 20
17.899907330649206
 10
44.0980520098216
 20
17.913627925632966
 10
44.118794063723755
 20
18.040394376134884
 10
44.12213171717475
 20
18.056556735691878
 10
44.15065114665346
 20
18.170574015923442
 10
44.15637840334702
 20
18.18944558226469
 10
44.192679979798356
 20
18.290713692225935
 10
44.20274011327176
 20
18.313991776383922
 10
44.24808428048814
 20
18.402892427759653
 10
44.25564805253123
 20
18.41639746278026
 10
44.26423814649111
 20
18.42927406575572
 10
44.320098470621986
 20
18.50634165490459
 10
44.33038819533637
 20
18.519359581596603
 10
44.341726223183855
 20
18.531475437925636
 10
44.408083618645065
 20
18.59670996484759
 10
44.42060231414584
 20
18.60801483506509
 10
44.434032995975954
 20
18.618219471915765
 10
44.5108683771833
 20
18.67162093661078
 10
44.525851855687094
 20
18.68107467131744
 10
44.54161643051323
 20
18.689158971443582
 10
44.632113909103424
 20
18.730590593891314
 10
44.64686260385888
 20
18.736640927046828
 10
44.66204808346657
 20
18.741491879259137
 10
44.76941721852228
 20
18.77110952506424
 10
44.7941519403213
 20
18.77626934184982
 10
44.918411817426744
 20
18.794053925428017
 10
44.9382602275368
 20
18.795886723839928
 10
45.07942993227621
 20
18.801819159606943
 10
45.09409363432266
 20
18.80189487948269
 10
45.201925594796066
 20
18.798478559904254
 10
45.21646349148871
 20
18.797484440358133
 10
45.313827009008165
 20
18.78723548162283
 10
45.33139097474081
 20
18.784589913935044
 10
45.418276506514204
 20
18.76750831604287
 10
45.4393450474289
 20
18.762156865941975
 10
45.51574305066407
 20
18.73824262889294
 10
45.53917486320323
 20
18.729250321348708
 10
45.60643643821771
 20
18.69844300745965
 10
45.62993085501574
 20
18.685709405580106
 10
45.68942936864177
 20
18.648088538118323
 10
45.71274513430399
 20
18.630847493983723
 10
45.7645044435219
 20
18.586393987365092
 10
45.77558330206389
 20
18.576123364201024
 10
45.78585149375712
 20
18.565042252067173
 10
45.82989545554726
 20
18.513737020707516
 10
45.84681893159416
 20
18.490910262418126
 10
45.883956297588625
 20
18.432527460237317
 10
45.89575769927342
 20
18.41119338540299
 10
45.9269976197386
 20
18.345519890043647
 10
45.93529620840418
 20
18.32527572565646
 10
45.96061959775588
 20
18.252311537118615
 10
45.96605860436601
 20
18.233784417167463
 10
45.985446377020025
 20
18.153529535451106
 10
45.98839057140583
 20
18.13898796149848
 10
46.00275247354415
 20
18.051385129850843
 10
46.00422107720756
 20
18.04058198594536
 10
46.01447957873498
 20
17.945726632287595
 10
46.01527303786587
 20
17.93629940533185
 10
46.01674113869301
 20
17.911944864478684
 10
46.61039551786307
 20
17.911944864478684
 10
46.602551423568954
 20
18.013044497371844
 10
46.58347171477064
 20
18.157219059716134
 10
46.55735430914531
 20
18.294906667113032
 10
46.522370900428896
 20
18.42033404509297
 10
46.47599867583524
 20
18.533483231507887
  0
LWPOLYLINE
  5
5D
330
17
100
AcDbEntity
  8
0
100
AcDbPolyline
 90
153
 70
1
 10
50.35780646351991
 20
18.76335210895487
 10
50.3724618588558
 20
18.758680873680838
 10
50.38671288747821
 20
18.752892157532997
 10
50.478420710202116
 20
18.711444630431558
 10
50.49381706200525
 20
18.703666177408316
 10
50.50848232396676
 20
18.69458421331013
 10
50.586906580061736
 20
18.64118274861518
 10
50.60052545983706
 20
18.631032689272125
 10
50.61322963680762
 20
18.619758760121037
 10
50.680708310342695
 20
18.554524233199217
 10
50.69231745933119
 20
18.542309211092423
 10
50.7028520442083
 20
18.52915620281393
 10
50.75939467797562
 20
18.452088613665204
 10
50.76823486217489
 20
18.438977908897563
 10
50.77600669153743
 20
18.42520699373039
 10
50.82162282832907
 20
18.33630634235473
 10
50.83192385164335
 20
18.312539799111846
 10
50.86818964262427
 20
18.211271689150372
 10
50.87390442824838
 20
18.192424586649828
 10
50.90240238644493
 20
18.078407306418192
 10
50.90572971240121
 20
18.06228998307676
 10
50.92647892339755
 20
17.93552353257492
 10
50.92823220651057
 20
17.92186270744366
 10
50.94125175589099
 20
17.782347086671585
 10
50.94184196375578
 20
17.77423401840752
 10
50.94979906191709
 20
17.621907199216317
 10
50.949951733543045
 20
17.618386752339127
 10
50.955647189972325
 20
17.4533203056697
 10
50.955728698780845
 20
17.450287773180122
 10
50.95915297068598
 20
17.272453070656177
 10
50.95918628721196
 20
17.26981444823921
 10
50.960329831800806
 20
17.079182861484476
 10
50.960333413850904
 20
17.077988578303284
 10
50.960333413850904
 20
16.43600041946327
 10
50.960329832876425
 20
16.43480631560191
 10
50.95918628828758
 20
16.24414610047065
 10
50.959152990472674
 20
16.24150832646528
 10
50.95572871856754
 20
16.06362590998075
 10
50.95564720364962
 20
16.06059274616839
 10
50.949951747220354
 20
15.895516756706918
 10
50.9497987566033
 20
15.89199007029049
 10
50.94184165844197
 20
15.739749136228397
 10
50.94125245782044
 20
15.73164943441327
 10
50.92823290844002
 20
15.592076556888266
 10
50.92647969507129
 20
15.578412923302515
 10
50.90573048407494
 20
15.451627387216362
 10
50.902400484910686
 20
15.435497741812966
 10
50.87390252671415
 20
15.321499547165637
 10
50.868177587275596
 20
15.302626398187627
 10
50.831911796294676
 20
15.201415544979085
 10
50.82164658696051
 20
15.177728973183441
 10
50.77603045016886
 20
15.088771065054999
 10
50.76825472179377
 20
15.07498597584285
 10
50.75940858521707
 20
15.061862085260515
 10
50.70286595144975
 20
14.98477541052742
 10
50.6923156181045
 20
14.971601335043516
 10
50.68068737867287
 20
14.959368189647812
 10
50.613208705137794
 20
14.894152748310105
 10
50.600475639252366
 20
14.882858516782449
 10
50.58682445204339
 20
14.872693098914581
 10
50.50840019594841
 20
14.819348890972293
 10
50.49380749259794
 20
14.810317453587423
 10
50.4784912352347
 20
14.80257625776926
 10
50.386783412510795
 20
14.76108578810345
 10
50.37249437765631
 20
14.755276951825294
 10
50.357798528277144
 20
14.750591750975367
 10
50.250621839529146
 20
14.720943886328556
 10
50.226127554550814
 20
14.715800406089258
 10
50.103472456986665
 20
14.698004689253594
 10
50.0834301220371
 20
14.696125136126511
 10
49.9452870728647
 20
14.690191109894144
 10
49.92838131451225
 20
14.690183339142635
 10
49.78721160977295
 20
14.696117365375002
 10
49.76734813342729
 20
14.697952547065576
 10
49.64308825632186
 20
14.715748263901233
 10
49.61832064596294
 20
14.72091945582683
 10
49.510951510907205
 20
14.750567320473642
 10
49.49574149426502
 20
14.755431651585695
 10
49.48097024849862
 20
14.76149932180843
 10
49.390472769908314
 20
14.80298979147424
 10
49.37480246544865
 20
14.811031239835614
 10
49.35990418677012
 20
14.820426165382123
 10
49.28306880556286
 20
14.873770373324412
 10
49.26960567476782
 20
14.88399088563905
 10
49.25705800838955
 20
14.89531655697622
 10
49.19070061292837
 20
14.960531998313925
 10
49.179343673432285
 20
14.972666110552964
 10
49.16903834366397
 20
14.985705164694792
 10
49.11317801953308
 20
15.06279183942788
 10
49.10458201451705
 20
15.075681585172582
 10
49.097014336196594
 20
15.089200723179019
 10
49.05167016898028
 20
15.178158631307461
 10
49.041645674241934
 20
15.20135682674205
 10
49.005344097790584
 20
15.302567679950592
 10
48.99960667016019
 20
15.32146530991433
 10
48.97108724068143
 20
15.43546350456166
 10
48.96774691192067
 20
15.45163818940079
 10
48.947004858018474
 20
15.578423725486942
 10
48.94524684428302
 20
15.592147102219592
 10
48.93227739456131
 20
15.731719979744597
 10
48.93169769287353
 20
15.739693208566898
 10
48.92369765214755
 20
15.891934142628983
 10
48.92354153239049
 20
15.895522501099101
 10
48.9178508473572
 20
16.060598490560572
 10
48.91776901860909
 20
16.063652596974748
 10
48.91436860368425
 20
16.241535013459277
 10
48.914335728724225
 20
16.24416104700107
 10
48.91320649832356
 20
16.43482126213233
 10
48.91320300643453
 20
16.43600041946327
 10
48.91320300643453
 20
17.077988578303284
 10
48.91320649937241
 20
17.07916791270968
 10
48.914335729773086
 20
17.269799499464412
 10
48.91436862319634
 20
17.272426376509827
 10
48.91776903812118
 20
17.450261079033773
 10
48.91785086101163
 20
17.453314560946602
 10
48.923541546044916
 20
17.618381007616037
 10
48.92369734354308
 20
17.621963095603505
 10
48.93169738426907
 20
17.774289914794707
 10
48.932278091168314
 20
17.782276513135514
 10
48.94524754089002
 20
17.921792133907594
 10
48.947005629180765
 20
17.935512728891396
 10
48.96774768308296
 20
18.062279179393244
 10
48.971085336533974
 20
18.078441538950194
 10
48.99960476601274
 20
18.192458819181837
 10
49.00533202270624
 20
18.211330385522928
 10
49.04163359915759
 20
18.31259849548441
 10
49.051693732630994
 20
18.335876579642438
 10
49.09703789984731
 20
18.424777231018098
 10
49.10460167189045
 20
18.43828226603881
 10
49.11319176585043
 20
18.45115886901437
 10
49.16905208998131
 20
18.52822645816309
 10
49.179341814695675
 20
18.541244384855098
 10
49.19067984254319
 20
18.553360241184116
 10
49.25703723800437
 20
18.618594768105936
 10
49.26955593350509
 20
18.629899638323373
 10
49.28298661533513
 20
18.64010427517399
 10
49.359821996542394
 20
18.69350573986894
 10
49.37479291264364
 20
18.702952308643965
 10
49.390543750903745
 20
18.71103173217763
 10
49.48104122949405
 20
18.75247925927907
 10
49.49577431078019
 20
18.758526366168056
 10
49.51094358686112
 20
18.763376546483343
 10
49.618312721916865
 20
18.79302918252619
 10
49.64305117989454
 20
18.798197249285053
 10
49.76731105699997
 20
18.81601682310093
 10
49.78719147580826
 20
18.81785647085708
 10
49.92836118054754
 20
18.82380481127757
 10
49.94530764553899
 20
18.823797003093283
 10
50.0834506947114
 20
18.817848662672795
 10
50.10350998866571
 20
18.815964545298364
 10
50.22616508622987
 20
18.798144971482493
 10
50.25062977477191
 20
18.793004744997717
 10
50.35780646351991
 20
18.76335210895487
  0
LWPOLYLINE
  5
5E
330
17
100
AcDbEntity
  8
0
100
AcDbPolyline
 90
67
 70
1
 10
49.48169174478929
 20
18.2810706788239
 10
49.44469997750768
 20
18.230035057976714
 10
49.4121776845235
 20
18.166272655709385
 10
49.38349496323991
 20
18.08625836275344
 10
49.35937530010361
 20
17.989830824013502
 10
49.34108436026095
 20
17.878044521117438
 10
49.32912616450055
 20
17.749407212625258
 10
49.3214301811425
 20
17.602869875424858
 10
49.31585389049616
 20
17.44112160132326
 10
49.31250778716962
 20
17.266127283617955
 10
49.31138983066941
 20
17.077398905927957
 10
49.31138983066941
 20
16.436590003299514
 10
49.31250779188531
 20
16.247832486848637
 10
49.31585391186975
 20
16.07279034586459
 10
49.3214300901938
 20
15.911035979057438
 10
49.32912608972842
 20
15.764580954911757
 10
49.341085189962925
 20
15.63588112044254
 10
49.35937524605946
 20
15.524083389216038
 10
49.38348928422465
 20
15.427694475877601
 10
49.41217831617885
 20
15.347707828308629
 10
49.44472064318167
 20
15.283865056161261
 10
49.48169155093569
 20
15.23284558241199
 10
49.52407608508835
 20
15.191190449906436
 10
49.57247819832992
 20
15.157586498796476
 10
49.63236669073525
 20
15.130129361689676
 10
49.71208653788598
 20
15.108116301448831
 10
49.81391227090407
 20
15.093533461407574
 10
49.936651166596235
 20
15.088374168710082
 10
50.05627276313825
 20
15.093512593669509
 10
50.156545151860215
 20
15.10806086008133
 10
50.23673679915464
 20
15.130243959154114
 10
50.29868022318402
 20
15.158268414204414
 10
50.348762970441555
 20
15.192334717374592
 10
50.391800186306085
 20
15.233928466621798
 10
50.42895034625947
 20
15.284576660839178
 10
50.46142560721486
 20
15.347908005483973
 10
50.489997795774855
 20
15.427647492862413
 10
50.51410239318663
 20
15.52407126360039
 10
50.532407365977235
 20
15.635921578713905
 10
50.54440958842373
 20
15.764588453012301
 10
50.55206257271534
 20
15.911010861445043
 10
50.557644852393736
 20
16.07280655820916
 10
50.56101453710272
 20
16.247853305497614
 10
50.56214658961602
 20
16.436597476763005
 10
50.56214658961602
 20
17.077391431342498
 10
50.561014541911675
 20
17.266106460269036
 10
50.55764487393522
 20
17.44110538523784
 10
50.552062482176495
 20
17.60289497716468
 10
50.54440951375551
 20
17.749399684446495
 10
50.532408199105646
 20
17.878004048125568
 10
50.514102339129806
 20
17.989842946140968
 10
50.489992125233044
 20
18.086305331107397
 10
50.46142622957406
 20
18.16607235629828
 10
50.428971238874624
 20
18.22932343401996
 10
50.39180002814568
 20
18.279987780651
 10
50.3487148723183
 20
18.321640048108364
 10
50.29866685769815
 20
18.355719265672818
 10
50.23677054892657
 20
18.383693421629076
 10
50.15652271326783
 20
18.405895636418627
 10
50.05624355432752
 20
18.420464389861557
 10
49.9366509460458
 20
18.42561396162862
 10
49.81394102818173
 20
18.42044344458479
 10
49.71210874814551
 20
18.405840115873907
 10
49.63233257821544
 20
18.383807958023333
 10
49.572491730415564
 20
18.35640106006779
 10
49.524124074082664
 20
18.322784988260047
 10
49.48169174478929
 20
18.2810706788239
  0
LWPOLYLINE
  5
5F
330
17
100
AcDbEntity
  8
0
100
AcDbPolyline
 90
138
 70
1
 10
50.862423680379464
 20
19.442266347713748
 10
51.07082235559358
 20
19.35609493488373
 10
51.08415587251076
 20
19.34999743423318
 10
51.09700450870294
 20
19.342935229509067
 10
51.27458950816636
 20
19.236630115774588
 10
51.296097975633074
 20
19.221752934438534
 10
51.449558796621005
 20
19.09995986909575
 10
51.47071775914968
 20
19.080520169035147
 10
51.60001623049368
 20
18.94324869487619
 10
51.610013503602374
 20
18.93178776040706
 10
51.61910676059729
 20
18.919597142467836
 10
51.724204711128905
 20
18.76685680228487
 10
51.7378676017392
 20
18.743822651120766
 10
51.82179009655984
 20
18.577814648962388
 10
51.830766670416864
 20
18.55725692900389
 10
51.89642426112269
 20
18.380322429869786
 10
51.90280921482292
 20
18.359773922980494
 10
51.95022098699822
 20
18.171903384078618
 10
51.95416224787682
 20
18.15210259951963
 10
51.983347287105914
 20
17.953286478057947
 10
51.98473904006903
 20
17.941278849386983
 10
52.00227233012126
 20
17.73557124155043
 10
52.002630364275575
 20
17.730650947487376
 10
52.01520140242627
 20
17.52225227227334
 10
52.01543474634393
 20
17.51739947892466
 10
52.02300536142458
 20
17.306290650748892
 10
52.02311930215933
 20
17.301512775975873
 10
52.025651323001455
 20
17.087674709254145
 10
52.025665278512434
 20
17.08531744265005
 10
52.025665278512434
 20
16.428671555116082
 10
52.02565133233752
 20
16.42631507710737
 10
52.02311931149539
 20
16.212405439444993
 10
52.02300541339048
 20
16.207628225308376
 10
52.015434798309826
 20
15.996476454568196
 10
52.01520135293147
 20
15.99162139150701
 10
52.002630314780774
 20
15.783237030481189
 10
52.00227163269703
 20
15.778309376430805
 10
51.9847383426448
 20
15.572701967911485
 10
51.98334848323283
 20
15.560710669211076
 10
51.954163444003726
 20
15.361837290996505
 10
51.95022216101772
 20
15.342033009258067
 10
51.902810388842425
 20
15.154143384771935
 10
51.89642182380116
 20
15.133583657804124
 10
51.83076423309535
 20
14.956668244254239
 10
51.82177761771777
 20
14.936092411775107
 10
51.73785512289713
 20
14.77014166636927
 10
51.724234328541925
 20
14.747175250986366
 10
51.61913637801031
 20
14.594349025674326
 10
51.6100277445951
 20
14.582132997671593
 10
51.60001149383528
 20
14.570649389198103
 10
51.47071302249128
 20
14.433387457831266
 10
51.4495290406242
 20
14.41392917532903
 10
51.29606821963627
 20
14.292183823946829
 10
51.27456923224071
 20
14.277318117768424
 10
51.09698423277729
 20
14.171041632410322
 10
51.07082235559345
 20
14.15789406288237
 10
50.86242368037935
 20
14.071722650052514
 10
50.83471137085671
 20
14.062578104471768
 10
50.588924036122506
 20
14.001027095307549
 10
50.56630492891934
 20
13.99673498603375
 10
50.28310984908073
 20
13.959804380535182
 10
50.26500318921266
 20
13.958279367980403
 10
49.94438127868527
 20
13.945969166147535
 10
49.92910320608932
 20
13.945969206104607
 10
49.608525033359214
 20
13.958279407937475
 10
49.59041934302523
 20
13.959804389805257
 10
49.30722505841925
 20
13.996734995303825
 10
49.284607641956484
 20
14.0010266897146
 10
49.03881155966279
 20
14.062577698878819
 10
49.01109291984106
 20
14.071724597942023
 10
48.802709354047835
 20
14.157896010771879
 10
48.776567355042744
 20
14.171032556250353
 10
48.59894657010878
 20
14.277309041608461
 10
48.57742415069161
 20
14.292190380784227
 10
48.42398002958983
 20
14.41393573216643
 10
48.40279048280294
 20
14.433402140478009
 10
48.273518254137315
 20
14.570664071844845
 10
48.263511487120425
 20
14.582138383028173
 10
48.254410786287394
 20
14.594343810001845
 10
48.14930567866182
 20
14.747170035313879
 10
48.135678211665876
 20
14.770147768425801
 10
48.05176287393938
 20
14.936098513831638
 10
48.04278837689475
 20
14.956643910606175
 10
47.97710454351056
 20
15.13355932415606
 10
47.970711016853386
 20
15.154127254539155
 10
47.9232825447918
 20
15.342016879025287
 10
47.919332101717
 20
15.361871990496688
 10
47.890182847958414
 20
15.56074536871126
 10
47.8888026967561
 20
15.572647888065895
 10
47.87121294518376
 20
15.778255296585222
 10
47.870848232208644
 20
15.783260455818343
 10
47.85830184627089
 20
15.991644816844165
 10
47.858068021214706
 20
15.996526596396151
 10
47.85055068672342
 20
16.20767836713633
 10
47.850438257862905
 20
16.212432819370832
 10
47.84793566062983
 20
16.4263424570332
 10
47.847922036664485
 20
16.428671555116082
 10
47.847922036664485
 20
17.08531744265005
 10
47.847935669750214
 20
17.087647320168124
 10
47.850438266983275
 20
17.30148538688985
 10
47.85055073796181
 20
17.30624049876039
 10
47.858068072453094
 20
17.517349326936156
 10
47.85830179696899
 20
17.522228848527718
 10
47.87084818290674
 20
17.730627523741752
 10
47.87121224330956
 20
17.73562529562588
 10
47.8888019948819
 20
17.94133290346243
 10
47.89018404124636
 20
17.953251769196243
 10
47.91933329500495
 20
18.152067890657925
 10
47.92328371956418
 20
18.17191951565563
 10
47.970712191625765
 20
18.359790054557507
 10
47.97710210459438
 20
18.38034676184651
 10
48.042785937978564
 20
18.557281260980616
 10
48.05175039657574
 20
18.577808547725148
 10
48.135665734302236
 20
18.74381654988352
 10
48.14933529816507
 20
18.766862018063932
 10
48.25444040579066
 20
18.919602358246898
 10
48.26352572792578
 20
18.9317823760732
 10
48.2735135180459
 20
18.943234011810688
 10
48.402785746711544
 20
19.080505485969645
 10
48.42395027410842
 20
19.099953310097682
 10
48.577394395210206
 20
19.221746375440468
 10
48.598926295036364
 20
19.236639194890174
 10
48.77654707997033
 20
19.342944308624652
 10
48.80270935404771
 20
19.35609298699422
 10
49.011092919840934
 20
19.44226439982424
 10
49.03881155966279
 20
19.4514112988875
 10
49.284607641956484
 20
19.512962308051698
 10
49.30722505841932
 20
19.51725400246248
 10
49.5904193430253
 20
19.554184607960956
 10
49.60852503335924
 20
19.555709589828737
 10
49.92910320608935
 20
19.56801979166154
 10
49.94438127868524
 20
19.568019831618614
 10
50.26500318921262
 20
19.55570962978581
 10
50.28310984908066
 20
19.554184617231037
 10
50.566304928919266
 20
19.51725401173256
 10
50.58892403612249
 20
19.512961902458763
 10
50.83471137085668
 20
19.451410893294558
 10
50.862423680379464
 20
19.442266347713748
  0
LWPOLYLINE
  5
60
330
17
100
AcDbEntity
  8
0
100
AcDbPolyline
 90
67
 70
1
 10
48.682787243598014
 20
18.7970279218936
 10
48.573833869289984
 20
18.681332613935858
 10
48.4849734575526
 20
18.55219931276538
 10
48.41217626744506
 20
18.40818611541779
 10
48.35414782601154
 20
18.251873173684935
 10
48.311838244253266
 20
18.08427924581558
 10
48.285029677567934
 20
17.90142807252427
 10
48.26816476970234
 20
17.704197324884305
 10
48.25591576052024
 20
17.500738153542095
 10
48.24856999208774
 20
17.294447404123588
 10
48.24610886089937
 20
17.08415246400449
 10
48.24610886089937
 20
16.429836144003318
 10
48.24857001438329
 20
16.219468913103896
 10
48.25591578919837
 20
16.013136021909098
 10
48.26816448721674
 20
15.809695993631834
 10
48.28502943059415
 20
15.612560901166482
 10
48.311839602686476
 20
15.429646115811359
 10
48.35414780359659
 20
15.26204063251923
 10
48.41216985383983
 20
15.105761766245479
 10
48.48497742822809
 20
14.961777703638212
 10
48.57384991961922
 20
14.832554227251435
 10
48.682771433968696
 20
14.716900791232455
 10
48.81464439448568
 20
14.61227039027169
 10
48.96842687579043
 20
14.520257163166583
 10
49.14973236475495
 20
14.445283159922084
 10
49.37014852959564
 20
14.390087661053883
 10
49.632891821506476
 20
14.355824014545433
 10
49.936743283774206
 20
14.344156118394316
 10
50.24063799497621
 20
14.3558240833961
 10
50.50338073311481
 20
14.390087561473962
 10
50.723790656222874
 20
14.445283461668659
 10
50.90510353194115
 20
14.520255083483619
 10
51.05885383272367
 20
14.612267593770461
 10
51.19075747834128
 20
14.716910952126874
 10
51.29969722324721
 20
14.83256026826313
 10
51.38855950344012
 20
14.961777696251104
 10
51.46136904189957
 20
15.105753363392893
 10
51.51936344281431
 20
15.262020191205345
 10
51.56166412414487
 20
15.429654910728573
 10
51.58850454173147
 20
15.612551513204835
 10
51.60531483745379
 20
15.809680593349562
 10
51.61759075020407
 20
16.013172795331037
 10
51.62498866133504
 20
16.21950768601561
 10
51.62747845427755
 20
16.429849835388396
 10
51.62747845427755
 20
17.08413876803857
 10
51.6249886840523
 20
17.294408621545458
 10
51.61759077914142
 20
17.50070137583984
 10
51.605314555312944
 20
17.704212712916238
 10
51.58850429522255
 20
17.901437442559228
 10
51.56166548372373
 20
18.084270446995248
 10
51.51936342039073
 20
18.25189361462641
 10
51.46136263005852
 20
18.40819451870302
 10
51.3885634745799
 20
18.55219932201176
 10
51.29971327530674
 20
18.68132657514714
 10
51.190741667535576
 20
18.79701775915521
 10
51.05882816998607
 20
18.90170994784033
 10
50.90509255397211
 20
18.993738453596926
 10
50.72379065622286
 20
19.068705536097653
 10
50.50338073311478
 20
19.123901436292336
 10
50.240637994976254
 20
19.158164914370104
 10
49.93674328377419
 20
19.169832879371832
 10
49.63289182150645
 20
19.15816498322078
 10
49.37014852959561
 20
19.123901336712407
 10
49.14973236475501
 20
19.06870583784424
 10
48.96843785250549
 20
18.993736373724538
 10
48.81467005746137
 20
18.90170715007855
 10
48.682787243598014
 20
18.7970279218936
  0
LWPOLYLINE
  5
61
330
17
100
AcDbEntity
  8
0
100
AcDbPolyline
 90
685
 70
1
 10
61.76903621769094
 20
23.951921094775336
 10
61.758960792004274
 20
23.933479608378512
 10
61.74699770125524
 20
23.916202829656143
 10
61.733280224301694
 20
23.900283236403773
 10
61.58064375584044
 20
23.74098059270409
 10
61.562844698621916
 20
23.724535863300048
 10
61.54317960297847
 20
23.710375369792573
 10
61.34881539773485
 20
23.587655638968386
 10
61.333356819921434
 20
23.578836021224
 10
61.31717238328744
 20
23.57143215088402
 10
61.0965490312027
 20
23.482201224145506
 10
61.07095831318621
 20
23.47381566293941
 10
60.83954440420159
 20
23.414979431496775
 10
60.81791328716494
 20
23.410738862794588
 10
60.59117741122169
 20
23.379203217858034
 10
60.570809238429774
 20
23.377430181878836
 10
60.36421998546916
 20
23.370101014658566
 10
60.34428493007084
 20
23.370392660433524
 10
60.32447899771691
 20
23.37267663385397
 10
60.30500080217432
 20
23.376930031248605
 10
60.28604567066715
 20
23.38311019957471
 10
60.267803685136684
 20
23.391155164142646
 10
60.250457776100745
 20
23.40098425009758
 10
60.234181888227596
 20
23.41249889142648
 10
60.21913923601994
 20
23.425583619377512
 10
60.20548066710086
 20
23.440107220379865
 10
60.1933431495148
 20
23.455924051852733
 10
60.1828483982129
 20
23.472875502708163
 10
60.17410165449614
 20
23.490791583902045
 10
60.167190630656265
 20
23.50949263308324
 10
60.16218463039753
 20
23.528791116246502
 10
60.1591338538595
 20
23.54849350832228
 10
60.15806889421037
 20
23.568402233844985
 10
60.15900043085888
 20
23.5883176482385
 10
60.161919122361354
 20
23.608040039850728
 10
60.16679570009745
 20
23.62737163266086
 10
60.173581261775865
 20
23.646118569576025
 10
60.18220776182618
 20
23.664092856429058
 10
60.19258869375932
 20
23.681114247182812
 10
60.204619957654245
 20
23.69701205143634
 10
60.33292425834996
 20
23.849984288678932
 10
60.39963359747243
 20
23.971137699308102
 10
60.414751264987075
 20
24.046227874669256
 10
60.405414185453324
 20
24.07797677190417
 10
60.36897719204491
 20
24.110861748065282
 10
60.252782529048446
 20
24.143257983917948
 10
60.014728742960514
 20
24.1364441913652
 10
59.85528238760993
 20
24.109165834191124
 10
59.656823946709935
 20
24.060899464860306
 10
59.01635650017246
 20
23.88171824466948
 10
59.01540892571926
 20
23.881455666603806
 10
58.30234592114718
 20
23.685756763750838
 10
58.29810119203874
 20
23.684641964348472
 10
57.52635432474926
 20
23.49102389210801
 10
57.519210179020405
 20
23.489370774513297
 10
56.69941054594801
 20
23.31551424522514
 10
56.69032980554469
 20
23.31380764565266
 10
55.985595812941895
 20
23.198224212707338
 10
55.97773054055506
 20
23.19709491106864
 10
55.23918843982335
 20
23.10605613842312
 10
55.23358129338551
 20
23.10544545487921
 10
54.44273372854886
 20
23.030631828803386
 10
54.4393967417992
 20
23.030344450844318
 10
53.577746356881505
 20
22.963436457608033
 10
53.57096635010994
 20
22.96302619948971
 10
52.91032979544819
 20
22.93435171887907
 10
52.292651248081896
 20
22.907824155835165
 10
52.0325475656217
 20
22.880096658252647
 10
51.81848798142525
 20
22.836359303216653
 10
51.66624604330451
 20
22.777509518823578
 10
51.57432860114473
 20
22.706777859651957
 10
51.53176215946401
 20
22.643187452552183
 10
51.51460820491336
 20
22.585435084598423
 10
51.517825478831426
 20
22.53406281195536
 10
51.54422319576267
 20
22.47409083058063
 10
51.60877769944544
 20
22.399857786596314
 10
51.723630160982296
 20
22.317791462029405
 10
51.89393970618275
 20
22.23723834522339
 10
52.131832746674604
 20
22.162661132844057
 10
52.15014742213225
 20
22.155917143126203
 10
52.16771378841318
 20
22.147412349764963
 10
52.18436303904825
 20
22.13722848076916
 10
52.199935180720175
 20
22.125463399461225
 10
52.21428057074189
 20
22.112230164045855
 10
52.227261355068904
 20
22.0976559411613
 10
52.238752793027274
 20
22.0818807838536
 10
52.24864445602654
 20
22.065056285717205
 10
52.25684128873894
 20
22.047344124134888
 10
52.263264522546876
 20
22.02891450661629
 10
52.26785243248101
 20
22.009944535164813
 10
52.2705609303751
 20
21.990616504391063
 10
52.27136398853743
 20
21.971116149727088
 10
52.27025388986756
 20
21.951630862575584
 10
52.267241302014924
 20
21.932347889545902
 10
52.262355174866485
 20
21.913452533081355
 10
52.255642462348746
 20
21.895126370769304
 10
52.24716767121747
 20
21.877545510445806
 10
52.237012241170774
 20
21.86087889786257
 10
52.22527376224305
 20
21.84528669317892
 10
52.21206503699966
 20
21.830918731880317
 10
52.197512996544916
 20
21.817913084913066
 10
52.181757480759686
 20
21.80639473187219
 10
52.164949894490405
 20
21.79647435999236
 10
52.14725175260291
 20
21.788247300483427
 10
52.128833127882615
 20
21.781792612431637
 10
51.99084719919294
 20
21.740910831843443
 10
51.96961283500531
 20
21.735867281337093
 10
51.78870338201109
 20
21.70325399350267
 10
51.766518083520694
 20
21.70052949761
 10
51.32196176046449
 20
21.671132422420918
 10
51.29356843575091
 20
21.671283972797028
 10
50.81541748301393
 20
21.708032935278283
 10
50.78704022188565
 20
21.71228781325732
 10
50.56413748179048
 20
21.762357072510824
 10
50.53696828382472
 20
21.770531943854103
 10
50.34019175319369
 20
21.84540572918899
 10
50.31883831863914
 20
21.85500347492215
 10
50.29875915224966
 20
21.867041455132167
 10
50.13459107603762
 20
21.979089814167033
 10
50.11999881398512
 20
21.990062911937684
 10
50.106473129523664
 20
22.00232663267576
 10
50.094127768826326
 20
22.015777842872097
 10
50.00000000009244
 20
22.128284372737674
 10
49.905872231136996
 20
22.015777842618427
 10
49.89352687043905
 20
22.002326632422722
 10
49.880001185976994
 20
21.990062911685328
 10
49.86540892392401
 20
21.9790898139154
 10
49.70124084770568
 20
21.867041454887826
 10
49.68116168131577
 20
21.85500347467886
 10
49.659808246760946
 20
21.845405728946787
 10
49.4630317161252
 20
21.770531943620526
 10
49.435862518159226
 20
21.762357072278533
 10
49.212959778060295
 20
21.71228781303482
 10
49.18458251693204
 20
21.708032935057084
 10
48.7064315641902
 20
21.671283972596832
 10
48.67803823947679
 20
21.67113242222198
 10
48.23348191641895
 20
21.700529497430622
 10
48.21129661792878
 20
21.70325399332424
 10
48.030387164934865
 20
21.735867281166634
 10
48.00915280074754
 20
21.740910831673858
 10
47.87116687205881
 20
21.78179261226815
 10
47.852748247338766
 20
21.78824730032074
 10
47.8350501054516
 20
21.796474359830448
 10
47.81824251918272
 20
21.80639473171101
 10
47.80248700339796
 20
21.817913084752583
 10
47.78793496294375
 20
21.83091873172048
 10
47.774726237700975
 20
21.845286693019666
 10
47.7629877587739
 20
21.86087889770384
 10
47.75283232872793
 20
21.877545510287554
 10
47.74435753759741
 20
21.895126370611443
 10
47.737644825080466
 20
21.913452532923813
 10
47.73275869793285
 20
21.932347889388602
 10
47.72974611008105
 20
21.95163086241844
 10
47.72863601141205
 20
21.971116149570022
 10
47.729439069575264
 20
21.990616504233998
 10
47.73214756747019
 20
22.009944535007648
 10
47.73673547740519
 20
22.02891450645894
 10
47.74315871121394
 20
22.04734412397729
 10
47.75135554392715
 20
22.06505628555926
 10
47.76124720692721
 20
22.081880783695233
 10
47.77273864488629
 20
22.097655941002436
 10
47.785719429214
 20
22.112230163886416
 10
47.800064819236326
 20
22.125463399301147
 10
47.81563696090882
 20
22.137228480608393
 10
47.83228621154437
 20
22.147412349603464
 10
47.849852577825715
 20
22.1559171429639
 10
47.8681672532837
 20
22.162661132680924
 10
48.10606029378076
 20
22.237238345049818
 10
48.27636983898627
 20
22.31779146184845
 10
48.39122230052784
 20
22.39985778641043
 10
48.455776804214665
 20
22.474090830392157
 10
48.48217452114882
 20
22.53406281176563
 10
48.48539179506925
 20
22.585435084408097
 10
48.46823784052127
 20
22.64318745236224
 10
48.42567139884339
 20
22.70677785946362
 10
48.33375395668617
 20
22.777509518639327
 10
48.18151201856668
 20
22.83635930303926
 10
47.967452434370585
 20
22.88009665808474
 10
47.70734875190951
 20
22.907824155678767
 10
47.0896702045403
 20
22.934351718749895
 10
46.42903364987551
 20
22.963026199389596
 10
46.42225364310404
 20
22.9634364575082
 10
45.56060325818345
 20
23.030344450782316
 10
45.55726627143382
 20
23.030631828741534
 10
44.76641870659526
 20
23.105445454852074
 10
44.76081156015749
 20
23.106056138396227
 10
44.02226945942503
 20
23.19709491107418
 10
44.01440418703825
 20
23.198224212713214
 10
43.30967019443595
 20
23.31380764568955
 10
43.300589454032774
 20
23.315514245262406
 10
42.48078982096287
 20
23.489370774586618
 10
42.473645675234124
 20
23.491023892181616
 10
41.70189880794834
 20
23.684641964455984
 10
41.697654078839975
 20
23.685756763858528
 10
40.98459107427213
 20
23.881455666742816
 10
40.983643499818925
 20
23.881718244808525
 10
40.34317605328535
 20
24.060899465027532
 10
40.144717612386444
 20
24.109165834366912
 10
39.98527125703555
 20
24.13644419154803
 10
39.74721747094574
 20
24.14325798411121
 10
39.63102280794604
 20
24.110861748263417
 10
39.594585814535506
 20
24.077976772103597
 10
39.58524873500029
 20
24.046227874869267
 10
39.60036640251144
 20
23.971137699507914
 10
39.66707574162865
 20
23.849984288876065
 10
39.795380042318385
 20
23.697012051627766
 10
39.80741130621267
 20
23.68111424737372
 10
39.81779223814512
 20
23.66409285661951
 10
39.826418738194675
 20
23.646118569766102
 10
39.83320429987232
 20
23.627371632850632
 10
39.83808087760761
 20
23.60804004004028
 10
39.84099956910924
 20
23.588317648427896
 10
39.84193110575693
 20
23.56840223403433
 10
39.840866146106976
 20
23.54849350851164
 10
39.83781536956808
 20
23.528791116435976
 10
39.83280936930852
 20
23.509492633272906
 10
39.82589834546786
 20
23.49079158409198
 10
39.817151601750325
 20
23.472875502898447
 10
39.806656850447666
 20
23.45592405204345
 10
39.79451933286093
 20
23.44010722057108
 10
39.780860763941206
 20
23.425583619569295
 10
39.76581811173297
 20
23.41249889161891
 10
39.749542223859294
 20
23.400984250290684
 10
39.7321963148229
 20
23.391155164336496
 10
39.71395432929208
 20
23.383110199769355
 10
39.694999197784625
 20
23.37693003144406
 10
39.675521002241794
 20
23.37267663405028
 10
39.655715069887776
 20
23.3703926606307
 10
39.63578001448941
 20
23.370101014856616
 10
39.42919076152769
 20
23.37743018208603
 10
39.40882258873599
 20
23.379203218066095
 10
39.18208671279264
 20
23.41073886301266
 10
39.16045559575632
 20
23.414979431715757
 10
38.92904168677285
 20
23.473815663168587
 10
38.9034509687568
 20
23.48220122437572
 10
38.68282761667467
 20
23.57143215112395
 10
38.66664318004105
 20
23.578836021464603
 10
38.65118460222803
 20
23.587655639209586
 10
38.45682039698872
 20
23.71037537004232
 10
38.43715530134587
 20
23.724535863550628
 10
38.41935624412801
 20
23.74098059295541
 10
38.26671977567305
 20
23.900283236661764
 10
38.25300229872012
 20
23.916202829914752
 10
38.24103920797178
 20
23.933479608637697
 10
38.23096378228584
 20
23.95192109503501
 10
38.1355236405567
 20
24.150900760404106
 10
38.12862825644686
 20
24.167071247682536
 10
38.12318615894446
 20
24.18378694556263
 10
38.119239776244854
 20
24.200917533539474
 10
38.1168198755101
 20
24.218329456502723
 10
38.09404465044827
 20
24.460080252323678
 10
38.093168535694986
 20
24.477964082359946
 10
38.09390270240027
 20
24.495854301840893
 10
38.09624121252567
 20
24.513606212279512
 10
38.100165151888646
 20
24.531076233850847
 10
38.16652047727919
 20
24.774692667608868
 10
38.17269898980446
 20
24.793596622471462
 10
38.18073269048014
 20
24.811789840436568
 10
38.19054141423766
 20
24.82909077869786
 10
38.20202728376687
 20
24.845326798149394
 10
38.359051091222895
 20
25.045301174175506
 10
38.37398221755571
 20
25.06224267992694
 10
38.390735793154064
 20
25.07738437254573
 10
38.40909627993808
 20
25.0905314511469
 10
38.64986560614341
 20
25.24305457349938
 10
38.66458900708777
 20
25.251523886753397
 10
38.67998072160199
 20
25.258707404462406
 10
38.695928720602694
 20
25.26455284116436
 10
39.013520602241115
 20
25.365815513901516
 10
39.03178673245958
 20
25.370697275307265
 10
39.050433576053905
 20
25.37382430769437
 10
39.43792504980918
 20
25.420017334874466
 10
39.46709672310338
 20
25.421338204107656
 10
39.91756482565934
 20
25.408652389788998
 10
39.94126407184987
 20
25.406562928337678
 10
40.44778583989027
 20
25.331189076578553
 10
40.46773521220402
 20
25.327168961867933
 10
40.67063769576639
 20
25.27536320725651
 10
40.440310354608044
 20
25.4011229936349
 10
40.41953477300831
 20
25.414190163270376
 10
40.07413698608423
 20
25.66240549906933
 10
40.060557645830116
 20
25.673087242757084
 10
40.04795551218321
 20
25.684906056466296
 10
39.79485052077109
 20
25.94381668758109
 10
39.783832231753976
 20
25.956062617438555
 10
39.773864030898835
 20
25.969177512125505
 10
39.76501416112846
 20
25.983071586257516
 10
39.609364965835724
 20
26.251319518881637
 10
39.59927374274902
 20
26.271197736098877
 10
39.59146810102786
 20
26.292079504712717
 10
39.586045906374025
 20
26.313703012944664
 10
39.53301550780813
 20
26.589930253271582
 10
39.53033959489434
 20
26.60861387656246
 10
39.52944494377202
 20
26.627466937018703
 10
39.53033959489434
 20
26.64631999747496
 10
39.53301550780813
 20
26.665003620765837
 10
39.58604590637404
 20
26.941230861092755
 10
39.59146810102787
 20
26.962854369324695
 10
39.599273742749034
 20
26.98373613793852
 10
39.60936496583574
 20
27.00361435515576
 10
39.76501416112846
 20
27.27186228777989
 10
39.773864030898835
 20
27.2857563619119
 10
39.783832231753976
 20
27.298871256598858
 10
39.79485052077109
 20
27.311117186456322
 10
40.04795551218321
 20
27.57002781757113
 10
40.060557645830116
 20
27.581846631280342
 10
40.07413698608424
 20
27.59252837496809
 10
40.41953477300834
 20
27.840743710767036
 10
40.44031035460806
 20
27.853810880402513
 10
40.67063769576541
 20
27.97957066678036
 10
40.46773521220403
 20
27.927764912169188
 10
40.44778583989027
 20
27.923744797458568
 10
39.94126407184987
 20
27.848370945699457
 10
39.917564825659326
 20
27.84628148424813
 10
39.46709672310337
 20
27.8335956699295
 10
39.43792504980917
 20
27.83491653916269
 10
39.05043357605388
 20
27.881109566342808
 10
39.03178673245958
 20
27.884236598729913
 10
39.013520602241115
 20
27.88911836013566
 10
38.695928720602694
 20
27.990381032872826
 10
38.67998072160199
 20
27.996226469574786
 10
38.66458900708777
 20
28.00340998728379
 10
38.64986560614341
 20
28.011879300537807
 10
38.40909627993808
 20
28.164402422890284
 10
38.390735793154064
 20
28.177549501491455
 10
38.37398221755572
 20
28.192691194110246
 10
38.35905109122291
 20
28.209632699861665
 10
38.20202728376688
 20
28.40960707588774
 10
38.19054141423767
 20
28.425843095339268
 10
38.18073269048014
 20
28.443144033600554
 10
38.17269898980446
 20
28.461337251565666
 10
38.16652047727919
 20
28.480241206428268
 10
38.100165151888646
 20
28.723857640186225
 10
38.09624121252567
 20
28.741327661757566
 10
38.09390270240027
 20
28.759079572196192
 10
38.093168535694986
 20
28.776969791677125
 10
38.09404465044827
 20
28.794853621713408
 10
38.1168198755101
 20
29.036604417534427
 10
38.119239776244854
 20
29.054016340497675
 10
38.12318615894446
 20
29.071146928474512
 10
38.12862825644686
 20
29.087862626354614
 10
38.1355236405567
 20
29.104033113633037
 10
38.23096378228584
 20
29.303012779002188
 10
38.24103920797177
 20
29.321454265399503
 10
38.25300229872012
 20
29.338731044122447
 10
38.26671977567304
 20
29.354650637375435
 10
38.419356244128
 20
29.513953281081818
 10
38.43715530134587
 20
29.530398010486614
 10
38.45682039698872
 20
29.54455850399492
 10
38.65118460222803
 20
29.667278234827663
 10
38.66664318004105
 20
29.676097852572667
 10
38.682827616674686
 20
29.683501722913313
 10
38.903450968756815
 20
29.772732649661528
 10
38.92904168677286
 20
29.781118210868655
 10
39.160455595756346
 20
29.839954442321456
 10
39.18208671279268
 20
29.844195011024553
 10
39.408822588736044
 20
29.87573065597106
 10
39.429190761527764
 20
29.877503691951134
 10
39.635780014489484
 20
29.88483285918047
 10
39.65571506988785
 20
29.884541213406386
 10
39.675521002241865
 20
29.8822572399868
 10
39.694999197784696
 20
29.87800384259301
 10
39.71395432929215
 20
29.871823674267716
 10
39.73219631482297
 20
29.86377870970056
 10
39.749542223859365
 20
29.85394962374636
 10
39.76581811173304
 20
29.842434982418133
 10
39.78086076394126
 20
29.82935025446774
 10
39.794519332860986
 20
29.814826653465957
 10
39.80665685044772
 20
29.79900982199358
 10
39.81715160175035
 20
29.782058371138582
 10
39.82589834546789
 20
29.764142289945042
 10
39.83280936930855
 20
29.745441240764116
 10
39.837815369568105
 20
29.726142757601046
 10
39.840866146106976
 20
29.706440365525374
 10
39.84193110575693
 20
29.68653164000269
 10
39.84099956910923
 20
29.66661622560911
 10
39.838080877607595
 20
29.646893833996742
 10
39.83320429987229
 20
29.62756224118639
 10
39.82641873819465
 20
29.608815304270912
 10
39.817792238145074
 20
29.59084101741751
 10
39.807411306212614
 20
29.573819626663308
 10
39.79538004231833
 20
29.55792182240927
 10
39.66707574162871
 20
29.404949585161205
 10
39.60036640251144
 20
29.283796174529293
 10
39.58524873500029
 20
29.20870599916804
 10
39.59458581453552
 20
29.176957101933674
 10
39.631022807946124
 20
29.144072125773754
 10
39.747217470945756
 20
29.11167588992594
 10
39.985271257035535
 20
29.11848968248917
 10
40.14471761238636
 20
29.1457680396703
 10
40.343176053285305
 20
29.19403440900976
 10
40.983643499818925
 20
29.37321562922879
 10
40.98459107427213
 20
29.373478207294497
 10
41.697654078839975
 20
29.569177110178785
 10
41.70189880794834
 20
29.57029190958133
 10
42.473645675234124
 20
29.76390998185569
 10
42.48078982096287
 20
29.765563099450695
 10
43.300589454032774
 20
29.93941962877488
 10
43.30967019443595
 20
29.941126228347727
 10
44.01440418703825
 20
30.056709661324064
 10
44.02226945942502
 20
30.057838962963096
 10
44.76081156015748
 20
30.148877735641065
 10
44.76641870659526
 20
30.149488419185218
 10
45.55726627143382
 20
30.224302045295772
 10
45.56060325818345
 20
30.22458942325499
 10
46.42225364310404
 20
30.291497416529104
 10
46.429033649875535
 20
30.291907674647717
 10
47.08967020454031
 20
30.32058215528737
 10
47.70734875190955
 20
30.347109718358425
 10
47.96745243437057
 20
30.37483721595241
 10
48.18151201856671
 20
30.41857457099787
 10
48.33375395668615
 20
30.47742435539778
 10
48.42567139884338
 20
30.548156014573472
 10
48.468237840521255
 20
30.6117464216749
 10
48.48539179506925
 20
30.66949878962909
 10
48.48217452114882
 20
30.72087106227164
 10
48.455776804214665
 20
30.78084304364514
 10
48.39122230052786
 20
30.855076087626834
 10
48.276369838986255
 20
30.937142412188848
 10
48.106060293780686
 20
31.017695528987502
 10
47.8681672532837
 20
31.092272741356396
 10
47.849852577825715
 20
31.099016731073412
 10
47.83228621154437
 20
31.10752152443385
 10
47.81563696090882
 20
31.11770539342892
 10
47.800064819236326
 20
31.129470474736166
 10
47.785719429214
 20
31.142703710150897
 10
47.77273864488629
 20
31.157277933034877
 10
47.76124720692721
 20
31.17305309034208
 10
47.75135554392715
 20
31.189877588478055
 10
47.74315871121394
 20
31.207589750060038
 10
47.73673547740519
 20
31.226019367578374
 10
47.73214756747019
 20
31.244989339029665
 10
47.729439069575264
 20
31.264317369803315
 10
47.72863601141205
 20
31.28381772446729
 10
47.72974611008105
 20
31.303303011618873
 10
47.73275869793285
 20
31.322585984648704
 10
47.737644825080466
 20
31.3414813411135
 10
47.74435753759741
 20
31.35980750342587
 10
47.75283232872793
 20
31.37738836374976
 10
47.7629877587739
 20
31.39405497633347
 10
47.774726237700975
 20
31.409647181017647
 10
47.78793496294375
 20
31.42401514231684
 10
47.80248700339796
 20
31.43702078928473
 10
47.81824251918272
 20
31.448539142326304
 10
47.8350501054516
 20
31.458459514206865
 10
47.85274824733875
 20
31.466686573716572
 10
47.87116687205881
 20
31.473141261769157
 10
48.00915280074754
 20
31.514023042363455
 10
48.030387164934865
 20
31.519066592870693
 10
48.21129661792878
 20
31.55167988071308
 10
48.23348191641895
 20
31.554404376606705
 10
48.67803823947679
 20
31.583801451815347
 10
48.70643156419017
 20
31.583649901440495
 10
49.184582516932025
 20
31.546900938980244
 10
49.21295977806032
 20
31.542646061002515
 10
49.43586251815924
 20
31.492576801758787
 10
49.46303171612523
 20
31.484401930416794
 10
49.65980824676096
 20
31.409528145090526
 10
49.6811616813158
 20
31.399930399358432
 10
49.70124084770573
 20
31.387892419149452
 10
49.865408923924065
 20
31.275844060121806
 10
49.88000118597704
 20
31.26487096235188
 10
49.893526870439075
 20
31.25260724161449
 10
49.90587223113701
 20
31.239156031418787
 10
50.00000000009247
 20
31.126649501299468
 10
50.094127768826326
 20
31.23915603116501
 10
50.106473129523664
 20
31.252607241361346
 10
50.11999881398512
 20
31.264870962099423
 10
50.13459107603762
 20
31.275844059870074
 10
50.29875915224966
 20
31.387892418904954
 10
50.31883831863914
 20
31.39993039911497
 10
50.34019175319369
 20
31.409528144848124
 10
50.53696828382472
 20
31.48440193018301
 10
50.56413748179048
 20
31.492576801526297
 10
50.78704022188565
 20
31.542646060779795
 10
50.81541748301393
 20
31.54690093875883
 10
51.29356843575091
 20
31.58364990124008
 10
51.32196176046449
 20
31.583801451616182
 10
51.766518083520694
 20
31.554404376427108
 10
51.78870338201108
 20
31.551679880534437
 10
51.96961283500529
 20
31.519066592700028
 10
51.99084719919293
 20
31.514023042193685
 10
52.1288331278826
 20
31.473141261605498
 10
52.14725175260291
 20
31.46668657355371
 10
52.16494989449038
 20
31.458459514044776
 10
52.18175748075966
 20
31.448539142164947
 10
52.1975129965449
 20
31.43702078912407
 10
52.21206503699966
 20
31.42401514215682
 10
52.225273762243035
 20
31.409647180858215
 10
52.23701224117076
 20
31.39405497617458
 10
52.247167671217454
 20
31.37738836359133
 10
52.25564246234873
 20
31.359807503267838
 10
52.26235517486647
 20
31.341481340955788
 10
52.267241302014924
 20
31.322585984491234
 10
52.27025388986756
 20
31.30330301146155
 10
52.27136398853743
 20
31.283817724310047
 10
52.2705609303751
 20
31.264317369646072
 10
52.26785243248101
 20
31.244989338872323
 10
52.263264522546876
 20
31.226019367420847
 10
52.25684128873894
 20
31.207589749902247
 10
52.24864445602654
 20
31.18987758831993
 10
52.238752793027274
 20
31.173053090183522
 10
52.227261355068904
 20
31.157277932875836
 10
52.21428057074189
 20
31.142703709991267
 10
52.1999351807202
 20
31.129470474575903
 10
52.18436303904825
 20
31.11770539326797
 10
52.16771378841318
 20
31.10752152427216
 10
52.15014742213225
 20
31.099016730910925
 10
52.131832746674604
 20
31.09227274119307
 10
51.89393970618275
 20
31.01769552881374
 10
51.72363016098227
 20
30.937142412007702
 10
51.60877769944547
 20
30.85507608744083
 10
51.54422319576267
 20
30.780843043456493
 10
51.517825478831426
 20
30.720871062081756
 10
51.51460820491336
 20
30.669498789438684
 10
51.531762159463995
 20
30.611746421484952
 10
51.57432860114476
 20
30.548156014385093
 10
51.66624604330448
 20
30.477424355213536
 10
51.81848798142525
 20
30.418574570820446
 10
52.03254756562163
 20
30.374837215784467
 10
52.29265124808194
 20
30.347109718201935
 10
52.91032979544819
 20
30.320582155158036
 10
53.57096635010994
 20
30.291907674547403
 10
53.577746356881505
 20
30.29149741642908
 10
54.4393967417992
 20
30.22458942319279
 10
54.44273372854886
 20
30.22430204523372
 10
55.23358129338551
 20
30.149488419157876
 10
55.23918843982335
 20
30.148877735613965
 10
55.97773054055506
 20
30.057838962968454
 10
55.985595812941895
 20
30.056709661329748
 10
56.69032980554469
 20
29.941126228384427
 10
56.69941054594801
 20
29.939419628811955
 10
57.519210179020405
 20
29.76556309952379
 10
57.52635432474926
 20
29.763909981929075
 10
58.29810119203874
 20
29.57029190968862
 10
58.30234592114718
 20
29.569177110286255
 10
59.01540892571926
 20
29.3734782074333
 10
59.01635650017246
 20
29.373215629367635
 10
59.65682394671019
 20
29.19403440917676
 10
59.85528238760995
 20
29.14576803984599
 10
60.014728742960514
 20
29.118489682671907
 10
60.252782529048446
 20
29.11167589011916
 10
60.36897719204492
 20
29.14407212597183
 10
60.405414185453324
 20
29.176957102132924
 10
60.414751264987075
 20
29.20870599936783
 10
60.399633597472416
 20
29.283796174729005
 10
60.33292425834996
 20
29.40494958535819
 10
60.204619957654245
 20
29.557921822600797
 10
60.19258869375932
 20
29.573819626854323
 10
60.18220776182615
 20
29.590841017608078
 10
60.173581261775865
 20
29.60881530446111
 10
60.16679570009745
 20
29.627562241376268
 10
60.161919122361354
 20
29.6468938341864
 10
60.15900043085888
 20
29.666616225798634
 10
60.15806889421037
 20
29.686531640192143
 10
60.1591338538595
 20
29.706440365714855
 10
60.16218463039753
 20
29.726142757790633
 10
60.167190630656265
 20
29.74544124095388
 10
60.17410165449614
 20
29.764142290135084
 10
60.1828483982129
 20
29.782058371328972
 10
60.1933431495148
 20
29.799009822184395
 10
60.20548066710086
 20
29.81482665365727
 10
60.21913923601994
 20
29.829350254659616
 10
60.234181888227596
 20
29.84243498261064
 10
60.250457776100745
 20
29.85394962393955
 10
60.267803685136684
 20
29.863778709894483
 10
60.28604567066715
 20
29.871823674462412
 10
60.30500080217432
 20
29.878003842788523
 10
60.32447899771691
 20
29.882257240183158
 10
60.34428493007084
 20
29.884541213603605
 10
60.36421998546916
 20
29.884832859378555
 10
60.570809238429774
 20
29.877503692158278
 10
60.59117741122171
 20
29.87573065617908
 10
60.817913287164956
 20
29.84419501124252
 10
60.83954440420159
 20
29.839954442540332
 10
61.07095831318621
 20
29.7811182110977
 10
61.09654903120271
 20
29.7727326498916
 10
61.317172383287456
 20
29.68350172315308
 10
61.333356819921434
 20
29.676097852813093
 10
61.34881539773485
 20
29.667278235068714
 10
61.54317960297847
 20
29.54455850424452
 10
61.562844698621916
 20
29.530398010737052
 10
61.58064375584044
 20
29.51395328133301
 10
61.733280224301694
 20
29.354650637633334
 10
61.74699770125524
 20
29.338731044380964
 10
61.758960792004274
 20
29.321454265658595
 10
61.76903621769094
 20
29.30301277926177
 10
61.86447635942855
 20
29.104033113896826
 10
61.87137174353906
 20
29.087862626618808
 10
61.87681384104212
 20
29.071146928739054
 10
61.88076022374247
 20
29.054016340762487
 10
61.883180124477974
 20
29.036604417799467
 10
61.905955349550695
 20
28.794853621979442
 10
61.9068314643048
 20
28.776969791943337
 10
61.906097297600326
 20
28.759079572462475
 10
61.90375878747578
 20
28.741327662023878
 10
61.899834848113656
 20
28.723857640452472
 10
61.83347952273475
 20
28.480241206691574
 10
61.82730101021038
 20
28.461337251828716
 10
61.81926730953559
 20
28.443144033863263
 10
61.80945858577893
 20
28.425843095601536
 10
61.79797271625053
 20
28.40960707614949
 10
61.64094890880472
 20
28.209632700116515
 10
61.62601778247269
 20
28.192691194364336
 10
61.609264206875025
 20
28.177549501744693
 10
61.590903720091575
 20
28.16440242314261
 10
61.35013439389486
 20
28.01187930077956
 10
61.33541099295084
 20
28.003409987524805
 10
61.32001927843686
 20
27.99622646981505
 10
61.30407127943634
 20
27.990381033112314
 10
60.986479397804715
 20
27.88911836036121
 10
60.96821326758635
 20
27.884236598954594
 10
60.94956642399205
 20
27.88110956656662
 10
60.56207495024148
 20
27.83491653936948
 10
60.53290327694714
 20
27.833595670134997
 10
60.08243517439361
 20
27.846281484433838
 10
60.058735928202836
 20
27.84837094588414
 10
59.552214160162364
 20
27.92374479762099
 10
59.532264787848334
 20
27.927764912330773
 10
59.329362303658655
 20
27.97957066709317
 10
59.55968964538893
 20
27.853810880402513
 10
59.580465226988665
 20
27.840743710767036
 10
59.925863013912746
 20
27.592528374968083
 10
59.93944235416684
 20
27.581846631280328
 10
59.95204448781375
 20
27.570027817571116
 10
60.20514947922588
 20
27.311117186456322
 10
60.216167768243
 20
27.298871256598858
 10
60.22613596909814
 20
27.285756361911908
 10
60.23498583886851
 20
27.271862287779896
 10
60.39063503416125
 20
27.00361435515577
 10
60.40072625724795
 20
26.98373613793853
 10
60.408531898969116
 20
26.962854369324695
 10
60.41395409362295
 20
26.94123086109275
 10
60.46698449218884
 20
26.66500362076583
 10
60.46966040510263
 20
26.646319997474954
 10
60.47055505622495
 20
26.627466937018703
 10
60.46966040510263
 20
26.60861387656245
 10
60.46698449218884
 20
26.589930253271575
 10
60.413954093622934
 20
26.313703012944657
 10
60.40853189896909
 20
26.292079504712717
 10
60.400726257247925
 20
26.27119773609889
 10
60.390635034161235
 20
26.25131951888165
 10
60.23498583886851
 20
25.983071586257523
 10
60.22613596909814
 20
25.969177512125512
 10
60.216167768243
 20
25.956062617438555
 10
60.20514947922588
 20
25.94381668758109
 10
59.95204448781375
 20
25.684906056466282
 10
59.93944235416684
 20
25.67308724275707
 10
59.925863013912746
 20
25.662405499069322
 10
59.58046522698865
 20
25.41419016327037
 10
59.559689645388914
 20
25.401122993634893
 10
59.329362303657646
 20
25.275363206943688
 10
59.532264787848334
 20
25.32716896170635
 10
59.552214160162364
 20
25.331189076416123
 10
60.058735928202836
 20
25.406562928152972
 10
60.08243517439361
 20
25.408652389603276
 10
60.53290327694714
 20
25.42133820390211
 10
60.56207495024148
 20
25.420017334667627
 10
60.94956642399205
 20
25.373824307470485
 10
60.96821326758635
 20
25.370697275082513
 10
60.986479397804715
 20
25.365815513675905
 10
61.30407127943634
 20
25.264552840924793
 10
61.32001927843686
 20
25.258707404222058
 10
61.33541099295084
 20
25.251523886512302
 10
61.35013439389486
 20
25.243054573257545
 10
61.590903720091575
 20
25.090531450894495
 10
61.609264206875025
 20
25.077384372292414
 10
61.62601778247269
 20
25.062242679672778
 10
61.64094890880472
 20
25.045301173920592
 10
61.79797271625053
 20
24.845326797887623
 10
61.80945858577893
 20
24.82909077843557
 10
61.81926730953559
 20
24.811789840173844
 10
61.82730101021038
 20
24.793596622208405
 10
61.83347952273475
 20
24.77469266734554
 10
61.899834848113656
 20
24.531076233584663
 10
61.90375878747578
 20
24.513606212013258
 10
61.906097297600326
 20
24.495854301574646
 10
61.9068314643048
 20
24.4779640820938
 10
61.905955349550695
 20
24.46008025205768
 10
61.883180124477974
 20
24.218329456237647
 10
61.88076022374247
 20
24.200917533274627
 10
61.87681384104212
 20
24.183786945298067
 10
61.87137174353906
 20
24.167071247418313
 10
61.86447635942855
 20
24.15090076014029
 10
61.76903621769094
 20
23.951921094775336
  0
LWPOLYLINE
  5
62
330
17
100
AcDbEntity
  8
0
100
AcDbPolyline
 90
30
 70
1
 10
49.997355958902304
 20
29.52818518063227
 10
50.002644041094655
 20
29.52818518063227
 10
50.66797550209462
 20
29.519348530245992
 10
50.65360523101843
 20
29.524218661383834
 10
50.64538619092666
 20
29.527206927863872
 10
50.56683566588114
 20
29.557735682163703
 10
50.55805351176831
 20
29.561392719263566
 10
50.48274506898801
 20
29.594885451091578
 10
50.47350061849481
 20
29.599284925067074
 10
50.401354284670546
 20
29.6359237388412
 10
50.37629060947373
 20
29.651067434231607
 10
50.146043626785044
 20
29.814442736779178
 10
50.13194115144002
 20
29.825433789535147
 10
50.118881605881356
 20
29.837645723097992
 10
50.10697031569835
 20
29.850980047892214
 10
49.999999999906066
 20
29.982137746906268
 10
49.893029684328454
 20
29.850980048144265
 10
49.88111839414597
 20
29.83764572334953
 10
49.86805884858781
 20
29.825433789786132
 10
49.85395637324321
 20
29.81444273702956
 10
49.623709390560435
 20
29.65106743447187
 10
49.5986457153642
 20
29.635923739080425
 10
49.526499381541186
 20
29.59928492530318
 10
49.517254931048214
 20
29.594885451327315
 10
49.44194648826894
 20
29.561392719496013
 10
49.4331643341564
 20
29.55773568239585
 10
49.35461380911181
 20
29.527206928092554
 10
49.34639476902042
 20
29.524218661612252
 10
49.33202449724659
 20
29.519348530237274
 10
49.997355958902304
 20
29.52818518063227
  0
LWPOLYLINE
  5
63
330
17
100
AcDbEntity
  8
0
100
AcDbPolyline
 90
30
 70
1
 10
50.37629060947373
 20
23.603866439805472
 10
50.40135428467053
 20
23.619010135195865
 10
50.473500618494796
 20
23.655648948970004
 10
50.482745068987995
 20
23.660048422945515
 10
50.55805351176829
 20
23.693541154773534
 10
50.56683566588114
 20
23.697198191873404
 10
50.64538619092666
 20
23.727726946173235
 10
50.65360523101839
 20
23.730715212653266
 10
50.66797550209553
 20
23.735585343791428
 10
50.00264404109464
 20
23.726748693405142
 10
49.99735595890229
 20
23.726748693405142
 10
49.332024497245925
 20
23.735585343800146
 10
49.346394769020165
 20
23.730715212425046
 10
49.35461380911168
 20
23.727726945944717
 10
49.433164334156274
 20
23.697198191641476
 10
49.44194648826888
 20
23.69354115454128
 10
49.51725493104816
 20
23.660048422710005
 10
49.52649938154117
 20
23.655648948734132
 10
49.598645715364185
 20
23.619010134956895
 10
49.623709390560464
 20
23.603866439565415
 10
49.85395637324325
 20
23.440491137007655
 10
49.86805884858785
 20
23.42950008425109
 10
49.881118394146
 20
23.417288150687682
 10
49.89302968432847
 20
23.40395382589295
 10
49.99999999990611
 20
23.27279612713089
 10
50.10697031569835
 20
23.40395382614488
 10
50.118881605881356
 20
23.417288150939093
 10
50.13194115144002
 20
23.42950008450193
 10
50.146043626785044
 20
23.4404911372579
 10
50.37629060947373
 20
23.603866439805472
  0
LWPOLYLINE
  5
64
330
17
100
AcDbEntity
  8
0
100
AcDbPolyline
 90
135
 70
1
 10
51.20090248681858
 20
22.26817301426764
 10
51.191947842447945
 20
22.28602926202729
 10
51.1391131432089
 20
22.406062430310584
 10
51.13276740591742
 20
22.422392456915944
 10
51.12788184172841
 20
22.439217123725705
 10
51.12449428198988
 20
22.456406148995384
 10
51.122630958257986
 20
22.473826429572192
 10
51.1149915606218
 20
22.595809583071386
 10
51.11466585187715
 20
22.613284870807327
 10
51.11587406737746
 20
22.63072138373122
 10
51.11860689539786
 20
22.647984738522553
 10
51.12284327401471
 20
22.664941886391667
 10
51.15865842021152
 20
22.785521050535415
 10
51.16530034191604
 20
22.804362269831657
 10
51.17379703148205
 20
22.822443003636366
 10
51.184062937936005
 20
22.83958120170898
 10
51.261591870196
 20
22.955402401925888
 10
51.274537827165815
 20
22.972643755867416
 10
51.28927227080729
 20
22.988384094433577
 10
51.30562240098013
 20
23.002438820718062
 10
51.44621101748774
 20
23.110623577305816
 10
51.46183854799587
 20
23.121500369618623
 10
51.478433614869815
 20
23.13083461175431
 10
51.495844442364
 20
23.13854093427325
 10
51.690491609289
 20
23.21378264459078
 10
51.70625969689148
 20
23.21913139827744
 10
51.72241957669827
 20
23.223143883451264
 10
51.96214216637122
 20
23.27212478778233
 10
51.98089401275442
 20
23.27503321652795
 10
52.25670889750582
 20
23.304435555156267
 10
52.26927039219228
 20
23.30537388884256
 10
52.893199154638936
 20
23.332169881112783
 10
53.55030606321566
 20
23.36069118046978
 10
54.40690024236511
 20
23.427206554394026
 10
55.19327262369633
 20
23.50159683124265
 10
55.925071570593914
 20
23.59180438729509
 10
56.62132402111064
 20
23.705996762392665
 10
57.43301579252976
 20
23.878133841427235
 10
58.19907730284895
 20
24.070325554969983
 10
58.909549975277
 20
24.265313545666018
 10
59.55282455717595
 20
24.44528010778489
 10
59.55941523227469
 20
24.4470029406678
 10
59.767873476069795
 20
24.49770132638242
 10
59.781349337491704
 20
24.500489294526915
 10
59.96142273415532
 20
24.53129656146593
 10
59.98929989132232
 20
24.534066245901002
 10
60.2715205624354
 20
24.542144223313855
 10
60.29145147953362
 20
24.541716209537498
 10
60.31123967598529
 20
24.53929713257311
 10
60.330686749246354
 20
24.534911246830397
 10
60.52105328937452
 20
24.48183514872565
 10
60.538531474195764
 20
24.476079222486895
 10
60.55540357004436
 20
24.468734155217767
 10
60.57152544345699
 20
24.45986269371589
 10
60.5867593699049
 20
24.449540624325905
 10
60.60097521033494
 20
24.437856125518522
 10
60.71394445783896
 20
24.335899551619356
 10
60.726926497586575
 20
24.323054761800044
 10
60.73867692459959
 20
24.30907443825148
 10
60.749096868923985
 20
24.29407621363032
 10
60.75809865549785
 20
24.278186285374055
 10
60.76560654186318
 20
24.261538353855805
 10
60.77155735547491
 20
24.24427249740821
 10
60.81064705450632
 20
24.111355686214047
 10
60.8151871462409
 20
24.092605008436998
 10
60.817891083302015
 20
24.073502938537985
 10
60.81873347587228
 20
24.054228843881816
 10
60.817706413932754
 20
24.034963707136136
 10
60.8148195415374
 20
24.01588842685431
 10
60.78395579218487
 20
23.862586712225394
 10
60.77896684868931
 20
23.843003136594824
 10
60.7720183296764
 20
23.824026201246696
 10
60.76349696683894
 20
23.806499604138438
 10
60.95976257085407
 20
23.85639949370311
 10
61.15132595263451
 20
23.933877140216552
 10
61.309990887673735
 20
24.034056687653525
 10
61.423766045374336
 20
24.152800809499183
 10
61.49008215166957
 20
24.291060837184503
 10
61.506127199434715
 20
24.461373229435914
 10
61.459888160765615
 20
24.631134882125785
 10
61.3489072931028
 20
24.772472238055904
 10
61.15869591866145
 20
24.892967789532662
 10
60.883594071069766
 20
24.980682715439407
 10
60.52947793189216
 20
25.02289705447931
 10
60.105556386812495
 20
25.010958828514646
 10
59.620899258689704
 20
24.93883858250892
 10
59.07974242071522
 20
24.80066857168788
 10
58.99518503279198
 20
24.77470521474323
 10
58.904626672059976
 20
24.746944365744724
 10
58.812666846092114
 20
24.71880837841998
 10
58.720021185549726
 20
24.69052572535741
 10
58.62695279245503
 20
24.66131334162459
 10
58.53459950181019
 20
24.630893437281365
 10
58.441917696804325
 20
24.599277919292668
 10
58.34845288995352
 20
24.566659659365804
 10
58.342907223310604
 20
24.564815132833417
 10
57.65801456141341
 20
24.348126684189772
 10
57.64767997535256
 20
24.345161485268825
 10
56.89513498761568
 20
24.151072614011724
 10
56.88652579207391
 20
24.14905500469807
 10
56.074967597679915
 20
23.977780296948488
 10
56.06760274012298
 20
23.97637030957557
 10
55.20567045825446
 20
23.828124351454477
 10
55.19920383390253
 20
23.827121265161487
 10
54.295536583742035
 20
23.70211864278987
 10
54.28971207050003
 20
23.701400266849582
 10
53.35294897123016
 20
23.59985556634841
 10
53.34500587625328
 20
23.599155156000123
 10
51.40674860711562
 20
23.46729786509301
 10
51.261344520378
 20
23.457540668381093
 10
51.12350111768296
 20
23.440600024942256
 10
50.9893992819696
 20
23.415089593690837
 10
50.85740531285836
 20
23.37935133800047
 10
50.785554183432154
 20
23.355000758888018
 10
50.71551512972121
 20
23.32777999797146
 10
50.64923286825757
 20
23.2983015766126
 10
50.59474238063551
 20
23.270629112571527
 10
50.39848230671559
 20
23.131369746041507
 10
50.27971421943495
 20
22.985746645570558
 10
50.21728029035786
 20
22.8356068797465
 10
50.20137888863614
 20
22.684462414406603
 10
50.226721161188294
 20
22.537553748606776
 10
50.28886959829259
 20
22.403548920940715
 10
50.38183434091151
 20
22.292432501922328
 10
50.50379289606546
 20
22.209193078700885
 10
50.66528181192784
 20
22.147746287350977
 10
50.86027304299934
 20
22.103946617160688
 10
51.309890411012134
 20
22.069390643375748
 10
51.379884410255855
 20
22.074019120695347
 10
51.35819290171126
 20
22.089518504485177
 10
51.340029998556304
 20
22.104178145633682
 10
51.323707591932674
 20
22.12086272449057
 10
51.223936833320906
 20
22.23559193298658
 10
51.211601385138124
 20
22.25130396525452
 10
51.20090248681858
 20
22.26817301426764
  0
LWPOLYLINE
  5
65
330
17
100
AcDbEntity
  8
0
100
AcDbPolyline
 90
135
 70
1
 10
39.23650303313799
 20
23.806499604353576
 10
39.227981670301034
 20
23.82402620146277
 10
39.22103315128889
 20
23.843003136811348
 10
39.21604420779417
 20
23.862586712442287
 10
39.18518045844853
 20
24.01588842707261
 10
39.182293586054044
 20
24.034963707354684
 10
39.18126652411539
 20
24.05422884410053
 10
39.18210891668656
 20
24.073502938756768
 10
39.18481285374857
 20
24.092605008655774
 10
39.18935294548409
 20
24.111355686432717
 10
39.228442644521934
 20
24.244272497625232
 10
39.234393458134505
 20
24.261538354072556
 10
39.24190134450063
 20
24.27818628559045
 10
39.25090313107526
 20
24.29407621384628
 10
39.261323075400384
 20
24.30907443846695
 10
39.27307350241408
 20
24.323054762014962
 10
39.286055542162316
 20
24.335899551833656
 10
39.39902478967163
 20
24.4378561257277
 10
39.413240630102166
 20
24.449540624534343
 10
39.42847455655048
 20
24.459862693923554
 10
39.44459642996347
 20
24.468734155424627
 10
39.46146852581231
 20
24.47607922269293
 10
39.47894671063375
 20
24.481835148930863
 10
39.66931325076561
 20
24.534911247027175
 10
39.68876032402673
 20
24.539297132768965
 10
39.70854852047833
 20
24.541716209732435
 10
39.72847943757641
 20
24.54214422350792
 10
40.01070010869104
 20
24.53406624608271
 10
40.038577265857725
 20
24.53129656164647
 10
40.218650662521156
 20
24.500489294699598
 10
40.23212652394284
 20
24.497701326554548
 10
40.440584767737036
 20
24.44700294083089
 10
40.447175442835785
 20
24.44528010794768
 10
41.090450024732064
 20
24.265313545800154
 10
41.800922697154306
 20
24.070325555073346
 10
42.56698420747034
 20
23.878133841496805
 10
43.37867597888669
 20
23.705996762426622
 10
44.07492842940336
 20
23.591804387298325
 10
44.806727376301424
 20
23.50159683121379
 10
45.5930997576348
 20
23.427206554330603
 10
46.449693936787256
 20
23.36069118036874
 10
47.10680084535443
 20
23.332169880983393
 10
47.7307296078166
 20
23.305373888685132
 10
47.74329110250294
 20
23.304435554998307
 10
48.01910598725489
 20
23.275033216357826
 10
48.03785783363783
 20
23.27212478761141
 10
48.27758042331014
 20
23.223143883269778
 10
48.29374030311669
 20
23.219131398095286
 10
48.309508390718875
 20
23.213782644407978
 10
48.50415555764175
 20
23.138540934081874
 10
48.52156638513556
 20
23.13083461156222
 10
48.538161452009064
 20
23.121500369425867
 10
48.55378898251669
 20
23.110623577112435
 10
48.694377599020314
 20
23.002438820518513
 10
48.710727729192655
 20
22.988384094233297
 10
48.72546217283352
 20
22.97264375566646
 10
48.738408129802636
 20
22.955402401724307
 10
48.81593706205774
 20
22.83958120150404
 10
48.826202968511026
 20
22.82244300343089
 10
48.8346996580763
 20
22.80436226962572
 10
48.841341579780035
 20
22.785521050329088
 10
48.8771567259715
 20
22.664941886183804
 10
48.881393104587616
 20
22.647984738314385
 10
48.88412593260725
 20
22.63072138352281
 10
48.885334148106764
 20
22.61328487059874
 10
48.885008439361314
 20
22.5958095828627
 10
48.87736904171943
 20
22.473826429363868
 10
48.87550571798671
 20
22.456406148787075
 10
48.87211815824736
 20
22.439217123517466
 10
48.867232594057526
 20
22.42239245670787
 10
48.86088685676525
 20
22.40606243010273
 10
48.80805215752031
 20
22.28602926182179
 10
48.79909751314881
 20
22.268173014062555
 10
48.78839861482844
 20
22.251303965049956
 10
48.7760631666449
 20
22.235591932782597
 10
48.67629240802722
 20
22.120862724290994
 10
48.65997000140281
 20
22.104178145434943
 10
48.64180709824721
 20
22.089518504287355
 10
48.62011558970245
 20
22.074019120498967
 10
48.69010958894654
 20
22.069390643176277
 10
49.139726956964324
 20
22.1039466169415
 10
49.33471818803952
 20
22.147746287123304
 10
49.49620710390617
 20
22.209193078466285
 10
49.61816565906524
 20
22.292432501682633
 10
49.71113040169007
 20
22.403548920697077
 10
49.773278838800906
 20
22.53755374836036
 10
49.798621111359935
 20
22.68446241415875
 10
49.78271970964509
 20
22.83560687949899
 10
49.72028578057454
 20
22.985746645325627
 10
49.601517693299826
 20
23.131369745801763
 10
49.40525761938491
 20
23.270629112340494
 10
49.35076713176365
 20
23.298301576383963
 10
49.28448487030103
 20
23.32777999774563
 10
49.214445816590484
 20
23.355000758665398
 10
49.1425946871652
 20
23.379351337780896
 10
49.01060071805455
 20
23.415089593476942
 10
48.876498882341195
 20
23.440600024734266
 10
48.738655479645544
 20
23.45754066817932
 10
48.593251392907845
 20
23.46729786489785
 10
46.654994123763046
 20
23.599155155890053
 10
46.647051028786265
 20
23.59985556623868
 10
45.71028792951469
 20
23.701400266780958
 10
45.70446341627276
 20
23.702118642721487
 10
44.800796166111866
 20
23.827121265132753
 10
44.79432954176002
 20
23.828124351426013
 10
43.93239725989247
 20
23.976370309584922
 10
43.925032402335646
 20
23.977780296958137
 10
43.11347420794401
 20
24.149055004743325
 10
43.10486501240237
 20
24.151072614057327
 10
42.3523200246693
 20
24.345161485347447
 10
42.34198543860862
 20
24.34812668426882
 10
41.65709277671671
 20
24.56481513294252
 10
41.65154711007371
 20
24.5666596594752
 10
41.55808230322552
 20
24.599277919405665
 10
41.46540049821829
 20
24.630893437399195
 10
41.3730472075748
 20
24.66131334174625
 10
41.27997881448189
 20
24.6905257254827
 10
41.18733315393919
 20
24.718808378549717
 10
41.0953733279721
 20
24.74694436587852
 10
41.004814967240776
 20
24.774705214880996
 10
40.92025757931775
 20
24.80066857182949
 10
40.37910074134619
 20
24.938838582674272
 10
39.89444361322313
 20
25.010958828701376
 10
39.47052206814075
 20
25.022897054684698
 10
39.11640592895846
 20
24.98068271566033
 10
38.84130408136029
 20
24.89296778976547
 10
38.65109270691171
 20
24.772472238296785
 10
38.54011183924146
 20
24.631134882371292
 10
38.49387280056432
 20
24.461373229683673
 10
38.50991784832176
 20
24.29106083743215
 10
38.576233954611
 20
24.15280080974422
 10
38.69000911230685
 20
24.034056687893646
 10
38.8486740473428
 20
23.933877140449553
 10
39.04023742912129
 20
23.856399493927547
 10
39.23650303313799
 20
23.806499604353576
  0
LWPOLYLINE
  5
66
330
17
100
AcDbEntity
  8
0
100
AcDbPolyline
 90
65
 70
1
 10
58.444585731082725
 20
27.952491988033877
 10
57.865206841350854
 20
28.1562810223675
 10
57.21217405312639
 20
28.345268396659968
 10
56.491229981370395
 20
28.517611931963437
 10
55.70794194778101
 20
28.671673592238726
 10
54.867760654951866
 20
28.805927106821592
 10
53.976059305302385
 20
28.918910432324168
 10
53.0381590948092
 20
29.00920025488626
 10
52.0593459174836
 20
29.075397796322555
 10
51.04488149469894
 20
29.116120681831752
 10
49.99999999999848
 20
29.12999835484888
 10
48.95511850529803
 20
29.116120681831752
 10
47.940654082513376
 20
29.075397796322555
 10
46.96184090518777
 20
29.009200254886267
 10
46.02394069469459
 20
28.918910432324175
 10
45.13223934504512
 20
28.805927106821592
 10
44.29205805221598
 20
28.671673592238726
 10
43.50877001862659
 20
28.51761193196345
 10
42.7878259468706
 20
28.345268396659968
 10
42.13479315864613
 20
28.1562810223675
 10
41.55541426891426
 20
27.952491988033877
 10
41.055686214732305
 20
27.736134315529476
 10
40.64192237507544
 20
27.510217358277856
 10
40.32057868647787
 20
27.27928816709101
 10
40.09695284027325
 20
27.05053286419716
 10
39.97072363988735
 20
26.832987749513897
 10
39.93126753632815
 20
26.627466937018696
 10
39.970723639887325
 20
26.42194612452353
 10
40.09695284027325
 20
26.204401009840247
 10
40.320578686477845
 20
25.97564570694646
 10
40.641922375075495
 20
25.744716515759507
 10
41.05568621473229
 20
25.518799558507936
 10
41.555414268914234
 20
25.302441886003535
 10
42.13479315864612
 20
25.098652851669904
 10
42.78782594687058
 20
24.909665477377445
 10
43.508770018626564
 20
24.73732194207397
 10
44.29205805221595
 20
24.583260281798687
 10
45.13223934504511
 20
24.44900676721582
 10
46.02394069469456
 20
24.336023441713245
 10
46.961840905187756
 20
24.245733619151153
 10
47.94065408251336
 20
24.179536077714857
 10
48.955118505298
 20
24.13881319220566
 10
49.999999999998465
 20
24.124935519188533
 10
51.04488149469893
 20
24.13881319220566
 10
52.05934591748357
 20
24.179536077714857
 10
53.03815909480919
 20
24.245733619151146
 10
53.97605930530237
 20
24.336023441713238
 10
54.86776065495185
 20
24.44900676721582
 10
55.707941947780995
 20
24.583260281798687
 10
56.49122998137038
 20
24.73732194207396
 10
57.21217405312636
 20
24.909665477377445
 10
57.86520684135098
 20
25.098652851669932
 10
58.4445857310826
 20
25.302441886003486
 10
58.94431378526467
 20
25.51879955850793
 10
59.35807762492145
 20
25.7447165157595
 10
59.67942131351913
 20
25.97564570694645
 10
59.90304715972371
 20
26.204401009840254
 10
60.02927636010962
 20
26.421946124523515
 10
60.06873246366882
 20
26.627466937018717
 10
60.02927636010965
 20
26.832987749513876
 10
59.90304715972371
 20
27.050532864197166
 10
59.67942131351913
 20
27.279288167090954
 10
59.35807762492148
 20
27.510217358277906
 10
58.94431378526468
 20
27.736134315529476
 10
58.444585731082725
 20
27.952491988033877
  0
LWPOLYLINE
  5
67
330
17
100
AcDbEntity
  8
0
100
AcDbPolyline
 90
135
 70
1
 10
39.89444361322313
 20
28.24397504533576
 10
40.379100741346164
 20
28.316095291362835
 10
40.92025757931796
 20
28.454265302207688
 10
41.00481496724079
 20
28.48022865915612
 10
41.09537332797211
 20
28.5079895081586
 10
41.18733315393919
 20
28.53612549548739
 10
41.27997881448175
 20
28.56440814855437
 10
41.37304720757473
 20
28.59362053229092
 10
41.46540049821813
 20
28.624040436637934
 10
41.558082303224836
 20
28.655655954631257
 10
41.65154711007375
 20
28.688274214561943
 10
41.65709277671671
 20
28.690118741094608
 10
42.34198543860862
 20
28.906807189768315
 10
42.3523200246693
 20
28.90977238868969
 10
43.10486501240237
 20
29.103861259979823
 10
43.113474207943995
 20
29.105878869293832
 10
43.92503240233563
 20
29.277153577079048
 10
43.93239725989247
 20
29.27856356445227
 10
44.79432954176002
 20
29.4268095226112
 10
44.800796166111866
 20
29.42781260890446
 10
45.70446341627276
 20
29.552815231315755
 10
45.71028792951469
 20
29.553533607256284
 10
46.647051028786265
 20
29.65507830779859
 10
46.654994123763046
 20
29.655778718147218
 10
48.593251392907845
 20
29.78763600913944
 10
48.73865547964563
 20
29.79739320585788
 10
48.87649888234128
 20
29.81433384930287
 10
49.01060071805455
 20
29.839844280560165
 10
49.14259468716513
 20
29.875582536256175
 10
49.2144458165903
 20
29.899933115371745
 10
49.284484870300744
 20
29.927153876291527
 10
49.3507671317637
 20
29.95663229765337
 10
49.40525761938491
 20
29.98430476169682
 10
49.60151769329984
 20
30.1235641282355
 10
49.7202857805746
 20
30.26918722871163
 10
49.78271970964508
 20
30.41932699453813
 10
49.798621111359935
 20
30.570471459878398
 10
49.773278838800934
 20
30.71738012567677
 10
49.71113040169003
 20
30.851384953340173
 10
49.61816565906523
 20
30.96250137235463
 10
49.49620710390616
 20
31.045740795571014
 10
49.3347181880395
 20
31.107187586914016
 10
49.13972695696427
 20
31.150987257095842
 10
48.690109588946555
 20
31.18554323086105
 10
48.62011558970241
 20
31.180914753538353
 10
48.64180709824723
 20
31.165415369749923
 10
48.659970001402826
 20
31.150755728602334
 10
48.67629240802722
 20
31.134071149746283
 10
48.7760631666449
 20
31.019341941254673
 10
48.78839861482844
 20
31.00362990898732
 10
48.79909751314881
 20
30.986760859974716
 10
48.80805215752031
 20
30.968904612215482
 10
48.86088685676525
 20
30.848871443934513
 10
48.867232594057526
 20
30.832541417329388
 10
48.87211815824736
 20
30.815716750519776
 10
48.87550571798671
 20
30.798527725250175
 10
48.87736904171943
 20
30.78110744467338
 10
48.885008439361314
 20
30.659124291174514
 10
48.885334148106764
 20
30.641649003438474
 10
48.88412593260725
 20
30.62421249051441
 10
48.881393104587616
 20
30.60694913572285
 10
48.8771567259715
 20
30.58999198785343
 10
48.841341579780035
 20
30.469412823708097
 10
48.8346996580763
 20
30.45057160441148
 10
48.826202968511055
 20
30.432490870606323
 10
48.815937062057785
 20
30.41535267253319
 10
48.73840812980268
 20
30.299531472312836
 10
48.725462172833545
 20
30.282290118370668
 10
48.71072772919267
 20
30.26654977980381
 10
48.694377599020314
 20
30.252495053518572
 10
48.55378898251669
 20
30.144310296924658
 10
48.538161452009064
 20
30.133433504611233
 10
48.52156638513554
 20
30.12409926247487
 10
48.504155557641724
 20
30.11639293995522
 10
48.30950839071886
 20
30.04115122962913
 10
48.293740303116664
 20
30.03580247594182
 10
48.2775804233101
 20
30.03178999076733
 10
48.0378578336378
 20
29.982809086425732
 10
48.01910598725486
 20
29.97990065767933
 10
47.74329110250292
 20
29.950498319038886
 10
47.73072960781657
 20
29.949559985352053
 10
47.106800845373925
 20
29.92276399305471
 10
46.449693936787014
 20
29.894242693668545
 10
45.5930997576348
 20
29.827727319706703
 10
44.80672737630151
 20
29.753337042823517
 10
44.0749284294033
 20
29.663129486738946
 10
43.37867597888686
 20
29.548937111610684
 10
42.566984207470114
 20
29.376800032540437
 10
41.800922697154306
 20
29.184608318963967
 10
41.090450024732064
 20
28.98962032823716
 10
40.447175442835785
 20
28.80965376608963
 10
40.44058476773711
 20
28.807930933206443
 10
40.23212652394291
 20
28.7572325474827
 10
40.218650662521185
 20
28.754444579337644
 10
40.038577265857754
 20
28.723637312390736
 10
40.010700108691054
 20
28.720867627954483
 10
39.728479437576425
 20
28.71278965052923
 10
39.70854852047833
 20
28.713217664304715
 10
39.6887603240267
 20
28.71563674126819
 10
39.66931325076558
 20
28.720022627009982
 10
39.47894671063371
 20
28.773098725106344
 10
39.461468525812265
 20
28.778854651344282
 10
39.4445964299634
 20
28.786199718612593
 10
39.42847455655041
 20
28.795071180113688
 10
39.41324063010208
 20
28.805393249502906
 10
39.39902478967154
 20
28.817077748309572
 10
39.28605554216222
 20
28.91903432220373
 10
39.27307350241402
 20
28.931879112022422
 10
39.261323075400355
 20
28.94585943557042
 10
39.25090313107522
 20
28.960857660191074
 10
39.241901344500604
 20
28.976747588446905
 10
39.23439345813449
 20
28.99339551996478
 10
39.228442644521934
 20
29.01066137641208
 10
39.18935294548409
 20
29.14357818760459
 10
39.18481285374857
 20
29.162328865381532
 10
39.18210891668656
 20
29.181430935280538
 10
39.18126652411539
 20
29.200705029936785
 10
39.182293586054044
 20
29.21997016668263
 10
39.18518045844853
 20
29.239045446964703
 10
39.21604420779417
 20
29.392347161594998
 10
39.22103315128891
 20
29.411930737225937
 10
39.227981670301034
 20
29.430907672574527
 10
39.23650303313795
 20
29.448434269683638
 10
39.04023742912133
 20
29.3985343801097
 10
38.848674047342755
 20
29.32105673358768
 10
38.69000911230688
 20
29.220877186143632
 10
38.576233954611
 20
29.102133064292993
 10
38.50991784832176
 20
28.96387303660505
 10
38.49387280056432
 20
28.79356064435344
 10
38.54011183924146
 20
28.623798991665858
 10
38.65109270691168
 20
28.482461635740414
 10
38.841304081360306
 20
28.361966084271707
 10
39.11640592895846
 20
28.27425115837685
 10
39.470522068140795
 20
28.23203681935246
 10
39.89444361322313
 20
28.24397504533576
  0
LWPOLYLINE
  5
68
330
17
100
AcDbEntity
  8
0
100
AcDbPolyline
 90
135
 70
1
 10
50.28886959829259
 20
30.851384953096385
 10
50.226721161188294
 20
30.717380125430324
 10
50.20137888863614
 20
30.570471459630483
 10
50.21728029035786
 20
30.419326994290593
 10
50.27971421943495
 20
30.269187228466514
 10
50.39848230671558
 20
30.123564127995586
 10
50.59474238063545
 20
29.9843047614656
 10
50.64923286825767
 20
29.956632297424456
 10
50.71551512972124
 20
29.927153876065645
 10
50.785554183432325
 20
29.899933115149018
 10
50.857405312858134
 20
29.87558253603673
 10
50.98939928196964
 20
29.839844280346377
 10
51.123501117682764
 20
29.81433384909502
 10
51.26134452037839
 20
29.79739320565608
 10
51.40674860711562
 20
29.787636008944077
 10
53.34500587625328
 20
29.655778718036977
 10
53.35294897123016
 20
29.65507830768869
 10
54.28971207050003
 20
29.553533607187518
 10
54.295536583742035
 20
29.55281523124723
 10
55.19920383390253
 20
29.427812608875612
 10
55.20567045825446
 20
29.426809522582623
 10
56.06760274012298
 20
29.27856356446153
 10
56.074967597679915
 20
29.27715357708861
 10
56.88652579207391
 20
29.105878869339023
 10
56.89513498761568
 20
29.10386126002537
 10
57.64767997535256
 20
28.909772388768268
 10
57.65801456141341
 20
28.90680718984732
 10
58.342907223310604
 20
28.690118741203676
 10
58.348452889953506
 20
28.68827421467129
 10
58.44191769680279
 20
28.655655954744958
 10
58.534599501810305
 20
28.624040436755735
 10
58.62695279245506
 20
28.593620532412608
 10
58.72002118554991
 20
28.56440814867983
 10
58.81266684609224
 20
28.536125495617163
 10
58.90462667206002
 20
28.507989508292383
 10
58.99518503279195
 20
28.48022865929388
 10
59.079742420715164
 20
28.45426530234925
 10
59.620899258689704
 20
28.3160952915282
 10
60.105556386812495
 20
28.24397504552247
 10
60.52947793189216
 20
28.2320368195578
 10
60.883594071069766
 20
28.2742511585977
 10
61.15869591866145
 20
28.361966084504445
 10
61.3489072931028
 20
28.482461635981203
 10
61.459888160765615
 20
28.62379899191133
 10
61.506127199434715
 20
28.793560644601207
 10
61.49008215166957
 20
28.96387303685261
 10
61.423766045374336
 20
29.102133064537924
 10
61.309990887673735
 20
29.220877186383568
 10
61.15132595263454
 20
29.321056733820527
 10
60.959762570854025
 20
29.398534380334006
 10
60.76349696683894
 20
29.44843426989867
 10
60.7720183296764
 20
29.430907672790383
 10
60.77896684868931
 20
29.411930737442262
 10
60.78395579218487
 20
29.3923471618117
 10
60.8148195415374
 20
29.239045447182782
 10
60.817706413932754
 20
29.21997016690095
 10
60.81873347587228
 20
29.200705030155277
 10
60.817891083302015
 20
29.181430935499108
 10
60.8151871462409
 20
29.162328865600095
 10
60.81064705450632
 20
29.14357818782304
 10
60.77155735547491
 20
29.010661376628875
 10
60.765606541863164
 20
28.993395520181274
 10
60.75809865549785
 20
28.97674758866303
 10
60.749096868923985
 20
28.960857660406766
 10
60.73867692459956
 20
28.9458594357856
 10
60.72692649758656
 20
28.931879112237034
 10
60.71394445783895
 20
28.919034322417723
 10
60.60097521033491
 20
28.817077748518578
 10
60.58675936990488
 20
28.805393249711194
 10
60.57152544345698
 20
28.79507118032121
 10
60.55540357004436
 20
28.78619971881934
 10
60.538531474195764
 20
28.778854651550212
 10
60.52105328937452
 20
28.773098725311456
 10
60.330686749246354
 20
28.72002262720671
 10
60.31123967598529
 20
28.715636741463996
 10
60.29145147953362
 20
28.71321766449961
 10
60.2715205624354
 20
28.712789650723252
 10
59.98929989132232
 20
28.720867628136105
 10
59.96142273415532
 20
28.723637312571178
 10
59.781349337491704
 20
28.754444579510206
 10
59.767873476069795
 20
28.757232547654695
 10
59.55941523227469
 20
28.80793093336932
 10
59.55282455717595
 20
28.809653766252232
 10
58.909549975275326
 20
28.98962032837155
 10
58.19907730284895
 20
29.18460831906711
 10
57.43301579252976
 20
29.376800032609857
 10
56.62132402111064
 20
29.54893711164442
 10
55.925071570593914
 20
29.663129486742
 10
55.19327262369633
 20
29.753337042794435
 10
54.4069002423651
 20
29.82772731964308
 10
53.55030606321566
 20
29.894242693567335
 10
52.893199154638936
 20
29.922763992924324
 10
52.26927039219228
 20
29.94955998519454
 10
52.2567088975058
 20
29.950498318880825
 10
51.980894012754405
 20
29.979900657509155
 10
51.96214216637124
 20
29.982809086254775
 10
51.722419576698286
 20
30.03178999058583
 10
51.70625969689149
 20
30.035802475759652
 10
51.690491609289
 20
30.04115122944632
 10
51.495844442364
 20
30.11639293976385
 10
51.478433614869815
 20
30.12409926228279
 10
51.46183854799587
 20
30.133433504418477
 10
51.446211017487755
 20
30.144310296731284
 10
51.30562240098014
 20
30.25249505331903
 10
51.28927227080729
 20
30.266549779603515
 10
51.2745378271658
 20
30.282290118169676
 10
51.261591870195986
 20
30.299531472111212
 10
51.18406293793599
 20
30.41535267232814
 10
51.173797031482025
 20
30.432490870400756
 10
51.16530034191604
 20
30.450571604205457
 10
51.15865842021152
 20
30.469412823501692
 10
51.12284327401471
 20
30.58999198764544
 10
51.11860689539786
 20
30.606949135514554
 10
51.11587406737746
 20
30.624212490305887
 10
51.11466585187715
 20
30.64164900322978
 10
51.1149915606218
 20
30.65912429096572
 10
51.122630958257986
 20
30.78110744446493
 10
51.12449428198988
 20
30.79852772504173
 10
51.12788184172841
 20
30.815716750311417
 10
51.13276740591742
 20
30.83254141712117
 10
51.1391131432089
 20
30.84887144372653
 10
51.191947842447945
 20
30.968904612009823
 10
51.20090248681858
 20
30.986760859769475
 10
51.211601385138124
 20
31.003629908782592
 10
51.223936833320906
 20
31.01934194105054
 10
51.323707591932674
 20
31.134071149546543
 10
51.340029998556304
 20
31.150755728403425
 10
51.35819290171126
 20
31.16541536955193
 10
51.379884410255855
 20
31.18091475334176
 10
51.309890411012134
 20
31.18554323066136
 10
50.86027304299934
 20
31.150987256876427
 10
50.66528181192784
 20
31.107187586686145
 10
50.50379289606546
 20
31.04574079533623
 10
50.38183434091151
 20
30.96250137211478
 10
50.28886959829259
 20
30.851384953096385
  0
LWPOLYLINE
  5
69
330
17
100
AcDbEntity
  8
0
100
AcDbPolyline
 90
242
 70
1
 10
67.25380061928675
 20
25.83882834144302
 10
67.24826710767165
 20
25.857362823202294
 10
67.24455829894369
 20
25.876346803361848
 10
67.24270920072809
 20
25.895601091213344
 10
67.24273726675251
 20
25.914943944601035
 10
67.24464223210039
 20
25.93419278539477
 10
67.2484061157115
 20
25.95316592285385
 10
67.25399339010613
 20
25.97168426861471
 10
67.26135131673058
 20
25.98957302711461
 10
67.27041044375903
 20
26.006663345495546
 10
67.28108526165265
 20
26.02279390741439
 10
67.29327501028816
 20
26.03781245571581
 10
67.30686463003774
 20
26.051577229594848
 10
67.32172584782225
 20
26.06395830268407
 10
67.33771838788711
 20
26.074838809434823
 10
67.35469129587192
 20
26.084116048216814
 10
67.37248436367604
 20
26.09170245072376
 10
67.39092964167051
 20
26.097526408534897
 10
67.4098530239828
 20
26.101532949030336
 10
67.62042978726228
 20
26.13552578497999
 10
67.78154315555562
 20
26.18971676025535
 10
67.9072659005567
 20
26.258711841934662
 10
67.9966166386745
 20
26.333744333169996
 10
68.04971469017573
 20
26.404366952469346
 10
68.07064131732552
 20
26.45882352767667
 10
68.07118763222375
 20
26.490414187299457
 10
68.06227236257662
 20
26.511500121185144
 10
68.03596904072069
 20
26.536579708143
 10
67.97661060346232
 20
26.56333861933377
 10
67.8766929913567
 20
26.581193218723065
 10
67.74580473835059
 20
26.58139455370093
 10
67.38533169432364
 20
26.515454602618973
 10
66.95696213595087
 20
26.35947338530076
 10
66.72413830427224
 20
26.24495840979006
 10
66.45713685667077
 20
26.098784877613184
 10
66.1515923436556
 20
25.93032979412368
 10
66.14710983970367
 20
25.92793256860785
 10
65.79656980238093
 20
25.74618145301237
 10
65.7886569660662
 20
25.74229851178201
 10
65.38336217470432
 20
25.55442954657319
 10
65.37320935047218
 20
25.55006148807268
 10
64.90314182632937
 20
25.36311020030586
 10
64.891704775867
 20
25.358961600778237
 10
64.34684654020145
 20
25.17996351750873
 10
64.33489072142596
 20
25.17644632227924
 10
63.70522379549591
 20
25.01243697056239
 10
63.69295363590311
 20
25.009651814719028
 10
63.36455606980178
 20
24.94594946504545
 10
63.350808663447324
 20
24.9437782879642
 10
63.0412431518792
 20
24.905923435910225
 10
63.01837992611169
 20
24.904455631512974
 10
62.45704460313277
 20
24.900782740531817
 10
62.4393999317174
 20
24.9014503053523
 10
62.42188380077967
 20
24.903678584759966
 10
61.93977530560663
 20
24.986878645061196
 10
61.91965338599418
 20
24.991435993323755
 10
61.900111139927546
 20
24.998051255279776
 10
61.4998285456758
 20
25.157112907399373
 10
61.47834491080759
 20
25.16717058210456
 10
61.45820997946541
 20
25.179712030484666
 10
61.142352359250296
 20
25.403623914958622
 10
61.1284733246471
 20
25.41441418644922
 10
61.115600253724764
 20
25.426386721911065
 10
61.103833517368486
 20
25.439448171902512
 10
60.874999944305415
 20
25.7171989292668
 10
60.86389038185486
 20
25.732040825894984
 10
60.8542095402304
 20
25.74785175815107
 10
60.846041362389784
 20
25.764494628820792
 10
60.70683090959412
 20
26.08507289961141
 10
60.70029454953877
 20
26.102256044135856
 10
60.695371061759545
 20
26.1199688566344
 10
60.692102427549884
 20
26.138060304584315
 10
60.645114168137
 20
26.49045472933723
 10
60.64356410802387
 20
26.5079238115107
 10
60.643557382915105
 20
26.525461527243102
 10
60.64509404499405
 20
26.542931793068
 10
60.69498698976459
 20
26.919313372246997
 10
60.69801502057226
 20
26.93640086047766
 10
60.702519541407526
 20
26.953159754135967
 10
60.708466329161936
 20
26.969462727484697
 10
60.84823905872375
 20
27.30626946697756
 10
60.85869260819213
 20
27.327726537206082
 10
60.871638762331514
 20
27.347778461110757
 10
61.08639704030544
 20
27.64030726402725
 10
61.09979240168106
 20
27.656657540132557
 10
61.114845661953694
 20
27.67149555180081
 10
61.389695251960674
 20
27.91504332125072
 10
61.40439769114482
 20
27.926876188738504
 10
61.42015448833294
 20
27.93726376850085
 10
61.740201153993866
 20
28.127127407593953
 10
61.75568096677776
 20
28.13541054910499
 10
61.771830313040354
 20
28.142297758438723
 10
62.12217981797609
 20
28.27377417028479
 10
62.13865730234568
 20
28.279151846383314
 10
62.15554007349304
 20
28.283075993393254
 10
62.5212981813245
 20
28.351462081102056
 10
62.53935467816602
 20
28.353988814111254
 10
62.55756660914352
 20
28.354853121903282
 10
62.923839083491586
 20
28.35544578858459
 10
62.94595196841787
 20
28.354249960894215
 10
62.96779525509329
 20
28.350605717372765
 10
63.29054049961553
 20
28.27810919945503
 10
63.30877374248412
 20
28.27309308370809
 10
63.32644882385142
 20
28.266369687144632
 10
63.34340628054166
 20
28.257999667712745
 10
63.590156361898565
 20
28.121265728855242
 10
63.60764661653707
 20
28.110353471333468
 10
63.62391471084565
 20
28.097691106660584
 10
63.63878622417241
 20
28.083414396153124
 10
63.812007400489335
 20
27.898961230311784
 10
63.825356299390336
 20
27.883179315432606
 10
63.83699695019544
 20
27.86609841416962
 10
63.84680387776456
 20
27.847902642386693
 10
63.9489624071669
 20
27.632248443517447
 10
63.956521574837836
 20
27.614003222120857
 10
63.962235937409545
 20
27.59509885278233
 10
63.966049267087925
 20
27.575721349422707
 10
63.99961140770098
 20
27.345384311481503
 10
64.00145022931142
 20
27.326482893633425
 10
64.00147981359034
 20
27.307492264724594
 10
63.99969989136754
 20
27.28858520946833
 10
63.967131901316705
 20
27.060083526411105
 10
63.963533967283325
 20
27.04132992591598
 10
63.958155940502465
 20
27.023007276304547
 10
63.951047294932366
 20
27.00528413270648
 10
63.85481543234302
 20
26.795135998489165
 10
63.845555760096715
 20
26.777342064144
 10
63.83455258742582
 20
26.76057018825717
 10
63.82191760709084
 20
26.744990621462065
 10
63.6644881300883
 20
26.569714230040617
 10
63.65099514390003
 20
26.556075021816618
 10
63.63625199129157
 20
26.543797883370765
 10
63.620395580330324
 20
26.53299682283565
 10
63.60357315703877
 20
26.523772141168813
 10
63.585940938036416
 20
26.51620950073655
 10
63.56766265987888
 20
26.510379129834895
 10
63.54890805856526
 20
26.50633517053464
 10
63.52985129333332
 20
26.50411517590649
 10
63.510669329379525
 20
26.503739761295236
 10
63.49154029452251
 20
26.505212412881207
 10
63.47264182506994
 20
26.508519455306924
 10
63.454149416249905
 20
26.513630178669324
 10
63.43623479252456
 20
26.52049712369854
 10
63.4190643129202
 20
26.529056522474797
 10
63.40279742618165
 20
26.539228890590955
 10
63.387585190097255
 20
26.550919765261717
 10
63.37356886874383
 20
26.564020582525245
 10
63.360878620678335
 20
26.57840968539133
 10
63.34963229025759
 20
26.59395345357418
 10
63.33993431331051
 20
26.610507544319034
 10
63.33187474732455
 20
26.627918232799757
 10
63.32552843515269
 20
26.646023839640513
 10
63.25222237402144
 20
26.892636494352217
 10
63.140014967218065
 20
27.071341553819167
 10
62.981004769300014
 20
27.195252885765235
 10
62.75444331195348
 20
27.260737815784204
 10
62.515674559417846
 20
27.247790432871952
 10
62.2576195427053
 20
27.14990684166917
 10
62.15736231914447
 20
27.076819621834403
 10
62.070129019130405
 20
26.978735190809317
 10
62.005578458977965
 20
26.85755004823075
 10
61.96857592264601
 20
26.70915790135028
 10
61.97098650106756
 20
26.550285927941168
 10
62.01646146063598
 20
26.412938767901082
 10
62.10485694115775
 20
26.28960235126312
 10
62.24069174781967
 20
26.18068866881255
 10
62.42666438819204
 20
26.0926552151926
 10
62.66173645220539
 20
26.033869110980064
 10
62.94253204457961
 20
26.012130034288248
 10
63.26578526560462
 20
26.03428062755556
 10
63.624342497504045
 20
26.102292846285465
 10
64.00996853729353
 20
26.21105633200635
 10
64.41825735533315
 20
26.355905375370263
 10
64.84421190957966
 20
26.53130943403768
 10
65.74383643709447
 20
26.956410070227562
 10
66.67929798914118
 20
27.442277034698805
 10
66.69593355072591
 20
27.449966836154267
 10
67.16514393864678
 20
27.641168754850376
 10
67.1851349673109
 20
27.648100938608827
 10
67.20574878431916
 20
27.652872410819924
 10
67.65643355887974
 20
27.73223239127266
 10
67.67827077249667
 20
27.734844243860543
 10
67.70026282951689
 20
27.73503159516676
 10
68.11756708712487
 20
27.715511831244314
 10
68.14047635851513
 20
27.713106178131568
 10
68.16295442147366
 20
27.7080704489725
 10
68.53202325853667
 20
27.602633134543098
 10
68.54774126534494
 20
27.597426665663086
 10
68.56297228583753
 20
27.590932124033543
 10
68.57761097253338
 20
27.58319443005893
 10
68.88358948545914
 20
27.40480175899078
 10
68.89916903885772
 20
27.39471726963454
 10
68.91374189971972
 20
27.38322591914939
 10
68.92718144327874
 20
27.37042755680882
 10
69.1552147284749
 20
27.132041722970122
 10
69.16907841825318
 20
27.115904188903905
 10
69.18114097768262
 20
27.098379447535848
 10
69.19126466639177
 20
27.079667610989787
 10
69.32649782026603
 20
26.794250808248762
 10
69.33336910539113
 20
26.77790444634089
 10
69.33875872796676
 20
26.761011546193608
 10
69.34262393641757
 20
26.743706105704398
 10
69.34493407112909
 20
26.726125395124093
 10
69.3725121900891
 20
26.406639817348953
 10
69.37324207013772
 20
26.387761712696808
 10
69.37217931589387
 20
26.36889941926362
 10
69.36933349675407
 20
26.3502227794811
 10
69.36473023743059
 20
26.33189996409309
 10
69.28213536383373
 20
26.058712721456068
 10
69.27563342355892
 20
26.040463937747994
 10
69.26738869530546
 20
26.022933456003692
 10
69.25747923994868
 20
26.006287254374087
 10
69.24599887995747
 20
25.990682938668712
 10
69.07264965157144
 20
25.777613849017776
 10
69.05852120883577
 20
25.76201121515576
 10
69.04282446594058
 20
25.74798740183521
 10
69.02573487293066
 20
25.735699159962486
 10
68.78786889533372
 20
25.583063508442464
 10
68.77359032499521
 20
25.574717348953385
 10
68.75866829467755
 20
25.567585101037956
 10
68.74320577860988
 20
25.561715983047556
 10
68.46706065738026
 20
25.469829054803327
 10
68.44646074720372
 20
25.4641820362176
 10
68.42537441942656
 20
25.460774412549405
 10
68.13718776014252
 20
25.429951492725806
 10
68.11556510355442
 20
25.42882293207471
 10
68.09394776260757
 20
25.430049103946168
 10
67.81995717084736
 20
25.46060547768805
 10
67.80258059658667
 20
25.463325064549608
 10
67.78551184330644
 20
25.467567604731244
 10
67.76888411774318
 20
25.47329998890605
 10
67.53532719908506
 20
25.565550941358282
 10
67.51853883858523
 20
25.573096850524664
 10
67.50251909936458
 20
25.582160941693793
 10
67.48740490302792
 20
25.592665743572795
 10
67.47332543145453
 20
25.604521471033983
 10
67.30643979147672
 20
25.75878228734141
 10
67.29289017358929
 20
25.772586439614685
 10
67.28074405930815
 20
25.787640298679683
 10
67.27011609639439
 20
25.80380177043145
 10
67.2611066027048
 20
25.82091830595521
 10
67.25380061928675
 20
25.83882834144302
  0
LWPOLYLINE
  5
6A
330
17
100
AcDbEntity
  8
0
100
AcDbPolyline
 90
164
 70
1
 10
63.369877120539556
 20
27.788095356378
 10
63.17539668999726
 20
27.89586462296758
 10
62.90223486692277
 20
27.957223485219053
 10
62.57650089099535
 20
27.95669641401382
 10
62.245807421080045
 20
27.894866389869065
 10
61.928217405954854
 20
27.775683702185646
 10
61.6396008350756
 20
27.604465569553184
 10
61.39481103381105
 20
27.387554166918193
 10
61.206815946955615
 20
27.131480323195724
 10
61.08627938025285
 20
26.841026468941784
 10
61.043306181709085
 20
26.51684595795642
 10
61.08312636943765
 20
26.21820939802629
 10
61.20012459782458
 20
25.948782146059052
 10
61.3942807451825
 20
25.713121721525404
 10
61.66903595604819
 20
25.5183473893688
 10
62.027904898241545
 20
25.375742420630672
 10
62.4721484654614
 20
25.299076914938098
 10
63.004300683877375
 20
25.302558857020863
 10
63.29556520793413
 20
25.33817579448553
 10
63.6109479327902
 20
25.399353533584815
 10
64.22849082803117
 20
25.560204938883295
 10
64.76164428868641
 20
25.73535774249141
 10
65.22091963724021
 20
25.918016857281906
 10
65.61719925781088
 20
26.1017069609711
 10
65.96156930888277
 20
26.28025900723098
 10
66.26514662169107
 20
26.44762951920645
 10
66.26566454199427
 20
26.447914061452508
 10
66.53674900746411
 20
26.596322896655337
 10
66.54448466734604
 20
26.600340347889798
 10
66.79086831500211
 20
26.721524752313314
 10
66.81061925966348
 20
26.729948907127714
 10
67.26486959345188
 20
26.89535403138693
 10
67.2808325946377
 20
26.900417041076047
 10
67.29716462123012
 20
26.904120604408142
 10
67.6920718137695
 20
26.976359462179758
 10
67.71006324284843
 20
26.978808845646505
 10
67.72820300232083
 20
26.97960892436386
 10
67.89479969460338
 20
26.979352661937064
 10
67.91222557589383
 20
26.978561674700025
 10
67.92951533448998
 20
26.97624839839908
 10
68.07095237023779
 20
26.95097455969468
 10
68.08693229541358
 20
26.947435644556336
 10
68.10256754124092
 20
26.942596118040456
 10
68.11775244194259
 20
26.936488686529557
 10
68.23058853074814
 20
26.88562193499566
 10
68.25047963007611
 20
26.87526982311558
 10
68.26908046933225
 20
26.86274661139413
 10
68.28615509140178
 20
26.8482111604539
 10
68.3669489428576
 20
26.771176159538612
 10
68.38094555375386
 20
26.756392549987815
 10
68.39335926892267
 20
26.740256878212556
 10
68.40406028950993
 20
26.72293786015949
 10
68.41293672474076
 20
26.704616584943928
 10
68.45435647845075
 20
26.606652729350124
 10
68.46143345480097
 20
26.587134993713534
 10
68.46643944239989
 20
26.566986403519664
 10
68.46932000614389
 20
26.546426054515862
 10
68.47004382278608
 20
26.52567751991436
 10
68.46816067220189
 20
26.416784335203687
 10
68.46710041162956
 20
26.399421915629908
 10
68.46452869386351
 20
26.38221831037785
 10
68.46046515008969
 20
26.365304843023836
 10
68.4549407993354
 20
26.348810622379
 10
68.41141803482063
 20
26.235552968287607
 10
68.4040179635477
 20
26.21867406161988
 10
68.39508881302838
 20
26.20255175359202
 10
68.3847070969108
 20
26.187324195823408
 10
68.3012080088291
 20
26.07626693208745
 10
68.28659289705752
 20
26.058971022240414
 10
68.27010833897398
 20
26.043446546908775
 10
68.14829621768892
 20
25.941154533264417
 10
68.13271468575758
 20
25.929325015277406
 10
68.11604739090527
 20
25.919081826543525
 10
67.97847289453324
 20
25.84358265084468
 10
68.11646665334294
 20
25.828193111951578
 10
68.36169703803176
 20
25.854421655994358
 10
68.59381796898394
 20
25.931659592451155
 10
68.78387907402495
 20
26.053619449382474
 10
68.91234883106746
 20
26.211525743143227
 10
68.97251028320576
 20
26.410513168233578
 10
68.95130610405252
 20
26.65615825511756
 10
68.84521470545091
 20
26.880069825022566
 10
68.65881840093299
 20
27.074928388932378
 10
68.39863037726842
 20
27.22662412755676
 10
68.07583557185177
 20
27.318841659835385
 10
67.7037275966729
 20
27.336247328952645
 10
67.29572911845781
 20
27.264403874095613
 10
66.85469152990784
 20
27.084682292223732
 10
65.92404813493152
 20
26.601317817935033
 10
65.91734066402026
 20
26.59799265029045
 10
65.00975767388546
 20
26.169131392397425
 10
65.00050690568897
 20
26.16504421849414
 10
64.565298378822
 20
25.985829461384277
 10
64.5560570510357
 20
25.98228994666649
 10
64.13690787940368
 20
25.83358796450301
 10
64.12438498825544
 20
25.82960536426571
 10
63.724048204184356
 20
25.7166928023401
 10
63.70710663823037
 20
25.712704962945743
 10
63.32833527404617
 20
25.640858466549467
 10
63.3048429666471
 20
25.63783643688553
 10
62.955259625739956
 20
25.61388159933462
 10
62.92628113112002
 20
25.614009807375652
 10
62.61430911675973
 20
25.63816254954847
 10
62.59773001601907
 20
25.64014839117793
 10
62.58137562545227
 20
25.643516485228616
 10
62.31096901978445
 20
25.71113894375965
 10
62.29220300448732
 20
25.71682730919474
 10
62.274087592967376
 20
25.724334152533892
 10
62.04920047813759
 20
25.83078846405762
 10
62.028799639289616
 20
25.841948005284536
 10
62.00983913175169
 20
25.85541012770269
 10
61.834425589905536
 20
25.99605842885361
 10
61.82082048542627
 20
26.00802382947076
 10
61.808359483843745
 20
26.021176514344234
 10
61.79714578284016
 20
26.03540755751132
 10
61.675159896123276
 20
26.205611984923905
 10
61.66431985318289
 20
26.222468414357948
 10
61.655229378238715
 20
26.24032923767335
 10
61.64798058323824
 20
26.259013474753182
 10
61.58337643379615
 20
26.454136165061925
 10
61.578007509069934
 20
26.47361319853684
 10
61.574640159750345
 20
26.49353407061259
 10
61.573309061623135
 20
26.513693643114863
 10
61.57004073160145
 20
26.729096732954268
 10
61.570524278027605
 20
26.74630912313362
 10
61.572493287698066
 20
26.76341535573318
 10
61.57593303209485
 20
26.780287473303815
 10
61.62515409344475
 20
26.977679860137023
 10
61.6324899923047
 20
27.000929706195244
 10
61.64261257835443
 20
27.023108615218895
 10
61.729855935459454
 20
27.18689648390413
 10
61.74218092274471
 20
27.20705316374572
 10
61.75680688446535
 20
27.225607901619462
 10
61.87403376668857
 20
27.357416878717167
 10
61.889012024629594
 20
27.37254557666165
 10
61.90552005227741
 20
27.385988445984175
 10
62.044691688981885
 20
27.48744415805477
 10
62.05947691101812
 20
27.497244643262228
 10
62.07507576758543
 20
27.5056902323332
 10
62.091364433238795
 20
27.51271388324959
 10
62.40338688754363
 20
27.631068018551233
 10
62.422860687279666
 20
27.637330731419546
 10
62.44287431631555
 20
27.641562173424873
 10
62.463216495762495
 20
27.64371767428961
 10
62.7665527203489
 20
27.660166268208073
 10
62.788809189680805
 20
27.66012729243547
 10
62.81092224102059
 20
27.657604415768596
 10
62.83261553117711
 20
27.652629166185136
 10
63.128413559980785
 20
27.567132217839124
 10
63.14633484524366
 20
27.561014848079317
 10
63.163593876342986
 20
27.55322251057612
 10
63.18003451604821
 20
27.54382570024842
 10
63.19550803086797
 20
27.532909427195122
 10
63.412385799659845
 20
27.36390383162732
 10
63.42557380909537
 20
27.352671405182207
 10
63.4377354878897
 20
27.340335094322825
 10
63.44877876295351
 20
27.326988294235115
 10
63.45862002835791
 20
27.312732050271286
 10
63.57153530187003
 20
27.1328996199303
 10
63.57700029586681
 20
27.14483390303603
 10
63.60144827391623
 20
27.31636441882526
 10
63.57632820053483
 20
27.488763532524423
 10
63.50033978975824
 20
27.649173240311384
 10
63.369877120539556
 20
27.788095356378
  0
LWPOLYLINE
  5
6B
330
17
100
AcDbEntity
  8
0
100
AcDbPolyline
 90
117
 70
1
 10
91.50510189574997
 20
47.28982906160124
 10
91.52395175822038
 20
47.283972727081945
 10
91.83065045837337
 20
47.171733723765115
 10
91.85719788533804
 20
47.15974965876234
 10
92.4242238040522
 20
46.85200401029054
 10
92.44060701596318
 20
46.842062896419904
 10
92.45595857954656
 20
46.83059272322791
 10
92.94997514741702
 20
46.42300386428488
 10
92.96405094708261
 20
46.410212861016376
 10
92.97684198811741
 20
46.39613709567
 10
93.38443235467871
 20
45.90212140063119
 10
93.39590260185626
 20
45.88676981921434
 10
93.40584378282993
 20
45.87038657951146
 10
93.71359109761666
 20
45.30336042275232
 10
93.72557526440777
 20
45.27681289464631
 10
93.8378150116152
 20
44.97011351011395
 10
93.84367139789744
 20
44.951263558639596
 10
93.92591906323669
 20
44.63134269906796
 10
93.92991121283016
 20
44.611802430922
 10
93.98048968999306
 20
44.280337143108014
 10
93.98251458300875
 20
44.260343434689844
 10
93.99974676568708
 20
43.91901076543044
 10
93.99999999999999
 20
43.90897231738164
 10
93.99999999999999
 20
11.091034453675917
 10
93.99974676745221
 20
11.080996040590499
 10
93.98251458477388
 20
10.739662179453035
 10
93.98048970408605
 20
10.719668528430006
 10
93.92991122692318
 20
10.388202197516087
 10
93.9259190970249
 20
10.368661968438701
 10
93.84367143168565
 20
10.04874020462671
 10
93.83781506743675
 20
10.029890274260005
 10
93.72557532022931
 20
9.723190114428334
 10
93.71359118212057
 20
9.696642589486693
 10
93.40584386733384
 20
9.129615229277867
 10
93.39590269602807
 20
9.113231973452194
 10
93.38443245624661
 20
9.097880375563477
 10
92.97684208968532
 20
8.603863873816628
 10
92.96405104499085
 20
8.589788083273874
 10
92.94997523792036
 20
8.576997056767226
 10
92.4559586700499
 20
8.169407708509482
 10
92.440607092842
 20
8.157937512517357
 10
92.42422386394976
 20
8.147996379285573
 10
91.85719794523563
 20
7.840250479544068
 10
91.83065049125601
 20
7.82826639406634
 10
91.52395179110299
 20
7.7160273295851525
 10
91.50510191350712
 20
7.710170987597316
 10
91.18518219456773
 20
7.627923895880372
 10
91.16564200234266
 20
7.62393177443596
 10
90.83417837092504
 20
7.573353692361636
 10
90.81418472507788
 20
7.5713288109381125
 10
90.47285428749025
 20
7.5540967753848065
 10
90.46281585946436
 20
7.5538435420827525
 10
9.537190911593157
 20
7.5538435420827525
 10
9.527152551263455
 20
7.554096771967181
 10
9.185819805961899
 20
7.571328807520487
 10
9.165826258107643
 20
7.573353667079182
 10
8.834360755391913
 20
7.623931749153506
 10
8.814820611797401
 20
7.627923840781769
 10
8.494899418301529
 20
7.71017093249872
 10
8.476049546243871
 20
7.716027249126384
 10
8.169349728601873
 20
7.828266313607578
 10
8.142802225862098
 20
7.840250386683117
 10
7.575774984675775
 20
8.147996286424615
 10
7.559391695738171
 20
8.157937437590888
 10
7.544040063984852
 20
8.169407661888357
 10
7.050023125822186
 20
8.576997010146101
 10
7.035947265721987
 20
8.589788079796648
 10
7.023156177188206
 20
8.603863922737183
 10
6.615566075121336
 20
9.097880424484032
 10
6.604095813831059
 20
9.113232065154037
 10
6.594154629113255
 20
9.129615367987562
 10
6.2864078962142855
 20
9.696642728196387
 10
6.274423772244688
 20
9.723190281506746
 10
6.162184335818203
 20
10.029890441338416
 10
6.156327993309162
 20
10.048740357897941
 10
6.074080599076709
 20
10.368662121709932
 10
6.0700884916037126
 20
10.388202308786042
 10
6.019510206199293
 20
10.719668639699961
 10
6.0174853403564725
 20
10.739662221716834
 10
6.00025323041411
 20
11.080996082854298
 10
5.999999999999993
 20
11.091034453675917
 10
5.999999999999993
 20
43.90897231738164
 10
6.000253232179219
 20
43.919010723166494
 10
6.017485342121589
 20
44.26034339242591
 10
6.019510220292204
 20
44.28033703183772
 10
6.070088505696624
 20
44.611802319651716
 10
6.074080632864728
 20
44.63134254579637
 10
6.156328027097182
 20
44.951263405368024
 10
6.1621843916395065
 20
44.97011334303525
 10
6.274423828065991
 20
45.276812727567616
 10
6.286407980717989
 20
45.30336028404254
 10
6.594154713616959
 20
45.87038644080167
 10
6.604095908002712
 20
45.886769727512444
 10
6.615566176689185
 20
45.90212135171066
 10
7.023156278756055
 20
46.39613704674949
 10
7.035947363630221
 20
46.41021286449359
 10
7.050023216325513
 20
46.42300391090596
 10
7.544040154488172
 20
46.83059276984899
 10
7.559391772616991
 20
46.84206297134628
 10
7.575775044573305
 20
46.85200410315139
 10
8.142802285759629
 20
47.15974975162317
 10
8.169349761484412
 20
47.17173380422382
 10
8.47604957912641
 20
47.28397280754065
 10
8.494899436058603
 20
47.28982911669979
 10
8.81482062955449
 20
47.37207617700804
 10
8.834360762106499
 20
47.376068265095796
 10
9.165826264822229
 20
47.42664633559848
 10
9.185819806922439
 20
47.42867119418109
 10
9.52715255222401
 20
47.445903228081306
 10
9.537190911593157
 20
47.446156457917255
 10
90.46281585946436
 20
47.446156457917255
 10
90.47285428652968
 20
47.44590322466368
 10
90.81418472411731
 20
47.42867119076347
 10
90.83417836421042
 20
47.426646310316045
 10
91.16564199562801
 20
47.37606823981335
 10
91.18518217681059
 20
47.37207612190947
 10
91.50510189574997
 20
47.28982906160124
  0
LWPOLYLINE
  5
6C
330
17
100
AcDbEntity
  8
0
100
AcDbPolyline
 90
53
 70
1
 10
7.782615277423162
 20
46.511211394315026
 10
7.318152911112172
 20
46.12800654589272
 10
6.9349469293120904
 20
45.663545391213006
 10
6.643338950790266
 20
45.126255036303476
 10
6.539513979069923
 20
44.842548560758416
 10
6.462213013221486
 20
44.54186801433217
 10
6.414658431721691
 20
44.23021859961466
 10
6.398186824234877
 20
43.903949920429525
 10
6.398186824234877
 20
11.096056833113096
 10
6.414658436730136
 20
10.769786915443653
 10
6.4622130351424545
 20
10.458136409148707
 10
6.539514022716567
 20
10.157454928356444
 10
6.643339020343227
 20
9.873747664845048
 10
6.934947024628215
 20
9.336456122127807
 10
7.318153010908183
 20
8.871994203571646
 10
7.782615355994309
 20
8.488788912619484
 10
8.319906818495653
 20
8.197181680125752
 10
8.603613789224113
 20
8.093357017867483
 10
8.904294744077049
 20
8.016056312024595
 10
9.215944461376509
 20
7.968501906359855
 10
9.542213285774253
 20
7.952030366317629
 10
90.45779345137045
 20
7.952030366317629
 10
90.78405988446751
 20
7.968501896998319
 10
91.09570765694663
 20
8.016056274373952
 10
91.39638711045212
 20
8.09335695053062
 10
91.68009298616856
 20
8.197181590355768
 10
92.21738321325911
 20
8.488788832460784
 10
92.6818452974877
 20
8.871994195425067
 10
93.06505161305758
 20
9.336456211694667
 10
93.35666020320174
 20
9.8737478179537
 10
93.46048549114691
 20
10.157455089215652
 10
93.53778672637718
 20
10.458136542211328
 10
93.58534149657855
 20
10.769786992764615
 10
93.60181317576512
 20
11.096056854285344
 10
93.60181317576512
 20
43.903949899257086
 10
93.58534150158705
 20
44.230218522293455
 10
93.53778674829827
 20
44.54186788126921
 10
93.46048553479379
 20
44.84254839989889
 10
93.35666027275492
 20
45.126254883194676
 10
93.06505170837382
 20
45.66354530164615
 10
92.68184539728368
 20
46.12800655403932
 10
92.21738329183036
 20
46.51121147447354
 10
91.68009303381073
 20
46.80281849527215
 10
91.39638713608038
 20
46.90664308657455
 10
91.09570766932923
 20
46.98394373661675
 10
90.78405988834471
 20
47.03149810441036
 10
90.45779345185157
 20
47.04796963368237
 10
9.54221328529313
 20
47.04796963368237
 10
9.215944457499361
 20
47.03149809504883
 10
8.904294731694392
 20
46.9839436989661
 10
8.603613763596115
 20
46.906643019237805
 10
8.31990677085335
 20
46.802818405502194
 10
7.782615277423162
 20
46.511211394315026
  0
LWPOLYLINE
  5
6D
330
17
100
AcDbEntity
  8
0
100
AcDbPolyline
 90
245
 70
1
 10
12.670357025637472
 20
11.75883734092551
 10
12.592322123357647
 20
12.06239796593983
 10
12.485834334045606
 20
12.353400680456645
 10
12.352458745102041
 20
12.630312844459525
 10
12.196242796341181
 20
12.88747962761206
 10
11.806288556336881
 20
13.36012909590201
 10
11.333640295900537
 20
13.750084490722116
 10
11.076474107070268
 20
13.906300929906422
 10
10.7995625037223
 20
14.039676962937428
 10
10.50856029278728
 20
14.146165124291116
 10
10.205000088666026
 20
14.22420031311934
 10
9.890362959642246
 20
14.272206311512306
 10
9.563203699980662
 20
14.288721086971535
 10
9.423636404826212
 20
14.285649261095926
 10
9.283357517552162
 20
14.276264529899187
 10
9.145052844391856
 20
14.260648371706111
 10
9.003970602727975
 20
14.23807729988851
 10
8.984965929240488
 20
14.235966752720863
 10
8.965846438364338
 20
14.235689097629077
 10
8.946788492812246
 20
14.23724689576946
 10
8.927967887588238
 20
14.240625777642983
 10
8.909558228412976
 20
14.245794575642869
 10
8.89172933034341
 20
14.252705611552045
 10
8.874645651358477
 20
14.261295136338234
 10
8.858464775359764
 20
14.27148391819022
 10
8.843335958580269
 20
14.283177973370776
 10
8.829398752809567
 20
14.296269433144914
 10
8.81678171813499
 20
14.310637538786693
 10
8.805601237072977
 20
14.326149755486277
 10
8.795960441029194
 20
14.342662994882453
 10
8.787948258989985
 20
14.360024934943503
 10
8.781638597220308
 20
14.378075425021756
 10
8.77708965753493
 20
14.396647963121112
 10
8.774343400431007
 20
14.415571231750818
 10
8.77342515803457
 20
14.434670678198671
 10
8.77342515803457
 20
40.56532932180136
 10
8.77434339291456
 20
40.58442869025865
 10
8.777089627607793
 20
40.60335188305933
 10
8.781638530402347
 20
40.621924349619476
 10
8.787948141484804
 20
40.639974774510605
 10
8.795960259984383
 20
40.657336657700824
 10
8.80560098082718
 20
40.67384985037799
 10
8.816781376448475
 20
40.68936203218823
 10
8.829398317074933
 20
40.70373011626337
 10
8.843335422010298
 20
40.71682156907744
 10
8.858464133149681
 20
40.72851563295718
 10
8.8746449008203
 20
40.73870443997035
 10
8.891728471010168
 20
40.747294006916945
 10
8.909557262111164
 20
40.75420510224541
 10
8.927966818477245
 20
40.75937397689722
 10
8.946787327389842
 20
40.76275295233853
 10
8.965845185437786
 20
40.76431086035461
 10
8.984964599863176
 20
40.76403333055053
 10
9.00396921010217
 20
40.761922922905995
 10
9.145050609750385
 20
40.739353010767104
 10
9.283354431552695
 20
40.723739132752684
 10
9.423634164209886
 20
40.71435653247971
 10
9.56320302586704
 20
40.71128564846653
 10
9.890363043958061
 20
40.7278003899776
 10
10.20500024508759
 20
40.775806197202215
 10
10.50856050301644
 20
40.8538410858411
 10
10.799562747080202
 20
40.96032885203648
 10
11.076474362807375
 20
41.09370440904898
 10
11.333640538935867
 20
41.249920310831115
 10
11.806288746082316
 20
41.63987448289244
 10
12.196242918143696
 20
42.11252269003894
 10
12.352458819925786
 20
42.36968886616738
 10
12.485834376938314
 20
42.64660048189455
 10
12.5923221431337
 20
42.93760272595837
 10
12.670357031772582
 20
43.24116298388718
 10
12.718362838997209
 20
43.55580018501671
 10
12.734695820285694
 20
43.87935950020406
 10
12.71291081926897
 20
44.25362956303509
 10
12.649333335219495
 20
44.613770369439166
 10
12.546282085817694
 20
44.9585108589535
 10
12.401631758110113
 20
45.29602528033978
 10
12.394789087466691
 20
45.31445537323485
 10
12.3897974255662
 20
45.33347046663789
 10
12.38670544339719
 20
45.35288515468385
 10
12.385543289201195
 20
45.372510135276954
 10
12.386322294513604
 20
45.392154055872865
 10
12.38903486367603
 20
45.41162537925352
 10
12.393654547897427
 20
45.43073425110275
 10
12.40013630314192
 20
45.44929435117267
 10
12.408416929328766
 20
45.46712470999152
 10
12.418415686562113
 20
45.48405147339875
 10
12.430035082381835
 20
45.4999095977027
 10
12.443161822359826
 20
45.51454445893215
 10
12.457667914772344
 20
45.52781336049085
 10
12.473411918578051
 20
45.539586924514595
 10
12.490240322532813
 20
45.54975035336467
 10
12.507989041994676
 20
45.55820454895736
 10
12.526485018824204
 20
45.5648670790156
 10
12.545547908780534
 20
45.569672980821494
 10
12.564991839960342
 20
45.57257539463245
 10
12.584627225133929
 20
45.57354602058524
 10
87.41537954592359
 20
45.57354602058524
 10
87.43501498198374
 20
45.57257538958923
 10
87.4544589625592
 20
45.569672960746914
 10
87.4735218989535
 20
45.56486703421518
 10
87.49201791784485
 20
45.55820447022114
 10
87.50976667364516
 20
45.549750232151155
 10
87.5265951069615
 20
45.53958675312475
 10
87.54233913201305
 20
45.52781313222978
 10
87.55684523655096
 20
45.514544168255966
 10
87.5699719786807
 20
45.4999092403483
 10
87.58159136599254
 20
45.48405104649464
 10
87.59159010355266
 20
45.46712421214775
 10
87.5998706985862
 20
45.44929378254852
 10
87.60635241108157
 20
45.430733613450954
 10
87.61097204104645
 20
45.41162467594019
 10
87.61368454473997
 20
45.39215329187239
 10
87.61446347387205
 20
45.37250931714196
 10
87.61330123348755
 20
45.35288429048995
 10
87.61020915602118
 20
45.333469565904096
 10
87.60521739080032
 20
45.31445444681998
 10
87.5983746100738
 20
45.29602434031645
 10
87.45372196389935
 20
44.958509297715835
 10
87.35066612520014
 20
44.613768095137715
 10
87.28708436488246
 20
44.25362786456344
 10
87.26529743341602
 20
43.87935893574159
 10
87.28163029769259
 20
43.55579972348126
 10
87.32963491286652
 20
43.24116128407121
 10
87.40766611130617
 20
42.937598980747495
 10
87.51414621455531
 20
42.64659412603075
 10
87.6475085565457
 20
42.36967965522473
 10
87.80370479978562
 20
42.11250997376207
 10
88.19358781510276
 20
41.63985863833011
 10
88.66611270375726
 20
41.24990464987141
 10
88.92319322761249
 20
41.093690941110125
 10
89.19999854782394
 20
40.96031829001781
 10
89.49087246816417
 20
40.85383402786222
 10
89.79428026753514
 20
40.77580264462419
 10
90.10873899460121
 20
40.72779957674648
 10
90.43569857737968
 20
40.71128558794639
 10
90.5754499831843
 20
40.714357063511244
 10
90.71613383968194
 20
40.72374291670036
 10
90.85482003847228
 20
40.73935963071041
 10
90.99606786348339
 20
40.76192885027693
 10
91.01507078961261
 20
40.76403554404291
 10
91.03418816854527
 20
40.76430973893986
 10
91.05324369691813
 20
40.7627489063009
 10
91.07206164176326
 20
40.75936744036096
 10
91.09046846114389
 20
40.75419652551099
 10
91.10829440458456
 20
40.747283848710666
 10
91.12537507853575
 20
40.73869315971214
 10
91.141552962436
 20
40.72850368315015
 10
91.15667886139029
 20
40.71680938792042
 10
91.1706132820682
 20
40.70371812058424
 10
91.18322771913235
 20
40.689350610791266
 10
91.19440584033403
 20
40.67383935789226
 10
91.204044559347
 20
40.65732740901015
 10
91.21205498644504
 20
40.639967039837714
 10
91.21836324825655
 20
40.621918350328116
 10
91.2229111690359
 20
40.6033477882289
 10
91.22565680716907
 20
40.584426614075625
 10
91.22657484196542
 20
40.56532932180136
 10
91.22657484196542
 20
14.434670678198671
 10
91.22565679966208
 20
14.41557330802334
 10
91.22291113914638
 20
14.396652058127607
 10
91.2183631815224
 20
14.378081424569892
 10
91.212054869087
 20
14.360032669945213
 10
91.20404437852834
 20
14.342672243962717
 10
91.19440558440733
 20
14.326160248408662
 10
91.18322737786976
 20
14.310648960651434
 10
91.17061284687183
 20
14.296281429305147
 10
91.15667832547975
 20
14.283190155002849
 10
91.14155232101054
 20
14.271495868445626
 10
91.12537432890848
 20
14.261306416996725
 10
91.10829354628633
 20
14.25271577008867
 10
91.09046749599584
 20
14.245803152615835
 10
91.07206057391629
 20
14.240632314304563
 10
91.05324253285828
 20
14.237250941798635
 10
91.03418691706496
 20
14.235690218882311
 10
91.0150694617475
 20
14.235964538896333
 10
90.99606647241531
 20
14.238071371999318
 10
90.85481780841324
 20
14.260641750566926
 10
90.71613076136363
 20
14.276260744555728
 10
90.57544774721093
 20
14.285648729772646
 10
90.43569790405395
 20
14.288721147511147
 10
90.10873907895957
 20
14.272207124750281
 10
89.79428042402206
 20
14.224203865724853
 10
89.49087267845941
 20
14.146172182318125
 10
89.19999879123249
 20
14.039687525016909
 10
88.92319348337709
 20
13.9063143979076
 10
88.66611294679258
 20
13.750100151732418
 10
88.19358800482816
 20
13.360144940487508
 10
87.80370492156872
 20
12.887492343889477
 10
87.64750863135738
 20
12.630322055396832
 10
87.51414625744177
 20
12.353407036314913
 10
87.40766613107989
 20
12.062401711147153
 10
87.32963491900118
 20
11.758839040740106
 10
87.28163029834197
 20
11.444200363206889
 10
87.26529743623327
 20
11.120641122455275
 10
87.28708434972303
 20
10.746376195889326
 10
87.35066608986644
 20
10.386237970052264
 10
87.45372193894757
 20
10.041497428949718
 10
87.59837460144057
 20
9.703982450884851
 10
87.60521738452606
 20
9.685552344089707
 10
87.61020915196097
 20
9.66653722445529
 10
87.61330123146946
 20
9.647122499086421
 10
87.6144634737009
 20
9.62749747144742
 10
87.61368454620133
 20
9.607853495556938
 10
87.61097204391073
 20
9.588382110188682
 10
87.6063524151085
 20
9.569273171270858
 10
87.59987070352922
 20
9.550713000694088
 10
87.59159010916328
 20
9.5328825695781
 10
87.58159137202473
 20
9.515955733711046
 10
87.56997198489519
 20
9.500097538367008
 10
87.55684524271938
 20
9.485462609030492
 10
87.54233913792164
 20
9.472193643719187
 10
87.5265951124148
 20
9.460420021605515
 10
87.50976667846926
 20
9.450256541503876
 10
87.49201792189025
 20
9.441802302523648
 10
87.47352190209757
 20
9.435139737802402
 10
87.45445896470814
 20
9.430333810740812
 10
87.43501498307417
 20
9.427431381576397
 10
87.41537954592359
 20
9.426460750472309
 10
12.584627225133929
 20
9.426460750472309
 10
12.5649918388699
 20
9.427431376533157
 10
12.545547906631612
 20
9.430333790666225
 10
12.526485015680166
 20
9.435139693001965
 10
12.5079890379493
 20
9.441802223787413
 10
12.490240317708754
 20
9.45025642029033
 10
12.473411913124792
 20
9.460419850215622
 10
12.457667908863826
 20
9.472193415458058
 10
12.443161816191463
 20
9.485462318354237
 10
12.430035076167371
 20
9.500097181012542
 10
12.418415680529947
 20
9.515955306806845
 10
12.408416923718178
 20
9.532882071734221
 10
12.400136298198902
 20
9.550712432069815
 10
12.393654543870468
 20
9.569272533618921
 10
12.38903486081172
 20
9.588381406875193
 10
12.386322293052217
 20
9.6078527315563
 10
12.385543289372265
 20
9.627496653312264
 10
12.38670544541516
 20
9.647121634892365
 10
12.389797429626284
 20
9.666536323721324
 10
12.394789093740783
 20
9.685551417674695
 10
12.401631766743165
 20
9.703981510861382
 10
12.546282110768317
 20
10.041495867710296
 10
12.649333370549513
 20
10.386235695743643
 10
12.712910834426012
 20
10.74637449740699
 10
12.734695817468662
 20
11.120640557987599
 10
12.71836283834783
 20
11.44419990167168
 10
12.670357025637472
 20
11.75883734092551
  0
LWPOLYLINE
  5
6E
330
17
100
AcDbEntity
  8
0
100
AcDbPolyline
 90
173
 70
1
 10
9.576072935535706
 20
14.686765280356937
 10
9.920484739893766
 20
14.669379608252278
 10
9.94047672851157
 20
14.667355092933335
 10
10.274928452737399
 20
14.61632586766192
 10
10.294467782755902
 20
14.61233425693419
 10
10.6172677601227
 20
14.529353165059895
 10
10.636117506197806
 20
14.52349726624253
 10
10.945574069978818
 20
14.410255994329198
 10
10.96355087590544
 20
14.402659069626807
 10
11.25797235937388
 20
14.260849304238327
 10
11.274940886429789
 20
14.251637146978034
 10
11.552635622858858
 20
14.082950574678264
 10
11.575975538837156
 20
14.066363502211544
 10
12.074418103670112
 20
13.65512668313356
 10
12.088494963497382
 20
13.642334738788165
 10
12.101286869719573
 20
13.62825784431763
 10
12.51252244567371
 20
13.129814036360841
 10
12.52910942498147
 20
13.106474124764823
 10
12.697795425312023
 20
12.82877881636653
 10
12.707007513440388
 20
12.81181032535995
 10
12.848816766370916
 20
12.517388329433544
 10
12.856413625575271
 20
12.499411583758892
 10
12.969654464378962
 20
12.18995458686824
 10
12.97551030830789
 20
12.171104920813164
 10
13.058491066257972
 20
11.848304609522138
 10
13.062482638256355
 20
11.828765372263469
 10
13.113511648626044
 20
11.494313433135915
 10
13.115536144533735
 20
11.474321540960652
 10
13.13292174059626
 20
11.129909660560443
 10
13.132838498073284
 20
11.108303297582388
 10
13.109749615139137
 20
10.711636233758945
 10
13.10705434418827
 20
10.688593371150716
 10
13.039451682770078
 20
10.30565356846067
 10
13.034143222289927
 20
10.283244653556494
 10
12.924522763464054
 20
9.916528727862833
 10
12.916764958681853
 20
9.89512224715238
 10
12.88656124909916
 20
9.824647574707193
 10
87.11344383451502
 20
9.824647574707193
 10
87.08324009929395
 20
9.89512130712891
 10
87.07548255610031
 20
9.916526505068333
 10
86.9658574421724
 20
10.283242430761987
 10
86.96054872527698
 20
10.305651257130386
 10
86.89294140875673
 20
10.688591059820432
 10
86.89024579126662
 20
10.711635177102842
 10
86.86715479237701
 20
11.108302240926292
 10
86.86707148488635
 20
11.129909592019516
 10
86.88445696192638
 20
11.474321472419724
 10
86.88648133249298
 20
11.494312588942549
 10
86.93750887491855
 20
11.828764528070096
 10
86.94149992997917
 20
11.848302097490496
 10
87.02447620474861
 20
12.171102408781529
 10
87.03033090751224
 20
12.18994970353873
 10
87.14356258158377
 20
12.499406700429383
 10
87.15115753294624
 20
12.517380658044395
 10
87.2929512732782
 20
12.811802653970801
 10
87.30216065950326
 20
12.828768285300761
 10
87.47082313305388
 20
13.106463593699054
 10
87.48740474767412
 20
13.129799779520837
 10
87.89856256226462
 20
13.628243587477627
 10
87.91135069568226
 20
13.642319202890533
 10
87.92542345378565
 20
13.655110480579765
 10
88.42373620475031
 20
14.06634729965775
 10
88.4470716644055
 20
14.082935937464896
 10
88.72467780842386
 20
14.251622509764672
 10
88.74164502961465
 20
14.260837068907485
 10
89.03595990860138
 20
14.402646834295965
 10
89.0539374814047
 20
14.41024697905712
 10
89.36326776231813
 20
14.523488250970452
 10
89.38212086650701
 20
14.529347695214952
 10
89.70477321630538
 20
14.612328787089247
 10
89.72431883948481
 20
14.616323581508674
 10
90.05859992512644
 20
14.667352806780094
 10
90.07860121274153
 20
14.669379321402744
 10
90.42281770118468
 20
14.686764993507403
 10
90.43723673708423
 20
14.686970359631331
 10
90.5886443541712
 20
14.683641644278424
 10
90.59752463241357
 20
14.683247926919499
 10
90.74716500348917
 20
14.673262204051866
 10
90.75618981902018
 20
14.672453317588129
 10
90.82838801773055
 20
14.664322325865044
 10
90.82838801773055
 20
40.335679922445095
 10
90.75618674181912
 20
40.3275497214092
 10
90.74716192729666
 20
40.326740976221984
 10
90.59752155622105
 20
40.31675758090539
 10
90.58864296399132
 20
40.31636403824298
 10
90.43723534690436
 20
40.313036380867814
 10
90.42281774499939
 20
40.313241775337175
 10
90.07860125655624
 20
40.330627371399686
 10
90.05860004877202
 20
40.3326538693604
 10
89.72431896313039
 20
40.38368287973009
 10
89.70477340347982
 20
40.38767764488621
 10
89.38212105368144
 20
40.47065840283629
 10
89.36326799315351
 20
40.476517810713716
 10
89.05393771224011
 20
40.58975864951741
 10
89.03596016205738
 20
40.597358756661336
 10
88.74164528307064
 20
40.73916800959185
 10
88.72467806444986
 20
40.74838253528398
 10
88.4470719204315
 20
40.91706853561455
 10
88.42373643262631
 20
40.93365714093859
 10
87.92542368166163
 20
41.34489271689273
 10
87.91135088629478
 20
41.35768399198341
 10
87.89856271736373
 20
41.37175961002579
 10
87.48740490277324
 20
41.87020217485875
 10
87.47082322750516
 20
41.89353839319621
 10
87.30216075395454
 20
42.17123312962529
 10
87.29295133205905
 20
42.18819879441193
 10
87.15115759172708
 20
42.48262027788037
 10
87.1435626124822
 20
42.500594273104454
 10
87.03033093841064
 20
42.810050836885466
 10
87.02447621711174
 20
42.82889816799056
 10
86.94149994234233
 20
43.15169814535737
 10
86.9375088777954
 20
43.17123574401806
 10
86.8864813353698
 20
43.50568746824388
 10
86.88445696203793
 20
43.52567860141198
 10
86.86707148499794
 20
43.87009040577006
 10
86.86715478575285
 20
43.89169764528023
 10
86.89024578464246
 20
44.288368623621295
 10
86.89294137764783
 20
44.311412678490456
 10
86.96054869416805
 20
44.69435449133822
 10
86.96585741057133
 20
44.716763388201954
 10
87.07548252449926
 20
45.08348005448002
 10
87.08324009066071
 20
45.10488533798711
 10
87.11344387067543
 20
45.17535919635036
 10
12.886561212939398
 20
45.17535919635036
 10
12.916764967314904
 20
45.10488439796379
 10
12.92452279506277
 20
45.083477831688896
 10
13.034143253888644
 20
44.71676116541083
 10
13.039451713874897
 20
44.69435218001895
 10
13.107054375293075
 20
44.311410367171206
 10
13.109749621762091
 20
44.28836756697552
 10
13.132838504696238
 20
43.891696588634446
 10
13.132921740484676
 20
43.870090337229115
 10
13.115536144422165
 20
43.52567853287104
 10
13.113511645749043
 20
43.50568662405
 10
13.062482635379368
 20
43.171234899824185
 10
13.058491053893604
 20
43.15169563332361
 10
12.975510295943522
 20
42.8288956559568
 10
12.969654433476421
 20
42.81004595355155
 10
12.85641359467273
 20
42.500589389770525
 10
12.848816707580866
 20
42.482612606485404
 10
12.707007454650338
 20
42.18819112301696
 10
12.697795330845054
 20
42.171222598555374
 10
12.529109330514501
 20
41.893527862126305
 10
12.512522290551573
 20
41.870187918026375
 10
12.101286714597421
 20
41.37174535319342
 10
12.0884947728659
 20
41.35766845610887
 10
12.074417875781364
 20
41.34487651437736
 10
11.575975310948394
 20
40.933640938423224
 10
11.552635366848477
 20
40.917053898460296
 10
11.274940630419394
 20
40.74836789812974
 10
11.257972105957805
 20
40.73915577432446
 10
10.963550622489365
 20
40.597346521393945
 10
10.945573839204243
 20
40.58974963430208
 10
10.636117275423231
 20
40.47650879549839
 10
10.617267573017969
 20
40.470652933031275
 10
10.294467595651156
 20
40.38767217508121
 10
10.274928329150583
 20
40.38368059359544
 10
9.940476604924768
 20
40.332651583225754
 10
9.920484696103728
 20
40.330627084552646
 10
9.576072891745653
 20
40.313241488490135
 10
9.561656095054758
 20
40.3130364880856
 10
9.410417119619055
 20
40.31636414546078
 10
9.401509978394046
 20
40.316759813687
 10
9.252247728561542
 20
40.326743209003595
 10
9.243199525270214
 20
40.32755612712799
 10
9.171611982269454
 20
40.335638038019525
 10
9.171611982269454
 20
14.66436421704551
 10
9.243196440421485
 20
14.672446910110928
 10
9.252244644680246
 20
14.67325997023596
 10
9.40150689451275
 20
14.683245693103594
 10
9.410415727891277
 20
14.68364153699249
 10
9.561654703326994
 20
14.68697025234539
 10
9.576072935535706
 20
14.686765280356937
  0
LWPOLYLINE
  5
6F
330
17
100
AcDbEntity
  8
0
100
AcDbPolyline
 90
159
 70
1
 10
45.16531320816969
 20
33.77941675012785
 10
45.16435451897259
 20
33.759902183213654
 10
45.16148768408229
 20
33.74057555224657
 10
45.15674031268598
 20
33.721622983247855
 10
45.15015812456538
 20
33.703226999817474
 10
45.14180450979029
 20
33.68556476533213
 10
45.13175991823752
 20
33.668806376765104
 10
45.12012108481467
 20
33.65311322655933
 10
45.10700009785005
 20
33.63863644833005
 10
45.09252331962077
 20
33.62551546136541
 10
45.076830169415004
 20
33.613876627942574
 10
45.06007178084795
 20
33.60383203638982
 10
45.04240954636262
 20
33.595478421614715
 10
45.02401356293224
 20
33.588896233494125
 10
45.005060993933526
 20
33.584148862097805
 10
44.985734362966454
 20
33.58128202720752
 10
44.96621979605224
 20
33.580323338010416
 10
43.76053821074886
 20
33.580323338010416
 10
43.741023643834666
 20
33.58128202720752
 10
43.72169701286758
 20
33.584148862097805
 10
43.702744443868866
 20
33.588896233494125
 10
43.684348460438486
 20
33.595478421614715
 10
43.66668622595316
 20
33.60383203638982
 10
43.6499278373861
 20
33.613876627942574
 10
43.63423468718034
 20
33.62551546136541
 10
43.61975790895106
 20
33.63863644833005
 10
43.606636921986436
 20
33.65311322655933
 10
43.594998088563585
 20
33.668806376765104
 10
43.58495349701083
 20
33.68556476533213
 10
43.57659988223574
 20
33.703226999817474
 10
43.57001769411514
 20
33.721622983247855
 10
43.56527032271882
 20
33.74057555224657
 10
43.56240348782853
 20
33.759902183213654
 10
43.56144479863143
 20
33.77941675012785
 10
43.56144479863143
 20
39.99073125329025
 10
43.56240348782853
 20
40.01024582020446
 10
43.56527032271882
 20
40.02957245117153
 10
43.57001769411514
 20
40.048525020170246
 10
43.57659988223574
 20
40.066921003600626
 10
43.58495349701083
 20
40.08458323808597
 10
43.594998088563585
 20
40.101341626652996
 10
43.606636921986436
 20
40.11703477685877
 10
43.61975790895106
 20
40.13151155508805
 10
43.63423468718034
 20
40.14463254205269
 10
43.6499278373861
 20
40.15627137547553
 10
43.66668622595316
 20
40.1663159670283
 10
43.684348460438486
 20
40.174669581803386
 10
43.702744443868866
 20
40.18125176992399
 10
43.72169701286758
 20
40.185999141320295
 10
43.741023643834666
 20
40.18886597621058
 10
43.76053821074886
 20
40.1898246654077
 10
45.42150570334286
 20
40.1898246654077
 10
45.42293701006693
 20
40.18981952042226
 10
45.69456475332797
 20
40.18786670511591
 10
45.69763392788808
 20
40.187820977197944
 10
45.95609873534046
 20
40.181976919776076
 10
45.959475986505254
 20
40.18187187848544
 10
46.20477785814899
 20
40.172158161693915
 10
46.208511567775176
 20
40.17197518865359
 10
46.44065050361027
 20
40.1584133952382
 10
46.45154699459209
 20
40.157475906269795
 10
46.668868317438395
 20
40.132748744810414
 10
46.68799256034639
 20
40.129623641633046
 10
46.88900748393284
 20
40.08663938156292
 10
46.91004968881063
 20
40.080918633757435
 10
47.09476329143034
 20
40.019656327117374
 10
47.117130041604426
 20
40.010702343541254
 10
47.28554740155057
 20
39.93114104237209
 10
47.29901676600039
 20
39.924137912789405
 10
47.311913362632424
 20
39.9161288305733
 10
47.46312207990488
 20
39.81403662392832
 10
47.4770222143853
 20
39.803745194590306
 10
47.48997672521422
 20
39.79228622842504
 10
47.62329461576837
 20
39.66361487029262
 10
47.63455637526853
 20
39.65181715365854
 10
47.644814677022424
 20
39.63913722503321
 10
47.76022650597885
 20
39.48388227190685
 10
47.775911571919025
 20
39.45917745594278
 10
47.87340210439832
 20
39.277334464315985
 10
47.879891051821446
 20
39.26407241265612
 10
47.88537934131311
 20
39.25036594953305
 10
47.96283431460634
 20
39.03400685743824
 10
47.97007430843195
 20
39.008572049899286
 10
48.02539300194512
 20
38.750113272920004
 10
48.0285996329588
 20
38.73029502695174
 10
48.06178712498506
 20
38.42973085200818
 10
48.06288616777684
 20
38.41430356723315
 10
48.07394753660934
 20
38.07162828124554
 10
48.07401084524447
 20
38.06119763656329
 10
48.06979586194154
 20
37.851831777307964
 10
48.0694114650975
 20
37.84284137463061
 10
48.05676651518874
 20
37.64956545239019
 10
48.05579774937064
 20
37.63904874976606
 10
48.03472283285603
 20
37.46185959060736
 10
48.032859213643846
 20
37.449508590618194
 10
48.00335433052341
 20
37.288403020608
 10
48.000552153248464
 20
37.2755240984024
 10
47.96337058367068
 20
37.12828025849592
 10
47.95970174187829
 20
37.115551252798795
 10
47.91568478973939
 20
36.979959556492986
 10
47.91051700416264
 20
36.9658719133171
 10
47.8596748260489
 20
36.84193236061195
 10
47.8525867381659
 20
36.826551409495124
 10
47.79492949066359
 20
36.71426400039064
 10
47.78554218405027
 20
36.69793304651145
 10
47.72098522894042
 20
36.59699773852154
 10
47.70914722062241
 20
36.58042264195916
 10
47.637754882951455
 20
36.49056309129897
 10
47.62312160385618
 20
36.4741029176879
 10
47.54488372703781
 20
36.395339437529955
 10
47.527527293481654
 20
36.379800387747736
 10
47.44243372092963
 20
36.31215329126459
 10
47.426044292892726
 20
36.30042707226359
 10
47.33435232479259
 20
36.241603086913244
 10
47.32034474220707
 20
36.23340277019783
 10
47.2223252208594
 20
36.181264357761094
 10
47.208349930836164
 20
36.17451576023595
 10
47.17942329182472
 20
36.16191288865437
 10
48.18392951326726
 20
33.85901683644411
 10
48.19090995061492
 20
33.84057024283163
 10
48.19603096880759
 20
33.82152349785673
 10
48.19924231092766
 20
33.8020635234668
 10
48.2005124613369
 20
33.78238129698181
 10
48.199828954966506
 20
33.76266997687101
 10
48.197198499647214
 20
33.743123007124225
 10
48.192646910279734
 20
33.72393221882102
 10
48.18621885549118
 20
33.70528594752878
 10
48.17797741926361
 20
33.687367185005215
 10
48.1680034818373
 20
33.670351783344245
 10
48.156394925963795
 20
33.65440672918942
 10
48.14326567629915
 20
33.63968850495168
 10
48.128744581364174
 20
33.62634155311399
 10
48.11297414904388
 20
33.61449685869414
 10
48.09610914803626
 20
33.60427066377707
 10
48.07831508897503
 20
33.595763326732225
 10
48.05976660013276
 20
33.589058337311215
 10
48.04064571364454
 20
33.58422149729181
 10
48.02114007907167
 20
33.58130027470895
 10
48.001441121836436
 20
33.580323338010416
 10
46.74522036324309
 20
33.580323338010416
 10
46.725391559534344
 20
33.581313228473036
 10
46.70575993305481
 20
33.58427305640981
 10
46.68652070030721
 20
33.58917338935072
 10
46.66786517583887
 20
33.59596549848257
 10
46.64997886981358
 20
33.60458184320741
 10
46.633039643302254
 20
33.6149367427649
 10
46.61721593963598
 20
33.62692722824005
 10
46.602665109408875
 20
33.64043406648406
 10
46.58953184578699
 20
33.65532294576646
 10
46.5779467456822
 20
33.67144581136813
 10
46.56802501109924
 20
33.68864233783464
 10
46.559865303569225
 20
33.70674152324925
 10
45.679883670696526
 20
35.95109706334942
 10
45.67886608459321
 20
35.951028458038934
 10
45.6698288969537
 20
35.95062515557517
 10
45.619784010862304
 20
35.94953014861771
 10
45.615428790564835
 20
35.94948250712784
 10
45.16531320816969
 20
35.94948250712784
 10
45.16531320816969
 20
33.77941675012785
  0
LWPOLYLINE
  5
70
330
17
100
AcDbEntity
  8
0
100
AcDbPolyline
 90
92
 70
1
 10
47.53927249518519
 20
37.110047616988666
 10
47.57892491081073
 20
37.23219460890944
 10
47.61286956010673
 20
37.36661982450359
 10
47.64006099625526
 20
37.515093275566656
 10
47.65977401831205
 20
37.68083219084538
 10
47.67178029187481
 20
37.86434605307939
 10
47.67579967736616
 20
38.0639962145609
 10
47.66515631110326
 20
38.39372200467149
 10
47.6339212562425
 20
38.676603835154864
 10
47.58347963245808
 20
38.91227607475808
 10
47.515477719243066
 20
39.102229431893875
 10
47.43191011414035
 20
39.258102858046186
 10
47.33500596335021
 20
39.38846080770101
 10
47.225933158620876
 20
39.49373209470909
 10
47.10170855617231
 20
39.57760532644028
 10
46.95795977550172
 20
39.64551305302673
 10
46.79506515085741
 20
39.69953885461061
 10
46.614214197556265
 20
39.73821132863358
 10
46.411966494401824
 20
39.76122338996832
 10
46.187154679521626
 20
39.7743571255038
 10
45.945408701500924
 20
39.783930032348124
 10
45.69016737634223
 20
39.78970120473852
 10
45.42079004073403
 20
39.791637841172815
 10
43.95963162286631
 20
39.791637841172815
 10
43.95963162286631
 20
33.9785101622453
 10
44.76712638393481
 20
33.9785101622453
 10
44.76712638393481
 20
36.14857591924529
 10
44.768085073131914
 20
36.168090486159485
 10
44.7709519080222
 20
36.18741711712657
 10
44.77569927941852
 20
36.206369686125285
 10
44.78228146753912
 20
36.224765669555666
 10
44.79063508231421
 20
36.24242790404101
 10
44.80067967386698
 20
36.259186292608035
 10
44.81231850728982
 20
36.27487944281381
 10
44.82543949425444
 20
36.28935622104309
 10
44.83991627248372
 20
36.30247720800773
 10
44.85560942268948
 20
36.314116041430566
 10
44.87236781125654
 20
36.32416063298332
 10
44.89003004574187
 20
36.332514247758425
 10
44.90842602917225
 20
36.339096435879014
 10
44.92737859817096
 20
36.343843807275334
 10
44.94670522913805
 20
36.34671064216562
 10
44.96621979605224
 20
36.347669331362724
 10
45.61325091984247
 20
36.347669331362724
 10
45.656595280155585
 20
36.348617727489014
 10
45.69633669073956
 20
36.35129707993289
 10
45.73466313662101
 20
36.355722757541045
 10
45.776720769121596
 20
36.36271043266102
 10
45.79594872448067
 20
36.3649510622991
 10
45.81530339165201
 20
36.36531375659392
 10
45.83460179392134
 20
36.3637950866769
 10
45.853661486495966
 20
36.36040940987225
 10
45.87230228131625
 20
36.355188733964525
 10
45.890347950531904
 20
36.34818241460093
 10
45.9076278925391
 20
36.33945668868881
 10
45.92397874482769
 20
36.32909404819995
 10
45.9392459283909
 20
36.31719246030117
 10
45.9532851090968
 20
36.30386444118456
 10
45.965963562205914
 20
36.289235992352744
 10
45.97716142713517
 20
36.2734454094157
 10
45.98677284060551
 20
36.25664197466065
 10
45.99470693746065
 20
36.23898454575499
 10
46.88100855212326
 20
33.9785101622453
 10
47.697388688127816
 20
33.9785101622453
 10
46.731358388159165
 20
36.19319765409429
 10
46.72452170528588
 20
36.21120063830092
 10
46.719456313407846
 20
36.229779913802815
 10
46.716209603411116
 20
36.248761656274226
 10
46.71481195092453
 20
36.2679682759815
 10
46.71527643213075
 20
36.28722007928049
 10
46.71759870142803
 20
36.3063369497975
 10
46.72175703208677
 20
36.32514003356549
 10
46.72771251952092
 20
36.34345341234919
 10
46.7354094452721
 20
36.36110574950422
 10
46.744775798301504
 20
36.37793189297152
 10
46.755723948712046
 20
36.39377442041008
 10
46.76815146759773
 20
36.40848511201176
 10
46.78194208534991
 20
36.42192633721881
 10
46.796966779454635
 20
36.43397234237044
 10
46.81308498160381
 20
36.444510427231165
 10
46.83014589282675
 20
36.45344199939382
 10
46.847989894337985
 20
36.460683496692056
 10
46.95170252432402
 20
36.49703638957415
 10
47.04218652149662
 20
36.5364588124869
 10
47.126178945883254
 20
36.58113595030619
 10
47.202542568799345
 20
36.63012620243829
 10
47.270604985763654
 20
36.68423398930369
 10
47.3328474292495
 20
36.746894578545664
 10
47.391035551652934
 20
36.820134350536776
 10
47.445017626516815
 20
36.90453574993751
 10
47.49449650143403
 20
37.0008957898377
 10
47.53927249518519
 20
37.110047616988666
  0
LWPOLYLINE
  5
71
330
17
100
AcDbEntity
  8
0
100
AcDbPolyline
 90
105
 70
1
 10
48.83445282232043
 20
40.08458323808597
 10
48.8444974138732
 20
40.101341626652996
 10
48.856136247296035
 20
40.11703477685877
 10
48.86925723426066
 20
40.13151155508805
 10
48.88373401248994
 20
40.14463254205269
 10
48.899427162695716
 20
40.15627137547553
 10
48.91618555126276
 20
40.1663159670283
 10
48.933847785748085
 20
40.174669581803386
 10
48.952243769178466
 20
40.18125176992399
 10
48.97119633817718
 20
40.185999141320295
 10
48.990522969144266
 20
40.18886597621058
 10
49.01003753605846
 20
40.1898246654077
 10
52.795654539855406
 20
40.1898246654077
 10
52.815169106769616
 20
40.18886597621058
 10
52.8344957377367
 20
40.185999141320295
 10
52.8534483067354
 20
40.18125176992399
 10
52.87184429016578
 20
40.174669581803386
 10
52.88950652465111
 20
40.1663159670283
 10
52.906264913218166
 20
40.15627137547553
 10
52.92195806342393
 20
40.14463254205269
 10
52.93643484165321
 20
40.13151155508805
 10
52.94955582861783
 20
40.11703477685877
 10
52.96119466204068
 20
40.101341626652996
 10
52.97123925359345
 20
40.08458323808597
 10
52.97959286836854
 20
40.066921003600626
 10
52.986175056489145
 20
40.048525020170246
 10
52.99092242788545
 20
40.02957245117153
 10
52.99378926277575
 20
40.01024582020446
 10
52.994747951972855
 20
39.99073125329025
 10
52.994747951972855
 20
39.08566430846845
 10
52.99378926277575
 20
39.06614974155424
 10
52.99092242788545
 20
39.04682311058717
 10
52.986175056489145
 20
39.02787054158844
 10
52.97959286836854
 20
39.00947455815806
 10
52.97123925359345
 20
38.99181232367273
 10
52.96119466204068
 20
38.97505393510569
 10
52.94955582861783
 20
38.95936078489993
 10
52.93643484165321
 20
38.94488400667065
 10
52.92195806342393
 20
38.93176301970601
 10
52.906264913218166
 20
38.92012418628316
 10
52.88950652465111
 20
38.910079594730405
 10
52.87184429016578
 20
38.901725979955316
 10
52.8534483067354
 20
38.89514379183471
 10
52.8344957377367
 20
38.89039642043841
 10
52.815169106769616
 20
38.88752958554812
 10
52.795654539855406
 20
38.886570896351
 10
51.7132305225045
 20
38.886570896351
 10
51.7132305225045
 20
33.77941675012785
 10
51.7122718333074
 20
33.759902183213654
 10
51.7094049984171
 20
33.74057555224657
 10
51.704657627020794
 20
33.721622983247855
 10
51.69807543890019
 20
33.703226999817474
 10
51.6897218241251
 20
33.68556476533213
 10
51.67967723257233
 20
33.668806376765104
 10
51.668038399149495
 20
33.65311322655933
 10
51.65491741218487
 20
33.63863644833005
 10
51.64044063395559
 20
33.62551546136541
 10
51.62474748374983
 20
33.613876627942574
 10
51.607989095182774
 20
33.60383203638982
 10
51.590326860697445
 20
33.595478421614715
 10
51.571930877267064
 20
33.588896233494125
 10
51.55297830826835
 20
33.584148862097805
 10
51.533651677301265
 20
33.58128202720752
 10
51.51413711038707
 20
33.580323338010416
 10
50.291554965526885
 20
33.580323338010416
 10
50.27204039861269
 20
33.58128202720752
 10
50.2527137676456
 20
33.584148862097805
 10
50.23376119864689
 20
33.588896233494125
 10
50.21536521521651
 20
33.595478421614715
 10
50.19770298073118
 20
33.60383203638982
 10
50.180944592164124
 20
33.613876627942574
 10
50.16525144195836
 20
33.62551546136541
 10
50.15077466372908
 20
33.63863644833005
 10
50.13765367676446
 20
33.65311322655933
 10
50.12601484334161
 20
33.668806376765104
 10
50.11597025178885
 20
33.68556476533213
 10
50.10761663701376
 20
33.703226999817474
 10
50.10103444889316
 20
33.721622983247855
 10
50.09628707749684
 20
33.74057555224657
 10
50.093420242606555
 20
33.759902183213654
 10
50.09246155340945
 20
33.77941675012785
 10
50.09246155340945
 20
38.886570896351
 10
49.01003753605846
 20
38.886570896351
 10
48.990522969144266
 20
38.88752958554812
 10
48.97119633817718
 20
38.89039642043841
 10
48.952243769178466
 20
38.89514379183471
 10
48.933847785748085
 20
38.901725979955316
 10
48.91618555126276
 20
38.910079594730405
 10
48.899427162695716
 20
38.92012418628316
 10
48.88373401248994
 20
38.93176301970601
 10
48.86925723426066
 20
38.94488400667065
 10
48.856136247296035
 20
38.95936078489993
 10
48.8444974138732
 20
38.97505393510569
 10
48.83445282232043
 20
38.99181232367273
 10
48.82609920754534
 20
39.00947455815806
 10
48.81951701942474
 20
39.02787054158844
 10
48.81476964802843
 20
39.04682311058717
 10
48.81190281313813
 20
39.06614974155424
 10
48.81094412394103
 20
39.08566430846845
 10
48.81094412394103
 20
39.99073125329025
 10
48.81190281313813
 20
40.01024582020446
 10
48.81476964802843
 20
40.02957245117153
 10
48.81951701942474
 20
40.048525020170246
 10
48.82609920754534
 20
40.066921003600626
 10
48.83445282232043
 20
40.08458323808597
  0
LWPOLYLINE
  5
72
330
17
100
AcDbEntity
  8
0
100
AcDbPolyline
 90
41
 70
1
 10
50.38540695032259
 20
39.261249022206485
 10
50.402165338889645
 20
39.25120443065373
 10
50.41785848909541
 20
39.23956559723088
 10
50.43233526732469
 20
39.226444610266256
 10
50.44545625428931
 20
39.211967832036976
 10
50.45709508771216
 20
39.1962746818312
 10
50.46713967926493
 20
39.17951629326416
 10
50.47549329404002
 20
39.16185405877883
 10
50.482075482160624
 20
39.14345807534845
 10
50.48682285355693
 20
39.12450550634972
 10
50.489689688447214
 20
39.10517887538265
 10
50.49064837764432
 20
39.08566430846845
 10
50.49064837764432
 20
33.9785101622453
 10
51.31504369826962
 20
33.9785101622453
 10
51.31504369826962
 20
39.08566430846845
 10
51.316002387466725
 20
39.10517887538265
 10
51.31886922235702
 20
39.12450550634972
 10
51.32361659375333
 20
39.14345807534845
 10
51.33019878187393
 20
39.16185405877883
 10
51.33855239664902
 20
39.17951629326416
 10
51.34859698820179
 20
39.1962746818312
 10
51.36023582162464
 20
39.211967832036976
 10
51.373356808589264
 20
39.226444610266256
 10
51.387833586818545
 20
39.23956559723088
 10
51.40352673702431
 20
39.25120443065373
 10
51.42028512559136
 20
39.261249022206485
 10
51.43794736007668
 20
39.26960263698159
 10
51.45634334350706
 20
39.27618482510218
 10
51.47529591250577
 20
39.28093219649848
 10
51.49462254347286
 20
39.28379903138877
 10
51.51413711038707
 20
39.28475772058589
 10
52.59656112773797
 20
39.28475772058589
 10
52.59656112773797
 20
39.791637841172815
 10
49.20913094817591
 20
39.791637841172815
 10
49.20913094817591
 20
39.28475772058589
 10
50.291554965526885
 20
39.28475772058589
 10
50.31106953244108
 20
39.28379903138877
 10
50.33039616340817
 20
39.28093219649848
 10
50.34934873240688
 20
39.27618482510218
 10
50.36774471583726
 20
39.26960263698159
 10
50.38540695032259
 20
39.261249022206485
  0
LWPOLYLINE
  5
73
330
17
100
AcDbEntity
  8
0
100
AcDbPolyline
 90
131
 70
1
 10
55.228335550644005
 20
33.703226999817474
 10
55.219981935868915
 20
33.68556476533213
 10
55.209937344316145
 20
33.668806376765104
 10
55.198298510893295
 20
33.65311322655933
 10
55.18517752392867
 20
33.63863644833005
 10
55.17070074569939
 20
33.62551546136541
 10
55.15500759549363
 20
33.613876627942574
 10
55.138249206926574
 20
33.60383203638982
 10
55.12058697244126
 20
33.595478421614715
 10
55.10219098901088
 20
33.588896233494125
 10
55.083238420012165
 20
33.584148862097805
 10
55.06391178904508
 20
33.58128202720752
 10
55.04439722213087
 20
33.580323338010416
 10
53.931452040549246
 20
33.580323338010416
 10
53.91193747363505
 20
33.58128202720752
 10
53.89261084266796
 20
33.584148862097805
 10
53.87365827366925
 20
33.588896233494125
 10
53.85526229023887
 20
33.595478421614715
 10
53.83760005575354
 20
33.60383203638982
 10
53.820841667186485
 20
33.613876627942574
 10
53.80514851698072
 20
33.62551546136541
 10
53.79067173875144
 20
33.63863644833005
 10
53.77755075178682
 20
33.65311322655933
 10
53.76591191836398
 20
33.668806376765104
 10
53.75586732681121
 20
33.68556476533213
 10
53.747513712036124
 20
33.703226999817474
 10
53.74093152391552
 20
33.721622983247855
 10
53.736184152519215
 20
33.74057555224657
 10
53.73331731762892
 20
33.759902183213654
 10
53.73235862843181
 20
33.77941675012785
 10
53.73235862843181
 20
39.99073125329025
 10
53.73331731762892
 20
40.01024582020446
 10
53.736184152519215
 20
40.02957245117153
 10
53.74093152391552
 20
40.048525020170246
 10
53.747513712036124
 20
40.066921003600626
 10
53.75586732681121
 20
40.08458323808597
 10
53.76591191836398
 20
40.101341626652996
 10
53.77755075178682
 20
40.11703477685877
 10
53.79067173875144
 20
40.13151155508805
 10
53.80514851698072
 20
40.14463254205269
 10
53.820841667186485
 20
40.15627137547553
 10
53.83760005575354
 20
40.1663159670283
 10
53.85526229023887
 20
40.174669581803386
 10
53.87365827366925
 20
40.18125176992399
 10
53.89261084266796
 20
40.185999141320295
 10
53.91193747363505
 20
40.18886597621058
 10
53.931452040549246
 20
40.1898246654077
 10
55.288913651102874
 20
40.1898246654077
 10
55.30839156092648
 20
40.18886958319506
 10
55.327682593595156
 20
40.18601349991445
 10
55.34660166491179
 20
40.18128381772155
 10
55.364967259392756
 20
40.17472591466567
 10
55.38260317178417
 20
40.16640270931846
 10
55.399340197630224
 20
40.15639405711359
 10
55.41501775667355
 20
40.14479598418862
 10
55.42948543351244
 20
40.13171976608035
 10
55.44260442073322
 20
40.11729086011246
 10
55.454248850672016
 20
40.10164770171876
 10
55.46430700302834
 20
40.08494037625037
 10
55.47268237674466
 20
40.06732917900993
 10
56.91941414792639
 20
36.59642508549058
 10
56.91941414792639
 20
39.99073125329025
 10
56.920372837123494
 20
40.01024582020446
 10
56.92323967201379
 20
40.02957245117153
 10
56.9279870434101
 20
40.048525020170246
 10
56.9345692315307
 20
40.066921003600626
 10
56.94292284630579
 20
40.08458323808597
 10
56.95296743785856
 20
40.101341626652996
 10
56.9646062712814
 20
40.11703477685877
 10
56.97772725824602
 20
40.13151155508805
 10
56.9922040364753
 20
40.14463254205269
 10
57.00789718668108
 20
40.15627137547553
 10
57.02465557524812
 20
40.1663159670283
 10
57.04231780973345
 20
40.174669581803386
 10
57.06071379316383
 20
40.18125176992399
 10
57.07966636216254
 20
40.185999141320295
 10
57.09899299312963
 20
40.18886597621058
 10
57.118507560043824
 20
40.1898246654077
 10
58.23145951268292
 20
40.1898246654077
 10
58.25097407959713
 20
40.18886597621058
 10
58.270300710564214
 20
40.185999141320295
 10
58.28925327956293
 20
40.18125176992399
 10
58.30764926299331
 20
40.174669581803386
 10
58.32531149747864
 20
40.1663159670283
 10
58.34206988604568
 20
40.15627137547553
 10
58.357763036251455
 20
40.14463254205269
 10
58.372239814480736
 20
40.13151155508805
 10
58.38536080144536
 20
40.11703477685877
 10
58.396999634868195
 20
40.101341626652996
 10
58.407044226420965
 20
40.08458323808597
 10
58.415397841196054
 20
40.066921003600626
 10
58.42198002931666
 20
40.048525020170246
 10
58.42672740071296
 20
40.02957245117153
 10
58.42959423560326
 20
40.01024582020446
 10
58.43055292480037
 20
39.99073125329025
 10
58.43055292480037
 20
33.77941675012785
 10
58.42959423560326
 20
33.759902183213654
 10
58.42672740071296
 20
33.74057555224657
 10
58.42198002931666
 20
33.721622983247855
 10
58.415397841196054
 20
33.703226999817474
 10
58.407044226420965
 20
33.68556476533213
 10
58.396999634868195
 20
33.668806376765104
 10
58.38536080144536
 20
33.65311322655933
 10
58.372239814480736
 20
33.63863644833005
 10
58.357763036251455
 20
33.62551546136541
 10
58.34206988604568
 20
33.613876627942574
 10
58.32531149747864
 20
33.60383203638982
 10
58.30764926299331
 20
33.595478421614715
 10
58.28925327956293
 20
33.588896233494125
 10
58.270300710564214
 20
33.584148862097805
 10
58.25097407959713
 20
33.58128202720752
 10
58.23145951268292
 20
33.580323338010416
 10
56.9498269752368
 20
33.580323338010416
 10
56.930437967915324
 20
33.581269700834525
 10
56.911233286489235
 20
33.58409979249892
 10
56.892395504518916
 20
33.58878670810995
 10
56.87410370755376
 20
33.59528589046559
 10
56.85653179061569
 20
33.6035355536483
 10
56.83984680502765
 20
33.613457270406656
 10
56.82420737030306
 20
33.6249567177413
 10
56.8097621661944
 20
33.637924573607464
 10
56.79664851923606
 20
33.652237556209215
 10
56.784991097219276
 20
33.66775959600524
 10
56.774900724010166
 20
33.68434312928399
 10
56.766473325978
 20
33.70183050101086
 10
55.24349063424832
 20
37.300979028807205
 10
55.24349063424832
 20
33.77941675012785
 10
55.24253194505121
 20
33.759902183213654
 10
55.239665110160914
 20
33.74057555224657
 10
55.23491773876461
 20
33.721622983247855
 10
55.228335550644005
 20
33.703226999817474
  0
LWPOLYLINE
  5
74
330
17
100
AcDbEntity
  8
0
100
AcDbPolyline
 90
69
 70
1
 10
57.29409227378187
 20
35.62881764571537
 10
57.2840476822291
 20
35.61205925714833
 10
57.27240884880625
 20
35.596366106942554
 10
57.25928786184164
 20
35.581889328713274
 10
57.24481108361236
 20
35.56876834174865
 10
57.229117933406584
 20
35.5571295083258
 10
57.21235954483953
 20
35.547084916773045
 10
57.194697310354215
 20
35.53873130199794
 10
57.176301326923834
 20
35.53214911387735
 10
57.15734875792512
 20
35.52740174248105
 10
57.138022126958035
 20
35.52453490759076
 10
57.118507560043824
 20
35.52357621839364
 10
57.06791421829375
 20
35.52357621839364
 10
57.048436308470144
 20
35.52453130060627
 10
57.02914527580147
 20
35.527387383886875
 10
57.01022620448484
 20
35.53211706607978
 10
56.99186061000387
 20
35.53867496913567
 10
56.974224697612456
 20
35.546998174482866
 10
56.9574876717664
 20
35.557006826687754
 10
56.941810112723076
 20
35.56860489961272
 10
56.927342435884185
 20
35.58168111772099
 10
56.91422344866341
 20
35.59611002368888
 10
56.90257901872461
 20
35.611753182082566
 10
56.89252086636829
 20
35.62846050755097
 10
56.88414549265197
 20
35.646071704791396
 10
55.15620312448446
 20
39.791637841172815
 10
54.130545452666695
 20
39.791637841172815
 10
54.130545452666695
 20
33.9785101622453
 10
54.845303810013434
 20
33.9785101622453
 10
54.845303810013434
 20
38.16280979555546
 10
54.84626249921054
 20
38.18232436246966
 10
54.84912933410084
 20
38.20165099343674
 10
54.85387670549714
 20
38.22060356243546
 10
54.860458893617746
 20
38.23899954586584
 10
54.868812508392836
 20
38.25666178035118
 10
54.878857099945606
 20
38.27342016891821
 10
54.89049593336844
 20
38.289113319123985
 10
54.903616920333064
 20
38.303590097353265
 10
54.918093698562345
 20
38.3167110843179
 10
54.93378684876811
 20
38.32834991774074
 10
54.95054523733516
 20
38.338394509293494
 10
54.96820747182049
 20
38.3467481240686
 10
54.98660345525087
 20
38.353330312189186
 10
55.005556024249586
 20
38.358077683585506
 10
55.02488265521667
 20
38.36094451847579
 10
55.04439722213087
 20
38.361903207672896
 10
55.09499056388093
 20
38.361903207672896
 10
55.11437957120239
 20
38.360956844848786
 10
55.13358425262848
 20
38.35812675318439
 10
55.152422034598814
 20
38.35343983757336
 10
55.17071383156397
 20
38.34694065521772
 10
55.18828574850204
 20
38.33869099203501
 10
55.20497073409008
 20
38.328769275276656
 10
55.22061016881467
 20
38.31726982794201
 10
55.23505537292333
 20
38.30430197207585
 10
55.24816901988167
 20
38.2899889894741
 10
55.25982644189844
 20
38.27446694967807
 10
55.269916815107564
 20
38.25788341639932
 10
55.27834421313973
 20
38.24039604467245
 10
57.08176476745561
 20
33.9785101622453
 10
58.03236610056548
 20
33.9785101622453
 10
58.03236610056548
 20
39.791637841172815
 10
57.31760097216127
 20
39.791637841172815
 10
57.31760097216127
 20
35.72266963051108
 10
57.31664228296417
 20
35.70315506359688
 10
57.31377544807387
 20
35.68382843262981
 10
57.30902807667756
 20
35.66487586363108
 10
57.30244588855696
 20
35.6464798802007
 10
57.29409227378187
 20
35.62881764571537
  0
LWPOLYLINE
  5
75
330
17
100
AcDbEntity
  8
0
100
AcDbPolyline
 90
141
 70
1
 10
59.30212856087654
 20
40.08458323808597
 10
59.31217315242931
 20
40.101341626652996
 10
59.323811985852146
 20
40.11703477685877
 10
59.33693297281677
 20
40.13151155508805
 10
59.35140975104605
 20
40.14463254205269
 10
59.36710290125181
 20
40.15627137547553
 10
59.38386128981887
 20
40.1663159670283
 10
59.401523524304196
 20
40.174669581803386
 10
59.419919507734576
 20
40.18125176992399
 10
59.43887207673329
 20
40.185999141320295
 10
59.458198707700376
 20
40.18886597621058
 10
59.47771327461457
 20
40.1898246654077
 10
62.90917688616098
 20
40.1898246654077
 10
62.92869145307519
 20
40.18886597621058
 10
62.948018084042275
 20
40.185999141320295
 10
62.96697065304099
 20
40.18125176992399
 10
62.98536663647137
 20
40.174669581803386
 10
63.00302887095668
 20
40.1663159670283
 10
63.01978725952374
 20
40.15627137547553
 10
63.0354804097295
 20
40.14463254205269
 10
63.04995718795878
 20
40.13151155508805
 10
63.063078174923405
 20
40.11703477685877
 10
63.074717008346255
 20
40.101341626652996
 10
63.084761599899025
 20
40.08458323808597
 10
63.093115214674114
 20
40.066921003600626
 10
63.09969740279472
 20
40.048525020170246
 10
63.10444477419102
 20
40.02957245117153
 10
63.10731160908132
 20
40.01024582020446
 10
63.10827029827843
 20
39.99073125329025
 10
63.10827029827843
 20
39.08566430846845
 10
63.10731651521509
 20
39.06619961872343
 10
63.1044643044704
 20
39.046921425268906
 10
63.09974099382252
 20
39.0280144375256
 10
63.093191838547895
 20
39.009659808295055
 10
63.08487958781849
 20
38.992033398087244
 10
63.07488388348568
 20
38.97530409015498
 10
63.06330049701063
 20
38.95963217237917
 10
63.05024041185305
 20
38.9451678015087
 10
63.035828760109396
 20
38.93204956446931
 10
63.02020362358965
 20
38.9204031505259
 10
63.00351471081923
 20
38.91034014702082
 10
62.98592192264245
 20
38.90195697022628
 10
62.96759382017058
 20
38.89533394155481
 10
62.948706009753835
 20
38.890534517978764
 10
62.92943946045072
 20
38.88760468403248
 10
62.90997877011631
 20
38.88657251122234
 10
60.89928049467197
 20
38.87847400235178
 10
60.89928049467197
 20
37.57216091444204
 10
62.639417954774004
 20
37.57216091444204
 10
62.658932521688214
 20
37.57120222524492
 10
62.6782591526553
 20
37.56833539035463
 10
62.697211721654
 20
37.56358801895833
 10
62.715607705084395
 20
37.55700583083774
 10
62.73326993956971
 20
37.548652216062635
 10
62.750028328136764
 20
37.53860762450988
 10
62.76572147834253
 20
37.52696879108703
 10
62.78019825657181
 20
37.513847804122406
 10
62.79331924353643
 20
37.499371025893126
 10
62.80495807695928
 20
37.48367787568735
 10
62.81500266851205
 20
37.46691948712031
 10
62.82335628328714
 20
37.44925725263498
 10
62.82993847140774
 20
37.4308612692046
 10
62.83468584280405
 20
37.41190870020587
 10
62.83755267769435
 20
37.3925820692388
 10
62.83851136689145
 20
37.3730675023246
 10
62.83851136689145
 20
36.46800055750279
 10
62.83755267769435
 20
36.448485990588594
 10
62.83468584280405
 20
36.42915935962152
 10
62.82993847140774
 20
36.410206790622794
 10
62.82335628328714
 20
36.391810807192414
 10
62.81500266851205
 20
36.374148572707085
 10
62.80495807695928
 20
36.357390184140044
 10
62.79331924353643
 20
36.34169703393427
 10
62.78019825657181
 20
36.32722025570499
 10
62.76572147834253
 20
36.314099268740364
 10
62.750028328136764
 20
36.30246043531751
 10
62.73326993956971
 20
36.29241584376476
 10
62.715607705084395
 20
36.284062228989654
 10
62.697211721654
 20
36.277480040869065
 10
62.6782591526553
 20
36.27273266947276
 10
62.658932521688214
 20
36.269865834582475
 10
62.639417954774004
 20
36.268907145385356
 10
60.89928049467197
 20
36.268907145385356
 10
60.89928049467197
 20
34.88357710706707
 10
62.90917688616098
 20
34.88357710706707
 10
62.92869145307519
 20
34.88261841786995
 10
62.948018084042275
 20
34.879751582979665
 10
62.96697065304099
 20
34.87500421158336
 10
62.98536663647137
 20
34.86842202346277
 10
63.00302887095668
 20
34.86006840868767
 10
63.01978725952374
 20
34.85002381713491
 10
63.0354804097295
 20
34.83838498371206
 10
63.04995718795878
 20
34.82526399674744
 10
63.063078174923405
 20
34.81078721851816
 10
63.074717008346255
 20
34.79509406831238
 10
63.084761599899025
 20
34.77833567974534
 10
63.093115214674114
 20
34.76067344526001
 10
63.09969740279472
 20
34.74227746182963
 10
63.10444477419102
 20
34.7233248928309
 10
63.10731160908132
 20
34.70399826186383
 10
63.10827029827843
 20
34.684483694949634
 10
63.10827029827843
 20
33.77941675012785
 10
63.10731160908132
 20
33.759902183213654
 10
63.10444477419102
 20
33.74057555224657
 10
63.09969740279472
 20
33.721622983247855
 10
63.093115214674114
 20
33.703226999817474
 10
63.084761599899025
 20
33.68556476533213
 10
63.074717008346255
 20
33.668806376765104
 10
63.063078174923405
 20
33.65311322655933
 10
63.04995718795878
 20
33.63863644833005
 10
63.0354804097295
 20
33.62551546136541
 10
63.01978725952374
 20
33.613876627942574
 10
63.00302887095668
 20
33.60383203638982
 10
62.98536663647137
 20
33.595478421614715
 10
62.96697065304099
 20
33.588896233494125
 10
62.948018084042275
 20
33.584148862097805
 10
62.92869145307519
 20
33.58128202720752
 10
62.90917688616098
 20
33.580323338010416
 10
59.47771327461457
 20
33.580323338010416
 10
59.458198707700376
 20
33.58128202720752
 10
59.43887207673329
 20
33.584148862097805
 10
59.419919507734576
 20
33.588896233494125
 10
59.401523524304196
 20
33.595478421614715
 10
59.38386128981887
 20
33.60383203638982
 10
59.36710290125181
 20
33.613876627942574
 10
59.35140975104605
 20
33.62551546136541
 10
59.33693297281677
 20
33.63863644833005
 10
59.323811985852146
 20
33.65311322655933
 10
59.31217315242931
 20
33.668806376765104
 10
59.30212856087654
 20
33.68556476533213
 10
59.29377494610145
 20
33.703226999817474
 10
59.28719275798085
 20
33.721622983247855
 10
59.28244538658453
 20
33.74057555224657
 10
59.27957855169424
 20
33.759902183213654
 10
59.27861986249714
 20
33.77941675012785
 10
59.27861986249714
 20
39.99073125329025
 10
59.27957855169424
 20
40.01024582020446
 10
59.28244538658453
 20
40.02957245117153
 10
59.28719275798085
 20
40.048525020170246
 10
59.29377494610145
 20
40.066921003600626
 10
59.30212856087654
 20
40.08458323808597
  0
LWPOLYLINE
  5
76
330
17
100
AcDbEntity
  8
0
100
AcDbPolyline
 90
77
 70
1
 10
60.642393315674525
 20
34.493963178315894
 10
60.623997332244144
 20
34.500545366436484
 10
60.60633509775883
 20
34.50889898121159
 10
60.589576709191775
 20
34.51894357276434
 10
60.573883558986
 20
34.53058240618719
 10
60.55940678075672
 20
34.54370339315183
 10
60.54628579379211
 20
34.55818017138111
 10
60.53464696036926
 20
34.57387332158687
 10
60.52460236881649
 20
34.590631710153914
 10
60.5162487540414
 20
34.60829394463924
 10
60.509666565920796
 20
34.626689928069624
 10
60.50491919452449
 20
34.64564249706835
 10
60.50205235963419
 20
34.66496912803542
 10
60.501093670437086
 20
34.684483694949634
 10
60.501093670437086
 20
36.46800055750279
 10
60.50205235963419
 20
36.487515124417
 10
60.50491919452449
 20
36.50684175538407
 10
60.509666565920796
 20
36.52579432438279
 10
60.5162487540414
 20
36.54419030781318
 10
60.52460236881649
 20
36.56185254229851
 10
60.53464696036926
 20
36.57861093086555
 10
60.54628579379211
 20
36.594304081071314
 10
60.55940678075672
 20
36.608780859300595
 10
60.573883558986
 20
36.62190184626523
 10
60.589576709191775
 20
36.63354067968807
 10
60.60633509775883
 20
36.64358527124084
 10
60.623997332244144
 20
36.65193888601593
 10
60.642393315674525
 20
36.65852107413653
 10
60.66134588467324
 20
36.663268445532836
 10
60.680672515640325
 20
36.66613528042312
 10
60.700187082554535
 20
36.66709396962024
 10
62.44032454265657
 20
36.66709396962024
 10
62.44032454265657
 20
37.17397409020715
 10
60.700187082554535
 20
37.17397409020715
 10
60.680672515640325
 20
37.17493277940427
 10
60.66134588467324
 20
37.17779961429456
 10
60.642393315674525
 20
37.18254698569086
 10
60.623997332244144
 20
37.189129173811466
 10
60.60633509775883
 20
37.197482788586555
 10
60.589576709191775
 20
37.20752738013931
 10
60.573883558986
 20
37.21916621356216
 10
60.55940678075672
 20
37.2322872005268
 10
60.54628579379211
 20
37.24676397875608
 10
60.53464696036926
 20
37.26245712896184
 10
60.52460236881649
 20
37.27921551752888
 10
60.5162487540414
 20
37.29687775201421
 10
60.509666565920796
 20
37.31527373544459
 10
60.50491919452449
 20
37.33422630444332
 10
60.50205235963419
 20
37.35355293541039
 10
60.501093670437086
 20
37.3730675023246
 10
60.501093670437086
 20
39.0767671388941
 10
60.502047453500424
 20
39.09623182863912
 10
60.504899664245116
 20
39.11551002209363
 10
60.50962297489299
 20
39.13441700983694
 10
60.51617213016762
 20
39.15277163906748
 10
60.52448438089701
 20
39.17039804927529
 10
60.53448008522983
 20
39.18712735720756
 10
60.54606347170488
 20
39.20279927498338
 10
60.55912355686246
 20
39.21726364585383
 10
60.57353520860612
 20
39.23038188289323
 10
60.58916034512585
 20
39.24202829683664
 10
60.60584925789628
 20
39.25209130034172
 10
60.623442046073066
 20
39.260474477136256
 10
60.64177014854492
 20
39.267097505807726
 10
60.66065795896168
 20
39.27189692938377
 10
60.67992450826479
 20
39.27482676333007
 10
60.6993851985992
 20
39.27585893614021
 10
62.71008347404354
 20
39.28395744501077
 10
62.71008347404354
 20
39.791637841172815
 10
59.67680668673202
 20
39.791637841172815
 10
59.67680668673202
 20
33.9785101622453
 10
62.71008347404354
 20
33.9785101622453
 10
62.71008347404354
 20
34.485390282832185
 10
60.700187082554535
 20
34.485390282832185
 10
60.680672515640325
 20
34.486348972029305
 10
60.66134588467324
 20
34.48921580691959
 10
60.642393315674525
 20
34.493963178315894
  0
LWPOLYLINE
  5
77
330
17
100
AcDbEntity
  8
0
100
AcDbPolyline
 90
107
 70
1
 10
46.57765578525026
 20
36.91637849433566
 10
46.56505308079744
 20
36.90300868645819
 10
46.55127152264929
 20
36.89085761336918
 10
46.47778692820626
 20
36.83186392838988
 10
46.46450640995586
 20
36.82207866821841
 10
46.45046140283053
 20
36.813426428249954
 10
46.36874912712494
 20
36.767646144617345
 10
46.344670297719645
 20
36.756201752892764
 10
46.255609731846164
 20
36.72097225803692
 10
46.23172059063994
 20
36.71322582743902
 10
46.1352964997192
 20
36.688557912732904
 10
46.11274144593327
 20
36.68415669176903
 10
46.00893859508584
 20
36.67006114858552
 10
45.99630206431493
 20
36.66875424709619
 10
45.886437424227466
 20
36.660924577058125
 10
45.88192082764505
 20
36.660654240237136
 10
45.76731814006163
 20
36.65510091509731
 10
45.76319944402354
 20
36.6549440487415
 10
45.64385363065105
 20
36.6516353291678
 10
45.64009421631479
 20
36.65156662329245
 10
45.516000198860084
 20
36.650470769952804
 10
45.514242107064646
 20
36.65046300739806
 10
44.95776951627387
 20
36.65046300739806
 10
44.938254949359674
 20
36.65142169659518
 10
44.91892831839259
 20
36.65428853148546
 10
44.899975749393874
 20
36.65903590288177
 10
44.881579765963494
 20
36.66561809100236
 10
44.863917531478165
 20
36.67397170577746
 10
44.84715914291111
 20
36.68401629733022
 10
44.83146599270535
 20
36.69565513075307
 10
44.81698921447607
 20
36.70877611771769
 10
44.803868227511444
 20
36.72325289594697
 10
44.79222939408861
 20
36.73894604615275
 10
44.78218480253584
 20
36.75570443471979
 10
44.77383118776075
 20
36.77336666920512
 10
44.767248999640145
 20
36.7917626526355
 10
44.76250162824384
 20
36.810715221634226
 10
44.75963479335354
 20
36.8300418526013
 10
44.758676104156436
 20
36.84955641951551
 10
44.758676104156436
 20
39.10339093704201
 10
44.75963479335354
 20
39.12290550395622
 10
44.76250162824384
 20
39.14223213492329
 10
44.767248999640145
 20
39.16118470392202
 10
44.77383118776075
 20
39.1795806873524
 10
44.78218480253584
 20
39.19724292183773
 10
44.79222939408861
 20
39.21400131040477
 10
44.803868227511444
 20
39.229694460610546
 10
44.81698921447607
 20
39.244171238839826
 10
44.83146599270535
 20
39.25729222580445
 10
44.84715914291111
 20
39.2689310592273
 10
44.863917531478165
 20
39.278975650780055
 10
44.881579765963494
 20
39.28732926555516
 10
44.899975749393874
 20
39.29391145367575
 10
44.91892831839259
 20
39.29865882507205
 10
44.938254949359674
 20
39.30152565996234
 10
44.95776951627387
 20
39.30248434915946
 10
45.52269238684306
 20
39.30248434915946
 10
45.52449107565194
 20
39.302476223959786
 10
45.648313404423845
 20
39.30135751830103
 10
45.65212503151291
 20
39.3012865803737
 10
45.770665935423324
 20
39.29794485189463
 10
45.77478629967155
 20
39.29778597960136
 10
45.88806609189302
 20
39.2922428110478
 10
45.89253112016782
 20
39.29197401217921
 10
46.00057011387287
 20
39.284250986297025
 10
46.01387954777043
 20
39.282848622993214
 10
46.115811047597234
 20
39.26863024859448
 10
46.138361690124114
 20
39.264144157081944
 10
46.23346796397604
 20
39.239439107357256
 10
46.25715395513187
 20
39.23167421617232
 10
46.345435003008944
 20
39.196472334535414
 10
46.36912279857478
 20
39.185164073860946
 10
46.450578620477
 20
39.13945520372555
 10
46.46462186597168
 20
39.13079072727608
 10
46.47789937321288
 20
39.120993089926856
 10
46.55138396765591
 20
39.06191180439096
 10
46.56511386909423
 20
39.04979224544171
 10
46.57767203622383
 20
39.036462341429484
 10
46.64220867816114
 20
38.9613158755577
 10
46.65222156718089
 20
38.94865224810201
 10
46.6611755264334
 20
38.935219004987886
 10
46.716774372451255
 20
38.84399720219393
 10
46.72934186921418
 20
38.819787014647176
 10
46.776013075898845
 20
38.71247971834477
 10
46.78471654531357
 20
38.68831456429092
 10
46.82156125477998
 20
38.56073757832931
 10
46.82645208702917
 20
38.539506284859485
 10
46.85279488629024
 20
38.38756301364447
 10
46.85492467948474
 20
38.371344957450574
 10
46.87074525536789
 20
38.195019531316106
 10
46.871473040688386
 20
38.1824609671491
 10
46.87675108002114
 20
37.981737516429135
 10
46.87675111458233
 20
37.9712720941711
 10
46.8714730752496
 20
37.770498177913055
 10
46.87074564575218
 20
37.75794265071619
 10
46.85492506986901
 20
37.58157374169673
 10
46.85279532866912
 20
37.56535388571422
 10
46.826452529408044
 20
37.41339887094631
 10
46.82155608668846
 20
37.39214713408654
 10
46.78471137722207
 20
37.2646149005832
 10
46.77603264485286
 20
37.24051264667848
 10
46.7293614381682
 20
37.13313298469889
 10
46.716791668696246
 20
37.10890617220814
 10
46.66119282267837
 20
37.01765009093552
 10
46.65222400610162
 20
37.00419182013361
 10
46.64219242718757
 20
36.99150591660819
 10
46.57765578525026
 20
36.91637849433566
  0
LWPOLYLINE
  5
78
330
17
100
AcDbEntity
  8
0
100
AcDbPolyline
 90
36
 70
1
 10
46.45906251456287
 20
38.32760828189272
 10
46.43598170291537
 20
38.460736655580874
 10
46.405734861878074
 20
38.56546813183026
 10
46.36964893107866
 20
38.64843756724265
 10
46.32958779213003
 20
38.71416643714939
 10
46.287565061303255
 20
38.76309770492408
 10
46.241292043171285
 20
38.800301004712054
 10
46.18573401886374
 20
38.83147734617849
 10
46.12126988205529
 20
38.85718228476186
 10
46.04939570487059
 20
38.87585250544609
 10
45.965500399953726
 20
38.887555019954675
 10
45.86637070756494
 20
38.89464117610771
 10
45.757384298857886
 20
38.8999742546883
 10
45.64280987366213
 20
38.903204166111436
 10
45.52179302408673
 20
38.90429752492457
 10
45.15686292839132
 20
38.90429752492457
 10
45.15686292839132
 20
37.04864983163294
 10
45.51336304403027
 20
37.04864983163294
 10
45.634698001149445
 20
37.04972132017609
 10
45.750104271826174
 20
37.05292082065226
 10
45.86038858896822
 20
37.05826488965995
 10
45.961657342818384
 20
37.0654819608412
 10
46.047758044695854
 20
37.077173702942076
 10
46.12084248179522
 20
37.09587069705938
 10
46.18577984903435
 20
37.121557830558544
 10
46.2414081268179
 20
37.152724241149045
 10
46.28762225839063
 20
37.189825104809756
 10
46.329583424265806
 20
37.23867230437145
 10
46.36962944353641
 20
37.304401056871626
 10
46.40573175187377
 20
37.38746412597416
 10
46.43598293785695
 20
37.49217390304753
 10
46.45906202488433
 20
37.62530261785565
 10
46.47358910491279
 20
37.787251542773404
 10
46.478564249301925
 20
37.976503490320795
 10
46.4735892211922
 20
38.165703446337886
 10
46.45906251456287
 20
38.32760828189272
  0
LWPOLYLINE
  5
79
330
17
100
AcDbEntity
  8
0
100
AcDbPolyline
 90
85
 70
1
 10
88.80941376864028
 20
10.130084844705223
 10
88.80032911289489
 20
10.145129492304832
 10
88.79260660886233
 20
10.160916680872653
 10
88.61167591143787
 20
10.576305507128787
 10
88.60455231579412
 20
10.595232122394457
 10
88.5993854495489
 20
10.614783743133266
 10
88.55157443054962
 20
10.841822763412324
 10
88.54777802357789
 20
10.869082881178642
 10
88.53134990397943
 20
11.106106222504827
 10
88.53087644884461
 20
11.120972726089882
 10
88.53151419928604
 20
11.135833088231614
 10
88.55337371209016
 20
11.407630531121598
 10
88.55528567910194
 20
11.423449668081105
 10
88.55845657887728
 20
11.43906524064866
 10
88.62160769317062
 20
11.696717098008179
 10
88.62590081465648
 20
11.71167723055472
 10
88.63134941921412
 20
11.726256296583664
 10
88.73215099881814
 20
11.966850167299192
 10
88.73851110585717
 20
11.98054817349771
 10
88.74589124922547
 20
11.99372466086065
 10
88.88070215796164
 20
12.214348143818654
 10
88.89196592724095
 20
12.23085782927631
 10
88.9048281834862
 20
12.246155037406169
 10
88.91915931107907
 20
12.260085615075653
 10
88.93481489228041
 20
12.272509180970196
 10
88.95163716255804
 20
12.28330054024481
 10
88.96945660041247
 20
12.29235094613847
 10
88.98809363568013
 20
12.299569195837684
 10
89.00736045909908
 20
12.304882549546193
 10
89.02706291490178
 20
12.308237463498912
 10
89.04700245736306
 20
12.309600129533521
 10
89.06697815158644
 20
12.308956815782338
 10
89.08678869836656
 20
12.306314005051199
 10
89.1062344627231
 20
12.301698329490854
 10
89.12511948566366
 20
12.295156302219276
 10
89.14325345890323
 20
12.286753848599396
 10
89.16045364264004
 20
12.276575641895477
 10
89.17654670706246
 20
12.264724250003198
 10
89.19137047902926
 20
12.251319101851692
 10
91.16493049562031
 20
10.27775231420354
 10
91.5643008856825
 20
9.878381924141337
 10
91.57770615005539
 20
9.863557955781708
 10
91.58955761979483
 20
9.84746467097564
 10
91.59973586251469
 20
9.830264248714244
 10
91.60813830766112
 20
9.81213002509162
 10
91.61468028016041
 20
9.793244746521985
 10
91.61929585372643
 20
9.773798728125122
 10
91.62193851522814
 20
9.753987935838559
 10
91.62258163342268
 20
9.734012011584042
 10
91.62121872732986
 20
9.71407226138961
 10
91.61786353154385
 20
9.694369626741626
 10
91.6125498578236
 20
9.675102659610573
 10
91.60533125435732
 20
9.65646552155691
 10
91.5962804661341
 20
9.63864602708113
 10
91.5854887018612
 20
9.621823750935732
 10
91.57306471481444
 20
9.606168218472845
 10
91.55913370688454
 20
9.591837197263892
 10
91.54383606686336
 20
9.578975107207583
 10
91.52732595568541
 20
9.567711565148066
 10
91.30669972198528
 20
9.432905628907285
 10
91.29352379834641
 20
9.425526145926092
 10
91.27982643034575
 20
9.419166598563116
 10
91.03923361760796
 20
9.318369356667816
 10
91.02465502152357
 20
9.31292113258057
 10
91.0096953995788
 20
9.308628310575664
 10
90.75204713934359
 20
9.245480264417758
 10
90.73643205061653
 20
9.242309571986766
 10
90.72061341748262
 20
9.240397731977538
 10
90.44882084129021
 20
9.218539382948926
 10
90.42021650546802
 20
9.218300551801185
 10
90.20230948614669
 20
9.232167571793589
 10
90.17724155936092
 20
9.235369983442283
 10
89.96734300831515
 20
9.275861859560344
 10
89.94316499633554
 20
9.282121460053517
 10
89.74304215957669
 20
9.347574416508557
 10
89.72015359912133
 20
9.356662957708217
 10
89.53157372266072
 20
9.445413218711522
 10
89.51451586148049
 20
9.45447668709874
 10
89.49841659508597
 20
9.465150520000215
 10
89.13714301266755
 20
9.73077476859445
 10
89.12364609571652
 20
9.741633696167781
 10
89.1111441975549
 20
9.753624760239937
 10
89.09973196449111
 20
9.766657181800163
 10
88.8197897857931
 20
10.115899970385968
 10
88.80941376864028
 20
10.130084844705223
  0
LWPOLYLINE
  5
7A
330
17
100
AcDbEntity
  8
0
100
AcDbPolyline
 90
18
 70
1
 10
89.1470739946527
 20
10.344244936299674
 10
89.3940758878495
 20
10.036096909563454
 10
89.71867053727526
 20
9.797440627877293
 10
89.87854830058502
 20
9.722198277056634
 10
90.05505295431304
 20
9.664469975770892
 10
90.24023366937759
 20
9.628746458212106
 10
90.43119412774426
 20
9.616594245299567
 10
90.67277240462833
 20
9.636022672550375
 10
90.89975695656848
 20
9.691655227375158
 10
91.10282871624715
 20
9.77673288638546
 10
90.88336976775291
 20
9.996191834879696
 10
89.08971643715084
 20
11.78985131929938
 10
89.00463359241691
 20
11.586775027971015
 10
88.94899847596348
 20
11.359787883737006
 10
88.92961434939492
 20
11.118768969857392
 10
88.94405803926408
 20
10.91037679123037
 10
88.98484303994188
 20
10.7167020528587
 10
89.1470739946527
 20
10.344244936299674
  0
LWPOLYLINE
  5
7B
330
17
100
AcDbEntity
  8
0
100
AcDbPolyline
 90
92
 70
1
 10
89.85644030119674
 20
12.932236073204145
 10
90.11414463425201
 20
12.995384119362058
 10
90.12974160773162
 20
12.998551071452255
 10
90.14554170690444
 20
13.000462100859096
 10
90.41687363959029
 20
13.022320449887715
 10
90.44183437923276
 20
13.02276102606622
 10
90.59667174854646
 20
13.015774987475396
 10
90.61458869652238
 20
13.014152969449768
 10
90.76579127752395
 20
12.993541870374926
 10
90.78345536589897
 20
12.990316787871947
 10
90.93029315395013
 20
12.956601153359514
 10
90.94755695830612
 20
12.95181007144268
 10
91.08929994876853
 20
12.905510426539124
 10
91.11106522850496
 20
12.896955998918813
 10
91.34474254331751
 20
12.788866328080147
 10
91.35810160016119
 20
12.782065158695481
 10
91.37091106001726
 20
12.774278115421708
 10
91.58389226724385
 20
12.63355723725072
 10
91.59593480010581
 20
12.624940481953232
 10
91.60730358654213
 20
12.61545250194942
 10
91.7963644461313
 20
12.445350524053175
 10
91.80696050467678
 20
12.43508148469882
 10
91.81676690186798
 20
12.424055869065725
 10
91.97868317376832
 20
12.227822899051283
 10
91.98769923918123
 20
12.216026045285716
 10
91.99581107350566
 20
12.203590075754228
 10
92.12735851766583
 20
11.984476221228675
 10
92.13461717775517
 20
11.971278868966436
 10
92.14085737482536
 20
11.957570543264438
 10
92.2388117511939
 20
11.718825911834855
 10
92.24408372850901
 20
11.704419448024616
 10
92.24823081478014
 20
11.689649829891884
 10
92.3093678833056
 20
11.434524529165323
 10
92.31240569830537
 20
11.41922603231594
 10
92.3142366105654
 20
11.403736678355251
 10
92.33533213119644
 20
11.135480815938791
 10
92.33594481474036
 20
11.119682620511234
 10
92.33530201602757
 20
11.103885621754927
 10
92.31344461917892
 20
10.832560460126587
 10
92.31153365782997
 20
10.816760633419804
 10
92.30836681719119
 20
10.80116392166348
 10
92.24522035799988
 20
10.5434612813726
 10
92.24093879712548
 20
10.528533110691505
 10
92.23550669440941
 20
10.513984079676106
 10
92.13470976990742
 20
10.273128676864069
 10
92.12835183505005
 20
10.25942153581719
 10
92.12097267660998
 20
10.24623604864206
 10
91.98616388382932
 20
10.025452599450269
 10
91.97490336408693
 20
10.008936316040682
 10
91.96204340089183
 20
9.99363245152366
 10
91.94771363370383
 20
9.979695281980582
 10
91.93205851886769
 20
9.96726530603523
 10
91.91523587336933
 20
9.95646782850708
 10
91.89741528390518
 20
9.947411697231267
 10
91.87877639730284
 20
9.940188205779066
 10
91.859507109527
 20
9.93487017314034
 10
91.8398016715269
 20
9.931511209645684
 10
91.81985873102012
 20
9.930145176528328
 10
91.79987932995327
 20
9.930785844573826
 10
91.78006487782666
 20
9.933426755298726
 10
91.76061512131382
 20
9.938041286057647
 10
91.74172613064361
 20
9.944582918422391
 10
91.72358832304424
 20
9.952985707127553
 10
91.70638454317428
 20
9.963164944855393
 10
91.69028821989149
 20
9.975018016158252
 10
91.6754616179414
 20
9.9884254319103
 10
90.88670112805018
 20
10.777185921801518
 10
89.30140697424083
 20
12.362480075610897
 10
89.28799950447193
 20
12.377306743686383
 10
89.27614639295847
 20
12.393403143261267
 10
89.26596713025116
 20
12.41060700743651
 10
89.25756433292496
 20
12.428744905024708
 10
89.25102270910726
 20
12.447633988900122
 10
89.24640820453995
 20
12.467083839270316
 10
89.24376733778409
 20
12.48689838328734
 10
89.24312673126896
 20
12.506877871647092
 10
89.2444928429128
 20
12.526820892250832
 10
89.24785190102098
 20
12.546526400629226
 10
89.25317004311758
 20
12.5657957466603
 10
89.26039365731113
 20
12.584434677150199
 10
89.26944992275314
 20
12.602255294088707
 10
89.28024754374086
 20
12.619077948838473
 10
89.2926776700643
 20
12.63473305316289
 10
89.30661499431888
 20
12.6490627888355
 10
89.3219190151225
 20
12.66192269859674
 10
89.33843545350193
 20
12.673183142419404
 10
89.55921805631154
 20
12.807989078660178
 10
89.57240270575399
 20
12.815367678298145
 10
89.58610893702085
 20
12.821725188659578
 10
89.82696349345069
 20
12.922522430554864
 10
89.84151233023202
 20
12.927954508034034
 10
89.85644030119674
 20
12.932236073204145
  0
LWPOLYLINE
  5
7C
330
17
100
AcDbEntity
  8
0
100
AcDbPolyline
 90
21
 70
1
 10
91.91850093769854
 20
11.356934745484267
 10
91.86458995913172
 20
11.58190553572745
 10
91.77820118440367
 20
11.792461275519095
 10
91.6620815512593
 20
11.985877579171323
 10
91.5190452002244
 20
12.159229198833614
 10
91.35200729611135
 20
12.309516666768616
 10
91.16394030949583
 20
12.433776228709
 10
90.95452863053133
 20
12.53064159823451
 10
90.8324439267693
 20
12.570519961276645
 10
90.70310518994656
 20
12.600217613610496
 10
90.56972923900823
 20
12.618398685129115
 10
90.43638123098144
 20
12.624415154759255
 10
90.19341781732426
 20
12.604842157787118
 10
89.9663266858803
 20
12.549195591505281
 10
89.76293271361358
 20
12.464075543429367
 10
91.16826173164579
 20
11.058746525397133
 10
91.77705880442194
 20
10.449949452620999
 10
91.86217945051335
 20
10.653346209052401
 10
91.91782458226739
 20
10.880435701575003
 10
91.9371284447271
 20
11.12006275497923
 10
91.91850093769854
 20
11.356934745484267
  0
LWPOLYLINE
  5
7D
330
17
100
AcDbEntity
  8
0
100
AcDbPolyline
 90
69
 70
1
 10
69.47673924820742
 20
15.311326916788687
 10
69.4867838397602
 20
15.328085305355721
 10
69.49842267318303
 20
15.343778455561498
 10
69.51154366014765
 20
15.358255233790779
 10
69.52602043837693
 20
15.371376220755408
 10
69.5417135885827
 20
15.383015054178252
 10
69.55847197714975
 20
15.393059645731014
 10
69.57613421163508
 20
15.40141326050611
 10
69.59453019506546
 20
15.407995448626707
 10
69.61348276406417
 20
15.412742820023013
 10
69.63280939503126
 20
15.415609654913297
 10
69.65232396194546
 20
15.416568344110416
 10
70.67378443030765
 20
15.416568344110416
 10
70.69329899722185
 20
15.415609654913297
 10
70.71262562818893
 20
15.412742820023013
 10
70.73157819718764
 20
15.407995448626707
 10
70.74997418061803
 20
15.40141326050611
 10
70.76763641510335
 20
15.393059645731014
 10
70.78439480367041
 20
15.383015054178252
 10
70.80008795387617
 20
15.371376220755408
 10
70.81456473210545
 20
15.358255233790779
 10
70.82768571907008
 20
15.343778455561498
 10
70.83932455249293
 20
15.328085305355721
 10
70.84936914404568
 20
15.311326916788687
 10
70.85772275882078
 20
15.293664682303351
 10
70.86430494694139
 20
15.27526869887297
 10
70.8690523183377
 20
15.25631612987425
 10
70.87191915322798
 20
15.236989498907178
 10
70.87287784242508
 20
15.217474931992975
 10
70.87287784242508
 20
14.196014463631187
 10
70.87191915322798
 20
14.176499896716983
 10
70.8690523183377
 20
14.157173265749904
 10
70.86430494694139
 20
14.138220696751183
 10
70.85772275882078
 20
14.119824713320803
 10
70.84936914404568
 20
14.102162478835467
 10
70.83932455249293
 20
14.085404090268433
 10
70.82768571907008
 20
14.069710940062663
 10
70.81456473210545
 20
14.055234161833383
 10
70.80008795387617
 20
14.042113174868753
 10
70.78439480367041
 20
14.030474341445903
 10
70.76763641510335
 20
14.020429749893147
 10
70.74997418061803
 20
14.01207613511805
 10
70.73157819718764
 20
14.005493946997454
 10
70.71262562818893
 20
14.000746575601141
 10
70.69329899722185
 20
13.997879740710857
 10
70.67378443030765
 20
13.996921051513745
 10
69.65232396194546
 20
13.996921051513745
 10
69.63280939503126
 20
13.997879740710857
 10
69.61348276406417
 20
14.000746575601141
 10
69.59453019506546
 20
14.005493946997454
 10
69.57613421163508
 20
14.01207613511805
 10
69.55847197714975
 20
14.020429749893147
 10
69.5417135885827
 20
14.030474341445903
 10
69.52602043837693
 20
14.042113174868753
 10
69.51154366014765
 20
14.055234161833383
 10
69.49842267318303
 20
14.069710940062663
 10
69.4867838397602
 20
14.085404090268433
 10
69.47673924820742
 20
14.102162478835467
 10
69.46838563343233
 20
14.119824713320803
 10
69.46180344531173
 20
14.138220696751183
 10
69.45705607391542
 20
14.157173265749904
 10
69.45418923902513
 20
14.176499896716983
 10
69.45323054982802
 20
14.196014463631187
 10
69.45323054982802
 20
15.217474931992975
 10
69.45418923902513
 20
15.236989498907178
 10
69.45705607391542
 20
15.25631612987425
 10
69.46180344531173
 20
15.27526869887297
 10
69.46838563343233
 20
15.293664682303351
 10
69.47673924820742
 20
15.311326916788687
  0
LWPOLYLINE
  5
7E
330
17
100
AcDbEntity
  8
0
100
AcDbPolyline
 90
5
 70
1
 10
70.47469101819021
 20
15.018381519875533
 10
69.8514173740629
 20
15.018381519875533
 10
69.8514173740629
 20
14.395107875748629
 10
70.47469101819021
 20
14.395107875748629
 10
70.47469101819021
 20
15.018381519875533
  0
LWPOLYLINE
  5
7F
330
17
100
AcDbEntity
  8
0
100
AcDbPolyline
 90
69
 70
1
 10
77.84051548058103
 20
15.311326916788687
 10
77.8505600721338
 20
15.328085305355721
 10
77.86219890555664
 20
15.343778455561498
 10
77.87531989252126
 20
15.358255233790779
 10
77.88979667075056
 20
15.371376220755408
 10
77.9054898209563
 20
15.383015054178252
 10
77.92224820952337
 20
15.393059645731014
 10
77.93991044400867
 20
15.40141326050611
 10
77.95830642743907
 20
15.407995448626707
 10
77.97725899643778
 20
15.412742820023013
 10
77.99658562740485
 20
15.415609654913297
 10
78.01610019431907
 20
15.416568344110416
 10
79.03756066268129
 20
15.416568344110416
 10
79.0570752295955
 20
15.415609654913297
 10
79.07640186056257
 20
15.412742820023013
 10
79.09535442956128
 20
15.407995448626707
 10
79.11375041299168
 20
15.40141326050611
 10
79.131412647477
 20
15.393059645731014
 10
79.14817103604405
 20
15.383015054178252
 10
79.16386418624982
 20
15.371376220755408
 10
79.17834096447909
 20
15.358255233790779
 10
79.19146195144371
 20
15.343778455561498
 10
79.20310078486655
 20
15.328085305355721
 10
79.21314537641932
 20
15.311326916788687
 10
79.22149899119442
 20
15.293664682303351
 10
79.22808117931503
 20
15.27526869887297
 10
79.23282855071135
 20
15.25631612987425
 10
79.23569538560163
 20
15.236989498907178
 10
79.23665407479872
 20
15.217474931992975
 10
79.23665407479872
 20
14.196014463631187
 10
79.23569538560163
 20
14.176499896716983
 10
79.23282855071135
 20
14.157173265749904
 10
79.22808117931503
 20
14.138220696751183
 10
79.22149899119442
 20
14.119824713320803
 10
79.21314537641932
 20
14.102162478835467
 10
79.20310078486655
 20
14.085404090268433
 10
79.19146195144371
 20
14.069710940062663
 10
79.17834096447909
 20
14.055234161833383
 10
79.16386418624982
 20
14.042113174868753
 10
79.14817103604405
 20
14.030474341445903
 10
79.131412647477
 20
14.020429749893147
 10
79.11375041299168
 20
14.01207613511805
 10
79.09535442956128
 20
14.005493946997454
 10
79.07640186056257
 20
14.000746575601141
 10
79.0570752295955
 20
13.997879740710857
 10
79.03756066268129
 20
13.996921051513745
 10
78.01610019431907
 20
13.996921051513745
 10
77.99658562740485
 20
13.997879740710857
 10
77.97725899643778
 20
14.000746575601141
 10
77.95830642743907
 20
14.005493946997454
 10
77.93991044400867
 20
14.01207613511805
 10
77.92224820952337
 20
14.020429749893147
 10
77.9054898209563
 20
14.030474341445903
 10
77.88979667075056
 20
14.042113174868753
 10
77.87531989252126
 20
14.055234161833383
 10
77.86219890555664
 20
14.069710940062663
 10
77.8505600721338
 20
14.085404090268433
 10
77.84051548058103
 20
14.102162478835467
 10
77.83216186580593
 20
14.119824713320803
 10
77.82557967768533
 20
14.138220696751183
 10
77.82083230628903
 20
14.157173265749904
 10
77.81796547139872
 20
14.176499896716983
 10
77.81700678220163
 20
14.196014463631187
 10
77.81700678220163
 20
15.217474931992975
 10
77.81796547139872
 20
15.236989498907178
 10
77.82083230628903
 20
15.25631612987425
 10
77.82557967768533
 20
15.27526869887297
 10
77.83216186580593
 20
15.293664682303351
 10
77.84051548058103
 20
15.311326916788687
  0
LWPOLYLINE
  5
80
330
17
100
AcDbEntity
  8
0
100
AcDbPolyline
 90
5
 70
1
 10
78.83846725056385
 20
15.018381519875533
 10
78.2151936064365
 20
15.018381519875533
 10
78.2151936064365
 20
14.395107875748629
 10
78.83846725056385
 20
14.395107875748629
 10
78.83846725056385
 20
15.018381519875533
  0
LWPOLYLINE
  5
81
330
17
100
AcDbEntity
  8
0
100
AcDbPolyline
 90
324
 70
1
 10
66.72295392111936
 20
15.148753735379003
 10
66.81433251959744
 20
15.110289315679488
 10
66.94382949616397
 20
15.083635876127616
 10
67.11071886300711
 20
15.073974910265328
 10
67.28715926459003
 20
15.084281839892995
 10
67.42349494629958
 20
15.112737471236535
 10
67.51911354954896
 20
15.15383231466096
 10
67.58282485361646
 20
15.203937176639378
 10
67.63143906840932
 20
15.270276045126728
 10
67.67084413764208
 20
15.362260100878572
 10
67.69711988747355
 20
15.483049780186562
 10
67.70679234398796
 20
15.636947781746272
 10
67.70447141551278
 20
15.72275590032742
 10
67.6975043162335
 20
15.800441422456203
 10
67.68661012022598
 20
15.865662170271868
 10
67.67280604935905
 20
15.917766838130369
 10
67.65654813761752
 20
15.959004800523822
 10
67.63756449762282
 20
15.993180046787302
 10
67.61574944026012
 20
16.02201496821983
 10
67.58969899935542
 20
16.047695610765295
 10
67.55707320084309
 20
16.07222284189644
 10
67.51723235074466
 20
16.095539981040062
 10
67.47030553481282
 20
16.116707520688337
 10
67.41448762462939
 20
16.135712503174652
 10
67.348008571796
 20
16.153163812060882
 10
67.27215973125777
 20
16.169026583581015
 10
67.18837286654801
 20
16.18274325387236
 10
67.0934899198317
 20
16.19456251937028
 10
67.08940287613802
 20
16.19511467510788
 10
66.85430664950725
 20
16.229358984624987
 10
66.84949730681568
 20
16.23011968676827
 10
66.63310495273703
 20
16.267064606454866
 10
66.62743658282245
 20
16.268117055277173
 10
66.42974810129603
 20
16.307791213509653
 10
66.42299679682789
 20
16.309268476252704
 10
66.24401218785383
 20
16.35170050140747
 10
66.23341558132897
 20
16.3545230239095
 10
66.07176068284191
 20
16.402386488245256
 10
66.05675640075367
 20
16.407486797753677
 10
65.91105705068874
 20
16.4635761488954
 10
65.89418080672532
 20
16.470987167918217
 10
65.76443700508248
 20
16.535283320281756
 10
65.74587521837599
 20
16.54575487873042
 10
65.63208696515528
 20
16.618238746731606
 10
65.61096120658956
 20
16.633740438559492
 10
65.51244460168894
 20
16.716533702979397
 10
65.50146846703862
 20
16.72647763310234
 10
65.49126192815793
 20
16.737210006662217
 10
65.40734579519867
 20
16.832294387330755
 10
65.39789562564421
 20
16.84384781692311
 10
65.3893375673125
 20
16.856076761176148
 10
65.3200409918788
 20
16.963452258093305
 10
65.30622570956182
 20
16.988693977232224
 10
65.2515677772379
 20
17.108360590398014
 10
65.24229119129075
 20
17.132801583938395
 10
65.2007577790604
 20
17.268482592744377
 10
65.19556999998262
 20
17.28942332770152
 10
65.16592690673187
 20
17.444695688726725
 10
65.16341523897881
 20
17.461900795691555
 10
65.14564337912344
 20
17.636774051728068
 10
65.14471531396433
 20
17.650846434863027
 10
65.13879560192014
 20
17.845330128702926
 10
65.1387859731748
 20
17.857119495266403
 10
65.14378957717562
 20
18.030836482991127
 10
65.14454006300399
 20
18.04329784916454
 10
65.15956359872925
 20
18.207013990749132
 10
65.16132528423361
 20
18.220858661842698
 10
65.18638783726749
 20
18.374573957287126
 10
65.18948443853863
 20
18.38979899912158
 10
65.22460509446535
 20
18.53351344842583
 10
65.2304361714956
 20
18.552998227171784
 10
65.27788293390864
 20
18.686330118651313
 10
65.28772303732332
 20
18.709303376891782
 10
65.3497511860934
 20
18.83217636820936
 10
65.36296087339038
 20
18.854575348573825
 10
65.4395704085175
 20
18.966989439729517
 10
65.4556957626643
 20
18.987597672074628
 10
65.54688668414845
 20
19.089552863068505
 10
65.56644686557702
 20
19.108612227025453
 10
65.67359492594879
 20
19.19955821684531
 10
65.69522332321574
 20
19.21553443798563
 10
65.81971063686667
 20
19.29508633401595
 10
65.84066579714342
 20
19.306762385186566
 10
65.98250190686572
 20
19.37493927301164
 10
66.00182741130212
 20
19.383006523569165
 10
66.16102185988805
 20
19.439827488773254
 10
66.17963819890238
 20
19.445463339723915
 10
66.35833493364761
 20
19.490160187541484
 10
66.37534666299516
 20
19.493634840668328
 10
66.57598227682085
 20
19.525572975423493
 10
66.59019586698886
 20
19.52731410013162
 10
66.81276081710281
 20
19.546483979032274
 10
66.82464225704085
 20
19.547150386001483
 10
67.06912700065085
 20
19.553542466255507
 10
67.07966465987774
 20
19.553539009422458
 10
67.32723967766898
 20
19.54690358796943
 10
67.33944402961777
 20
19.546201055697303
 10
67.56424994541425
 20
19.526320238783832
 10
67.5788917641406
 20
19.524476311534613
 10
67.78090949235808
 20
19.491388270329146
 10
67.7984875842902
 20
19.48768801900718
 10
67.97769803934445
 20
19.441430924678137
 10
67.99697690495144
 20
19.43539627513598
 10
68.15612841097268
 20
19.37655859986429
 10
68.17589659549253
 20
19.368008314459708
 10
68.31773747661089
 20
19.297318491376785
 10
68.33892167630934
 20
19.28508140363774
 10
68.46343284694053
 20
19.202558518327848
 10
68.48499657465071
 20
19.186043926653745
 10
68.59215894921047
 20
19.09170706470111
 10
68.61160317502828
 20
19.072029443205402
 10
68.70256506950162
 20
18.96618079302715
 10
68.71847987736967
 20
18.944948318215303
 10
68.79440233146431
 20
18.828182713853558
 10
68.80719880827323
 20
18.80534496817569
 10
68.86808182198918
 20
18.67766240963048
 10
68.87739480334324
 20
18.65449304422279
 10
68.92323837668052
 20
18.515893531494157
 10
68.92845027982399
 20
18.497092090029007
 10
68.9619677466747
 20
18.348184771346872
 10
68.96459756421365
 20
18.334178790517754
 10
68.9885149821933
 20
18.175719136925018
 10
68.99002401939468
 20
18.16293131198922
 10
69.00436047408743
 20
17.99490978069371
 10
69.005009364459
 20
17.983334299510382
 10
69.009783941449
 20
17.805741347719973
 10
69.00932595149652
 20
17.78587447650031
 10
69.00688973806645
 20
17.766152225336242
 10
69.00249957235863
 20
17.746771080583855
 10
68.99619919216218
 20
17.727924130267276
 10
68.9880513661102
 20
17.70979914040572
 10
68.97813726833625
 20
17.692576684361818
 10
68.96655566976305
 20
17.676428343848173
 10
68.95342195407997
 20
17.66151499951463
 10
68.93886696821284
 20
17.647985228146922
 10
68.92303571873883
 20
17.63597382244452
 10
68.90608592723325
 20
17.625600448125027
 10
68.88818645894078
 20
17.61696845173357
 10
68.86951564042624
 20
17.610163831034924
 10
68.85025948296514
 20
17.60525437824584
 10
68.83060982937398
 20
17.602289004643268
 10
68.81076244274291
 20
17.601297253277274
 10
67.86228524850276
 20
17.601297253277274
 10
67.84218211142674
 20
17.602314794506142
 10
67.82228446352876
 20
17.605357017143888
 10
67.80279569352851
 20
17.61039282436085
 10
67.78391501069927
 20
17.61737074141049
 10
67.76583540860128
 20
17.626219441791207
 10
67.74874169235026
 20
17.636848476327764
 10
67.73280858958645
 20
17.6491491977199
 10
67.71819896445275
 20
17.662995871107498
 10
67.70506215283886
 20
17.678246959300502
 10
67.69353243590749
 20
17.694746569536257
 10
67.68372766750632
 20
17.71232604697584
 10
67.67574806949584
 20
17.730805698651146
 10
67.66967520730687
 20
17.749996630240922
 10
67.66557115619935
 20
17.76970267690068
 10
67.66347786674476
 20
17.789722408410086
 10
67.65822384939479
 20
17.887633195014004
 10
67.64997642893711
 20
17.97345040390499
 10
67.63873588522767
 20
18.050593065899882
 10
67.62506019183513
 20
18.117484842814484
 10
67.60887904429667
 20
18.173330317227375
 10
67.58984817475005
 20
18.220299363899528
 10
67.5681372199794
 20
18.26013325579401
 10
67.54456130075414
 20
18.292971865204336
 10
67.51899483784001
 20
18.319681072887242
 10
67.48924374633127
 20
18.34264525815354
 10
67.45291753291626
 20
18.363163357236587
 10
67.40833231885297
 20
18.381105034084058
 10
67.35267575719544
 20
18.396296391040707
 10
67.28416847151416
 20
18.408177784847638
 10
67.20331071345453
 20
18.41575574785253
 10
67.11402280184986
 20
18.41829287586807
 10
66.9406733111309
 20
18.407698545266072
 10
66.81431388496108
 20
18.37961812564722
 10
66.73237193692601
 20
18.34109763542307
 10
66.68185862019625
 20
18.295597064458505
 10
66.64080891762757
 20
18.228475621845305
 10
66.60530193569153
 20
18.12791258728236
 10
66.58159361931294
 20
17.994559867058754
 10
66.57304713036102
 20
17.827174100205596
 10
66.57515783512115
 20
17.75083336876397
 10
66.58138289714438
 20
17.68310390430279
 10
66.59099405715747
 20
17.62712236542157
 10
66.60300708200273
 20
17.583150877386366
 10
66.61656997556729
 20
17.549536816625853
 10
66.63146104929368
 20
17.523500542610115
 10
66.64763126541636
 20
17.502991292697622
 10
66.66653426797045
 20
17.485449294537503
 10
66.69257325971108
 20
17.467496465602053
 10
66.7286306795247
 20
17.448497524327735
 10
66.77461801370094
 20
17.429912737345596
 10
66.83137837389356
 20
17.4124301951774
 10
66.89963482186188
 20
17.396081279573202
 10
66.97886290326693
 20
17.38105939760716
 10
67.06812389680645
 20
17.36777820243981
 10
67.16991329008158
 20
17.35609565944428
 10
67.17745105371252
 20
17.355084323652726
 10
67.40000964196513
 20
17.320884547165505
 10
67.40459111332359
 20
17.320125733553937
 10
67.61253968684274
 20
17.28318717572875
 10
67.61773227717264
 20
17.28219350665738
 10
67.81108037875042
 20
17.2425257102863
 10
67.817003207927
 20
17.2412162372038
 10
67.99576038035559
 20
17.19882874507892
 10
68.00633086070685
 20
17.196013389306096
 10
68.17050346584797
 20
17.14741990137344
 10
68.18613097314247
 20
17.142079999234845
 10
68.33571264913431
 20
17.08393417639156
 10
68.35284492879286
 20
17.07632770778742
 10
68.48782613284337
 20
17.008620007241454
 10
68.50612039489317
 20
16.99819794921916
 10
68.62649158421027
 20
16.92091882817848
 10
68.64654453480578
 20
16.906197869053145
 10
68.75254586965784
 20
16.81767892936203
 10
68.77238288029537
 20
16.79864006014656
 10
68.86426088281213
 20
16.697371950185158
 10
68.88129640824572
 20
16.675765940495587
 10
68.95905107842721
 20
16.561748660263916
 10
68.97250018222435
 20
16.53889241293013
 10
69.03613152007051
 20
16.412125962428178
 10
69.04626914647187
 20
16.38813138308572
 10
69.09575965686352
 20
16.24563841117277
 10
69.10216200195428
 20
16.222951200245163
 10
69.13750055163432
 20
16.061754355779904
 10
69.14075128389315
 20
16.042416663804303
 10
69.16194741565366
 20
15.862515946786708
 10
69.1631892952537
 20
15.846295815488936
 10
69.17025255188673
 20
15.647691225919026
 10
69.17024845700968
 20
15.633424673835421
 10
69.16431602124266
 20
15.469269563813363
 10
69.1631785372922
 20
15.454031319291971
 10
69.14539395371399
 20
15.297166902448367
 10
69.14286930833099
 20
15.280923179830943
 10
69.11325166252587
 20
15.131349456165857
 10
69.1091043323418
 20
15.114359350074729
 10
69.06767270989405
 20
14.972076319588233
 10
69.06062381053883
 20
14.95195306765266
 10
69.00562074723331
 20
14.818334892409759
 10
68.9947283959287
 20
14.795959984639858
 10
68.92469543503661
 20
14.672380826705556
 10
68.91082589085906
 20
14.651176842200428
 10
68.82577257517245
 20
14.537636701574762
 10
68.80956613826567
 20
14.51861765926725
 10
68.70950201057659
 20
14.415116535950276
 10
68.69087643240537
 20
14.39814531710524
 10
68.57481381372968
 20
14.305125360465055
 10
68.55491480108135
 20
14.29108581701675
 10
68.42199961152447
 20
14.209001900144294
 10
68.40279019712435
 20
14.198550419048715
 10
68.25300335110201
 20
14.127421627528193
 10
68.23518715551039
 20
14.119997032854123
 10
68.06850956743844
 20
14.059842452269727
 10
68.05067604652386
 20
14.054336342597338
 10
67.86506714935416
 20
14.006433116627996
 10
67.84785913720552
 20
14.002794324489386
 10
67.64128472575146
 20
13.968565919625853
 10
67.62664172905511
 20
13.96669438685904
 10
67.39909226052457
 20
13.9461503458934
 10
67.38667551539498
 20
13.945419430398168
 10
67.13814144699586
 20
13.938569296122488
 10
67.12254688749935
 20
13.938750535115553
 10
66.67426627540702
 20
13.961541903625168
 10
66.64926426691356
 20
13.96440556555305
 10
66.2675637154319
 20
14.032792394804737
 10
66.25106731531629
 20
14.036476892963428
 10
66.23494289592979
 20
14.04154738040583
 10
65.91983194785091
 20
14.155548755983823
 10
65.89934453333579
 20
14.164285563185402
 10
65.87996117188516
 20
14.175256035028774
 10
65.63144937000118
 20
14.334891042517299
 10
65.61734006909315
 20
14.344844258025937
 10
65.60414622654292
 20
14.355982542895454
 10
65.59196707992027
 20
14.368222120446127
 10
65.40269375057683
 20
14.575699916220884
 10
65.39203193015797
 20
14.588413057258876
 10
65.38246570647948
 20
14.601969816983413
 10
65.3740615196588
 20
14.616276039880425
 10
65.23680595015324
 20
14.87393937940621
 10
65.22761789618457
 20
14.893731003811503
 10
65.22065090151706
 20
14.914409246426267
 10
65.13540354905729
 20
15.222248586910972
 10
65.13144846399044
 20
15.239468490742539
 10
65.12903560446395
 20
15.256971230378355
 10
65.0957869262578
 20
15.61497702902993
 10
65.09493702069642
 20
15.634514844422682
 10
65.09600803476653
 20
15.654041787313126
 10
65.09898963480171
 20
15.673369452226794
 10
65.10385305286977
 20
15.692311356420412
 10
65.11055136433974
 20
15.710684739158381
 10
65.11901994063372
 20
15.728312325077553
 10
65.1291770727948
 20
15.745024034626468
 10
65.14092475985507
 20
15.760658625075813
 10
65.15414965439672
 20
15.775065246267026
 10
65.16872415618327
 20
15.7881048960882
 10
65.1845076433089
 20
15.799651761634316
 10
65.20134782898724
 20
15.809594433111535
 10
65.21908223088857
 20
15.817836978773286
 10
65.23753973884875
 20
15.82429987051652
 10
65.25654226582343
 20
15.828920751207711
 10
65.27590646615879
 20
15.831655036334908
 10
65.2954455046
 20
15.832476344180812
 10
66.32423483730896
 20
15.825147479833603
 10
66.34347572753258
 20
15.824077770548726
 10
66.36252306948623
 20
15.821152894645131
 10
66.38119841536843
 20
15.816400254249352
 10
66.3993268024771
 20
15.809864375166228
 10
66.41673839237325
 20
15.801606489732322
 10
66.4332700620371
 20
15.791703963151875
 10
66.44876693210998
 20
15.780249568689662
 10
66.46308381790404
 20
15.767350618511031
 10
66.47608658958634
 20
15.753127958312291
 10
66.4876534287937
 20
15.737714835160169
 10
66.49767596990573
 20
15.721255649147224
 10
66.50606031528405
 20
15.703904600558495
 10
66.51272791496595
 20
15.685824245223685
 10
66.51761630257124
 20
15.667183971589111
 10
66.52067968052755
 20
15.648158413777374
 10
66.5396642459923
 20
15.478182622844933
 10
66.5716257368258
 20
15.351945244328036
 10
66.61391755344077
 20
15.258656019493834
 10
66.66204247485439
 20
15.19518534130291
 10
66.72295392111936
 20
15.148753735379003
  0
LWPOLYLINE
  5
82
330
17
100
AcDbEntity
  8
0
100
AcDbPolyline
 90
257
 70
1
 10
65.86857714551276
 20
14.65583036631601
 10
66.0763389195997
 20
14.52237170515479
 10
66.354469194315
 20
14.421749260581734
 10
66.70707635156607
 20
14.35857490738195
 10
67.13497155842626
 20
14.336819968444203
 10
67.36948500108356
 20
14.343283664073539
 10
67.58348130430407
 20
14.36260407316194
 10
67.77408448310308
 20
14.394186120165188
 10
67.94212387208316
 20
14.437554886128495
 10
68.09092562946239
 20
14.491258010879164
 10
68.22209239500502
 20
14.553544745452044
 10
68.33531066815969
 20
14.623464514238833
 10
68.43200306646362
 20
14.70095994558698
 10
68.51459131793526
 20
14.786384932517947
 10
68.58452858359335
 20
14.879746219067343
 10
68.64215603883129
 20
14.981434799722592
 10
68.68834947035101
 20
15.093651859226846
 10
68.72434905603366
 20
15.217280378811019
 10
68.75066860103955
 20
15.350198179827558
 10
68.76666510541725
 20
15.491291296779721
 10
68.77206361448897
 20
15.640672240025651
 10
68.76554338399352
 20
15.824008025305886
 10
68.74644843702904
 20
15.986075080235295
 10
68.71574041516402
 20
16.12614976550764
 10
68.67440611631693
 20
16.245159390545908
 10
68.62259184136299
 20
16.348383869923083
 10
68.5600940401974
 20
16.440028902854557
 10
68.48674166779246
 20
16.52087802790249
 10
68.40088347545458
 20
16.592575956613977
 10
68.29987070326217
 20
16.65742684238822
 10
68.18269945742978
 20
16.716200918980753
 10
68.04956608329694
 20
16.767952910229205
 10
67.89856461624296
 20
16.812647869907728
 10
67.72808280966117
 20
16.853073079904867
 10
67.54029579589267
 20
16.89159994912425
 10
67.33723642521363
 20
16.927670022502667
 10
67.12073221967916
 20
16.96093944380857
 10
67.01941440136846
 20
16.972567863337787
 10
67.01281500391448
 20
16.973437292254182
 10
66.91635487071552
 20
16.98778965160045
 10
66.90856758105801
 20
16.98910670284264
 10
66.82079138868689
 20
17.0057493322973
 10
66.81150385014178
 20
17.007740903301695
 10
66.73245931255919
 20
17.026673802864686
 10
66.720229692279
 20
17.030018185061685
 10
66.64929016613554
 20
17.051867998082372
 10
66.6332973609286
 20
17.057550860457027
 10
66.57011612477751
 20
17.083084191235358
 10
66.55190532627239
 20
17.09153545689449
 10
66.49649192290578
 20
17.120733219846315
 10
66.47629048718026
 20
17.13296036656819
 10
66.4286544593902
 20
17.165803476109346
 10
66.40623601575305
 20
17.183778824551872
 10
66.36543580805048
 20
17.22164144274722
 10
66.35453850501356
 20
17.232570222383337
 10
66.34452048748018
 20
17.244310271894044
 10
66.30962726809894
 20
17.288566560808874
 10
66.30093496032488
 20
17.30047279754571
 10
66.29314745667811
 20
17.312989565284404
 10
66.26418985399452
 20
17.363620439334383
 10
66.25238293130602
 20
17.387968112301422
 10
66.22938957369642
 20
17.444954485902187
 10
66.22196518174283
 20
17.466981365987813
 10
66.20434600656154
 20
17.53147314558992
 10
66.2001785165514
 20
17.55025428683996
 10
66.1876170211928
 20
17.623420464477682
 10
66.18558177674687
 20
17.638886813202944
 10
66.1780588756268
 20
17.720736931668426
 10
66.17729929163123
 20
17.73345641478955
 10
66.17479589916547
 20
17.82400001687497
 10
66.17497885585222
 20
17.839654756572443
 10
66.1845598191392
 20
18.027301039859637
 10
66.18737460715673
 20
18.051998471945637
 10
66.21611749701763
 20
18.213669275086282
 10
66.21961715290264
 20
18.229556722442197
 10
66.22440223735639
 20
18.245105405395122
 10
66.27230705379118
 20
18.380781642805005
 10
66.28026546989553
 20
18.400044754593992
 10
66.29019409689661
 20
18.418370316756125
 10
66.35726083990527
 20
18.528032902851052
 10
66.36802639792641
 20
18.54387068061363
 10
66.3802637848903
 20
18.558600881028426
 10
66.3938597805112
 20
18.57208722030343
 10
66.48776244542235
 20
18.656671348710802
 10
66.50286484976719
 20
18.668991122127956
 10
66.51909947182254
 20
18.679775206732863
 10
66.53631073246501
 20
18.688920256822527
 10
66.6648823611426
 20
18.749361121170267
 10
66.68524599456094
 20
18.7575950727815
 10
66.70639273678289
 20
18.763535680370836
 10
66.86964287201909
 20
18.799814195074646
 10
66.88507931498695
 20
18.802611432384758
 10
66.90068807756344
 20
18.80418459445542
 10
67.0986262621504
 20
18.816281673930987
 10
67.11642626715523
 20
18.81657212485402
 10
67.22109479204138
 20
18.81359795464372
 10
67.23401737033733
 20
18.8128096436636
 10
67.32908584635229
 20
18.803899856755564
 10
67.3445296925643
 20
18.801840142396316
 10
67.43001720529226
 20
18.787013824374874
 10
67.4484202290813
 20
18.782916111707223
 10
67.52434586410648
 20
18.762192348156674
 10
67.54624694165864
 20
18.754824501660657
 10
67.61373674845133
 20
18.727665715291387
 10
67.63732556713332
 20
18.71631837423199
 10
67.69750559516324
 20
18.682326948705963
 10
67.72124251986261
 20
18.66657922928873
 10
67.77413185471393
 20
18.62575516460592
 10
67.78559162011221
 20
18.616203565327687
 10
67.7963039978598
 20
18.605820683514388
 10
67.84192172511672
 20
18.558163979674752
 10
67.85982784233924
 20
18.53660496499036
 10
67.89878311023232
 20
18.482344649004695
 10
67.91186747982277
 20
18.461513782364428
 10
67.94491575939443
 20
18.40087888124357
 10
67.95462410456983
 20
18.380363328530905
 10
67.98177493861222
 20
18.3133538422749
 10
67.98848068045213
 20
18.29399735246166
 10
68.00974361175741
 20
18.220613281070555
 10
68.01357427454239
 20
18.20508402019864
 10
68.02998946745153
 20
18.124792557779166
 10
68.03194376927242
 20
18.113620759203606
 10
68.04470407280016
 20
18.02604814639769
 10
68.04587144984701
 20
18.01638719190491
 10
68.0474959153038
 20
17.999484077512157
 10
68.60433650172936
 20
17.999484077512157
 10
68.59382644696224
 20
18.122660660134386
 10
68.57193453956263
 20
18.267700733689914
 10
68.54212755130155
 20
18.40012359009836
 10
68.50327966421986
 20
18.517572947295
 10
68.45342695615386
 20
18.62212298395992
 10
68.39190346269392
 20
18.716743580487815
 10
68.31864491737176
 20
18.801991564616443
 10
68.23210715981607
 20
18.878172225242523
 10
68.129157879476
 20
18.946404429720005
 10
68.00793824230652
 20
19.006817158674615
 10
67.86838856858569
 20
19.058408114939645
 10
67.70767631868453
 20
19.099890525668755
 10
67.521817902229
 20
19.13033186859606
 10
67.31045847562619
 20
19.14902353891238
 10
67.0742652068157
 20
19.155353910598947
 10
66.84100002103322
 20
19.149255166906492
 10
66.63150395143738
 20
19.131210931809008
 10
66.44652549773929
 20
19.10176517854336
 10
66.28570478410525
 20
19.06153960322178
 10
66.14555587523573
 20
19.01151652550142
 10
66.02400001281212
 20
18.953087819206814
 10
65.92099279317753
 20
18.88726248017089
 10
65.83455351379098
 20
18.813893855523382
 10
65.7612288180105
 20
18.731913837762868
 10
65.69934115067038
 20
18.641102088726143
 10
65.64882731302765
 20
18.54103806203561
 10
65.60899203716576
 20
18.42909548875661
 10
65.57813420576419
 20
18.302824605437806
 10
65.55544631313577
 20
18.16367373307164
 10
65.54163152885435
 20
18.013129731929716
 10
65.53697751725893
 20
17.851550023572266
 10
65.54250314195383
 20
17.670013507367784
 10
65.55868177463131
 20
17.510817441364978
 10
65.58466726050858
 20
17.374703854620833
 10
65.61920442089443
 20
17.261878143685777
 10
65.66242681069811
 20
17.167248201043904
 10
65.71579055793329
 20
17.084560725640117
 10
65.77998853535259
 20
17.011818754486022
 10
65.85709142036622
 20
16.947021560623035
 10
65.95080537373588
 20
16.88732515406391
 10
66.06272123712928
 20
16.831863857928553
 10
66.19241018883851
 20
16.78193797185989
 10
66.34120194976084
 20
16.737883079561463
 10
66.51148654414983
 20
16.69751357385926
 10
66.70295998654105
 20
16.659086713618898
 10
66.91411051582696
 20
16.623036736809567
 10
67.14475675748311
 20
16.589440615759813
 10
67.24138125607865
 20
16.57740441070898
 10
67.24893625194835
 20
16.576315857625588
 10
67.34080312120764
 20
16.56127641724681
 10
67.34939386751086
 20
16.55967570388195
 10
67.43444718319749
 20
16.541887939373048
 10
67.4442421684813
 20
16.53957961862764
 10
67.52247238780312
 20
16.51904352998865
 10
67.53609153454771
 20
16.514943137866176
 10
67.60765929450568
 20
16.49057561819164
 10
67.62535238928699
 20
16.483591538533453
 10
67.69056464969401
 20
16.454175881828256
 10
67.70926538128437
 20
16.444520081296453
 10
67.76810305655624
 20
16.41008491593697
 10
67.78717579119319
 20
16.397395379161594
 10
67.83961979574573
 20
16.357969333524217
 10
67.85975349861955
 20
16.34061326972467
 10
67.90557798637236
 20
16.29543928230104
 10
67.924581779745
 20
16.273776815529175
 10
67.96357362834107
 20
16.222237785762566
 10
67.97884406165691
 20
16.198795367881893
 10
68.01100327109617
 20
16.140900838564377
 10
68.02217747181649
 20
16.11724449300784
 10
68.04750404209892
 20
16.053004006931516
 10
68.05473923402849
 20
16.03096895841486
 10
68.07390275106773
 20
15.958634594156948
 10
68.07782153194717
 20
15.940449099922184
 10
68.09149794351829
 20
15.858571943545705
 10
68.09342272219766
 20
15.843554664528249
 10
68.10162157109276
 20
15.752134716033261
 10
68.10234465085506
 20
15.739733812087863
 10
68.1050754798663
 20
15.638771071474409
 10
68.10475620924522
 20
15.620899646028889
 10
68.0935752378131
 20
15.442999734425356
 10
68.09206132104485
 20
15.428005327358584
 10
68.08941753330758
 20
15.413168394600575
 10
68.05588734273398
 20
15.259030035372163
 10
68.05097935573367
 20
15.240715546137224
 10
68.04435141872914
 20
15.222950994260081
 10
67.98849109459827
 20
15.092555101822498
 10
67.97840117900716
 20
15.072274452306637
 10
67.9660728649876
 20
15.05327119430028
 10
67.88790149288366
 20
14.946598683069261
 10
67.8765879956752
 20
14.932543452430771
 10
67.86404850862328
 20
14.919570172511548
 10
67.85038601736449
 20
14.907785391648474
 10
67.74476162280126
 20
14.82471856718766
 10
67.73072571045395
 20
14.814634540851813
 10
67.71586813905891
 20
14.80580578132372
 10
67.70030086817012
 20
14.798298817913789
 10
67.56235503670149
 20
14.739012631412294
 10
67.54368716722749
 20
14.732073785003962
 10
67.52441945803861
 20
14.727034705446187
 10
67.3541235612883
 20
14.691490985735541
 10
67.33966111194907
 20
14.689024633113227
 10
67.32505630726598
 20
14.68762999469567
 10
67.12238171685773
 20
14.67579057060734
 10
67.09926533813825
 20
14.675784494412696
 10
66.90636574778982
 20
14.686951151656707
 10
66.87773505284089
 20
14.690706076249036
 10
66.71494297162633
 20
14.72421240984243
 10
66.69610937118428
 20
14.729058482230712
 10
66.67783840727316
 20
14.735718872681872
 10
66.54514429240031
 20
14.791574425416698
 10
66.52996837449552
 20
14.798729539633733
 10
66.51544878840389
 20
14.807137022220012
 10
66.50168864993326
 20
14.816737164561687
 10
66.39908295861004
 20
14.89495147922998
 10
66.38530422812525
 20
14.906473484262605
 10
66.37261997676602
 20
14.919190393525483
 10
66.36113343999394
 20
14.932998705758628
 10
66.28314974280174
 20
15.035849328746338
 10
66.27074457923092
 20
15.054258504927695
 10
66.26046594516058
 20
15.073934264952229
 10
66.20164417454224
 20
15.203686018921921
 10
66.19506670243489
 20
15.22009595795889
 10
66.18997089216002
 20
15.237024689635028
 10
66.15031104811557
 20
15.393668031794547
 10
66.1454513899509
 20
15.420434437341328
 10
66.14458066384724
 20
15.428230368116417
 10
65.51261268979628
 20
15.432732366150745
 10
65.52387754120836
 20
15.311437856291619
 10
65.59854589245681
 20
15.041800672963923
 10
65.71373025337276
 20
14.82557056148893
 10
65.86857714551276
 20
14.65583036631601
  0
LWPOLYLINE
  5
83
330
17
100
AcDbEntity
  8
0
100
AcDbPolyline
 90
101
 70
1
 10
74.67856945074082
 20
14.100370874491631
 10
74.66845830414054
 20
14.083869102895953
 10
74.6567927476518
 20
14.068426999957026
 10
74.64368300986088
 20
14.054190479089137
 10
74.62925296551525
 20
14.04129406208476
 10
74.61363896502301
 20
14.029859608009609
 10
74.59698854606937
 20
14.019995161748575
 10
74.5794590395236
 20
14.011793933082693
 10
74.56121608280957
 20
14.00533341594403
 10
74.54243205478731
 20
14.000674656170517
 10
74.52328444693406
 20
13.997861674679989
 10
74.503954186216
 20
13.996921051513745
 10
73.44605297568425
 20
13.996921051513745
 10
73.42615169338508
 20
13.997918209978039
 10
73.40644976205267
 20
14.000899696843497
 10
73.38714453575703
 20
14.005835646582852
 10
73.3684293947773
 20
14.012676615831701
 10
73.3504918085133
 20
14.021354078662277
 10
73.33351145760618
 20
14.031781113007014
 10
73.31765843407912
 20
14.04385327135612
 10
73.30309153752701
 20
14.057449627007387
 10
73.28995668442239
 20
14.07243398538786
 10
73.27838544647123
 20
14.088656248313647
 10
73.2684937326607
 20
14.105953917522108
 10
73.26038062819954
 20
14.124153722415485
 10
73.25412740198253
 20
14.143073355710932
 10
73.2497966925208
 20
14.162523299610939
 10
73.2474318804923
 20
14.182308724201405
 10
73.24705665419798
 20
14.202231439061165
 10
73.24867477227626
 20
14.22209187853364
 10
73.25227002605281
 20
14.241691100774261
 10
74.45613778482875
 20
19.34909523236705
 10
74.46138683908178
 20
19.36739638075928
 10
74.46836000434566
 20
19.385112462979357
 10
74.47699351218772
 20
19.402081468411815
 10
74.48720841061949
 20
19.418148218333762
 10
74.49891128609947
 20
19.433165784998366
 10
74.5119951177844
 20
19.446996835264578
 10
74.52634025621687
 20
19.459514886485856
 10
74.5418155174999
 20
19.470605463172767
 10
74.55827938295148
 20
19.4801671438523
 10
74.57558129326962
 20
19.488112488550286
 10
74.5935630253717
 20
19.494368838415383
 10
74.61206013931847
 20
19.498878980172115
 10
74.63090348208966
 20
19.50160166932678
 10
74.6499207344602
 20
19.502512007341416
 10
76.30614228709781
 20
19.502512007341416
 10
76.32515953946834
 20
19.50160166932678
 10
76.34400288223954
 20
19.498878980172115
 10
76.36249999618632
 20
19.494368838415383
 10
76.38048172828839
 20
19.488112488550286
 10
76.39778363860653
 20
19.4801671438523
 10
76.41424750405811
 20
19.470605463172767
 10
76.42972276534114
 20
19.459514886485856
 10
76.44406790377361
 20
19.446996835264578
 10
76.45715173545854
 20
19.433165784998366
 10
76.46885461093852
 20
19.418148218333762
 10
76.47906950937029
 20
19.402081468411815
 10
76.48770301721235
 20
19.385112462979357
 10
76.49467618247623
 20
19.36739638075928
 10
76.49992523672925
 20
19.34909523236705
 10
77.70379299550514
 20
14.241691100774261
 10
77.70738824928169
 20
14.22209187853364
 10
77.70900636735998
 20
14.202231439061165
 10
77.70863114106565
 20
14.182308724201405
 10
77.70626632903715
 20
14.162523299610939
 10
77.70193561957542
 20
14.143073355710932
 10
77.69568239335844
 20
14.124153722415485
 10
77.68756928889725
 20
14.105953917522108
 10
77.67767757508672
 20
14.088656248313647
 10
77.66610633713556
 20
14.07243398538786
 10
77.65297148403094
 20
14.057449627007387
 10
77.63840458747883
 20
14.04385327135612
 10
77.6225515639518
 20
14.031781113007014
 10
77.60557121304466
 20
14.021354078662277
 10
77.58763362678066
 20
14.012676615831701
 10
77.56891848580092
 20
14.005835646582852
 10
77.54961325950528
 20
14.000899696843497
 10
77.52991132817287
 20
13.997918209978039
 10
77.5100100458737
 20
13.996921051513745
 10
76.43745110664797
 20
13.996921051513745
 10
76.41812084592992
 20
13.997861674679989
 10
76.39897323807666
 20
14.000674656170517
 10
76.38018921005441
 20
14.00533341594403
 10
76.36194625334038
 20
14.011793933082707
 10
76.34441674679461
 20
14.019995161748575
 10
76.32776632784099
 20
14.029859608009609
 10
76.31215232734876
 20
14.04129406208476
 10
76.2977222830031
 20
14.054190479089144
 10
76.2846125452122
 20
14.06842699995704
 10
76.27294698872343
 20
14.08386910289596
 10
76.26283584212315
 20
14.100370874491645
 10
76.2543746462796
 20
14.117776388453187
 10
76.24764335157126
 20
14.135921178970513
 10
76.24270556243057
 20
14.154633794762283
 10
76.02815558560862
 20
15.164348068120127
 10
74.91324970725539
 20
15.164348068120127
 10
74.6986997304334
 20
14.154633794762276
 10
74.69376194129269
 20
14.135921178970506
 10
74.68703064658435
 20
14.11777638845318
 10
74.67856945074082
 20
14.100370874491631
  0
LWPOLYLINE
  5
84
330
17
100
AcDbEntity
  8
0
100
AcDbPolyline
 90
37
 70
1
 10
74.55727034218766
 20
15.404822149106472
 10
74.56220813132838
 20
15.42353476489825
 10
74.56893942603672
 20
15.441679555415575
 10
74.57740062188024
 20
15.459085069377117
 10
74.58751176848052
 20
15.475586840972802
 10
74.59917732496926
 20
15.491028943911722
 10
74.61228706276019
 20
15.505265464779619
 10
74.62671710710582
 20
15.518161881783996
 10
74.64233110759805
 20
15.529596335859146
 10
74.6589815265517
 20
15.539460782120173
 10
74.67651103309747
 20
15.547662010786055
 10
74.6947539898115
 20
15.554122527924726
 10
74.71353801783373
 20
15.558781287698238
 10
74.73268562568701
 20
15.56159426918876
 10
74.75201588640506
 20
15.56253489235501
 10
76.18938940645897
 20
15.56253489235501
 10
76.20871966717702
 20
15.56159426918876
 10
76.2278672750303
 20
15.558781287698238
 10
76.24665130305253
 20
15.554122527924726
 10
76.26489425976656
 20
15.547662010786048
 10
76.28242376631233
 20
15.539460782120173
 10
76.29907418526598
 20
15.529596335859146
 10
76.31468818575821
 20
15.518161881783996
 10
76.32911823010384
 20
15.505265464779612
 10
76.34222796789477
 20
15.491028943911715
 10
76.35389352438351
 20
15.475586840972795
 10
76.36400467098379
 20
15.45908506937711
 10
76.37246586682734
 20
15.441679555415568
 10
76.37919716153569
 20
15.423534764898235
 10
76.38413495067637
 20
15.404822149106465
 10
76.59868492749835
 20
14.395107875748629
 10
77.25853227456248
 20
14.395107875748629
 10
76.14852125148145
 20
19.104325183106532
 10
74.80754177007655
 20
19.104325183106532
 10
73.69753074699547
 20
14.395107875748629
 10
74.34272036536568
 20
14.395107875748629
 10
74.55727034218766
 20
15.404822149106472
  0
LWPOLYLINE
  5
85
330
17
100
AcDbEntity
  8
0
100
AcDbPolyline
 90
69
 70
1
 10
74.72766409154086
 20
15.942949353781273
 10
74.71186411531626
 20
15.95487449629396
 10
74.69732644434991
 20
15.968309688719835
 10
74.68419479261375
 20
15.983122115777064
 10
74.67259897469997
 20
15.999165347357902
 10
74.66265362252271
 20
16.016280786081936
 10
74.6544570521098
 20
16.034299235130405
 10
74.64809029168738
 20
16.05304257086258
 10
74.64361628066503
 20
16.072325503679387
 10
74.64107924744057
 20
16.091957409727044
 10
74.64050427217454
 20
16.111744215333033
 10
74.64189703885715
 20
16.131490315545825
 10
74.64524377911839
 20
16.151000507812164
 10
75.19246565036075
 20
18.602505631881137
 10
75.19754956385448
 20
18.621028193096976
 10
75.20439470679348
 20
18.63897465426767
 10
75.21293736817778
 20
18.6561779791463
 10
75.22309803739621
 20
18.672478048208745
 10
75.23478214426935
 20
18.687723148962206
 10
75.24788093925922
 20
18.701771388005575
 10
75.26227250565294
 20
18.714492011698695
 10
75.27782289429943
 20
18.725766623148715
 10
75.29438737033804
 20
18.73549028418627
 10
75.31181176031448
 20
18.74357249207486
 10
75.32993388714674
 20
18.74993802186293
 10
75.34858507958397
 20
18.75452762653817
 10
75.36759174211035
 20
18.757298588467712
 10
75.38677697068083
 20
18.75822511699139
 10
75.54007238327178
 20
18.75822511699139
 10
75.55929794479682
 20
18.757294679550384
 10
75.57834380994639
 20
18.754512063786642
 10
75.59703196192085
 20
18.749903278093562
 10
75.61518772737342
 20
18.74351139960484
 10
75.63264140903728
 20
18.735396171563607
 10
75.64922987184197
 20
18.725633444917747
 10
75.66479806769506
 20
18.714314469360566
 10
75.67920048467674
 20
18.7015450404434
 10
75.69230250710224
 20
18.687444510731865
 10
75.70398167374005
 20
18.672144674248074
 10
75.71412882242548
 20
18.655788534625906
 10
75.72264911037139
 20
18.638528968492793
 10
75.7294629006392
 20
18.62052729657126
 10
75.73450650648498
 20
18.601951775855632
 10
76.27439951338015
 20
16.150446651786652
 10
76.27768695578168
 20
16.130958302546418
 10
76.27902600826725
 20
16.111240037610237
 10
76.2784034755319
 20
16.09148616491028
 10
76.2758254921442
 20
16.07189134326513
 10
76.27131746209493
 20
16.052648664170782
 10
76.26492380846089
 20
16.03394774903648
 10
76.25670753565045
 20
16.01597288061533
 10
76.24674960854493
 20
15.998901187043408
 10
76.23514815465357
 20
15.982900896381693
 10
76.22201749714439
 20
15.96812967886148
 10
76.20748702827971
 20
15.954733093168642
 10
76.19169993435752
 20
15.942843152077778
 10
76.17481178472353
 20
15.932577021570502
 10
76.15698899875817
 20
15.92403586625722
 10
76.13840720594494
 20
15.917303852479805
 10
76.11924951518058
 20
15.91244731891868
 10
76.09970471038143
 20
15.909514122877574
 10
76.07996539016695
 20
15.908533168687534
 10
74.8395550994385
 20
15.908533168687534
 10
74.81978441770217
 20
15.909517250150799
 10
74.80020918152282
 20
15.91245976627971
 10
74.78102290435588
 20
15.917331628461582
 10
74.76241525455357
 20
15.924084675291013
 10
74.74457018037468
 20
15.93265214867558
 10
74.72766409154086
 20
15.942949353781273
  0
LWPOLYLINE
  5
86
330
17
100
AcDbEntity
  8
0
100
AcDbPolyline
 90
4
 70
1
 10
75.08798967233851
 20
16.30671999292241
 10
75.83225485463198
 20
16.30671999292241
 10
75.46263102252674
 20
17.985079791644424
 10
75.08798967233851
 20
16.30671999292241
  0
LWPOLYLINE
  5
87
330
17
100
AcDbEntity
  8
0
100
AcDbPolyline
 90
81
 70
1
 10
71.20966898013903
 20
26.37555913803493
 10
71.20441940914624
 20
26.358235633616523
 10
71.19761812312065
 20
26.341460523800457
 10
71.18932134364579
 20
26.3253724769554
 10
71.17959765452754
 20
26.310104481969987
 10
71.16852743485863
 20
26.295782748924537
 10
71.02797690206826
 20
26.130100291078428
 10
71.01524043727021
 20
26.116440539034592
 10
71.00128004107579
 20
26.10403434302026
 10
70.98621856156159
 20
26.092990874530038
 10
70.97018853606843
 20
26.083407313389195
 10
70.76172422290993
 20
25.971701106358047
 10
70.74171784828134
 20
25.9623691706609
 10
70.72080131220734
 20
25.955309527022457
 10
70.69923177745362
 20
25.950608971720833
 10
70.4439517906024
 20
25.90964728685485
 10
70.42296291329802
 20
25.907412656677806
 10
70.40185541362311
 20
25.907412656677806
 10
70.38086653631873
 20
25.90964728685485
 10
70.12558654946751
 20
25.950608971720833
 10
70.10401701471379
 20
25.955309527022457
 10
70.08310047863979
 20
25.9623691706609
 10
70.0630941040112
 20
25.971701106358047
 10
69.8546297908527
 20
26.083407313389202
 10
69.83859976535955
 20
26.092990874530045
 10
69.82353828584534
 20
26.104034343020267
 10
69.80957788965092
 20
26.1164405390346
 10
69.79684142485287
 20
26.130100291078435
 10
69.6562908920625
 20
26.29578274892455
 10
69.64522067239359
 20
26.31010448197
 10
69.63549698327535
 20
26.32537247695541
 10
69.62720020380048
 20
26.341460523800464
 10
69.62039891777489
 20
26.35823563361653
 10
69.6151493467821
 20
26.375559138034937
 10
69.56361070103523
 20
26.578449575345793
 10
69.55969580549306
 20
26.597861197238913
 10
69.55772862715148
 20
26.61756570639291
 10
69.55772862715148
 20
26.63736816764468
 10
69.55969580549306
 20
26.657072676798677
 10
69.56361070103523
 20
26.676484298691797
 10
69.6151493467821
 20
26.87937473600266
 10
69.62039891777489
 20
26.896698240421067
 10
69.62720020380048
 20
26.913473350237133
 10
69.63549698327535
 20
26.92956139708219
 10
69.64522067239359
 20
26.944829392067604
 10
69.6562908920625
 20
26.959151125113053
 10
69.79684142485287
 20
27.124833582959162
 10
69.80957788965092
 20
27.138493335002998
 10
69.82353828584534
 20
27.15089953101733
 10
69.83859976535955
 20
27.161942999507552
 10
69.8546297908527
 20
27.171526560648395
 10
70.0630941040112
 20
27.283232767679543
 10
70.08310047863979
 20
27.29256470337669
 10
70.10401701471379
 20
27.299624347015133
 10
70.12558654946751
 20
27.304324902316758
 10
70.38086653631873
 20
27.34528658718274
 10
70.40185541362311
 20
27.347521217359784
 10
70.42296291329802
 20
27.347521217359784
 10
70.4439517906024
 20
27.34528658718274
 10
70.69923177745362
 20
27.304324902316758
 10
70.72080131220734
 20
27.299624347015133
 10
70.74171784828134
 20
27.29256470337669
 10
70.76172422290993
 20
27.283232767679543
 10
70.97018853606843
 20
27.17152656064839
 10
70.98621856156159
 20
27.161942999507545
 10
71.00128004107579
 20
27.150899531017323
 10
71.01524043727021
 20
27.13849333500299
 10
71.02797690206826
 20
27.124833582959155
 10
71.16852743485863
 20
26.95915112511304
 10
71.17959765452754
 20
26.94482939206759
 10
71.18932134364579
 20
26.929561397082182
 10
71.19761812312065
 20
26.913473350237126
 10
71.20441940914624
 20
26.89669824042106
 10
71.20966898013903
 20
26.879374736002653
 10
71.2612076258859
 20
26.676484298691797
 10
71.26512252142807
 20
26.657072676798677
 10
71.26708969976966
 20
26.63736816764468
 10
71.26708969976966
 20
26.61756570639291
 10
71.26512252142807
 20
26.597861197238913
 10
71.2612076258859
 20
26.578449575345793
 10
71.20966898013903
 20
26.37555913803493
  0
LWPOLYLINE
  5
88
330
17
100
AcDbEntity
  8
0
100
AcDbPolyline
 90
17
 70
1
 10
70.07602803950765
 20
26.838412064637517
 10
69.98973778488453
 20
26.736692197837364
 10
69.96199215971582
 20
26.627466937018795
 10
69.98973778488453
 20
26.518241676200248
 10
70.07602803950766
 20
26.416521809400074
 10
70.22168935269599
 20
26.33846877211559
 10
70.41240916346057
 20
26.307866276077412
 10
70.60312897422516
 20
26.33846877211559
 10
70.74879028741348
 20
26.416521809400074
 10
70.83508054203661
 20
26.518241676200226
 10
70.8628261672053
 20
26.627466937018795
 10
70.83508054203661
 20
26.736692197837343
 10
70.74879028741347
 20
26.838412064637517
 10
70.60312897422514
 20
26.916465101922
 10
70.41240916346057
 20
26.947067597960178
 10
70.22168935269596
 20
26.916465101922
 10
70.07602803950765
 20
26.838412064637517
  0
LWPOLYLINE
  5
89
330
17
100
AcDbEntity
  8
0
100
AcDbPolyline
 90
69
 70
1
 10
83.86029373490145
 20
34.443649077849614
 10
83.87033832645422
 20
34.46040746641664
 10
83.88197715987705
 20
34.47610061662242
 10
83.89509814684168
 20
34.4905773948517
 10
83.90957492507097
 20
34.503698381816335
 10
83.92526807527675
 20
34.51533721523917
 10
83.94202646384379
 20
34.52538180679193
 10
83.95968869832912
 20
34.53373542156703
 10
83.97808468175948
 20
34.540317609687634
 10
83.9970372507582
 20
34.54506498108394
 10
84.0163638817253
 20
34.54793181597422
 10
84.03587844863948
 20
34.54889050517133
 10
87.04096856848314
 20
34.54889050517133
 10
87.06048313539735
 20
34.54793181597422
 10
87.07980976636442
 20
34.54506498108394
 10
87.09876233536313
 20
34.540317609687634
 10
87.1171583187935
 20
34.53373542156703
 10
87.13482055327883
 20
34.52538180679193
 10
87.1515789418459
 20
34.51533721523917
 10
87.16727209205165
 20
34.503698381816335
 10
87.18174887028094
 20
34.4905773948517
 10
87.19486985724556
 20
34.47610061662242
 10
87.2065086906684
 20
34.46040746641664
 10
87.21655328222117
 20
34.443649077849614
 10
87.22490689699627
 20
34.42598684336427
 10
87.23148908511688
 20
34.40759085993389
 10
87.23623645651317
 20
34.38863829093518
 10
87.23910329140345
 20
34.36931165996809
 10
87.24006198060057
 20
34.349797093053894
 10
87.24006198060057
 20
33.7753067182164
 10
87.23910329140345
 20
33.7557921513022
 10
87.23623645651317
 20
33.73646552033513
 10
87.23148908511688
 20
33.7175129513364
 10
87.22490689699627
 20
33.69911696790602
 10
87.21655328222117
 20
33.68145473342069
 10
87.2065086906684
 20
33.66469634485365
 10
87.19486985724556
 20
33.649003194647875
 10
87.18174887028094
 20
33.634526416418595
 10
87.16727209205165
 20
33.62140542945397
 10
87.1515789418459
 20
33.60976659603112
 10
87.13482055327883
 20
33.599722004478366
 10
87.1171583187935
 20
33.59136838970326
 10
87.09876233536313
 20
33.58478620158267
 10
87.07980976636442
 20
33.58003883018637
 10
87.06048313539735
 20
33.577171995296084
 10
87.04096856848314
 20
33.576213306098964
 10
84.03587844863948
 20
33.576213306098964
 10
84.0163638817253
 20
33.577171995296084
 10
83.9970372507582
 20
33.58003883018637
 10
83.97808468175948
 20
33.58478620158267
 10
83.95968869832912
 20
33.59136838970326
 10
83.94202646384379
 20
33.599722004478366
 10
83.92526807527675
 20
33.60976659603112
 10
83.90957492507097
 20
33.62140542945397
 10
83.89509814684168
 20
33.634526416418595
 10
83.88197715987705
 20
33.649003194647875
 10
83.87033832645422
 20
33.66469634485365
 10
83.86029373490145
 20
33.68145473342069
 10
83.85194012012637
 20
33.69911696790602
 10
83.84535793200577
 20
33.7175129513364
 10
83.84061056060945
 20
33.73646552033513
 10
83.83774372571916
 20
33.7557921513022
 10
83.83678503652204
 20
33.7753067182164
 10
83.83678503652204
 20
34.349797093053894
 10
83.83774372571916
 20
34.36931165996809
 10
83.84061056060945
 20
34.38863829093518
 10
83.84535793200577
 20
34.40759085993389
 10
83.85194012012637
 20
34.42598684336427
 10
83.86029373490145
 20
34.443649077849614
  0
LWPOLYLINE
  5
8A
330
17
100
AcDbEntity
  8
0
100
AcDbPolyline
 90
5
 70
1
 10
86.8418751563657
 20
34.15070368093646
 10
84.23497186075694
 20
34.15070368093646
 10
84.23497186075694
 20
33.97440013033385
 10
86.8418751563657
 20
33.97440013033385
 10
86.8418751563657
 20
34.15070368093646
  0
LWPOLYLINE
  5
8B
330
17
100
AcDbEntity
  8
0
100
AcDbPolyline
 90
105
 70
1
 10
73.15269747162172
 20
34.268476246646514
 10
73.00018617215987
 20
34.266571992518266
 10
72.99469664678925
 20
34.266579136678246
 10
72.83156155808682
 20
34.26904073347818
 10
72.82490073284963
 20
34.2692527879464
 10
72.67285663635629
 20
34.276642233448214
 10
72.66517967243387
 20
34.27716420918044
 10
72.52422656814967
 20
34.289488486037214
 10
72.51532822806361
 20
34.29046854769241
 10
72.38546611598854
 20
34.30773463855721
 10
72.37124650144499
 20
34.31015230998058
 10
72.25239412888887
 20
34.33482011888893
 10
72.2320930216771
 20
34.34016394521808
 10
72.12433164133013
 20
34.374698877689795
 10
72.1019925403579
 20
34.38337247790365
 10
72.00532215222005
 20
34.42777453393869
 10
71.98180001091553
 20
34.440559394802634
 10
71.89622061498683
 20
34.494828574401026
 10
71.88399445293045
 20
34.5032363892809
 10
71.87242843287105
 20
34.512531418579854
 10
71.79753207293625
 20
34.57746057025747
 10
71.78611681170578
 20
34.58817107669806
 10
71.77557826765089
 20
34.59974528191381
 10
71.71127522719785
 20
34.67620088943697
 10
71.70203990993805
 20
34.68806340556674
 10
71.69372602757507
 20
34.700588968782554
 10
71.64000615001756
 20
34.78855960599171
 10
71.62727171364149
 20
34.813095705415904
 10
71.58412484239325
 20
34.91256994615148
 10
71.57569768874124
 20
34.935874318523545
 10
71.54248734439587
 20
35.04935290476175
 10
71.53771460768162
 20
35.06949086325376
 10
71.51398035832811
 20
35.19939709300046
 10
71.51167533970464
 20
35.215887207127125
 10
71.49742734192925
 20
35.36223060218191
 10
71.49657515300929
 20
35.375714368838004
 10
71.49182356339831
 20
35.53850445100052
 10
71.49195655291105
 20
35.55362212816688
 10
71.49985837703075
 20
35.7224365471576
 10
71.50218344585578
 20
35.74484590433218
 10
71.52588891821487
 20
35.891743044934344
 10
71.53260634096391
 20
35.92003770005748
 10
71.57211546156238
 20
36.0450131187646
 10
71.57852555150312
 20
36.062422134980395
 10
71.5865282333972
 20
36.07915892622461
 10
71.64184100223507
 20
36.18220817953019
 10
71.64941957848056
 20
36.19513495307254
 10
71.65794891924214
 20
36.20745512508013
 10
71.72490621424096
 20
36.29679034197403
 10
71.73520665671053
 20
36.309421002684275
 10
71.80950716358406
 20
36.39327420213783
 10
71.82066437350367
 20
36.40488405534576
 10
71.90233856201074
 20
36.48326539394522
 10
71.91408122736895
 20
36.49367732220472
 10
72.00315956726844
 20
36.566596956536344
 10
72.01692644031935
 20
36.576906466365
 10
72.03153172646502
 20
36.585989329520984
 10
72.23390509346534
 20
36.700027480184104
 10
72.25108896468099
 20
36.70864535718967
 10
72.26902387381482
 20
36.71556578119393
 10
72.28754261080466
 20
36.720724231963246
 10
72.30647252246665
 20
36.724072616425715
 10
72.3256371221688
 20
36.72557971705078
 10
72.34485773524464
 20
36.72523148289524
 10
72.36395516480589
 20
36.7230311606025
 10
72.38275136242409
 20
36.71899926413366
 10
72.40107108810504
 20
36.7131733835124
 10
72.41874354407953
 20
36.70560783436717
 10
72.43560396717861
 20
36.696373151537856
 10
72.45149516494736
 20
36.68555543146789
 10
72.46626898117565
 20
36.67325552951331
 10
72.47978767718222
 20
36.6595881196519
 10
74.14915128109452
 20
34.800316665623896
 10
74.16174139903997
 20
34.7847924926883
 10
74.17271150137744
 20
34.76808417530084
 10
74.18195102107346
 20
34.75036011563603
 10
74.18936683353787
 20
34.73179895347664
 10
74.19488419522138
 20
34.712587765713565
 10
74.19844749695137
 20
34.69292018080856
 10
74.20002082441376
 20
34.67299442722404
 10
74.19958832013101
 20
34.653011335489765
 10
74.19715434328914
 20
34.63317231404345
 10
74.19274342580134
 20
34.61367731924656
 10
74.18640002505249
 20
34.594722840035715
 10
74.17818807581564
 20
34.57649991752187
 10
74.16819034585704
 20
34.559192219497874
 10
74.15650760172464
 20
34.542974189261386
 10
74.14325759312781
 20
34.52800928741077
 10
74.12857386614469
 20
34.514448344335136
 10
74.11260441721903
 20
34.502428040003494
 10
74.01904194448043
 20
34.43910119560809
 10
74.00652018896646
 20
34.431286645009706
 10
73.99345389778013
 20
34.42442125377241
 10
73.88989734414979
 20
34.37481786179053
 10
73.86389256319511
 20
34.364538933070335
 10
73.75034192867305
 20
34.328648202129074
 10
73.72553346847836
 20
34.32252655068936
 10
73.60198875306456
 20
34.3003376894158
 10
73.5869572950986
 20
34.29822590374252
 10
73.45492167356132
 20
34.28478503718246
 10
73.44845177113366
 20
34.284232857336036
 10
73.30959092362151
 20
34.274659745785726
 10
73.30371907555333
 20
34.274341987392916
 10
73.15803300206635
 20
34.26861441331987
 10
73.15269747162172
 20
34.268476246646514
  0
LWPOLYLINE
  5
8C
330
17
100
AcDbEntity
  8
0
100
AcDbPolyline
 90
33
 70
1
 10
72.10218757814415
 20
36.12317080323278
 10
72.03863967549502
 20
36.05145265244329
 10
71.98557996450513
 20
35.98065975691645
 10
71.94617148930384
 20
35.9072406526349
 10
71.91666740243498
 20
35.81391319927343
 10
71.89708216017586
 20
35.692548138823
 10
71.89006157973863
 20
35.5425605929685
 10
71.89439525751088
 20
35.39408822511463
 10
71.90718083850648
 20
35.26276553962964
 10
71.92755518074306
 20
35.15124931073619
 10
71.95436812044859
 20
35.05963043262305
 10
71.98706137445699
 20
34.984256795425864
 10
72.02570842315207
 20
34.92096913256181
 10
72.07021528526273
 20
34.86805096325524
 10
72.12202163650583
 20
34.82313900170391
 10
72.1837135789833
 20
34.78401777316812
 10
72.25728404974508
 20
34.75022583100035
 10
72.34360491380171
 20
34.72256206869983
 10
72.44509968131412
 20
34.70149683056995
 10
72.56337001897522
 20
34.68577194850822
 10
72.69602949581171
 20
34.67417282744941
 10
72.8409014281301
 20
34.66713195395744
 10
72.99795961602025
 20
34.664762053430294
 10
73.14505741224342
 20
34.66659871462656
 10
73.28513837596388
 20
34.67210592665259
 10
73.41782619188943
 20
34.68125346741719
 10
73.53907535572954
 20
34.69359630196986
 10
73.64254356645888
 20
34.71217938556357
 10
73.68196341980477
 20
34.72463909004814
 10
72.29022101576247
 20
36.27470698246643
 10
72.24203780734392
 20
36.2475555639645
 10
72.17238224085834
 20
36.19053543490705
 10
72.10218757814415
 20
36.12317080323278
  0
LWPOLYLINE
  5
8D
330
17
100
AcDbEntity
  8
0
100
AcDbPolyline
 90
332
 70
1
 10
71.18775630345226
 20
37.469312434827486
 10
71.14060604444842
 20
37.531265177738504
 10
71.13769930479366
 20
37.53518315967031
 10
71.0952820149926
 20
37.59384580341579
 10
71.09008170068815
 20
37.60139815804918
 10
71.05240076561867
 20
37.65891374233257
 10
71.04534592135215
 20
37.67052845053051
 10
71.01241826865801
 20
37.7291593549439
 10
71.00592510197171
 20
37.74175038145519
 10
70.97775073165292
 20
37.80151247566464
 10
70.97200629207411
 20
37.81495601014794
 10
70.94858520413064
 20
37.8758651638195
 10
70.94440112974522
 20
37.887878707854696
 10
70.9248615505221
 20
37.95033885688821
 10
70.92186297731604
 20
37.96094613558853
 10
70.90550240959608
 20
38.02560835948317
 10
70.90317351121662
 20
38.0359670767904
 10
70.89000211158609
 20
38.10283708862593
 10
70.88829116991498
 20
38.11286932260896
 10
70.87831909496018
 20
38.18195283546517
 10
70.87727663170007
 20
38.19046854977759
 10
70.86983693225575
 20
38.264421722560186
 10
70.86925141653946
 20
38.27151181136823
 10
70.8639750699711
 20
38.353166850478274
 10
70.86368376682138
 20
38.3590063179779
 10
70.86054030337019
 20
38.44837401478833
 10
70.86042869776212
 20
38.453238059995826
 10
70.85938764766922
 20
38.550329205879535
 10
70.85954466990907
 20
38.56065240816639
 10
70.86927975785088
 20
38.7971470383434
 10
70.87101816789712
 20
38.81644768477443
 10
70.90024374489508
 20
39.02608957042128
 10
70.90505955070316
 20
39.04990034779239
 10
70.95380608651611
 20
39.23269583677552
 10
70.9582618775965
 20
39.24716941652828
 10
70.9638049067612
 20
39.26126244362294
 10
71.03210287114796
 20
39.417217883808775
 10
71.04561132187526
 20
39.44281843345003
 10
71.12912554526194
 20
39.576533065655426
 10
71.14356160375355
 20
39.596725637320915
 10
71.2381261930043
 20
39.71293920180619
 10
71.25665410203095
 20
39.73277695796314
 10
71.36230968349084
 20
39.831462793689354
 10
71.38461952540348
 20
39.84947549749589
 10
71.5014067254176
 20
39.93060694342408
 10
71.52296900448046
 20
39.9436446339775
 10
71.64913411915246
 20
40.009409482269305
 10
71.66844575045958
 20
40.01820078414933
 10
71.80253300242386
 20
40.07080840971226
 10
71.82195124599822
 20
40.07729615030628
 10
71.96396063525471
 20
40.11675226622013
 10
71.98284659156785
 20
40.12102235365266
 10
72.1327781181166
 20
40.147332672997194
 10
72.14486873247164
 20
40.14907389924838
 10
72.29795387905786
 20
40.16634559739518
 10
72.30410656318118
 20
40.16694319313616
 10
72.45559712572266
 20
40.179286407794436
 10
72.46193778285486
 20
40.179701298809704
 10
72.61186423111046
 20
40.18711095168629
 10
72.618377003442
 20
40.18732605566788
 10
72.76676980717052
 20
40.18979706846966
 10
72.77341370523713
 20
40.18979683025282
 10
72.92117002955926
 20
40.187325817451026
 10
72.92777504380142
 20
40.18710565881739
 10
73.07608998036851
 20
40.1796960059408
 10
73.08260752930677
 20
40.17926311234345
 10
73.23147092153256
 20
40.16691989768516
 10
73.23788334125474
 20
40.16628356231301
 10
73.38728503255295
 20
40.14901186416621
 10
73.39968935904734
 20
40.147180378734404
 10
73.54586464143976
 20
40.12087005938986
 10
73.56483236645026
 20
40.11648900006682
 10
73.7041925794541
 20
40.077032884152956
 10
73.7233987893939
 20
40.07052169369
 10
73.85595408959544
 20
40.017914068127055
 10
73.87477168683064
 20
40.0092880644207
 10
74.00053223081618
 20
39.94352321612891
 10
74.02193305773754
 20
39.93055752402306
 10
74.13861192083142
 20
39.84942607809488
 10
74.16086926428169
 20
39.83144541205628
 10
74.2664977615115
 20
39.73275957633007
 10
74.28499825413387
 20
39.71295002740227
 10
74.37957638549965
 20
39.59673646291698
 10
74.3940135695499
 20
39.57654536752692
 10
74.47754133505164
 20
39.44283073532152
 10
74.49107710573499
 20
39.417173030968414
 10
74.55932936548349
 20
39.26121759078258
 10
74.56485999238602
 20
39.24714874626339
 10
74.56930721916889
 20
39.23270082620613
 10
74.61805883327499
 20
39.049905337222995
 10
74.62287270238475
 20
39.02611299743404
 10
74.65212367084841
 20
38.816471111787195
 10
74.65386482118494
 20
38.79715983127208
 10
74.66361514400616
 20
38.56066520109508
 10
74.6637462080022
 20
38.54857778408636
 10
74.66110718833583
 20
38.41339933388451
 10
74.66074577264972
 20
38.404681647651486
 10
74.65283548470812
 20
38.27997844661603
 10
74.65192492194085
 20
38.269781487392066
 10
74.6387535223103
 20
38.15552687448401
 10
74.63700188494671
 20
38.14354692540188
 10
74.61857953021352
 20
38.03971423958227
 10
74.61562515453242
 20
38.02592258509348
 10
74.59163021946459
 20
37.93054144862556
 10
74.5873307134341
 20
37.91585983144434
 10
74.55757699394998
 20
37.827061432454016
 10
74.55155018643153
 20
37.81132046015438
 10
74.51600721277232
 20
37.7290933724821
 10
74.50795214969607
 20
37.7125924358084
 10
74.46658945210295
 20
37.63692523329462
 10
74.45729533733551
 20
37.62160425791798
 10
74.41065290764529
 20
37.551987101091385
 10
74.40064740558476
 20
37.53834461877361
 10
74.34927200669175
 20
37.47419868801447
 10
74.3377165174637
 20
37.461006422906735
 10
74.2815878361953
 20
37.40235393574751
 10
74.26863763485206
 20
37.3899862156575
 10
74.20773535803578
 20
37.336849389630686
 10
74.19667217686005
 20
37.32787329896334
 10
74.13081687147177
 20
37.27824112998702
 10
74.12230673960578
 20
37.27217104880225
 10
74.051170009356
 20
37.224197577321505
 10
74.04302659270651
 20
37.21898884536081
 10
73.96660843759521
 20
37.17268486274854
 10
73.95887003222411
 20
37.168230055083356
 10
73.87717045225138
 20
37.12360635271247
 10
73.86742563169578
 20
37.11862650752509
 10
73.49778812052561
 20
36.9423716586719
 10
74.37145711119724
 20
35.94567887712908
 10
74.37523427619512
 20
36.03948560952763
 10
74.37523427619512
 20
36.509053479214614
 10
74.37619296539224
 20
36.528568046128825
 10
74.37905980028252
 20
36.5478946770959
 10
74.38380717167884
 20
36.566847246094625
 10
74.39038935979944
 20
36.585243229525005
 10
74.39874297457452
 20
36.602905464010334
 10
74.40878756612729
 20
36.619663852577375
 10
74.42042639955015
 20
36.63535700278315
 10
74.43354738651477
 20
36.64983378101243
 10
74.44802416474404
 20
36.662954767977055
 10
74.46371731494982
 20
36.674593601399906
 10
74.48047570351686
 20
36.68463819295266
 10
74.49813793800219
 20
36.692991807727765
 10
74.51653392143258
 20
36.699573995848354
 10
74.5354864904313
 20
36.70432136724466
 10
74.55481312139837
 20
36.707188202134944
 10
74.57432768831258
 20
36.70814689133206
 10
75.48489950289387
 20
36.70814689133206
 10
75.50384396548974
 20
36.707243524589046
 10
75.5226165108203
 20
36.70454162223521
 10
75.54104678173566
 20
36.700065703502034
 10
75.55896752715863
 20
36.6938563864701
 10
75.57621611985563
 20
36.685970019468
 10
75.59263603224652
 20
36.67647816972236
 10
75.60807825686173
 20
36.665466973899356
 10
75.62240265855554
 20
36.653036356431485
 10
75.63547924620507
 20
36.63929912272296
 10
75.64718935235395
 20
36.62437993546291
 10
75.65742671009623
 20
36.608414183336095
 10
75.66609841742756
 20
36.59154675239721
 10
75.67312578031253
 20
36.57393071125847
 10
75.67844502681767
 20
36.55572592202222
 10
75.68200788582898
 20
36.53709758956373
 10
75.68378202510296
 20
36.51821476232958
 10
75.68375134467531
 20
36.499248798256275
 10
75.63315800292521
 20
35.473149200358634
 10
75.63311402807092
 20
35.47229466950549
 10
75.62651393975842
 20
35.349194622134405
 10
75.6258353390085
 20
35.34028394297424
 10
75.61449212490693
 20
35.22544310460229
 10
75.6132302669432
 20
35.2153244400033
 10
75.59715408363884
 20
35.10872186267132
 10
75.59507497467634
 20
35.09723147673691
 10
75.57427597875547
 20
34.9988462124857
 10
75.57156341062311
 20
34.98763144956156
 10
75.54651219058299
 20
34.89579348053377
 10
75.54348354318257
 20
34.88574211401091
 10
75.51478610867075
 20
34.79886309823047
 10
75.51089958220432
 20
34.7881388122988
 10
75.49205272683899
 20
34.74044542820313
 10
76.02829726094858
 20
34.15248178948954
 10
76.04005205472505
 20
34.13833216763811
 10
76.05045071092862
 20
34.12315801446812
 10
76.0594044573396
 20
34.10708887010777
 10
76.06683685677929
 20
34.09026191512967
 10
76.07268445964591
 20
34.07282079945492
 10
76.07689734557705
 20
34.054914416028964
 10
76.07943954961458
 20
34.0366956297385
 10
76.0802893692336
 20
34.01831997242016
 10
76.0802893692336
 20
33.781563175360006
 10
76.07933068003648
 20
33.76204860844581
 10
76.0764638451462
 20
33.74272197747874
 10
76.07171647374987
 20
33.72376940848001
 10
76.06513428562927
 20
33.70537342504963
 10
76.0567806708542
 20
33.6877111905643
 10
76.04673607930143
 20
33.67095280199726
 10
76.03509724587859
 20
33.65525965179148
 10
76.02197625891397
 20
33.6407828735622
 10
76.00749948068467
 20
33.62766188659758
 10
75.99180633047892
 20
33.61602305317473
 10
75.97504794191185
 20
33.60597846162197
 10
75.95738570742652
 20
33.59762484684687
 10
75.93898972399616
 20
33.59104265872628
 10
75.92003715499744
 20
33.586295287329975
 10
75.90071052403034
 20
33.58342845243969
 10
75.88119595711616
 20
33.58246976324257
 10
74.81884411728463
 20
33.58246976324257
 10
74.80018031872099
 20
33.58334650257051
 10
74.78168089813484
 20
33.585968998833735
 10
74.7635087857749
 20
33.59031415487814
 10
74.74582402918271
 20
33.59634370154002
 10
74.72878238360344
 20
33.604004534694724
 10
74.7125339402002
 20
33.61322918296143
 10
74.69722180415356
 20
33.62393640194503
 10
74.68298083428913
 20
33.63603188978111
 10
74.669936455333
 20
33.64940911768237
 10
74.57460586744496
 20
33.756825077542715
 10
74.52454362516168
 20
33.73130609252607
 10
74.51220002084149
 20
33.72553730004458
 10
74.41707174105265
 20
33.68498490759997
 10
74.40433849924766
 20
33.68006553914853
 10
74.30664060313195
 20
33.64612191043385
 10
74.29641966212235
 20
33.642876545881876
 10
74.19651778678558
 20
33.61409330937562
 10
74.18888966916309
 20
33.61205843285124
 10
74.08743383612669
 20
33.58713787306158
 10
74.07986333110388
 20
33.58543405217527
 10
73.97684338378157
 20
33.56434887327663
 10
73.96936932889959
 20
33.5629672434668
 10
73.86477511070511
 20
33.54569014963353
 10
73.85792255466818
 20
33.54468035188599
 10
73.75227374426579
 20
33.53098504168024
 10
73.74610541503053
 20
33.530283039294986
 10
73.63992846214201
 20
33.51987338474828
 10
73.63378381774454
 20
33.51936688343271
 10
73.5270787223699
 20
33.51223272795876
 10
73.52097558171478
 20
33.511918682322275
 10
73.41374234385394
 20
33.5080498693348
 10
73.41010443544492
 20
33.50795190145024
 10
73.30339934007024
 20
33.50605410098619
 10
73.30246479435975
 20
33.50603967390117
 10
73.19734412644353
 20
33.50466366805685
 10
73.19634906435688
 20
33.50465313005358
 10
73.09281282389908
 20
33.50381542328168
 10
73.09175447798113
 20
33.503809673421884
 10
72.98980266498178
 20
33.5035267701751
 10
72.98834271779829
 20
33.5035280719119
 10
72.86421230590948
 20
33.50409387840547
 10
72.86251012021218
 20
33.5041089144612
 10
72.73470302409287
 20
33.50578432800499
 10
72.73314585918187
 20
33.505810832559234
 10
72.60168239200458
 20
33.50856284424788
 10
72.6002579397814
 20
33.508597763186586
 10
72.46515841471869
 20
33.5123933641147
 10
72.45995150927091
 20
33.51260788212548
 10
72.323424983837
 20
33.52002356547517
 10
72.31456076322699
 20
33.520703826786104
 10
72.17912099252418
 20
33.53414553972836
 10
72.17025604042944
 20
33.53522662367696
 10
72.03589286787145
 20
33.55467976611902
 10
72.02708234272178
 20
33.556157880507314
 10
71.89378561172235
 20
33.5816078523564
 10
71.88427049663999
 20
33.583666867472544
 10
71.75307110070578
 20
33.61543444757842
 10
71.7428029157666
 20
33.61821309557355
 10
71.61475206157674
 20
33.65656404794366
 10
71.60445460151372
 20
33.65995627040256
 10
71.47957260224074
 20
33.70490011683657
 10
71.46933878030372
 20
33.70890552789291
 10
71.34764594912019
 20
33.7604517901904
 10
71.3331187389143
 20
33.7673090129818
 10
71.21664131478148
 20
33.82815193724704
 10
71.19819561941749
 20
33.839090233272785
 10
71.08910203350449
 20
33.911998547242646
 10
71.07208796728946
 20
33.92473348989965
 10
70.97036806301001
 20
34.00970655878747
 10
70.95526933260612
 20
34.02370690031009
 10
70.86091295337395
 20
34.120744089329236
 10
70.84731431892911
 20
34.13626283658289
 10
70.76112722058846
 20
34.245563997727814
 10
70.74924842311367
 20
34.26234266621735
 10
70.67204990362383
 20
34.38427989025804
 10
70.662675918094
 20
34.40077660762391
 10
70.59447613404123
 20
34.53534862498711
 10
70.58734600672926
 20
34.551074069520325
 10
70.52815511469986
 20
34.69827961063271
 10
70.52195654134502
 20
34.7160890109667
 10
70.47397513503124
 20
34.8783203750865
 10
70.46931899707015
 20
34.89751924354536
 10
70.43505913880998
 20
35.077312614902894
 10
70.4326107831121
 20
35.09396015909209
 10
70.41206231631925
 20
35.29130157238124
 10
70.41109270413132
 20
35.30557988799299
 10
70.40424547221956
 20
35.52045537790762
 10
70.40420893009421
 20
35.531862543613045
 10
70.40841544957526
 20
35.69712279219516
 10
70.40901898544658
 20
35.708352216737055
 10
70.42164531494717
 20
35.86209933999311
 10
70.42312376069862
 20
35.874959974893756
 10
70.44418005680507
 20
36.0171933380371
 10
70.4469165179602
 20
36.031860344664466
 10
70.47641293725874
 20
36.16257931290848
 10
70.48019254236466
 20
36.17684455788573
 10
70.51706602882551
 20
36.29772676652742
 10
70.52160519774176
 20
36.310929704229
 10
70.56480623745014
 20
36.423576190977315
 10
70.57083529589038
 20
36.43765235395762
 10
70.62039435860507
 20
36.54206946667895
 10
70.62815548658381
 20
36.556798170730104
 10
70.68410304206368
 20
36.65299225729089
 10
70.69264780779325
 20
36.6664186167159
 10
70.75427797329233
 20
36.75521183161531
 10
70.76341664034068
 20
36.76736042484083
 10
70.83032823070127
 20
36.8495778849157
 10
70.84072513231541
 20
36.86136975753331
 10
70.91291814753748
 20
36.93700701927716
 10
70.92446920154676
 20
36.94817054087906
 10
71.00194364163033
 20
37.01722316078536
 10
71.01141477528544
 20
37.02515150352835
 10
71.09305172297623
 20
37.08929045163441
 10
71.10002546941772
 20
37.09452656456655
 10
71.18486174178418
 20
37.15536525692083
 10
71.19193432094187
 20
37.16021009446746
 10
71.27995976139778
 20
37.217764400736016
 10
71.28708295636537
 20
37.222210254760256
 10
71.35748651596957
 20
37.26411514820779
 10
71.30394314567226
 20
37.32625212356858
 10
71.30141296873626
 20
37.32924753721167
 10
71.24473583180918
 20
37.39770239969677
 10
71.24230909587051
 20
37.400691803526
 10
71.19040555449132
 20
37.4659086193502
 10
71.18775630345226
 20
37.469312434827486
  0
LWPOLYLINE
  5
8E
330
17
100
AcDbEntity
  8
0
100
AcDbPolyline
 90
232
 70
1
 10
74.77342110043001
 20
36.30996006709718
 10
74.77342110043001
 20
36.0354789455767
 10
74.7732599011526
 20
36.02746886173645
 10
74.76745371933374
 20
35.88327104553163
 10
74.76596419229271
 20
35.86569651342741
 10
74.74855918895109
 20
35.73137788173213
 10
74.74501914751393
 20
35.71179667809989
 10
74.71603563582214
 20
35.587366752713805
 10
74.70981499956669
 20
35.5660972610343
 10
74.66927329269721
 20
35.451565563757015
 10
74.66177722170023
 20
35.43331784946167
 10
74.65251207408149
 20
35.415901558323796
 10
74.64156881563063
 20
35.399487684561834
 10
74.6290548879327
 20
35.384237380598705
 10
74.61509315350018
 20
35.370300374857436
 10
74.59982068950107
 20
35.35781350171831
 10
74.58338744192706
 20
35.3468993580704
 10
74.56595475341432
 20
35.337665099647865
 10
74.54769377917175
 20
35.33020138896829
 10
74.52878380656848
 20
35.32458150520257
 10
74.50941049487953
 20
35.32086062471545
 10
74.48976405247159
 20
35.31907527934055
 10
74.47003736932551
 20
35.3192429977087
 10
74.45042412323072
 20
35.3213621331506
 10
74.43111687824462
 20
35.32541187986408
 10
74.41230519408695
 20
35.331352477186584
 10
74.39417376503069
 20
35.33912559996796
 10
74.37690060656239
 20
35.34865493121026
 10
74.36065530761515
 20
35.35984691135279
 10
74.34559736553398
 20
35.3725916568456
 10
74.3318746201211
 20
35.38676403899291
 10
73.02500635131751
 20
36.87765610893186
 10
73.01298440398968
 20
36.892794675359724
 10
73.00248730620429
 20
36.90902780041708
 10
72.99361402316559
 20
36.926202440417924
 10
72.98644821097419
 20
36.94415667520201
 10
72.98105742792877
 20
36.96272123469586
 10
72.9774924975956
 20
36.98172109476809
 10
72.97578702965104
 20
37.00097712733282
 10
72.97595710301393
 20
37.02030778914495
 10
72.97800111425575
 20
37.039530833365035
 10
72.98189979271778
 20
37.05846502775755
 10
72.98761638219186
 20
37.076931863323736
 10
72.99509698745324
 20
37.09475723726
 10
73.00427108237717
 20
37.111773094375366
 10
73.01505217484966
 20
37.12781901149292
 10
73.02733862220332
 20
37.14274370989757
 10
73.04101458949053
 20
37.15640648157111
 10
73.0559511415595
 20
37.16867851576819
 10
73.07200745863734
 20
37.179444113426484
 10
73.08903216395952
 20
37.18860177796158
 10
73.69110306048312
 20
37.47568821172135
 10
73.76407952420537
 20
37.515547412935206
 10
73.83254348422311
 20
37.557031717412514
 10
73.89533698193755
 20
37.59937864650527
 10
73.95132465507281
 20
37.64157402677505
 10
74.00010253780728
 20
37.68413240068671
 10
74.04396595640016
 20
37.72996812206195
 10
74.08456157405196
 20
37.78065471010068
 10
74.12149918484299
 20
37.83578673174533
 10
74.15415151985256
 20
37.895519558410044
 10
74.1827009695494
 20
37.9615674396517
 10
74.20734274940422
 20
38.03510952572756
 10
74.22774856694535
 20
38.11622373012645
 10
74.24388011563694
 20
38.20714489907235
 10
74.25577150434064
 20
38.31029612456015
 10
74.26308139518387
 20
38.4255342542087
 10
74.26551721498309
 20
38.550304201787725
 10
74.25641582082066
 20
38.771059030731095
 10
74.23018652855383
 20
38.959044542965856
 10
74.18847238083426
 20
39.11545286235649
 10
74.13212478507025
 20
39.244206315109125
 10
74.06289006276155
 20
39.355040064506596
 10
73.98473551967969
 20
39.45107302583817
 10
73.89951403922957
 20
39.53069314011232
 10
73.80490377199307
 20
39.59647941516688
 10
73.69943610621256
 20
39.65163236552742
 10
73.58595120772087
 20
39.69667146270287
 10
73.46573676522404
 20
39.73070696591742
 10
73.33532587961737
 20
39.75417982665118
 10
73.19535626262127
 20
39.770361122548664
 10
73.05295945325453
 20
39.78216815151923
 10
72.91120752214623
 20
39.78924992378312
 10
72.77007747922228
 20
39.79161012152342
 10
72.62826477300335
 20
39.7892486794338
 10
72.48476658996829
 20
39.7821567237643
 10
72.33952402647922
 20
39.77032258631978
 10
72.19558261065337
 20
39.7540825216211
 10
72.06121659262861
 20
39.73050367249803
 10
71.93842236872258
 20
39.69638632886776
 10
71.82376761304253
 20
39.651402824713074
 10
71.71821822996979
 20
39.59638413604371
 10
71.62360398955896
 20
39.53065612707526
 10
71.53839478720089
 20
39.451067891129
 10
71.46026504288393
 20
39.35505165343011
 10
71.39102544129145
 20
39.24419211974184
 10
71.33463695195425
 20
39.11543144942085
 10
71.29293660294236
 20
38.959058579815434
 10
71.26673065960239
 20
38.77107723124075
 10
71.25760695072226
 20
38.549434841326374
 10
71.25856654979847
 20
38.45994003744076
 10
71.26152171668254
 20
38.37592555398342
 10
71.26638012545303
 20
38.30073838554662
 10
71.27303424815652
 20
38.234594115917105
 10
71.28166610672783
 20
38.17479521596029
 10
71.29282749166342
 20
38.118129868033705
 10
71.30653304803134
 20
38.06396110264406
 10
71.32252642995964
 20
38.01283671519519
 10
71.34103821389402
 20
37.964694754620396
 10
71.36307094886656
 20
37.917959996461775
 10
71.3891987827333
 20
37.87143683417629
 10
71.42064081040216
 20
37.823444219632776
 10
71.45894159392697
 20
37.770474658644176
 10
71.50330829137873
 20
37.712179356367784
 10
71.55266985675046
 20
37.650156534184504
 10
71.60686883191131
 20
37.58469480494716
 10
71.82475458421438
 20
37.33183882021656
 10
71.83649477962366
 20
37.316815791356944
 10
71.84674410138648
 20
37.30073863402839
 10
71.8554085525143
 20
37.28375479256016
 10
71.86240867093811
 20
37.26602002652231
 10
71.86768025825866
 20
37.24769698224776
 10
71.87117496851268
 20
37.22895370119548
 10
71.87286075155608
 20
37.20996207883468
 10
71.87272214699713
 20
37.19089628818385
 10
71.87076042598447
 20
37.17193118246222
 10
71.86699357954926
 20
37.153240691502944
 10
71.8614561536087
 20
37.13499622663501
 10
71.85419893214389
 20
37.11736510866207
 10
71.84528847145764
 20
37.100509033356005
 10
71.83480648978362
 20
37.084582588537714
 10
71.8228491178448
 20
37.069731836345284
 10
71.80952601723423
 20
37.056092973691605
 10
71.79495937470385
 20
37.04379108319637
 10
71.77928278158412
 20
37.03293898604778
 10
71.76264000861197
 20
37.02363620731438
 10
71.57552024938344
 20
36.93050778047079
 10
71.49435044247575
 20
36.88219471038251
 10
71.41342816883626
 20
36.829284718715655
 10
71.3356202448164
 20
36.77348627047972
 10
71.26227141135469
 20
36.7158589686744
 10
71.19541040654809
 20
36.65626605588298
 10
71.13419896087039
 20
36.592134281857454
 10
71.0770542712553
 20
36.52191787821796
 10
71.02430227443608
 20
36.44591582058902
 10
70.97654731533362
 20
36.36380777082336
 10
70.93384603116881
 20
36.27383946719239
 10
70.89588984909514
 20
36.17486891949635
 10
70.86320867158929
 20
36.067730341154586
 10
70.8369807370929
 20
35.95149628230703
 10
70.8179660790364
 20
35.82305399831145
 10
70.80633021013155
 20
35.68136742418727
 10
70.80241201586286
 20
35.52743452033228
 10
70.80884946151154
 20
35.32541868307412
 10
70.82778425192137
 20
35.14357454173354
 10
70.85861664998914
 20
34.981768244884705
 10
70.90111603403352
 20
34.83807230978262
 10
70.95356166299455
 20
34.70764198637494
 10
71.0135616118604
 20
34.589249908266325
 10
71.08017396068604
 20
34.484033837332476
 10
71.15359125967487
 20
34.39092714059828
 10
71.23355880288631
 20
34.308687596550996
 10
71.31920016813716
 20
34.23714594813268
 10
71.41051851889328
 20
34.17611699824147
 10
71.51035294683665
 20
34.12396767760147
 10
71.61958212139469
 20
34.07770073132741
 10
71.73418938376768
 20
34.036454665198576
 10
71.85194834554373
 20
34.00118611222561
 10
71.97324414077501
 20
33.971816511366725
 10
72.09736945904551
 20
33.948117611685845
 10
72.22289043389397
 20
33.929944645413116
 10
72.34946108775394
 20
33.917383147506925
 10
72.47894585808278
 20
33.910349949728584
 10
72.61072836290079
 20
33.90664753998759
 10
72.74070101086726
 20
33.90392673660328
 10
72.86687841198871
 20
33.90227268660779
 10
72.98942772768386
 20
33.90171408700638
 10
73.09012038410312
 20
33.90199349625466
 10
73.19262991503437
 20
33.90282289596887
 10
73.29678577528752
 20
33.9041862726984
 10
73.40120421282661
 20
33.90604340387401
 10
73.50356496365423
 20
33.90973642490097
 10
73.60414465493328
 20
33.916461044307255
 10
73.70416356964374
 20
33.92626696095817
 10
73.80329862637915
 20
33.9391178898904
 10
73.90072513444382
 20
33.95521100622835
 10
73.99621938546325
 20
33.97475589456184
 10
74.0900723356143
 20
33.99780896096203
 10
74.1810261411088
 20
34.02401412363659
 10
74.26720629159642
 20
34.05395608909369
 10
74.34978176408337
 20
34.089157324457375
 10
74.43020262389963
 20
34.130151467409775
 10
74.51424679730617
 20
34.1804383557608
 10
74.53160948579115
 20
34.18969414072993
 10
74.54980098499497
 20
34.19719093094551
 10
74.56864362481558
 20
34.20285550784162
 10
74.58795337568476
 20
34.20663254744825
 10
74.60754164592181
 20
34.20848516072155
 10
74.62721712364338
 20
34.208395253826225
 10
74.64678764524054
 20
34.20636370485194
 10
74.6660620721748
 20
34.20241035523728
 10
74.68485215776214
 20
34.19657381598519
 10
74.70297438571346
 20
34.18891109056274
 10
74.72025176247509
 20
34.179497018167794
 10
74.73651554586361
 20
34.168423542800454
 10
74.7516068931128
 20
34.15579881527762
 10
74.7653784122359
 20
34.141746136961316
 10
74.90834377301549
 20
33.980656587477455
 10
75.64608452243395
 20
33.980656587477455
 10
75.11018232964618
 20
34.568244867121734
 10
75.09774397688228
 20
34.5833046912536
 10
75.0868411666478
 20
34.59951085216089
 10
75.07757883666896
 20
34.61670736825354
 10
75.0700461353237
 20
34.63472872593837
 10
75.06431556360347
 20
34.653401472659766
 10
75.0604422773033
 20
34.67254588635146
 10
75.05846355615635
 20
34.69197770523144
 10
75.05839844502306
 20
34.71150990129081
 10
75.06024757058715
 20
34.73095448040712
 10
75.06399313532411
 20
34.75012429175629
 10
75.0695990887994
 20
34.76883482910813
 10
75.07701147464779
 20
34.78690600666789
 10
75.11047290965227
 20
34.858293148588444
 10
75.1384815326873
 20
34.929171074401864
 10
75.1637425095097
 20
35.00564650997015
 10
75.18589311249583
 20
35.086850794141895
 10
75.20429026935703
 20
35.17387466520489
 10
75.21873491617326
 20
35.26965838140842
 10
75.2291374901853
 20
35.37497600215255
 10
75.23547538863885
 20
35.49318587494935
 10
75.27574763503738
 20
36.30996006709718
 10
74.77342110043001
 20
36.30996006709718
  0
LWPOLYLINE
  5
8F
330
17
100
AcDbEntity
  8
0
100
AcDbPolyline
 90
263
 70
1
 10
79.96216638055573
 20
35.571543217194616
 10
79.98377214089764
 20
35.436323005640034
 10
80.0124819501598
 20
35.318810673110136
 10
80.0470467383545
 20
35.22010936084395
 10
80.08706390605151
 20
35.13984586746194
 10
80.13316376130054
 20
35.074765971880296
 10
80.1861260917142
 20
35.021512552915624
 10
80.24645476382916
 20
34.9786666962289
 10
80.32014434171013
 20
34.94411031971957
 10
80.41608974596933
 20
34.91701784689835
 10
80.53676703882194
 20
34.89935246348945
 10
80.68189031023839
 20
34.89312059727844
 10
80.79445094289404
 20
34.897125475841534
 10
80.89230794108543
 20
34.90871865750651
 10
80.97396303343551
 20
34.92683001782868
 10
81.03997569063391
 20
34.950206518621314
 10
81.09380124645578
 20
34.97826476942707
 10
81.13911804132844
 20
35.01138273590351
 10
81.17774533856173
 20
35.0502143925399
 10
81.21147287931346
 20
35.096776685943894
 10
81.24159302788975
 20
35.15403927635387
 10
81.26805900903356
 20
35.223745219936276
 10
81.28969323433311
 20
35.305948997057286
 10
81.3059123843937
 20
35.40238589152871
 10
81.31778975191675
 20
35.51463311547491
 10
81.32657612711411
 20
35.64064343486264
 10
81.33192470895092
 20
35.77834249954098
 10
81.33375627894581
 20
35.92992664675701
 10
81.33497516708717
 20
35.949648342576495
 10
81.33814295036889
 20
35.96915208896988
 10
81.34322842653843
 20
35.98824577657669
 10
81.35018150431823
 20
36.006741335062046
 10
81.35893369679819
 20
36.024456585585014
 10
81.36939879602285
 20
36.04121703523636
 10
81.38147372212858
 20
36.056857595771035
 10
81.39503953866664
 20
36.071224209705875
 10
81.40996262411191
 20
36.084175367765724
 10
81.42609598801731
 20
36.0955835027313
 10
81.44328071885072
 20
36.10533624595979
 10
81.46134754925272
 20
36.11333753420125
 10
81.48011852329809
 20
36.119508555809134
 10
81.49940874933851
 20
36.12378852702473
 10
81.51902822116118
 20
36.12613529068928
 10
81.5387836895252
 20
36.126525731486495
 10
82.69381776461837
 20
36.09200010921889
 10
82.71314831836285
 20
36.09047761859463
 10
82.73223908718693
 20
36.08708191079296
 10
82.75090898547516
 20
36.08184519582298
 10
82.7689809197823
 20
36.07481714657956
 10
82.7862834686545
 20
36.06606442767088
 10
82.80265250864859
 20
36.05567006307075
 10
82.81793277112617
 20
36.04373264859413
 10
82.83197931505514
 20
36.030365416666
 10
82.84465890184906
 20
36.01569516225429
 10
82.85585125920254
 20
35.99986104015542
 10
82.86545022193489
 20
35.98301324504058
 10
82.87336473902094
 20
35.965311586783116
 10
82.87951973725585
 20
35.94692397458094
 10
82.88385683336263
 20
35.92802482425269
 10
82.88633488778716
 20
35.90879340381534
 10
82.8869303949276
 20
35.889412133036174
 10
82.88323678305333
 20
35.684231422111566
 10
82.88296913294745
 20
35.676891183650014
 10
82.87190183943962
 20
35.47548427931213
 10
82.87134226192627
 20
35.46792839498866
 10
82.85292159995744
 20
35.27032640178295
 10
82.85204550265571
 20
35.26257485749599
 10
82.82629178539842
 20
35.068808879967946
 10
82.82378311832754
 20
35.054150043249635
 10
82.78473739197774
 20
34.86808900018448
 10
82.7787866997182
 20
34.84608577077091
 10
82.72079640082437
 20
34.67191301193725
 10
82.71179575826572
 20
34.649512840825665
 10
82.63485326938816
 20
34.48722836622349
 10
82.6228239051385
 20
34.4654779731363
 10
82.5269216088375
 20
34.31508178276562
 10
82.51070839256191
 20
34.29313378193602
 10
82.39371848401343
 20
34.155589058728324
 10
82.37366739070144
 20
34.135186924668645
 10
82.23349253484032
 20
34.01170399515465
 10
82.2126966768049
 20
33.99569017741101
 10
82.04934449107087
 20
33.886258885004466
 10
82.02918829541075
 20
33.874408629924886
 10
81.84266639724349
 20
33.7790188180395
 10
81.81925528057984
 20
33.76888190569103
 10
81.60369654864284
 20
33.691535163520285
 10
81.57938295579852
 20
33.68451957434743
 10
81.32906584649184
 20
33.62924753765245
 10
81.30915257601798
 20
33.625899209310674
 10
81.02405931531565
 20
33.59272155647737
 10
81.00792690196973
 20
33.59150589819298
 10
80.68803971584573
 20
33.58044230760723
 10
80.67398368774691
 20
33.580452642938354
 10
80.30743883705325
 20
33.593669641409335
 10
80.2904195872393
 20
33.595015788484886
 10
79.9666009558458
 20
33.63465958964923
 10
79.94524746078788
 20
33.63846410320771
 10
79.66414743125485
 20
33.704523915692505
 10
79.63769741120787
 20
33.71271783956705
 10
79.39930836609555
 20
33.80518287199938
 10
79.37390931300835
 20
33.81715856386127
 10
79.17017707940302
 20
33.93143116239082
 10
79.14872918185081
 20
33.94534308313129
 10
78.97191444101314
 20
34.07689711320283
 10
78.95049502142662
 20
34.09533376065447
 10
78.80057492103744
 20
34.24415906568173
 10
78.79028875608383
 20
34.2551738613285
 10
78.78086525600777
 20
34.266935177535004
 10
78.65781694374799
 20
34.433021600931696
 10
78.64307581921771
 20
34.456078082998204
 10
78.54395494304619
 20
34.637487515348525
 10
78.53382345295934
 20
34.658989093976544
 10
78.45584224153991
 20
34.85388202938971
 10
78.44861898265681
 20
34.87542470424843
 10
78.3917456966574
 20
35.08381701239048
 10
78.3872622564035
 20
35.104528498635275
 10
78.35146515649195
 20
35.3264360491723
 10
78.34982845315575
 20
35.33918896764325
 10
78.32770910101952
 20
35.570475914007005
 10
78.32724760165168
 20
35.57615915912908
 10
78.31143548959041
 20
35.812851313749505
 10
78.31114564623572
 20
35.818319895234254
 10
78.30165093083569
 20
36.06041662332474
 10
78.30151429294072
 20
36.06567130096224
 10
78.2983471307882
 20
36.313171967736125
 10
78.29833083177122
 20
36.31571947399647
 10
78.29833083177122
 20
37.454428529421605
 10
78.29834713931841
 20
37.456976702196016
 10
78.30151430147093
 20
37.70441262073241
 10
78.30165095807634
 20
37.70966732640838
 10
78.31114567347636
 20
37.95174247175305
 10
78.31143540912082
 20
37.957209154077674
 10
78.32724752118209
 20
38.19392289144395
 10
78.32770859837096
 20
38.199602084585706
 10
78.34982795050722
 20
38.430953779186936
 10
78.35146624775409
 20
38.44371871828004
 10
78.38726334766567
 20
38.66557770763893
 10
78.39174535194208
 20
38.686281166744195
 10
78.44861863794152
 20
38.894678870572704
 10
78.4558387109674
 20
38.916213984215446
 10
78.53381992238683
 20
39.1111338980609
 10
78.543951359236
 20
39.13263774168584
 10
78.64307223540753
 20
39.31406336109552
 10
78.65782250553896
 20
39.33713390923427
 10
78.78087081779874
 20
39.50320403977382
 10
78.79029787986399
 20
39.51496839175219
 10
78.8005880807742
 20
39.52598570730004
 10
78.95050818116339
 20
39.6747832933106
 10
78.97191874757253
 20
39.69321008242548
 10
79.14873348841023
 20
39.82475670665288
 10
79.17014813713133
 20
39.83864918653322
 10
79.37388037073664
 20
39.95296643172328
 10
79.39930571670779
 20
39.96495733270949
 10
79.63769476182007
 20
40.05742627965944
 10
79.66414611782723
 20
40.06562092251943
 10
79.94524614736027
 20
40.13168274516191
 10
79.96660051056087
 20
40.135487512871734
 10
80.29041914195436
 20
40.175132054620505
 10
80.30743877969978
 20
40.17647825414291
 10
80.67398363039344
 20
40.18969535841167
 10
80.68804030740769
 20
40.18970567535028
 10
81.00792749353168
 20
40.17864113258456
 10
81.0240604014261
 20
40.177425368361924
 10
81.30915366212845
 20
40.144246128562
 10
81.32906608153745
 20
40.14089787471896
 10
81.57938319084413
 20
40.08562552063064
 10
81.6036943485718
 20
40.07861077277239
 10
81.81925308050877
 20
40.001266887141526
 10
81.84272089815356
 20
39.991101302307186
 10
82.02924279632082
 20
39.89563912474463
 10
82.04936844555165
 20
39.88380070287265
 10
82.21272063128565
 20
39.77433513198743
 10
82.23348110586046
 20
39.75834743135594
 10
82.37365596172155
 20
39.63488354544121
 10
82.39367791716877
 20
39.61451902327339
 10
82.51066782571725
 20
39.477061900622274
 10
82.52695139040354
 20
39.45501950217664
 10
82.62285368670454
 20
39.30453095034956
 10
82.6348597898696
 20
39.28281352160279
 10
82.71180227874716
 20
39.1204969902752
 10
82.72079313671647
 20
39.09812037613625
 10
82.7787834356103
 20
38.9239777696681
 10
82.78473322488666
 20
38.90198458944546
 10
82.82377895123646
 20
38.71601781219664
 10
82.8262930641619
 20
38.70132950048517
 10
82.85204678141922
 20
38.50749115727993
 10
82.85292154509118
 20
38.499749824509266
 10
82.87134220706001
 20
38.302154179169975
 10
82.87190172246302
 20
38.29459983487287
 10
82.88296901597086
 20
38.093232287306805
 10
82.88323677467226
 20
38.08589038580806
 10
82.88693038654652
 20
37.88073633592242
 10
82.88630507218114
 20
37.86098439640527
 10
82.88372469426632
 20
37.841391750270546
 10
82.8792146756433
 20
37.82215143154231
 10
82.87281945069002
 20
37.803453002984256
 10
82.86460202753717
 20
37.78548068845687
 10
82.85464336728857
 20
37.76841155787568
 10
82.84304158636253
 20
37.75241378265261
 10
82.82991098981218
 20
37.73764497880882
 10
82.81538094514993
 20
37.724250654083136
 10
82.79959460777046
 20
37.712362774335844
 10
82.78270751053087
 20
37.70209846337194
 10
82.76488603138291
 20
37.69355884899397
 10
82.74630575415604
 20
37.68682806665339
 10
82.72714973863994
 20
37.681972430516836
 10
82.70760671701173
 20
37.67903978011432
 10
82.68786923437644
 20
37.678059009006446
 10
81.53283515928327
 20
37.678059009006446
 10
81.51347028789128
 20
37.67900301157509
 10
81.49428905379942
 20
37.68182606729371
 10
81.4754733528731
 20
37.68650140509216
 10
81.45720161462258
 20
37.69298468868787
 10
81.4396471101537
 20
37.70121443702725
 10
81.422976309036
 20
37.71111260731132
 10
81.40734730066997
 20
37.72258533507639
 10
81.39290829512323
 20
37.73552382431198
 10
81.37979621765301
 20
37.74980537917453
 10
81.368135410242
 20
37.76529456751355
 10
81.35803645246226
 20
37.781844505176295
 10
81.34959511284758
 20
37.79929824891188
 10
81.34289144071947
 20
37.817490284665936
 10
81.33798900707852
 20
37.83624809715229
 10
81.33493430175982
 20
37.85539380581753
 10
81.33375629256936
 20
37.87474585168418
 10
81.33192473017827
 20
38.026258357043105
 10
81.32657607565336
 20
38.16396122304265
 10
81.31778966727127
 20
38.2899944347093
 10
81.30591271262078
 20
38.40223083754039
 10
81.28969455515279
 20
38.49864937046938
 10
81.26805966719495
 20
38.58083983845043
 10
81.24157720025848
 20
38.65059765019514
 10
81.21147869888271
 20
38.70787379551173
 10
81.17780469460156
 20
38.754301425803106
 10
81.13911949982368
 20
38.793170833222746
 10
81.09370107909508
 20
38.82638261027114
 10
81.03994901197127
 20
38.8544662582117
 10
80.97402139503195
 20
38.877761480962235
 10
80.89226374900731
 20
38.89590371074107
 10
80.7943962159964
 20
38.90753359771769
 10
80.68188152179239
 20
38.9115585995701
 10
80.5368002692958
 20
38.90531329472296
 10
80.41612915329033
 20
38.88762054068145
 10
80.32015017395041
 20
38.86050041943514
 10
80.24647147638048
 20
38.82595853323819
 10
80.18615432826412
 20
38.78309563101608
 10
80.13316043830609
 20
38.729799290729105
 10
80.08703848808797
 20
38.66470656945474
 10
80.04704680718227
 20
38.58456171341993
 10
80.01249004720891
 20
38.48580402185554
 10
79.98377283851177
 20
38.36822790882955
 10
79.96216573805877
 20
38.23301162336169
 10
79.9481596775622
 20
38.07870433761239
 10
79.93920654396864
 20
37.90425474322902
 10
79.9327139404934
 20
37.712309661525495
 10
79.92880528440035
 20
37.50481890338132
 10
79.92749591218457
 20
37.28130528910826
 10
79.92749591218457
 20
36.52331418782656
 10
79.92880528548768
 20
36.29980794201792
 10
79.93271395467833
 20
36.092288927460146
 10
79.93920652322872
 20
35.90032739827129
 10
79.9481597471863
 20
35.72591293832082
 10
79.96216638055573
 20
35.571543217194616
  0
LWPOLYLINE
  5
90
330
17
100
AcDbEntity
  8
0
100
AcDbPolyline
 90
208
 70
1
 10
79.54145397970912
 20
37.922927379975974
 10
79.55069647321675
 20
38.103015080739866
 10
79.55124989057417
 20
38.11080779588532
 10
79.56622069873923
 20
38.275743880088925
 10
79.56789984794828
 20
38.289162561217964
 10
79.5918490783779
 20
38.4390357931934
 10
79.59504013713335
 20
38.454858602723775
 10
79.62796778982751
 20
38.58967342597754
 10
79.63345490773675
 20
38.60819104150913
 10
79.67536098269544
 20
38.72795189954772
 10
79.68513566830642
 20
38.75108926417293
 10
79.73758660736657
 20
38.85620294943608
 10
79.74493230731123
 20
38.8696095429798
 10
79.75328500151157
 20
38.88241300179837
 10
79.81784640012792
 20
38.973529641605296
 10
79.82795508766692
 20
38.98660919308817
 10
79.83911398089568
 20
38.998805066679836
 10
79.91578456949493
 20
39.07591323487097
 10
79.9282441890981
 20
39.08741946950653
 10
79.94163787390487
 20
39.097823543873844
 10
80.03041638291374
 20
39.16091181428963
 10
80.04542042056725
 20
39.17059179842566
 10
80.0612313896216
 20
39.17888857468779
 10
80.16585121087728
 20
39.22793621096457
 10
80.18080793700777
 20
39.23421824894146
 10
80.19622645776137
 20
39.23926174727657
 10
80.32030756788767
 20
39.2743224946834
 10
80.34556212478786
 20
39.27971806929689
 10
80.48914641970318
 20
39.30077034508794
 10
80.50946619356732
 20
39.30269222769303
 10
80.67259556919
 20
39.30971444912245
 10
80.68827564300925
 20
39.30977138774038
 10
80.81684554107672
 20
39.30517204112573
 10
80.83322145922462
 20
39.30390829968641
 10
80.94915275524976
 20
39.290131842588266
 10
80.96878940993388
 20
39.286795002778575
 10
81.07208337348997
 20
39.26387380931568
 10
81.09528293104616
 20
39.257227581699965
 10
81.18594083170647
 20
39.2251940259911
 10
81.21180576311822
 20
39.21393523645254
 10
81.29134347138385
 20
39.17237945792246
 10
81.30430031325695
 20
39.16497907923491
 10
81.31666652511366
 20
39.15662909957271
 10
81.38674718198668
 20
39.10538330295242
 10
81.39894179474065
 20
39.09571247692661
 10
81.41034372049567
 20
39.085118632236515
 10
81.4709762129891
 20
39.02419741761875
 10
81.48145967376091
 20
39.01281122001525
 10
81.49102697237917
 20
39.00064506849684
 10
81.54222018750595
 20
38.930063035974385
 10
81.55729588616624
 20
38.90578403742306
 10
81.59966916409344
 20
38.82514952363782
 10
81.60956024945712
 20
38.80319740965761
 10
81.64405201643716
 20
38.71234219614942
 10
81.6504549939702
 20
38.69236082674189
 10
81.67706525000311
 20
38.59126904384472
 10
81.68086574335977
 20
38.57361309931031
 10
81.6995944884455
 20
38.462268877358085
 10
81.70124713796368
 20
38.450195397169935
 10
81.7141409242361
 20
38.32835000559676
 10
81.71476431954467
 20
38.32124494139482
 10
81.72401189134546
 20
38.18859675074799
 10
81.7243439337753
 20
38.18247791457273
 10
81.72847020012698
 20
38.07624583324133
 10
82.48511483560587
 20
38.07624583324133
 10
82.47452282396038
 20
38.26896570710507
 10
82.45681542598457
 20
38.45891027783911
 10
82.43255684819003
 20
38.64149528027717
 10
82.39738787253374
 20
38.80899788999557
 10
82.34681929987345
 20
38.960853341966256
 10
82.28037609508515
 20
39.10102076686837
 10
82.19853634566151
 20
39.22944256538298
 10
82.09972734894787
 20
39.34553805215458
 10
81.9801486943659
 20
39.45086111652624
 10
81.83741906216555
 20
39.546507101309615
 10
81.67271445716806
 20
39.6308031566368
 10
81.48114901960575
 20
39.69953809101182
 10
81.25308202380496
 20
39.74989741236493
 10
80.98607171154536
 20
39.78097215316269
 10
80.6813042192462
 20
39.791513722498465
 10
80.33032623033667
 20
39.77885793790162
 10
80.02576949658179
 20
39.74157159617924
 10
79.7687541798518
 20
39.68116996513557
 10
79.55644217181218
 20
39.59881606418763
 10
79.37615182702619
 20
39.49765241823151
 10
79.22095874675863
 20
39.38219187622052
 10
79.09181167313956
 20
39.254011780656555
 10
78.98592789786177
 20
39.11110748510407
 10
78.89909574184178
 20
38.95217449037001
 10
78.8297624692835
 20
38.77887075133225
 10
78.77867650150655
 20
38.59167920444895
 10
78.74559446530232
 20
38.38664731258224
 10
78.72435904477321
 20
38.16454087407931
 10
78.70891928367648
 20
37.9334013818286
 10
78.69963486913544
 20
37.696688020262116
 10
78.69651765600612
 20
37.453154390852646
 10
78.69651765600612
 20
36.31699327926654
 10
78.69963488664756
 20
36.073394554257376
 10
78.7089192831841
 20
35.83666054706612
 10
78.72435881128258
 20
35.60554561708139
 10
78.74559437076799
 20
35.38349988638137
 10
78.77867730144219
 20
35.17841757165104
 10
78.82976097005259
 20
34.991239295892626
 10
78.89909206192014
 20
34.8179649934868
 10
78.98592791285098
 20
34.65903941662084
 10
79.09182055849645
 20
34.516109128051454
 10
79.22096813701238
 20
34.38790465302594
 10
79.37614080986991
 20
34.27245279434793
 10
79.55642537918699
 20
34.17133189734467
 10
79.76875215795171
 20
34.0889757535232
 10
80.02576860597772
 20
34.02857569454666
 10
80.33032597722949
 20
33.99128997130991
 10
80.68130448666683
 20
33.978634269248346
 10
80.98607255330238
 20
33.989174951273526
 10
81.25308267889709
 20
34.020248184040014
 10
81.4811479875042
 20
34.07060684366621
 10
81.6727423426354
 20
34.13935469282333
 10
81.83745745875429
 20
34.22359222254849
 10
81.98015320598155
 20
34.319185556484186
 10
82.09969877888598
 20
34.42449572400305
 10
82.19853747677793
 20
34.54070011729162
 10
82.28039211520029
 20
34.669066446959576
 10
82.34681949200113
 20
34.809172805625465
 10
82.39738359307235
 20
34.961041120662856
 10
82.43255650879463
 20
35.128647412022474
 10
82.45681583773792
 20
35.31116990149107
 10
82.47452270876461
 20
35.50111492161186
 10
82.48518057496658
 20
35.69507090886982
 10
82.4852669547195
 20
35.69986931750583
 10
81.72824265289536
 20
35.7224978577851
 10
81.72434392957489
 20
35.62212535325041
 10
81.72401172044367
 20
35.616004174000096
 10
81.71476414864291
 20
35.483379576256795
 10
81.71414105939085
 20
35.476278240513224
 10
81.70124727311843
 20
35.35442533729814
 10
81.69959518640356
 20
35.34235472956456
 10
81.68086644131783
 20
35.23099611911512
 10
81.67706765182957
 20
35.21334515024846
 10
81.65045739579666
 20
35.11223390056091
 10
81.64404917650238
 20
35.09223592553229
 10
81.60955740952231
 20
35.00139171499255
 10
81.59963269523855
 20
34.979377715773
 10
81.55725941731136
 20
34.89882022276697
 10
81.54229279367952
 20
34.87471076007293
 10
81.49109957855275
 20
34.80403636609408
 10
81.48151673066558
 20
34.7918370953536
 10
81.4710131491188
 20
34.78042096838698
 10
81.41038065662538
 20
34.7194676970438
 10
81.39894048240409
 20
34.708835603554576
 10
81.38670211347652
 20
34.699132958339504
 10
81.3166214566035
 20
34.647917314084694
 10
81.30419785319937
 20
34.639536595873
 10
81.29117906184682
 20
34.632114100941635
 10
81.21164135358119
 20
34.5906525882279
 10
81.18607029506266
 20
34.57952539521024
 10
81.09541239440237
 20
34.54742148398188
 10
81.07206496868672
 20
34.5407253776921
 10
80.96877100513062
 20
34.51781444661327
 10
80.94908212088772
 20
34.51447330906849
 10
80.83315082486261
 20
34.500738853686485
 10
80.81680711435403
 20
34.49948212221227
 10
80.68823721628657
 20
34.49490763807442
 10
80.6726164291354
 20
34.49496505075963
 10
80.50948705351273
 20
34.50197013294972
 10
80.48919160734239
 20
34.50388629231523
 10
80.34560731242708
 20
34.524904924414244
 10
80.32034115500302
 20
34.530297631826755
 10
80.19626004487672
 20
34.56533489212785
 10
80.18081454523526
 20
34.57038541399304
 10
80.16583238174069
 20
34.57667874437581
 10
80.061212560485
 20
34.625739711172116
 10
80.04543534231071
 20
34.63401895466846
 10
80.03046150213011
 20
34.64367558950862
 10
79.94168299312123
 20
34.70672672490585
 10
79.92827327463586
 20
34.71713820790387
 10
79.915799306251
 20
34.72865426802913
 10
79.83912871765175
 20
34.80574624916089
 10
79.82795328662415
 20
34.81795908253666
 10
79.81783108425454
 20
34.83105811215357
 10
79.75326968563822
 20
34.9222004608195
 10
79.7449083012243
 20
34.93502239228272
 10
79.73755671859213
 20
34.94844881803819
 10
79.68510577953198
 20
35.05365105603791
 10
79.67537746158605
 20
35.07668142207794
 10
79.63347138662736
 20
35.196346109940265
 10
79.62797089279421
 20
35.21489809800414
 10
79.59504324010008
 20
35.34967451666607
 10
79.59184863266982
 20
35.36551281813023
 10
79.5678994022402
 20
35.515399698018456
 10
79.56622010978718
 20
35.52882207956927
 10
79.55124930162215
 20
35.693818151110534
 10
79.55069658372277
 20
35.70160222353127
 10
79.54145409021514
 20
35.881651837096626
 10
79.54130607211674
 20
35.88512853126409
 10
79.53470429103989
 20
36.080319075814586
 10
79.53462581920785
 20
36.08329970638013
 10
79.53066475056174
 20
36.293600712156945
 10
79.53063286052286
 20
36.296183683292526
 10
79.5293125043075
 20
36.52156468053683
 10
79.52930908794967
 20
36.5227310153944
 10
79.52930908794967
 20
37.281888441831214
 10
79.52931250407657
 20
37.28305473727161
 10
79.53063286029196
 20
37.50844335195562
 10
79.53066475993937
 20
37.51102686035274
 10
79.53462582858548
 20
37.72129993551728
 10
79.53470431174624
 20
37.724280680421046
 10
79.54130609282306
 20
37.919453450945554
 10
79.54145397970912
 20
37.922927379975974
  0
LWPOLYLINE
  5
91
330
17
100
AcDbEntity
  8
0
100
AcDbPolyline
 90
159
 70
1
 10
65.52166478613957
 20
33.77941675012785
 10
65.52070609694246
 20
33.759902183213654
 10
65.51783926205218
 20
33.74057555224657
 10
65.51309189065587
 20
33.721622983247855
 10
65.50650970253527
 20
33.703226999817474
 10
65.49815608776018
 20
33.68556476533213
 10
65.48811149620741
 20
33.668806376765104
 10
65.47647266278456
 20
33.65311322655933
 10
65.46335167581994
 20
33.63863644833005
 10
65.44887489759066
 20
33.62551546136541
 10
65.4331817473849
 20
33.613876627942574
 10
65.41642335881784
 20
33.60383203638982
 10
65.39876112433251
 20
33.595478421614715
 10
65.38036514090213
 20
33.588896233494125
 10
65.36141257190341
 20
33.584148862097805
 10
65.34208594093633
 20
33.58128202720752
 10
65.32257137402213
 20
33.580323338010416
 10
64.11699812563899
 20
33.580323338010416
 10
64.09748355872479
 20
33.58128202720752
 10
64.0781569277577
 20
33.584148862097805
 10
64.05920435875899
 20
33.588896233494125
 10
64.04080837532861
 20
33.595478421614715
 10
64.02314614084328
 20
33.60383203638982
 10
64.00638775227623
 20
33.613876627942574
 10
63.99069460207046
 20
33.62551546136541
 10
63.97621782384118
 20
33.63863644833005
 10
63.96309683687656
 20
33.65311322655933
 10
63.95145800345372
 20
33.668806376765104
 10
63.94141341190095
 20
33.68556476533213
 10
63.933059797125864
 20
33.703226999817474
 10
63.92647760900526
 20
33.721622983247855
 10
63.921730237608955
 20
33.74057555224657
 10
63.91886340271866
 20
33.759902183213654
 10
63.91790471352155
 20
33.77941675012785
 10
63.91790471352155
 20
39.99073125329025
 10
63.91886340271866
 20
40.01024582020446
 10
63.921730237608955
 20
40.02957245117153
 10
63.92647760900526
 20
40.048525020170246
 10
63.933059797125864
 20
40.066921003600626
 10
63.94141341190095
 20
40.08458323808597
 10
63.95145800345372
 20
40.101341626652996
 10
63.96309683687656
 20
40.11703477685877
 10
63.97621782384118
 20
40.13151155508805
 10
63.99069460207046
 20
40.14463254205269
 10
64.00638775227623
 20
40.15627137547553
 10
64.02314614084328
 20
40.1663159670283
 10
64.04080837532861
 20
40.174669581803386
 10
64.05920435875899
 20
40.18125176992399
 10
64.0781569277577
 20
40.185999141320295
 10
64.09748355872479
 20
40.18886597621058
 10
64.11699812563899
 20
40.1898246654077
 10
65.77791144977292
 20
40.1898246654077
 10
65.77934275649699
 20
40.18981952042226
 10
66.05097049975801
 20
40.18786670511591
 10
66.05403967431812
 20
40.187820977197944
 10
66.3125044817705
 20
40.181976919776076
 10
66.3158817329353
 20
40.18187187848544
 10
66.56118360457903
 20
40.172158161693915
 10
66.56491731420522
 20
40.17197518865359
 10
66.7970562500403
 20
40.1584133952382
 10
66.80795351990261
 20
40.15747581764599
 10
67.02526722530921
 20
40.13274865618662
 10
67.04439320392186
 20
40.12962310390682
 10
67.24539543177545
 20
40.086638843836695
 10
67.26643589824626
 20
40.08091837632762
 10
67.45114696171943
 20
40.01965606968756
 10
67.47350350284458
 20
40.01070679937979
 10
67.64194371510982
 20
39.93114549821061
 10
67.65541820406534
 20
39.92414036580887
 10
67.66831953739805
 20
39.91612854137139
 10
67.81952740828832
 20
39.81403633472641
 10
67.83342903306811
 20
39.80374364060967
 10
67.84638480643154
 20
39.79228315806073
 10
67.97969677231035
 20
39.663611799928304
 10
67.99096119531063
 20
39.65181050543572
 10
68.00122157649037
 20
39.63912656459402
 10
68.11661732418517
 20
39.48387161146765
 10
68.1323070490842
 20
39.459153981788376
 10
68.22976626542251
 20
39.27731099016158
 10
68.23624145041276
 20
39.264075068148586
 10
68.24171998127005
 20
39.25039649542195
 10
68.31921473452617
 20
39.03403740332715
 10
68.32646031535613
 20
39.00859704292435
 10
68.38181371053908
 20
38.750138265945054
 10
68.3850239290355
 20
38.73031099250758
 10
68.41823596614528
 20
38.42974681756402
 10
68.41933659805622
 20
38.4143089679861
 10
68.43040727709281
 20
38.07163368199849
 10
68.43047059803618
 20
38.06118959291574
 10
68.42624715091135
 20
37.85182373366041
 10
68.42586166837776
 20
37.84282231643425
 10
68.41319809806085
 20
37.649546394193834
 10
68.4122281423871
 20
37.63902826411896
 10
68.39113460546433
 20
37.46183910496026
 10
68.38927160058246
 20
37.44949863620475
 10
68.35975825364012
 20
37.28839306619456
 10
68.35695315776219
 20
37.27550532364492
 10
68.31975635330501
 20
37.12826148373844
 10
68.31609850121845
 20
37.11557050208734
 10
68.27209678395894
 20
36.97997880578153
 10
68.26693070016405
 20
36.96589129513751
 10
68.21610375692971
 20
36.84195174243234
 10
68.20899795467557
 20
36.82653239507327
 10
68.15132547229383
 20
36.71424498596879
 10
68.14193005537102
 20
36.697905103765905
 10
68.07734940155989
 20
36.596969795775976
 10
68.06552640786694
 20
36.58041904163261
 10
67.99413068466723
 20
36.490559490972416
 10
67.9794972304304
 20
36.47409986173493
 10
67.90125596808328
 20
36.39533638157698
 10
67.88388142974883
 20
36.37978358403612
 10
67.7987641584955
 20
36.312136487552976
 10
67.78242821697482
 20
36.300447827967474
 10
67.6907751824554
 20
36.24162384261713
 10
67.6767566536737
 20
36.23341415488386
 10
67.5787659093205
 20
36.18127574244713
 10
67.56477464140696
 20
36.17451812262122
 10
67.53583157577803
 20
36.16190707121666
 10
68.54033525969729
 20
33.85901683644411
 10
68.54731569704495
 20
33.84057024283163
 10
68.55243671523762
 20
33.82152349785673
 10
68.55564805735769
 20
33.8020635234668
 10
68.55691820776693
 20
33.78238129698181
 10
68.55623470139653
 20
33.76266997687101
 10
68.55360424607724
 20
33.743123007124225
 10
68.54905265670976
 20
33.72393221882102
 10
68.54262460192119
 20
33.70528594752878
 10
68.53438316569364
 20
33.687367185005215
 10
68.52440922826733
 20
33.670351783344245
 10
68.51280067239381
 20
33.65440672918942
 10
68.49967142272918
 20
33.63968850495168
 10
68.4851503277942
 20
33.62634155311399
 10
68.4693798954739
 20
33.61449685869414
 10
68.45251489446629
 20
33.60427066377707
 10
68.43472083540506
 20
33.595763326732225
 10
68.41617234656279
 20
33.589058337311215
 10
68.39705146007456
 20
33.58422149729181
 10
68.3775458255017
 20
33.58130027470895
 10
68.35784686826646
 20
33.580323338010416
 10
67.10157194121298
 20
33.580323338010416
 10
67.0817428127738
 20
33.581313260976586
 10
67.06211087126745
 20
33.584273185777604
 10
67.04287134273946
 20
33.589173678013736
 10
67.02421555096035
 20
33.5959660056877
 10
67.00632901484343
 20
33.60458262381056
 10
66.98938960358795
 20
33.614937846089845
 10
66.973565767893
 20
33.626928697020276
 10
66.95901486483238
 20
33.64043593590381
 10
66.94588159304743
 20
33.65532524261563
 10
66.93429655381948
 20
33.67144855332475
 10
66.92437495233055
 20
33.68864553288604
 10
66.91621545202786
 20
33.70674516926212
 10
66.03628547540454
 20
35.95109886643881
 10
66.03524412585774
 20
35.9510286444462
 10
66.02620682563929
 20
35.95062521362024
 10
65.97619240930672
 20
35.949530206662786
 10
65.97183453699486
 20
35.94948250712784
 10
65.52166478613957
 20
35.94948250712784
 10
65.52166478613957
 20
33.77941675012785
  0
LWPOLYLINE
  5
92
330
17
100
AcDbEntity
  8
0
100
AcDbPolyline
 90
92
 70
1
 10
67.89567115802761
 20
37.110028264727305
 10
67.93531593407765
 20
37.23219400663655
 10
67.96927829332677
 20
37.36663427001665
 10
67.99647766526898
 20
37.51510846134546
 10
68.01620865251375
 20
37.68085198041844
 10
68.0282321983915
 20
37.86435962162551
 10
68.03225940785775
 20
38.0639975347768
 10
68.02160747248061
 20
38.39371127587769
 10
67.9903504082031
 20
38.676583226932024
 10
67.9398787291571
 20
38.912248056437164
 10
67.87183248951457
 20
39.1022276616482
 10
67.78828186591082
 20
39.25811948921688
 10
67.69139880011197
 20
39.38846723720428
 10
67.58233602531446
 20
39.493733521910045
 10
67.45811841589543
 20
39.577602501580785
 10
67.31434726769714
 20
39.64551158022306
 10
67.15144895905446
 20
39.69953934633283
 10
66.97061066184068
 20
39.7382115564923
 10
66.76837184925049
 20
39.76122341284491
 10
66.54356042595167
 20
39.7743571255038
 10
66.30181444793097
 20
39.783930032348124
 10
66.04657312277227
 20
39.78970120473852
 10
65.7771957871641
 20
39.791637841172815
 10
64.31609153775644
 20
39.791637841172815
 10
64.31609153775644
 20
33.9785101622453
 10
65.1234779619047
 20
33.9785101622453
 10
65.1234779619047
 20
36.14857591924529
 10
65.1244366511018
 20
36.168090486159485
 10
65.12730348599209
 20
36.18741711712657
 10
65.1320508573884
 20
36.206369686125285
 10
65.138633045509
 20
36.224765669555666
 10
65.1469866602841
 20
36.24242790404101
 10
65.15703125183686
 20
36.259186292608035
 10
65.1686700852597
 20
36.27487944281381
 10
65.18179107222433
 20
36.28935622104309
 10
65.19626785045361
 20
36.30247720800773
 10
65.21196100065937
 20
36.314116041430566
 10
65.22871938922643
 20
36.32416063298332
 10
65.24638162371176
 20
36.332514247758425
 10
65.26477760714214
 20
36.339096435879014
 10
65.28373017614085
 20
36.343843807275334
 10
65.30305680710794
 20
36.34671064216562
 10
65.32257137402213
 20
36.347669331362724
 10
65.96965533978891
 20
36.347669331362724
 10
66.0129678470045
 20
36.34861760788425
 10
66.05270283181922
 20
36.35129708262839
 10
66.09105116355553
 20
36.35572434975096
 10
66.13314711660449
 20
36.36271385431748
 10
66.15237409769146
 20
36.364952385622516
 10
66.17172758921812
 20
36.36531320393003
 10
66.1910246484662
 20
36.36379289853339
 10
66.21008286615478
 20
36.36040584042095
 10
66.2287220907002
 20
36.3551840464315
 10
66.24676613113458
 20
36.34817687660869
 10
66.2640444225859
 20
36.339450567615415
 10
66.28039363857637
 20
36.329087606618685
 10
66.29565923489828
 20
36.31718595156322
 10
66.30969691047385
 20
36.30385810520464
 10
66.32237397138972
 20
36.289230051654755
 10
66.33357058521258
 20
36.273440065491855
 10
66.34318091372896
 20
36.25663740469274
 10
66.35111411340193
 20
36.2389808997421
 10
67.23736299908578
 20
33.9785101622453
 10
68.05379443455784
 20
33.9785101622453
 10
67.0877641345892
 20
36.19319765409429
 10
67.08092722679768
 20
36.21120132961467
 10
67.07586174568712
 20
36.22978133342281
 10
67.07261508655245
 20
36.24876382126965
 10
67.07121762683735
 20
36.26797118305457
 10
67.07168244190699
 20
36.28722370463858
 10
67.07400518270806
 20
36.30634124934399
 10
67.07816411646087
 20
36.32514494340745
 10
67.08412033000242
 20
36.34345884961665
 10
67.09181809387862
 20
36.361111613471024
 10
67.10118538377799
 20
36.37793806646425
 10
67.11213455442902
 20
36.393780771487286
 10
67.12456315965518
 20
36.408491495892434
 10
67.13835491091503
 20
36.4219325984357
 10
67.15338076535873
 20
36.43397831712032
 10
67.16950013322052
 20
36.44451594589192
 10
67.1865621932503
 20
36.45344688917538
 10
67.20440730387614
 20
36.46068758438672
 10
67.30813315487347
 20
36.497037881754835
 10
67.39859206737657
 20
36.53645257300428
 10
67.48254224670856
 20
36.581120353650704
 10
67.55889045849506
 20
36.63012152546354
 10
67.62699150279947
 20
36.684244946560426
 10
67.68922906061366
 20
36.74689790617437
 10
67.74742918595899
 20
36.820149312246244
 10
67.80143673891405
 20
36.90455956004652
 10
67.85091675212401
 20
37.00089636152188
 10
67.89567115802761
 20
37.110028264727305
  0
LWPOLYLINE
  5
93
330
17
100
AcDbEntity
  8
0
100
AcDbPolyline
 90
145
 70
1
 10
87.57109513426941
 20
37.966784323657436
 10
87.57120583543305
 20
37.96207403800811
 10
87.5736584394222
 20
37.751826777500355
 10
87.57367198435146
 20
37.74950444485617
 10
87.57367198435146
 20
37.103836713423775
 10
87.57365844579896
 20
37.101514927487216
 10
87.57120584180983
 20
36.89121815362137
 10
87.57109515400676
 20
36.88650787970222
 10
87.56375850159402
 20
36.678920375224465
 10
87.56353133247713
 20
36.67412883290308
 10
87.55134237097288
 20
36.46924551952024
 10
87.5509929258407
 20
36.46437857595771
 10
87.53398339457705
 20
36.262194375376694
 10
87.53261920325382
 20
36.250284149301066
 10
87.50423577653423
 20
36.05475304171715
 10
87.50037869759753
 20
36.035155938881886
 10
87.45428726271255
 20
35.85042699558498
 10
87.44803133695088
 20
35.83006227727448
 10
87.38422681560736
 20
35.65611835902527
 10
87.37541451488771
 20
35.63570072100502
 10
87.2938918287925
 20
35.47252468856415
 10
87.28042955728763
 20
35.449560323211955
 10
87.1782877314868
 20
35.2993367948079
 10
87.1692812401791
 20
35.28711961083194
 10
87.15937020488651
 20
35.275624053020024
 10
87.03374381247802
 20
35.14067603036921
 10
87.01266021840543
 20
35.121081520606296
 10
86.86356703341524
 20
35.001386151389596
 10
86.8420416626176
 20
34.986327619521575
 10
86.66949945907173
 20
34.8818620514199
 10
86.6566240992667
 20
34.874703790866064
 10
86.64325468914062
 20
34.86851715550054
 10
86.44077044607347
 20
34.783766685128526
 10
86.4269679042453
 20
34.77858144540447
 10
86.41281946948781
 20
34.774431907378826
 10
86.17400003903224
 20
34.71389664303942
 10
86.15113458119232
 20
34.7095052830974
 10
85.87596472846893
 20
34.673184590003956
 10
85.85764286633129
 20
34.67162275871031
 10
85.54610735646061
 20
34.6595160020762
 10
85.53064359680421
 20
34.65951605139763
 10
85.219159293056
 20
34.67162280803174
 10
85.20083747908306
 20
34.673184751157336
 10
84.92568074528357
 20
34.70950544425078
 10
84.90281496071442
 20
34.713897035331584
 10
84.66400357088965
 20
34.77443229967099
 10
84.64984995160331
 20
34.778583693870274
 10
84.63604252017335
 20
34.78377154988286
 10
84.43359424834928
 20
34.86852202025487
 10
84.42024125643023
 20
34.87470135205221
 10
84.40738108421964
 20
34.881849953689354
 10
84.23479317603552
 20
34.98631552179103
 10
84.21324523962447
 20
35.00138822395924
 10
84.0641571329274
 20
35.12108359317594
 10
84.0430624454613
 20
35.140690721505266
 10
83.91746144451851
 20
35.2756387441561
 10
83.9075535206634
 20
35.28713285314352
 10
83.89854982926168
 20
35.299348213869905
 10
83.79642323834027
 20
35.44957174227396
 10
83.78297630234935
 20
35.4725095342326
 10
83.70143626541928
 20
35.63568556667346
 10
83.69262330365773
 20
35.65609952156508
 10
83.62879889233277
 20
35.83004343981429
 10
83.62253719914425
 20
35.85042241306424
 10
83.57644110915724
 20
36.03515135636114
 10
83.57257882690264
 20
36.05478102389223
 10
83.54422375398643
 20
36.25031213147615
 10
83.5428695493686
 20
36.2621240751572
 10
83.52578786402331
 20
36.46430827573823
 10
83.52543175021559
 20
36.46925799586883
 10
83.51325569603974
 20
36.67414130925165
 10
83.51302772013922
 20
36.67896433078417
 10
83.50573698396023
 20
36.886551835261926
 10
83.50562754977032
 20
36.89124358950863
 10
83.50320181841569
 20
37.10154036337448
 10
83.50318857488621
 20
37.103836713423775
 10
83.50318857488621
 20
37.74950444485617
 10
83.50320182465352
 20
37.75180133562533
 10
83.50562755600818
 20
37.9620485961331
 10
83.50573700345176
 20
37.96674036461573
 10
83.51302773963074
 20
38.174311364640815
 10
83.5132556397016
 20
38.179132883192324
 10
83.52543169387748
 20
38.38403270102785
 10
83.52578751982612
 20
38.38897929465875
 10
83.54286920517144
 20
38.59121300859785
 10
83.54422519737126
 20
38.60303897833744
 10
83.57258027028747
 20
38.798500576784065
 10
83.5764419847202
 20
38.818123801442795
 10
83.62253807470721
 20
39.00283846204026
 10
83.62879537231449
 20
39.023204332582424
 10
83.69261978363947
 20
39.19717586405058
 10
83.70142401899254
 20
39.217574901505145
 10
83.78296405592265
 20
39.38080711256383
 10
83.7964357398307
 20
39.40378780291637
 10
83.89856233075211
 20
39.55397525427959
 10
83.90755897269263
 20
39.56617906299037
 10
83.9174582095388
 20
39.57766286127831
 10
84.04305921048162
 20
39.71261733759333
 10
84.06414259764576
 20
39.732216270959086
 10
84.21323070434279
 20
39.851934598292644
 10
84.23478347206351
 20
39.86701309714361
 10
84.40737138024765
 20
39.97149210156253
 10
84.4202400281677
 20
39.97864595277683
 10
84.43360216985762
 20
39.984829225045246
 10
84.63605044168172
 20
40.06956943303322
 10
84.6498599592805
 20
40.07475731544535
 10
84.66401570190546
 20
40.07890844191529
 10
84.90282709173023
 20
40.13942773079087
 10
84.92569111387162
 20
40.143817615615504
 10
85.20084784767111
 20
40.18012360281841
 10
85.2191634087607
 20
40.18168433749368
 10
85.53064771250892
 20
40.193784640463605
 10
85.54610324142932
 20
40.19378468973257
 10
85.8576387513
 20
40.181684386762655
 10
85.87595436034981
 20
40.180123763844676
 10
86.15112421307323
 20
40.14381777664177
 10
86.17398790835087
 20
40.13942812289477
 10
86.41280733880645
 20
40.078908834019174
 10
86.42695789713248
 20
40.07475956332614
 10
86.44076252534303
 20
40.06957429687289
 10
86.64324676841018
 20
39.98483408888491
 10
86.65662532861033
 20
39.97864351337148
 10
86.66950916354584
 20
39.97148000197197
 10
86.84205136709174
 20
39.86700099755305
 10
86.863581568784
 20
39.851936671189875
 10
87.01267475377419
 20
39.7322183438563
 10
87.0337470478549
 20
39.71263202900525
 10
87.1593734402634
 20
39.57767755269023
 10
87.16927578720954
 20
39.566192305287785
 10
87.17827522803542
 20
39.553986673482825
 10
87.28041705383625
 20
39.40379922211959
 10
87.29390407156895
 20
39.380791960323066
 10
87.37542675766413
 20
39.217559749264396
 10
87.38423033382223
 20
39.19715702851647
 10
87.44803485516574
 20
39.02318549704832
 10
87.45428638731089
 20
39.00283387922748
 10
87.50037782219586
 20
38.81811921863003
 10
87.50423433035074
 20
38.79852856829427
 10
87.53261775707033
 20
38.60306696984763
 10
87.53398373590313
 20
38.59114272522585
 10
87.55099326716679
 20
38.388909011286756
 10
87.55134242742987
 20
38.38404517638209
 10
87.56353138893412
 20
38.17914535854658
 10
87.56375848185665
 20
38.17435532368252
 10
87.57109513426941
 20
37.966784323657436
  0
LWPOLYLINE
  5
94
330
17
100
AcDbEntity
  8
0
100
AcDbPolyline
 90
67
 70
1
 10
86.75212075684736
 20
39.43076791044511
 10
86.62454008705474
 20
39.53321219311755
 10
86.47589692338447
 20
39.623219677864995
 10
86.30067047047915
 20
39.696552426326164
 10
86.08747833927923
 20
39.75057749518041
 10
85.83299062533216
 20
39.78415467521816
 10
85.53837674630525
 20
39.79559772771914
 10
85.2438140500138
 20
39.78415478235762
 10
84.98933960072235
 20
39.75057775165273
 10
84.77616099731411
 20
39.69655429200441
 10
84.60095821921614
 20
39.62321842342759
 10
84.45226704188958
 20
39.53320570853691
 10
84.32470817573186
 20
39.43077544477349
 10
84.21929042943974
 20
39.3175072650745
 10
84.13321413073287
 20
39.19092338707637
 10
84.06261163283604
 20
39.04958666131736
 10
84.00629362199068
 20
38.896075952912724
 10
83.96520483375296
 20
38.73142637903719
 10
83.93914202953535
 20
38.55176620368036
 10
83.92277021761585
 20
38.3579368325465
 10
83.91088444526999
 20
38.157921905434335
 10
83.90376080758706
 20
37.95510828533298
 10
83.90137539912111
 20
37.74835596125608
 10
83.90137539912111
 20
37.10498492663693
 10
83.90376082028213
 20
36.89818281167133
 10
83.91088444507305
 20
36.69535343245984
 10
83.92277005633487
 20
36.4953573268473
 10
83.93914215940295
 20
36.30157196528994
 10
83.96520631435864
 20
36.12183858559503
 10
84.00629300587163
 20
35.957184683086254
 10
84.06260460823292
 20
35.803715805672866
 10
84.13321138407615
 20
35.662419161971044
 10
84.21929670496995
 20
35.53579160560413
 10
84.32469993143478
 20
35.42254444287714
 10
84.45225459166103
 20
35.32013719866876
 10
84.60095665208264
 20
35.23012947226847
 10
84.77617098622814
 20
35.156779884737034
 10
84.98935091186861
 20
35.102741829182094
 10
85.24382133254419
 20
35.069151729739175
 10
85.53837674664344
 20
35.05770296435726
 10
85.83298334337523
 20
35.06915183697829
 10
86.08746702853726
 20
35.10274208581761
 10
86.30066048213742
 20
35.15678175103454
 10
86.47589849204714
 20
35.23012821761357
 10
86.62455253714988
 20
35.320130715281564
 10
86.7521290017903
 20
35.42255197645123
 10
86.85755902613955
 20
35.53580503610844
 10
86.94364749115705
 20
35.66241832961889
 10
87.01423117543585
 20
35.80369882597334
 10
87.07052706101287
 20
35.95717269761094
 10
87.11161544035805
 20
36.12184999431817
 10
87.13770097699428
 20
36.30155112486865
 10
87.1540032376896
 20
36.49532833690661
 10
87.16590485087316
 20
36.695381634539984
 10
87.1730735693027
 20
36.89821751736035
 10
87.1754851601166
 20
37.10499764586484
 10
87.1754851601166
 20
37.748343239033474
 10
87.17307358221912
 20
37.9550735749084
 10
87.16590485067469
 20
38.15789370210946
 10
87.15400307691282
 20
38.35796581447768
 10
87.13770110642831
 20
38.55178703062444
 10
87.11161692223685
 20
38.73141496584901
 10
87.07052644508197
 20
38.896087937310895
 10
87.01422415366618
 20
39.049603638965266
 10
86.94364474409532
 20
39.190924216479246
 10
86.85756530277142
 20
39.31749383480992
 10
86.75212075684736
 20
39.43076791044511
  0
LWPOLYLINE
  5
95
330
17
100
AcDbEntity
  8
0
100
AcDbPolyline
 90
153
 70
1
 10
86.53405776789062
 20
36.74192615906911
 10
86.52850528913298
 20
36.57961259007918
 10
86.52835704468835
 20
36.576157524217464
 10
86.52062978689521
 20
36.42643621784504
 10
86.52005445779243
 20
36.41842896065775
 10
86.50741035426584
 20
36.281216336661586
 10
86.50569544889525
 20
36.26769245493625
 10
86.48553039323419
 20
36.14303527593232
 10
86.48227272529662
 20
36.1270715913615
 10
86.45457656091482
 20
36.01497937914945
 10
86.44897155760658
 20
35.99628330406793
 10
86.41373412791772
 20
35.89676558044735
 10
86.40364804813338
 20
35.873217931251205
 10
86.35932470564192
 20
35.78575850888443
 10
86.35165434657652
 20
35.77200152058606
 10
86.34292048867208
 20
35.758893932656235
 10
86.28797335694001
 20
35.683108236635945
 10
86.27750972594963
 20
35.669892042694244
 10
86.26596561041588
 20
35.6576083644035
 10
86.20039468944317
 20
35.593505281742694
 10
86.18768704125291
 20
35.58210565413843
 10
86.17404953360803
 20
35.57183656375621
 10
86.09785482339474
 20
35.51942498146788
 10
86.08326700728504
 20
35.51029338632917
 10
86.06794507119939
 20
35.50245574106961
 10
85.97885022684726
 20
35.46163864259529
 10
85.96441966183302
 20
35.455700214178364
 10
85.94956833313655
 20
35.45091020638688
 10
85.845434123662
 20
35.421776356058686
 10
85.82066468745892
 20
35.416518610008126
 10
85.70148349542227
 20
35.39905086858673
 10
85.6812339871252
 20
35.39713311883527
 10
85.54699819508672
 20
35.39131434708132
 10
85.52993712626876
 20
35.391306494644056
 10
85.39278343163254
 20
35.39712526639801
 10
85.37271015648768
 20
35.398998537899175
 10
85.25199489673285
 20
35.416466279320574
 10
85.22694627366839
 20
35.42175395168849
 10
85.12264405732925
 20
35.45088780201668
 10
85.10727778097238
 20
35.45586009309173
 10
85.09236509202974
 20
35.46206153132091
 10
85.00445052764063
 20
35.50287862979525
 10
84.98880506226966
 20
35.51100305353887
 10
84.97393962064875
 20
35.52047962956904
 10
84.89923983297739
 20
35.57289121185738
 10
84.88576727534557
 20
35.58322865016946
 10
84.87322464725115
 20
35.59467657227276
 10
84.80874365494277
 20
35.65877965493357
 10
84.79746168758577
 20
35.670972719206745
 10
84.7872354644564
 20
35.6840638598875
 10
84.7329694587912
 20
35.75984955590779
 10
84.72449184022626
 20
35.772712846676214
 10
84.71703420544192
 20
35.78619312669366
 10
84.67297937770003
 20
35.87365254906044
 10
84.66314102529641
 20
35.89668617175998
 10
84.62785619820498
 20
35.996203895380546
 10
84.62222985753725
 20
36.01495187165463
 10
84.59451676551164
 20
36.12704408386668
 10
84.59124767292083
 20
36.14306388585378
 10
84.57110123766795
 20
36.267721064857724
 10
84.5693831541712
 20
36.28130122433504
 10
84.55679829739789
 20
36.418513848331216
 10
84.55623405124207
 20
36.42637288272729
 10
84.54845897285522
 20
36.57609418909972
 10
84.54830743178572
 20
36.57961310825455
 10
84.5427553762192
 20
36.74192667724448
 10
84.54267509678563
 20
36.744942082558936
 10
84.53934479446612
 20
36.91982061834075
 10
84.53931219376027
 20
36.922432423117385
 10
84.53820237511452
 20
37.10984862986545
 10
84.53819888447323
 20
37.11102757650444
 10
84.53819888447323
 20
37.742313581775505
 10
84.5382023757136
 20
37.74349262957924
 10
84.53931219435937
 20
37.93089275506571
 10
84.53934480739208
 20
37.933505137376756
 10
84.5426751097116
 20
38.10835235701755
 10
84.5427553847076
 20
38.11136733178594
 10
84.54830744027414
 20
38.27367497610055
 10
84.54845875835618
 20
38.27718951575862
 10
84.55623383674303
 20
38.42697091526651
 10
84.5567990222042
 20
38.43484198183471
 10
84.56938387897752
 20
38.57199451269544
 10
84.57110242696429
 20
38.58557412930651
 10
84.5912488622172
 20
38.71020168493382
 10
84.59451542069512
 20
38.72620868919893
 10
84.62222851272072
 20
38.838314443526016
 10
84.62784159770162
 20
38.85702666578106
 10
84.66312642479308
 20
38.95661379274115
 10
84.67300246659117
 20
38.97973443152077
 10
84.71705729433309
 20
39.0671377810675
 10
84.72451377248267
 20
39.080608487668115
 10
84.73298892025564
 20
39.09346270382241
 10
84.7872549259208
 20
39.169221527208194
 10
84.7974643203812
 20
39.182288588568156
 10
84.80872571532949
 20
39.19446072115254
 10
84.87320670763783
 20
39.2585800966705
 10
84.88570734091827
 20
39.26999564583724
 10
84.89913255880198
 20
39.28030797437958
 10
84.97383234647334
 20
39.33279298032285
 10
84.98879670876813
 20
39.34234005659718
 10
85.0045519333169
 20
39.35051634571231
 10
85.09246649770601
 20
39.391273456848964
 10
85.10732468442278
 20
39.39744515081628
 10
85.12263269076742
 20
39.40239696469496
 10
85.22693490710655
 20
39.4315374802829
 10
85.25194161764138
 20
39.4368206109927
 10
85.37265687739624
 20
39.4543216787128
 10
85.392754484056
 20
39.456201436943616
 10
85.52990817869222
 20
39.46204020447679
 10
85.54702776838623
 20
39.462032298128065
 10
85.68126356042471
 20
39.4561935305949
 10
85.70153741724233
 20
39.45426915440372
 10
85.82071860927901
 20
39.436768086683614
 10
85.84544550457132
 20
39.43151506677532
 10
85.94957971404587
 20
39.40237455118738
 10
85.96437317864714
 20
39.397604751992716
 10
85.97874946075821
 20
39.39169542953333
 10
86.06784430511034
 20
39.350938318396686
 10
86.08327542242849
 20
39.343049768422546
 10
86.09796204975463
 20
39.33384913908735
 10
86.17415675996791
 20
39.281364133144095
 10
86.18774706644113
 20
39.27111946157204
 10
86.20041277361257
 20
39.25975154234716
 10
86.26598369458524
 20
39.19563216682921
 10
86.27750702596752
 20
39.18336929847301
 10
86.28795365746107
 20
39.17017714182957
 10
86.34290078919314
 20
39.094418318443786
 10
86.3516321802229
 20
39.081319857172076
 10
86.35930142096511
 20
39.06757250748426
 10
86.40362476345653
 20
38.98016915793754
 10
86.41374869576923
 20
38.95653442089221
 10
86.44898612545809
 20
38.85694729393212
 10
86.4545779042307
 20
38.83828693878024
 10
86.48227406861251
 20
38.726181184453154
 10
86.48552920182256
 20
38.710230301135766
 10
86.50569425748363
 20
38.58560274550845
 10
86.50740962270542
 20
38.57207943662651
 10
86.520053726232
 20
38.43492690576578
 10
86.52062999877431
 20
38.426907605355524
 10
86.52835725656742
 20
38.27712620584764
 10
86.52850528064327
 20
38.27367549429475
 10
86.53405775940091
 20
38.11136784998014
 10
86.53413760123628
 20
38.10837595598461
 10
86.53748863991943
 20
37.93352873634382
 10
86.53752162081533
 20
37.930906691834934
 10
86.53864455838506
 20
37.74350656634846
 10
86.53864813264941
 20
37.742313581775505
 10
86.53864813264941
 20
37.11102757650444
 10
86.5386445589984
 20
37.10983469429195
 10
86.53752162142867
 20
36.92241848754388
 10
86.53748865300678
 20
36.919797023594995
 10
86.53413761432363
 20
36.744918487813194
 10
86.53405776789062
 20
36.74192615906911
  0
LWPOLYLINE
  5
96
330
17
100
AcDbEntity
  8
0
100
AcDbPolyline
 90
67
 70
1
 10
86.09375571770882
 20
38.6385877738345
 10
86.07035235368083
 20
38.73331756175669
 10
86.0426651110645
 20
38.81156654217196
 10
86.01130490331828
 20
38.87340725736688
 10
85.97552825477071
 20
38.92273461465038
 10
85.93422265717116
 20
38.963125828990385
 10
85.88639521503576
 20
38.996070682743365
 10
85.8272722018922
 20
39.023116952759864
 10
85.75033705366802
 20
39.04464618794012
 10
85.65377404264744
 20
39.05882590678877
 10
85.53828407865858
 20
39.06384929914864
 10
85.41978685904003
 20
39.058804756086815
 10
85.32174595754977
 20
39.04459097350616
 10
85.24531084303602
 20
39.02323611908284
 10
85.18818105232431
 20
38.996750800689554
 10
85.14193780534889
 20
38.96425971647096
 10
85.10128270282904
 20
38.92383261242263
 10
85.06568427074266
 20
38.87413491869735
 10
85.03424446001505
 20
38.811759353803396
 10
85.00643240183028
 20
38.733263206938574
 10
84.98302819203094
 20
38.638587860298784
 10
84.96527920565954
 20
38.5287911266057
 10
84.95368068391416
 20
38.402387891330434
 10
84.94620137219844
 20
38.258304228067146
 10
84.94076100660656
 20
38.099261705374985
 10
84.93748429997119
 20
37.9272283613104
 10
84.93638570870813
 20
37.74172405270578
 10
84.93638570870813
 20
37.11161705499093
 10
84.93748430294447
 20
36.92609632571181
 10
84.94076102057461
 20
36.75403159213626
 10
84.94620130791763
 20
36.594985551549684
 10
84.95368070064775
 20
36.45095813539929
 10
84.9652801802513
 20
36.3244890732508
 10
84.98302864012292
 20
36.21466949914313
 10
85.00642620644989
 20
36.12003246017454
 10
85.03424319250989
 20
36.04157711948369
 10
85.06570686382979
 20
35.97911416910513
 10
85.10128722053908
 20
35.92942409030147
 10
85.14188056367051
 20
35.88906865628786
 10
85.18816723666377
 20
35.8565925563408
 10
85.24535964228336
 20
35.83003918525401
 10
85.32171406102817
 20
35.80871175535188
 10
85.41974552244749
 20
35.79452640527508
 10
85.53828439325882
 20
35.78949737098584
 10
85.65381601999509
 20
35.794505365918724
 10
85.75036927178432
 20
35.808656652768846
 10
85.82722391754059
 20
35.83015844125687
 10
85.88640885430475
 20
35.85727288777356
 10
85.93428003208616
 20
35.890201737643935
 10
85.97552364888115
 20
35.93052209516556
 10
86.01128205866947
 20
35.979841793736924
 10
86.04266639559044
 20
36.04176979429339
 10
86.07035853883808
 20
36.11997808254
 10
86.09375526951358
 20
36.214669580748705
 10
86.11152927170961
 20
36.32454564608699
 10
86.1231791589942
 20
36.450969128797226
 10
86.13061035997693
 20
36.59495411659471
 10
86.13605254962586
 20
36.75404364464137
 10
86.1393497986301
 20
36.92611509247854
 10
86.14046130841452
 20
37.11162402296311
 10
86.14046130841452
 20
37.74171708413573
 10
86.13934980165722
 20
37.927209591833915
 10
86.1360525636819
 20
38.099249650750295
 10
86.13061029608455
 20
38.258335650357466
 10
86.12317917569179
 20
38.40237686680709
 10
86.11153025169024
 20
38.5287345326756
 10
86.09375571770882
 20
38.6385877738345
  0
LWPOLYLINE
  5
97
330
17
100
AcDbEntity
  8
0
100
AcDbPolyline
 90
107
 70
1
 10
66.93402774147523
 20
36.91636674769079
 10
66.9214150820647
 20
36.902989298701684
 10
66.90762214963718
 20
36.8908323939183
 10
66.83410708543533
 20
36.83183870893899
 10
66.82085477814596
 20
36.82207650251165
 10
66.80684137277163
 20
36.81344233824193
 10
66.72516041320704
 20
36.76766205460932
 10
66.70106462775482
 20
36.756206276985
 10
66.61202014314296
 20
36.720976782129156
 10
66.58812241184182
 20
36.71322655550223
 10
66.49170424559641
 20
36.6885586407961
 10
66.4691465604614
 20
36.68415672089374
 10
66.36534455599617
 20
36.67006117771024
 10
66.35270683448977
 20
36.66875417752429
 10
66.24283457696257
 20
36.66092450748624
 10
66.23831789175122
 20
36.66065418863869
 10
66.12370250843496
 20
36.65510086349886
 10
66.11958475998574
 20
36.65494404548966
 10
66.00023640746667
 20
36.651635325915976
 10
65.99647743421842
 20
36.651566626152075
 10
65.87240626908282
 20
36.650470772812426
 10
65.87064785349466
 20
36.65046300739806
 10
65.31422943116398
 20
36.65046300739806
 10
65.29471486424978
 20
36.65142169659518
 10
65.2753882332827
 20
36.65428853148546
 10
65.25643566428398
 20
36.65903590288177
 10
65.2380396808536
 20
36.66561809100236
 10
65.22037744636827
 20
36.67397170577746
 10
65.20361905780122
 20
36.68401629733022
 10
65.18792590759546
 20
36.69565513075307
 10
65.17344912936618
 20
36.70877611771769
 10
65.16032814240155
 20
36.72325289594697
 10
65.14868930897872
 20
36.73894604615275
 10
65.13864471742595
 20
36.75570443471979
 10
65.13029110265086
 20
36.77336666920512
 10
65.12370891453025
 20
36.7917626526355
 10
65.11896154313395
 20
36.810715221634226
 10
65.11609470824365
 20
36.8300418526013
 10
65.11513601904655
 20
36.84955641951551
 10
65.11513601904655
 20
39.10339093704201
 10
65.11609470824365
 20
39.12290550395622
 10
65.11896154313395
 20
39.14223213492329
 10
65.12370891453025
 20
39.16118470392202
 10
65.13029110265086
 20
39.1795806873524
 10
65.13864471742595
 20
39.19724292183773
 10
65.14868930897872
 20
39.21400131040477
 10
65.16032814240155
 20
39.229694460610546
 10
65.17344912936618
 20
39.244171238839826
 10
65.18792590759546
 20
39.25729222580445
 10
65.20361905780122
 20
39.2689310592273
 10
65.22037744636827
 20
39.278975650780055
 10
65.2380396808536
 20
39.28732926555516
 10
65.25643566428398
 20
39.29391145367575
 10
65.2753882332827
 20
39.29865882507205
 10
65.29471486424978
 20
39.30152565996234
 10
65.31422943116398
 20
39.30248434915946
 10
65.87909813327306
 20
39.30248434915946
 10
65.88089704339859
 20
39.30247622196012
 10
66.00470413729111
 20
39.301357516301366
 10
66.00851482269063
 20
39.30128660068007
 10
66.12707096148046
 20
39.297944872201
 10
66.1311907407337
 20
39.297786043473195
 10
66.2444857678346
 20
39.29224287491964
 10
66.24895409335545
 20
39.29197386978237
 10
66.35697785218112
 20
39.28425084390018
 10
66.37029156841076
 20
39.28284774770498
 10
66.47219936953627
 20
39.268629373306226
 10
66.49474540712538
 20
39.26414372345971
 10
66.58984829544856
 20
39.23943867373501
 10
66.6135350574028
 20
39.23167324318052
 10
66.70181271975113
 20
39.196471361543615
 10
66.72551963705884
 20
39.18515197270615
 10
66.80695176025978
 20
39.13944310257075
 10
66.8209669904594
 20
39.13079508806001
 10
66.8342195386695
 20
39.12101834021293
 10
66.90773460287134
 20
39.06193705467703
 10
66.92147587418027
 20
39.04981164599198
 10
66.9340439943062
 20
39.03647408888938
 10
66.99859079282976
 20
38.961327623017596
 10
67.00861397080146
 20
38.94865197387291
 10
67.01757614241309
 20
38.93520520259145
 10
67.07316483184465
 20
38.84398339979751
 10
67.08574287437
 20
38.81974341314867
 10
67.13238361129586
 20
38.71243611684628
 10
67.1410613566484
 20
38.68833798878424
 10
67.17792299375859
 20
38.56076100282263
 10
67.18281249492787
 20
38.539552958875305
 10
67.20919253500527
 20
38.38760968766029
 10
67.21132669389662
 20
38.371386503099615
 10
67.22718451059612
 20
38.195061076965146
 10
67.22791558618738
 20
38.18247773987191
 10
67.2332105531639
 20
37.98175428915195
 10
67.2332105879469
 20
37.97125532565542
 10
67.22791562097038
 20
37.77048140939738
 10
67.2271849027983
 20
37.75790111506414
 10
67.2113270860988
 20
37.581532206044685
 10
67.20919297858089
 20
37.56530721498933
 10
67.18281293850349
 20
37.413352200221425
 10
67.17791782146635
 20
37.392123703273455
 10
67.14105618435617
 20
37.26459146977011
 10
67.1324031607917
 20
37.24055623279747
 10
67.08576242386584
 20
37.13317657081788
 10
67.07318212433691
 20
37.10891997363102
 10
67.01759343490534
 20
37.0176638923584
 10
67.0086164087241
 20
37.004192093001336
 10
66.99857453999878
 20
36.99149416996332
 10
66.93402774147523
 20
36.91636674769079
  0
LWPOLYLINE
  5
98
330
17
100
AcDbEntity
  8
0
100
AcDbPolyline
 90
36
 70
1
 10
66.81547395497252
 20
38.32756406712518
 10
66.79235889177467
 20
38.460701784365995
 10
66.76208469625013
 20
38.56547983873962
 10
66.72601531148842
 20
38.64846540914823
 10
66.68597875197774
 20
38.714165953154165
 10
66.6439664368385
 20
38.76307739536388
 10
66.59765161320968
 20
38.80029887301701
 10
66.54209661153386
 20
38.831482590905665
 10
66.47764646383584
 20
38.85718293695464
 10
66.40577381968558
 20
38.87585342403325
 10
66.32190199336468
 20
38.887555384187124
 10
66.22279134334443
 20
38.89464117830896
 10
66.11379105850055
 20
38.89997421866154
 10
65.99920063493154
 20
38.90320416597406
 10
65.87819865985149
 20
38.90429752492457
 10
65.51332284328143
 20
38.90429752492457
 10
65.51332284328143
 20
37.04864983163294
 10
65.86976862855461
 20
37.04864983163294
 10
65.99108079207844
 20
37.04972131620708
 10
66.10649029661047
 20
37.05292083826646
 10
66.2167877386008
 20
37.058264951244496
 10
66.31806346659714
 20
37.06548201905507
 10
66.40416137929567
 20
37.07717347773841
 10
66.4772341048818
 20
37.09586862443426
 10
66.5421421546029
 20
37.121548797818605
 10
66.59776462159819
 20
37.15272390066954
 10
66.6440236364661
 20
37.189845404679616
 10
66.68597438326775
 20
37.23867279103659
 10
66.72599583537202
 20
37.3043732226032
 10
66.76208158586664
 20
37.387452435021075
 10
66.79236012888593
 20
37.492208775791724
 10
66.81547346348827
 20
37.625346826019424
 10
66.83003339250767
 20
37.787280769715125
 10
66.83502372224933
 20
37.97650348821257
 10
66.83003350943136
 20
38.165674212239765
 10
66.81547395497252
 20
38.32756406712518
  0
LWPOLYLINE
  5
99
330
17
100
AcDbEntity
  8
0
100
AcDbPolyline
 90
133
 70
1
 10
72.10132845529337
 20
39.234626624659086
 10
72.11225555438453
 20
39.24706722519686
 10
72.14973505049294
 20
39.286318199227566
 10
72.1614936377975
 20
39.29766181487537
 10
72.17414274730028
 20
39.30800309236665
 10
72.2167767109418
 20
39.34003231036682
 10
72.24136994533613
 20
39.35582497402791
 10
72.28930564701169
 20
39.38184911039468
 10
72.31421382308297
 20
39.393228715673004
 10
72.36743094962002
 20
39.41324269211327
 10
72.39116378983472
 20
39.420515015241776
 10
72.44964202806072
 20
39.4345137534624
 10
72.4665890550218
 20
39.437801038385516
 10
72.53059586170853
 20
39.44735870346088
 10
72.54055042981001
 20
39.448589677313706
 10
72.6103668038444
 20
39.455442516507475
 10
72.61896659095096
 20
39.456098917619315
 10
72.69459253233303
 20
39.460225982972304
 10
72.70206715540102
 20
39.46049318939312
 10
72.7835026641307
 20
39.46187353294616
 10
72.7904135129621
 20
39.46187071230149
 10
72.86810631965052
 20
39.46049036874845
 10
72.87580896492229
 20
39.46020428691847
 10
72.94879927216671
 20
39.45607722156548
 10
72.95744837551318
 20
39.45539885165158
 10
73.02570571355484
 20
39.44854601245781
 10
73.03545272720494
 20
39.44732387895915
 10
73.09894662628498
 20
39.43776621388379
 10
73.11585888021453
 20
39.434466367361594
 10
73.17407473996182
 20
39.42046762914097
 10
73.19852128199535
 20
39.41289745637381
 10
73.25095804415382
 20
39.39288347993353
 10
73.27696200465464
 20
39.38074452405134
 10
73.32360951263801
 20
39.35472038768455
 10
73.33687020658748
 20
39.34662839164184
 10
73.34945961907236
 20
39.33752712264996
 10
73.39030771629437
 20
39.30549790464978
 10
73.40313486430314
 20
39.29453115159069
 10
73.41498716703474
 20
39.2825174794353
 10
73.45055722492403
 20
39.24326650540459
 10
73.46076482493977
 20
39.231055226182335
 10
73.46996440684718
 20
39.21806761165713
 10
73.5007913389474
 20
39.17063550738423
 10
73.51409881452675
 20
39.14670442530158
 10
73.54019277742417
 20
39.09108611249337
 10
73.54873687753785
 20
39.06975183404593
 10
73.57010802781873
 20
39.005942234409275
 10
73.5756411125676
 20
38.986050605662285
 10
73.59221496859927
 20
38.911734546516016
 10
73.59516206021696
 20
38.89530573233516
 10
73.60701310363213
 20
38.808424071610375
 10
73.60833196451928
 20
38.79572760565003
 10
73.61545003873162
 20
38.696263204107396
 10
73.61591321390283
 20
38.68627000717265
 10
73.61828816232612
 20
38.57420572557285
 10
73.61827985506581
 20
38.56539366816874
 10
73.61615374300617
 20
38.47327078573646
 10
73.6156310071985
 20
38.46273436555812
 10
73.60927975524969
 20
38.3794013737577
 10
73.60789624681131
 20
38.366669172886674
 10
73.59736048131838
 20
38.29212543693146
 10
73.5945364547958
 20
38.276608512548634
 10
73.57985680210386
 20
38.210853397652
 10
73.5759420302346
 20
38.19602788304975
 10
73.55800380611372
 20
38.137349581233764
 10
73.55392695132385
 20
38.12538595399852
 10
73.53390662701717
 20
38.072225852461486
 10
73.52818737941614
 20
38.058596286390525
 10
73.5060747983374
 20
38.01093978503968
 10
73.49812625250017
 20
37.995591777450386
 10
73.4739112580631
 20
37.953424276192976
 10
73.46390809701383
 20
37.93774878812714
 10
73.43778366435761
 20
37.90074284285363
 10
73.42587238230438
 20
37.88549981061455
 10
73.3981939919485
 20
37.853422348829596
 10
73.38290463954262
 20
37.837567927934174
 10
73.35366213490089
 20
37.81042402793089
 10
73.33460573610851
 20
37.794814475095706
 10
73.30378896059459
 20
37.77260921516725
 10
73.29020748047823
 20
37.76364281130513
 10
73.25884732759873
 20
37.74473251723977
 10
73.25325205324337
 20
37.74148135566371
 10
73.22239972967752
 20
37.72421896772099
 10
73.21632950248907
 20
37.72095919306575
 10
73.18600532140933
 20
37.70534471124569
 10
73.17940944584133
 20
37.70210098746732
 10
73.14991144911836
 20
37.68826468294985
 10
72.68650675644689
 20
37.469155738089924
 10
72.6680095308857
 20
37.461522151135526
 10
72.64883946660758
 20
37.45578389017736
 10
72.62919021671978
 20
37.45199892226495
 10
72.60926027499055
 20
37.450205482575086
 10
72.58925097069495
 20
37.45042168816589
 10
72.56936443481673
 20
37.45264535496101
 10
72.54980155815154
 20
37.45685401981275
 10
72.53075996193836
 20
37.46300516742156
 10
72.51243200151937
 20
37.47103665981905
 10
72.49500282319524
 20
37.48086736407649
 10
72.47864849390508
 20
37.49239797189743
 10
72.46353422262466
 20
37.50551200281522
 10
72.4498126914501
 20
37.520076980861106
 10
72.18850403984156
 20
37.82698870483141
 10
72.17865188620077
 20
37.83954725284208
 10
72.14486938749538
 20
37.886359064767944
 10
72.13849469194496
 20
37.89574481354103
 10
72.10474266299839
 20
37.948620742258
 10
72.09976422243635
 20
37.95685188662357
 10
72.06603250666232
 20
38.015792566918236
 10
72.06209940517347
 20
38.02300634454227
 10
72.02837784598573
 20
38.08801241120132
 10
72.01971316088672
 20
38.10711527890324
 10
71.99021674158818
 20
38.182464770702694
 10
71.98173541657884
 20
38.20975838187097
 10
71.96067912047239
 20
38.29991300252195
 10
71.95688611670691
 20
38.32141910477064
 10
71.94425978720632
 20
38.42639599351247
 10
71.94295770831569
 20
38.44318556047985
 10
71.93875118883464
 20
38.563001856551864
 10
71.93867329772404
 20
38.57420572557285
 10
71.94104824614733
 20
38.68627000717265
 10
71.94151142131857
 20
38.696263204107396
 10
71.94862949553091
 20
38.79572760565003
 10
71.94994835641806
 20
38.808424071610375
 10
71.96179939983323
 20
38.89530573233516
 10
71.96474649145092
 20
38.91173454651606
 10
71.98132034748262
 20
38.98605060566233
 10
71.9870350109055
 20
39.00648182561814
 10
72.0086092929118
 20
39.070291425254794
 10
72.01794006748516
 20
39.09311990766966
 10
72.04480593093926
 20
39.14873822047785
 10
72.05930530248479
 20
39.17388895221126
 10
72.0914729039729
 20
39.22132105648414
 10
72.10132845529337
 20
39.234626624659086
  0
LWPOLYLINE
  5
9A
330
17
100
AcDbEntity
  8
0
100
AcDbPolyline
 90
60
 70
1
 10
72.35091773559837
 20
38.37982642302353
 10
72.3662283136696
 20
38.314272664139224
 10
72.38667351564747
 20
38.26204477969071
 10
72.41366676338937
 20
38.210009081925804
 10
72.44296772162433
 20
38.15881042890672
 10
72.4710774998935
 20
38.11477365012921
 10
72.49686471781574
 20
38.07904075760416
 10
72.65414771809857
 20
37.89430903720046
 10
72.97998332996157
 20
38.048371993925215
 10
72.9805383845971
 20
38.048633391514755
 10
73.00698622838011
 20
38.061038993964615
 10
73.03097909456072
 20
38.073393364616976
 10
73.05600045261478
 20
38.08739323041836
 10
73.0776152640688
 20
38.100427045729575
 10
73.09181272569622
 20
38.110657133741825
 10
73.1039269515732
 20
38.12190197544915
 10
73.1180734770236
 20
38.13829688222263
 10
73.13324497831066
 20
38.1597877124249
 10
73.14851712053469
 20
38.18638231182116
 10
73.16387608241844
 20
38.219483575990836
 10
73.17906152856305
 20
38.25980559308539
 10
73.19290824125183
 20
38.30510002027248
 10
73.20419661558823
 20
38.35566445575779
 10
73.21273129735361
 20
38.41604991748878
 10
73.21819466774313
 20
38.48773326488892
 10
73.22009734945304
 20
38.57017507348151
 10
73.21792179369284
 20
38.67283081579386
 10
73.21161669852289
 20
38.76093505565426
 10
73.20175761149962
 20
38.833213404809186
 10
73.1892520687402
 20
38.889287420028566
 10
73.17481922926238
 20
38.93238073492262
 10
73.15944295240071
 20
38.96515469799135
 10
73.14478850518874
 20
38.98770287975526
 10
73.13129479466598
 20
39.002592967450795
 10
73.11601577240542
 20
39.0145733329536
 10
73.09552903010037
 20
39.0260026632331
 10
73.06851231850852
 20
39.036314356919675
 10
73.03114816566993
 20
39.04529903904398
 10
72.98104028655014
 20
39.05284172161983
 10
72.92198869482046
 20
39.0587703305265
 10
72.85717888432411
 20
39.06243484891985
 10
72.78679556965916
 20
39.063685327037206
 10
72.71255533135779
 20
39.06242694434992
 10
72.64497119561942
 20
39.05873873710357
 10
72.58444039777099
 20
39.05279732536938
 10
72.53394020466776
 20
39.04525650343331
 10
72.49595768653028
 20
39.03616410693682
 10
72.46722619036258
 20
39.025358722940865
 10
72.44423012624283
 20
39.01287423460266
 10
72.42640748852547
 20
38.99948478872362
 10
72.41170454659085
 20
38.98408690849648
 10
72.39702383578866
 20
38.962439755045295
 10
72.3818620614246
 20
38.93105150985642
 10
72.36764725695657
 20
38.88900881375402
 10
72.35520384855054
 20
38.833213404809044
 10
72.34534476152727
 20
38.76093505565426
 10
72.33903966635735
 20
38.67283081579386
 10
72.33688947639449
 20
38.57137198362558
 10
72.34060366902683
 20
38.465578867461815
 10
72.35091773559837
 20
38.37982642302353
  0
LWPOLYLINE
  5
9B
330
17
100
AcDbEntity
  8
0
100
AcDbPolyline
 90
89
 70
1
 10
91.607373826385
 20
42.573141236214894
 10
91.61396034632095
 20
42.55480570497599
 10
91.61872322146074
 20
42.5359141997135
 10
91.62161684267129
 20
42.51664762485002
 10
91.62261350073264
 20
42.49719047646214
 10
91.62170365168053
 20
42.47772907555206
 10
91.61889600819909
 20
42.45844978384409
 10
91.61421745618837
 20
42.43953721919085
 10
91.60771279730595
 20
42.42117248767897
 10
91.5994443199478
 20
42.40353144936324
 10
91.58949120277653
 20
42.386783034236586
 10
91.57794875650931
 20
42.371087624562136
 10
91.5649275112256
 20
42.35659551905805
 10
91.55055215793477
 20
42.343445493641966
 10
91.5349603545392
 20
42.33176347251748
 10
91.44203436120698
 20
42.26899545196258
 10
91.43082624238393
 20
42.26195569226462
 10
91.33363448281743
 20
42.20532542375129
 10
91.3218906145831
 20
42.198999852829616
 10
91.22074794295678
 20
42.148817747025774
 10
91.20848401190351
 20
42.14324179957519
 10
91.10370528239177
 20
42.09981826714879
 10
91.08879380164244
 20
42.094324991408115
 10
90.947206968694
 20
42.0484948770241
 10
90.93058695776857
 20
42.04390003372724
 10
90.78400943224064
 20
42.010134674261195
 10
90.76654716318102
 20
42.00692450684359
 10
90.61539663468407
 20
41.98605547279654
 10
90.59731142072867
 20
41.98439468123368
 10
90.44200557887318
 20
41.977253543106656
 10
90.41281222261982
 20
41.97805540963246
 10
90.07018232387715
 20
42.012734121278584
 10
90.05041498397615
 20
42.01574403902262
 10
90.0310492430729
 20
42.020721529439925
 10
89.71166269201389
 20
42.12015546122373
 10
89.69332286903985
 20
42.12686837952489
 10
89.67572898368842
 20
42.13534585421239
 10
89.38650241556441
 20
42.29263170140209
 10
89.37015769731936
 20
42.3025660461727
 10
89.35484170007011
 20
42.31402297633713
 10
89.1026917501324
 20
42.52225743420088
 10
89.0886567408652
 20
42.535020164196624
 10
89.07590013209104
 20
42.549060737356484
 10
88.86774343559095
 20
42.801340501162485
 10
88.85629590365524
 20
42.81665746544107
 10
88.84637060763559
 20
42.833002002175135
 10
88.68912379982437
 20
43.12242376719156
 10
88.680657208972
 20
43.1400112962761
 10
88.67395353606018
 20
43.158343374975814
 10
88.57453325218917
 20
43.47800383647083
 10
88.56956461965392
 20
43.49735433360159
 10
88.56656030062236
 20
43.51710536181872
 10
88.53188317594284
 20
43.86010121506054
 10
88.53088373181718
 20
43.878100143227115
 10
88.53151640323973
 20
43.89611569291557
 10
88.55337591604386
 20
44.167444663263765
 10
88.55528712951288
 20
44.183245388964835
 10
88.55845436562176
 20
44.19884296201437
 10
88.62160547991512
 20
44.45654687187853
 10
88.62588735364422
 20
44.47147520348673
 10
88.63131979842755
 20
44.48602436397496
 10
88.73212137803155
 20
44.726878497213704
 10
88.73847939785831
 20
44.74058519640671
 10
88.74585858331854
 20
44.753770250097475
 10
88.88066949205471
 20
44.974549890569435
 10
88.89193204346746
 20
44.99106836978423
 10
88.90479447602813
 20
45.006374023919776
 10
88.91912708699657
 20
45.02031251317517
 10
88.93478534858558
 20
45.03274328402438
 10
88.9516113653563
 20
45.043540986535845
 10
88.96943546641096
 20
45.052596738381425
 10
88.9880779163273
 20
45.059819222788576
 10
89.00735072758233
 20
45.06513560936433
 10
89.02705955618877
 20
45.06849228850544
 10
89.04700566142925
 20
45.06985541198915
 10
89.06698790992614
 20
45.06921123429335
 10
89.086804803839
 20
45.06656625120429
 10
89.10625651273689
 20
45.061947134314025
 10
89.125146888657
 20
45.05540046206835
 10
89.14328544402959
 20
45.04699225007704
 10
89.16048927252471
 20
45.03680728542294
 10
89.17658489345077
 20
45.024948271682334
 10
89.19141000110635
 20
45.011534793278315
 10
91.16828161625854
 20
43.03354596487061
 10
91.5643008856825
 20
42.63752669544665
 10
91.5773866512421
 20
42.62309282242519
 10
91.5889990004864
 20
42.6074490602272
 10
91.59902673394747
 20
42.59074521299627
 10
91.607373826385
 20
42.573141236214894
  0
LWPOLYLINE
  5
9C
330
17
100
AcDbEntity
  8
0
100
AcDbPolyline
 90
20
 70
1
 10
89.18709081447186
 20
43.03995776679335
 10
89.37092084052294
 20
42.81716120856396
 10
89.59359441401763
 20
42.63326939788264
 10
89.84874040529898
 20
42.49451709149517
 10
90.13024843788254
 20
42.40687579784739
 10
90.43834198650283
 20
42.375692625065795
 10
90.56994114421595
 20
42.381743703063904
 10
90.70328420415755
 20
42.40015409755959
 10
90.83279264734925
 20
42.429987451087044
 10
90.95860361538583
 20
42.470711089972184
 10
91.0498099606168
 20
42.508509808357914
 10
91.10353887485691
 20
42.53516749908103
 10
90.88670112805018
 20
42.75200524588776
 10
89.08974008035638
 20
44.549981820581365
 10
89.00464458224899
 20
44.346655617562604
 10
88.94899556115116
 20
44.119565874531176
 10
88.92986932540019
 20
43.882163426478286
 10
88.96071039688492
 20
43.577110463565276
 10
89.04835696446044
 20
43.295305371598374
 10
89.18709081447186
 20
43.03995776679335
  0
LWPOLYLINE
  5
9D
330
17
100
AcDbEntity
  8
0
100
AcDbPolyline
 90
90
 70
1
 10
92.23550651405775
 20
43.274236334316385
 10
92.13470958955575
 20
43.033382518470944
 10
92.12835164192954
 20
43.01967543031064
 10
92.12097247759176
 20
43.00648999525798
 10
91.98616368481113
 20
42.78570749824614
 10
91.97490314620408
 20
42.76919125334423
 10
91.96204316973176
 20
42.75388742766205
 10
91.94771339471286
 20
42.73995029656243
 10
91.93205827726494
 20
42.72752035798368
 10
91.91523563406558
 20
42.71672291610298
 10
91.89741505142852
 20
42.70766681816535
 10
91.87877617573172
 20
42.70044335721242
 10
91.8595069024315
 20
42.695125351772205
 10
91.8398014819194
 20
42.69176641178748
 10
91.81985856131554
 20
42.69040039818269
 10
91.79987918193969
 20
42.691041081517454
 10
91.78006475264648
 20
42.69368200316791
 10
91.76061501945573
 20
42.698296540434995
 10
91.7417260519456
 20
42.704838174923495
 10
91.7235882667071
 20
42.71324096148642
 10
91.7063845077857
 20
42.723420193007215
 10
91.69028820346033
 20
42.73527325431833
 10
91.6754616179414
 20
42.748680656648006
 10
90.88672578984749
 20
43.53741648474191
 10
89.3014563064503
 20
45.12157553198763
 10
89.28846603639663
 20
45.13588255297914
 10
89.27692399976955
 20
45.15138156443854
 10
89.26693893602042
 20
45.1679265475949
 10
89.25860491609946
 20
45.185361629403616
 10
89.25200045619782
 20
45.20352255105222
 10
89.24718777803325
 20
45.222238215470114
 10
89.24421222264915
 20
45.24133229926262
 10
89.24310182324884
 20
45.26062491388301
 10
89.24386704109021
 20
45.27993430039254
 10
89.24650066692838
 20
45.299078541841695
 10
89.25097788893525
 20
45.31787727714011
 10
89.25725652645592
 20
45.336153400268486
 10
89.26527742739951
 20
45.353734728823866
 10
89.27496502552098
 20
45.37045562617885
 10
89.28622805234342
 20
45.38615856197177
 10
89.29896039701332
 20
45.4006955962266
 10
89.31304210598886
 20
45.41392977312002
 10
89.32834051314215
 20
45.42573641126519
 10
89.3713625430175
 20
45.455724049626866
 10
89.37699191438595
 20
45.459507068091526
 10
89.42105245520763
 20
45.4880391406831
 10
89.42586889469153
 20
45.491061363289916
 10
89.47076227558749
 20
45.518345445343314
 10
89.47472349295488
 20
45.52069061006834
 10
89.52024404305315
 20
45.54693427681548
 10
89.53496603388946
 20
45.55462222473858
 10
89.72271307027576
 20
45.64290295522234
 10
89.74526457805415
 20
45.6518722980331
 10
89.94455457473872
 20
45.71737497944176
 10
89.96863152784603
 20
45.72365196974144
 10
90.17769723881749
 20
45.764401780831705
 10
90.20295263525874
 20
45.767665166323354
 10
90.42002681450576
 20
45.781687285851945
 10
90.43646902233438
 20
45.782068662235346
 10
90.45288660691831
 20
45.78109164501139
 10
90.79588246016014
 20
45.74641537993878
 10
90.81563312334542
 20
45.74341118585569
 10
90.8349832792912
 20
45.73844275117035
 10
91.15464374078623
 20
45.63902467582787
 10
91.17297570500777
 20
45.63232118458416
 10
91.1905631451878
 20
45.62385480076402
 10
91.47998491020421
 20
45.46661099496464
 10
91.4963295567318
 20
45.45668580938154
 10
91.51164663878974
 20
45.445238374026786
 10
91.76392640259574
 20
45.2370849175835
 10
91.77796721053132
 20
45.224328278856504
 10
91.79073015770116
 20
45.21029320498299
 10
91.99896461556493
 20
44.9581461777088
 10
92.01042178428354
 20
44.942830021593764
 10
92.02035632906241
 20
44.92648510883096
 10
92.17764217625209
 20
44.637260590538816
 10
92.18611979715898
 20
44.61966650831302
 10
92.1928328194757
 20
44.60132646695581
 10
92.29226675125953
 20
44.28194053745874
 10
92.29724427129871
 20
44.262574706583194
 10
92.3002542000947
 20
44.242807272761794
 10
92.33493291174084
 20
43.90017601187276
 10
92.33593446101749
 20
43.88216688148259
 10
92.33530202949866
 20
43.86414101371602
 10
92.31344463265002
 20
43.59281299554782
 10
92.31153366669757
 20
43.57701305644689
 10
92.30836680370119
 20
43.56141623480826
 10
92.24522034450989
 20
43.303713911910705
 10
92.2409387151492
 20
43.28878554751698
 10
92.23550651405775
 20
43.274236334316385
  0
LWPOLYLINE
  5
9E
330
17
100
AcDbEntity
  8
0
100
AcDbPolyline
 90
18
 70
1
 10
91.90611250922801
 20
44.18274122063306
 10
91.81847133728742
 20
44.46424831444202
 10
91.67971937897478
 20
44.71939185737419
 10
91.49582803458337
 20
44.94206228524391
 10
91.27303184181214
 20
45.12588914835847
 10
91.01768426677383
 20
45.26462033361811
 10
90.73587871828626
 20
45.352265096190365
 10
90.42924002593038
 20
45.38326571755985
 10
90.24135267270837
 20
45.371128949686636
 10
90.05704507124786
 20
45.33520483804193
 10
89.8811466566362
 20
45.27739050714588
 10
89.76398162555866
 20
45.22229821525268
 10
91.16821239943629
 20
43.81905106506342
 10
91.77705913023713
 20
43.210204351512644
 10
91.86217951745299
 20
43.413599149205865
 10
91.91782456446585
 20
43.64068801620812
 10
91.93694816815342
 20
43.87807994008233
 10
91.90611250922801
 20
44.18274122063306
  0
ENDSEC
  0
SECTION
  2
OBJECTS
  0
DICTIONARY
  5
A
330
0
100
AcDbDictionary
281
1
  3
ACAD_COLOR
350
B
  3
ACAD_GROUP
350
C
  3
ACAD_LAYOUT
350
D
  3
ACAD_MATERIAL
350
E
  3
ACAD_MLEADERSTYLE
350
F
  3
ACAD_MLINESTYLE
350
10
  3
ACAD_PLOTSETTINGS
350
11
  3
ACAD_PLOTSTYLENAME
350
12
  3
ACAD_SCALELIST
350
14
  3
ACAD_TABLESTYLE
350
15
  3
ACAD_VISUALSTYLE
350
16
  3
EZDXF_META
350
2D
  0
DICTIONARY
  5
B
330
A
100
AcDbDictionary
281
1
  0
DICTIONARY
  5
C
330
A
100
AcDbDictionary
281
1
  0
DICTIONARY
  5
D
330
A
100
AcDbDictionary
281
1
  3
Model
350
1A
  3
Layout1
350
1E
  0
DICTIONARY
  5
E
330
A
100
AcDbDictionary
281
1
  3
ByBlock
350
1F
  3
ByLayer
350
20
  3
Global
350
21
  0
DICTIONARY
  5
F
330
A
100
AcDbDictionary
281
1
  3
Standard
350
2C
  0
DICTIONARY
  5
10
330
A
100
AcDbDictionary
281
1
  3
Standard
350
22
  0
DICTIONARY
  5
11
330
A
100
AcDbDictionary
281
1
  0
ACDBDICTIONARYWDFLT
  5
12
330
A
100
AcDbDictionary
281
1
  3
Normal
350
13
100
AcDbDictionaryWithDefault
340
13
  0
ACDBPLACEHOLDER
  5
13
330
12
  0
DICTIONARY
  5
14
330
A
100
AcDbDictionary
281
1
  0
DICTIONARY
  5
15
330
A
100
AcDbDictionary
281
1
  0
DICTIONARY
  5
16
330
A
100
AcDbDictionary
281
1
  0
LAYOUT
  5
1A
330
D
100
AcDbPlotSettings
  1

  4
A3
  6

 40
7.5
 41
20.0
 42
7.5
 43
20.0
 44
420.0
 45
297.0
 46
0.0
 47
0.0
 48
0.0
 49
0.0
140
0.0
141
0.0
142
1.0
143
1.0
 70
1024
 72
1
 73
0
 74
5
  7

 75
16
 76
0
 77
2
 78
300
147
1.0
148
0.0
149
0.0
100
AcDbLayout
  1
Model
 70
1
 71
0
 10
0.0
 20
0.0
 11
420.0
 21
297.0
 12
0.0
 22
0.0
 32
0.0
 14
1e+20
 24
1e+20
 34
1e+20
 15
-1e+20
 25
-1e+20
 35
-1e+20
146
0.0
 13
0.0
 23
0.0
 33
0.0
 16
1.0
 26
0.0
 36
0.0
 17
0.0
 27
1.0
 37
0.0
 76
1
330
17
  0
LAYOUT
  5
1E
330
D
100
AcDbPlotSettings
  1

  4
A3
  6

 40
7.5
 41
20.0
 42
7.5
 43
20.0
 44
420.0
 45
297.0
 46
0.0
 47
0.0
 48
0.0
 49
0.0
140
0.0
141
0.0
142
1.0
143
1.0
 70
0
 72
1
 73
0
 74
5
  7

 75
16
 76
0
 77
2
 78
300
147
1.0
148
0.0
149
0.0
100
AcDbLayout
  1
Layout1
 70
1
 71
1
 10
0.0
 20
0.0
 11
420.0
 21
297.0
 12
0.0
 22
0.0
 32
0.0
 14
1e+20
 24
1e+20
 34
1e+20
 15
-1e+20
 25
-1e+20
 35
-1e+20
146
0.0
 13
0.0
 23
0.0
 33
0.0
 16
1.0
 26
0.0
 36
0.0
 17
0.0
 27
1.0
 37
0.0
 76
1
330
1B
  0
MATERIAL
  5
1F
102
{ACAD_REACTORS
330
E
102
}
330
E
100
AcDbMaterial
  1
ByBlock
  2

 70
0
 40
1.0
 71
1
 41
1.0
 91
-1023410177
 42
1.0
 72
1
  3

 73
1
 74
1
 75
1
 44
0.5
 73
0
 45
1.0
 46
1.0
 77
1
  4

 78
1
 79
1
170
1
 48
1.0
171
1
  6

172
1
173
1
174
1
140
1.0
141
1.0
175
1
  7

176
1
177
1
178
1
143
1.0
179
1
  8

270
1
271
1
272
1
145
1.0
146
1.0
273
1
  9

274
1
275
1
276
1
 42
1.0
 72
1
  3

 73
1
 74
1
 75
1
 94
63
  0
MATERIAL
  5
20
102
{ACAD_REACTORS
330
E
102
}
330
E
100
AcDbMaterial
  1
ByLayer
  2

 70
0
 40
1.0
 71
1
 41
1.0
 91
-1023410177
 42
1.0
 72
1
  3

 73
1
 74
1
 75
1
 44
0.5
 73
0
 45
1.0
 46
1.0
 77
1
  4

 78
1
 79
1
170
1
 48
1.0
171
1
  6

172
1
173
1
174
1
140
1.0
141
1.0
175
1
  7

176
1
177
1
178
1
143
1.0
179
1
  8

270
1
271
1
272
1
145
1.0
146
1.0
273
1
  9

274
1
275
1
276
1
 42
1.0
 72
1
  3

 73
1
 74
1
 75
1
 94
63
  0
MATERIAL
  5
21
102
{ACAD_REACTORS
330
E
102
}
330
E
100
AcDbMaterial
  1
Global
  2

 70
0
 40
1.0
 71
1
 41
1.0
 91
-1023410177
 42
1.0
 72
1
  3

 73
1
 74
1
 75
1
 44
0.5
 73
0
 45
1.0
 46
1.0
 77
1
  4

 78
1
 79
1
170
1
 48
1.0
171
1
  6

172
1
173
1
174
1
140
1.0
141
1.0
175
1
  7

176
1
177
1
178
1
143
1.0
179
1
  8

270
1
271
1
272
1
145
1.0
146
1.0
273
1
  9

274
1
275
1
276
1
 42
1.0
 72
1
  3

 73
1
 74
1
 75
1
 94
63
  0
MLINESTYLE
  5
22
102
{ACAD_REACTORS
330
10
102
}
330
10
100
AcDbMlineStyle
  2
Standard
 70
0
  3

 62
256
 51
90.0
 52
90.0
 71
2
 49
0.5
 62
256
  6
BYLAYER
 49
-0.5
 62
256
  6
BYLAYER
  0
MLEADERSTYLE
  5
2C
102
{ACAD_REACTORS
330
F
102
}
330
F
100
AcDbMLeaderStyle
179
2
170
2
171
1
172
0
 90
2
 40
0.0
 41
0.0
173
1
 91
-1056964608
 92
-2
290
1
 42
2.0
291
1
 43
8.0
  3
Standard
 44
4.0
300

342
29
174
1
175
1
176
0
178
1
 93
-1056964608
 45
4.0
292
0
297
0
 46
4.0
 94
-1056964608
 47
1.0
 49
1.0
140
1.0
294
1
141
0.0
177
0
142
1.0
295
0
296
0
143
3.75
271
0
272
9
273
9
  0
DICTIONARY
  5
2D
330
A
100
AcDbDictionary
280
1
281
1
  3
CREATED_BY_EZDXF
350
2E
  3
WRITTEN_BY_EZDXF
350
A1
  0
DICTIONARYVAR
  5
2E
330
2D
100
DictionaryVariables
280
0
  1
1.4.4 @ 2026-07-03T05:12:56.376058+00:00
  0
DICTIONARYVAR
  5
A1
330
2D
100
DictionaryVariables
280
0
  1
1.4.4 @ 2026-07-03T05:12:56.418517+00:00
  0
ENDSEC
  0
EOF
