solid unnamed
facet normal 0.04001392 -0.99919915 0
    outer loop
        vertex 0.63675654 -0 0.236
        vertex 0.63675654 -0 0
        vertex 0.63890666 0.00008610362 0
    endloop
endfacet
facet normal 0.12420058 -0.99225706 0
    outer loop
        vertex 0.63890666 0.00008610362 0.236
        vertex 0.63890666 0.00008610362 0
        vertex 0.64357615 0.0006705823 0.236
    endloop
endfacet
facet normal 0.12420058 -0.99225706 0
    outer loop
        vertex 0.64357615 0.0006705823 0.236
        vertex 0.63890666 0.00008610362 0
        vertex 0.64357615 0.0006705823 0
    endloop
endfacet
facet normal 0.14523852 -0.98939663 0
    outer loop
        vertex 0.64855844 0.0014019582 0
        vertex 0.64357615 0.0006705823 0.236
        vertex 0.64357615 0.0006705823 0
    endloop
endfacet
facet normal 0.14523852 -0.98939663 0
    outer loop
        vertex 0.64855844 0.0014019582 0
        vertex 0.64855844 0.0014019582 0.236
        vertex 0.64357615 0.0006705823 0.236
    endloop
endfacet
facet normal 0.17025049 -0.9854008 0
    outer loop
        vertex 0.64855844 0.0014019582 0
        vertex 0.6525397 0.002089807 0
        vertex 0.64855844 0.0014019582 0.236
    endloop
endfacet
facet normal 0.17025049 -0.9854008 0
    outer loop
        vertex 0.64855844 0.0014019582 0.236
        vertex 0.6525397 0.002089807 0
        vertex 0.6525397 0.002089807 0.236
    endloop
endfacet
facet normal 0.18631354 -0.9824903 0
    outer loop
        vertex 0.6525397 0.002089807 0.236
        vertex 0.6525397 0.002089807 0
        vertex 0.6579608 0.0031178321 0
    endloop
endfacet
facet normal 0.18631354 -0.9824903 0
    outer loop
        vertex 0.6579608 0.0031178321 0.236
        vertex 0.6525397 0.002089807 0.236
        vertex 0.6579608 0.0031178321 0
    endloop
endfacet
facet normal 0.20349239 -0.97907656 0
    outer loop
        vertex 0.66134995 0.003822243 0
        vertex 0.6579608 0.0031178321 0.236
        vertex 0.6579608 0.0031178321 0
    endloop
endfacet
facet normal 0.20349239 -0.97907656 0
    outer loop
        vertex 0.66134995 0.003822243 0
        vertex 0.66134995 0.003822243 0.236
        vertex 0.6579608 0.0031178321 0.236
    endloop
endfacet
facet normal 0.24381804 -0.9698211 0
    outer loop
        vertex 0.66134995 0.003822243 0
        vertex 0.6654285 0.004847616 0
        vertex 0.66134995 0.003822243 0.236
    endloop
endfacet
facet normal 0.24381804 -0.9698211 0
    outer loop
        vertex 0.66134995 0.003822243 0.236
        vertex 0.6654285 0.004847616 0
        vertex 0.6654285 0.004847616 0.236
    endloop
endfacet
facet normal 0.29688257 -0.95491403 0
    outer loop
        vertex 0.6654285 0.004847616 0.236
        vertex 0.6654285 0.004847616 0
        vertex 0.67044216 0.006406357 0.236
    endloop
endfacet
facet normal 0.29688257 -0.95491403 0
    outer loop
        vertex 0.67044216 0.006406357 0.236
        vertex 0.6654285 0.004847616 0
        vertex 0.67044216 0.006406357 0
    endloop
endfacet
facet normal 0.33571115 -0.94196504 0
    outer loop
        vertex 0.67337644 0.0074521173 0.236
        vertex 0.67044216 0.006406357 0.236
        vertex 0.67044216 0.006406357 0
    endloop
endfacet
facet normal 0.33571115 -0.94196504 0
    outer loop
        vertex 0.67337644 0.0074521173 0
        vertex 0.67337644 0.0074521173 0.236
        vertex 0.67044216 0.006406357 0
    endloop
endfacet
facet normal 0.36018351 -0.93288147 0
    outer loop
        vertex 0.67337644 0.0074521173 0
        vertex 0.67663664 0.008710871 0.236
        vertex 0.67337644 0.0074521173 0.236
    endloop
endfacet
facet normal 0.48990029 -0.87177837 0
    outer loop
        vertex 0.7111629 0.025716236 0
        vertex 0.71813595 0.029634764 0
        vertex 0.71813595 0.029634764 0.236
    endloop
endfacet
facet normal 0.48990029 -0.87177837 0
    outer loop
        vertex 0.7111629 0.025716236 0.236
        vertex 0.7111629 0.025716236 0
        vertex 0.71813595 0.029634764 0.236
    endloop
endfacet
facet normal 0.47900507 -0.87781221 0
    outer loop
        vertex 0.7111629 0.025716236 0.236
        vertex 0.7047615 0.022223106 0
        vertex 0.7111629 0.025716236 0
    endloop
endfacet
facet normal 0.47900507 -0.87781221 0
    outer loop
        vertex 0.7111629 0.025716236 0.236
        vertex 0.7047615 0.022223106 0.236
        vertex 0.7047615 0.022223106 0
    endloop
endfacet
facet normal 0.46690452 -0.88430774 0
    outer loop
        vertex 0.7047615 0.022223106 0
        vertex 0.7047615 0.022223106 0.236
        vertex 0.698901 0.019128824 0
    endloop
endfacet
facet normal 0.46690452 -0.88430774 0
    outer loop
        vertex 0.698901 0.019128824 0
        vertex 0.7047615 0.022223106 0.236
        vertex 0.698901 0.019128824 0.236
    endloop
endfacet
facet normal 0.45343673 -0.89128852 0
    outer loop
        vertex 0.6935506 0.01640684 0
        vertex 0.698901 0.019128824 0
        vertex 0.698901 0.019128824 0.236
    endloop
endfacet
facet normal 0.45343673 -0.89128852 0
    outer loop
        vertex 0.6935506 0.01640684 0.236
        vertex 0.6935506 0.01640684 0
        vertex 0.698901 0.019128824 0.236
    endloop
endfacet
facet normal 0.43845227 -0.89875442 0
    outer loop
        vertex 0.6935506 0.01640684 0.236
        vertex 0.6886797 0.014030603 0
        vertex 0.6935506 0.01640684 0
    endloop
endfacet
facet normal 0.43845227 -0.89875442 0
    outer loop
        vertex 0.6935506 0.01640684 0.236
        vertex 0.6886797 0.014030603 0.236
        vertex 0.6886797 0.014030603 0
    endloop
endfacet
facet normal 0.42176574 -0.90670484 0
    outer loop
        vertex 0.6886797 0.014030603 0
        vertex 0.6886797 0.014030603 0.236
        vertex 0.6842575 0.011973564 0
    endloop
endfacet
facet normal 0.42176574 -0.90670484 0
    outer loop
        vertex 0.6842575 0.011973564 0
        vertex 0.6886797 0.014030603 0.236
        vertex 0.6842575 0.011973564 0.236
    endloop
endfacet
facet normal 0.40323278 -0.91509742 0
    outer loop
        vertex 0.6802534 0.010209169 0
        vertex 0.6842575 0.011973564 0
        vertex 0.6842575 0.011973564 0.236
    endloop
endfacet
facet normal 0.40323278 -0.91509742 0
    outer loop
        vertex 0.6802534 0.010209169 0.236
        vertex 0.6802534 0.010209169 0
        vertex 0.6842575 0.011973564 0.236
    endloop
endfacet
facet normal 0.38272503 -0.92386234 0
    outer loop
        vertex 0.6802534 0.010209169 0.236
        vertex 0.67663664 0.008710871 0
        vertex 0.6802534 0.010209169 0
    endloop
endfacet
facet normal 0.38272503 -0.92386234 0
    outer loop
        vertex 0.6802534 0.010209169 0.236
        vertex 0.67663664 0.008710871 0.236
        vertex 0.67663664 0.008710871 0
    endloop
endfacet
facet normal 0.36018351 -0.93288147 0
    outer loop
        vertex 0.67663664 0.008710871 0
        vertex 0.67663664 0.008710871 0.236
        vertex 0.67337644 0.0074521173 0
    endloop
endfacet
facet normal 0.04001392 -0.99919915 0
    outer loop
        vertex 0.63890666 0.00008610362 0
        vertex 0.63890666 0.00008610362 0.236
        vertex 0.63675654 -0 0.236
    endloop
endfacet
facet normal 0.99621201 0.0869576 0
    outer loop
        vertex 0.71813595 0.029634764 0.236
        vertex 0.71813595 0.029634764 0
        vertex 0.7124045 0.095296115 0.236
    endloop
endfacet
facet normal 0.99621201 0.0869576 0
    outer loop
        vertex 0.7124045 0.095296115 0.236
        vertex 0.71813595 0.029634764 0
        vertex 0.7124045 0.095296115 0
    endloop
endfacet
facet normal 0.32109711 0.94704628 0
    outer loop
        vertex 0.7124045 0.095296115 0.236
        vertex 0.7124045 0.095296115 0
        vertex 0.7053624 0.09768375 0
    endloop
endfacet
facet normal 0.32109711 0.94704628 0
    outer loop
        vertex 0.7053624 0.09768375 0.236
        vertex 0.7124045 0.095296115 0.236
        vertex 0.7053624 0.09768375 0
    endloop
endfacet
facet normal 0.31816861 0.94803423 0
    outer loop
        vertex 0.6989109 0.099848926 0
        vertex 0.7053624 0.09768375 0.236
        vertex 0.7053624 0.09768375 0
    endloop
endfacet
facet normal 0.31816861 0.94803423 -0
    outer loop
        vertex 0.6989109 0.099848926 0
        vertex 0.6989109 0.099848926 0.236
        vertex 0.7053624 0.09768375 0.236
    endloop
endfacet
facet normal 0.30483323 0.95240581 -0
    outer loop
        vertex 0.6989109 0.099848926 0
        vertex 0.69072133 0.10247013 0
        vertex 0.6989109 0.099848926 0.236
    endloop
endfacet
facet normal 0.30483323 0.95240581 0
    outer loop
        vertex 0.6989109 0.099848926 0.236
        vertex 0.69072133 0.10247013 0
        vertex 0.69072133 0.10247013 0.236
    endloop
endfacet
facet normal 0.2883344 0.95752984 0
    outer loop
        vertex 0.69072133 0.10247013 0.236
        vertex 0.69072133 0.10247013 0
        vertex 0.68625695 0.10381446 0
    endloop
endfacet
facet normal 0.2883344 0.95752984 0
    outer loop
        vertex 0.68625695 0.10381446 0.236
        vertex 0.69072133 0.10247013 0.236
        vertex 0.68625695 0.10381446 0
    endloop
endfacet
facet normal 0.27289259 0.96204448 0
    outer loop
        vertex 0.6816966 0.105108045 0.236
        vertex 0.68625695 0.10381446 0
        vertex 0.6816966 0.105108045 0
    endloop
endfacet
facet normal 0.25296217 0.96747613 0
    outer loop
        vertex 0.6771532 0.10629598 0.236
        vertex 0.6816966 0.105108045 0.236
        vertex 0.6816966 0.105108045 0
    endloop
endfacet
facet normal 0.25296217 0.96747613 -0
    outer loop
        vertex 0.6771532 0.10629598 0
        vertex 0.6771532 0.10629598 0.236
        vertex 0.6816966 0.105108045 0
    endloop
endfacet
facet normal 0.22670178 0.97396433 -0
    outer loop
        vertex 0.6771532 0.10629598 0
        vertex 0.67273945 0.10732334 0.236
        vertex 0.6771532 0.10629598 0.236
    endloop
endfacet
facet normal 0.22670178 0.97396433 0
    outer loop
        vertex 0.6771532 0.10629598 0
        vertex 0.67273945 0.10732334 0
        vertex 0.67273945 0.10732334 0.236
    endloop
endfacet
facet normal 0.19322936 0.98115361 0
    outer loop
        vertex 0.67273945 0.10732334 0.236
        vertex 0.67273945 0.10732334 0
        vertex 0.6685497 0.10814847 0.236
    endloop
endfacet
facet normal 0.15868302 0.9873296 0
    outer loop
        vertex 0.6685497 0.10814847 0.236
        vertex 0.6685497 0.10814847 0
        vertex 0.66460305 0.108782776 0.236
    endloop
endfacet
facet normal 0.12542623 0.99210292 0
    outer loop
        vertex 0.66460305 0.108782776 0
        vertex 0.6609003 0.109250896 0
        vertex 0.6609003 0.109250896 0.236
    endloop
endfacet
facet normal 0.03956952 0.99921679 0
    outer loop
        vertex 0.6512609 0.109904766 0.236
        vertex 0.6542287 0.10978724 0.236
        vertex 0.6542287 0.10978724 0
    endloop
endfacet
facet normal -0.01810249 0.99983609 0
    outer loop
        vertex 0.6460649 0.10996181 0
        vertex 0.63845646 0.109824054 0
        vertex 0.63845646 0.109824054 0.236
    endloop
endfacet
facet normal -0.14726906 0.98909646 0
    outer loop
        vertex 0.6288606 0.10925103 0.236
        vertex 0.62688136 0.10895634 0
        vertex 0.62688136 0.10895634 0.236
    endloop
endfacet
facet normal -0.14726906 0.98909646 0
    outer loop
        vertex 0.6288606 0.10925103 0.236
        vertex 0.6288606 0.10925103 0
        vertex 0.62688136 0.10895634 0
    endloop
endfacet
facet normal -0.07012101 0.99753851 0
    outer loop
        vertex 0.6288606 0.10925103 0.236
        vertex 0.6337043 0.109591514 0.236
        vertex 0.6288606 0.10925103 0
    endloop
endfacet
facet normal -0.07012101 0.99753851 0
    outer loop
        vertex 0.6288606 0.10925103 0
        vertex 0.6337043 0.109591514 0.236
        vertex 0.6337043 0.109591514 0
    endloop
endfacet
facet normal -0.04887508 0.99880493 0
    outer loop
        vertex 0.6337043 0.109591514 0
        vertex 0.6337043 0.109591514 0.236
        vertex 0.63845646 0.109824054 0
    endloop
endfacet
facet normal -0.04887508 0.99880493 0
    outer loop
        vertex 0.63845646 0.109824054 0
        vertex 0.6337043 0.109591514 0.236
        vertex 0.63845646 0.109824054 0.236
    endloop
endfacet
facet normal -0.01810249 0.99983609 0
    outer loop
        vertex 0.6460649 0.10996181 0
        vertex 0.63845646 0.109824054 0.236
        vertex 0.6460649 0.10996181 0.236
    endloop
endfacet
facet normal 0.01097726 0.99993974 0
    outer loop
        vertex 0.6512609 0.109904766 0
        vertex 0.6460649 0.10996181 0
        vertex 0.6460649 0.10996181 0.236
    endloop
endfacet
facet normal 0.01097726 0.99993974 0
    outer loop
        vertex 0.6512609 0.109904766 0.236
        vertex 0.6512609 0.109904766 0
        vertex 0.6460649 0.10996181 0.236
    endloop
endfacet
facet normal 0.03956952 0.99921679 0
    outer loop
        vertex 0.6512609 0.109904766 0.236
        vertex 0.6542287 0.10978724 0
        vertex 0.6512609 0.109904766 0
    endloop
endfacet
facet normal 0.06513453 0.99787647 0
    outer loop
        vertex 0.6542287 0.10978724 0.236
        vertex 0.657442 0.1095775 0
        vertex 0.6542287 0.10978724 0
    endloop
endfacet
facet normal 0.06513453 0.99787647 0
    outer loop
        vertex 0.6542287 0.10978724 0.236
        vertex 0.657442 0.1095775 0.236
        vertex 0.657442 0.1095775 0
    endloop
endfacet
facet normal 0.09402159 0.99557018 -0
    outer loop
        vertex 0.657442 0.1095775 0
        vertex 0.657442 0.1095775 0.236
        vertex 0.6609003 0.109250896 0
    endloop
endfacet
facet normal 0.09402159 0.99557018 -0
    outer loop
        vertex 0.6609003 0.109250896 0
        vertex 0.657442 0.1095775 0.236
        vertex 0.6609003 0.109250896 0.236
    endloop
endfacet
facet normal 0.12542623 0.99210292 -0
    outer loop
        vertex 0.66460305 0.108782776 0
        vertex 0.6609003 0.109250896 0.236
        vertex 0.66460305 0.108782776 0.236
    endloop
endfacet
facet normal 0.15868302 0.9873296 0
    outer loop
        vertex 0.6685497 0.10814847 0
        vertex 0.66460305 0.108782776 0
        vertex 0.66460305 0.108782776 0.236
    endloop
endfacet
facet normal 0.19322936 0.98115361 0
    outer loop
        vertex 0.67273945 0.10732334 0
        vertex 0.6685497 0.10814847 0
        vertex 0.6685497 0.10814847 0.236
    endloop
endfacet
facet normal 0.27289259 0.96204448 -0
    outer loop
        vertex 0.68625695 0.10381446 0
        vertex 0.6816966 0.105108045 0.236
        vertex 0.68625695 0.10381446 0.236
    endloop
endfacet
facet normal 0.9737218 0.22774078 0
    outer loop
        vertex 0.62688136 0.10895634 0.236
        vertex 0.62688136 0.10895634 0
        vertex 0.6084672 0.1876873 0.236
    endloop
endfacet
facet normal 0.9737218 0.22774078 0
    outer loop
        vertex 0.6084672 0.1876873 0.236
        vertex 0.62688136 0.10895634 0
        vertex 0.6084672 0.1876873 0
    endloop
endfacet
facet normal 0.33274913 -0.9430154 0
    outer loop
        vertex 0.6084672 0.1876873 0.236
        vertex 0.6084672 0.1876873 0
        vertex 0.61049646 0.18840332 0
    endloop
endfacet
facet normal 0.41115975 -0.91156328 0
    outer loop
        vertex 0.61049646 0.18840332 0.236
        vertex 0.61049646 0.18840332 0
        vertex 0.6147862 0.19033821 0.236
    endloop
endfacet
facet normal 0.41115975 -0.91156328 0
    outer loop
        vertex 0.6147862 0.19033821 0.236
        vertex 0.61049646 0.18840332 0
        vertex 0.6147862 0.19033821 0
    endloop
endfacet
facet normal 0.43041515 -0.90263104 0
    outer loop
        vertex 0.61933154 0.19250563 0
        vertex 0.6147862 0.19033821 0.236
        vertex 0.6147862 0.19033821 0
    endloop
endfacet
facet normal 0.43041515 -0.90263104 0
    outer loop
        vertex 0.61933154 0.19250563 0
        vertex 0.61933154 0.19250563 0.236
        vertex 0.6147862 0.19033821 0.236
    endloop
endfacet
facet normal 0.45313734 -0.89144069 0
    outer loop
        vertex 0.61933154 0.19250563 0
        vertex 0.62293315 0.1943364 0
        vertex 0.61933154 0.19250563 0.236
    endloop
endfacet
facet normal 0.45313734 -0.89144069 0
    outer loop
        vertex 0.61933154 0.19250563 0.236
        vertex 0.62293315 0.1943364 0
        vertex 0.62293315 0.1943364 0.236
    endloop
endfacet
facet normal 0.46762651 -0.88392615 0
    outer loop
        vertex 0.62293315 0.1943364 0.236
        vertex 0.62293315 0.1943364 0
        vertex 0.6278105 0.19691667 0
    endloop
endfacet
facet normal 0.46762651 -0.88392615 0
    outer loop
        vertex 0.6278105 0.19691667 0.236
        vertex 0.62293315 0.1943364 0.236
        vertex 0.6278105 0.19691667 0
    endloop
endfacet
facet normal 0.48304868 -0.87559354 0
    outer loop
        vertex 0.6308414 0.19858876 0
        vertex 0.6278105 0.19691667 0.236
        vertex 0.6278105 0.19691667 0
    endloop
endfacet
facet normal 0.48304868 -0.87559354 0
    outer loop
        vertex 0.6308414 0.19858876 0
        vertex 0.6308414 0.19858876 0.236
        vertex 0.6278105 0.19691667 0.236
    endloop
endfacet
facet normal 0.51883686 -0.8548733 0
    outer loop
        vertex 0.6308414 0.19858876 0
        vertex 0.6344366 0.20077077 0
        vertex 0.6308414 0.19858876 0.236
    endloop
endfacet
facet normal 0.51883686 -0.8548733 0
    outer loop
        vertex 0.6308414 0.19858876 0.236
        vertex 0.6344366 0.20077077 0
        vertex 0.6344366 0.20077077 0.236
    endloop
endfacet
facet normal 0.56515688 -0.82498348 0
    outer loop
        vertex 0.6344366 0.20077077 0.236
        vertex 0.6344366 0.20077077 0
        vertex 0.6387681 0.20373805 0.236
    endloop
endfacet
facet normal 0.56515688 -0.82498348 0
    outer loop
        vertex 0.6387681 0.20373805 0.236
        vertex 0.6344366 0.20077077 0
        vertex 0.6387681 0.20373805 0
    endloop
endfacet
facet normal 0.59844977 -0.8011604 0
    outer loop
        vertex 0.6412637 0.20560224 0.236
        vertex 0.6387681 0.20373805 0.236
        vertex 0.6387681 0.20373805 0
    endloop
endfacet
facet normal 0.59844977 -0.8011604 0
    outer loop
        vertex 0.6412637 0.20560224 0
        vertex 0.6412637 0.20560224 0.236
        vertex 0.6387681 0.20373805 0
    endloop
endfacet
facet normal 0.6191535 -0.78526998 0
    outer loop
        vertex 0.6412637 0.20560224 0
        vertex 0.64400804 0.20776603 0.236
        vertex 0.6412637 0.20560224 0.236
    endloop
endfacet
facet normal 0.72509545 -0.6886484 0
    outer loop
        vertex 0.67198795 0.23419268 0
        vertex 0.6774962 0.23999245 0
        vertex 0.6774962 0.23999245 0.236
    endloop
endfacet
facet normal 0.72509545 -0.6886484 0
    outer loop
        vertex 0.67198795 0.23419268 0.236
        vertex 0.67198795 0.23419268 0
        vertex 0.6774962 0.23999245 0.236
    endloop
endfacet
facet normal 0.7164619 -0.69762623 0
    outer loop
        vertex 0.67198795 0.23419268 0.236
        vertex 0.6669005 0.22896789 0
        vertex 0.67198795 0.23419268 0
    endloop
endfacet
facet normal 0.7164619 -0.69762623 0
    outer loop
        vertex 0.67198795 0.23419268 0.236
        vertex 0.6669005 0.22896789 0.236
        vertex 0.6669005 0.22896789 0
    endloop
endfacet
facet normal 0.70681673 -0.70739681 0
    outer loop
        vertex 0.6669005 0.22896789 0
        vertex 0.6669005 0.22896789 0.236
        vertex 0.66221243 0.22428365 0
    endloop
endfacet
facet normal 0.70681673 -0.70739681 0
    outer loop
        vertex 0.66221243 0.22428365 0
        vertex 0.6669005 0.22896789 0.236
        vertex 0.66221243 0.22428365 0.236
    endloop
endfacet
facet normal 0.69600958 -0.7180326 0
    outer loop
        vertex 0.6579021 0.22010554 0
        vertex 0.66221243 0.22428365 0
        vertex 0.66221243 0.22428365 0.236
    endloop
endfacet
facet normal 0.69600958 -0.7180326 0
    outer loop
        vertex 0.6579021 0.22010554 0.236
        vertex 0.6579021 0.22010554 0
        vertex 0.66221243 0.22428365 0.236
    endloop
endfacet
facet normal 0.68387675 -0.72959757 0
    outer loop
        vertex 0.6579021 0.22010554 0.236
        vertex 0.65394795 0.21639916 0
        vertex 0.6579021 0.22010554 0
    endloop
endfacet
facet normal 0.68387675 -0.72959757 0
    outer loop
        vertex 0.6579021 0.22010554 0.236
        vertex 0.65394795 0.21639916 0.236
        vertex 0.65394795 0.21639916 0
    endloop
endfacet
facet normal 0.67029178 -0.74209762 0
    outer loop
        vertex 0.65394795 0.21639916 0
        vertex 0.65394795 0.21639916 0.236
        vertex 0.65032864 0.21313006 0
    endloop
endfacet
facet normal 0.67029178 -0.74209762 0
    outer loop
        vertex 0.65032864 0.21313006 0
        vertex 0.65394795 0.21639916 0.236
        vertex 0.65032864 0.21313006 0.236
    endloop
endfacet
facet normal 0.65504235 -0.75559223 0
    outer loop
        vertex 0.6470224 0.21026382 0
        vertex 0.65032864 0.21313006 0
        vertex 0.65032864 0.21313006 0.236
    endloop
endfacet
facet normal 0.65504235 -0.75559223 0
    outer loop
        vertex 0.6470224 0.21026382 0.236
        vertex 0.6470224 0.21026382 0
        vertex 0.65032864 0.21313006 0.236
    endloop
endfacet
facet normal 0.63804185 -0.77000171 0
    outer loop
        vertex 0.6470224 0.21026382 0.236
        vertex 0.64400804 0.20776603 0
        vertex 0.6470224 0.21026382 0
    endloop
endfacet
facet normal 0.63804185 -0.77000171 0
    outer loop
        vertex 0.6470224 0.21026382 0.236
        vertex 0.64400804 0.20776603 0.236
        vertex 0.64400804 0.20776603 0
    endloop
endfacet
facet normal 0.6191535 -0.78526998 0
    outer loop
        vertex 0.64400804 0.20776603 0
        vertex 0.64400804 0.20776603 0.236
        vertex 0.6412637 0.20560224 0
    endloop
endfacet
facet normal 0.33274913 -0.9430154 0
    outer loop
        vertex 0.61049646 0.18840332 0
        vertex 0.61049646 0.18840332 0.236
        vertex 0.6084672 0.1876873 0.236
    endloop
endfacet
facet normal 0.9263221 0.37673238 0
    outer loop
        vertex 0.6774962 0.23999245 0.236
        vertex 0.6774962 0.23999245 0
        vertex 0.6526654 0.3010473 0.236
    endloop
endfacet
facet normal 0.9263221 0.37673238 0
    outer loop
        vertex 0.6526654 0.3010473 0.236
        vertex 0.6774962 0.23999245 0
        vertex 0.6526654 0.3010473 0
    endloop
endfacet
facet normal 0.02768252 0.99961674 0
    outer loop
        vertex 0.6526654 0.3010473 0.236
        vertex 0.6526654 0.3010473 0
        vertex 0.6452323 0.30125314 0
    endloop
endfacet
facet normal 0.02768252 0.99961674 0
    outer loop
        vertex 0.6452323 0.30125314 0.236
        vertex 0.6526654 0.3010473 0.236
        vertex 0.6452323 0.30125314 0
    endloop
endfacet
facet normal 0.02459457 0.99969751 0
    outer loop
        vertex 0.6384292 0.3014205 0
        vertex 0.6452323 0.30125314 0.236
        vertex 0.6452323 0.30125314 0
    endloop
endfacet
facet normal 0.02459457 0.99969751 -0
    outer loop
        vertex 0.6384292 0.3014205 0
        vertex 0.6384292 0.3014205 0.236
        vertex 0.6452323 0.30125314 0.236
    endloop
endfacet
facet normal 0.01056403 0.99994409 -0
    outer loop
        vertex 0.6384292 0.3014205 0
        vertex 0.62983096 0.30151135 0
        vertex 0.6384292 0.3014205 0.236
    endloop
endfacet
facet normal 0.01056403 0.99994409 0
    outer loop
        vertex 0.6384292 0.3014205 0.236
        vertex 0.62983096 0.30151135 0
        vertex 0.62983096 0.30151135 0.236
    endloop
endfacet
facet normal -0.0067116 0.99997747 0
    outer loop
        vertex 0.62983096 0.30151135 0.236
        vertex 0.62983096 0.30151135 0
        vertex 0.6251686 0.30148005 0
    endloop
endfacet
facet normal -0.0067116 0.99997747 0
    outer loop
        vertex 0.6251686 0.30148005 0.236
        vertex 0.62983096 0.30151135 0.236
        vertex 0.6251686 0.30148005 0
    endloop
endfacet
facet normal -0.02279681 0.99974012 0
    outer loop
        vertex 0.6204296 0.301372 0.236
        vertex 0.6251686 0.30148005 0
        vertex 0.6204296 0.301372 0
    endloop
endfacet
facet normal -0.04345182 0.99905562 0
    outer loop
        vertex 0.61573786 0.30116794 0.236
        vertex 0.6204296 0.301372 0.236
        vertex 0.6204296 0.301372 0
    endloop
endfacet
facet normal -0.04345182 0.99905562 0
    outer loop
        vertex 0.61573786 0.30116794 0
        vertex 0.61573786 0.30116794 0.236
        vertex 0.6204296 0.301372 0
    endloop
endfacet
facet normal -0.07044691 0.99751556 0
    outer loop
        vertex 0.61573786 0.30116794 0
        vertex 0.61121744 0.3008487 0.236
        vertex 0.61573786 0.30116794 0.236
    endloop
endfacet
facet normal -0.07044691 0.99751556 0
    outer loop
        vertex 0.61573786 0.30116794 0
        vertex 0.61121744 0.3008487 0
        vertex 0.61121744 0.3008487 0.236
    endloop
endfacet
facet normal -0.10455219 0.99451947 0
    outer loop
        vertex 0.61121744 0.3008487 0.236
        vertex 0.61121744 0.3008487 0
        vertex 0.60697055 0.30040222 0.236
    endloop
endfacet
facet normal -0.13938667 0.99023813 0
    outer loop
        vertex 0.60697055 0.30040222 0.236
        vertex 0.60697055 0.30040222 0
        vertex 0.6030124 0.29984507 0.236
    endloop
endfacet
facet normal -0.17257169 0.98499691 0
    outer loop
        vertex 0.6030124 0.29984507 0
        vertex 0.5993361 0.29920098 0
        vertex 0.5993361 0.29920098 0.236
    endloop
endfacet
facet normal -0.25671381 0.96648741 0
    outer loop
        vertex 0.58993226 0.29698455 0.236
        vertex 0.5928027 0.297747 0.236
        vertex 0.5928027 0.297747 0
    endloop
endfacet
facet normal -0.31201017 0.95007873 0
    outer loop
        vertex 0.58495015 0.29550746 0
        vertex 0.57772046 0.2931332 0
        vertex 0.57772046 0.2931332 0.236
    endloop
endfacet
facet normal -0.43224683 0.90175533 0
    outer loop
        vertex 0.5687198 0.28975722 0.236
        vertex 0.5669153 0.28889224 0
        vertex 0.5669153 0.28889224 0.236
    endloop
endfacet
facet normal -0.43224683 0.90175533 0
    outer loop
        vertex 0.5687198 0.28975722 0.236
        vertex 0.5687198 0.28975722 0
        vertex 0.5669153 0.28889224 0
    endloop
endfacet
facet normal -0.36103955 0.93255043 0
    outer loop
        vertex 0.5687198 0.28975722 0.236
        vertex 0.57324797 0.2915103 0.236
        vertex 0.5687198 0.28975722 0
    endloop
endfacet
facet normal -0.36103955 0.93255043 0
    outer loop
        vertex 0.5687198 0.28975722 0
        vertex 0.57324797 0.2915103 0.236
        vertex 0.57324797 0.2915103 0
    endloop
endfacet
facet normal -0.34109771 0.94002783 0
    outer loop
        vertex 0.57324797 0.2915103 0
        vertex 0.57324797 0.2915103 0.236
        vertex 0.57772046 0.2931332 0
    endloop
endfacet
facet normal -0.34109771 0.94002783 0
    outer loop
        vertex 0.57772046 0.2931332 0
        vertex 0.57324797 0.2915103 0.236
        vertex 0.57772046 0.2931332 0.236
    endloop
endfacet
facet normal -0.31201017 0.95007873 0
    outer loop
        vertex 0.58495015 0.29550746 0
        vertex 0.57772046 0.2931332 0.236
        vertex 0.58495015 0.29550746 0.236
    endloop
endfacet
facet normal -0.28424942 0.95875037 0
    outer loop
        vertex 0.58993226 0.29698455 0
        vertex 0.58495015 0.29550746 0
        vertex 0.58495015 0.29550746 0.236
    endloop
endfacet
facet normal -0.28424942 0.95875037 0
    outer loop
        vertex 0.58993226 0.29698455 0.236
        vertex 0.58993226 0.29698455 0
        vertex 0.58495015 0.29550746 0.236
    endloop
endfacet
facet normal -0.25671381 0.96648741 0
    outer loop
        vertex 0.58993226 0.29698455 0.236
        vertex 0.5928027 0.297747 0
        vertex 0.58993226 0.29698455 0
    endloop
endfacet
facet normal -0.23188992 0.97274196 0
    outer loop
        vertex 0.5928027 0.297747 0.236
        vertex 0.5959351 0.2984937 0
        vertex 0.5928027 0.297747 0
    endloop
endfacet
facet normal -0.23188992 0.97274196 0
    outer loop
        vertex 0.5928027 0.297747 0.236
        vertex 0.5959351 0.2984937 0.236
        vertex 0.5959351 0.2984937 0
    endloop
endfacet
facet normal -0.2036041 0.97905332 0
    outer loop
        vertex 0.5959351 0.2984937 0
        vertex 0.5959351 0.2984937 0.236
        vertex 0.5993361 0.29920098 0
    endloop
endfacet
facet normal -0.2036041 0.97905332 0
    outer loop
        vertex 0.5993361 0.29920098 0
        vertex 0.5959351 0.2984937 0.236
        vertex 0.5993361 0.29920098 0.236
    endloop
endfacet
facet normal -0.17257169 0.98499691 0
    outer loop
        vertex 0.6030124 0.29984507 0
        vertex 0.5993361 0.29920098 0.236
        vertex 0.6030124 0.29984507 0.236
    endloop
endfacet
facet normal -0.13938667 0.99023813 0
    outer loop
        vertex 0.60697055 0.30040222 0
        vertex 0.6030124 0.29984507 0
        vertex 0.6030124 0.29984507 0.236
    endloop
endfacet
facet normal -0.10455219 0.99451947 0
    outer loop
        vertex 0.61121744 0.3008487 0
        vertex 0.60697055 0.30040222 0
        vertex 0.60697055 0.30040222 0.236
    endloop
endfacet
facet normal -0.02279681 0.99974012 0
    outer loop
        vertex 0.6251686 0.30148005 0
        vertex 0.6204296 0.301372 0.236
        vertex 0.6251686 0.30148005 0.236
    endloop
endfacet
facet normal 0.86333495 0.50463146 0
    outer loop
        vertex 0.5669153 0.28889224 0.236
        vertex 0.5669153 0.28889224 0
        vertex 0.526113 0.35869774 0.236
    endloop
endfacet
facet normal 0.86333495 0.50463146 0
    outer loop
        vertex 0.526113 0.35869774 0.236
        vertex 0.5669153 0.28889224 0
        vertex 0.526113 0.35869774 0
    endloop
endfacet
facet normal 0.59592819 -0.80303776 0
    outer loop
        vertex 0.526113 0.35869774 0.236
        vertex 0.526113 0.35869774 0
        vertex 0.527841 0.35998008 0
    endloop
endfacet
facet normal 0.66158372 -0.74987131 0
    outer loop
        vertex 0.527841 0.35998008 0.236
        vertex 0.527841 0.35998008 0
        vertex 0.5313698 0.36309344 0.236
    endloop
endfacet
facet normal 0.66158372 -0.74987131 0
    outer loop
        vertex 0.5313698 0.36309344 0.236
        vertex 0.527841 0.35998008 0
        vertex 0.5313698 0.36309344 0
    endloop
endfacet
facet normal 0.67734593 -0.73566461 0
    outer loop
        vertex 0.53507435 0.3665043 0
        vertex 0.5313698 0.36309344 0.236
        vertex 0.5313698 0.36309344 0
    endloop
endfacet
facet normal 0.67734593 -0.73566461 0
    outer loop
        vertex 0.53507435 0.3665043 0
        vertex 0.53507435 0.3665043 0.236
        vertex 0.5313698 0.36309344 0.236
    endloop
endfacet
facet normal 0.6957646 -0.71826994 0
    outer loop
        vertex 0.53507435 0.3665043 0
        vertex 0.5379763 0.36931536 0
        vertex 0.53507435 0.3665043 0.236
    endloop
endfacet
facet normal 0.6957646 -0.71826994 0
    outer loop
        vertex 0.53507435 0.3665043 0.236
        vertex 0.5379763 0.36931536 0
        vertex 0.5379763 0.36931536 0.236
    endloop
endfacet
facet normal 0.70739299 -0.70682049 0
    outer loop
        vertex 0.5379763 0.36931536 0.236
        vertex 0.5379763 0.36931536 0
        vertex 0.5418764 0.37321857 0
    endloop
endfacet
facet normal 0.70739299 -0.70682049 0
    outer loop
        vertex 0.5418764 0.37321857 0.236
        vertex 0.5379763 0.36931536 0.236
        vertex 0.5418764 0.37321857 0
    endloop
endfacet
facet normal 0.71967465 -0.69431144 0
    outer loop
        vertex 0.5442798 0.3757098 0
        vertex 0.5418764 0.37321857 0.236
        vertex 0.5418764 0.37321857 0
    endloop
endfacet
facet normal 0.71967465 -0.69431144 0
    outer loop
        vertex 0.5442798 0.3757098 0
        vertex 0.5442798 0.3757098 0.236
        vertex 0.5418764 0.37321857 0.236
    endloop
endfacet
facet normal 0.74776655 -0.66396165 0
    outer loop
        vertex 0.5442798 0.3757098 0
        vertex 0.5470721 0.37885454 0
        vertex 0.5442798 0.3757098 0.236
    endloop
endfacet
facet normal 0.74776655 -0.66396165 0
    outer loop
        vertex 0.5442798 0.3757098 0.236
        vertex 0.5470721 0.37885454 0
        vertex 0.5470721 0.37885454 0.236
    endloop
endfacet
facet normal 0.78321564 -0.62175006 0
    outer loop
        vertex 0.5470721 0.37885454 0.236
        vertex 0.5470721 0.37885454 0
        vertex 0.55033654 0.38296673 0.236
    endloop
endfacet
facet normal 0.78321564 -0.62175006 0
    outer loop
        vertex 0.55033654 0.38296673 0.236
        vertex 0.5470721 0.37885454 0
        vertex 0.55033654 0.38296673 0
    endloop
endfacet
facet normal 0.80800653 -0.58917361 0
    outer loop
        vertex 0.5521718 0.38548368 0.236
        vertex 0.55033654 0.38296673 0.236
        vertex 0.55033654 0.38296673 0
    endloop
endfacet
facet normal 0.80800653 -0.58917361 0
    outer loop
        vertex 0.5521718 0.38548368 0
        vertex 0.5521718 0.38548368 0.236
        vertex 0.55033654 0.38296673 0
    endloop
endfacet
facet normal 0.82310998 -0.567882 0
    outer loop
        vertex 0.5521718 0.38548368 0
        vertex 0.5541564 0.38836023 0.236
        vertex 0.5521718 0.38548368 0.236
    endloop
endfacet
facet normal 0.89586514 -0.44432589 0
    outer loop
        vertex 0.5731039 0.4218601 0
        vertex 0.5766579 0.42902577 0
        vertex 0.5766579 0.42902577 0.236
    endloop
endfacet
facet normal 0.89586514 -0.44432589 0
    outer loop
        vertex 0.5731039 0.4218601 0.236
        vertex 0.5731039 0.4218601 0
        vertex 0.5766579 0.42902577 0.236
    endloop
endfacet
facet normal 0.89026147 -0.45544973 0
    outer loop
        vertex 0.5731039 0.4218601 0.236
        vertex 0.56978256 0.4153679 0
        vertex 0.5731039 0.4218601 0
    endloop
endfacet
facet normal 0.89026147 -0.45544973 0
    outer loop
        vertex 0.5731039 0.4218601 0.236
        vertex 0.56978256 0.4153679 0.236
        vertex 0.56978256 0.4153679 0
    endloop
endfacet
facet normal 0.88392216 -0.46763396 0
    outer loop
        vertex 0.56978256 0.4153679 0
        vertex 0.56978256 0.4153679 0.236
        vertex 0.5666834 0.4095099 0
    endloop
endfacet
facet normal 0.88392216 -0.46763396 0
    outer loop
        vertex 0.5666834 0.4095099 0
        vertex 0.56978256 0.4153679 0.236
        vertex 0.5666834 0.4095099 0.236
    endloop
endfacet
facet normal 0.8767277 -0.48098719 0
    outer loop
        vertex 0.56379604 0.4042469 0
        vertex 0.5666834 0.4095099 0
        vertex 0.5666834 0.4095099 0.236
    endloop
endfacet
facet normal 0.8767277 -0.48098719 0
    outer loop
        vertex 0.56379604 0.4042469 0.236
        vertex 0.56379604 0.4042469 0
        vertex 0.5666834 0.4095099 0.236
    endloop
endfacet
facet normal 0.86855435 -0.49559402 0
    outer loop
        vertex 0.56379604 0.4042469 0.236
        vertex 0.56111014 0.3995397 0
        vertex 0.56379604 0.4042469 0
    endloop
endfacet
facet normal 0.86855435 -0.49559402 0
    outer loop
        vertex 0.56379604 0.4042469 0.236
        vertex 0.56111014 0.3995397 0.236
        vertex 0.56111014 0.3995397 0
    endloop
endfacet
facet normal 0.85924613 -0.51156235 0
    outer loop
        vertex 0.56111014 0.3995397 0
        vertex 0.56111014 0.3995397 0.236
        vertex 0.55861515 0.395349 0
    endloop
endfacet
facet normal 0.85924613 -0.51156235 0
    outer loop
        vertex 0.55861515 0.395349 0
        vertex 0.56111014 0.3995397 0.236
        vertex 0.55861515 0.395349 0.236
    endloop
endfacet
facet normal 0.84865767 -0.52894241 0
    outer loop
        vertex 0.5563007 0.3916356 0
        vertex 0.55861515 0.395349 0
        vertex 0.55861515 0.395349 0.236
    endloop
endfacet
facet normal 0.84865767 -0.52894241 0
    outer loop
        vertex 0.5563007 0.3916356 0.236
        vertex 0.5563007 0.3916356 0
        vertex 0.55861515 0.395349 0.236
    endloop
endfacet
facet normal 0.83665442 -0.54773104 0
    outer loop
        vertex 0.5563007 0.3916356 0.236
        vertex 0.5541564 0.38836023 0
        vertex 0.5563007 0.3916356 0
    endloop
endfacet
facet normal 0.83665442 -0.54773104 0
    outer loop
        vertex 0.5563007 0.3916356 0.236
        vertex 0.5541564 0.38836023 0.236
        vertex 0.5541564 0.38836023 0
    endloop
endfacet
facet normal 0.82310998 -0.567882 0
    outer loop
        vertex 0.5541564 0.38836023 0
        vertex 0.5541564 0.38836023 0.236
        vertex 0.5521718 0.38548368 0
    endloop
endfacet
facet normal 0.59592819 -0.80303776 0
    outer loop
        vertex 0.527841 0.35998008 0
        vertex 0.527841 0.35998008 0.236
        vertex 0.526113 0.35869774 0.236
    endloop
endfacet
facet normal 0.7741245 0.63303351 0
    outer loop
        vertex 0.5766579 0.42902577 0.236
        vertex 0.5766579 0.42902577 0
        vertex 0.534934 0.48004913 0.236
    endloop
endfacet
facet normal 0.7741245 0.63303351 0
    outer loop
        vertex 0.534934 0.48004913 0.236
        vertex 0.5766579 0.42902577 0
        vertex 0.534934 0.48004913 0
    endloop
endfacet
facet normal -0.26819533 0.9633646 0
    outer loop
        vertex 0.534934 0.48004913 0.236
        vertex 0.534934 0.48004913 0
        vertex 0.5277706 0.47805488 0
    endloop
endfacet
facet normal -0.26819533 0.9633646 0
    outer loop
        vertex 0.5277706 0.47805488 0.236
        vertex 0.534934 0.48004913 0.236
        vertex 0.5277706 0.47805488 0
    endloop
endfacet
facet normal -0.27116203 0.96253371 0
    outer loop
        vertex 0.5212204 0.47620958 0
        vertex 0.5277706 0.47805488 0.236
        vertex 0.5277706 0.47805488 0
    endloop
endfacet
facet normal -0.27116203 0.96253371 0
    outer loop
        vertex 0.5212204 0.47620958 0
        vertex 0.5212204 0.47620958 0.236
        vertex 0.5277706 0.47805488 0.236
    endloop
endfacet
facet normal -0.2846421 0.9586339 0
    outer loop
        vertex 0.5212204 0.47620958 0
        vertex 0.5129773 0.473762 0
        vertex 0.5212204 0.47620958 0.236
    endloop
endfacet
facet normal -0.2846421 0.9586339 0
    outer loop
        vertex 0.5212204 0.47620958 0.236
        vertex 0.5129773 0.473762 0
        vertex 0.5129773 0.473762 0.236
    endloop
endfacet
facet normal -0.30116561 0.95357186 0
    outer loop
        vertex 0.5129773 0.473762 0.236
        vertex 0.5129773 0.473762 0
        vertex 0.50853133 0.47235784 0
    endloop
endfacet
facet normal -0.30116561 0.95357186 0
    outer loop
        vertex 0.50853133 0.47235784 0.236
        vertex 0.5129773 0.473762 0.236
        vertex 0.50853133 0.47235784 0
    endloop
endfacet
facet normal -0.31646541 0.94860411 0
    outer loop
        vertex 0.5040347 0.4708577 0.236
        vertex 0.50853133 0.47235784 0
        vertex 0.5040347 0.4708577 0
    endloop
endfacet
facet normal -0.33600026 0.94186187 0
    outer loop
        vertex 0.49961156 0.4692798 0.236
        vertex 0.5040347 0.4708577 0.236
        vertex 0.5040347 0.4708577 0
    endloop
endfacet
facet normal -0.33600026 0.94186187 0
    outer loop
        vertex 0.49961156 0.4692798 0
        vertex 0.49961156 0.4692798 0.236
        vertex 0.5040347 0.4708577 0
    endloop
endfacet
facet normal -0.36133081 0.93243778 0
    outer loop
        vertex 0.49961156 0.4692798 0
        vertex 0.49538606 0.46764237 0.236
        vertex 0.49961156 0.4692798 0.236
    endloop
endfacet
facet normal -0.36133081 0.93243778 0
    outer loop
        vertex 0.49961156 0.4692798 0
        vertex 0.49538606 0.46764237 0
        vertex 0.49538606 0.46764237 0.236
    endloop
endfacet
facet normal -0.3930499 0.91951716 0
    outer loop
        vertex 0.49538606 0.46764237 0.236
        vertex 0.49538606 0.46764237 0
        vertex 0.49145946 0.46596393 0.236
    endloop
endfacet
facet normal -0.42507771 0.90515685 0
    outer loop
        vertex 0.49145946 0.46596393 0.236
        vertex 0.49145946 0.46596393 0
        vertex 0.48784137 0.4642648 0.236
    endloop
endfacet
facet normal -0.45523483 0.89037132 0
    outer loop
        vertex 0.48784137 0.4642648 0
        vertex 0.48451826 0.46256575 0
        vertex 0.48451826 0.46256575 0.236
    endloop
endfacet
facet normal -0.53018475 0.84788215 0
    outer loop
        vertex 0.4761855 0.45767593 0.236
        vertex 0.47870374 0.4592506 0.236
        vertex 0.47870374 0.4592506 0
    endloop
endfacet
facet normal -0.57818663 0.81590456 0
    outer loop
        vertex 0.4718601 0.454796 0
        vertex 0.4656514 0.4503962 0
        vertex 0.4656514 0.4503962 0.236
    endloop
endfacet
facet normal -0.67885524 0.73427224 0
    outer loop
        vertex 0.45804572 0.44451723 0.236
        vertex 0.45657638 0.44315878 0
        vertex 0.45657638 0.44315878 0.236
    endloop
endfacet
facet normal -0.67885524 0.73427224 0
    outer loop
        vertex 0.45804572 0.44451723 0.236
        vertex 0.45804572 0.44451723 0
        vertex 0.45657638 0.44315878 0
    endloop
endfacet
facet normal -0.61987114 0.78470367 0
    outer loop
        vertex 0.45804572 0.44451723 0.236
        vertex 0.46185598 0.4475271 0.236
        vertex 0.45804572 0.44451723 0
    endloop
endfacet
facet normal -0.61987114 0.78470367 0
    outer loop
        vertex 0.45804572 0.44451723 0
        vertex 0.46185598 0.4475271 0.236
        vertex 0.46185598 0.4475271 0
    endloop
endfacet
facet normal -0.6030274 0.79772049 0
    outer loop
        vertex 0.46185598 0.4475271 0
        vertex 0.46185598 0.4475271 0.236
        vertex 0.4656514 0.4503962 0
    endloop
endfacet
facet normal -0.6030274 0.79772049 0
    outer loop
        vertex 0.4656514 0.4503962 0
        vertex 0.46185598 0.4475271 0.236
        vertex 0.4656514 0.4503962 0.236
    endloop
endfacet
facet normal -0.57818663 0.81590456 0
    outer loop
        vertex 0.4718601 0.454796 0
        vertex 0.4656514 0.4503962 0.236
        vertex 0.4718601 0.454796 0.236
    endloop
endfacet
facet normal -0.55421436 0.83237398 0
    outer loop
        vertex 0.4761855 0.45767593 0
        vertex 0.4718601 0.454796 0
        vertex 0.4718601 0.454796 0.236
    endloop
endfacet
facet normal -0.55421436 0.83237398 0
    outer loop
        vertex 0.4761855 0.45767593 0.236
        vertex 0.4761855 0.45767593 0
        vertex 0.4718601 0.454796 0.236
    endloop
endfacet
facet normal -0.53018475 0.84788215 0
    outer loop
        vertex 0.4761855 0.45767593 0.236
        vertex 0.47870374 0.4592506 0
        vertex 0.4761855 0.45767593 0
    endloop
endfacet
facet normal -0.50829923 0.86118048 0
    outer loop
        vertex 0.47870374 0.4592506 0.236
        vertex 0.48147687 0.4608874 0
        vertex 0.47870374 0.4592506 0
    endloop
endfacet
facet normal -0.50829923 0.86118048 0
    outer loop
        vertex 0.47870374 0.4592506 0.236
        vertex 0.48147687 0.4608874 0.236
        vertex 0.48147687 0.4608874 0
    endloop
endfacet
facet normal -0.48315263 0.87553608 0
    outer loop
        vertex 0.48147687 0.4608874 0
        vertex 0.48147687 0.4608874 0.236
        vertex 0.48451826 0.46256575 0
    endloop
endfacet
facet normal -0.48315263 0.87553608 0
    outer loop
        vertex 0.48451826 0.46256575 0
        vertex 0.48147687 0.4608874 0.236
        vertex 0.48451826 0.46256575 0.236
    endloop
endfacet
facet normal -0.45523483 0.89037132 0
    outer loop
        vertex 0.48784137 0.4642648 0
        vertex 0.48451826 0.46256575 0.236
        vertex 0.48784137 0.4642648 0.236
    endloop
endfacet
facet normal -0.42507771 0.90515685 0
    outer loop
        vertex 0.49145946 0.46596393 0
        vertex 0.48784137 0.4642648 0
        vertex 0.48784137 0.4642648 0.236
    endloop
endfacet
facet normal -0.3930499 0.91951716 0
    outer loop
        vertex 0.49538606 0.46764237 0
        vertex 0.49145946 0.46596393 0
        vertex 0.49145946 0.46596393 0.236
    endloop
endfacet
facet normal -0.31646541 0.94860411 0
    outer loop
        vertex 0.50853133 0.47235784 0
        vertex 0.5040347 0.4708577 0.236
        vertex 0.50853133 0.47235784 0.236
    endloop
endfacet
facet normal 0.67623621 0.73668486 0
    outer loop
        vertex 0.45657638 0.44315878 0.236
        vertex 0.45657638 0.44315878 0
        vertex 0.39701122 0.49783632 0.236
    endloop
endfacet
facet normal 0.67623621 0.73668486 0
    outer loop
        vertex 0.39701122 0.49783632 0.236
        vertex 0.45657638 0.44315878 0
        vertex 0.39701122 0.49783632 0
    endloop
endfacet
facet normal 0.80615479 -0.59170461 0
    outer loop
        vertex 0.39701122 0.49783632 0.236
        vertex 0.39701122 0.49783632 0
        vertex 0.39828447 0.49957103 0
    endloop
endfacet
facet normal 0.85321641 -0.52155709 0
    outer loop
        vertex 0.39828447 0.49957103 0.236
        vertex 0.39828447 0.49957103 0
        vertex 0.4007389 0.50358623 0.236
    endloop
endfacet
facet normal 0.85321641 -0.52155709 0
    outer loop
        vertex 0.4007389 0.50358623 0.236
        vertex 0.39828447 0.49957103 0
        vertex 0.4007389 0.50358623 0
    endloop
endfacet
facet normal 0.86409301 -0.5033322 0
    outer loop
        vertex 0.4032735 0.5079375 0
        vertex 0.4007389 0.50358623 0.236
        vertex 0.4007389 0.50358623 0
    endloop
endfacet
facet normal 0.86409301 -0.5033322 0
    outer loop
        vertex 0.4032735 0.5079375 0
        vertex 0.4032735 0.5079375 0.236
        vertex 0.4007389 0.50358623 0.236
    endloop
endfacet
facet normal 0.87656987 -0.48127472 0
    outer loop
        vertex 0.4032735 0.5079375 0
        vertex 0.40521795 0.511479 0
        vertex 0.4032735 0.5079375 0.236
    endloop
endfacet
facet normal 0.87656987 -0.48127472 0
    outer loop
        vertex 0.4032735 0.5079375 0.236
        vertex 0.40521795 0.511479 0
        vertex 0.40521795 0.511479 0.236
    endloop
endfacet
facet normal 0.88430887 -0.46690249 0
    outer loop
        vertex 0.40521795 0.511479 0.236
        vertex 0.40521795 0.511479 0
        vertex 0.4077942 0.51635844 0
    endloop
endfacet
facet normal 0.88430887 -0.46690249 0
    outer loop
        vertex 0.4077942 0.51635844 0.236
        vertex 0.40521795 0.511479 0.236
        vertex 0.4077942 0.51635844 0
    endloop
endfacet
facet normal 0.89234787 -0.45134822 0
    outer loop
        vertex 0.4093566 0.5194474 0
        vertex 0.4077942 0.51635844 0.236
        vertex 0.4077942 0.51635844 0
    endloop
endfacet
facet normal 0.89234787 -0.45134822 0
    outer loop
        vertex 0.4093566 0.5194474 0
        vertex 0.4093566 0.5194474 0.236
        vertex 0.4077942 0.51635844 0.236
    endloop
endfacet
facet normal 0.91025287 -0.41405281 0
    outer loop
        vertex 0.4093566 0.5194474 0
        vertex 0.41109788 0.52327543 0
        vertex 0.4093566 0.5194474 0.236
    endloop
endfacet
facet normal 0.91025287 -0.41405281 0
    outer loop
        vertex 0.4093566 0.5194474 0.236
        vertex 0.41109788 0.52327543 0
        vertex 0.41109788 0.52327543 0.236
    endloop
endfacet
facet normal 0.931683 -0.36327228 0
    outer loop
        vertex 0.41109788 0.52327543 0.236
        vertex 0.41109788 0.52327543 0
        vertex 0.4130052 0.5281671 0.236
    endloop
endfacet
facet normal 0.931683 -0.36327228 0
    outer loop
        vertex 0.4130052 0.5281671 0.236
        vertex 0.41109788 0.52327543 0
        vertex 0.4130052 0.5281671 0
    endloop
endfacet
facet normal 0.94577116 -0.32483378 0
    outer loop
        vertex 0.41401708 0.53111327 0.236
        vertex 0.4130052 0.5281671 0.236
        vertex 0.4130052 0.5281671 0
    endloop
endfacet
facet normal 0.94577116 -0.32483378 0
    outer loop
        vertex 0.41401708 0.53111327 0
        vertex 0.41401708 0.53111327 0.236
        vertex 0.4130052 0.5281671 0
    endloop
endfacet
facet normal 0.95392776 -0.30003613 0
    outer loop
        vertex 0.41401708 0.53111327 0
        vertex 0.41506562 0.53444695 0.236
        vertex 0.41401708 0.53111327 0.236
    endloop
endfacet
facet normal 0.98703182 -0.16052476 0
    outer loop
        vertex 0.42329708 0.57204336 0
        vertex 0.42458105 0.57993823 0
        vertex 0.42458105 0.57993823 0.236
    endloop
endfacet
facet normal 0.98703182 -0.16052476 0
    outer loop
        vertex 0.42329708 0.57204336 0.236
        vertex 0.42329708 0.57204336 0
        vertex 0.42458105 0.57993823 0.236
    endloop
endfacet
facet normal 0.98495573 -0.17280677 0
    outer loop
        vertex 0.42329708 0.57204336 0.236
        vertex 0.4220369 0.5648606 0
        vertex 0.42329708 0.57204336 0
    endloop
endfacet
facet normal 0.98495573 -0.17280677 0
    outer loop
        vertex 0.42329708 0.57204336 0.236
        vertex 0.4220369 0.5648606 0.236
        vertex 0.4220369 0.5648606 0
    endloop
endfacet
facet normal 0.98248857 -0.18632288 0
    outer loop
        vertex 0.4220369 0.5648606 0
        vertex 0.4220369 0.5648606 0.236
        vertex 0.4208021 0.55834943 0
    endloop
endfacet
facet normal 0.98248857 -0.18632288 0
    outer loop
        vertex 0.4208021 0.55834943 0
        vertex 0.4220369 0.5648606 0.236
        vertex 0.4208021 0.55834943 0.236
    endloop
endfacet
facet normal 0.97955227 -0.2011898 0
    outer loop
        vertex 0.41959435 0.5524692 0
        vertex 0.4208021 0.55834943 0
        vertex 0.4208021 0.55834943 0.236
    endloop
endfacet
facet normal 0.97955227 -0.2011898 0
    outer loop
        vertex 0.41959435 0.5524692 0.236
        vertex 0.41959435 0.5524692 0
        vertex 0.4208021 0.55834943 0.236
    endloop
endfacet
facet normal 0.97604436 -0.21757208 0
    outer loop
        vertex 0.41959435 0.5524692 0.236
        vertex 0.4184152 0.5471794 0
        vertex 0.41959435 0.5524692 0
    endloop
endfacet
facet normal 0.97604436 -0.21757208 0
    outer loop
        vertex 0.41959435 0.5524692 0.236
        vertex 0.4184152 0.5471794 0.236
        vertex 0.4184152 0.5471794 0
    endloop
endfacet
facet normal 0.97185796 -0.23556769 0
    outer loop
        vertex 0.4184152 0.5471794 0
        vertex 0.4184152 0.5471794 0.236
        vertex 0.41726628 0.54243946 0
    endloop
endfacet
facet normal 0.97185796 -0.23556769 0
    outer loop
        vertex 0.41726628 0.54243946 0
        vertex 0.4184152 0.5471794 0.236
        vertex 0.41726628 0.54243946 0.236
    endloop
endfacet
facet normal 0.96686268 -0.2552968 0
    outer loop
        vertex 0.4161492 0.53820884 0
        vertex 0.41726628 0.54243946 0
        vertex 0.41726628 0.54243946 0.236
    endloop
endfacet
facet normal 0.96686268 -0.2552968 0
    outer loop
        vertex 0.4161492 0.53820884 0.236
        vertex 0.4161492 0.53820884 0
        vertex 0.41726628 0.54243946 0.236
    endloop
endfacet
facet normal 0.96093076 -0.27678865 0
    outer loop
        vertex 0.4161492 0.53820884 0.236
        vertex 0.41506562 0.53444695 0
        vertex 0.4161492 0.53820884 0
    endloop
endfacet
facet normal 0.96093076 -0.27678865 0
    outer loop
        vertex 0.4161492 0.53820884 0.236
        vertex 0.41506562 0.53444695 0.236
        vertex 0.41506562 0.53444695 0
    endloop
endfacet
facet normal 0.95392776 -0.30003613 0
    outer loop
        vertex 0.41506562 0.53444695 0
        vertex 0.41506562 0.53444695 0.236
        vertex 0.41401708 0.53111327 0
    endloop
endfacet
facet normal 0.80615479 -0.59170461 0
    outer loop
        vertex 0.39828447 0.49957103 0
        vertex 0.39828447 0.49957103 0.236
        vertex 0.39701122 0.49783632 0.236
    endloop
endfacet
facet normal 0.55314237 0.83308673 0
    outer loop
        vertex 0.42458105 0.57993823 0.236
        vertex 0.42458105 0.57993823 0
        vertex 0.36967143 0.6163964 0.236
    endloop
endfacet
facet normal 0.55314237 0.83308673 0
    outer loop
        vertex 0.36967143 0.6163964 0.236
        vertex 0.42458105 0.57993823 0
        vertex 0.36967143 0.6163964 0
    endloop
endfacet
facet normal -0.54022753 0.84151894 0
    outer loop
        vertex 0.36967143 0.6163964 0.236
        vertex 0.36967143 0.6163964 0
        vertex 0.36341402 0.6123794 0
    endloop
endfacet
facet normal -0.54022753 0.84151894 0
    outer loop
        vertex 0.36341402 0.6123794 0.236
        vertex 0.36967143 0.6163964 0.236
        vertex 0.36341402 0.6123794 0
    endloop
endfacet
facet normal -0.54283214 0.83984125 0
    outer loop
        vertex 0.35769877 0.6086853 0
        vertex 0.36341402 0.6123794 0.236
        vertex 0.36341402 0.6123794 0
    endloop
endfacet
facet normal -0.54283214 0.83984125 0
    outer loop
        vertex 0.35769877 0.6086853 0
        vertex 0.35769877 0.6086853 0.236
        vertex 0.36341402 0.6123794 0.236
    endloop
endfacet
facet normal -0.55455947 0.83214414 0
    outer loop
        vertex 0.35769877 0.6086853 0
        vertex 0.35054332 0.60391676 0
        vertex 0.35769877 0.6086853 0.236
    endloop
endfacet
facet normal -0.55455947 0.83214414 0
    outer loop
        vertex 0.35769877 0.6086853 0.236
        vertex 0.35054332 0.60391676 0
        vertex 0.35054332 0.60391676 0.236
    endloop
endfacet
facet normal -0.5688566 0.82243675 0
    outer loop
        vertex 0.35054332 0.60391676 0.236
        vertex 0.35054332 0.60391676 0
        vertex 0.3467088 0.60126454 0
    endloop
endfacet
facet normal -0.5688566 0.82243675 0
    outer loop
        vertex 0.3467088 0.60126454 0.236
        vertex 0.35054332 0.60391676 0.236
        vertex 0.3467088 0.60126454 0
    endloop
endfacet
facet normal -0.58200753 0.81318349 0
    outer loop
        vertex 0.3428541 0.5985057 0.236
        vertex 0.3467088 0.60126454 0
        vertex 0.3428541 0.5985057 0
    endloop
endfacet
facet normal -0.5986914 0.80097979 0
    outer loop
        vertex 0.33909258 0.5956941 0.236
        vertex 0.3428541 0.5985057 0.236
        vertex 0.3428541 0.5985057 0
    endloop
endfacet
facet normal -0.5986914 0.80097979 0
    outer loop
        vertex 0.33909258 0.5956941 0
        vertex 0.33909258 0.5956941 0.236
        vertex 0.3428541 0.5985057 0
    endloop
endfacet
facet normal -0.62012583 0.78450233 0
    outer loop
        vertex 0.33909258 0.5956941 0
        vertex 0.33553743 0.5928839 0.236
        vertex 0.33909258 0.5956941 0.236
    endloop
endfacet
facet normal -0.62012583 0.78450233 0
    outer loop
        vertex 0.33909258 0.5956941 0
        vertex 0.33553743 0.5928839 0
        vertex 0.33553743 0.5928839 0.236
    endloop
endfacet
facet normal -0.64661807 0.76281387 0
    outer loop
        vertex 0.33553743 0.5928839 0.236
        vertex 0.33553743 0.5928839 0
        vertex 0.33228007 0.5901227 0.236
    endloop
endfacet
facet normal -0.67298222 0.73965859 0
    outer loop
        vertex 0.33228007 0.5901227 0.236
        vertex 0.33228007 0.5901227 0
        vertex 0.32932347 0.5874326 0.236
    endloop
endfacet
facet normal -0.69745982 0.7166239 0
    outer loop
        vertex 0.32932347 0.5874326 0
        vertex 0.32664883 0.5848295 0
        vertex 0.32664883 0.5848295 0.236
    endloop
endfacet
facet normal -0.75654864 0.65393752 0
    outer loop
        vertex 0.32012755 0.5777008 0.236
        vertex 0.32206976 0.57994777 0.236
        vertex 0.32206976 0.57994777 0
    endloop
endfacet
facet normal -0.79299074 0.60923374 0
    outer loop
        vertex 0.31684324 0.5736739 0
        vertex 0.3122072 0.5676395 0
        vertex 0.3122072 0.5676395 0.236
    endloop
endfacet
facet normal -0.86512196 0.50156158 0
    outer loop
        vertex 0.30667228 0.5597799 0.236
        vertex 0.30566862 0.5580487 0
        vertex 0.30566862 0.5580487 0.236
    endloop
endfacet
facet normal -0.86512196 0.50156158 0
    outer loop
        vertex 0.30667228 0.5597799 0.236
        vertex 0.30667228 0.5597799 0
        vertex 0.30566862 0.5580487 0
    endloop
endfacet
facet normal -0.82362735 0.56713146 0
    outer loop
        vertex 0.30667228 0.5597799 0.236
        vertex 0.3094261 0.5637792 0.236
        vertex 0.30667228 0.5597799 0
    endloop
endfacet
facet normal -0.82362735 0.56713146 0
    outer loop
        vertex 0.30667228 0.5597799 0
        vertex 0.3094261 0.5637792 0.236
        vertex 0.3094261 0.5637792 0
    endloop
endfacet
facet normal -0.81137109 0.58453143 0
    outer loop
        vertex 0.3094261 0.5637792 0
        vertex 0.3094261 0.5637792 0.236
        vertex 0.3122072 0.5676395 0
    endloop
endfacet
facet normal -0.81137109 0.58453143 0
    outer loop
        vertex 0.3122072 0.5676395 0
        vertex 0.3094261 0.5637792 0.236
        vertex 0.3122072 0.5676395 0.236
    endloop
endfacet
facet normal -0.79299074 0.60923374 0
    outer loop
        vertex 0.31684324 0.5736739 0
        vertex 0.3122072 0.5676395 0.236
        vertex 0.31684324 0.5736739 0.236
    endloop
endfacet
facet normal -0.77493942 0.63203561 0
    outer loop
        vertex 0.32012755 0.5777008 0
        vertex 0.31684324 0.5736739 0
        vertex 0.31684324 0.5736739 0.236
    endloop
endfacet
facet normal -0.77493942 0.63203561 0
    outer loop
        vertex 0.32012755 0.5777008 0.236
        vertex 0.32012755 0.5777008 0
        vertex 0.31684324 0.5736739 0.236
    endloop
endfacet
facet normal -0.75654864 0.65393752 0
    outer loop
        vertex 0.32012755 0.5777008 0.236
        vertex 0.32206976 0.57994777 0
        vertex 0.32012755 0.5777008 0
    endloop
endfacet
facet normal -0.73955971 0.67309099 0
    outer loop
        vertex 0.32206976 0.57994777 0.236
        vertex 0.32423723 0.5823293 0
        vertex 0.32206976 0.57994777 0
    endloop
endfacet
facet normal -0.73955971 0.67309099 0
    outer loop
        vertex 0.32206976 0.57994777 0.236
        vertex 0.32423723 0.5823293 0.236
        vertex 0.32423723 0.5823293 0
    endloop
endfacet
facet normal -0.71974903 0.69423425 0
    outer loop
        vertex 0.32423723 0.5823293 0
        vertex 0.32423723 0.5823293 0.236
        vertex 0.32664883 0.5848295 0
    endloop
endfacet
facet normal -0.71974903 0.69423425 0
    outer loop
        vertex 0.32664883 0.5848295 0
        vertex 0.32423723 0.5823293 0.236
        vertex 0.32664883 0.5848295 0.236
    endloop
endfacet
facet normal -0.69745982 0.7166239 0
    outer loop
        vertex 0.32932347 0.5874326 0
        vertex 0.32664883 0.5848295 0.236
        vertex 0.32932347 0.5874326 0.236
    endloop
endfacet
facet normal -0.67298222 0.73965859 0
    outer loop
        vertex 0.33228007 0.5901227 0
        vertex 0.32932347 0.5874326 0
        vertex 0.32932347 0.5874326 0.236
    endloop
endfacet
facet normal -0.64661807 0.76281387 0
    outer loop
        vertex 0.33553743 0.5928839 0
        vertex 0.33228007 0.5901227 0
        vertex 0.33228007 0.5901227 0.236
    endloop
endfacet
facet normal -0.58200753 0.81318349 0
    outer loop
        vertex 0.3467088 0.60126454 0
        vertex 0.3428541 0.5985057 0.236
        vertex 0.3467088 0.60126454 0.236
    endloop
endfacet
facet normal 0.42905113 0.9032802 0
    outer loop
        vertex 0.30566862 0.5580487 0.236
        vertex 0.30566862 0.5580487 0
        vertex 0.23263331 0.59273994 0.236
    endloop
endfacet
facet normal 0.42905113 0.9032802 0
    outer loop
        vertex 0.23263331 0.59273994 0.236
        vertex 0.30566862 0.5580487 0
        vertex 0.23263331 0.59273994 0
    endloop
endfacet
facet normal 0.94475132 -0.32778782 0
    outer loop
        vertex 0.23263331 0.59273994 0.236
        vertex 0.23263331 0.59273994 0
        vertex 0.23333867 0.59477293 0
    endloop
endfacet
facet normal 0.96904123 -0.24689919 0
    outer loop
        vertex 0.23333867 0.59477293 0.236
        vertex 0.23333867 0.59477293 0
        vertex 0.23450056 0.59933317 0.236
    endloop
endfacet
facet normal 0.96904123 -0.24689919 0
    outer loop
        vertex 0.23450056 0.59933317 0.236
        vertex 0.23333867 0.59477293 0
        vertex 0.23450056 0.59933317 0
    endloop
endfacet
facet normal 0.97406518 -0.22626749 0
    outer loop
        vertex 0.23563996 0.6042382 0
        vertex 0.23450056 0.59933317 0.236
        vertex 0.23450056 0.59933317 0
    endloop
endfacet
facet normal 0.97406518 -0.22626749 0
    outer loop
        vertex 0.23563996 0.6042382 0
        vertex 0.23563996 0.6042382 0.236
        vertex 0.23450056 0.59933317 0.236
    endloop
endfacet
facet normal 0.97948295 -0.20152701 0
    outer loop
        vertex 0.23563996 0.6042382 0
        vertex 0.23645417 0.60819554 0
        vertex 0.23563996 0.6042382 0.236
    endloop
endfacet
facet normal 0.97948295 -0.20152701 0
    outer loop
        vertex 0.23563996 0.6042382 0.236
        vertex 0.23645417 0.60819554 0
        vertex 0.23645417 0.60819554 0.236
    endloop
endfacet
facet normal 0.98264235 -0.18551001 0
    outer loop
        vertex 0.23645417 0.60819554 0.236
        vertex 0.23645417 0.60819554 0
        vertex 0.23747776 0.6136175 0
    endloop
endfacet
facet normal 0.98264235 -0.18551001 0
    outer loop
        vertex 0.23747776 0.6136175 0.236
        vertex 0.23645417 0.60819554 0.236
        vertex 0.23747776 0.6136175 0
    endloop
endfacet
facet normal 0.98574084 -0.16827054 0
    outer loop
        vertex 0.23806025 0.6170297 0
        vertex 0.23747776 0.6136175 0.236
        vertex 0.23747776 0.6136175 0
    endloop
endfacet
facet normal 0.98574084 -0.16827054 0
    outer loop
        vertex 0.23806025 0.6170297 0
        vertex 0.23806025 0.6170297 0.236
        vertex 0.23747776 0.6136175 0.236
    endloop
endfacet
facet normal 0.99185783 -0.12735006 0
    outer loop
        vertex 0.23806025 0.6170297 0
        vertex 0.23859583 0.62120104 0
        vertex 0.23806025 0.6170297 0.236
    endloop
endfacet
facet normal 0.99185783 -0.12735006 0
    outer loop
        vertex 0.23806025 0.6170297 0.236
        vertex 0.23859583 0.62120104 0
        vertex 0.23859583 0.62120104 0.236
    endloop
endfacet
facet normal 0.9973678 -0.0725088 0
    outer loop
        vertex 0.23859583 0.62120104 0.236
        vertex 0.23859583 0.62120104 0
        vertex 0.23897652 0.62643754 0.236
    endloop
endfacet
facet normal 0.9973678 -0.0725088 0
    outer loop
        vertex 0.23897652 0.62643754 0.236
        vertex 0.23859583 0.62120104 0
        vertex 0.23897652 0.62643754 0
    endloop
endfacet
facet normal 0.99949956 -0.03163379 0
    outer loop
        vertex 0.23907506 0.62955105 0.236
        vertex 0.23897652 0.62643754 0.236
        vertex 0.23897652 0.62643754 0
    endloop
endfacet
facet normal 0.99949956 -0.03163379 0
    outer loop
        vertex 0.23907506 0.62955105 0
        vertex 0.23907506 0.62955105 0.236
        vertex 0.23897652 0.62643754 0
    endloop
endfacet
facet normal 0.99998468 -0.00553036 0
    outer loop
        vertex 0.23907506 0.62955105 0
        vertex 0.23909439 0.6330457 0.236
        vertex 0.23907506 0.62955105 0.236
    endloop
endfacet
facet normal 0.9904967 0.13753648 0
    outer loop
        vertex 0.23587841 0.67139804 0
        vertex 0.2347783 0.6793207 0
        vertex 0.2347783 0.6793207 0.236
    endloop
endfacet
facet normal 0.9904967 0.13753648 0
    outer loop
        vertex 0.23587841 0.67139804 0.236
        vertex 0.23587841 0.67139804 0
        vertex 0.2347783 0.6793207 0.236
    endloop
endfacet
facet normal 0.99213219 0.12519555 0
    outer loop
        vertex 0.23587841 0.67139804 0.236
        vertex 0.23679139 0.664163 0
        vertex 0.23587841 0.67139804 0
    endloop
endfacet
facet normal 0.99213219 0.12519555 0
    outer loop
        vertex 0.23587841 0.67139804 0.236
        vertex 0.23679139 0.664163 0.236
        vertex 0.23679139 0.664163 0
    endloop
endfacet
facet normal 0.99375868 0.11155086 -0
    outer loop
        vertex 0.23679139 0.664163 0
        vertex 0.23679139 0.664163 0.236
        vertex 0.23753066 0.6575771 0
    endloop
endfacet
facet normal 0.99375868 0.11155086 -0
    outer loop
        vertex 0.23753066 0.6575771 0
        vertex 0.23679139 0.664163 0.236
        vertex 0.23753066 0.6575771 0.236
    endloop
endfacet
facet normal 0.99533582 0.09647144 0
    outer loop
        vertex 0.23810978 0.6516021 0
        vertex 0.23753066 0.6575771 0
        vertex 0.23753066 0.6575771 0.236
    endloop
endfacet
facet normal 0.99533582 0.09647144 0
    outer loop
        vertex 0.23810978 0.6516021 0.236
        vertex 0.23810978 0.6516021 0
        vertex 0.23753066 0.6575771 0.236
    endloop
endfacet
facet normal 0.99681175 0.07979026 0
    outer loop
        vertex 0.23810978 0.6516021 0.236
        vertex 0.23854221 0.64619976 0
        vertex 0.23810978 0.6516021 0
    endloop
endfacet
facet normal 0.99681175 0.07979026 0
    outer loop
        vertex 0.23810978 0.6516021 0.236
        vertex 0.23854221 0.64619976 0.236
        vertex 0.23854221 0.64619976 0
    endloop
endfacet
facet normal 0.99811572 0.06136023 -0
    outer loop
        vertex 0.23854221 0.64619976 0
        vertex 0.23854221 0.64619976 0.236
        vertex 0.23884147 0.64133185 0
    endloop
endfacet
facet normal 0.99811572 0.06136023 -0
    outer loop
        vertex 0.23884147 0.64133185 0
        vertex 0.23854221 0.64619976 0.236
        vertex 0.23884147 0.64133185 0.236
    endloop
endfacet
facet normal 0.99915779 0.04103278 0
    outer loop
        vertex 0.23902102 0.6369599 0
        vertex 0.23884147 0.64133185 0
        vertex 0.23884147 0.64133185 0.236
    endloop
endfacet
facet normal 0.99915779 0.04103278 0
    outer loop
        vertex 0.23902102 0.6369599 0.236
        vertex 0.23902102 0.6369599 0
        vertex 0.23884147 0.64133185 0.236
    endloop
endfacet
facet normal 0.99982435 0.01874195 0
    outer loop
        vertex 0.23902102 0.6369599 0.236
        vertex 0.23909439 0.6330457 0
        vertex 0.23902102 0.6369599 0
    endloop
endfacet
facet normal 0.99982435 0.01874195 0
    outer loop
        vertex 0.23902102 0.6369599 0.236
        vertex 0.23909439 0.6330457 0.236
        vertex 0.23909439 0.6330457 0
    endloop
endfacet
facet normal 0.99998468 -0.00553036 0
    outer loop
        vertex 0.23909439 0.6330457 0
        vertex 0.23909439 0.6330457 0.236
        vertex 0.23907506 0.62955105 0
    endloop
endfacet
facet normal 0.94475132 -0.32778782 0
    outer loop
        vertex 0.23333867 0.59477293 0
        vertex 0.23333867 0.59477293 0.236
        vertex 0.23263331 0.59273994 0.236
    endloop
endfacet
facet normal 0.28301141 0.95911658 0
    outer loop
        vertex 0.2347783 0.6793207 0.236
        vertex 0.2347783 0.6793207 0
        vertex 0.17156194 0.69797426 0.236
    endloop
endfacet
facet normal 0.28301141 0.95911658 0
    outer loop
        vertex 0.17156194 0.69797426 0.236
        vertex 0.2347783 0.6793207 0
        vertex 0.17156194 0.69797426 0
    endloop
endfacet
facet normal -0.76427346 0.64489233 0
    outer loop
        vertex 0.17156194 0.69797426 0.236
        vertex 0.17156194 0.69797426 0
        vertex 0.16676658 0.6922912 0
    endloop
endfacet
facet normal -0.76427346 0.64489233 0
    outer loop
        vertex 0.16676658 0.6922912 0.236
        vertex 0.17156194 0.69797426 0.236
        vertex 0.16676658 0.6922912 0
    endloop
endfacet
facet normal -0.76626062 0.64252985 0
    outer loop
        vertex 0.16239408 0.6870767 0
        vertex 0.16676658 0.6922912 0.236
        vertex 0.16676658 0.6922912 0
    endloop
endfacet
facet normal -0.76626062 0.64252985 0
    outer loop
        vertex 0.16239408 0.6870767 0
        vertex 0.16239408 0.6870767 0.236
        vertex 0.16676658 0.6922912 0.236
    endloop
endfacet
facet normal -0.77519917 0.63171697 0
    outer loop
        vertex 0.16239408 0.6870767 0
        vertex 0.15696208 0.6804109 0
        vertex 0.16239408 0.6870767 0.236
    endloop
endfacet
facet normal -0.77519917 0.63171697 0
    outer loop
        vertex 0.16239408 0.6870767 0.236
        vertex 0.15696208 0.6804109 0
        vertex 0.15696208 0.6804109 0.236
    endloop
endfacet
facet normal -0.78599709 0.61823028 0
    outer loop
        vertex 0.15696208 0.6804109 0.236
        vertex 0.15696208 0.6804109 0
        vertex 0.15407966 0.6767463 0
    endloop
endfacet
facet normal -0.78599709 0.61823028 0
    outer loop
        vertex 0.15407966 0.6767463 0.236
        vertex 0.15696208 0.6804109 0.236
        vertex 0.15407966 0.6767463 0
    endloop
endfacet
facet normal -0.79584664 0.60549819 0
    outer loop
        vertex 0.15120941 0.67297375 0.236
        vertex 0.15407966 0.6767463 0
        vertex 0.15120941 0.67297375 0
    endloop
endfacet
facet normal -0.80818528 0.5889284 0
    outer loop
        vertex 0.1484437 0.66917837 0.236
        vertex 0.15120941 0.67297375 0.236
        vertex 0.15120941 0.67297375 0
    endloop
endfacet
facet normal -0.80818528 0.5889284 0
    outer loop
        vertex 0.1484437 0.66917837 0
        vertex 0.1484437 0.66917837 0.236
        vertex 0.15120941 0.67297375 0
    endloop
endfacet
facet normal -0.82380974 0.56686652 0
    outer loop
        vertex 0.1484437 0.66917837 0
        vertex 0.14587486 0.66544515 0.236
        vertex 0.1484437 0.66917837 0.236
    endloop
endfacet
facet normal -0.82380974 0.56686652 0
    outer loop
        vertex 0.1484437 0.66917837 0
        vertex 0.14587486 0.66544515 0
        vertex 0.14587486 0.66544515 0.236
    endloop
endfacet
facet normal -0.84273463 0.53832924 0
    outer loop
        vertex 0.14587486 0.66544515 0.236
        vertex 0.14587486 0.66544515 0
        vertex 0.14357606 0.66184646 0.236
    endloop
endfacet
facet normal -0.86110497 0.50842738 0
    outer loop
        vertex 0.14357606 0.66184646 0.236
        vertex 0.14357606 0.66184646 0
        vertex 0.14154375 0.6584044 0.236
    endloop
endfacet
facet normal -0.87770003 0.47921044 0
    outer loop
        vertex 0.14154375 0.6584044 0
        vertex 0.1397552 0.6551286 0
        vertex 0.1397552 0.6551286 0.236
    endloop
endfacet
facet normal -0.91568553 0.40189561 0
    outer loop
        vertex 0.13562487 0.64639443 0.236
        vertex 0.1368185 0.649114 0.236
        vertex 0.1368185 0.649114 0
    endloop
endfacet
facet normal -0.93733543 0.34842834 0
    outer loop
        vertex 0.13367343 0.6415784 0
        vertex 0.13102202 0.6344456 0
        vertex 0.13102202 0.6344456 0.236
    endloop
endfacet
facet normal -0.97452843 0.22426395 0
    outer loop
        vertex 0.12804966 0.6253037 0.236
        vertex 0.12760088 0.62335354 0
        vertex 0.12760088 0.62335354 0.236
    endloop
endfacet
facet normal -0.97452843 0.22426395 0
    outer loop
        vertex 0.12804966 0.6253037 0.236
        vertex 0.12804966 0.6253037 0
        vertex 0.12760088 0.62335354 0
    endloop
endfacet
facet normal -0.95420039 0.29916808 0
    outer loop
        vertex 0.12804966 0.6253037 0.236
        vertex 0.12950233 0.629937 0.236
        vertex 0.12804966 0.6253037 0
    endloop
endfacet
facet normal -0.95420039 0.29916808 0
    outer loop
        vertex 0.12804966 0.6253037 0
        vertex 0.12950233 0.629937 0.236
        vertex 0.12950233 0.629937 0
    endloop
endfacet
facet normal -0.94761711 0.31940833 0
    outer loop
        vertex 0.12950233 0.629937 0
        vertex 0.12950233 0.629937 0.236
        vertex 0.13102202 0.6344456 0
    endloop
endfacet
facet normal -0.94761711 0.31940833 0
    outer loop
        vertex 0.13102202 0.6344456 0
        vertex 0.12950233 0.629937 0.236
        vertex 0.13102202 0.6344456 0.236
    endloop
endfacet
facet normal -0.93733543 0.34842834 0
    outer loop
        vertex 0.13367343 0.6415784 0
        vertex 0.13102202 0.6344456 0.236
        vertex 0.13367343 0.6415784 0.236
    endloop
endfacet
facet normal -0.92680717 0.37553754 0
    outer loop
        vertex 0.13562487 0.64639443 0
        vertex 0.13367343 0.6415784 0
        vertex 0.13367343 0.6415784 0.236
    endloop
endfacet
facet normal -0.92680717 0.37553754 0
    outer loop
        vertex 0.13562487 0.64639443 0.236
        vertex 0.13562487 0.64639443 0
        vertex 0.13367343 0.6415784 0.236
    endloop
endfacet
facet normal -0.91568553 0.40189561 0
    outer loop
        vertex 0.13562487 0.64639443 0.236
        vertex 0.1368185 0.649114 0
        vertex 0.13562487 0.64639443 0
    endloop
endfacet
facet normal -0.90510225 0.42519391 0
    outer loop
        vertex 0.1368185 0.649114 0.236
        vertex 0.1381877 0.6520286 0
        vertex 0.1368185 0.649114 0
    endloop
endfacet
facet normal -0.90510225 0.42519391 0
    outer loop
        vertex 0.1368185 0.649114 0.236
        vertex 0.1381877 0.6520286 0.236
        vertex 0.1381877 0.6520286 0
    endloop
endfacet
facet normal -0.89240199 0.45124134 0
    outer loop
        vertex 0.1381877 0.6520286 0
        vertex 0.1381877 0.6520286 0.236
        vertex 0.1397552 0.6551286 0
    endloop
endfacet
facet normal -0.89240199 0.45124134 0
    outer loop
        vertex 0.1397552 0.6551286 0
        vertex 0.1381877 0.6520286 0.236
        vertex 0.1397552 0.6551286 0.236
    endloop
endfacet
facet normal -0.87770003 0.47921044 0
    outer loop
        vertex 0.14154375 0.6584044 0
        vertex 0.1397552 0.6551286 0.236
        vertex 0.14154375 0.6584044 0.236
    endloop
endfacet
facet normal -0.86110497 0.50842738 0
    outer loop
        vertex 0.14357606 0.66184646 0
        vertex 0.14154375 0.6584044 0
        vertex 0.14154375 0.6584044 0.236
    endloop
endfacet
facet normal -0.84273463 0.53832924 0
    outer loop
        vertex 0.14587486 0.66544515 0
        vertex 0.14357606 0.66184646 0
        vertex 0.14357606 0.66184646 0.236
    endloop
endfacet
facet normal -0.79584664 0.60549819 0
    outer loop
        vertex 0.15407966 0.6767463 0
        vertex 0.15120941 0.67297375 0.236
        vertex 0.15407966 0.6767463 0.236
    endloop
endfacet
facet normal 0.14374433 0.98961484 0
    outer loop
        vertex 0.12760088 0.62335354 0.236
        vertex 0.12760088 0.62335354 0
        vertex 0.047584876 0.6349761 0.236
    endloop
endfacet
facet normal 0.14374433 0.98961484 0
    outer loop
        vertex 0.047584876 0.6349761 0.236
        vertex 0.12760088 0.62335354 0
        vertex 0.047584876 0.6349761 0
    endloop
endfacet
facet normal 0.99939537 -0.03476894 0
    outer loop
        vertex 0.047584876 0.6349761 0.236
        vertex 0.047584876 0.6349761 0
        vertex 0.04765969 0.63712656 0
    endloop
endfacet
facet normal 0.99876416 0.04970089 0
    outer loop
        vertex 0.04765969 0.63712656 0.236
        vertex 0.04765969 0.63712656 0
        vertex 0.0474258 0.64182675 0.236
    endloop
endfacet
facet normal 0.99876416 0.04970089 0
    outer loop
        vertex 0.0474258 0.64182675 0.236
        vertex 0.04765969 0.63712656 0
        vertex 0.0474258 0.64182675 0
    endloop
endfacet
facet normal 0.99748379 0.0708946 0
    outer loop
        vertex 0.047068797 0.64684975 0
        vertex 0.0474258 0.64182675 0.236
        vertex 0.0474258 0.64182675 0
    endloop
endfacet
facet normal 0.99748379 0.0708946 -0
    outer loop
        vertex 0.047068797 0.64684975 0
        vertex 0.047068797 0.64684975 0.236
        vertex 0.0474258 0.64182675 0.236
    endloop
endfacet
facet normal 0.99536812 0.09613681 -0
    outer loop
        vertex 0.047068797 0.64684975 0
        vertex 0.046680387 0.6508712 0
        vertex 0.047068797 0.64684975 0.236
    endloop
endfacet
facet normal 0.99536812 0.09613681 0
    outer loop
        vertex 0.047068797 0.64684975 0.236
        vertex 0.046680387 0.6508712 0
        vertex 0.046680387 0.6508712 0.236
    endloop
endfacet
facet normal 0.99366647 0.1123696 0
    outer loop
        vertex 0.046680387 0.6508712 0.236
        vertex 0.046680387 0.6508712 0
        vertex 0.04606036 0.656354 0
    endloop
endfacet
facet normal 0.99366647 0.1123696 0
    outer loop
        vertex 0.04606036 0.656354 0.236
        vertex 0.046680387 0.6508712 0.236
        vertex 0.04606036 0.656354 0
    endloop
endfacet
facet normal 0.99154532 0.12976107 0
    outer loop
        vertex 0.045611188 0.6597863 0
        vertex 0.04606036 0.656354 0.236
        vertex 0.04606036 0.656354 0
    endloop
endfacet
facet normal 0.99154532 0.12976107 -0
    outer loop
        vertex 0.045611188 0.6597863 0
        vertex 0.045611188 0.6597863 0.236
        vertex 0.04606036 0.656354 0.236
    endloop
endfacet
facet normal 0.98532999 0.17065972 -0
    outer loop
        vertex 0.045611188 0.6597863 0
        vertex 0.044893473 0.6639301 0
        vertex 0.045611188 0.6597863 0.236
    endloop
endfacet
facet normal 0.98532999 0.17065972 0
    outer loop
        vertex 0.045611188 0.6597863 0.236
        vertex 0.044893473 0.6639301 0
        vertex 0.044893473 0.6639301 0.236
    endloop
endfacet
facet normal 0.9744302 0.22469074 0
    outer loop
        vertex 0.044893473 0.6639301 0.236
        vertex 0.044893473 0.6639301 0
        vertex 0.043713767 0.6690462 0.236
    endloop
endfacet
facet normal 0.9744302 0.22469074 0
    outer loop
        vertex 0.043713767 0.6690462 0.236
        vertex 0.044893473 0.6639301 0
        vertex 0.043713767 0.6690462 0
    endloop
endfacet
facet normal 0.96441776 0.26438275 0
    outer loop
        vertex 0.042890206 0.6720504 0.236
        vertex 0.043713767 0.6690462 0.236
        vertex 0.043713767 0.6690462 0
    endloop
endfacet
facet normal 0.96441776 0.26438275 -0
    outer loop
        vertex 0.042890206 0.6720504 0
        vertex 0.042890206 0.6720504 0.236
        vertex 0.043713767 0.6690462 0
    endloop
endfacet
facet normal 0.95718926 0.28946289 -0
    outer loop
        vertex 0.042890206 0.6720504 0
        vertex 0.041878607 0.67539555 0.236
        vertex 0.042890206 0.6720504 0.236
    endloop
endfacet
facet normal 0.90594995 0.42338467 0
    outer loop
        vertex 0.027500942 0.7110961 0
        vertex 0.024114465 0.7183424 0
        vertex 0.024114465 0.7183424 0.236
    endloop
endfacet
facet normal 0.90594995 0.42338467 0
    outer loop
        vertex 0.027500942 0.7110961 0.236
        vertex 0.027500942 0.7110961 0
        vertex 0.024114465 0.7183424 0.236
    endloop
endfacet
facet normal 0.91115326 0.4120675 0
    outer loop
        vertex 0.027500942 0.7110961 0.236
        vertex 0.030505927 0.70445156 0
        vertex 0.027500942 0.7110961 0
    endloop
endfacet
facet normal 0.91115326 0.4120675 0
    outer loop
        vertex 0.027500942 0.7110961 0.236
        vertex 0.030505927 0.70445156 0.236
        vertex 0.030505927 0.70445156 0
    endloop
endfacet
facet normal 0.91672629 0.39951602 -0
    outer loop
        vertex 0.030505927 0.70445156 0
        vertex 0.030505927 0.70445156 0.236
        vertex 0.033153597 0.69837624 0
    endloop
endfacet
facet normal 0.91672629 0.39951602 -0
    outer loop
        vertex 0.033153597 0.69837624 0
        vertex 0.030505927 0.70445156 0.236
        vertex 0.033153597 0.69837624 0.236
    endloop
endfacet
facet normal 0.92268169 0.38556257 0
    outer loop
        vertex 0.03546814 0.69283736 0
        vertex 0.033153597 0.69837624 0
        vertex 0.033153597 0.69837624 0.236
    endloop
endfacet
facet normal 0.92268169 0.38556257 0
    outer loop
        vertex 0.03546814 0.69283736 0.236
        vertex 0.03546814 0.69283736 0
        vertex 0.033153597 0.69837624 0.236
    endloop
endfacet
facet normal 0.92900747 0.37006092 0
    outer loop
        vertex 0.03546814 0.69283736 0.236
        vertex 0.037473727 0.6878025 0
        vertex 0.03546814 0.69283736 0
    endloop
endfacet
facet normal 0.92900747 0.37006092 0
    outer loop
        vertex 0.03546814 0.69283736 0.236
        vertex 0.037473727 0.6878025 0.236
        vertex 0.037473727 0.6878025 0
    endloop
endfacet
facet normal 0.93568701 0.35283113 -0
    outer loop
        vertex 0.037473727 0.6878025 0
        vertex 0.037473727 0.6878025 0.236
        vertex 0.039194547 0.683239 0
    endloop
endfacet
facet normal 0.93568701 0.35283113 -0
    outer loop
        vertex 0.039194547 0.683239 0
        vertex 0.037473727 0.6878025 0.236
        vertex 0.039194547 0.683239 0.236
    endloop
endfacet
facet normal 0.94267339 0.33371675 0
    outer loop
        vertex 0.04065478 0.67911416 0
        vertex 0.039194547 0.683239 0
        vertex 0.039194547 0.683239 0.236
    endloop
endfacet
facet normal 0.94267339 0.33371675 0
    outer loop
        vertex 0.04065478 0.67911416 0.236
        vertex 0.04065478 0.67911416 0
        vertex 0.039194547 0.683239 0.236
    endloop
endfacet
facet normal 0.9498803 0.31261393 0
    outer loop
        vertex 0.04065478 0.67911416 0.236
        vertex 0.041878607 0.67539555 0
        vertex 0.04065478 0.67911416 0
    endloop
endfacet
facet normal 0.9498803 0.31261393 0
    outer loop
        vertex 0.04065478 0.67911416 0.236
        vertex 0.041878607 0.67539555 0.236
        vertex 0.041878607 0.67539555 0
    endloop
endfacet
facet normal 0.95718926 0.28946289 -0
    outer loop
        vertex 0.041878607 0.67539555 0
        vertex 0.041878607 0.67539555 0.236
        vertex 0.042890206 0.6720504 0
    endloop
endfacet
facet normal 0.99939537 -0.03476894 0
    outer loop
        vertex 0.04765969 0.63712656 0
        vertex 0.04765969 0.63712656 0.236
        vertex 0.047584876 0.6349761 0.236
    endloop
endfacet
facet normal -0.01226619 0.99992472 0
    outer loop
        vertex 0.024114465 0.7183424 0.236
        vertex 0.024114465 0.7183424 0
        vertex -0.041791596 0.71753395 0.236
    endloop
endfacet
facet normal -0.01226619 0.99992472 0
    outer loop
        vertex -0.041791596 0.71753395 0.236
        vertex 0.024114465 0.7183424 0
        vertex -0.041791596 0.71753395 0
    endloop
endfacet
facet normal -0.92040277 0.39097157 0
    outer loop
        vertex -0.041791596 0.71753395 0.236
        vertex -0.041791596 0.71753395 0
        vertex -0.044698805 0.71068996 0
    endloop
endfacet
facet normal -0.92040277 0.39097157 0
    outer loop
        vertex -0.044698805 0.71068996 0.236
        vertex -0.041791596 0.71753395 0.236
        vertex -0.044698805 0.71068996 0
    endloop
endfacet
facet normal -0.92160642 0.38812569 0
    outer loop
        vertex -0.047340054 0.7044183 0
        vertex -0.044698805 0.71068996 0.236
        vertex -0.044698805 0.71068996 0
    endloop
endfacet
facet normal -0.92160642 0.38812569 0
    outer loop
        vertex -0.047340054 0.7044183 0
        vertex -0.047340054 0.7044183 0.236
        vertex -0.044698805 0.71068996 0.236
    endloop
endfacet
facet normal -0.92696196 0.37515533 0
    outer loop
        vertex -0.047340054 0.7044183 0
        vertex -0.050565936 0.69644755 0
        vertex -0.047340054 0.7044183 0.236
    endloop
endfacet
facet normal -0.92696196 0.37515533 0
    outer loop
        vertex -0.047340054 0.7044183 0.236
        vertex -0.050565936 0.69644755 0
        vertex -0.050565936 0.69644755 0.236
    endloop
endfacet
facet normal -0.93330508 0.35908452 0
    outer loop
        vertex -0.050565936 0.69644755 0.236
        vertex -0.050565936 0.69644755 0
        vertex -0.05224013 0.6920961 0
    endloop
endfacet
facet normal -0.93330508 0.35908452 0
    outer loop
        vertex -0.05224013 0.6920961 0.236
        vertex -0.050565936 0.69644755 0.236
        vertex -0.05224013 0.6920961 0
    endloop
endfacet
facet normal -0.93896073 0.3440243 0
    outer loop
        vertex -0.053870894 0.6876452 0.236
        vertex -0.05224013 0.6920961 0
        vertex -0.053870894 0.6876452 0
    endloop
endfacet
facet normal -0.94586915 0.32454836 0
    outer loop
        vertex -0.055395033 0.6832032 0.236
        vertex -0.053870894 0.6876452 0.236
        vertex -0.053870894 0.6876452 0
    endloop
endfacet
facet normal -0.94586915 0.32454836 0
    outer loop
        vertex -0.055395033 0.6832032 0
        vertex -0.055395033 0.6832032 0.236
        vertex -0.053870894 0.6876452 0
    endloop
endfacet
facet normal -0.95429796 0.29885685 0
    outer loop
        vertex -0.055395033 0.6832032 0
        vertex -0.05674935 0.67887866 0.236
        vertex -0.055395033 0.6832032 0.236
    endloop
endfacet
facet normal -0.95429796 0.29885685 0
    outer loop
        vertex -0.055395033 0.6832032 0
        vertex -0.05674935 0.67887866 0
        vertex -0.05674935 0.67887866 0.236
    endloop
endfacet
facet normal -0.96397036 0.26600975 0
    outer loop
        vertex -0.05674935 0.67887866 0.236
        vertex -0.05674935 0.67887866 0
        vertex -0.057885285 0.67476225 0.236
    endloop
endfacet
facet normal -0.97270977 0.23202546 0
    outer loop
        vertex -0.057885285 0.67476225 0.236
        vertex -0.057885285 0.67476225 0
        vertex -0.05881274 0.6708741 0.236
    endloop
endfacet
facet normal -0.97995561 0.1992157 0
    outer loop
        vertex -0.05881274 0.6708741 0
        vertex -0.05955627 0.66721666 0
        vertex -0.05955627 0.66721666 0.236
    endloop
endfacet
facet normal -0.99346548 0.11413248 0
    outer loop
        vertex -0.060928658 0.6576531 0.236
        vertex -0.060589682 0.6606037 0.236
        vertex -0.060589682 0.6606037 0
    endloop
endfacet
facet normal -0.99839318 0.0566664 0
    outer loop
        vertex -0.061373845 0.6524757 0
        vertex -0.06180505 0.6448784 0
        vertex -0.06180505 0.6448784 0.236
    endloop
endfacet
facet normal -0.99733627 -0.07294118 0
    outer loop
        vertex -0.061950736 0.6352665 0.236
        vertex -0.061804775 0.63327074 0
        vertex -0.061804775 0.63327074 0.236
    endloop
endfacet
facet normal -0.99733627 -0.07294118 -0
    outer loop
        vertex -0.061950736 0.6352665 0.236
        vertex -0.061950736 0.6352665 0
        vertex -0.061804775 0.63327074 0
    endloop
endfacet
facet normal -0.99998933 0.00462239 0
    outer loop
        vertex -0.061950736 0.6352665 0.236
        vertex -0.06192829 0.6401221 0.236
        vertex -0.061950736 0.6352665 0
    endloop
endfacet
facet normal -0.99998933 0.00462239 0
    outer loop
        vertex -0.061950736 0.6352665 0
        vertex -0.06192829 0.6401221 0.236
        vertex -0.06192829 0.6401221 0
    endloop
endfacet
facet normal -0.99966449 0.02590237 0
    outer loop
        vertex -0.06192829 0.6401221 0
        vertex -0.06192829 0.6401221 0.236
        vertex -0.06180505 0.6448784 0
    endloop
endfacet
facet normal -0.99966449 0.02590237 0
    outer loop
        vertex -0.06180505 0.6448784 0
        vertex -0.06192829 0.6401221 0.236
        vertex -0.06180505 0.6448784 0.236
    endloop
endfacet
facet normal -0.99839318 0.0566664 0
    outer loop
        vertex -0.061373845 0.6524757 0
        vertex -0.06180505 0.6448784 0.236
        vertex -0.061373845 0.6524757 0.236
    endloop
endfacet
facet normal -0.99632353 0.08567084 0
    outer loop
        vertex -0.060928658 0.6576531 0
        vertex -0.061373845 0.6524757 0
        vertex -0.061373845 0.6524757 0.236
    endloop
endfacet
facet normal -0.99632353 0.08567084 0
    outer loop
        vertex -0.060928658 0.6576531 0.236
        vertex -0.060928658 0.6576531 0
        vertex -0.061373845 0.6524757 0.236
    endloop
endfacet
facet normal -0.99346548 0.11413248 0
    outer loop
        vertex -0.060928658 0.6576531 0.236
        vertex -0.060589682 0.6606037 0
        vertex -0.060928658 0.6576531 0
    endloop
endfacet
facet normal -0.990219 0.13952228 0
    outer loop
        vertex -0.060589682 0.6606037 0.236
        vertex -0.060140397 0.6637924 0
        vertex -0.060589682 0.6606037 0
    endloop
endfacet
facet normal -0.990219 0.13952228 0
    outer loop
        vertex -0.060589682 0.6606037 0.236
        vertex -0.060140397 0.6637924 0.236
        vertex -0.060140397 0.6637924 0
    endloop
endfacet
facet normal -0.98576045 0.16815516 0
    outer loop
        vertex -0.060140397 0.6637924 0
        vertex -0.060140397 0.6637924 0.236
        vertex -0.05955627 0.66721666 0
    endloop
endfacet
facet normal -0.98576045 0.16815516 0
    outer loop
        vertex -0.05955627 0.66721666 0
        vertex -0.060140397 0.6637924 0.236
        vertex -0.05955627 0.66721666 0.236
    endloop
endfacet
facet normal -0.97995561 0.1992157 0
    outer loop
        vertex -0.05881274 0.6708741 0
        vertex -0.05955627 0.66721666 0.236
        vertex -0.05881274 0.6708741 0.236
    endloop
endfacet
facet normal -0.97270977 0.23202546 0
    outer loop
        vertex -0.057885285 0.67476225 0
        vertex -0.05881274 0.6708741 0
        vertex -0.05881274 0.6708741 0.236
    endloop
endfacet
facet normal -0.96397036 0.26600975 0
    outer loop
        vertex -0.05674935 0.67887866 0
        vertex -0.057885285 0.67476225 0
        vertex -0.057885285 0.67476225 0.236
    endloop
endfacet
facet normal -0.93896073 0.3440243 0
    outer loop
        vertex -0.05224013 0.6920961 0
        vertex -0.053870894 0.6876452 0.236
        vertex -0.05224013 0.6920961 0.236
    endloop
endfacet
facet normal -0.1543368 0.98801833 0
    outer loop
        vertex -0.061804775 0.63327074 0.236
        vertex -0.061804775 0.63327074 0
        vertex -0.14169167 0.62079173 0.236
    endloop
endfacet
facet normal -0.1543368 0.98801833 0
    outer loop
        vertex -0.14169167 0.62079173 0.236
        vertex -0.061804775 0.63327074 0
        vertex -0.14169167 0.62079173 0
    endloop
endfacet
facet normal 0.9652437 0.26135153 0
    outer loop
        vertex -0.14169167 0.62079173 0.236
        vertex -0.14169167 0.62079173 0
        vertex -0.14225405 0.6228688 0
    endloop
endfacet
facet normal 0.93974257 0.34188288 0
    outer loop
        vertex -0.14225405 0.6228688 0.236
        vertex -0.14225405 0.6228688 0
        vertex -0.14386293 0.62729114 0.236
    endloop
endfacet
facet normal 0.93974257 0.34188288 0
    outer loop
        vertex -0.14386293 0.62729114 0.236
        vertex -0.14225405 0.6228688 0
        vertex -0.14386293 0.62729114 0
    endloop
endfacet
facet normal 0.932271 0.36176074 0
    outer loop
        vertex -0.14568463 0.6319857 0
        vertex -0.14386293 0.62729114 0.236
        vertex -0.14386293 0.62729114 0
    endloop
endfacet
facet normal 0.932271 0.36176074 -0
    outer loop
        vertex -0.14568463 0.6319857 0
        vertex -0.14568463 0.6319857 0.236
        vertex -0.14386293 0.62729114 0.236
    endloop
endfacet
facet normal 0.92281133 0.38525218 -0
    outer loop
        vertex -0.14568463 0.6319857 0
        vertex -0.14724115 0.6357141 0
        vertex -0.14568463 0.6319857 0.236
    endloop
endfacet
facet normal 0.92281133 0.38525218 0
    outer loop
        vertex -0.14568463 0.6319857 0.236
        vertex -0.14724115 0.6357141 0
        vertex -0.14724115 0.6357141 0.236
    endloop
endfacet
facet normal 0.91639787 0.4002685 0
    outer loop
        vertex -0.14724115 0.6357141 0.236
        vertex -0.14724115 0.6357141 0
        vertex -0.14944972 0.64077055 0
    endloop
endfacet
facet normal 0.91639787 0.4002685 0
    outer loop
        vertex -0.14944972 0.64077055 0.236
        vertex -0.14724115 0.6357141 0.236
        vertex -0.14944972 0.64077055 0
    endloop
endfacet
facet normal 0.90924895 0.4162527 0
    outer loop
        vertex -0.15089063 0.64391804 0
        vertex -0.14944972 0.64077055 0.236
        vertex -0.14944972 0.64077055 0
    endloop
endfacet
facet normal 0.90924895 0.4162527 -0
    outer loop
        vertex -0.15089063 0.64391804 0
        vertex -0.15089063 0.64391804 0.236
        vertex -0.14944972 0.64077055 0.236
    endloop
endfacet
facet normal 0.89124995 0.45351234 -0
    outer loop
        vertex -0.15089063 0.64391804 0
        vertex -0.15279786 0.64766616 0
        vertex -0.15089063 0.64391804 0.236
    endloop
endfacet
facet normal 0.89124995 0.45351234 0
    outer loop
        vertex -0.15089063 0.64391804 0.236
        vertex -0.15279786 0.64766616 0
        vertex -0.15279786 0.64766616 0.236
    endloop
endfacet
facet normal 0.8649115 0.5019244 0
    outer loop
        vertex -0.15279786 0.64766616 0.236
        vertex -0.15279786 0.64766616 0
        vertex -0.15543315 0.65220726 0.236
    endloop
endfacet
facet normal 0.8649115 0.5019244 0
    outer loop
        vertex -0.15543315 0.65220726 0.236
        vertex -0.15279786 0.64766616 0
        vertex -0.15543315 0.65220726 0
    endloop
endfacet
facet normal 0.84364772 0.53689718 0
    outer loop
        vertex -0.15710562 0.6548353 0.236
        vertex -0.15543315 0.65220726 0.236
        vertex -0.15543315 0.65220726 0
    endloop
endfacet
facet normal 0.84364772 0.53689718 -0
    outer loop
        vertex -0.15710562 0.6548353 0
        vertex -0.15710562 0.6548353 0.236
        vertex -0.15543315 0.65220726 0
    endloop
endfacet
facet normal 0.82933569 0.55875051 -0
    outer loop
        vertex -0.15710562 0.6548353 0
        vertex -0.15905829 0.65773356 0.236
        vertex -0.15710562 0.6548353 0.236
    endloop
endfacet
facet normal 0.74090505 0.67160982 0
    outer loop
        vertex -0.1833201 0.6876102 0
        vertex -0.18869203 0.6935364 0
        vertex -0.18869203 0.6935364 0.236
    endloop
endfacet
facet normal 0.74090505 0.67160982 0
    outer loop
        vertex -0.1833201 0.6876102 0.236
        vertex -0.1833201 0.6876102 0
        vertex -0.18869203 0.6935364 0.236
    endloop
endfacet
facet normal 0.74921763 0.66232383 0
    outer loop
        vertex -0.1833201 0.6876102 0.236
        vertex -0.17849012 0.68214655 0
        vertex -0.1833201 0.6876102 0
    endloop
endfacet
facet normal 0.74921763 0.66232383 0
    outer loop
        vertex -0.1833201 0.6876102 0.236
        vertex -0.17849012 0.68214655 0.236
        vertex -0.17849012 0.68214655 0
    endloop
endfacet
facet normal 0.75824302 0.651972 -0
    outer loop
        vertex -0.17849012 0.68214655 0
        vertex -0.17849012 0.68214655 0.236
        vertex -0.17416932 0.67712146 0
    endloop
endfacet
facet normal 0.75824302 0.651972 -0
    outer loop
        vertex -0.17416932 0.67712146 0
        vertex -0.17849012 0.68214655 0.236
        vertex -0.17416932 0.67712146 0.236
    endloop
endfacet
facet normal 0.76803643 0.64040601 0
    outer loop
        vertex -0.170325 0.672511 0
        vertex -0.17416932 0.67712146 0
        vertex -0.17416932 0.67712146 0.236
    endloop
endfacet
facet normal 0.76803643 0.64040601 0
    outer loop
        vertex -0.170325 0.672511 0.236
        vertex -0.170325 0.672511 0
        vertex -0.17416932 0.67712146 0.236
    endloop
endfacet
facet normal 0.7786563 0.6274507 0
    outer loop
        vertex -0.170325 0.672511 0.236
        vertex -0.16692446 0.668291 0
        vertex -0.170325 0.672511 0
    endloop
endfacet
facet normal 0.7786563 0.6274507 0
    outer loop
        vertex -0.170325 0.672511 0.236
        vertex -0.16692446 0.668291 0.236
        vertex -0.16692446 0.668291 0
    endloop
endfacet
facet normal 0.7901209 0.6129511 -0
    outer loop
        vertex -0.16692446 0.668291 0
        vertex -0.16692446 0.668291 0.236
        vertex -0.16393499 0.6644374 0
    endloop
endfacet
facet normal 0.7901209 0.6129511 -0
    outer loop
        vertex -0.16393499 0.6644374 0
        vertex -0.16692446 0.668291 0.236
        vertex -0.16393499 0.6644374 0.236
    endloop
endfacet
facet normal 0.80242741 0.59674984 0
    outer loop
        vertex -0.16132383 0.6609263 0
        vertex -0.16393499 0.6644374 0
        vertex -0.16393499 0.6644374 0.236
    endloop
endfacet
facet normal 0.80242741 0.59674984 0
    outer loop
        vertex -0.16132383 0.6609263 0.236
        vertex -0.16132383 0.6609263 0
        vertex -0.16393499 0.6644374 0.236
    endloop
endfacet
facet normal 0.81553859 0.57870275 0
    outer loop
        vertex -0.16132383 0.6609263 0.236
        vertex -0.15905829 0.65773356 0
        vertex -0.16132383 0.6609263 0
    endloop
endfacet
facet normal 0.81553859 0.57870275 0
    outer loop
        vertex -0.16132383 0.6609263 0.236
        vertex -0.15905829 0.65773356 0.236
        vertex -0.15905829 0.65773356 0
    endloop
endfacet
facet normal 0.82933569 0.55875051 -0
    outer loop
        vertex -0.15905829 0.65773356 0
        vertex -0.15905829 0.65773356 0.236
        vertex -0.15710562 0.6548353 0
    endloop
endfacet
facet normal 0.9652437 0.26135153 -0
    outer loop
        vertex -0.14225405 0.6228688 0
        vertex -0.14225405 0.6228688 0.236
        vertex -0.14169167 0.62079173 0.236
    endloop
endfacet
facet normal -0.30645499 0.95188516 0
    outer loop
        vertex -0.18869203 0.6935364 0.236
        vertex -0.18869203 0.6935364 0
        vertex -0.25143176 0.67333764 0.236
    endloop
endfacet
facet normal -0.30645499 0.95188516 0
    outer loop
        vertex -0.25143176 0.67333764 0.236
        vertex -0.18869203 0.6935364 0
        vertex -0.25143176 0.67333764 0
    endloop
endfacet
facet normal -0.99475288 0.10230649 0
    outer loop
        vertex -0.25143176 0.67333764 0.236
        vertex -0.25143176 0.67333764 0
        vertex -0.2521925 0.6659408 0
    endloop
endfacet
facet normal -0.99475288 0.10230649 0
    outer loop
        vertex -0.2521925 0.6659408 0.236
        vertex -0.25143176 0.67333764 0.236
        vertex -0.2521925 0.6659408 0
    endloop
endfacet
facet normal -0.99506444 0.09923141 0
    outer loop
        vertex -0.2528678 0.6591692 0
        vertex -0.2521925 0.6659408 0.236
        vertex -0.2521925 0.6659408 0
    endloop
endfacet
facet normal -0.99506444 0.09923141 0
    outer loop
        vertex -0.2528678 0.6591692 0
        vertex -0.2528678 0.6591692 0.236
        vertex -0.2521925 0.6659408 0.236
    endloop
endfacet
facet normal -0.99635834 0.08526479 0
    outer loop
        vertex -0.2528678 0.6591692 0
        vertex -0.25360096 0.6506018 0
        vertex -0.2528678 0.6591692 0.236
    endloop
endfacet
facet normal -0.99635834 0.08526479 0
    outer loop
        vertex -0.2528678 0.6591692 0.236
        vertex -0.25360096 0.6506018 0
        vertex -0.25360096 0.6506018 0.236
    endloop
endfacet
facet normal -0.99768335 0.06802968 0
    outer loop
        vertex -0.25360096 0.6506018 0.236
        vertex -0.25360096 0.6506018 0
        vertex -0.25391814 0.64595014 0
    endloop
endfacet
facet normal -0.99768335 0.06802968 0
    outer loop
        vertex -0.25391814 0.64595014 0.236
        vertex -0.25360096 0.6506018 0.236
        vertex -0.25391814 0.64595014 0
    endloop
endfacet
facet normal -0.99864835 0.05197573 0
    outer loop
        vertex -0.25416452 0.64121634 0.236
        vertex -0.25391814 0.64595014 0
        vertex -0.25416452 0.64121634 0
    endloop
endfacet
facet normal -0.9995088 0.03133698 0
    outer loop
        vertex -0.25431168 0.6365225 0.236
        vertex -0.25416452 0.64121634 0.236
        vertex -0.25416452 0.64121634 0
    endloop
endfacet
facet normal -0.9995088 0.03133698 0
    outer loop
        vertex -0.25431168 0.6365225 0
        vertex -0.25431168 0.6365225 0.236
        vertex -0.25416452 0.64121634 0
    endloop
endfacet
facet normal -0.9999907 0.00429437 0
    outer loop
        vertex -0.25431168 0.6365225 0
        vertex -0.25433114 0.6319908 0.236
        vertex -0.25431168 0.6365225 0.236
    endloop
endfacet
facet normal -0.9999907 0.00429437 0
    outer loop
        vertex -0.25431168 0.6365225 0
        vertex -0.25433114 0.6319908 0
        vertex -0.25433114 0.6319908 0.236
    endloop
endfacet
facet normal -0.99955148 -0.02994746 -0
    outer loop
        vertex -0.25433114 0.6319908 0.236
        vertex -0.25433114 0.6319908 0
        vertex -0.25420326 0.6277225 0.236
    endloop
endfacet
facet normal -0.99788588 -0.06499037 -0
    outer loop
        vertex -0.25420326 0.6277225 0.236
        vertex -0.25420326 0.6277225 0
        vertex -0.25394347 0.62373364 0.236
    endloop
endfacet
facet normal -0.995139 -0.09848063 0
    outer loop
        vertex -0.25394347 0.62373364 0
        vertex -0.25357592 0.62001956 0
        vertex -0.25357592 0.62001956 0.236
    endloop
endfacet
facet normal -0.98296994 -0.18376628 0
    outer loop
        vertex -0.2520684 0.6104763 0.236
        vertex -0.2526142 0.6133958 0.236
        vertex -0.2526142 0.6133958 0
    endloop
endfacet
facet normal -0.97074032 -0.24013157 0
    outer loop
        vertex -0.25096777 0.6053978 0
        vertex -0.24914047 0.5980109 0
        vertex -0.24914047 0.5980109 0.236
    endloop
endfacet
facet normal -0.93152946 -0.36366555 0
    outer loop
        vertex -0.24644652 0.58878314 0.236
        vertex -0.24571879 0.58691907 0
        vertex -0.24571879 0.58691907 0.236
    endloop
endfacet
facet normal -0.93152946 -0.36366555 -0
    outer loop
        vertex -0.24644652 0.58878314 0.236
        vertex -0.24644652 0.58878314 0
        vertex -0.24571879 0.58691907 0
    endloop
endfacet
facet normal -0.95692372 -0.29033929 -0
    outer loop
        vertex -0.24644652 0.58878314 0.236
        vertex -0.2478563 0.5934296 0.236
        vertex -0.24644652 0.58878314 0
    endloop
endfacet
facet normal -0.95692372 -0.29033929 0
    outer loop
        vertex -0.24644652 0.58878314 0
        vertex -0.2478563 0.5934296 0.236
        vertex -0.2478563 0.5934296 0
    endloop
endfacet
facet normal -0.96288693 -0.26990488 0
    outer loop
        vertex -0.2478563 0.5934296 0
        vertex -0.2478563 0.5934296 0.236
        vertex -0.24914047 0.5980109 0
    endloop
endfacet
facet normal -0.96288693 -0.26990488 0
    outer loop
        vertex -0.24914047 0.5980109 0
        vertex -0.2478563 0.5934296 0.236
        vertex -0.24914047 0.5980109 0.236
    endloop
endfacet
facet normal -0.97074032 -0.24013157 0
    outer loop
        vertex -0.25096777 0.6053978 0
        vertex -0.24914047 0.5980109 0.236
        vertex -0.25096777 0.6053978 0.236
    endloop
endfacet
facet normal -0.97731161 -0.21180648 0
    outer loop
        vertex -0.2520684 0.6104763 0
        vertex -0.25096777 0.6053978 0
        vertex -0.25096777 0.6053978 0.236
    endloop
endfacet
facet normal -0.97731161 -0.21180648 -0
    outer loop
        vertex -0.2520684 0.6104763 0.236
        vertex -0.2520684 0.6104763 0
        vertex -0.25096777 0.6053978 0.236
    endloop
endfacet
facet normal -0.98296994 -0.18376628 -0
    outer loop
        vertex -0.2520684 0.6104763 0.236
        vertex -0.2526142 0.6133958 0
        vertex -0.2520684 0.6104763 0
    endloop
endfacet
facet normal -0.98735017 -0.15855502 -0
    outer loop
        vertex -0.2526142 0.6133958 0.236
        vertex -0.25312477 0.61657524 0
        vertex -0.2526142 0.6133958 0
    endloop
endfacet
facet normal -0.98735017 -0.15855502 0
    outer loop
        vertex -0.2526142 0.6133958 0.236
        vertex -0.25312477 0.61657524 0.236
        vertex -0.25312477 0.61657524 0
    endloop
endfacet
facet normal -0.99153054 -0.12987393 0
    outer loop
        vertex -0.25312477 0.61657524 0
        vertex -0.25312477 0.61657524 0.236
        vertex -0.25357592 0.62001956 0
    endloop
endfacet
facet normal -0.99153054 -0.12987393 0
    outer loop
        vertex -0.25357592 0.62001956 0
        vertex -0.25312477 0.61657524 0.236
        vertex -0.25357592 0.62001956 0.236
    endloop
endfacet
facet normal -0.995139 -0.09848063 0
    outer loop
        vertex -0.25394347 0.62373364 0
        vertex -0.25357592 0.62001956 0.236
        vertex -0.25394347 0.62373364 0.236
    endloop
endfacet
facet normal -0.99788588 -0.06499037 0
    outer loop
        vertex -0.25420326 0.6277225 0
        vertex -0.25394347 0.62373364 0
        vertex -0.25394347 0.62373364 0.236
    endloop
endfacet
facet normal -0.99955148 -0.02994746 0
    outer loop
        vertex -0.25433114 0.6319908 0
        vertex -0.25420326 0.6277225 0
        vertex -0.25420326 0.6277225 0.236
    endloop
endfacet
facet normal -0.99864835 0.05197573 0
    outer loop
        vertex -0.25391814 0.64595014 0
        vertex -0.25416452 0.64121634 0.236
        vertex -0.25391814 0.64595014 0.236
    endloop
endfacet
facet normal -0.43870422 0.89863145 0
    outer loop
        vertex -0.24571879 0.58691907 0.236
        vertex -0.24571879 0.58691907 0
        vertex -0.31837827 0.55144733 0.236
    endloop
endfacet
facet normal -0.43870422 0.89863145 0
    outer loop
        vertex -0.31837827 0.55144733 0.236
        vertex -0.24571879 0.58691907 0
        vertex -0.31837827 0.55144733 0
    endloop
endfacet
facet normal 0.8453266 0.53424984 0
    outer loop
        vertex -0.31837827 0.55144733 0.236
        vertex -0.31837827 0.55144733 0
        vertex -0.3195279 0.55326635 0
    endloop
endfacet
facet normal 0.79722071 0.60368794 0
    outer loop
        vertex -0.3195279 0.55326635 0.236
        vertex -0.3195279 0.55326635 0
        vertex -0.32236883 0.55701804 0.236
    endloop
endfacet
facet normal 0.79722071 0.60368794 0
    outer loop
        vertex -0.32236883 0.55701804 0.236
        vertex -0.3195279 0.55326635 0
        vertex -0.32236883 0.55701804 0
    endloop
endfacet
facet normal 0.78421909 0.62048405 0
    outer loop
        vertex -0.32549337 0.5609671 0
        vertex -0.32236883 0.55701804 0.236
        vertex -0.32236883 0.55701804 0
    endloop
endfacet
facet normal 0.78421909 0.62048405 -0
    outer loop
        vertex -0.32549337 0.5609671 0
        vertex -0.32549337 0.5609671 0.236
        vertex -0.32236883 0.55701804 0.236
    endloop
endfacet
facet normal 0.76826 0.64013797 -0
    outer loop
        vertex -0.32549337 0.5609671 0
        vertex -0.32807964 0.564071 0
        vertex -0.32549337 0.5609671 0.236
    endloop
endfacet
facet normal 0.76826 0.64013797 0
    outer loop
        vertex -0.32549337 0.5609671 0.236
        vertex -0.32807964 0.564071 0
        vertex -0.32807964 0.564071 0.236
    endloop
endfacet
facet normal 0.75770426 0.65259808 0
    outer loop
        vertex -0.32807964 0.564071 0.236
        vertex -0.32807964 0.564071 0
        vertex -0.33168054 0.56825185 0
    endloop
endfacet
facet normal 0.75770426 0.65259808 0
    outer loop
        vertex -0.33168054 0.56825185 0.236
        vertex -0.32807964 0.564071 0.236
        vertex -0.33168054 0.56825185 0
    endloop
endfacet
facet normal 0.74616063 0.66576594 0
    outer loop
        vertex -0.33398515 0.57083476 0
        vertex -0.33168054 0.56825185 0.236
        vertex -0.33168054 0.56825185 0
    endloop
endfacet
facet normal 0.74616063 0.66576594 -0
    outer loop
        vertex -0.33398515 0.57083476 0
        vertex -0.33398515 0.57083476 0.236
        vertex -0.33168054 0.56825185 0.236
    endloop
endfacet
facet normal 0.71798116 0.69606245 -0
    outer loop
        vertex -0.33398515 0.57083476 0
        vertex -0.33691242 0.5738542 0
        vertex -0.33398515 0.57083476 0.236
    endloop
endfacet
facet normal 0.71798116 0.69606245 0
    outer loop
        vertex -0.33398515 0.57083476 0.236
        vertex -0.33691242 0.5738542 0
        vertex -0.33691242 0.5738542 0.236
    endloop
endfacet
facet normal 0.67853653 0.73456663 0
    outer loop
        vertex -0.33691242 0.5738542 0.236
        vertex -0.33691242 0.5738542 0
        vertex -0.34076917 0.5774168 0.236
    endloop
endfacet
facet normal 0.67853653 0.73456663 0
    outer loop
        vertex -0.34076917 0.5774168 0.236
        vertex -0.33691242 0.5738542 0
        vertex -0.34076917 0.5774168 0
    endloop
endfacet
facet normal 0.6479125 0.76171476 0
    outer loop
        vertex -0.34314194 0.57943505 0.236
        vertex -0.34076917 0.5774168 0.236
        vertex -0.34076917 0.5774168 0
    endloop
endfacet
facet normal 0.6479125 0.76171476 -0
    outer loop
        vertex -0.34314194 0.57943505 0
        vertex -0.34314194 0.57943505 0.236
        vertex -0.34076917 0.5774168 0
    endloop
endfacet
facet normal 0.62779963 0.77837503 -0
    outer loop
        vertex -0.34314194 0.57943505 0
        vertex -0.34586215 0.58162904 0.236
        vertex -0.34314194 0.57943505 0.236
    endloop
endfacet
facet normal 0.51002973 0.86015683 0
    outer loop
        vertex -0.37785238 0.60302705 0
        vertex -0.38473243 0.60710657 0
        vertex -0.38473243 0.60710657 0.236
    endloop
endfacet
facet normal 0.51002973 0.86015683 0
    outer loop
        vertex -0.37785238 0.60302705 0.236
        vertex -0.37785238 0.60302705 0
        vertex -0.38473243 0.60710657 0.236
    endloop
endfacet
facet normal 0.5207054 0.85373634 0
    outer loop
        vertex -0.37785238 0.60302705 0.236
        vertex -0.37162653 0.5992298 0
        vertex -0.37785238 0.60302705 0
    endloop
endfacet
facet normal 0.5207054 0.85373634 0
    outer loop
        vertex -0.37785238 0.60302705 0.236
        vertex -0.37162653 0.5992298 0.236
        vertex -0.37162653 0.5992298 0
    endloop
endfacet
facet normal 0.53238136 0.84650469 -0
    outer loop
        vertex -0.37162653 0.5992298 0
        vertex -0.37162653 0.5992298 0.236
        vertex -0.3660165 0.5957016 0
    endloop
endfacet
facet normal 0.53238136 0.84650469 -0
    outer loop
        vertex -0.3660165 0.5957016 0
        vertex -0.37162653 0.5992298 0.236
        vertex -0.3660165 0.5957016 0.236
    endloop
endfacet
facet normal 0.54516178 0.83833092 0
    outer loop
        vertex -0.36098403 0.592429 0
        vertex -0.3660165 0.5957016 0
        vertex -0.3660165 0.5957016 0.236
    endloop
endfacet
facet normal 0.54516178 0.83833092 0
    outer loop
        vertex -0.36098403 0.592429 0.236
        vertex -0.36098403 0.592429 0
        vertex -0.3660165 0.5957016 0.236
    endloop
endfacet
facet normal 0.55911607 0.82908934 0
    outer loop
        vertex -0.36098403 0.592429 0.236
        vertex -0.3564907 0.5893988 0
        vertex -0.36098403 0.592429 0
    endloop
endfacet
facet normal 0.55911607 0.82908934 0
    outer loop
        vertex -0.36098403 0.592429 0.236
        vertex -0.3564907 0.5893988 0.236
        vertex -0.3564907 0.5893988 0
    endloop
endfacet
facet normal 0.5743441 0.81861389 -0
    outer loop
        vertex -0.3564907 0.5893988 0
        vertex -0.3564907 0.5893988 0.236
        vertex -0.35249817 0.5865976 0
    endloop
endfacet
facet normal 0.5743441 0.81861389 -0
    outer loop
        vertex -0.35249817 0.5865976 0
        vertex -0.3564907 0.5893988 0.236
        vertex -0.35249817 0.5865976 0.236
    endloop
endfacet
facet normal 0.59088254 0.80675757 0
    outer loop
        vertex -0.34896812 0.58401215 0
        vertex -0.35249817 0.5865976 0
        vertex -0.35249817 0.5865976 0.236
    endloop
endfacet
facet normal 0.59088254 0.80675757 0
    outer loop
        vertex -0.34896812 0.58401215 0.236
        vertex -0.34896812 0.58401215 0
        vertex -0.35249817 0.5865976 0.236
    endloop
endfacet
facet normal 0.6087324 0.79337555 0
    outer loop
        vertex -0.34896812 0.58401215 0.236
        vertex -0.34586215 0.58162904 0
        vertex -0.34896812 0.58401215 0
    endloop
endfacet
facet normal 0.6087324 0.79337555 0
    outer loop
        vertex -0.34896812 0.58401215 0.236
        vertex -0.34586215 0.58162904 0.236
        vertex -0.34586215 0.58162904 0
    endloop
endfacet
facet normal 0.62779963 0.77837503 -0
    outer loop
        vertex -0.34586215 0.58162904 0
        vertex -0.34586215 0.58162904 0.236
        vertex -0.34314194 0.57943505 0
    endloop
endfacet
facet normal 0.8453266 0.53424984 -0
    outer loop
        vertex -0.3195279 0.55326635 0
        vertex -0.3195279 0.55326635 0.236
        vertex -0.31837827 0.55144733 0.236
    endloop
endfacet
facet normal -0.57341284 0.81926662 0
    outer loop
        vertex -0.38473243 0.60710657 0.236
        vertex -0.38473243 0.60710657 0
        vertex -0.43873113 0.56931233 0.236
    endloop
endfacet
facet normal -0.57341284 0.81926662 0
    outer loop
        vertex -0.43873113 0.56931233 0.236
        vertex -0.38473243 0.60710657 0
        vertex -0.43873113 0.56931233 0
    endloop
endfacet
facet normal -0.98071361 -0.19545016 -0
    outer loop
        vertex -0.43873113 0.56931233 0.236
        vertex -0.43873113 0.56931233 0
        vertex -0.4372778 0.5620199 0
    endloop
endfacet
facet normal -0.98071361 -0.19545016 -0
    outer loop
        vertex -0.4372778 0.5620199 0.236
        vertex -0.43873113 0.56931233 0.236
        vertex -0.4372778 0.5620199 0
    endloop
endfacet
facet normal -0.98010534 -0.19847789 0
    outer loop
        vertex -0.43592712 0.5553501 0
        vertex -0.4372778 0.5620199 0.236
        vertex -0.4372778 0.5620199 0
    endloop
endfacet
facet normal -0.98010534 -0.19847789 0
    outer loop
        vertex -0.43592712 0.5553501 0
        vertex -0.43592712 0.5553501 0.236
        vertex -0.4372778 0.5620199 0.236
    endloop
endfacet
facet normal -0.97722435 -0.2122086 0
    outer loop
        vertex -0.43592712 0.5553501 0
        vertex -0.4341024 0.5469472 0
        vertex -0.43592712 0.5553501 0.236
    endloop
endfacet
facet normal -0.97722435 -0.2122086 0
    outer loop
        vertex -0.43592712 0.5553501 0.236
        vertex -0.4341024 0.5469472 0
        vertex -0.4341024 0.5469472 0.236
    endloop
endfacet
facet normal -0.97341293 -0.22905751 -0
    outer loop
        vertex -0.4341024 0.5469472 0.236
        vertex -0.4341024 0.5469472 0
        vertex -0.43303442 0.5424087 0
    endloop
endfacet
facet normal -0.97341293 -0.22905751 -0
    outer loop
        vertex -0.43303442 0.5424087 0.236
        vertex -0.4341024 0.5469472 0.236
        vertex -0.43303442 0.5424087 0
    endloop
endfacet
facet normal -0.96960169 -0.24468891 -0
    outer loop
        vertex -0.43187454 0.5378126 0.236
        vertex -0.43303442 0.5424087 0
        vertex -0.43187454 0.5378126 0
    endloop
endfacet
facet normal -0.96433991 -0.26466677 0
    outer loop
        vertex -0.4306316 0.5332838 0.236
        vertex -0.43187454 0.5378126 0.236
        vertex -0.43187454 0.5378126 0
    endloop
endfacet
facet normal -0.96433991 -0.26466677 0
    outer loop
        vertex -0.4306316 0.5332838 0
        vertex -0.4306316 0.5332838 0.236
        vertex -0.43187454 0.5378126 0
    endloop
endfacet
facet normal -0.95682979 -0.29064891 0
    outer loop
        vertex -0.4306316 0.5332838 0
        vertex -0.4293145 0.52894783 0.236
        vertex -0.4306316 0.5332838 0.236
    endloop
endfacet
facet normal -0.95682979 -0.29064891 0
    outer loop
        vertex -0.4306316 0.5332838 0
        vertex -0.4293145 0.52894783 0
        vertex -0.4293145 0.52894783 0.236
    endloop
endfacet
facet normal -0.94631648 -0.32324141 -0
    outer loop
        vertex -0.4293145 0.52894783 0.236
        vertex -0.4293145 0.52894783 0
        vertex -0.42793417 0.5249068 0.236
    endloop
endfacet
facet normal -0.93439651 -0.35623467 -0
    outer loop
        vertex -0.42793417 0.5249068 0.236
        vertex -0.42793417 0.5249068 0
        vertex -0.4265102 0.5211718 0.236
    endloop
endfacet
facet normal -0.92189848 -0.38743147 0
    outer loop
        vertex -0.4265102 0.5211718 0
        vertex -0.4250642 0.517731 0
        vertex -0.4250642 0.517731 0.236
    endloop
endfacet
facet normal -0.88513058 -0.46534282 0
    outer loop
        vertex -0.42081076 0.5090561 0.236
        vertex -0.42219287 0.511685 0.236
        vertex -0.42219287 0.511685 0
    endloop
endfacet
facet normal -0.85683048 -0.51559824 0
    outer loop
        vertex -0.41826212 0.5045276 0
        vertex -0.41433862 0.49800748 0
        vertex -0.41433862 0.49800748 0.236
    endloop
endfacet
facet normal -0.78294659 -0.62208897 0
    outer loop
        vertex -0.40904447 0.48998374 0.236
        vertex -0.4077996 0.48841697 0
        vertex -0.4077996 0.48841697 0.236
    endloop
endfacet
facet normal -0.78294659 -0.62208897 -0
    outer loop
        vertex -0.40904447 0.48998374 0.236
        vertex -0.40904447 0.48998374 0
        vertex -0.4077996 0.48841697 0
    endloop
endfacet
facet normal -0.82883263 -0.55949664 -0
    outer loop
        vertex -0.40904447 0.48998374 0.236
        vertex -0.41176122 0.4940083 0.236
        vertex -0.40904447 0.48998374 0
    endloop
endfacet
facet normal -0.82883263 -0.55949664 0
    outer loop
        vertex -0.40904447 0.48998374 0
        vertex -0.41176122 0.4940083 0.236
        vertex -0.41176122 0.4940083 0
    endloop
endfacet
facet normal -0.8405568 -0.54172349 0
    outer loop
        vertex -0.41176122 0.4940083 0
        vertex -0.41176122 0.4940083 0.236
        vertex -0.41433862 0.49800748 0
    endloop
endfacet
facet normal -0.8405568 -0.54172349 0
    outer loop
        vertex -0.41433862 0.49800748 0
        vertex -0.41176122 0.4940083 0.236
        vertex -0.41433862 0.49800748 0.236
    endloop
endfacet
facet normal -0.85683048 -0.51559824 0
    outer loop
        vertex -0.41826212 0.5045276 0
        vertex -0.41433862 0.49800748 0.236
        vertex -0.41826212 0.5045276 0.236
    endloop
endfacet
facet normal -0.87146246 -0.49046218 0
    outer loop
        vertex -0.42081076 0.5090561 0
        vertex -0.41826212 0.5045276 0
        vertex -0.41826212 0.5045276 0.236
    endloop
endfacet
facet normal -0.87146246 -0.49046218 -0
    outer loop
        vertex -0.42081076 0.5090561 0.236
        vertex -0.42081076 0.5090561 0
        vertex -0.41826212 0.5045276 0.236
    endloop
endfacet
facet normal -0.88513058 -0.46534282 -0
    outer loop
        vertex -0.42081076 0.5090561 0.236
        vertex -0.42219287 0.511685 0
        vertex -0.42081076 0.5090561 0
    endloop
endfacet
facet normal -0.89675093 -0.44253558 -0
    outer loop
        vertex -0.42219287 0.511685 0.236
        vertex -0.4236179 0.5145727 0
        vertex -0.42219287 0.511685 0
    endloop
endfacet
facet normal -0.89675093 -0.44253558 0
    outer loop
        vertex -0.42219287 0.511685 0.236
        vertex -0.4236179 0.5145727 0.236
        vertex -0.4236179 0.5145727 0
    endloop
endfacet
facet normal -0.90920234 -0.41635454 0
    outer loop
        vertex -0.4236179 0.5145727 0
        vertex -0.4236179 0.5145727 0.236
        vertex -0.4250642 0.517731 0
    endloop
endfacet
facet normal -0.90920234 -0.41635454 0
    outer loop
        vertex -0.4250642 0.517731 0
        vertex -0.4236179 0.5145727 0.236
        vertex -0.4250642 0.517731 0.236
    endloop
endfacet
facet normal -0.92189848 -0.38743147 0
    outer loop
        vertex -0.4265102 0.5211718 0
        vertex -0.4250642 0.517731 0.236
        vertex -0.4265102 0.5211718 0.236
    endloop
endfacet
facet normal -0.93439651 -0.35623467 0
    outer loop
        vertex -0.42793417 0.5249068 0
        vertex -0.4265102 0.5211718 0
        vertex -0.4265102 0.5211718 0.236
    endloop
endfacet
facet normal -0.94631648 -0.32324141 0
    outer loop
        vertex -0.4293145 0.52894783 0
        vertex -0.42793417 0.5249068 0
        vertex -0.42793417 0.5249068 0.236
    endloop
endfacet
facet normal -0.96960169 -0.24468891 0
    outer loop
        vertex -0.43303442 0.5424087 0
        vertex -0.43187454 0.5378126 0.236
        vertex -0.43303442 0.5424087 0.236
    endloop
endfacet
facet normal -0.68408912 0.72939837 0
    outer loop
        vertex -0.4077996 0.48841697 0.236
        vertex -0.4077996 0.48841697 0
        vertex -0.46677563 0.43310446 0.236
    endloop
endfacet
facet normal -0.68408912 0.72939837 0
    outer loop
        vertex -0.46677563 0.43310446 0.236
        vertex -0.4077996 0.48841697 0
        vertex -0.46677563 0.43310446 0
    endloop
endfacet
facet normal 0.65030313 0.75967485 0
    outer loop
        vertex -0.46677563 0.43310446 0.236
        vertex -0.46677563 0.43310446 0
        vertex -0.4684103 0.4345038 0
    endloop
endfacet
facet normal 0.58385783 0.81185585 0
    outer loop
        vertex -0.4684103 0.4345038 0.236
        vertex -0.4684103 0.4345038 0
        vertex -0.47223085 0.4372514 0.236
    endloop
endfacet
facet normal 0.58385783 0.81185585 0
    outer loop
        vertex -0.47223085 0.4372514 0.236
        vertex -0.4684103 0.4345038 0
        vertex -0.47223085 0.4372514 0
    endloop
endfacet
facet normal 0.56649595 0.82406455 0
    outer loop
        vertex -0.47638056 0.44010407 0
        vertex -0.47223085 0.4372514 0.236
        vertex -0.47223085 0.4372514 0
    endloop
endfacet
facet normal 0.56649595 0.82406455 -0
    outer loop
        vertex -0.47638056 0.44010407 0
        vertex -0.47638056 0.44010407 0.236
        vertex -0.47223085 0.4372514 0.236
    endloop
endfacet
facet normal 0.54543477 0.83815324 -0
    outer loop
        vertex -0.47638056 0.44010407 0
        vertex -0.47976688 0.44230774 0
        vertex -0.47638056 0.44010407 0.236
    endloop
endfacet
facet normal 0.54543477 0.83815324 0
    outer loop
        vertex -0.47638056 0.44010407 0.236
        vertex -0.47976688 0.44230774 0
        vertex -0.47976688 0.44230774 0.236
    endloop
endfacet
facet normal 0.53168839 0.84694004 0
    outer loop
        vertex -0.47976688 0.44230774 0.236
        vertex -0.47976688 0.44230774 0
        vertex -0.48444006 0.44524145 0
    endloop
endfacet
facet normal 0.53168839 0.84694004 0
    outer loop
        vertex -0.48444006 0.44524145 0.236
        vertex -0.47976688 0.44230774 0.236
        vertex -0.48444006 0.44524145 0
    endloop
endfacet
facet normal 0.51677543 0.85612106 0
    outer loop
        vertex -0.48740363 0.44703034 0
        vertex -0.48444006 0.44524145 0.236
        vertex -0.48444006 0.44524145 0
    endloop
endfacet
facet normal 0.51677543 0.85612106 -0
    outer loop
        vertex -0.48740363 0.44703034 0
        vertex -0.48740363 0.44703034 0.236
        vertex -0.48444006 0.44524145 0.236
    endloop
endfacet
facet normal 0.48091379 0.87676787 -0
    outer loop
        vertex -0.48740363 0.44703034 0
        vertex -0.49109086 0.4490528 0
        vertex -0.48740363 0.44703034 0.236
    endloop
endfacet
facet normal 0.48091379 0.87676787 0
    outer loop
        vertex -0.48740363 0.44703034 0.236
        vertex -0.49109086 0.4490528 0
        vertex -0.49109086 0.4490528 0.236
    endloop
endfacet
facet normal 0.43187487 0.90193361 0
    outer loop
        vertex -0.49109086 0.4490528 0.236
        vertex -0.49109086 0.4490528 0
        vertex -0.49582636 0.45132032 0.236
    endloop
endfacet
facet normal 0.43187487 0.90193361 0
    outer loop
        vertex -0.49582636 0.45132032 0.236
        vertex -0.49109086 0.4490528 0
        vertex -0.49582636 0.45132032 0
    endloop
endfacet
facet normal 0.39460626 0.91885036 0
    outer loop
        vertex -0.49868858 0.45254952 0.236
        vertex -0.49582636 0.45132032 0.236
        vertex -0.49582636 0.45132032 0
    endloop
endfacet
facet normal 0.39460626 0.91885036 -0
    outer loop
        vertex -0.49868858 0.45254952 0
        vertex -0.49868858 0.45254952 0.236
        vertex -0.49582636 0.45132032 0
    endloop
endfacet
facet normal 0.37048626 0.9288379 -0
    outer loop
        vertex -0.49868858 0.45254952 0
        vertex -0.50193465 0.45384428 0.236
        vertex -0.49868858 0.45254952 0.236
    endloop
endfacet
facet normal 0.23383966 0.97227514 0
    outer loop
        vertex -0.5388108 0.4648623 0
        vertex -0.54658765 0.46673268 0
        vertex -0.54658765 0.46673268 0.236
    endloop
endfacet
facet normal 0.23383966 0.97227514 0
    outer loop
        vertex -0.5388108 0.4648623 0.236
        vertex -0.5388108 0.4648623 0
        vertex -0.54658765 0.46673268 0.236
    endloop
endfacet
facet normal 0.2459266 0.96928847 0
    outer loop
        vertex -0.5388108 0.4648623 0.236
        vertex -0.5317423 0.46306887 0
        vertex -0.5388108 0.4648623 0
    endloop
endfacet
facet normal 0.2459266 0.96928847 0
    outer loop
        vertex -0.5388108 0.4648623 0.236
        vertex -0.5317423 0.46306887 0.236
        vertex -0.5317423 0.46306887 0
    endloop
endfacet
facet normal 0.25921965 0.96581841 -0
    outer loop
        vertex -0.5317423 0.46306887 0
        vertex -0.5317423 0.46306887 0.236
        vertex -0.5253415 0.46135095 0
    endloop
endfacet
facet normal 0.25921965 0.96581841 -0
    outer loop
        vertex -0.5253415 0.46135095 0
        vertex -0.5317423 0.46306887 0.236
        vertex -0.5253415 0.46135095 0.236
    endloop
endfacet
facet normal 0.27383384 0.96177703 0
    outer loop
        vertex -0.519568 0.45970714 0
        vertex -0.5253415 0.46135095 0
        vertex -0.5253415 0.46135095 0.236
    endloop
endfacet
facet normal 0.27383384 0.96177703 0
    outer loop
        vertex -0.519568 0.45970714 0.236
        vertex -0.519568 0.45970714 0
        vertex -0.5253415 0.46135095 0.236
    endloop
endfacet
facet normal 0.28990161 0.95705646 0
    outer loop
        vertex -0.519568 0.45970714 0.236
        vertex -0.5143812 0.458136 0
        vertex -0.519568 0.45970714 0
    endloop
endfacet
facet normal 0.28990161 0.95705646 0
    outer loop
        vertex -0.519568 0.45970714 0.236
        vertex -0.5143812 0.458136 0.236
        vertex -0.5143812 0.458136 0
    endloop
endfacet
facet normal 0.30753815 0.9515357 -0
    outer loop
        vertex -0.5143812 0.458136 0
        vertex -0.5143812 0.458136 0.236
        vertex -0.50974035 0.45663607 0
    endloop
endfacet
facet normal 0.30753815 0.9515357 -0
    outer loop
        vertex -0.50974035 0.45663607 0
        vertex -0.5143812 0.458136 0.236
        vertex -0.50974035 0.45663607 0.236
    endloop
endfacet
facet normal 0.3268331 0.94508201 0
    outer loop
        vertex -0.50560504 0.45520598 0
        vertex -0.50974035 0.45663607 0
        vertex -0.50974035 0.45663607 0.236
    endloop
endfacet
facet normal 0.3268331 0.94508201 0
    outer loop
        vertex -0.50560504 0.45520598 0.236
        vertex -0.50560504 0.45520598 0
        vertex -0.50974035 0.45663607 0.236
    endloop
endfacet
facet normal 0.34782928 0.93755788 0
    outer loop
        vertex -0.50560504 0.45520598 0.236
        vertex -0.50193465 0.45384428 0
        vertex -0.50560504 0.45520598 0
    endloop
endfacet
facet normal 0.34782928 0.93755788 0
    outer loop
        vertex -0.50560504 0.45520598 0.236
        vertex -0.50193465 0.45384428 0.236
        vertex -0.50193465 0.45384428 0
    endloop
endfacet
facet normal 0.37048626 0.9288379 -0
    outer loop
        vertex -0.50193465 0.45384428 0
        vertex -0.50193465 0.45384428 0.236
        vertex -0.49868858 0.45254952 0
    endloop
endfacet
facet normal 0.65030313 0.75967485 -0
    outer loop
        vertex -0.4684103 0.4345038 0
        vertex -0.4684103 0.4345038 0.236
        vertex -0.46677563 0.43310446 0.236
    endloop
endfacet
facet normal -0.78942078 0.6138525 0
    outer loop
        vertex -0.54658765 0.46673268 0.236
        vertex -0.54658765 0.46673268 0
        vertex -0.5870473 0.41470116 0.236
    endloop
endfacet
facet normal -0.78942078 0.6138525 0
    outer loop
        vertex -0.5870473 0.41470116 0.236
        vertex -0.54658765 0.46673268 0
        vertex -0.5870473 0.41470116 0
    endloop
endfacet
facet normal -0.87953573 -0.47583285 -0
    outer loop
        vertex -0.5870473 0.41470116 0.236
        vertex -0.5870473 0.41470116 0
        vertex -0.583509 0.408161 0
    endloop
endfacet
facet normal -0.87953573 -0.47583285 -0
    outer loop
        vertex -0.583509 0.408161 0.236
        vertex -0.5870473 0.41470116 0.236
        vertex -0.583509 0.408161 0
    endloop
endfacet
facet normal -0.87805957 -0.47855139 0
    outer loop
        vertex -0.5802524 0.40218568 0
        vertex -0.583509 0.408161 0.236
        vertex -0.583509 0.408161 0
    endloop
endfacet
facet normal -0.87805957 -0.47855139 0
    outer loop
        vertex -0.5802524 0.40218568 0
        vertex -0.5802524 0.40218568 0.236
        vertex -0.583509 0.408161 0.236
    endloop
endfacet
facet normal -0.87126279 -0.49081683 0
    outer loop
        vertex -0.5802524 0.40218568 0
        vertex -0.576032 0.39469388 0
        vertex -0.5802524 0.40218568 0.236
    endloop
endfacet
facet normal -0.87126279 -0.49081683 0
    outer loop
        vertex -0.5802524 0.40218568 0.236
        vertex -0.576032 0.39469388 0
        vertex -0.576032 0.39469388 0.236
    endloop
endfacet
facet normal -0.86264819 -0.50580448 -0
    outer loop
        vertex -0.576032 0.39469388 0.236
        vertex -0.576032 0.39469388 0
        vertex -0.5736737 0.39067188 0
    endloop
endfacet
facet normal -0.86264819 -0.50580448 -0
    outer loop
        vertex -0.5736737 0.39067188 0.236
        vertex -0.576032 0.39469388 0.236
        vertex -0.5736737 0.39067188 0
    endloop
endfacet
facet normal -0.85440099 -0.51961422 -0
    outer loop
        vertex -0.5712106 0.3866218 0.236
        vertex -0.5736737 0.39067188 0
        vertex -0.5712106 0.3866218 0
    endloop
endfacet
facet normal -0.84348214 -0.53715712 0
    outer loop
        vertex -0.56868804 0.38266066 0.236
        vertex -0.5712106 0.3866218 0.236
        vertex -0.5712106 0.3866218 0
    endloop
endfacet
facet normal -0.84348214 -0.53715712 0
    outer loop
        vertex -0.56868804 0.38266066 0
        vertex -0.56868804 0.38266066 0.236
        vertex -0.5712106 0.3866218 0
    endloop
endfacet
facet normal -0.82865351 -0.55976182 0
    outer loop
        vertex -0.56868804 0.38266066 0
        vertex -0.5661514 0.37890548 0.236
        vertex -0.56868804 0.38266066 0.236
    endloop
endfacet
facet normal -0.82865351 -0.55976182 0
    outer loop
        vertex -0.56868804 0.38266066 0
        vertex -0.5661514 0.37890548 0
        vertex -0.5661514 0.37890548 0.236
    endloop
endfacet
facet normal -0.80899501 -0.58781564 -0
    outer loop
        vertex -0.5661514 0.37890548 0.236
        vertex -0.5661514 0.37890548 0
        vertex -0.56364125 0.37545085 0.236
    endloop
endfacet
facet normal -0.78787905 -0.61583012 -0
    outer loop
        vertex -0.56364125 0.37545085 0.236
        vertex -0.56364125 0.37545085 0
        vertex -0.56117964 0.37230152 0.236
    endloop
endfacet
facet normal -0.7667439 -0.64195299 0
    outer loop
        vertex -0.56117964 0.37230152 0
        vertex -0.5587837 0.36943984 0
        vertex -0.5587837 0.36943984 0.236
    endloop
endfacet
facet normal -0.7086454 -0.70556474 0
    outer loop
        vertex -0.5521623 0.36240405 0.236
        vertex -0.5542578 0.36450872 0.236
        vertex -0.5542578 0.36450872 0
    endloop
endfacet
facet normal -0.66678685 -0.7452485 0
    outer loop
        vertex -0.54839206 0.35882795 0
        vertex -0.54272103 0.35375398 0
        vertex -0.54272103 0.35375398 0.236
    endloop
endfacet
facet normal -0.56480461 -0.8252247 0
    outer loop
        vertex -0.53529704 0.34764716 0.236
        vertex -0.5336457 0.34651694 0
        vertex -0.5336457 0.34651694 0.236
    endloop
endfacet
facet normal -0.56480461 -0.8252247 -0
    outer loop
        vertex -0.53529704 0.34764716 0.236
        vertex -0.53529704 0.34764716 0
        vertex -0.5336457 0.34651694 0
    endloop
endfacet
facet normal -0.62709993 -0.77893871 -0
    outer loop
        vertex -0.53529704 0.34764716 0.236
        vertex -0.5390793 0.35069215 0.236
        vertex -0.53529704 0.34764716 0
    endloop
endfacet
facet normal -0.62709993 -0.77893871 0
    outer loop
        vertex -0.53529704 0.34764716 0
        vertex -0.5390793 0.35069215 0.236
        vertex -0.5390793 0.35069215 0
    endloop
endfacet
facet normal -0.6435349 -0.7654168 0
    outer loop
        vertex -0.5390793 0.35069215 0
        vertex -0.5390793 0.35069215 0.236
        vertex -0.54272103 0.35375398 0
    endloop
endfacet
facet normal -0.6435349 -0.7654168 0
    outer loop
        vertex -0.54272103 0.35375398 0
        vertex -0.5390793 0.35069215 0.236
        vertex -0.54272103 0.35375398 0.236
    endloop
endfacet
facet normal -0.66678685 -0.7452485 0
    outer loop
        vertex -0.54839206 0.35882795 0
        vertex -0.54272103 0.35375398 0.236
        vertex -0.54839206 0.35882795 0.236
    endloop
endfacet
facet normal -0.68818069 -0.72553933 0
    outer loop
        vertex -0.5521623 0.36240405 0
        vertex -0.54839206 0.35882795 0
        vertex -0.54839206 0.35882795 0.236
    endloop
endfacet
facet normal -0.68818069 -0.72553933 -0
    outer loop
        vertex -0.5521623 0.36240405 0.236
        vertex -0.5521623 0.36240405 0
        vertex -0.54839206 0.35882795 0.236
    endloop
endfacet
facet normal -0.7086454 -0.70556474 -0
    outer loop
        vertex -0.5521623 0.36240405 0.236
        vertex -0.5542578 0.36450872 0
        vertex -0.5521623 0.36240405 0
    endloop
endfacet
facet normal -0.72647732 -0.68719047 -0
    outer loop
        vertex -0.5542578 0.36450872 0.236
        vertex -0.5564707 0.3668481 0
        vertex -0.5542578 0.36450872 0
    endloop
endfacet
facet normal -0.72647732 -0.68719047 0
    outer loop
        vertex -0.5542578 0.36450872 0.236
        vertex -0.5564707 0.3668481 0.236
        vertex -0.5564707 0.3668481 0
    endloop
endfacet
facet normal -0.74608433 -0.66585135 0
    outer loop
        vertex -0.5564707 0.3668481 0
        vertex -0.5564707 0.3668481 0.236
        vertex -0.5587837 0.36943984 0
    endloop
endfacet
facet normal -0.74608433 -0.66585135 0
    outer loop
        vertex -0.5587837 0.36943984 0
        vertex -0.5564707 0.3668481 0.236
        vertex -0.5587837 0.36943984 0.236
    endloop
endfacet
facet normal -0.7667439 -0.64195299 0
    outer loop
        vertex -0.56117964 0.37230152 0
        vertex -0.5587837 0.36943984 0.236
        vertex -0.56117964 0.37230152 0.236
    endloop
endfacet
facet normal -0.78787905 -0.61583012 0
    outer loop
        vertex -0.56364125 0.37545085 0
        vertex -0.56117964 0.37230152 0
        vertex -0.56117964 0.37230152 0.236
    endloop
endfacet
facet normal -0.80899501 -0.58781564 0
    outer loop
        vertex -0.5661514 0.37890548 0
        vertex -0.56364125 0.37545085 0
        vertex -0.56364125 0.37545085 0.236
    endloop
endfacet
facet normal -0.85440099 -0.51961422 0
    outer loop
        vertex -0.5736737 0.39067188 0
        vertex -0.5712106 0.3866218 0.236
        vertex -0.5736737 0.39067188 0.236
    endloop
endfacet
facet normal -0.86869121 0.49535388 0
    outer loop
        vertex -0.5336457 0.34651694 0.236
        vertex -0.5336457 0.34651694 0
        vertex -0.57369787 0.27627832 0.236
    endloop
endfacet
facet normal -0.86869121 0.49535388 0
    outer loop
        vertex -0.57369787 0.27627832 0.236
        vertex -0.5336457 0.34651694 0
        vertex -0.57369787 0.27627832 0
    endloop
endfacet
facet normal 0.39749005 0.91760647 0
    outer loop
        vertex -0.57369787 0.27627832 0.236
        vertex -0.57369787 0.27627832 0
        vertex -0.5756724 0.27713364 0
    endloop
endfacet
facet normal 0.31862441 0.94788098 0
    outer loop
        vertex -0.5756724 0.27713364 0.236
        vertex -0.5756724 0.27713364 0
        vertex -0.580133 0.27863306 0.236
    endloop
endfacet
facet normal 0.31862441 0.94788098 0
    outer loop
        vertex -0.580133 0.27863306 0.236
        vertex -0.5756724 0.27713364 0
        vertex -0.580133 0.27863306 0
    endloop
endfacet
facet normal 0.29842663 0.95443261 0
    outer loop
        vertex -0.58493924 0.28013584 0
        vertex -0.580133 0.27863306 0.236
        vertex -0.580133 0.27863306 0
    endloop
endfacet
facet normal 0.29842663 0.95443261 -0
    outer loop
        vertex -0.58493924 0.28013584 0
        vertex -0.58493924 0.28013584 0.236
        vertex -0.580133 0.27863306 0.236
    endloop
endfacet
facet normal 0.27415019 0.96168691 -0
    outer loop
        vertex -0.58493924 0.28013584 0
        vertex -0.5888247 0.28124347 0
        vertex -0.58493924 0.28013584 0.236
    endloop
endfacet
facet normal 0.27415019 0.96168691 0
    outer loop
        vertex -0.58493924 0.28013584 0.236
        vertex -0.5888247 0.28124347 0
        vertex -0.5888247 0.28124347 0.236
    endloop
endfacet
facet normal 0.25843206 0.96602947 0
    outer loop
        vertex -0.5888247 0.28124347 0.236
        vertex -0.5888247 0.28124347 0
        vertex -0.59415495 0.28266943 0
    endloop
endfacet
facet normal 0.25843206 0.96602947 0
    outer loop
        vertex -0.59415495 0.28266943 0.236
        vertex -0.5888247 0.28124347 0.236
        vertex -0.59415495 0.28266943 0
    endloop
endfacet
facet normal 0.24146588 0.97040933 0
    outer loop
        vertex -0.59751415 0.2835053 0
        vertex -0.59415495 0.28266943 0.236
        vertex -0.59415495 0.28266943 0
    endloop
endfacet
facet normal 0.24146588 0.97040933 -0
    outer loop
        vertex -0.59751415 0.2835053 0
        vertex -0.59751415 0.2835053 0.236
        vertex -0.59415495 0.28266943 0.236
    endloop
endfacet
facet normal 0.20111503 0.97956759 -0
    outer loop
        vertex -0.59751415 0.2835053 0
        vertex -0.6016337 0.28435108 0
        vertex -0.59751415 0.2835053 0.236
    endloop
endfacet
facet normal 0.20111503 0.97956759 0
    outer loop
        vertex -0.59751415 0.2835053 0.236
        vertex -0.6016337 0.28435108 0
        vertex -0.6016337 0.28435108 0.236
    endloop
endfacet
facet normal 0.14683975 0.9891603 0
    outer loop
        vertex -0.6016337 0.28435108 0.236
        vertex -0.6016337 0.28435108 0
        vertex -0.60682714 0.28512204 0.236
    endloop
endfacet
facet normal 0.14683975 0.9891603 0
    outer loop
        vertex -0.60682714 0.28512204 0.236
        vertex -0.6016337 0.28435108 0
        vertex -0.60682714 0.28512204 0
    endloop
endfacet
facet normal 0.10623448 0.99434108 0
    outer loop
        vertex -0.60992455 0.28545296 0.236
        vertex -0.60682714 0.28512204 0.236
        vertex -0.60682714 0.28512204 0
    endloop
endfacet
facet normal 0.10623448 0.99434108 -0
    outer loop
        vertex -0.60992455 0.28545296 0
        vertex -0.60992455 0.28545296 0.236
        vertex -0.60682714 0.28512204 0
    endloop
endfacet
facet normal 0.0802448 0.99677521 -0
    outer loop
        vertex -0.60992455 0.28545296 0
        vertex -0.6134081 0.2857334 0.236
        vertex -0.60992455 0.28545296 0.236
    endloop
endfacet
facet normal -0.06313539 0.99800497 0
    outer loop
        vertex -0.65189344 0.2853925 0
        vertex -0.65987617 0.2848875 0
        vertex -0.65987617 0.2848875 0.236
    endloop
endfacet
facet normal -0.06313539 0.99800497 0
    outer loop
        vertex -0.65189344 0.2853925 0.236
        vertex -0.65189344 0.2853925 0
        vertex -0.65987617 0.2848875 0.236
    endloop
endfacet
facet normal -0.05069991 0.99871385 0
    outer loop
        vertex -0.65189344 0.2853925 0.236
        vertex -0.64461035 0.28576222 0
        vertex -0.65189344 0.2853925 0
    endloop
endfacet
facet normal -0.05069991 0.99871385 0
    outer loop
        vertex -0.65189344 0.2853925 0.236
        vertex -0.64461035 0.28576222 0.236
        vertex -0.64461035 0.28576222 0
    endloop
endfacet
facet normal -0.0369789 0.9993161 0
    outer loop
        vertex -0.64461035 0.28576222 0
        vertex -0.64461035 0.28576222 0.236
        vertex -0.63798773 0.2860073 0
    endloop
endfacet
facet normal -0.0369789 0.9993161 0
    outer loop
        vertex -0.63798773 0.2860073 0
        vertex -0.64461035 0.28576222 0.236
        vertex -0.63798773 0.2860073 0.236
    endloop
endfacet
facet normal -0.02181922 0.99976194 0
    outer loop
        vertex -0.63198614 0.28613827 0
        vertex -0.63798773 0.2860073 0
        vertex -0.63798773 0.2860073 0.236
    endloop
endfacet
facet normal -0.02181922 0.99976194 0
    outer loop
        vertex -0.63198614 0.28613827 0.236
        vertex -0.63198614 0.28613827 0
        vertex -0.63798773 0.2860073 0.236
    endloop
endfacet
facet normal -0.0050756 0.99998707 0
    outer loop
        vertex -0.63198614 0.28613827 0.236
        vertex -0.62656665 0.28616577 0
        vertex -0.63198614 0.28613827 0
    endloop
endfacet
facet normal -0.0050756 0.99998707 0
    outer loop
        vertex -0.63198614 0.28613827 0.236
        vertex -0.62656665 0.28616577 0.236
        vertex -0.62656665 0.28616577 0
    endloop
endfacet
facet normal 0.01340033 0.99991018 -0
    outer loop
        vertex -0.62656665 0.28616577 0
        vertex -0.62656665 0.28616577 0.236
        vertex -0.62168986 0.28610042 0
    endloop
endfacet
facet normal 0.01340033 0.99991018 -0
    outer loop
        vertex -0.62168986 0.28610042 0
        vertex -0.62656665 0.28616577 0.236
        vertex -0.62168986 0.28610042 0.236
    endloop
endfacet
facet normal 0.03374889 0.99943036 0
    outer loop
        vertex -0.6173168 0.28595275 0
        vertex -0.62168986 0.28610042 0
        vertex -0.62168986 0.28610042 0.236
    endloop
endfacet
facet normal 0.03374889 0.99943036 0
    outer loop
        vertex -0.6173168 0.28595275 0.236
        vertex -0.6173168 0.28595275 0
        vertex -0.62168986 0.28610042 0.236
    endloop
endfacet
facet normal 0.05602909 0.99842924 0
    outer loop
        vertex -0.6173168 0.28595275 0.236
        vertex -0.6134081 0.2857334 0
        vertex -0.6173168 0.28595275 0
    endloop
endfacet
facet normal 0.05602909 0.99842924 0
    outer loop
        vertex -0.6173168 0.28595275 0.236
        vertex -0.6134081 0.2857334 0.236
        vertex -0.6134081 0.2857334 0
    endloop
endfacet
facet normal 0.0802448 0.99677521 -0
    outer loop
        vertex -0.6134081 0.2857334 0
        vertex -0.6134081 0.2857334 0.236
        vertex -0.60992455 0.28545296 0
    endloop
endfacet
facet normal 0.39749005 0.91760647 -0
    outer loop
        vertex -0.5756724 0.27713364 0
        vertex -0.5756724 0.27713364 0.236
        vertex -0.57369787 0.27627832 0.236
    endloop
endfacet
facet normal -0.93528515 0.35389483 0
    outer loop
        vertex -0.65987617 0.2848875 0.236
        vertex -0.65987617 0.2848875 0
        vertex -0.68320173 0.22324191 0.236
    endloop
endfacet
facet normal -0.93528515 0.35389483 0
    outer loop
        vertex -0.68320173 0.22324191 0.236
        vertex -0.65987617 0.2848875 0
        vertex -0.68320173 0.22324191 0
    endloop
endfacet
facet normal -0.70020789 -0.71393901 -0
    outer loop
        vertex -0.68320173 0.22324191 0.236
        vertex -0.68320173 0.22324191 0
        vertex -0.677893 0.21803527 0
    endloop
endfacet
facet normal -0.70020789 -0.71393901 -0
    outer loop
        vertex -0.677893 0.21803527 0.236
        vertex -0.68320173 0.22324191 0.236
        vertex -0.677893 0.21803527 0
    endloop
endfacet
facet normal -0.69799447 -0.71610314 0
    outer loop
        vertex -0.67301977 0.21328528 0
        vertex -0.677893 0.21803527 0.236
        vertex -0.677893 0.21803527 0
    endloop
endfacet
facet normal -0.69799447 -0.71610314 0
    outer loop
        vertex -0.67301977 0.21328528 0
        vertex -0.67301977 0.21328528 0.236
        vertex -0.677893 0.21803527 0.236
    endloop
endfacet
facet normal -0.68787992 -0.72582442 0
    outer loop
        vertex -0.67301977 0.21328528 0
        vertex -0.66677856 0.20737036 0
        vertex -0.67301977 0.21328528 0.236
    endloop
endfacet
facet normal -0.68787992 -0.72582442 0
    outer loop
        vertex -0.67301977 0.21328528 0.236
        vertex -0.66677856 0.20737036 0
        vertex -0.66677856 0.20737036 0.236
    endloop
endfacet
facet normal -0.6752336 -0.73760396 -0
    outer loop
        vertex -0.66677856 0.20737036 0.236
        vertex -0.66677856 0.20737036 0
        vertex -0.66333956 0.20422214 0
    endloop
endfacet
facet normal -0.6752336 -0.73760396 -0
    outer loop
        vertex -0.66333956 0.20422214 0.236
        vertex -0.66677856 0.20737036 0.236
        vertex -0.66333956 0.20422214 0
    endloop
endfacet
facet normal -0.66328943 -0.74836302 -0
    outer loop
        vertex -0.6597921 0.20107798 0.236
        vertex -0.66333956 0.20422214 0
        vertex -0.6597921 0.20107798 0
    endloop
endfacet
facet normal -0.64767349 -0.76191801 0
    outer loop
        vertex -0.656214 0.19803637 0.236
        vertex -0.6597921 0.20107798 0.236
        vertex -0.6597921 0.20107798 0
    endloop
endfacet
facet normal -0.64767349 -0.76191801 0
    outer loop
        vertex -0.656214 0.19803637 0
        vertex -0.656214 0.19803637 0.236
        vertex -0.6597921 0.20107798 0
    endloop
endfacet
facet normal -0.6268453 -0.77914375 0
    outer loop
        vertex -0.656214 0.19803637 0
        vertex -0.6526832 0.19519573 0.236
        vertex -0.656214 0.19803637 0.236
    endloop
endfacet
facet normal -0.6268453 -0.77914375 0
    outer loop
        vertex -0.656214 0.19803637 0
        vertex -0.6526832 0.19519573 0
        vertex -0.6526832 0.19519573 0.236
    endloop
endfacet
facet normal -0.59979457 -0.80015409 -0
    outer loop
        vertex -0.6526832 0.19519573 0.236
        vertex -0.6526832 0.19519573 0
        vertex -0.6492663 0.19263443 0.236
    endloop
endfacet
facet normal -0.57136035 -0.82069927 -0
    outer loop
        vertex -0.6492663 0.19263443 0.236
        vertex -0.6492663 0.19263443 0
        vertex -0.6459858 0.19035058 0.236
    endloop
endfacet
facet normal -0.54346561 -0.83943135 0
    outer loop
        vertex -0.6459858 0.19035058 0
        vertex -0.64285284 0.18832225 0
        vertex -0.64285284 0.18832225 0.236
    endloop
endfacet
facet normal -0.46919242 -0.88309604 0
    outer loop
        vertex -0.6344517 0.18355076 0.236
        vertex -0.63707453 0.18494429 0.236
        vertex -0.63707453 0.18494429 0
    endloop
endfacet
facet normal -0.41750059 -0.90867662 0
    outer loop
        vertex -0.62979496 0.18124485 0
        vertex -0.6228803 0.17806783 0
        vertex -0.6228803 0.17806783 0.236
    endloop
endfacet
facet normal -0.2964716 -0.95504171 0
    outer loop
        vertex -0.6139861 0.17442061 0.236
        vertex -0.612075 0.17382735 0
        vertex -0.612075 0.17382735 0.236
    endloop
endfacet
facet normal -0.2964716 -0.95504171 -0
    outer loop
        vertex -0.6139861 0.17442061 0.236
        vertex -0.6139861 0.17442061 0
        vertex -0.612075 0.17382735 0
    endloop
endfacet
facet normal -0.36963868 -0.92917556 -0
    outer loop
        vertex -0.6139861 0.17442061 0.236
        vertex -0.61849785 0.17621545 0.236
        vertex -0.6139861 0.17442061 0
    endloop
endfacet
facet normal -0.36963868 -0.92917556 0
    outer loop
        vertex -0.6139861 0.17442061 0
        vertex -0.61849785 0.17621545 0.236
        vertex -0.61849785 0.17621545 0
    endloop
endfacet
facet normal -0.38933203 -0.92109752 0
    outer loop
        vertex -0.61849785 0.17621545 0
        vertex -0.61849785 0.17621545 0.236
        vertex -0.6228803 0.17806783 0
    endloop
endfacet
facet normal -0.38933203 -0.92109752 0
    outer loop
        vertex -0.6228803 0.17806783 0
        vertex -0.61849785 0.17621545 0.236
        vertex -0.6228803 0.17806783 0.236
    endloop
endfacet
facet normal -0.41750059 -0.90867662 0
    outer loop
        vertex -0.62979496 0.18124485 0
        vertex -0.6228803 0.17806783 0.236
        vertex -0.62979496 0.18124485 0.236
    endloop
endfacet
facet normal -0.44375303 -0.89614904 0
    outer loop
        vertex -0.6344517 0.18355076 0
        vertex -0.62979496 0.18124485 0
        vertex -0.62979496 0.18124485 0.236
    endloop
endfacet
facet normal -0.44375303 -0.89614904 -0
    outer loop
        vertex -0.6344517 0.18355076 0.236
        vertex -0.6344517 0.18355076 0
        vertex -0.62979496 0.18124485 0.236
    endloop
endfacet
facet normal -0.46919242 -0.88309604 -0
    outer loop
        vertex -0.6344517 0.18355076 0.236
        vertex -0.63707453 0.18494429 0
        vertex -0.6344517 0.18355076 0
    endloop
endfacet
facet normal -0.49163684 -0.87080044 -0
    outer loop
        vertex -0.63707453 0.18494429 0.236
        vertex -0.6398787 0.18652746 0
        vertex -0.63707453 0.18494429 0
    endloop
endfacet
facet normal -0.49163684 -0.87080044 0
    outer loop
        vertex -0.63707453 0.18494429 0.236
        vertex -0.6398787 0.18652746 0.236
        vertex -0.6398787 0.18652746 0
    endloop
endfacet
facet normal -0.51667303 -0.85618287 0
    outer loop
        vertex -0.6398787 0.18652746 0
        vertex -0.6398787 0.18652746 0.236
        vertex -0.64285284 0.18832225 0
    endloop
endfacet
facet normal -0.51667303 -0.85618287 0
    outer loop
        vertex -0.64285284 0.18832225 0
        vertex -0.6398787 0.18652746 0.236
        vertex -0.64285284 0.18832225 0.236
    endloop
endfacet
facet normal -0.54346561 -0.83943135 0
    outer loop
        vertex -0.6459858 0.19035058 0
        vertex -0.64285284 0.18832225 0.236
        vertex -0.6459858 0.19035058 0.236
    endloop
endfacet
facet normal -0.57136035 -0.82069927 0
    outer loop
        vertex -0.6492663 0.19263443 0
        vertex -0.6459858 0.19035058 0
        vertex -0.6459858 0.19035058 0.236
    endloop
endfacet
facet normal -0.59979457 -0.80015409 0
    outer loop
        vertex -0.6526832 0.19519573 0
        vertex -0.6492663 0.19263443 0
        vertex -0.6492663 0.19263443 0.236
    endloop
endfacet
facet normal -0.66328943 -0.74836302 0
    outer loop
        vertex -0.66333956 0.20422214 0
        vertex -0.6597921 0.20107798 0.236
        vertex -0.66333956 0.20422214 0.236
    endloop
endfacet
facet normal -0.97610593 0.2172951 0
    outer loop
        vertex -0.612075 0.17382735 0.236
        vertex -0.612075 0.17382735 0
        vertex -0.6296445 0.09490364 0.236
    endloop
endfacet
facet normal -0.97610593 0.2172951 0
    outer loop
        vertex -0.6296445 0.09490364 0.236
        vertex -0.612075 0.17382735 0
        vertex -0.6296445 0.09490364 0
    endloop
endfacet
facet normal 0.10935485 0.99400282 0
    outer loop
        vertex -0.6296445 0.09490364 0.236
        vertex -0.6296445 0.09490364 0
        vertex -0.6317834 0.09513895 0
    endloop
endfacet
facet normal 0.0250751 0.99968553 0
    outer loop
        vertex -0.6317834 0.09513895 0.236
        vertex -0.6317834 0.09513895 0
        vertex -0.6364879 0.095256954 0.236
    endloop
endfacet
facet normal 0.0250751 0.99968553 0
    outer loop
        vertex -0.6364879 0.095256954 0.236
        vertex -0.6317834 0.09513895 0
        vertex -0.6364879 0.095256954 0
    endloop
endfacet
facet normal 0.00384537 0.99999255 0
    outer loop
        vertex -0.64152354 0.09527632 0
        vertex -0.6364879 0.095256954 0.236
        vertex -0.6364879 0.095256954 0
    endloop
endfacet
facet normal 0.00384537 0.99999255 -0
    outer loop
        vertex -0.64152354 0.09527632 0
        vertex -0.64152354 0.09527632 0.236
        vertex -0.6364879 0.095256954 0.236
    endloop
endfacet
facet normal -0.02148195 0.99976921 0
    outer loop
        vertex -0.64152354 0.09527632 0
        vertex -0.6455628 0.09518953 0
        vertex -0.64152354 0.09527632 0.236
    endloop
endfacet
facet normal -0.02148195 0.99976921 0
    outer loop
        vertex -0.64152354 0.09527632 0.236
        vertex -0.6455628 0.09518953 0
        vertex -0.6455628 0.09518953 0.236
    endloop
endfacet
facet normal -0.0377989 0.9992854 0
    outer loop
        vertex -0.6455628 0.09518953 0.236
        vertex -0.6455628 0.09518953 0
        vertex -0.6510766 0.09498096 0
    endloop
endfacet
facet normal -0.0377989 0.9992854 0
    outer loop
        vertex -0.6510766 0.09498096 0.236
        vertex -0.6455628 0.09518953 0.236
        vertex -0.6510766 0.09498096 0
    endloop
endfacet
facet normal -0.05529836 0.99846983 0
    outer loop
        vertex -0.6545329 0.09478954 0
        vertex -0.6510766 0.09498096 0.236
        vertex -0.6510766 0.09498096 0
    endloop
endfacet
facet normal -0.05529836 0.99846983 0
    outer loop
        vertex -0.6545329 0.09478954 0
        vertex -0.6545329 0.09478954 0.236
        vertex -0.6510766 0.09498096 0.236
    endloop
endfacet
facet normal -0.09655011 0.99532813 0
    outer loop
        vertex -0.6545329 0.09478954 0
        vertex -0.65871876 0.0943835 0
        vertex -0.6545329 0.09478954 0.236
    endloop
endfacet
facet normal -0.09655011 0.99532813 0
    outer loop
        vertex -0.6545329 0.09478954 0.236
        vertex -0.65871876 0.0943835 0
        vertex -0.65871876 0.0943835 0.236
    endloop
endfacet
facet normal -0.15124373 0.98849654 0
    outer loop
        vertex -0.65871876 0.0943835 0.236
        vertex -0.65871876 0.0943835 0
        vertex -0.6639087 0.09358942 0.236
    endloop
endfacet
facet normal -0.15124373 0.98849654 0
    outer loop
        vertex -0.6639087 0.09358942 0.236
        vertex -0.65871876 0.0943835 0
        vertex -0.6639087 0.09358942 0
    endloop
endfacet
facet normal -0.19156869 0.98147923 0
    outer loop
        vertex -0.6669661 0.09299267 0.236
        vertex -0.6639087 0.09358942 0.236
        vertex -0.6639087 0.09358942 0
    endloop
endfacet
facet normal -0.19156869 0.98147923 0
    outer loop
        vertex -0.6669661 0.09299267 0
        vertex -0.6669661 0.09299267 0.236
        vertex -0.6639087 0.09358942 0
    endloop
endfacet
facet normal -0.21712437 0.97614402 0
    outer loop
        vertex -0.6669661 0.09299267 0
        vertex -0.67037743 0.09223388 0.236
        vertex -0.6669661 0.09299267 0.236
    endloop
endfacet
facet normal -0.35449958 0.93505615 0
    outer loop
        vertex -0.70705265 0.08056433 0
        vertex -0.7145318 0.07772883 0
        vertex -0.7145318 0.07772883 0.236
    endloop
endfacet
facet normal -0.35449958 0.93505615 0
    outer loop
        vertex -0.70705265 0.08056433 0.236
        vertex -0.70705265 0.08056433 0
        vertex -0.7145318 0.07772883 0.236
    endloop
endfacet
facet normal -0.34282073 0.93940079 0
    outer loop
        vertex -0.70705265 0.08056433 0.236
        vertex -0.70020205 0.083064355 0
        vertex -0.70705265 0.08056433 0
    endloop
endfacet
facet normal -0.34282073 0.93940079 0
    outer loop
        vertex -0.70705265 0.08056433 0.236
        vertex -0.70020205 0.083064355 0.236
        vertex -0.70020205 0.083064355 0
    endloop
endfacet
facet normal -0.3298901 0.94401938 0
    outer loop
        vertex -0.70020205 0.083064355 0
        vertex -0.70020205 0.083064355 0.236
        vertex -0.6939458 0.08525061 0
    endloop
endfacet
facet normal -0.3298901 0.94401938 0
    outer loop
        vertex -0.6939458 0.08525061 0
        vertex -0.70020205 0.083064355 0.236
        vertex -0.6939458 0.08525061 0.236
    endloop
endfacet
facet normal -0.31553623 0.94891351 0
    outer loop
        vertex -0.6882495 0.08714476 0
        vertex -0.6939458 0.08525061 0
        vertex -0.6939458 0.08525061 0.236
    endloop
endfacet
facet normal -0.31553623 0.94891351 0
    outer loop
        vertex -0.6882495 0.08714476 0.236
        vertex -0.6882495 0.08714476 0
        vertex -0.6939458 0.08525061 0.236
    endloop
endfacet
facet normal -0.29959977 0.95406491 0
    outer loop
        vertex -0.6882495 0.08714476 0.236
        vertex -0.6830788 0.08876849 0
        vertex -0.6882495 0.08714476 0
    endloop
endfacet
facet normal -0.29959977 0.95406491 0
    outer loop
        vertex -0.6882495 0.08714476 0.236
        vertex -0.6830788 0.08876849 0.236
        vertex -0.6830788 0.08876849 0
    endloop
endfacet
facet normal -0.28192165 0.95943737 0
    outer loop
        vertex -0.6830788 0.08876849 0
        vertex -0.6830788 0.08876849 0.236
        vertex -0.6783995 0.090143465 0
    endloop
endfacet
facet normal -0.28192165 0.95943737 0
    outer loop
        vertex -0.6783995 0.090143465 0
        vertex -0.6830788 0.08876849 0.236
        vertex -0.6783995 0.090143465 0.236
    endloop
endfacet
facet normal -0.26234263 0.96497482 0
    outer loop
        vertex -0.67417717 0.09129137 0
        vertex -0.6783995 0.090143465 0
        vertex -0.6783995 0.090143465 0.236
    endloop
endfacet
facet normal -0.26234263 0.96497482 0
    outer loop
        vertex -0.67417717 0.09129137 0.236
        vertex -0.67417717 0.09129137 0
        vertex -0.6783995 0.090143465 0.236
    endloop
endfacet
facet normal -0.24075119 0.9705869 0
    outer loop
        vertex -0.67417717 0.09129137 0.236
        vertex -0.67037743 0.09223388 0
        vertex -0.67417717 0.09129137 0
    endloop
endfacet
facet normal -0.24075119 0.9705869 0
    outer loop
        vertex -0.67417717 0.09129137 0.236
        vertex -0.67037743 0.09223388 0.236
        vertex -0.67037743 0.09223388 0
    endloop
endfacet
facet normal -0.21712437 0.97614402 0
    outer loop
        vertex -0.67037743 0.09223388 0
        vertex -0.67037743 0.09223388 0.236
        vertex -0.6669661 0.09299267 0
    endloop
endfacet
facet normal 0.10935485 0.99400282 -0
    outer loop
        vertex -0.6317834 0.09513895 0
        vertex -0.6317834 0.09513895 0.236
        vertex -0.6296445 0.09490364 0.236
    endloop
endfacet
facet normal -0.99804544 0.06249303 0
    outer loop
        vertex -0.7145318 0.07772883 0.236
        vertex -0.7145318 0.07772883 0
        vertex -0.71865076 0.011946645 0.236
    endloop
endfacet
facet normal -0.99804544 0.06249303 0
    outer loop
        vertex -0.71865076 0.011946645 0.236
        vertex -0.7145318 0.07772883 0
        vertex -0.71865076 0.011946645 0
    endloop
endfacet
facet normal -0.45865694 -0.8886134 -0
    outer loop
        vertex -0.71865076 0.011946645 0.236
        vertex -0.71865076 0.011946645 0
        vertex -0.7120431 0.008536112 0
    endloop
endfacet
facet normal -0.45865694 -0.8886134 -0
    outer loop
        vertex -0.7120431 0.008536112 0.236
        vertex -0.71865076 0.011946645 0.236
        vertex -0.7120431 0.008536112 0
    endloop
endfacet
facet normal -0.45590597 -0.89002788 0
    outer loop
        vertex -0.70598626 0.0054335664 0
        vertex -0.7120431 0.008536112 0.236
        vertex -0.7120431 0.008536112 0
    endloop
endfacet
facet normal -0.45590597 -0.89002788 0
    outer loop
        vertex -0.70598626 0.0054335664 0
        vertex -0.70598626 0.0054335664 0.236
        vertex -0.7120431 0.008536112 0.236
    endloop
endfacet
facet normal -0.44338006 -0.89633363 0
    outer loop
        vertex -0.70598626 0.0054335664 0
        vertex -0.6982789 0.0016210478 0
        vertex -0.70598626 0.0054335664 0.236
    endloop
endfacet
facet normal -0.44338006 -0.89633363 0
    outer loop
        vertex -0.70598626 0.0054335664 0.236
        vertex -0.6982789 0.0016210478 0
        vertex -0.6982789 0.0016210478 0.236
    endloop
endfacet
facet normal -0.42783025 -0.90385914 -0
    outer loop
        vertex -0.6982789 0.0016210478 0.236
        vertex -0.6982789 0.0016210478 0
        vertex -0.6940648 -0.0003736466 0
    endloop
endfacet
facet normal -0.42783025 -0.90385914 -0
    outer loop
        vertex -0.6940648 -0.0003736466 0.236
        vertex -0.6982789 0.0016210478 0.236
        vertex -0.6940648 -0.0003736466 0
    endloop
endfacet
facet normal -0.4132244 -0.91062927 -0
    outer loop
        vertex -0.6897481 -0.0023324685 0.236
        vertex -0.6940648 -0.0003736466 0
        vertex -0.6897481 -0.0023324685 0
    endloop
endfacet
facet normal -0.39432913 -0.91896927 0
    outer loop
        vertex -0.6854325 -0.004184296 0.236
        vertex -0.6897481 -0.0023324685 0.236
        vertex -0.6897481 -0.0023324685 0
    endloop
endfacet
facet normal -0.39432913 -0.91896927 0
    outer loop
        vertex -0.6854325 -0.004184296 0
        vertex -0.6854325 -0.004184296 0.236
        vertex -0.6897481 -0.0023324685 0
    endloop
endfacet
facet normal -0.36933753 -0.92929542 0
    outer loop
        vertex -0.6854325 -0.004184296 0
        vertex -0.68122125 -0.0058580064 0.236
        vertex -0.6854325 -0.004184296 0.236
    endloop
endfacet
facet normal -0.36933753 -0.92929542 0
    outer loop
        vertex -0.6854325 -0.004184296 0
        vertex -0.68122125 -0.0058580064 0
        vertex -0.68122125 -0.0058580064 0.236
    endloop
endfacet
facet normal -0.3373014 -0.94139671 -0
    outer loop
        vertex -0.68122125 -0.0058580064 0.236
        vertex -0.68122125 -0.0058580064 0
        vertex -0.6772012 -0.0072983806 0.236
    endloop
endfacet
facet normal -0.30407146 -0.95264924 -0
    outer loop
        vertex -0.6772012 -0.0072983806 0.236
        vertex -0.6772012 -0.0072983806 0
        vertex -0.6733933 -0.008513806 0.236
    endloop
endfacet
facet normal -0.27188653 -0.96232927 0
    outer loop
        vertex -0.6733933 -0.008513806 0
        vertex -0.6698016 -0.009528573 0
        vertex -0.6698016 -0.009528573 0.236
    endloop
endfacet
facet normal -0.1880497 -0.9821595 0
    outer loop
        vertex -0.6603673 -0.011611813 0.236
        vertex -0.6632844 -0.0110532865 0.236
        vertex -0.6632844 -0.0110532865 0
    endloop
endfacet
facet normal -0.13111714 -0.99136692 0
    outer loop
        vertex -0.6552378 -0.012442657 0
        vertex -0.6476939 -0.013440408 0
        vertex -0.6476939 -0.013440408 0.236
    endloop
endfacet
facet normal -0.00179552 -0.99999833 0
    outer loop
        vertex -0.6381198 -0.014303979 0.236
        vertex -0.6361187 -0.0143075725 0
        vertex -0.6361187 -0.0143075725 0.236
    endloop
endfacet
facet normal -0.00179552 -0.99999833 -0
    outer loop
        vertex -0.6381198 -0.014303979 0.236
        vertex -0.6381198 -0.014303979 0
        vertex -0.6361187 -0.0143075725 0
    endloop
endfacet
facet normal -0.07933795 -0.99684775 -0
    outer loop
        vertex -0.6381198 -0.014303979 0.236
        vertex -0.6429602 -0.01391874 0.236
        vertex -0.6381198 -0.014303979 0
    endloop
endfacet
facet normal -0.07933795 -0.99684775 0
    outer loop
        vertex -0.6381198 -0.014303979 0
        vertex -0.6429602 -0.01391874 0.236
        vertex -0.6429602 -0.01391874 0
    endloop
endfacet
facet normal -0.10053663 -0.99493343 0
    outer loop
        vertex -0.6429602 -0.01391874 0
        vertex -0.6429602 -0.01391874 0.236
        vertex -0.6476939 -0.013440408 0
    endloop
endfacet
facet normal -0.10053663 -0.99493343 0
    outer loop
        vertex -0.6476939 -0.013440408 0
        vertex -0.6429602 -0.01391874 0.236
        vertex -0.6476939 -0.013440408 0.236
    endloop
endfacet
facet normal -0.13111714 -0.99136692 0
    outer loop
        vertex -0.6552378 -0.012442657 0
        vertex -0.6476939 -0.013440408 0.236
        vertex -0.6552378 -0.012442657 0.236
    endloop
endfacet
facet normal -0.1598894 -0.98713499 0
    outer loop
        vertex -0.6603673 -0.011611813 0
        vertex -0.6552378 -0.012442657 0
        vertex -0.6552378 -0.012442657 0.236
    endloop
endfacet
facet normal -0.1598894 -0.98713499 -0
    outer loop
        vertex -0.6603673 -0.011611813 0.236
        vertex -0.6603673 -0.011611813 0
        vertex -0.6552378 -0.012442657 0.236
    endloop
endfacet
facet normal -0.1880497 -0.9821595 -0
    outer loop
        vertex -0.6603673 -0.011611813 0.236
        vertex -0.6632844 -0.0110532865 0
        vertex -0.6603673 -0.011611813 0
    endloop
endfacet
facet normal -0.21313159 -0.97702354 -0
    outer loop
        vertex -0.6632844 -0.0110532865 0.236
        vertex -0.6664306 -0.010366969 0
        vertex -0.6632844 -0.0110532865 0
    endloop
endfacet
facet normal -0.21313159 -0.97702354 0
    outer loop
        vertex -0.6632844 -0.0110532865 0.236
        vertex -0.6664306 -0.010366969 0.236
        vertex -0.6664306 -0.010366969 0
    endloop
endfacet
facet normal -0.24135578 -0.97043669 0
    outer loop
        vertex -0.6664306 -0.010366969 0
        vertex -0.6664306 -0.010366969 0.236
        vertex -0.6698016 -0.009528573 0
    endloop
endfacet
facet normal -0.24135578 -0.97043669 0
    outer loop
        vertex -0.6698016 -0.009528573 0
        vertex -0.6664306 -0.010366969 0.236
        vertex -0.6698016 -0.009528573 0.236
    endloop
endfacet
facet normal -0.27188653 -0.96232927 0
    outer loop
        vertex -0.6733933 -0.008513806 0
        vertex -0.6698016 -0.009528573 0.236
        vertex -0.6733933 -0.008513806 0.236
    endloop
endfacet
facet normal -0.30407146 -0.95264924 0
    outer loop
        vertex -0.6772012 -0.0072983806 0
        vertex -0.6733933 -0.008513806 0
        vertex -0.6733933 -0.008513806 0.236
    endloop
endfacet
facet normal -0.3373014 -0.94139671 0
    outer loop
        vertex -0.68122125 -0.0058580064 0
        vertex -0.6772012 -0.0072983806 0
        vertex -0.6772012 -0.0072983806 0.236
    endloop
endfacet
facet normal -0.4132244 -0.91062927 0
    outer loop
        vertex -0.6940648 -0.0003736466 0
        vertex -0.6897481 -0.0023324685 0.236
        vertex -0.6940648 -0.0003736466 0.236
    endloop
endfacet
facet normal -0.9967891 -0.08007102 -0
    outer loop
        vertex -0.6361187 -0.0143075725 0.236
        vertex -0.6361187 -0.0143075725 0
        vertex -0.6296445 -0.09490364 0.236
    endloop
endfacet
facet normal -0.9967891 -0.08007102 -0
    outer loop
        vertex -0.6296445 -0.09490364 0.236
        vertex -0.6361187 -0.0143075725 0
        vertex -0.6296445 -0.09490364 0
    endloop
endfacet
facet normal -0.18849471 0.98207414 0
    outer loop
        vertex -0.6296445 -0.09490364 0.236
        vertex -0.6296445 -0.09490364 0
        vertex -0.63175774 -0.09530924 0
    endloop
endfacet
facet normal -0.2707012 0.96266341 0
    outer loop
        vertex -0.63175774 -0.09530924 0.236
        vertex -0.63175774 -0.09530924 0
        vertex -0.636288 -0.09658315 0.236
    endloop
endfacet
facet normal -0.2707012 0.96266341 0
    outer loop
        vertex -0.636288 -0.09658315 0.236
        vertex -0.63175774 -0.09530924 0
        vertex -0.636288 -0.09658315 0
    endloop
endfacet
facet normal -0.29107803 0.95669931 0
    outer loop
        vertex -0.6411056 -0.09804892 0
        vertex -0.636288 -0.09658315 0.236
        vertex -0.636288 -0.09658315 0
    endloop
endfacet
facet normal -0.29107803 0.95669931 0
    outer loop
        vertex -0.6411056 -0.09804892 0
        vertex -0.6411056 -0.09804892 0.236
        vertex -0.636288 -0.09658315 0.236
    endloop
endfacet
facet normal -0.3152146 0.94902045 0
    outer loop
        vertex -0.6411056 -0.09804892 0
        vertex -0.64493984 -0.09932245 0
        vertex -0.6411056 -0.09804892 0.236
    endloop
endfacet
facet normal -0.3152146 0.94902045 0
    outer loop
        vertex -0.6411056 -0.09804892 0.236
        vertex -0.64493984 -0.09932245 0
        vertex -0.64493984 -0.09932245 0.236
    endloop
endfacet
facet normal -0.33066097 0.94374955 0
    outer loop
        vertex -0.64493984 -0.09932245 0.236
        vertex -0.64493984 -0.09932245 0
        vertex -0.65014726 -0.10114697 0
    endloop
endfacet
facet normal -0.33066097 0.94374955 0
    outer loop
        vertex -0.65014726 -0.10114697 0.236
        vertex -0.64493984 -0.09932245 0.236
        vertex -0.65014726 -0.10114697 0
    endloop
endfacet
facet normal -0.34714624 0.93781102 0
    outer loop
        vertex -0.65339357 -0.10234865 0
        vertex -0.65014726 -0.10114697 0.236
        vertex -0.65014726 -0.10114697 0
    endloop
endfacet
facet normal -0.34714624 0.93781102 0
    outer loop
        vertex -0.65339357 -0.10234865 0
        vertex -0.65339357 -0.10234865 0.236
        vertex -0.65014726 -0.10114697 0.236
    endloop
endfacet
facet normal -0.38563913 0.92264968 0
    outer loop
        vertex -0.65339357 -0.10234865 0
        vertex -0.65727377 -0.10397045 0
        vertex -0.65339357 -0.10234865 0.236
    endloop
endfacet
facet normal -0.38563913 0.92264968 0
    outer loop
        vertex -0.65339357 -0.10234865 0.236
        vertex -0.65727377 -0.10397045 0
        vertex -0.65727377 -0.10397045 0.236
    endloop
endfacet
facet normal -0.43588796 0.90000099 0
    outer loop
        vertex -0.65727377 -0.10397045 0.236
        vertex -0.65727377 -0.10397045 0
        vertex -0.6619991 -0.106259026 0.236
    endloop
endfacet
facet normal -0.43588796 0.90000099 0
    outer loop
        vertex -0.6619991 -0.106259026 0.236
        vertex -0.65727377 -0.10397045 0
        vertex -0.6619991 -0.106259026 0
    endloop
endfacet
facet normal -0.47236291 0.88140416 0
    outer loop
        vertex -0.6647447 -0.10773043 0.236
        vertex -0.6619991 -0.106259026 0.236
        vertex -0.6619991 -0.106259026 0
    endloop
endfacet
facet normal -0.47236291 0.88140416 0
    outer loop
        vertex -0.6647447 -0.10773043 0
        vertex -0.6647447 -0.10773043 0.236
        vertex -0.6619991 -0.106259026 0
    endloop
endfacet
facet normal -0.49519685 0.86878079 0
    outer loop
        vertex -0.6647447 -0.10773043 0
        vertex -0.6677809 -0.10946104 0.236
        vertex -0.6647447 -0.10773043 0.236
    endloop
endfacet
facet normal -0.61436343 0.78902316 0
    outer loop
        vertex -0.699387 -0.13142234 0
        vertex -0.7056981 -0.13633637 0
        vertex -0.7056981 -0.13633637 0.236
    endloop
endfacet
facet normal -0.61436343 0.78902316 0
    outer loop
        vertex -0.699387 -0.13142234 0.236
        vertex -0.699387 -0.13142234 0
        vertex -0.7056981 -0.13633637 0.236
    endloop
endfacet
facet normal -0.60448521 0.79661632 0
    outer loop
        vertex -0.699387 -0.13142234 0.236
        vertex -0.6935777 -0.12701415 0
        vertex -0.699387 -0.13142234 0
    endloop
endfacet
facet normal -0.60448521 0.79661632 0
    outer loop
        vertex -0.699387 -0.13142234 0.236
        vertex -0.6935777 -0.12701415 0.236
        vertex -0.6935777 -0.12701415 0
    endloop
endfacet
facet normal -0.59348738 0.80484325 0
    outer loop
        vertex -0.6935777 -0.12701415 0
        vertex -0.6935777 -0.12701415 0.236
        vertex -0.6882438 -0.123080954 0
    endloop
endfacet
facet normal -0.59348738 0.80484325 0
    outer loop
        vertex -0.6882438 -0.123080954 0
        vertex -0.6935777 -0.12701415 0.236
        vertex -0.6882438 -0.123080954 0.236
    endloop
endfacet
facet normal -0.58121657 0.8137489 0
    outer loop
        vertex -0.6833589 -0.11959194 0
        vertex -0.6882438 -0.123080954 0
        vertex -0.6882438 -0.123080954 0.236
    endloop
endfacet
facet normal -0.58121657 0.8137489 0
    outer loop
        vertex -0.6833589 -0.11959194 0.236
        vertex -0.6833589 -0.11959194 0
        vertex -0.6882438 -0.123080954 0.236
    endloop
endfacet
facet normal -0.56750482 0.82337004 0
    outer loop
        vertex -0.6833589 -0.11959194 0.236
        vertex -0.67889655 -0.11651627 0
        vertex -0.6833589 -0.11959194 0
    endloop
endfacet
facet normal -0.56750482 0.82337004 0
    outer loop
        vertex -0.6833589 -0.11959194 0.236
        vertex -0.67889655 -0.11651627 0.236
        vertex -0.67889655 -0.11651627 0
    endloop
endfacet
facet normal -0.55219573 0.83371449 0
    outer loop
        vertex -0.67889655 -0.11651627 0
        vertex -0.67889655 -0.11651627 0.236
        vertex -0.6748304 -0.113823116 0
    endloop
endfacet
facet normal -0.55219573 0.83371449 0
    outer loop
        vertex -0.6748304 -0.113823116 0
        vertex -0.67889655 -0.11651627 0.236
        vertex -0.6748304 -0.113823116 0.236
    endloop
endfacet
facet normal -0.53511477 0.84477937 0
    outer loop
        vertex -0.67113394 -0.11148165 0
        vertex -0.6748304 -0.113823116 0
        vertex -0.6748304 -0.113823116 0.236
    endloop
endfacet
facet normal -0.53511477 0.84477937 0
    outer loop
        vertex -0.67113394 -0.11148165 0.236
        vertex -0.67113394 -0.11148165 0
        vertex -0.6748304 -0.113823116 0.236
    endloop
endfacet
facet normal -0.51614332 0.85650229 0
    outer loop
        vertex -0.67113394 -0.11148165 0.236
        vertex -0.6677809 -0.10946104 0
        vertex -0.67113394 -0.11148165 0
    endloop
endfacet
facet normal -0.51614332 0.85650229 0
    outer loop
        vertex -0.67113394 -0.11148165 0.236
        vertex -0.6677809 -0.10946104 0.236
        vertex -0.6677809 -0.10946104 0
    endloop
endfacet
facet normal -0.49519685 0.86878079 0
    outer loop
        vertex -0.6677809 -0.10946104 0
        vertex -0.6677809 -0.10946104 0.236
        vertex -0.6647447 -0.10773043 0
    endloop
endfacet
facet normal -0.18849471 0.98207414 0
    outer loop
        vertex -0.63175774 -0.09530924 0
        vertex -0.63175774 -0.09530924 0.236
        vertex -0.6296445 -0.09490364 0.236
    endloop
endfacet
facet normal -0.97212505 -0.23446299 -0
    outer loop
        vertex -0.7056981 -0.13633637 0.236
        vertex -0.7056981 -0.13633637 0
        vertex -0.6902444 -0.20041013 0.236
    endloop
endfacet
facet normal -0.97212505 -0.23446299 -0
    outer loop
        vertex -0.6902444 -0.20041013 0.236
        vertex -0.7056981 -0.13633637 0
        vertex -0.6902444 -0.20041013 0
    endloop
endfacet
facet normal -0.17635795 -0.98432612 -0
    outer loop
        vertex -0.6902444 -0.20041013 0.236
        vertex -0.6902444 -0.20041013 0
        vertex -0.68292505 -0.2017215 0
    endloop
endfacet
facet normal -0.17635795 -0.98432612 -0
    outer loop
        vertex -0.68292505 -0.2017215 0.236
        vertex -0.6902444 -0.20041013 0.236
        vertex -0.68292505 -0.2017215 0
    endloop
endfacet
facet normal -0.17331913 -0.98486573 0
    outer loop
        vertex -0.6762229 -0.20290096 0
        vertex -0.68292505 -0.2017215 0.236
        vertex -0.68292505 -0.2017215 0
    endloop
endfacet
facet normal -0.17331913 -0.98486573 0
    outer loop
        vertex -0.6762229 -0.20290096 0
        vertex -0.6762229 -0.20290096 0.236
        vertex -0.68292505 -0.2017215 0.236
    endloop
endfacet
facet normal -0.15947974 -0.98720127 0
    outer loop
        vertex -0.6762229 -0.20290096 0
        vertex -0.66773415 -0.2042723 0
        vertex -0.6762229 -0.20290096 0.236
    endloop
endfacet
facet normal -0.15947974 -0.98720127 0
    outer loop
        vertex -0.6762229 -0.20290096 0.236
        vertex -0.66773415 -0.2042723 0
        vertex -0.66773415 -0.2042723 0.236
    endloop
endfacet
facet normal -0.14240207 -0.98980886 -0
    outer loop
        vertex -0.66773415 -0.2042723 0.236
        vertex -0.66773415 -0.2042723 0
        vertex -0.66311926 -0.20493624 0
    endloop
endfacet
facet normal -0.14240207 -0.98980886 -0
    outer loop
        vertex -0.66311926 -0.20493624 0.236
        vertex -0.66773415 -0.2042723 0.236
        vertex -0.66311926 -0.20493624 0
    endloop
endfacet
facet normal -0.12645787 -0.99197197 -0
    outer loop
        vertex -0.65841705 -0.20553568 0.236
        vertex -0.66311926 -0.20493624 0
        vertex -0.65841705 -0.20553568 0
    endloop
endfacet
facet normal -0.10593572 -0.99437296 0
    outer loop
        vertex -0.6537473 -0.20603317 0.236
        vertex -0.65841705 -0.20553568 0.236
        vertex -0.65841705 -0.20553568 0
    endloop
endfacet
facet normal -0.10593572 -0.99437296 0
    outer loop
        vertex -0.6537473 -0.20603317 0
        vertex -0.6537473 -0.20603317 0.236
        vertex -0.65841705 -0.20553568 0
    endloop
endfacet
facet normal -0.0790162 -0.99687332 0
    outer loop
        vertex -0.6537473 -0.20603317 0
        vertex -0.6492298 -0.20639125 0.236
        vertex -0.6537473 -0.20603317 0.236
    endloop
endfacet
facet normal -0.0790162 -0.99687332 0
    outer loop
        vertex -0.6537473 -0.20603317 0
        vertex -0.6492298 -0.20639125 0
        vertex -0.6492298 -0.20639125 0.236
    endloop
endfacet
facet normal -0.04483687 -0.99899429 -0
    outer loop
        vertex -0.6492298 -0.20639125 0.236
        vertex -0.6492298 -0.20639125 0
        vertex -0.64496386 -0.20658271 0.236
    endloop
endfacet
facet normal -0.00975572 -0.99995244 -0
    outer loop
        vertex -0.64496386 -0.20658271 0.236
        vertex -0.64496386 -0.20658271 0
        vertex -0.6409668 -0.2066217 0.236
    endloop
endfacet
facet normal 0.02383983 -0.99971575 0
    outer loop
        vertex -0.6409668 -0.2066217 0
        vertex -0.63723564 -0.20653273 0
        vertex -0.63723564 -0.20653273 0.236
    endloop
endfacet
facet normal 0.10979493 -0.99395424 0
    outer loop
        vertex -0.6276064 -0.20574263 0.236
        vertex -0.6305585 -0.20606872 0.236
        vertex -0.6305585 -0.20606872 0
    endloop
endfacet
facet normal 0.16691722 -0.98597091 0
    outer loop
        vertex -0.6224598 -0.20502459 0
        vertex -0.614957 -0.20375441 0
        vertex -0.614957 -0.20375441 0.236
    endloop
endfacet
facet normal 0.29304174 -0.95609963 0
    outer loop
        vertex -0.6055537 -0.2017576 0.236
        vertex -0.60364044 -0.20117119 0
        vertex -0.60364044 -0.20117119 0.236
    endloop
endfacet
facet normal 0.29304174 -0.95609963 0
    outer loop
        vertex -0.6055537 -0.2017576 0.236
        vertex -0.6055537 -0.2017576 0
        vertex -0.60364044 -0.20117119 0
    endloop
endfacet
facet normal 0.21801235 -0.97594601 0
    outer loop
        vertex -0.6055537 -0.2017576 0.236
        vertex -0.6102926 -0.2028162 0.236
        vertex -0.6055537 -0.2017576 0
    endloop
endfacet
facet normal 0.21801235 -0.97594601 0
    outer loop
        vertex -0.6055537 -0.2017576 0
        vertex -0.6102926 -0.2028162 0.236
        vertex -0.6102926 -0.2028162 0
    endloop
endfacet
facet normal 0.19719413 -0.98036438 0
    outer loop
        vertex -0.6102926 -0.2028162 0
        vertex -0.6102926 -0.2028162 0.236
        vertex -0.614957 -0.20375441 0
    endloop
endfacet
facet normal 0.19719413 -0.98036438 0
    outer loop
        vertex -0.614957 -0.20375441 0
        vertex -0.6102926 -0.2028162 0.236
        vertex -0.614957 -0.20375441 0.236
    endloop
endfacet
facet normal 0.16691722 -0.98597091 0
    outer loop
        vertex -0.6224598 -0.20502459 0
        vertex -0.614957 -0.20375441 0.236
        vertex -0.6224598 -0.20502459 0.236
    endloop
endfacet
facet normal 0.13818039 -0.99040699 0
    outer loop
        vertex -0.6276064 -0.20574263 0
        vertex -0.6224598 -0.20502459 0
        vertex -0.6224598 -0.20502459 0.236
    endloop
endfacet
facet normal 0.13818039 -0.99040699 0
    outer loop
        vertex -0.6276064 -0.20574263 0.236
        vertex -0.6276064 -0.20574263 0
        vertex -0.6224598 -0.20502459 0.236
    endloop
endfacet
facet normal 0.10979493 -0.99395424 0
    outer loop
        vertex -0.6276064 -0.20574263 0.236
        vertex -0.6305585 -0.20606872 0
        vertex -0.6276064 -0.20574263 0
    endloop
endfacet
facet normal 0.08432144 -0.99643856 0
    outer loop
        vertex -0.6305585 -0.20606872 0.236
        vertex -0.6337672 -0.20634025 0
        vertex -0.6305585 -0.20606872 0
    endloop
endfacet
facet normal 0.08432144 -0.99643856 0
    outer loop
        vertex -0.6305585 -0.20606872 0.236
        vertex -0.6337672 -0.20634025 0.236
        vertex -0.6337672 -0.20634025 0
    endloop
endfacet
facet normal 0.05540873 -0.99846381 0
    outer loop
        vertex -0.6337672 -0.20634025 0
        vertex -0.6337672 -0.20634025 0.236
        vertex -0.63723564 -0.20653273 0
    endloop
endfacet
facet normal 0.05540873 -0.99846381 0
    outer loop
        vertex -0.63723564 -0.20653273 0
        vertex -0.6337672 -0.20634025 0.236
        vertex -0.63723564 -0.20653273 0.236
    endloop
endfacet
facet normal 0.02383983 -0.99971575 0
    outer loop
        vertex -0.6409668 -0.2066217 0
        vertex -0.63723564 -0.20653273 0.236
        vertex -0.6409668 -0.2066217 0.236
    endloop
endfacet
facet normal -0.00975572 -0.99995244 0
    outer loop
        vertex -0.64496386 -0.20658271 0
        vertex -0.6409668 -0.2066217 0
        vertex -0.6409668 -0.2066217 0.236
    endloop
endfacet
facet normal -0.04483687 -0.99899429 0
    outer loop
        vertex -0.6492298 -0.20639125 0
        vertex -0.64496386 -0.20658271 0
        vertex -0.64496386 -0.20658271 0.236
    endloop
endfacet
facet normal -0.12645787 -0.99197197 0
    outer loop
        vertex -0.66311926 -0.20493624 0
        vertex -0.65841705 -0.20553568 0.236
        vertex -0.66311926 -0.20493624 0.236
    endloop
endfacet
facet normal -0.9289037 -0.37032127 -0
    outer loop
        vertex -0.60364044 -0.20117119 0.236
        vertex -0.60364044 -0.20117119 0
        vertex -0.57369787 -0.27627832 0.236
    endloop
endfacet
facet normal -0.9289037 -0.37032127 -0
    outer loop
        vertex -0.57369787 -0.27627832 0.236
        vertex -0.60364044 -0.20117119 0
        vertex -0.57369787 -0.27627832 0
    endloop
endfacet
facet normal -0.46959734 0.88288069 0
    outer loop
        vertex -0.57369787 -0.27627832 0.236
        vertex -0.57369787 -0.27627832 0
        vertex -0.57559764 -0.2772888 0
    endloop
endfacet
facet normal -0.54241836 0.84010845 0
    outer loop
        vertex -0.57559764 -0.2772888 0.236
        vertex -0.57559764 -0.2772888 0
        vertex -0.57955116 -0.2798414 0.236
    endloop
endfacet
facet normal -0.54241836 0.84010845 0
    outer loop
        vertex -0.57955116 -0.2798414 0.236
        vertex -0.57559764 -0.2772888 0
        vertex -0.57955116 -0.2798414 0
    endloop
endfacet
facet normal -0.56014717 0.8283931 0
    outer loop
        vertex -0.58372265 -0.2826621 0
        vertex -0.57955116 -0.2798414 0.236
        vertex -0.57955116 -0.2798414 0
    endloop
endfacet
facet normal -0.56014717 0.8283931 0
    outer loop
        vertex -0.58372265 -0.2826621 0
        vertex -0.58372265 -0.2826621 0.236
        vertex -0.57955116 -0.2798414 0.236
    endloop
endfacet
facet normal -0.58093256 0.81395179 0
    outer loop
        vertex -0.58372265 -0.2826621 0
        vertex -0.5870112 -0.2850092 0
        vertex -0.58372265 -0.2826621 0.236
    endloop
endfacet
facet normal -0.58093256 0.81395179 0
    outer loop
        vertex -0.58372265 -0.2826621 0.236
        vertex -0.5870112 -0.2850092 0
        vertex -0.5870112 -0.2850092 0.236
    endloop
endfacet
facet normal -0.59415078 0.80435371 0
    outer loop
        vertex -0.5870112 -0.2850092 0.236
        vertex -0.5870112 -0.2850092 0
        vertex -0.59144944 -0.28828758 0
    endloop
endfacet
facet normal -0.59415078 0.80435371 0
    outer loop
        vertex -0.59144944 -0.28828758 0.236
        vertex -0.5870112 -0.2850092 0.236
        vertex -0.59144944 -0.28828758 0
    endloop
endfacet
facet normal -0.60814553 0.79382551 0
    outer loop
        vertex -0.59419733 -0.29039273 0
        vertex -0.59144944 -0.28828758 0.236
        vertex -0.59144944 -0.28828758 0
    endloop
endfacet
facet normal -0.60814553 0.79382551 0
    outer loop
        vertex -0.59419733 -0.29039273 0
        vertex -0.59419733 -0.29039273 0.236
        vertex -0.59144944 -0.28828758 0.236
    endloop
endfacet
facet normal -0.64045763 0.76799357 0
    outer loop
        vertex -0.59419733 -0.29039273 0
        vertex -0.5974271 -0.29308617 0
        vertex -0.59419733 -0.29039273 0.236
    endloop
endfacet
facet normal -0.64045763 0.76799357 0
    outer loop
        vertex -0.59419733 -0.29039273 0.236
        vertex -0.5974271 -0.29308617 0
        vertex -0.5974271 -0.29308617 0.236
    endloop
endfacet
facet normal -0.68180764 0.7315315 0
    outer loop
        vertex -0.5974271 -0.29308617 0.236
        vertex -0.5974271 -0.29308617 0
        vertex -0.60126793 -0.2966659 0.236
    endloop
endfacet
facet normal -0.68180764 0.7315315 0
    outer loop
        vertex -0.60126793 -0.2966659 0.236
        vertex -0.5974271 -0.29308617 0
        vertex -0.60126793 -0.2966659 0
    endloop
endfacet
facet normal -0.71116596 0.70302421 0
    outer loop
        vertex -0.60345787 -0.2988812 0.236
        vertex -0.60126793 -0.2966659 0.236
        vertex -0.60126793 -0.2966659 0
    endloop
endfacet
facet normal -0.71116596 0.70302421 0
    outer loop
        vertex -0.60345787 -0.2988812 0
        vertex -0.60345787 -0.2988812 0.236
        vertex -0.60126793 -0.2966659 0
    endloop
endfacet
facet normal -0.72927809 0.68421739 0
    outer loop
        vertex -0.60345787 -0.2988812 0
        vertex -0.605849 -0.30142984 0.236
        vertex -0.60345787 -0.2988812 0.236
    endloop
endfacet
facet normal -0.81963897 0.57288027 0
    outer loop
        vertex -0.6295778 -0.33173156 0
        vertex -0.63416004 -0.3382875 0
        vertex -0.63416004 -0.3382875 0.236
    endloop
endfacet
facet normal -0.81963897 0.57288027 0
    outer loop
        vertex -0.6295778 -0.33173156 0.236
        vertex -0.6295778 -0.33173156 0
        vertex -0.63416004 -0.3382875 0.236
    endloop
endfacet
facet normal -0.81243497 0.58305174 0
    outer loop
        vertex -0.6295778 -0.33173156 0.236
        vertex -0.6253259 -0.3258069 0
        vertex -0.6295778 -0.33173156 0
    endloop
endfacet
facet normal -0.81243497 0.58305174 0
    outer loop
        vertex -0.6295778 -0.33173156 0.236
        vertex -0.6253259 -0.3258069 0.236
        vertex -0.6253259 -0.3258069 0
    endloop
endfacet
facet normal -0.80435252 0.59415245 0
    outer loop
        vertex -0.6253259 -0.3258069 0
        vertex -0.6253259 -0.3258069 0.236
        vertex -0.6213883 -0.32047623 0
    endloop
endfacet
facet normal -0.80435252 0.59415245 0
    outer loop
        vertex -0.6213883 -0.32047623 0
        vertex -0.6253259 -0.3258069 0.236
        vertex -0.6213883 -0.32047623 0.236
    endloop
endfacet
facet normal -0.79525208 0.6062789 0
    outer loop
        vertex -0.61774886 -0.31570238 0
        vertex -0.6213883 -0.32047623 0
        vertex -0.6213883 -0.32047623 0.236
    endloop
endfacet
facet normal -0.79525208 0.6062789 0
    outer loop
        vertex -0.61774886 -0.31570238 0.236
        vertex -0.61774886 -0.31570238 0
        vertex -0.6213883 -0.32047623 0.236
    endloop
endfacet
facet normal -0.78498489 0.61951512 0
    outer loop
        vertex -0.61774886 -0.31570238 0.236
        vertex -0.6143913 -0.31144807 0
        vertex -0.61774886 -0.31570238 0
    endloop
endfacet
facet normal -0.78498489 0.61951512 0
    outer loop
        vertex -0.61774886 -0.31570238 0.236
        vertex -0.6143913 -0.31144807 0.236
        vertex -0.6143913 -0.31144807 0
    endloop
endfacet
facet normal -0.7734074 0.6339094 0
    outer loop
        vertex -0.6143913 -0.31144807 0
        vertex -0.6143913 -0.31144807 0.236
        vertex -0.61129963 -0.30767602 0
    endloop
endfacet
facet normal -0.7734074 0.6339094 0
    outer loop
        vertex -0.61129963 -0.30767602 0
        vertex -0.6143913 -0.31144807 0.236
        vertex -0.61129963 -0.30767602 0.236
    endloop
endfacet
facet normal -0.76034307 0.64952171 0
    outer loop
        vertex -0.60845757 -0.30434904 0
        vertex -0.61129963 -0.30767602 0
        vertex -0.61129963 -0.30767602 0.236
    endloop
endfacet
facet normal -0.76034307 0.64952171 0
    outer loop
        vertex -0.60845757 -0.30434904 0.236
        vertex -0.60845757 -0.30434904 0
        vertex -0.61129963 -0.30767602 0.236
    endloop
endfacet
facet normal -0.74566966 0.66631585 0
    outer loop
        vertex -0.60845757 -0.30434904 0.236
        vertex -0.605849 -0.30142984 0
        vertex -0.60845757 -0.30434904 0
    endloop
endfacet
facet normal -0.74566966 0.66631585 0
    outer loop
        vertex -0.60845757 -0.30434904 0.236
        vertex -0.605849 -0.30142984 0.236
        vertex -0.605849 -0.30142984 0
    endloop
endfacet
facet normal -0.72927809 0.68421739 0
    outer loop
        vertex -0.605849 -0.30142984 0
        vertex -0.605849 -0.30142984 0.236
        vertex -0.60345787 -0.2988812 0
    endloop
endfacet
facet normal -0.46959734 0.88288069 0
    outer loop
        vertex -0.57559764 -0.2772888 0
        vertex -0.57559764 -0.2772888 0.236
        vertex -0.57369787 -0.27627832 0.236
    endloop
endfacet
facet normal -0.85982704 -0.51058543 -0
    outer loop
        vertex -0.63416004 -0.3382875 0.236
        vertex -0.63416004 -0.3382875 0
        vertex -0.60050684 -0.39495957 0.236
    endloop
endfacet
facet normal -0.85982704 -0.51058543 -0
    outer loop
        vertex -0.60050684 -0.39495957 0.236
        vertex -0.63416004 -0.3382875 0
        vertex -0.60050684 -0.39495957 0
    endloop
endfacet
facet normal 0.12160841 -0.99257821 0
    outer loop
        vertex -0.60050684 -0.39495957 0.236
        vertex -0.60050684 -0.39495957 0
        vertex -0.5931262 -0.3940553 0
    endloop
endfacet
facet normal 0.12160841 -0.99257821 0
    outer loop
        vertex -0.5931262 -0.3940553 0.236
        vertex -0.60050684 -0.39495957 0.236
        vertex -0.5931262 -0.3940553 0
    endloop
endfacet
facet normal 0.12468044 -0.99219704 0
    outer loop
        vertex -0.5863741 -0.39320683 0
        vertex -0.5931262 -0.3940553 0.236
        vertex -0.5931262 -0.3940553 0
    endloop
endfacet
facet normal 0.12468044 -0.99219704 0
    outer loop
        vertex -0.5863741 -0.39320683 0
        vertex -0.5863741 -0.39320683 0.236
        vertex -0.5931262 -0.3940553 0.236
    endloop
endfacet
facet normal 0.13858707 -0.99035025 0
    outer loop
        vertex -0.5863741 -0.39320683 0
        vertex -0.5778583 -0.39201516 0
        vertex -0.5863741 -0.39320683 0.236
    endloop
endfacet
facet normal 0.13858707 -0.99035025 0
    outer loop
        vertex -0.5863741 -0.39320683 0.236
        vertex -0.5778583 -0.39201516 0
        vertex -0.5778583 -0.39201516 0.236
    endloop
endfacet
facet normal 0.15567733 -0.98780793 0
    outer loop
        vertex -0.5778583 -0.39201516 0.236
        vertex -0.5778583 -0.39201516 0
        vertex -0.57325274 -0.39128932 0
    endloop
endfacet
facet normal 0.15567733 -0.98780793 0
    outer loop
        vertex -0.57325274 -0.39128932 0.236
        vertex -0.5778583 -0.39201516 0.236
        vertex -0.57325274 -0.39128932 0
    endloop
endfacet
facet normal 0.1715415 -0.98517686 0
    outer loop
        vertex -0.5685827 -0.39047617 0.236
        vertex -0.57325274 -0.39128932 0
        vertex -0.5685827 -0.39047617 0
    endloop
endfacet
facet normal 0.19186968 -0.9814204 0
    outer loop
        vertex -0.56397384 -0.38957512 0.236
        vertex -0.5685827 -0.39047617 0.236
        vertex -0.5685827 -0.39047617 0
    endloop
endfacet
facet normal 0.19186968 -0.9814204 0
    outer loop
        vertex -0.56397384 -0.38957512 0
        vertex -0.56397384 -0.38957512 0.236
        vertex -0.5685827 -0.39047617 0
    endloop
endfacet
facet normal 0.21833056 -0.97587496 0
    outer loop
        vertex -0.56397384 -0.38957512 0
        vertex -0.5595515 -0.38858572 0.236
        vertex -0.56397384 -0.38957512 0.236
    endloop
endfacet
facet normal 0.21833056 -0.97587496 0
    outer loop
        vertex -0.56397384 -0.38957512 0
        vertex -0.5595515 -0.38858572 0
        vertex -0.5595515 -0.38858572 0.236
    endloop
endfacet
facet normal 0.25161579 -0.9678272 0
    outer loop
        vertex -0.5595515 -0.38858572 0.236
        vertex -0.5595515 -0.38858572 0
        vertex -0.5554186 -0.38751125 0.236
    endloop
endfacet
facet normal 0.28541291 -0.9584046 0
    outer loop
        vertex -0.5554186 -0.38751125 0.236
        vertex -0.5554186 -0.38751125 0
        vertex -0.55158764 -0.3863704 0.236
    endloop
endfacet
facet normal 0.31745398 -0.9482736 0
    outer loop
        vertex -0.55158764 -0.3863704 0
        vertex -0.54804844 -0.38518557 0
        vertex -0.54804844 -0.38518557 0.236
    endloop
endfacet
facet normal 0.39789638 -0.9174304 0
    outer loop
        vertex -0.53907996 -0.3815923 0.236
        vertex -0.54180473 -0.38277406 0.236
        vertex -0.54180473 -0.38277406 0
    endloop
endfacet
facet normal 0.45012191 -0.8929671 0
    outer loop
        vertex -0.53437364 -0.37938917 0
        vertex -0.52757853 -0.37596393 0
        vertex -0.52757853 -0.37596393 0.236
    endloop
endfacet
facet normal 0.56184882 -0.82723999 0
    outer loop
        vertex -0.51918155 -0.3712842 0.236
        vertex -0.51752615 -0.37015986 0
        vertex -0.51752615 -0.37015986 0.236
    endloop
endfacet
facet normal 0.56184882 -0.82723999 0
    outer loop
        vertex -0.51918155 -0.3712842 0.236
        vertex -0.51918155 -0.3712842 0
        vertex -0.51752615 -0.37015986 0
    endloop
endfacet
facet normal 0.49598825 -0.86832923 0
    outer loop
        vertex -0.51918155 -0.3712842 0.236
        vertex -0.5233979 -0.37369257 0.236
        vertex -0.51918155 -0.3712842 0
    endloop
endfacet
facet normal 0.49598825 -0.86832923 0
    outer loop
        vertex -0.51918155 -0.3712842 0
        vertex -0.5233979 -0.37369257 0.236
        vertex -0.5233979 -0.37369257 0
    endloop
endfacet
facet normal 0.47739705 -0.87868774 0
    outer loop
        vertex -0.5233979 -0.37369257 0
        vertex -0.5233979 -0.37369257 0.236
        vertex -0.52757853 -0.37596393 0
    endloop
endfacet
facet normal 0.47739705 -0.87868774 0
    outer loop
        vertex -0.52757853 -0.37596393 0
        vertex -0.5233979 -0.37369257 0.236
        vertex -0.52757853 -0.37596393 0.236
    endloop
endfacet
facet normal 0.45012191 -0.8929671 0
    outer loop
        vertex -0.53437364 -0.37938917 0
        vertex -0.52757853 -0.37596393 0.236
        vertex -0.53437364 -0.37938917 0.236
    endloop
endfacet
facet normal 0.42396802 -0.90567708 0
    outer loop
        vertex -0.53907996 -0.3815923 0
        vertex -0.53437364 -0.37938917 0
        vertex -0.53437364 -0.37938917 0.236
    endloop
endfacet
facet normal 0.42396802 -0.90567708 0
    outer loop
        vertex -0.53907996 -0.3815923 0.236
        vertex -0.53907996 -0.3815923 0
        vertex -0.53437364 -0.37938917 0.236
    endloop
endfacet
facet normal 0.39789638 -0.9174304 0
    outer loop
        vertex -0.53907996 -0.3815923 0.236
        vertex -0.54180473 -0.38277406 0
        vertex -0.53907996 -0.3815923 0
    endloop
endfacet
facet normal 0.3742834 -0.92731434 0
    outer loop
        vertex -0.54180473 -0.38277406 0.236
        vertex -0.54479086 -0.38397932 0
        vertex -0.54180473 -0.38277406 0
    endloop
endfacet
facet normal 0.3742834 -0.92731434 0
    outer loop
        vertex -0.54180473 -0.38277406 0.236
        vertex -0.54479086 -0.38397932 0.236
        vertex -0.54479086 -0.38397932 0
    endloop
endfacet
facet normal 0.34724867 -0.93777311 0
    outer loop
        vertex -0.54479086 -0.38397932 0
        vertex -0.54479086 -0.38397932 0.236
        vertex -0.54804844 -0.38518557 0
    endloop
endfacet
facet normal 0.34724867 -0.93777311 0
    outer loop
        vertex -0.54804844 -0.38518557 0
        vertex -0.54479086 -0.38397932 0.236
        vertex -0.54804844 -0.38518557 0.236
    endloop
endfacet
facet normal 0.31745398 -0.9482736 0
    outer loop
        vertex -0.55158764 -0.3863704 0
        vertex -0.54804844 -0.38518557 0.236
        vertex -0.55158764 -0.3863704 0.236
    endloop
endfacet
facet normal 0.28541291 -0.9584046 0
    outer loop
        vertex -0.5554186 -0.38751125 0
        vertex -0.55158764 -0.3863704 0
        vertex -0.55158764 -0.3863704 0.236
    endloop
endfacet
facet normal 0.25161579 -0.9678272 0
    outer loop
        vertex -0.5595515 -0.38858572 0
        vertex -0.5554186 -0.38751125 0
        vertex -0.5554186 -0.38751125 0.236
    endloop
endfacet
facet normal 0.1715415 -0.98517686 0
    outer loop
        vertex -0.57325274 -0.39128932 0
        vertex -0.5685827 -0.39047617 0.236
        vertex -0.57325274 -0.39128932 0.236
    endloop
endfacet
facet normal -0.77848101 -0.6276682 -0
    outer loop
        vertex -0.51752615 -0.37015986 0.236
        vertex -0.51752615 -0.37015986 0
        vertex -0.46677563 -0.43310446 0.236
    endloop
endfacet
facet normal -0.77848101 -0.6276682 -0
    outer loop
        vertex -0.46677563 -0.43310446 0.236
        vertex -0.51752615 -0.37015986 0
        vertex -0.46677563 -0.43310446 0
    endloop
endfacet
facet normal -0.708974 0.70523459 0
    outer loop
        vertex -0.46677563 -0.43310446 0.236
        vertex -0.46677563 -0.43310446 0
        vertex -0.46829316 -0.43463004 0
    endloop
endfacet
facet normal -0.76594961 0.64290065 0
    outer loop
        vertex -0.46829316 -0.43463004 0.236
        vertex -0.46829316 -0.43463004 0
        vertex -0.4713186 -0.43823454 0.236
    endloop
endfacet
facet normal -0.76594961 0.64290065 0
    outer loop
        vertex -0.4713186 -0.43823454 0.236
        vertex -0.46829316 -0.43463004 0
        vertex -0.4713186 -0.43823454 0
    endloop
endfacet
facet normal -0.77942961 0.62648976 0
    outer loop
        vertex -0.4744734 -0.44215947 0
        vertex -0.4713186 -0.43823454 0.236
        vertex -0.4713186 -0.43823454 0
    endloop
endfacet
facet normal -0.77942961 0.62648976 0
    outer loop
        vertex -0.4744734 -0.44215947 0
        vertex -0.4744734 -0.44215947 0.236
        vertex -0.4713186 -0.43823454 0.236
    endloop
endfacet
facet normal -0.79504609 0.60654891 0
    outer loop
        vertex -0.4744734 -0.44215947 0
        vertex -0.47692397 -0.44537163 0
        vertex -0.4744734 -0.44215947 0.236
    endloop
endfacet
facet normal -0.79504609 0.60654891 0
    outer loop
        vertex -0.4744734 -0.44215947 0.236
        vertex -0.47692397 -0.44537163 0
        vertex -0.47692397 -0.44537163 0.236
    endloop
endfacet
facet normal -0.80483991 0.59349191 0
    outer loop
        vertex -0.47692397 -0.44537163 0.236
        vertex -0.47692397 -0.44537163 0
        vertex -0.4801987 -0.44981253 0
    endloop
endfacet
facet normal -0.80483991 0.59349191 0
    outer loop
        vertex -0.4801987 -0.44981253 0.236
        vertex -0.47692397 -0.44537163 0.236
        vertex -0.4801987 -0.44981253 0
    endloop
endfacet
facet normal -0.81510514 0.57931298 0
    outer loop
        vertex -0.48220408 -0.45263413 0
        vertex -0.4801987 -0.44981253 0.236
        vertex -0.4801987 -0.44981253 0
    endloop
endfacet
facet normal -0.81510514 0.57931298 0
    outer loop
        vertex -0.48220408 -0.45263413 0
        vertex -0.48220408 -0.45263413 0.236
        vertex -0.4801987 -0.44981253 0.236
    endloop
endfacet
facet normal -0.83837855 0.54508847 0
    outer loop
        vertex -0.48220408 -0.45263413 0
        vertex -0.48449644 -0.45615992 0
        vertex -0.48220408 -0.45263413 0.236
    endloop
endfacet
facet normal -0.83837855 0.54508847 0
    outer loop
        vertex -0.48220408 -0.45263413 0.236
        vertex -0.48449644 -0.45615992 0
        vertex -0.48449644 -0.45615992 0.236
    endloop
endfacet
facet normal -0.86713785 0.49806815 0
    outer loop
        vertex -0.48449644 -0.45615992 0.236
        vertex -0.48449644 -0.45615992 0
        vertex -0.48711148 -0.4607127 0.236
    endloop
endfacet
facet normal -0.86713785 0.49806815 0
    outer loop
        vertex -0.48711148 -0.4607127 0.236
        vertex -0.48449644 -0.45615992 0
        vertex -0.48711148 -0.4607127 0
    endloop
endfacet
facet normal -0.88679469 0.46216345 0
    outer loop
        vertex -0.48855114 -0.4634751 0.236
        vertex -0.48711148 -0.4607127 0.236
        vertex -0.48711148 -0.4607127 0
    endloop
endfacet
facet normal -0.88679469 0.46216345 0
    outer loop
        vertex -0.48855114 -0.4634751 0
        vertex -0.48855114 -0.4634751 0.236
        vertex -0.48711148 -0.4607127 0
    endloop
endfacet
facet normal -0.89855331 0.43886429 0
    outer loop
        vertex -0.48855114 -0.4634751 0
        vertex -0.49008486 -0.46661532 0.236
        vertex -0.48855114 -0.4634751 0.236
    endloop
endfacet
facet normal -0.95208067 0.30584708 0
    outer loop
        vertex -0.5038278 -0.50256497 0
        vertex -0.50627416 -0.5101803 0
        vertex -0.50627416 -0.5101803 0.236
    endloop
endfacet
facet normal -0.95208067 0.30584708 0
    outer loop
        vertex -0.5038278 -0.50256497 0.236
        vertex -0.5038278 -0.50256497 0
        vertex -0.50627416 -0.5101803 0.236
    endloop
endfacet
facet normal -0.94820154 0.31766918 0
    outer loop
        vertex -0.5038278 -0.50256497 0.236
        vertex -0.5015112 -0.49565023 0
        vertex -0.5038278 -0.50256497 0
    endloop
endfacet
facet normal -0.94820154 0.31766918 0
    outer loop
        vertex -0.5038278 -0.50256497 0.236
        vertex -0.5015112 -0.49565023 0.236
        vertex -0.5015112 -0.49565023 0
    endloop
endfacet
facet normal -0.94374526 0.33067331 0
    outer loop
        vertex -0.5015112 -0.49565023 0
        vertex -0.5015112 -0.49565023 0.236
        vertex -0.49931976 -0.4893958 0
    endloop
endfacet
facet normal -0.94374526 0.33067331 0
    outer loop
        vertex -0.49931976 -0.4893958 0
        vertex -0.5015112 -0.49565023 0.236
        vertex -0.49931976 -0.4893958 0.236
    endloop
endfacet
facet normal -0.93862331 0.34494394 0
    outer loop
        vertex -0.49724907 -0.48376125 0
        vertex -0.49931976 -0.4893958 0
        vertex -0.49931976 -0.4893958 0.236
    endloop
endfacet
facet normal -0.93862331 0.34494394 0
    outer loop
        vertex -0.49724907 -0.48376125 0.236
        vertex -0.49724907 -0.48376125 0
        vertex -0.49931976 -0.4893958 0.236
    endloop
endfacet
facet normal -0.93271571 0.36061239 0
    outer loop
        vertex -0.49724907 -0.48376125 0.236
        vertex -0.4952947 -0.4787063 0
        vertex -0.49724907 -0.48376125 0
    endloop
endfacet
facet normal -0.93271571 0.36061239 0
    outer loop
        vertex -0.49724907 -0.48376125 0.236
        vertex -0.4952947 -0.4787063 0.236
        vertex -0.4952947 -0.4787063 0
    endloop
endfacet
facet normal -0.92589283 0.37778634 0
    outer loop
        vertex -0.4952947 -0.4787063 0
        vertex -0.4952947 -0.4787063 0.236
        vertex -0.49345216 -0.47419056 0
    endloop
endfacet
facet normal -0.92589283 0.37778634 0
    outer loop
        vertex -0.49345216 -0.47419056 0
        vertex -0.4952947 -0.4787063 0.236
        vertex -0.49345216 -0.47419056 0.236
    endloop
endfacet
facet normal -0.91801578 0.3965441 0
    outer loop
        vertex -0.49171704 -0.4701737 0
        vertex -0.49345216 -0.47419056 0
        vertex -0.49345216 -0.47419056 0.236
    endloop
endfacet
facet normal -0.91801578 0.3965441 0
    outer loop
        vertex -0.49171704 -0.4701737 0.236
        vertex -0.49171704 -0.4701737 0
        vertex -0.49345216 -0.47419056 0.236
    endloop
endfacet
facet normal -0.90894234 0.41692179 0
    outer loop
        vertex -0.49171704 -0.4701737 0.236
        vertex -0.49008486 -0.46661532 0
        vertex -0.49171704 -0.4701737 0
    endloop
endfacet
facet normal -0.90894234 0.41692179 0
    outer loop
        vertex -0.49171704 -0.4701737 0.236
        vertex -0.49008486 -0.46661532 0.236
        vertex -0.49008486 -0.46661532 0
    endloop
endfacet
facet normal -0.89855331 0.43886429 0
    outer loop
        vertex -0.49008486 -0.46661532 0
        vertex -0.49008486 -0.46661532 0.236
        vertex -0.48855114 -0.4634751 0
    endloop
endfacet
facet normal -0.708974 0.70523459 0
    outer loop
        vertex -0.46829316 -0.43463004 0
        vertex -0.46829316 -0.43463004 0.236
        vertex -0.46677563 -0.43310446 0.236
    endloop
endfacet
facet normal -0.67112958 -0.74134004 -0
    outer loop
        vertex -0.50627416 -0.5101803 0.236
        vertex -0.50627416 -0.5101803 0
        vertex -0.45741165 -0.55441517 0.236
    endloop
endfacet
facet normal -0.67112958 -0.74134004 -0
    outer loop
        vertex -0.45741165 -0.55441517 0.236
        vertex -0.50627416 -0.5101803 0
        vertex -0.45741165 -0.55441517 0
    endloop
endfacet
facet normal 0.40878224 -0.91263199 0
    outer loop
        vertex -0.45741165 -0.55441517 0.236
        vertex -0.45741165 -0.55441517 0
        vertex -0.45062542 -0.5513755 0
    endloop
endfacet
facet normal 0.40878224 -0.91263199 0
    outer loop
        vertex -0.45062542 -0.5513755 0.236
        vertex -0.45741165 -0.55441517 0.236
        vertex -0.45062542 -0.5513755 0
    endloop
endfacet
facet normal 0.4115907 -0.91136879 0
    outer loop
        vertex -0.4444234 -0.54857457 0
        vertex -0.45062542 -0.5513755 0.236
        vertex -0.45062542 -0.5513755 0
    endloop
endfacet
facet normal 0.4115907 -0.91136879 0
    outer loop
        vertex -0.4444234 -0.54857457 0
        vertex -0.4444234 -0.54857457 0.236
        vertex -0.45062542 -0.5513755 0.236
    endloop
endfacet
facet normal 0.42433998 -0.90550292 0
    outer loop
        vertex -0.4444234 -0.54857457 0
        vertex -0.43663716 -0.54492575 0
        vertex -0.4444234 -0.54857457 0.236
    endloop
endfacet
facet normal 0.42433998 -0.90550292 0
    outer loop
        vertex -0.4444234 -0.54857457 0.236
        vertex -0.43663716 -0.54492575 0
        vertex -0.43663716 -0.54492575 0.236
    endloop
endfacet
facet normal 0.43992719 -0.89803344 0
    outer loop
        vertex -0.43663716 -0.54492575 0.236
        vertex -0.43663716 -0.54492575 0
        vertex -0.43245018 -0.54287463 0
    endloop
endfacet
facet normal 0.43992719 -0.89803344 0
    outer loop
        vertex -0.43245018 -0.54287463 0.236
        vertex -0.43663716 -0.54492575 0.236
        vertex -0.43245018 -0.54287463 0
    endloop
endfacet
facet normal 0.45431638 -0.89084041 0
    outer loop
        vertex -0.42822737 -0.54072106 0.236
        vertex -0.43245018 -0.54287463 0
        vertex -0.42822737 -0.54072106 0
    endloop
endfacet
facet normal 0.47260809 -0.88127267 0
    outer loop
        vertex -0.42408878 -0.5385016 0.236
        vertex -0.42822737 -0.54072106 0.236
        vertex -0.42822737 -0.54072106 0
    endloop
endfacet
facet normal 0.47260809 -0.88127267 0
    outer loop
        vertex -0.42408878 -0.5385016 0
        vertex -0.42408878 -0.5385016 0.236
        vertex -0.42822737 -0.54072106 0
    endloop
endfacet
facet normal 0.49628058 -0.86816221 0
    outer loop
        vertex -0.42408878 -0.5385016 0
        vertex -0.4201545 -0.5362526 0.236
        vertex -0.42408878 -0.5385016 0.236
    endloop
endfacet
facet normal 0.49628058 -0.86816221 0
    outer loop
        vertex -0.42408878 -0.5385016 0
        vertex -0.4201545 -0.5362526 0
        vertex -0.4201545 -0.5362526 0.236
    endloop
endfacet
facet normal 0.52570617 -0.85066617 0
    outer loop
        vertex -0.4201545 -0.5362526 0.236
        vertex -0.4201545 -0.5362526 0
        vertex -0.41652197 -0.5340077 0.236
    endloop
endfacet
facet normal 0.55522656 -0.83169913 0
    outer loop
        vertex -0.41652197 -0.5340077 0.236
        vertex -0.41652197 -0.5340077 0
        vertex -0.41319746 -0.53178835 0.236
    endloop
endfacet
facet normal 0.58285952 -0.81257296 0
    outer loop
        vertex -0.41319746 -0.53178835 0
        vertex -0.4101647 -0.52961296 0
        vertex -0.4101647 -0.52961296 0.236
    endloop
endfacet
facet normal 0.65063107 -0.75939405 0
    outer loop
        vertex -0.40265384 -0.52353585 0.236
        vertex -0.40490925 -0.52546823 0.236
        vertex -0.40490925 -0.52546823 0
    endloop
endfacet
facet normal 0.69333029 -0.72061986 0
    outer loop
        vertex -0.398806 -0.5200434 0
        vertex -0.39332238 -0.5147674 0
        vertex -0.39332238 -0.5147674 0.236
    endloop
endfacet
facet normal 0.78070897 -0.6248948 0
    outer loop
        vertex -0.38667786 -0.5078205 0.236
        vertex -0.38542742 -0.50625825 0
        vertex -0.38542742 -0.50625825 0.236
    endloop
endfacet
facet normal 0.78070897 -0.6248948 0
    outer loop
        vertex -0.38667786 -0.5078205 0.236
        vertex -0.38667786 -0.5078205 0
        vertex -0.38542742 -0.50625825 0
    endloop
endfacet
facet normal 0.72989959 -0.68355435 0
    outer loop
        vertex -0.38667786 -0.5078205 0.236
        vertex -0.38999698 -0.51136464 0.236
        vertex -0.38667786 -0.5078205 0
    endloop
endfacet
facet normal 0.72989959 -0.68355435 0
    outer loop
        vertex -0.38667786 -0.5078205 0
        vertex -0.38999698 -0.51136464 0.236
        vertex -0.38999698 -0.51136464 0
    endloop
endfacet
facet normal 0.71519047 -0.69892955 0
    outer loop
        vertex -0.38999698 -0.51136464 0
        vertex -0.38999698 -0.51136464 0.236
        vertex -0.39332238 -0.5147674 0
    endloop
endfacet
facet normal 0.71519047 -0.69892955 0
    outer loop
        vertex -0.39332238 -0.5147674 0
        vertex -0.38999698 -0.51136464 0.236
        vertex -0.39332238 -0.5147674 0.236
    endloop
endfacet
facet normal 0.69333029 -0.72061986 0
    outer loop
        vertex -0.398806 -0.5200434 0
        vertex -0.39332238 -0.5147674 0.236
        vertex -0.398806 -0.5200434 0.236
    endloop
endfacet
facet normal 0.67208689 -0.74047238 0
    outer loop
        vertex -0.40265384 -0.52353585 0
        vertex -0.398806 -0.5200434 0
        vertex -0.398806 -0.5200434 0.236
    endloop
endfacet
facet normal 0.67208689 -0.74047238 0
    outer loop
        vertex -0.40265384 -0.52353585 0.236
        vertex -0.40265384 -0.52353585 0
        vertex -0.398806 -0.5200434 0.236
    endloop
endfacet
facet normal 0.65063107 -0.75939405 0
    outer loop
        vertex -0.40265384 -0.52353585 0.236
        vertex -0.40490925 -0.52546823 0
        vertex -0.40265384 -0.52353585 0
    endloop
endfacet
facet normal 0.63098383 -0.77579594 0
    outer loop
        vertex -0.40490925 -0.52546823 0.236
        vertex -0.40740743 -0.5275001 0
        vertex -0.40490925 -0.52546823 0
    endloop
endfacet
facet normal 0.63098383 -0.77579594 0
    outer loop
        vertex -0.40490925 -0.52546823 0.236
        vertex -0.40740743 -0.5275001 0.236
        vertex -0.40740743 -0.5275001 0
    endloop
endfacet
facet normal 0.6082412 -0.79375231 0
    outer loop
        vertex -0.40740743 -0.5275001 0
        vertex -0.40740743 -0.5275001 0.236
        vertex -0.4101647 -0.52961296 0
    endloop
endfacet
facet normal 0.6082412 -0.79375231 0
    outer loop
        vertex -0.4101647 -0.52961296 0
        vertex -0.40740743 -0.5275001 0.236
        vertex -0.4101647 -0.52961296 0.236
    endloop
endfacet
facet normal 0.58285952 -0.81257296 0
    outer loop
        vertex -0.41319746 -0.53178835 0
        vertex -0.4101647 -0.52961296 0.236
        vertex -0.41319746 -0.53178835 0.236
    endloop
endfacet
facet normal 0.55522656 -0.83169913 0
    outer loop
        vertex -0.41652197 -0.5340077 0
        vertex -0.41319746 -0.53178835 0
        vertex -0.41319746 -0.53178835 0.236
    endloop
endfacet
facet normal 0.52570617 -0.85066617 0
    outer loop
        vertex -0.4201545 -0.5362526 0
        vertex -0.41652197 -0.5340077 0
        vertex -0.41652197 -0.5340077 0.236
    endloop
endfacet
facet normal 0.45431638 -0.89084041 0
    outer loop
        vertex -0.43245018 -0.54287463 0
        vertex -0.42822737 -0.54072106 0.236
        vertex -0.43245018 -0.54287463 0.236
    endloop
endfacet
facet normal -0.55888569 -0.82924473 -0
    outer loop
        vertex -0.38542742 -0.50625825 0.236
        vertex -0.38542742 -0.50625825 0
        vertex -0.31837827 -0.55144733 0.236
    endloop
endfacet
facet normal -0.55888569 -0.82924473 -0
    outer loop
        vertex -0.31837827 -0.55144733 0.236
        vertex -0.38542742 -0.50625825 0
        vertex -0.31837827 -0.55144733 0
    endloop
endfacet
facet normal -0.88533604 0.46495169 0
    outer loop
        vertex -0.31837827 -0.55144733 0.236
        vertex -0.31837827 -0.55144733 0
        vertex -0.3193788 -0.5533525 0
    endloop
endfacet
facet normal -0.92141885 0.38857082 0
    outer loop
        vertex -0.3193788 -0.5533525 0.236
        vertex -0.3193788 -0.5533525 0
        vertex -0.32120737 -0.5576886 0.236
    endloop
endfacet
facet normal -0.92141885 0.38857082 0
    outer loop
        vertex -0.32120737 -0.5576886 0.236
        vertex -0.3193788 -0.5533525 0
        vertex -0.32120737 -0.5576886 0
    endloop
endfacet
facet normal -0.92946321 0.36891493 0
    outer loop
        vertex -0.3230651 -0.56236905 0
        vertex -0.32120737 -0.5576886 0.236
        vertex -0.32120737 -0.5576886 0
    endloop
endfacet
facet normal -0.92946321 0.36891493 0
    outer loop
        vertex -0.3230651 -0.56236905 0
        vertex -0.3230651 -0.56236905 0.236
        vertex -0.32120737 -0.5576886 0.236
    endloop
endfacet
facet normal -0.93850863 0.34525582 0
    outer loop
        vertex -0.3230651 -0.56236905 0
        vertex -0.32446 -0.5661608 0
        vertex -0.3230651 -0.56236905 0.236
    endloop
endfacet
facet normal -0.93850863 0.34525582 0
    outer loop
        vertex -0.3230651 -0.56236905 0.236
        vertex -0.32446 -0.5661608 0
        vertex -0.32446 -0.5661608 0.236
    endloop
endfacet
facet normal -0.94401765 0.32989472 0
    outer loop
        vertex -0.32446 -0.5661608 0.236
        vertex -0.32446 -0.5661608 0
        vertex -0.3262803 -0.5713697 0
    endloop
endfacet
facet normal -0.94401765 0.32989472 0
    outer loop
        vertex -0.3262803 -0.5713697 0.236
        vertex -0.32446 -0.5661608 0.236
        vertex -0.3262803 -0.5713697 0
    endloop
endfacet
facet normal -0.94965249 0.31330511 0
    outer loop
        vertex -0.32736483 -0.574657 0
        vertex -0.3262803 -0.5713697 0.236
        vertex -0.3262803 -0.5713697 0
    endloop
endfacet
facet normal -0.94965249 0.31330511 0
    outer loop
        vertex -0.32736483 -0.574657 0
        vertex -0.32736483 -0.574657 0.236
        vertex -0.3262803 -0.5713697 0.236
    endloop
endfacet
facet normal -0.96179807 0.27375975 0
    outer loop
        vertex -0.32736483 -0.574657 0
        vertex -0.32851613 -0.57870185 0
        vertex -0.32736483 -0.574657 0.236
    endloop
endfacet
facet normal -0.96179807 0.27375975 0
    outer loop
        vertex -0.32736483 -0.574657 0.236
        vertex -0.32851613 -0.57870185 0
        vertex -0.32851613 -0.57870185 0.236
    endloop
endfacet
facet normal -0.9754203 0.22035253 0
    outer loop
        vertex -0.32851613 -0.57870185 0.236
        vertex -0.32851613 -0.57870185 0
        vertex -0.32967305 -0.58382314 0.236
    endloop
endfacet
facet normal -0.9754203 0.22035253 0
    outer loop
        vertex -0.32967305 -0.58382314 0.236
        vertex -0.32851613 -0.57870185 0
        vertex -0.32967305 -0.58382314 0
    endloop
endfacet
facet normal -0.9836216 0.1802458 0
    outer loop
        vertex -0.33023453 -0.5868872 0.236
        vertex -0.32967305 -0.58382314 0.236
        vertex -0.32967305 -0.58382314 0
    endloop
endfacet
facet normal -0.9836216 0.1802458 0
    outer loop
        vertex -0.33023453 -0.5868872 0
        vertex -0.33023453 -0.5868872 0.236
        vertex -0.32967305 -0.58382314 0
    endloop
endfacet
facet normal -0.98799318 0.15449758 0
    outer loop
        vertex -0.33023453 -0.5868872 0
        vertex -0.33077446 -0.59033996 0.236
        vertex -0.33023453 -0.5868872 0.236
    endloop
endfacet
facet normal -0.99993241 0.01162495 0
    outer loop
        vertex -0.3333105 -0.6287433 0
        vertex -0.3334035 -0.63674134 0
        vertex -0.3334035 -0.63674134 0.236
    endloop
endfacet
facet normal -0.99993241 0.01162495 0
    outer loop
        vertex -0.3333105 -0.6287433 0.236
        vertex -0.3333105 -0.6287433 0
        vertex -0.3334035 -0.63674134 0.236
    endloop
endfacet
facet normal -0.9997102 0.02407079 0
    outer loop
        vertex -0.3333105 -0.6287433 0.236
        vertex -0.33313498 -0.6214529 0
        vertex -0.3333105 -0.6287433 0
    endloop
endfacet
facet normal -0.9997102 0.02407079 0
    outer loop
        vertex -0.3333105 -0.6287433 0.236
        vertex -0.33313498 -0.6214529 0.236
        vertex -0.33313498 -0.6214529 0
    endloop
endfacet
facet normal -0.9992851 0.03780551 0
    outer loop
        vertex -0.33313498 -0.6214529 0
        vertex -0.33313498 -0.6214529 0.236
        vertex -0.33288443 -0.6148304 0
    endloop
endfacet
facet normal -0.9992851 0.03780551 0
    outer loop
        vertex -0.33288443 -0.6148304 0
        vertex -0.33313498 -0.6214529 0.236
        vertex -0.33288443 -0.6148304 0.236
    endloop
endfacet
facet normal -0.99859703 0.05295282 0
    outer loop
        vertex -0.33256656 -0.6088359 0
        vertex -0.33288443 -0.6148304 0
        vertex -0.33288443 -0.6148304 0.236
    endloop
endfacet
facet normal -0.99859703 0.05295282 0
    outer loop
        vertex -0.33256656 -0.6088359 0.236
        vertex -0.33256656 -0.6088359 0
        vertex -0.33288443 -0.6148304 0.236
    endloop
endfacet
facet normal -0.99757004 0.06967208 0
    outer loop
        vertex -0.33256656 -0.6088359 0.236
        vertex -0.33218896 -0.60342944 0
        vertex -0.33256656 -0.6088359 0
    endloop
endfacet
facet normal -0.99757004 0.06967208 0
    outer loop
        vertex -0.33256656 -0.6088359 0.236
        vertex -0.33218896 -0.60342944 0.236
        vertex -0.33218896 -0.60342944 0
    endloop
endfacet
facet normal -0.99611306 0.08808319 0
    outer loop
        vertex -0.33218896 -0.60342944 0
        vertex -0.33218896 -0.60342944 0.236
        vertex -0.33175936 -0.5985712 0
    endloop
endfacet
facet normal -0.99611306 0.08808319 0
    outer loop
        vertex -0.33175936 -0.5985712 0
        vertex -0.33218896 -0.60342944 0.236
        vertex -0.33175936 -0.5985712 0.236
    endloop
endfacet
facet normal -0.99411368 0.10834189 0
    outer loop
        vertex -0.3312853 -0.5942213 0
        vertex -0.33175936 -0.5985712 0
        vertex -0.33175936 -0.5985712 0.236
    endloop
endfacet
facet normal -0.99411368 0.10834189 0
    outer loop
        vertex -0.3312853 -0.5942213 0.236
        vertex -0.3312853 -0.5942213 0
        vertex -0.33175936 -0.5985712 0.236
    endloop
endfacet
facet normal -0.99144965 0.13048957 0
    outer loop
        vertex -0.3312853 -0.5942213 0.236
        vertex -0.33077446 -0.59033996 0
        vertex -0.3312853 -0.5942213 0
    endloop
endfacet
facet normal -0.99144965 0.13048957 0
    outer loop
        vertex -0.3312853 -0.5942213 0.236
        vertex -0.33077446 -0.59033996 0.236
        vertex -0.33077446 -0.59033996 0
    endloop
endfacet
facet normal -0.98799318 0.15449758 0
    outer loop
        vertex -0.33077446 -0.59033996 0
        vertex -0.33077446 -0.59033996 0.236
        vertex -0.33023453 -0.5868872 0
    endloop
endfacet
facet normal -0.88533604 0.46495169 0
    outer loop
        vertex -0.3193788 -0.5533525 0
        vertex -0.3193788 -0.5533525 0.236
        vertex -0.31837827 -0.55144733 0.236
    endloop
endfacet
facet normal -0.42280024 -0.90622294 -0
    outer loop
        vertex -0.3334035 -0.63674134 0.236
        vertex -0.3334035 -0.63674134 0
        vertex -0.27367342 -0.66460854 0.236
    endloop
endfacet
facet normal -0.42280024 -0.90622294 -0
    outer loop
        vertex -0.27367342 -0.66460854 0.236
        vertex -0.3334035 -0.63674134 0
        vertex -0.27367342 -0.66460854 0
    endloop
endfacet
facet normal 0.6596235 -0.75159621 0
    outer loop
        vertex -0.27367342 -0.66460854 0.236
        vertex -0.27367342 -0.66460854 0
        vertex -0.2680846 -0.6597036 0
    endloop
endfacet
facet normal 0.6596235 -0.75159621 0
    outer loop
        vertex -0.2680846 -0.6597036 0.236
        vertex -0.27367342 -0.66460854 0.236
        vertex -0.2680846 -0.6597036 0
    endloop
endfacet
facet normal 0.66194171 -0.74955541 0
    outer loop
        vertex -0.26298374 -0.655199 0
        vertex -0.2680846 -0.6597036 0.236
        vertex -0.2680846 -0.6597036 0
    endloop
endfacet
facet normal 0.66194171 -0.74955541 0
    outer loop
        vertex -0.26298374 -0.655199 0
        vertex -0.26298374 -0.655199 0.236
        vertex -0.2680846 -0.6597036 0.236
    endloop
endfacet
facet normal 0.67238468 -0.74020195 0
    outer loop
        vertex -0.26298374 -0.655199 0
        vertex -0.25661895 -0.64941734 0
        vertex -0.26298374 -0.655199 0.236
    endloop
endfacet
facet normal 0.67238468 -0.74020195 0
    outer loop
        vertex -0.26298374 -0.655199 0.236
        vertex -0.25661895 -0.64941734 0
        vertex -0.25661895 -0.64941734 0.236
    endloop
endfacet
facet normal 0.68508273 -0.72846532 0
    outer loop
        vertex -0.25661895 -0.64941734 0.236
        vertex -0.25661895 -0.64941734 0
        vertex -0.25322253 -0.6462232 0
    endloop
endfacet
facet normal 0.68508273 -0.72846532 0
    outer loop
        vertex -0.25322253 -0.6462232 0.236
        vertex -0.25661895 -0.64941734 0.236
        vertex -0.25322253 -0.6462232 0
    endloop
endfacet
facet normal 0.69671458 -0.71734852 0
    outer loop
        vertex -0.24982208 -0.64292055 0.236
        vertex -0.25322253 -0.6462232 0
        vertex -0.24982208 -0.64292055 0
    endloop
endfacet
facet normal 0.71137428 -0.70281339 0
    outer loop
        vertex -0.24652156 -0.63957983 0.236
        vertex -0.24982208 -0.64292055 0.236
        vertex -0.24982208 -0.64292055 0
    endloop
endfacet
facet normal 0.71137428 -0.70281339 0
    outer loop
        vertex -0.24652156 -0.63957983 0
        vertex -0.24652156 -0.63957983 0.236
        vertex -0.24982208 -0.64292055 0
    endloop
endfacet
facet normal 0.73012191 -0.68331701 0
    outer loop
        vertex -0.24652156 -0.63957983 0
        vertex -0.24342501 -0.6362712 0.236
        vertex -0.24652156 -0.63957983 0.236
    endloop
endfacet
facet normal 0.73012191 -0.68331701 0
    outer loop
        vertex -0.24652156 -0.63957983 0
        vertex -0.24342501 -0.6362712 0
        vertex -0.24342501 -0.6362712 0.236
    endloop
endfacet
facet normal 0.75309783 -0.65790856 0
    outer loop
        vertex -0.24342501 -0.6362712 0.236
        vertex -0.24342501 -0.6362712 0
        vertex -0.24061553 -0.6330552 0.236
    endloop
endfacet
facet normal 0.77570325 -0.63109773 0
    outer loop
        vertex -0.24061553 -0.6330552 0.236
        vertex -0.24061553 -0.6330552 0
        vertex -0.23809291 -0.6299546 0.236
    endloop
endfacet
facet normal 0.79647541 -0.60467088 0
    outer loop
        vertex -0.23809291 -0.6299546 0
        vertex -0.23583612 -0.6269819 0
        vertex -0.23583612 -0.6269819 0.236
    endloop
endfacet
facet normal 0.84556317 -0.53387541 0
    outer loop
        vertex -0.23045014 -0.61896086 0.236
        vertex -0.23203579 -0.62147224 0.236
        vertex -0.23203579 -0.62147224 0
    endloop
endfacet
facet normal 0.87493461 -0.48424107 0
    outer loop
        vertex -0.2278027 -0.61448944 0
        vertex -0.22411782 -0.60783154 0
        vertex -0.22411782 -0.60783154 0.236
    endloop
endfacet
facet normal 0.93021762 -0.36700854 0
    outer loop
        vertex -0.21981612 -0.59923476 0.236
        vertex -0.2190817 -0.5973733 0
        vertex -0.2190817 -0.5973733 0.236
    endloop
endfacet
facet normal 0.93021762 -0.36700854 0
    outer loop
        vertex -0.21981612 -0.59923476 0.236
        vertex -0.21981612 -0.59923476 0
        vertex -0.2190817 -0.5973733 0
    endloop
endfacet
facet normal 0.89895171 -0.43804765 0
    outer loop
        vertex -0.21981612 -0.59923476 0.236
        vertex -0.22194314 -0.6035998 0.236
        vertex -0.21981612 -0.59923476 0
    endloop
endfacet
facet normal 0.89895171 -0.43804765 0
    outer loop
        vertex -0.21981612 -0.59923476 0
        vertex -0.22194314 -0.6035998 0.236
        vertex -0.22194314 -0.6035998 0
    endloop
endfacet
facet normal 0.88942909 -0.45707309 0
    outer loop
        vertex -0.22194314 -0.6035998 0
        vertex -0.22194314 -0.6035998 0.236
        vertex -0.22411782 -0.60783154 0
    endloop
endfacet
facet normal 0.88942909 -0.45707309 0
    outer loop
        vertex -0.22411782 -0.60783154 0
        vertex -0.22194314 -0.6035998 0.236
        vertex -0.22411782 -0.60783154 0.236
    endloop
endfacet
facet normal 0.87493461 -0.48424107 0
    outer loop
        vertex -0.2278027 -0.61448944 0
        vertex -0.22411782 -0.60783154 0.236
        vertex -0.2278027 -0.61448944 0.236
    endloop
endfacet
facet normal 0.86048448 -0.50947672 0
    outer loop
        vertex -0.23045014 -0.61896086 0
        vertex -0.2278027 -0.61448944 0
        vertex -0.2278027 -0.61448944 0.236
    endloop
endfacet
facet normal 0.86048448 -0.50947672 0
    outer loop
        vertex -0.23045014 -0.61896086 0.236
        vertex -0.23045014 -0.61896086 0
        vertex -0.2278027 -0.61448944 0.236
    endloop
endfacet
facet normal 0.84556317 -0.53387541 0
    outer loop
        vertex -0.23045014 -0.61896086 0.236
        vertex -0.23203579 -0.62147224 0
        vertex -0.23045014 -0.61896086 0
    endloop
endfacet
facet normal 0.83161443 -0.55535364 0
    outer loop
        vertex -0.23203579 -0.62147224 0.236
        vertex -0.2338241 -0.62415016 0
        vertex -0.23203579 -0.62147224 0
    endloop
endfacet
facet normal 0.83161443 -0.55535364 0
    outer loop
        vertex -0.23203579 -0.62147224 0.236
        vertex -0.2338241 -0.62415016 0.236
        vertex -0.2338241 -0.62415016 0
    endloop
endfacet
facet normal 0.81518358 -0.57920259 0
    outer loop
        vertex -0.2338241 -0.62415016 0
        vertex -0.2338241 -0.62415016 0.236
        vertex -0.23583612 -0.6269819 0
    endloop
endfacet
facet normal 0.81518358 -0.57920259 0
    outer loop
        vertex -0.23583612 -0.6269819 0
        vertex -0.2338241 -0.62415016 0.236
        vertex -0.23583612 -0.6269819 0.236
    endloop
endfacet
facet normal 0.79647541 -0.60467088 0
    outer loop
        vertex -0.23809291 -0.6299546 0
        vertex -0.23583612 -0.6269819 0.236
        vertex -0.23809291 -0.6299546 0.236
    endloop
endfacet
facet normal 0.77570325 -0.63109773 0
    outer loop
        vertex -0.24061553 -0.6330552 0
        vertex -0.23809291 -0.6299546 0
        vertex -0.23809291 -0.6299546 0.236
    endloop
endfacet
facet normal 0.75309783 -0.65790856 0
    outer loop
        vertex -0.24342501 -0.6362712 0
        vertex -0.24061553 -0.6330552 0
        vertex -0.24061553 -0.6330552 0.236
    endloop
endfacet
facet normal 0.69671458 -0.71734852 0
    outer loop
        vertex -0.25322253 -0.6462232 0
        vertex -0.24982208 -0.64292055 0.236
        vertex -0.25322253 -0.6462232 0.236
    endloop
endfacet
facet normal -0.28963244 -0.95713794 -0
    outer loop
        vertex -0.2190817 -0.5973733 0.236
        vertex -0.2190817 -0.5973733 0
        vertex -0.14169167 -0.62079173 0.236
    endloop
endfacet
facet normal -0.28963244 -0.95713794 -0
    outer loop
        vertex -0.14169167 -0.62079173 0.236
        vertex -0.2190817 -0.5973733 0
        vertex -0.14169167 -0.62079173 0
    endloop
endfacet
facet normal -0.98305184 0.18332851 0
    outer loop
        vertex -0.14169167 -0.62079173 0.236
        vertex -0.14169167 -0.62079173 0
        vertex -0.14208616 -0.6229071 0
    endloop
endfacet
facet normal -0.99501634 0.09971189 0
    outer loop
        vertex -0.14208616 -0.6229071 0.236
        vertex -0.14208616 -0.6229071 0
        vertex -0.1425554 -0.6275896 0.236
    endloop
endfacet
facet normal -0.99501634 0.09971189 0
    outer loop
        vertex -0.1425554 -0.6275896 0.236
        vertex -0.14208616 -0.6229071 0
        vertex -0.1425554 -0.6275896 0
    endloop
endfacet
facet normal -0.99690902 0.07856504 0
    outer loop
        vertex -0.14295103 -0.63260967 0
        vertex -0.1425554 -0.6275896 0.236
        vertex -0.1425554 -0.6275896 0
    endloop
endfacet
facet normal -0.99690902 0.07856504 0
    outer loop
        vertex -0.14295103 -0.63260967 0
        vertex -0.14295103 -0.63260967 0.236
        vertex -0.1425554 -0.6275896 0.236
    endloop
endfacet
facet normal -0.99857926 0.05328746 0
    outer loop
        vertex -0.14295103 -0.63260967 0
        vertex -0.14316632 -0.6366441 0
        vertex -0.14295103 -0.63260967 0.236
    endloop
endfacet
facet normal -0.99857926 0.05328746 0
    outer loop
        vertex -0.14295103 -0.63260967 0.236
        vertex -0.14316632 -0.6366441 0
        vertex -0.14316632 -0.6366441 0.236
    endloop
endfacet
facet normal -0.9993158 0.03698419 0
    outer loop
        vertex -0.14316632 -0.6366441 0.236
        vertex -0.14316632 -0.6366441 0
        vertex -0.14337039 -0.64215815 0
    endloop
endfacet
facet normal -0.9993158 0.03698419 0
    outer loop
        vertex -0.14337039 -0.64215815 0.236
        vertex -0.14316632 -0.6366441 0.236
        vertex -0.14337039 -0.64215815 0
    endloop
endfacet
facet normal -0.99981028 0.01947481 0
    outer loop
        vertex -0.1434378 -0.64561903 0
        vertex -0.14337039 -0.64215815 0.236
        vertex -0.14337039 -0.64215815 0
    endloop
endfacet
facet normal -0.99981028 0.01947481 0
    outer loop
        vertex -0.1434378 -0.64561903 0
        vertex -0.1434378 -0.64561903 0.236
        vertex -0.14337039 -0.64215815 0.236
    endloop
endfacet
facet normal -0.99976015 -0.02190045 0
    outer loop
        vertex -0.1434378 -0.64561903 0
        vertex -0.1433457 -0.6498236 0
        vertex -0.1434378 -0.64561903 0.236
    endloop
endfacet
facet normal -0.99976015 -0.02190045 0
    outer loop
        vertex -0.1434378 -0.64561903 0.236
        vertex -0.1433457 -0.6498236 0
        vertex -0.1433457 -0.6498236 0.236
    endloop
endfacet
facet normal -0.99703491 -0.07695108 -0
    outer loop
        vertex -0.1433457 -0.6498236 0.236
        vertex -0.1433457 -0.6498236 0
        vertex -0.14294168 -0.6550583 0.236
    endloop
endfacet
facet normal -0.99703491 -0.07695108 -0
    outer loop
        vertex -0.14294168 -0.6550583 0.236
        vertex -0.1433457 -0.6498236 0
        vertex -0.14294168 -0.6550583 0
    endloop
endfacet
facet normal -0.99305087 -0.1176855 0
    outer loop
        vertex -0.14257509 -0.65815175 0.236
        vertex -0.14294168 -0.6550583 0.236
        vertex -0.14294168 -0.6550583 0
    endloop
endfacet
facet normal -0.99305087 -0.1176855 0
    outer loop
        vertex -0.14257509 -0.65815175 0
        vertex -0.14257509 -0.65815175 0.236
        vertex -0.14294168 -0.6550583 0
    endloop
endfacet
facet normal -0.98964041 -0.14356822 0
    outer loop
        vertex -0.14257509 -0.65815175 0
        vertex -0.14207335 -0.6616103 0.236
        vertex -0.14257509 -0.65815175 0.236
    endloop
endfacet
facet normal -0.95893425 -0.2836287 0
    outer loop
        vertex -0.13317716 -0.69905496 0
        vertex -0.13090852 -0.7067251 0
        vertex -0.13090852 -0.7067251 0.236
    endloop
endfacet
facet normal -0.95893425 -0.2836287 -0
    outer loop
        vertex -0.13317716 -0.69905496 0.236
        vertex -0.13317716 -0.69905496 0
        vertex -0.13090852 -0.7067251 0.236
    endloop
endfacet
facet normal -0.96239233 -0.27166337 -0
    outer loop
        vertex -0.13317716 -0.69905496 0.236
        vertex -0.13515826 -0.69203675 0
        vertex -0.13317716 -0.69905496 0
    endloop
endfacet
facet normal -0.96239233 -0.27166337 0
    outer loop
        vertex -0.13317716 -0.69905496 0.236
        vertex -0.13515826 -0.69203675 0.236
        vertex -0.13515826 -0.69203675 0
    endloop
endfacet
facet normal -0.96603239 -0.25842109 0
    outer loop
        vertex -0.13515826 -0.69203675 0
        vertex -0.13515826 -0.69203675 0.236
        vertex -0.13687088 -0.6856346 0
    endloop
endfacet
facet normal -0.96603239 -0.25842109 0
    outer loop
        vertex -0.13687088 -0.6856346 0
        vertex -0.13515826 -0.69203675 0.236
        vertex -0.13687088 -0.6856346 0.236
    endloop
endfacet
facet normal -0.96984094 -0.24373861 0
    outer loop
        vertex -0.13833404 -0.67981267 0
        vertex -0.13687088 -0.6856346 0
        vertex -0.13687088 -0.6856346 0.236
    endloop
endfacet
facet normal -0.96984094 -0.24373861 -0
    outer loop
        vertex -0.13833404 -0.67981267 0.236
        vertex -0.13833404 -0.67981267 0
        vertex -0.13687088 -0.6856346 0.236
    endloop
endfacet
facet normal -0.97378534 -0.22746898 -0
    outer loop
        vertex -0.13833404 -0.67981267 0.236
        vertex -0.13956682 -0.67453516 0
        vertex -0.13833404 -0.67981267 0
    endloop
endfacet
facet normal -0.97378534 -0.22746898 0
    outer loop
        vertex -0.13833404 -0.67981267 0.236
        vertex -0.13956682 -0.67453516 0.236
        vertex -0.13956682 -0.67453516 0
    endloop
endfacet
facet normal -0.97782302 -0.20943312 0
    outer loop
        vertex -0.13956682 -0.67453516 0
        vertex -0.13956682 -0.67453516 0.236
        vertex -0.14058827 -0.6697661 0
    endloop
endfacet
facet normal -0.97782302 -0.20943312 0
    outer loop
        vertex -0.14058827 -0.6697661 0
        vertex -0.13956682 -0.67453516 0.236
        vertex -0.14058827 -0.6697661 0.236
    endloop
endfacet
facet normal -0.98188186 -0.18949379 0
    outer loop
        vertex -0.14141741 -0.6654698 0
        vertex -0.14058827 -0.6697661 0
        vertex -0.14058827 -0.6697661 0.236
    endloop
endfacet
facet normal -0.98188186 -0.18949379 -0
    outer loop
        vertex -0.14141741 -0.6654698 0.236
        vertex -0.14141741 -0.6654698 0
        vertex -0.14058827 -0.6697661 0.236
    endloop
endfacet
facet normal -0.98586369 -0.16754979 -0
    outer loop
        vertex -0.14141741 -0.6654698 0.236
        vertex -0.14207335 -0.6616103 0
        vertex -0.14141741 -0.6654698 0
    endloop
endfacet
facet normal -0.98586369 -0.16754979 0
    outer loop
        vertex -0.14141741 -0.6654698 0.236
        vertex -0.14207335 -0.6616103 0.236
        vertex -0.14207335 -0.6616103 0
    endloop
endfacet
facet normal -0.98964041 -0.14356822 0
    outer loop
        vertex -0.14207335 -0.6616103 0
        vertex -0.14207335 -0.6616103 0.236
        vertex -0.14257509 -0.65815175 0
    endloop
endfacet
facet normal -0.98305184 0.18332851 0
    outer loop
        vertex -0.14208616 -0.6229071 0
        vertex -0.14208616 -0.6229071 0.236
        vertex -0.14169167 -0.62079173 0.236
    endloop
endfacet
facet normal -0.13690138 -0.99058467 -0
    outer loop
        vertex -0.13090852 -0.7067251 0.236
        vertex -0.13090852 -0.7067251 0
        vertex -0.065618075 -0.7157484 0.236
    endloop
endfacet
facet normal -0.13690138 -0.99058467 -0
    outer loop
        vertex -0.065618075 -0.7157484 0.236
        vertex -0.13090852 -0.7067251 0
        vertex -0.065618075 -0.7157484 0
    endloop
endfacet
facet normal 0.85185313 -0.52378076 0
    outer loop
        vertex -0.065618075 -0.7157484 0.236
        vertex -0.065618075 -0.7157484 0
        vertex -0.06172329 -0.7094141 0
    endloop
endfacet
facet normal 0.85185313 -0.52378076 0
    outer loop
        vertex -0.06172329 -0.7094141 0.236
        vertex -0.065618075 -0.7157484 0.236
        vertex -0.06172329 -0.7094141 0
    endloop
endfacet
facet normal 0.85346502 -0.52115005 0
    outer loop
        vertex -0.058176797 -0.7036062 0
        vertex -0.06172329 -0.7094141 0.236
        vertex -0.06172329 -0.7094141 0
    endloop
endfacet
facet normal 0.85346502 -0.52115005 0
    outer loop
        vertex -0.058176797 -0.7036062 0
        vertex -0.058176797 -0.7036062 0.236
        vertex -0.06172329 -0.7094141 0.236
    endloop
endfacet
facet normal 0.86069447 -0.50912178 0
    outer loop
        vertex -0.058176797 -0.7036062 0
        vertex -0.053798966 -0.69620526 0
        vertex -0.058176797 -0.7036062 0.236
    endloop
endfacet
facet normal 0.86069447 -0.50912178 0
    outer loop
        vertex -0.058176797 -0.7036062 0.236
        vertex -0.053798966 -0.69620526 0
        vertex -0.053798966 -0.69620526 0.236
    endloop
endfacet
facet normal 0.86936116 -0.49417728 0
    outer loop
        vertex -0.053798966 -0.69620526 0.236
        vertex -0.053798966 -0.69620526 0
        vertex -0.051494922 -0.69215196 0
    endloop
endfacet
facet normal 0.86936116 -0.49417728 0
    outer loop
        vertex -0.051494922 -0.69215196 0.236
        vertex -0.053798966 -0.69620526 0.236
        vertex -0.051494922 -0.69215196 0
    endloop
endfacet
facet normal 0.87719887 -0.48012719 0
    outer loop
        vertex -0.049219 -0.6879938 0.236
        vertex -0.051494922 -0.69215196 0
        vertex -0.049219 -0.6879938 0
    endloop
endfacet
facet normal 0.8869341 -0.46189591 0
    outer loop
        vertex -0.04704984 -0.6838286 0.236
        vertex -0.049219 -0.6879938 0.236
        vertex -0.049219 -0.6879938 0
    endloop
endfacet
facet normal 0.8869341 -0.46189591 0
    outer loop
        vertex -0.04704984 -0.6838286 0
        vertex -0.04704984 -0.6838286 0.236
        vertex -0.049219 -0.6879938 0
    endloop
endfacet
facet normal 0.89909887 -0.4377456 0
    outer loop
        vertex -0.04704984 -0.6838286 0
        vertex -0.045066103 -0.67975414 0.236
        vertex -0.04704984 -0.6838286 0.236
    endloop
endfacet
facet normal 0.89909887 -0.4377456 0
    outer loop
        vertex -0.04704984 -0.6838286 0
        vertex -0.045066103 -0.67975414 0
        vertex -0.045066103 -0.67975414 0.236
    endloop
endfacet
facet normal 0.91355431 -0.40671673 0
    outer loop
        vertex -0.045066103 -0.67975414 0.236
        vertex -0.045066103 -0.67975414 0
        vertex -0.04332934 -0.6758531 0.236
    endloop
endfacet
facet normal 0.92726469 -0.37440631 0
    outer loop
        vertex -0.04332934 -0.6758531 0.236
        vertex -0.04332934 -0.6758531 0
        vertex -0.04183274 -0.67214656 0.236
    endloop
endfacet
facet normal 0.93931872 -0.34304568 0
    outer loop
        vertex -0.04183274 -0.67214656 0
        vertex -0.04055241 -0.6686408 0
        vertex -0.04055241 -0.6686408 0.236
    endloop
endfacet
facet normal 0.96535921 -0.26092425 0
    outer loop
        vertex -0.03776997 -0.65938854 0.236
        vertex -0.038544927 -0.6622557 0.236
        vertex -0.038544927 -0.6622557 0
    endloop
endfacet
facet normal 0.97879648 -0.20483546 0
    outer loop
        vertex -0.036558114 -0.65433544 0
        vertex -0.034999397 -0.6468872 0
        vertex -0.034999397 -0.6468872 0.236
    endloop
endfacet
facet normal 0.99706793 -0.07652111 0
    outer loop
        vertex -0.033422768 -0.6374044 0.236
        vertex -0.033269644 -0.6354092 0
        vertex -0.033269644 -0.6354092 0.236
    endloop
endfacet
facet normal 0.99706793 -0.07652111 0
    outer loop
        vertex -0.033422768 -0.6374044 0.236
        vertex -0.033422768 -0.6374044 0
        vertex -0.033269644 -0.6354092 0
    endloop
endfacet
facet normal 0.98813152 -0.15360995 0
    outer loop
        vertex -0.033422768 -0.6374044 0.236
        vertex -0.03416865 -0.64220244 0.236
        vertex -0.033422768 -0.6374044 0
    endloop
endfacet
facet normal 0.98813152 -0.15360995 0
    outer loop
        vertex -0.033422768 -0.6374044 0
        vertex -0.03416865 -0.64220244 0.236
        vertex -0.03416865 -0.64220244 0
    endloop
endfacet
facet normal 0.98463833 -0.17460616 0
    outer loop
        vertex -0.03416865 -0.64220244 0
        vertex -0.03416865 -0.64220244 0.236
        vertex -0.034999397 -0.6468872 0
    endloop
endfacet
facet normal 0.98463833 -0.17460616 0
    outer loop
        vertex -0.034999397 -0.6468872 0
        vertex -0.03416865 -0.64220244 0.236
        vertex -0.034999397 -0.6468872 0.236
    endloop
endfacet
facet normal 0.97879648 -0.20483546 0
    outer loop
        vertex -0.036558114 -0.65433544 0
        vertex -0.034999397 -0.6468872 0.236
        vertex -0.036558114 -0.65433544 0.236
    endloop
endfacet
facet normal 0.97242618 -0.23321114 0
    outer loop
        vertex -0.03776997 -0.65938854 0
        vertex -0.036558114 -0.65433544 0
        vertex -0.036558114 -0.65433544 0.236
    endloop
endfacet
facet normal 0.97242618 -0.23321114 0
    outer loop
        vertex -0.03776997 -0.65938854 0.236
        vertex -0.03776997 -0.65938854 0
        vertex -0.036558114 -0.65433544 0.236
    endloop
endfacet
facet normal 0.96535921 -0.26092425 0
    outer loop
        vertex -0.03776997 -0.65938854 0.236
        vertex -0.038544927 -0.6622557 0
        vertex -0.03776997 -0.65938854 0
    endloop
endfacet
facet normal 0.95836604 -0.28554249 0
    outer loop
        vertex -0.038544927 -0.6622557 0.236
        vertex -0.039464436 -0.66534185 0
        vertex -0.038544927 -0.6622557 0
    endloop
endfacet
facet normal 0.95836604 -0.28554249 0
    outer loop
        vertex -0.038544927 -0.6622557 0.236
        vertex -0.039464436 -0.66534185 0.236
        vertex -0.039464436 -0.66534185 0
    endloop
endfacet
facet normal 0.94968641 -0.31320226 0
    outer loop
        vertex -0.039464436 -0.66534185 0
        vertex -0.039464436 -0.66534185 0.236
        vertex -0.04055241 -0.6686408 0
    endloop
endfacet
facet normal 0.94968641 -0.31320226 0
    outer loop
        vertex -0.04055241 -0.6686408 0
        vertex -0.039464436 -0.66534185 0.236
        vertex -0.04055241 -0.6686408 0.236
    endloop
endfacet
facet normal 0.93931872 -0.34304568 0
    outer loop
        vertex -0.04183274 -0.67214656 0
        vertex -0.04055241 -0.6686408 0.236
        vertex -0.04183274 -0.67214656 0.236
    endloop
endfacet
facet normal 0.92726469 -0.37440631 0
    outer loop
        vertex -0.04332934 -0.6758531 0
        vertex -0.04183274 -0.67214656 0
        vertex -0.04183274 -0.67214656 0.236
    endloop
endfacet
facet normal 0.91355431 -0.40671673 0
    outer loop
        vertex -0.045066103 -0.67975414 0
        vertex -0.04332934 -0.6758531 0
        vertex -0.04332934 -0.6758531 0.236
    endloop
endfacet
facet normal 0.87719887 -0.48012719 0
    outer loop
        vertex -0.051494922 -0.69215196 0
        vertex -0.049219 -0.6879938 0.236
        vertex -0.051494922 -0.69215196 0.236
    endloop
endfacet
facet normal 0.0053563 -0.99998564 0
    outer loop
        vertex -0.033269644 -0.6354092 0.236
        vertex -0.033269644 -0.6354092 0
        vertex 0.047584876 -0.6349761 0.236
    endloop
endfacet
facet normal 0.0053563 -0.99998564 0
    outer loop
        vertex 0.047584876 -0.6349761 0.236
        vertex -0.033269644 -0.6354092 0
        vertex 0.047584876 -0.6349761 0
    endloop
endfacet
facet normal -0.993415 -0.11457207 -0
    outer loop
        vertex 0.047584876 -0.6349761 0.236
        vertex 0.047584876 -0.6349761 0
        vertex 0.047831416 -0.63711375 0
    endloop
endfacet
facet normal -0.98020083 -0.1980059 -0
    outer loop
        vertex 0.047831416 -0.63711375 0.236
        vertex 0.047831416 -0.63711375 0
        vertex 0.048763216 -0.6417265 0.236
    endloop
endfacet
facet normal -0.98020083 -0.1980059 -0
    outer loop
        vertex 0.048763216 -0.6417265 0.236
        vertex 0.047831416 -0.63711375 0
        vertex 0.048763216 -0.6417265 0
    endloop
endfacet
facet normal -0.9757756 -0.21877334 0
    outer loop
        vertex 0.049864873 -0.6466401 0
        vertex 0.048763216 -0.6417265 0.236
        vertex 0.048763216 -0.6417265 0
    endloop
endfacet
facet normal -0.9757756 -0.21877334 0
    outer loop
        vertex 0.049864873 -0.6466401 0
        vertex 0.049864873 -0.6466401 0.236
        vertex 0.048763216 -0.6417265 0.236
    endloop
endfacet
facet normal -0.96992368 -0.24340941 0
    outer loop
        vertex 0.049864873 -0.6466401 0
        vertex 0.050848316 -0.6505589 0
        vertex 0.049864873 -0.6466401 0.236
    endloop
endfacet
facet normal -0.96992368 -0.24340941 0
    outer loop
        vertex 0.049864873 -0.6466401 0.236
        vertex 0.050848316 -0.6505589 0
        vertex 0.050848316 -0.6505589 0.236
    endloop
endfacet
facet normal -0.96582001 -0.25921348 -0
    outer loop
        vertex 0.050848316 -0.6505589 0.236
        vertex 0.050848316 -0.6505589 0
        vertex 0.052278586 -0.655888 0
    endloop
endfacet
facet normal -0.96582001 -0.25921348 -0
    outer loop
        vertex 0.052278586 -0.655888 0.236
        vertex 0.050848316 -0.6505589 0.236
        vertex 0.052278586 -0.655888 0
    endloop
endfacet
facet normal -0.96113068 -0.2760939 0
    outer loop
        vertex 0.0532343 -0.65921503 0
        vertex 0.052278586 -0.655888 0.236
        vertex 0.052278586 -0.655888 0
    endloop
endfacet
facet normal -0.96113068 -0.2760939 0
    outer loop
        vertex 0.0532343 -0.65921503 0
        vertex 0.0532343 -0.65921503 0.236
        vertex 0.052278586 -0.655888 0.236
    endloop
endfacet
facet normal -0.94888872 -0.31561092 0
    outer loop
        vertex 0.0532343 -0.65921503 0
        vertex 0.054561596 -0.66320556 0
        vertex 0.0532343 -0.65921503 0.236
    endloop
endfacet
facet normal -0.94888872 -0.31561092 0
    outer loop
        vertex 0.0532343 -0.65921503 0.236
        vertex 0.054561596 -0.66320556 0
        vertex 0.054561596 -0.66320556 0.236
    endloop
endfacet
facet normal -0.93006015 -0.36740738 -0
    outer loop
        vertex 0.054561596 -0.66320556 0.236
        vertex 0.054561596 -0.66320556 0
        vertex 0.05649065 -0.6680888 0.236
    endloop
endfacet
facet normal -0.93006015 -0.36740738 -0
    outer loop
        vertex 0.05649065 -0.6680888 0.236
        vertex 0.054561596 -0.66320556 0
        vertex 0.05649065 -0.6680888 0
    endloop
endfacet
facet normal -0.91423923 -0.40517476 0
    outer loop
        vertex 0.057752766 -0.67093664 0.236
        vertex 0.05649065 -0.6680888 0.236
        vertex 0.05649065 -0.6680888 0
    endloop
endfacet
facet normal -0.91423923 -0.40517476 0
    outer loop
        vertex 0.057752766 -0.67093664 0
        vertex 0.057752766 -0.67093664 0.236
        vertex 0.05649065 -0.6680888 0
    endloop
endfacet
facet normal -0.90335393 -0.42889592 0
    outer loop
        vertex 0.057752766 -0.67093664 0
        vertex 0.059251633 -0.6740936 0.236
        vertex 0.057752766 -0.67093664 0.236
    endloop
endfacet
facet normal -0.83272856 -0.55368155 0
    outer loop
        vertex 0.0787896 -0.7072526 0
        vertex 0.08321826 -0.71391326 0
        vertex 0.08321826 -0.71391326 0.236
    endloop
endfacet
facet normal -0.83272856 -0.55368155 -0
    outer loop
        vertex 0.0787896 -0.7072526 0.236
        vertex 0.0787896 -0.7072526 0
        vertex 0.08321826 -0.71391326 0.236
    endloop
endfacet
facet normal -0.83956361 -0.54326147 -0
    outer loop
        vertex 0.0787896 -0.7072526 0.236
        vertex 0.07482786 -0.7011301 0
        vertex 0.0787896 -0.7072526 0
    endloop
endfacet
facet normal -0.83956361 -0.54326147 0
    outer loop
        vertex 0.0787896 -0.7072526 0.236
        vertex 0.07482786 -0.7011301 0.236
        vertex 0.07482786 -0.7011301 0
    endloop
endfacet
facet normal -0.84694415 -0.53168184 0
    outer loop
        vertex 0.07482786 -0.7011301 0
        vertex 0.07482786 -0.7011301 0.236
        vertex 0.07130427 -0.6955172 0
    endloop
endfacet
facet normal -0.84694415 -0.53168184 0
    outer loop
        vertex 0.07130427 -0.6955172 0
        vertex 0.07482786 -0.7011301 0.236
        vertex 0.07130427 -0.6955172 0.236
    endloop
endfacet
facet normal -0.85491014 -0.518776 0
    outer loop
        vertex 0.06819006 -0.69038516 0
        vertex 0.07130427 -0.6955172 0
        vertex 0.07130427 -0.6955172 0.236
    endloop
endfacet
facet normal -0.85491014 -0.518776 -0
    outer loop
        vertex 0.06819006 -0.69038516 0.236
        vertex 0.06819006 -0.69038516 0
        vertex 0.07130427 -0.6955172 0.236
    endloop
endfacet
facet normal -0.86347497 -0.50439167 -0
    outer loop
        vertex 0.06819006 -0.69038516 0.236
        vertex 0.065456465 -0.6857055 0
        vertex 0.06819006 -0.69038516 0
    endloop
endfacet
facet normal -0.86347497 -0.50439167 0
    outer loop
        vertex 0.06819006 -0.69038516 0.236
        vertex 0.065456465 -0.6857055 0.236
        vertex 0.065456465 -0.6857055 0
    endloop
endfacet
facet normal -0.87264955 -0.48834705 0
    outer loop
        vertex 0.065456465 -0.6857055 0
        vertex 0.065456465 -0.6857055 0.236
        vertex 0.06307471 -0.6814494 0
    endloop
endfacet
facet normal -0.87264955 -0.48834705 0
    outer loop
        vertex 0.06307471 -0.6814494 0
        vertex 0.065456465 -0.6857055 0.236
        vertex 0.06307471 -0.6814494 0.236
    endloop
endfacet
facet normal -0.88240534 -0.47048995 0
    outer loop
        vertex 0.061016023 -0.67758834 0
        vertex 0.06307471 -0.6814494 0
        vertex 0.06307471 -0.6814494 0.236
    endloop
endfacet
facet normal -0.88240534 -0.47048995 -0
    outer loop
        vertex 0.061016023 -0.67758834 0.236
        vertex 0.061016023 -0.67758834 0
        vertex 0.06307471 -0.6814494 0.236
    endloop
endfacet
facet normal -0.8926813 -0.45068839 -0
    outer loop
        vertex 0.061016023 -0.67758834 0.236
        vertex 0.059251633 -0.6740936 0
        vertex 0.061016023 -0.67758834 0
    endloop
endfacet
facet normal -0.8926813 -0.45068839 0
    outer loop
        vertex 0.061016023 -0.67758834 0.236
        vertex 0.059251633 -0.6740936 0.236
        vertex 0.059251633 -0.6740936 0
    endloop
endfacet
facet normal -0.90335393 -0.42889592 0
    outer loop
        vertex 0.059251633 -0.6740936 0
        vertex 0.059251633 -0.6740936 0.236
        vertex 0.057752766 -0.67093664 0
    endloop
endfacet
facet normal -0.993415 -0.11457207 0
    outer loop
        vertex 0.047831416 -0.63711375 0
        vertex 0.047831416 -0.63711375 0.236
        vertex 0.047584876 -0.6349761 0.236
    endloop
endfacet
facet normal 0.16115974 -0.98692828 0
    outer loop
        vertex 0.08321826 -0.71391326 0.236
        vertex 0.08321826 -0.71391326 0
        vertex 0.14826772 -0.70329106 0.236
    endloop
endfacet
facet normal 0.16115974 -0.98692828 0
    outer loop
        vertex 0.14826772 -0.70329106 0.236
        vertex 0.08321826 -0.71391326 0
        vertex 0.14826772 -0.70329106 0
    endloop
endfacet
facet normal 0.96839464 -0.24942309 0
    outer loop
        vertex 0.14826772 -0.70329106 0.236
        vertex 0.14826772 -0.70329106 0
        vertex 0.1501224 -0.69609016 0
    endloop
endfacet
facet normal 0.96839464 -0.24942309 0
    outer loop
        vertex 0.1501224 -0.69609016 0.236
        vertex 0.14826772 -0.70329106 0.236
        vertex 0.1501224 -0.69609016 0
    endloop
endfacet
facet normal 0.96916085 -0.2464287 0
    outer loop
        vertex 0.1517994 -0.68949485 0
        vertex 0.1501224 -0.69609016 0.236
        vertex 0.1501224 -0.69609016 0
    endloop
endfacet
facet normal 0.96916085 -0.2464287 0
    outer loop
        vertex 0.1517994 -0.68949485 0
        vertex 0.1517994 -0.68949485 0.236
        vertex 0.1501224 -0.69609016 0.236
    endloop
endfacet
facet normal 0.97252244 -0.23280919 0
    outer loop
        vertex 0.1517994 -0.68949485 0
        vertex 0.15380126 -0.6811324 0
        vertex 0.1517994 -0.68949485 0.236
    endloop
endfacet
facet normal 0.97252244 -0.23280919 0
    outer loop
        vertex 0.1517994 -0.68949485 0.236
        vertex 0.15380126 -0.6811324 0
        vertex 0.15380126 -0.6811324 0.236
    endloop
endfacet
facet normal 0.97640014 -0.21596894 0
    outer loop
        vertex 0.15380126 -0.6811324 0.236
        vertex 0.15380126 -0.6811324 0
        vertex 0.15480821 -0.67657995 0
    endloop
endfacet
facet normal 0.97640014 -0.21596894 0
    outer loop
        vertex 0.15480821 -0.67657995 0.236
        vertex 0.15380126 -0.6811324 0.236
        vertex 0.15480821 -0.67657995 0
    endloop
endfacet
facet normal 0.97974658 -0.20024152 0
    outer loop
        vertex 0.1557574 -0.67193574 0.236
        vertex 0.15480821 -0.67657995 0
        vertex 0.1557574 -0.67193574 0
    endloop
endfacet
facet normal 0.98367566 -0.17995088 0
    outer loop
        vertex 0.15660247 -0.66731626 0.236
        vertex 0.1557574 -0.67193574 0.236
        vertex 0.1557574 -0.67193574 0
    endloop
endfacet
facet normal 0.98367566 -0.17995088 0
    outer loop
        vertex 0.15660247 -0.66731626 0
        vertex 0.15660247 -0.66731626 0.236
        vertex 0.1557574 -0.67193574 0
    endloop
endfacet
facet normal 0.98818195 -0.15328586 0
    outer loop
        vertex 0.15660247 -0.66731626 0
        vertex 0.15729712 -0.6628381 0.236
        vertex 0.15660247 -0.66731626 0.236
    endloop
endfacet
facet normal 0.98818195 -0.15328586 0
    outer loop
        vertex 0.15660247 -0.66731626 0
        vertex 0.15729712 -0.6628381 0
        vertex 0.15729712 -0.6628381 0.236
    endloop
endfacet
facet normal 0.99285012 -0.11936757 0
    outer loop
        vertex 0.15729712 -0.6628381 0.236
        vertex 0.15729712 -0.6628381 0
        vertex 0.15780686 -0.6585983 0.236
    endloop
endfacet
facet normal 0.99642718 -0.08445593 0
    outer loop
        vertex 0.15780686 -0.6585983 0.236
        vertex 0.15780686 -0.6585983 0
        vertex 0.15814444 -0.6546154 0.236
    endloop
endfacet
facet normal 0.99870187 -0.05093723 0
    outer loop
        vertex 0.15814444 -0.6546154 0
        vertex 0.15833455 -0.650888 0
        vertex 0.15833455 -0.650888 0.236
    endloop
endfacet
facet normal 0.99937999 0.03520979 0
    outer loop
        vertex 0.15826625 -0.64122665 0.236
        vertex 0.15837082 -0.6441949 0.236
        vertex 0.15837082 -0.6441949 0
    endloop
endfacet
facet normal 0.99568748 0.09277023 0
    outer loop
        vertex 0.15793481 -0.6360408 0
        vertex 0.15722887 -0.62846404 0
        vertex 0.15722887 -0.62846404 0.236
    endloop
endfacet
facet normal 0.97532588 0.22077006 0
    outer loop
        vertex 0.15594035 -0.61893785 0.236
        vertex 0.15549856 -0.6169861 0
        vertex 0.15549856 -0.6169861 0.236
    endloop
endfacet
facet normal 0.97532588 0.22077006 0
    outer loop
        vertex 0.15594035 -0.61893785 0.236
        vertex 0.15594035 -0.61893785 0
        vertex 0.15549856 -0.6169861 0
    endloop
endfacet
facet normal 0.98950905 0.14447065 0
    outer loop
        vertex 0.15594035 -0.61893785 0.236
        vertex 0.15664186 -0.6237426 0.236
        vertex 0.15594035 -0.61893785 0
    endloop
endfacet
facet normal 0.98950905 0.14447065 0
    outer loop
        vertex 0.15594035 -0.61893785 0
        vertex 0.15664186 -0.6237426 0.236
        vertex 0.15664186 -0.6237426 0
    endloop
endfacet
facet normal 0.99235958 0.12337942 -0
    outer loop
        vertex 0.15664186 -0.6237426 0
        vertex 0.15664186 -0.6237426 0.236
        vertex 0.15722887 -0.62846404 0
    endloop
endfacet
facet normal 0.99235958 0.12337942 -0
    outer loop
        vertex 0.15722887 -0.62846404 0
        vertex 0.15664186 -0.6237426 0.236
        vertex 0.15722887 -0.62846404 0.236
    endloop
endfacet
facet normal 0.99568748 0.09277023 -0
    outer loop
        vertex 0.15793481 -0.6360408 0
        vertex 0.15722887 -0.62846404 0.236
        vertex 0.15793481 -0.6360408 0.236
    endloop
endfacet
facet normal 0.99796391 0.06378073 0
    outer loop
        vertex 0.15826625 -0.64122665 0
        vertex 0.15793481 -0.6360408 0
        vertex 0.15793481 -0.6360408 0.236
    endloop
endfacet
facet normal 0.99796391 0.06378073 0
    outer loop
        vertex 0.15826625 -0.64122665 0.236
        vertex 0.15826625 -0.64122665 0
        vertex 0.15793481 -0.6360408 0.236
    endloop
endfacet
facet normal 0.99937999 0.03520979 0
    outer loop
        vertex 0.15826625 -0.64122665 0.236
        vertex 0.15837082 -0.6441949 0
        vertex 0.15826625 -0.64122665 0
    endloop
endfacet
facet normal 0.99995375 0.00962046 0
    outer loop
        vertex 0.15837082 -0.6441949 0.236
        vertex 0.1584018 -0.6474149 0
        vertex 0.15837082 -0.6441949 0
    endloop
endfacet
facet normal 0.99995375 0.00962046 0
    outer loop
        vertex 0.15837082 -0.6441949 0.236
        vertex 0.1584018 -0.6474149 0.236
        vertex 0.1584018 -0.6474149 0
    endloop
endfacet
facet normal 0.99981254 -0.01935915 0
    outer loop
        vertex 0.1584018 -0.6474149 0
        vertex 0.1584018 -0.6474149 0.236
        vertex 0.15833455 -0.650888 0
    endloop
endfacet
facet normal 0.99981254 -0.01935915 0
    outer loop
        vertex 0.15833455 -0.650888 0
        vertex 0.1584018 -0.6474149 0.236
        vertex 0.15833455 -0.650888 0.236
    endloop
endfacet
facet normal 0.99870187 -0.05093723 0
    outer loop
        vertex 0.15814444 -0.6546154 0
        vertex 0.15833455 -0.650888 0.236
        vertex 0.15814444 -0.6546154 0.236
    endloop
endfacet
facet normal 0.99642718 -0.08445593 0
    outer loop
        vertex 0.15780686 -0.6585983 0
        vertex 0.15814444 -0.6546154 0
        vertex 0.15814444 -0.6546154 0.236
    endloop
endfacet
facet normal 0.99285012 -0.11936757 0
    outer loop
        vertex 0.15729712 -0.6628381 0
        vertex 0.15780686 -0.6585983 0
        vertex 0.15780686 -0.6585983 0.236
    endloop
endfacet
facet normal 0.97974658 -0.20024152 0
    outer loop
        vertex 0.15480821 -0.67657995 0
        vertex 0.1557574 -0.67193574 0.236
        vertex 0.15480821 -0.67657995 0.236
    endloop
endfacet
facet normal 0.29986948 -0.95398027 0
    outer loop
        vertex 0.15549856 -0.6169861 0.236
        vertex 0.15549856 -0.6169861 0
        vertex 0.23263331 -0.59273994 0.236
    endloop
endfacet
facet normal 0.29986948 -0.95398027 0
    outer loop
        vertex 0.23263331 -0.59273994 0.236
        vertex 0.15549856 -0.6169861 0
        vertex 0.23263331 -0.59273994 0
    endloop
endfacet
facet normal -0.9155153 -0.40228301 -0
    outer loop
        vertex 0.23263331 -0.59273994 0.236
        vertex 0.23263331 -0.59273994 0
        vertex 0.23349896 -0.59471 0
    endloop
endfacet
facet normal -0.87828904 -0.47813001 -0
    outer loop
        vertex 0.23349896 -0.59471 0.236
        vertex 0.23349896 -0.59471 0
        vertex 0.235749 -0.59884316 0.236
    endloop
endfacet
facet normal -0.87828904 -0.47813001 -0
    outer loop
        vertex 0.235749 -0.59884316 0.236
        vertex 0.23349896 -0.59471 0
        vertex 0.235749 -0.59884316 0
    endloop
endfacet
facet normal -0.86794335 -0.49666342 0
    outer loop
        vertex 0.23825005 -0.60321385 0
        vertex 0.235749 -0.59884316 0.236
        vertex 0.235749 -0.59884316 0
    endloop
endfacet
facet normal -0.86794335 -0.49666342 0
    outer loop
        vertex 0.23825005 -0.60321385 0
        vertex 0.23825005 -0.60321385 0.236
        vertex 0.235749 -0.59884316 0.236
    endloop
endfacet
facet normal -0.85508186 -0.51849294 0
    outer loop
        vertex 0.23825005 -0.60321385 0
        vertex 0.24034485 -0.60666853 0
        vertex 0.23825005 -0.60321385 0.236
    endloop
endfacet
facet normal -0.85508186 -0.51849294 0
    outer loop
        vertex 0.23825005 -0.60321385 0.236
        vertex 0.24034485 -0.60666853 0
        vertex 0.24034485 -0.60666853 0.236
    endloop
endfacet
facet normal -0.84650934 -0.53237385 -0
    outer loop
        vertex 0.24034485 -0.60666853 0.236
        vertex 0.24034485 -0.60666853 0
        vertex 0.24328238 -0.6113394 0
    endloop
endfacet
facet normal -0.84650934 -0.53237385 -0
    outer loop
        vertex 0.24328238 -0.6113394 0.236
        vertex 0.24034485 -0.60666853 0.236
        vertex 0.24328238 -0.6113394 0
    endloop
endfacet
facet normal -0.83704865 -0.5471285 0
    outer loop
        vertex 0.2451763 -0.6142369 0
        vertex 0.24328238 -0.6113394 0.236
        vertex 0.24328238 -0.6113394 0
    endloop
endfacet
facet normal -0.83704865 -0.5471285 0
    outer loop
        vertex 0.2451763 -0.6142369 0
        vertex 0.2451763 -0.6142369 0.236
        vertex 0.24328238 -0.6113394 0.236
    endloop
endfacet
facet normal -0.81370378 -0.58127975 0
    outer loop
        vertex 0.2451763 -0.6142369 0
        vertex 0.24762087 -0.6176589 0
        vertex 0.2451763 -0.6142369 0.236
    endloop
endfacet
facet normal -0.81370378 -0.58127975 0
    outer loop
        vertex 0.2451763 -0.6142369 0.236
        vertex 0.24762087 -0.6176589 0
        vertex 0.24762087 -0.6176589 0.236
    endloop
endfacet
facet normal -0.78044415 -0.62522548 -0
    outer loop
        vertex 0.24762087 -0.6176589 0.236
        vertex 0.24762087 -0.6176589 0
        vertex 0.25090355 -0.62175655 0.236
    endloop
endfacet
facet normal -0.78044415 -0.62522548 -0
    outer loop
        vertex 0.25090355 -0.62175655 0.236
        vertex 0.24762087 -0.6176589 0
        vertex 0.25090355 -0.62175655 0
    endloop
endfacet
facet normal -0.75419241 -0.65665352 0
    outer loop
        vertex 0.25294903 -0.6241059 0.236
        vertex 0.25090355 -0.62175655 0.236
        vertex 0.25090355 -0.62175655 0
    endloop
endfacet
facet normal -0.75419241 -0.65665352 0
    outer loop
        vertex 0.25294903 -0.6241059 0
        vertex 0.25294903 -0.6241059 0.236
        vertex 0.25090355 -0.62175655 0
    endloop
endfacet
facet normal -0.73680925 -0.67610067 0
    outer loop
        vertex 0.25294903 -0.6241059 0
        vertex 0.25531185 -0.62668085 0.236
        vertex 0.25294903 -0.6241059 0.236
    endloop
endfacet
facet normal -0.63252968 -0.77453619 0
    outer loop
        vertex 0.28375554 -0.65260774 0
        vertex 0.28995076 -0.6576671 0
        vertex 0.28995076 -0.6576671 0.236
    endloop
endfacet
facet normal -0.63252968 -0.77453619 -0
    outer loop
        vertex 0.28375554 -0.65260774 0.236
        vertex 0.28375554 -0.65260774 0
        vertex 0.28995076 -0.6576671 0.236
    endloop
endfacet
facet normal -0.64214194 -0.76658583 -0
    outer loop
        vertex 0.28375554 -0.65260774 0.236
        vertex 0.2781652 -0.6479249 0
        vertex 0.28375554 -0.65260774 0
    endloop
endfacet
facet normal -0.64214194 -0.76658583 0
    outer loop
        vertex 0.28375554 -0.65260774 0.236
        vertex 0.2781652 -0.6479249 0.236
        vertex 0.2781652 -0.6479249 0
    endloop
endfacet
facet normal -0.65259749 -0.75770473 0
    outer loop
        vertex 0.2781652 -0.6479249 0
        vertex 0.2781652 -0.6479249 0.236
        vertex 0.2731437 -0.6436 0
    endloop
endfacet
facet normal -0.65259749 -0.75770473 0
    outer loop
        vertex 0.2731437 -0.6436 0
        vertex 0.2781652 -0.6479249 0.236
        vertex 0.2731437 -0.6436 0.236
    endloop
endfacet
facet normal -0.66401553 -0.74771869 0
    outer loop
        vertex 0.26865518 -0.6396139 0
        vertex 0.2731437 -0.6436 0
        vertex 0.2731437 -0.6436 0.236
    endloop
endfacet
facet normal -0.66401553 -0.74771869 -0
    outer loop
        vertex 0.26865518 -0.6396139 0.236
        vertex 0.26865518 -0.6396139 0
        vertex 0.2731437 -0.6436 0.236
    endloop
endfacet
facet normal -0.67644173 -0.73649615 -0
    outer loop
        vertex 0.26865518 -0.6396139 0.236
        vertex 0.26466367 -0.6359479 0
        vertex 0.26865518 -0.6396139 0
    endloop
endfacet
facet normal -0.67644173 -0.73649615 0
    outer loop
        vertex 0.26865518 -0.6396139 0.236
        vertex 0.26466367 -0.6359479 0.236
        vertex 0.26466367 -0.6359479 0
    endloop
endfacet
facet normal -0.68993407 -0.72387224 0
    outer loop
        vertex 0.26466367 -0.6359479 0
        vertex 0.26466367 -0.6359479 0.236
        vertex 0.26113322 -0.63258296 0
    endloop
endfacet
facet normal -0.68993407 -0.72387224 0
    outer loop
        vertex 0.26113322 -0.63258296 0
        vertex 0.26466367 -0.6359479 0.236
        vertex 0.26113322 -0.63258296 0.236
    endloop
endfacet
facet normal -0.7045241 -0.70968002 0
    outer loop
        vertex 0.2580279 -0.6295002 0
        vertex 0.26113322 -0.63258296 0
        vertex 0.26113322 -0.63258296 0.236
    endloop
endfacet
facet normal -0.7045241 -0.70968002 -0
    outer loop
        vertex 0.2580279 -0.6295002 0.236
        vertex 0.2580279 -0.6295002 0
        vertex 0.26113322 -0.63258296 0.236
    endloop
endfacet
facet normal -0.72017652 -0.69379091 -0
    outer loop
        vertex 0.2580279 -0.6295002 0.236
        vertex 0.25531185 -0.62668085 0
        vertex 0.2580279 -0.6295002 0
    endloop
endfacet
facet normal -0.72017652 -0.69379091 0
    outer loop
        vertex 0.2580279 -0.6295002 0.236
        vertex 0.25531185 -0.62668085 0.236
        vertex 0.25531185 -0.62668085 0
    endloop
endfacet
facet normal -0.73680925 -0.67610067 0
    outer loop
        vertex 0.25531185 -0.62668085 0
        vertex 0.25531185 -0.62668085 0.236
        vertex 0.25294903 -0.6241059 0
    endloop
endfacet
facet normal -0.9155153 -0.40228301 0
    outer loop
        vertex 0.23349896 -0.59471 0
        vertex 0.23349896 -0.59471 0.236
        vertex 0.23263331 -0.59273994 0.236
    endloop
endfacet
facet normal 0.44490284 -0.89557886 0
    outer loop
        vertex 0.28995076 -0.6576671 0.236
        vertex 0.28995076 -0.6576671 0
        vertex 0.34897926 -0.6283431 0.236
    endloop
endfacet
facet normal 0.44490284 -0.89557886 0
    outer loop
        vertex 0.34897926 -0.6283431 0.236
        vertex 0.28995076 -0.6576671 0
        vertex 0.34897926 -0.6283431 0
    endloop
endfacet
facet normal 0.99889034 0.0470969 0
    outer loop
        vertex 0.34897926 -0.6283431 0.236
        vertex 0.34897926 -0.6283431 0
        vertex 0.34862906 -0.6209155 0
    endloop
endfacet
facet normal 0.99889034 0.0470969 0
    outer loop
        vertex 0.34862906 -0.6209155 0.236
        vertex 0.34897926 -0.6283431 0.236
        vertex 0.34862906 -0.6209155 0
    endloop
endfacet
facet normal 0.99874008 0.05018312 0
    outer loop
        vertex 0.34828755 -0.6141189 0
        vertex 0.34862906 -0.6209155 0.236
        vertex 0.34862906 -0.6209155 0
    endloop
endfacet
facet normal 0.99874008 0.05018312 -0
    outer loop
        vertex 0.34828755 -0.6141189 0
        vertex 0.34828755 -0.6141189 0.236
        vertex 0.34862906 -0.6209155 0.236
    endloop
endfacet
facet normal 0.99793792 0.06418767 -0
    outer loop
        vertex 0.34828755 -0.6141189 0
        vertex 0.3477356 -0.6055378 0
        vertex 0.34828755 -0.6141189 0.236
    endloop
endfacet
facet normal 0.99793792 0.06418767 0
    outer loop
        vertex 0.34828755 -0.6141189 0.236
        vertex 0.3477356 -0.6055378 0
        vertex 0.3477356 -0.6055378 0.236
    endloop
endfacet
facet normal 0.99667913 0.08142875 0
    outer loop
        vertex 0.3477356 -0.6055378 0.236
        vertex 0.3477356 -0.6055378 0
        vertex 0.34735596 -0.6008909 0
    endloop
endfacet
facet normal 0.99667913 0.08142875 0
    outer loop
        vertex 0.34735596 -0.6008909 0.236
        vertex 0.3477356 -0.6055378 0.236
        vertex 0.34735596 -0.6008909 0
    endloop
endfacet
facet normal 0.99524105 0.09744432 0
    outer loop
        vertex 0.34689406 -0.5961732 0.236
        vertex 0.34735596 -0.6008909 0
        vertex 0.34689406 -0.5961732 0
    endloop
endfacet
facet normal 0.99301535 0.11798553 0
    outer loop
        vertex 0.34633997 -0.5915098 0.236
        vertex 0.34689406 -0.5961732 0.236
        vertex 0.34689406 -0.5961732 0
    endloop
endfacet
facet normal 0.99301535 0.11798553 -0
    outer loop
        vertex 0.34633997 -0.5915098 0
        vertex 0.34633997 -0.5915098 0.236
        vertex 0.34689406 -0.5961732 0
    endloop
endfacet
facet normal 0.9894619 0.14479305 -0
    outer loop
        vertex 0.34633997 -0.5915098 0
        vertex 0.3456838 -0.5870259 0.236
        vertex 0.34633997 -0.5915098 0.236
    endloop
endfacet
facet normal 0.9894619 0.14479305 0
    outer loop
        vertex 0.34633997 -0.5915098 0
        vertex 0.3456838 -0.5870259 0
        vertex 0.3456838 -0.5870259 0.236
    endloop
endfacet
facet normal 0.98392522 0.17858079 0
    outer loop
        vertex 0.3456838 -0.5870259 0.236
        vertex 0.3456838 -0.5870259 0
        vertex 0.34492123 -0.5828243 0.236
    endloop
endfacet
facet normal 0.9770503 0.21300842 0
    outer loop
        vertex 0.34492123 -0.5828243 0.236
        vertex 0.34492123 -0.5828243 0
        vertex 0.34406978 -0.57891876 0.236
    endloop
endfacet
facet normal 0.96934736 0.24569458 0
    outer loop
        vertex 0.34406978 -0.57891876 0
        vertex 0.3431528 -0.57530093 0
        vertex 0.3431528 -0.57530093 0.236
    endloop
endfacet
facet normal 0.94459939 0.32822561 0
    outer loop
        vertex 0.3402398 -0.566089 0.236
        vertex 0.34121463 -0.56889445 0.236
        vertex 0.34121463 -0.56889445 0
    endloop
endfacet
facet normal 0.92410761 0.38213238 0
    outer loop
        vertex 0.33839455 -0.56123126 0
        vertex 0.33548665 -0.5541991 0
        vertex 0.33548665 -0.5541991 0.236
    endloop
endfacet
facet normal 0.86693043 0.49842912 0
    outer loop
        vertex 0.33144748 -0.5454759 0.236
        vertex 0.3304501 -0.5437411 0
        vertex 0.3304501 -0.5437411 0.236
    endloop
endfacet
facet normal 0.86693043 0.49842912 0
    outer loop
        vertex 0.33144748 -0.5454759 0.236
        vertex 0.33144748 -0.5454759 0
        vertex 0.3304501 -0.5437411 0
    endloop
endfacet
facet normal 0.90296566 0.42971271 0
    outer loop
        vertex 0.33144748 -0.5454759 0.236
        vertex 0.33353403 -0.5498604 0.236
        vertex 0.33144748 -0.5454759 0
    endloop
endfacet
facet normal 0.90296566 0.42971271 0
    outer loop
        vertex 0.33144748 -0.5454759 0
        vertex 0.33353403 -0.5498604 0.236
        vertex 0.33353403 -0.5498604 0
    endloop
endfacet
facet normal 0.91190481 0.41040167 -0
    outer loop
        vertex 0.33353403 -0.5498604 0
        vertex 0.33353403 -0.5498604 0.236
        vertex 0.33548665 -0.5541991 0
    endloop
endfacet
facet normal 0.91190481 0.41040167 -0
    outer loop
        vertex 0.33548665 -0.5541991 0
        vertex 0.33353403 -0.5498604 0.236
        vertex 0.33548665 -0.5541991 0.236
    endloop
endfacet
facet normal 0.92410761 0.38213238 -0
    outer loop
        vertex 0.33839455 -0.56123126 0
        vertex 0.33548665 -0.5541991 0.236
        vertex 0.33839455 -0.56123126 0.236
    endloop
endfacet
facet normal 0.93482786 0.35510129 0
    outer loop
        vertex 0.3402398 -0.566089 0
        vertex 0.33839455 -0.56123126 0
        vertex 0.33839455 -0.56123126 0.236
    endloop
endfacet
facet normal 0.93482786 0.35510129 0
    outer loop
        vertex 0.3402398 -0.566089 0.236
        vertex 0.3402398 -0.566089 0
        vertex 0.33839455 -0.56123126 0.236
    endloop
endfacet
facet normal 0.94459939 0.32822561 0
    outer loop
        vertex 0.3402398 -0.566089 0.236
        vertex 0.34121463 -0.56889445 0
        vertex 0.3402398 -0.566089 0
    endloop
endfacet
facet normal 0.95269358 0.3039324 0
    outer loop
        vertex 0.34121463 -0.56889445 0.236
        vertex 0.34219337 -0.57196236 0
        vertex 0.34121463 -0.56889445 0
    endloop
endfacet
facet normal 0.95269358 0.3039324 0
    outer loop
        vertex 0.34121463 -0.56889445 0.236
        vertex 0.34219337 -0.57196236 0.236
        vertex 0.34219337 -0.57196236 0
    endloop
endfacet
facet normal 0.96110094 0.27619725 -0
    outer loop
        vertex 0.34219337 -0.57196236 0
        vertex 0.34219337 -0.57196236 0.236
        vertex 0.3431528 -0.57530093 0
    endloop
endfacet
facet normal 0.96110094 0.27619725 -0
    outer loop
        vertex 0.3431528 -0.57530093 0
        vertex 0.34219337 -0.57196236 0.236
        vertex 0.3431528 -0.57530093 0.236
    endloop
endfacet
facet normal 0.96934736 0.24569458 -0
    outer loop
        vertex 0.34406978 -0.57891876 0
        vertex 0.3431528 -0.57530093 0.236
        vertex 0.34406978 -0.57891876 0.236
    endloop
endfacet
facet normal 0.9770503 0.21300842 0
    outer loop
        vertex 0.34492123 -0.5828243 0
        vertex 0.34406978 -0.57891876 0
        vertex 0.34406978 -0.57891876 0.236
    endloop
endfacet
facet normal 0.98392522 0.17858079 0
    outer loop
        vertex 0.3456838 -0.5870259 0
        vertex 0.34492123 -0.5828243 0
        vertex 0.34492123 -0.5828243 0.236
    endloop
endfacet
facet normal 0.99524105 0.09744432 -0
    outer loop
        vertex 0.34735596 -0.6008909 0
        vertex 0.34689406 -0.5961732 0.236
        vertex 0.34735596 -0.6008909 0.236
    endloop
endfacet
facet normal 0.56773764 -0.82320958 0
    outer loop
        vertex 0.3304501 -0.5437411 0.236
        vertex 0.3304501 -0.5437411 0
        vertex 0.39701122 -0.49783632 0.236
    endloop
endfacet
facet normal 0.56773764 -0.82320958 0
    outer loop
        vertex 0.39701122 -0.49783632 0.236
        vertex 0.3304501 -0.5437411 0
        vertex 0.39701122 -0.49783632 0
    endloop
endfacet
facet normal -0.75626004 -0.65427125 -0
    outer loop
        vertex 0.39701122 -0.49783632 0.236
        vertex 0.39701122 -0.49783632 0
        vertex 0.3984191 -0.49946368 0
    endloop
endfacet
facet normal -0.69833905 -0.71576715 -0
    outer loop
        vertex 0.3984191 -0.49946368 0.236
        vertex 0.3984191 -0.49946368 0
        vertex 0.4017875 -0.50275004 0.236
    endloop
endfacet
facet normal -0.69833905 -0.71576715 -0
    outer loop
        vertex 0.4017875 -0.50275004 0.236
        vertex 0.3984191 -0.49946368 0
        vertex 0.4017875 -0.50275004 0
    endloop
endfacet
facet normal -0.68298513 -0.73043221 0
    outer loop
        vertex 0.40546566 -0.5061893 0
        vertex 0.4017875 -0.50275004 0.236
        vertex 0.4017875 -0.50275004 0
    endloop
endfacet
facet normal -0.68298513 -0.73043221 0
    outer loop
        vertex 0.40546566 -0.5061893 0
        vertex 0.40546566 -0.5061893 0.236
        vertex 0.4017875 -0.50275004 0.236
    endloop
endfacet
facet normal -0.6642713 -0.74749148 0
    outer loop
        vertex 0.40546566 -0.5061893 0
        vertex 0.4084857 -0.5088731 0
        vertex 0.40546566 -0.5061893 0.236
    endloop
endfacet
facet normal -0.6642713 -0.74749148 0
    outer loop
        vertex 0.40546566 -0.5061893 0.236
        vertex 0.4084857 -0.5088731 0
        vertex 0.4084857 -0.5088731 0.236
    endloop
endfacet
facet normal -0.65197647 -0.75823927 -0
    outer loop
        vertex 0.4084857 -0.5088731 0.236
        vertex 0.4084857 -0.5088731 0
        vertex 0.41266948 -0.51247054 0
    endloop
endfacet
facet normal -0.65197647 -0.75823927 -0
    outer loop
        vertex 0.41266948 -0.51247054 0.236
        vertex 0.4084857 -0.5088731 0.236
        vertex 0.41266948 -0.51247054 0
    endloop
endfacet
facet normal -0.63859856 -0.76953995 0
    outer loop
        vertex 0.4153333 -0.5146811 0
        vertex 0.41266948 -0.51247054 0.236
        vertex 0.41266948 -0.51247054 0
    endloop
endfacet
facet normal -0.63859856 -0.76953995 0
    outer loop
        vertex 0.4153333 -0.5146811 0
        vertex 0.4153333 -0.5146811 0.236
        vertex 0.41266948 -0.51247054 0.236
    endloop
endfacet
facet normal -0.60622126 -0.79529601 0
    outer loop
        vertex 0.4153333 -0.5146811 0
        vertex 0.41867793 -0.5172306 0
        vertex 0.4153333 -0.5146811 0.236
    endloop
endfacet
facet normal -0.60622126 -0.79529601 0
    outer loop
        vertex 0.4153333 -0.5146811 0.236
        vertex 0.41867793 -0.5172306 0
        vertex 0.41867793 -0.5172306 0.236
    endloop
endfacet
facet normal -0.56148273 -0.82748854 -0
    outer loop
        vertex 0.41867793 -0.5172306 0.236
        vertex 0.41867793 -0.5172306 0
        vertex 0.42302254 -0.52017856 0.236
    endloop
endfacet
facet normal -0.56148273 -0.82748854 -0
    outer loop
        vertex 0.42302254 -0.52017856 0.236
        vertex 0.41867793 -0.5172306 0
        vertex 0.42302254 -0.52017856 0
    endloop
endfacet
facet normal -0.52713138 -0.84978384 0
    outer loop
        vertex 0.42566967 -0.5218206 0.236
        vertex 0.42302254 -0.52017856 0.236
        vertex 0.42302254 -0.52017856 0
    endloop
endfacet
facet normal -0.52713138 -0.84978384 0
    outer loop
        vertex 0.42566967 -0.5218206 0
        vertex 0.42566967 -0.5218206 0.236
        vertex 0.42302254 -0.52017856 0
    endloop
endfacet
facet normal -0.50478005 -0.86324793 0
    outer loop
        vertex 0.42566967 -0.5218206 0
        vertex 0.42868647 -0.52358466 0.236
        vertex 0.42566967 -0.5218206 0.236
    endloop
endfacet
facet normal -0.37613958 -0.92656308 0
    outer loop
        vertex 0.46350858 -0.5399757 0
        vertex 0.47091982 -0.5429843 0
        vertex 0.47091982 -0.5429843 0.236
    endloop
endfacet
facet normal -0.37613958 -0.92656308 -0
    outer loop
        vertex 0.46350858 -0.5399757 0.236
        vertex 0.46350858 -0.5399757 0
        vertex 0.47091982 -0.5429843 0.236
    endloop
endfacet
facet normal -0.38764369 -0.92180926 -0
    outer loop
        vertex 0.46350858 -0.5399757 0.236
        vertex 0.45678633 -0.53714883 0
        vertex 0.46350858 -0.5399757 0
    endloop
endfacet
facet normal -0.38764369 -0.92180926 0
    outer loop
        vertex 0.46350858 -0.5399757 0.236
        vertex 0.45678633 -0.53714883 0.236
        vertex 0.45678633 -0.53714883 0
    endloop
endfacet
facet normal -0.40027121 -0.91639674 0
    outer loop
        vertex 0.45678633 -0.53714883 0
        vertex 0.45678633 -0.53714883 0.236
        vertex 0.45071313 -0.5344961 0
    endloop
endfacet
facet normal -0.40027121 -0.91639674 0
    outer loop
        vertex 0.45071313 -0.5344961 0
        vertex 0.45678633 -0.53714883 0.236
        vertex 0.45071313 -0.5344961 0.236
    endloop
endfacet
facet normal -0.41411862 -0.91022283 0
    outer loop
        vertex 0.4452491 -0.5320102 0
        vertex 0.45071313 -0.5344961 0
        vertex 0.45071313 -0.5344961 0.236
    endloop
endfacet
facet normal -0.41411862 -0.91022283 -0
    outer loop
        vertex 0.4452491 -0.5320102 0.236
        vertex 0.4452491 -0.5320102 0
        vertex 0.45071313 -0.5344961 0.236
    endloop
endfacet
facet normal -0.42930377 -0.90316015 -0
    outer loop
        vertex 0.4452491 -0.5320102 0.236
        vertex 0.44035432 -0.52968353 0
        vertex 0.4452491 -0.5320102 0
    endloop
endfacet
facet normal -0.42930377 -0.90316015 0
    outer loop
        vertex 0.4452491 -0.5320102 0.236
        vertex 0.44035432 -0.52968353 0.236
        vertex 0.44035432 -0.52968353 0
    endloop
endfacet
facet normal -0.44592506 -0.89507037 0
    outer loop
        vertex 0.44035432 -0.52968353 0
        vertex 0.44035432 -0.52968353 0.236
        vertex 0.4359889 -0.5275087 0
    endloop
endfacet
facet normal -0.44592506 -0.89507037 0
    outer loop
        vertex 0.4359889 -0.5275087 0
        vertex 0.44035432 -0.52968353 0.236
        vertex 0.4359889 -0.5275087 0.236
    endloop
endfacet
facet normal -0.46403596 -0.88581628 0
    outer loop
        vertex 0.43211293 -0.52547824 0
        vertex 0.4359889 -0.5275087 0
        vertex 0.4359889 -0.5275087 0.236
    endloop
endfacet
facet normal -0.46403596 -0.88581628 -0
    outer loop
        vertex 0.43211293 -0.52547824 0.236
        vertex 0.43211293 -0.52547824 0
        vertex 0.4359889 -0.5275087 0.236
    endloop
endfacet
facet normal -0.48368779 -0.87524062 -0
    outer loop
        vertex 0.43211293 -0.52547824 0.236
        vertex 0.42868647 -0.52358466 0
        vertex 0.43211293 -0.52547824 0
    endloop
endfacet
facet normal -0.48368779 -0.87524062 0
    outer loop
        vertex 0.43211293 -0.52547824 0.236
        vertex 0.42868647 -0.52358466 0.236
        vertex 0.42868647 -0.52358466 0
    endloop
endfacet
facet normal -0.50478005 -0.86324793 0
    outer loop
        vertex 0.42868647 -0.52358466 0
        vertex 0.42868647 -0.52358466 0.236
        vertex 0.42566967 -0.5218206 0
    endloop
endfacet
facet normal -0.75626004 -0.65427125 0
    outer loop
        vertex 0.3984191 -0.49946368 0
        vertex 0.3984191 -0.49946368 0.236
        vertex 0.39701122 -0.49783632 0.236
    endloop
endfacet
facet normal 0.68911332 -0.72465348 0
    outer loop
        vertex 0.47091982 -0.5429843 0.236
        vertex 0.47091982 -0.5429843 0
        vertex 0.5186825 -0.49756414 0.236
    endloop
endfacet
facet normal 0.68911332 -0.72465348 0
    outer loop
        vertex 0.5186825 -0.49756414 0.236
        vertex 0.47091982 -0.5429843 0
        vertex 0.5186825 -0.49756414 0
    endloop
endfacet
facet normal 0.94062936 0.33943537 0
    outer loop
        vertex 0.5186825 -0.49756414 0.236
        vertex 0.5186825 -0.49756414 0
        vertex 0.51615846 -0.49056968 0
    endloop
endfacet
facet normal 0.94062936 0.33943537 0
    outer loop
        vertex 0.51615846 -0.49056968 0.236
        vertex 0.5186825 -0.49756414 0.236
        vertex 0.51615846 -0.49056968 0
    endloop
endfacet
facet normal 0.93957764 0.34233582 0
    outer loop
        vertex 0.5138288 -0.4841757 0
        vertex 0.51615846 -0.49056968 0.236
        vertex 0.51615846 -0.49056968 0
    endloop
endfacet
facet normal 0.93957764 0.34233582 -0
    outer loop
        vertex 0.5138288 -0.4841757 0
        vertex 0.5138288 -0.4841757 0.236
        vertex 0.51615846 -0.49056968 0.236
    endloop
endfacet
facet normal 0.93468314 0.35548192 -0
    outer loop
        vertex 0.5138288 -0.4841757 0
        vertex 0.5107721 -0.4761386 0
        vertex 0.5138288 -0.4841757 0.236
    endloop
endfacet
facet normal 0.93468314 0.35548192 0
    outer loop
        vertex 0.5138288 -0.4841757 0.236
        vertex 0.5107721 -0.4761386 0
        vertex 0.5107721 -0.4761386 0.236
    endloop
endfacet
facet normal 0.92839903 0.37158459 0
    outer loop
        vertex 0.5107721 -0.4761386 0.236
        vertex 0.5107721 -0.4761386 0
        vertex 0.50903964 -0.47181004 0
    endloop
endfacet
facet normal 0.92839903 0.37158459 0
    outer loop
        vertex 0.50903964 -0.47181004 0.236
        vertex 0.5107721 -0.4761386 0.236
        vertex 0.50903964 -0.47181004 0
    endloop
endfacet
facet normal 0.92229962 0.38647571 0
    outer loop
        vertex 0.50720763 -0.46743807 0.236
        vertex 0.50903964 -0.47181004 0
        vertex 0.50720763 -0.46743807 0
    endloop
endfacet
facet normal 0.91412586 0.40543059 0
    outer loop
        vertex 0.5053037 -0.46314523 0.236
        vertex 0.50720763 -0.46743807 0.236
        vertex 0.50720763 -0.46743807 0
    endloop
endfacet
facet normal 0.91412586 0.40543059 -0
    outer loop
        vertex 0.5053037 -0.46314523 0
        vertex 0.5053037 -0.46314523 0.236
        vertex 0.50720763 -0.46743807 0
    endloop
endfacet
facet normal 0.9028194 0.43001986 -0
    outer loop
        vertex 0.5053037 -0.46314523 0
        vertex 0.50335497 -0.45905393 0.236
        vertex 0.5053037 -0.46314523 0.236
    endloop
endfacet
facet normal 0.9028194 0.43001986 0
    outer loop
        vertex 0.5053037 -0.46314523 0
        vertex 0.50335497 -0.45905393 0
        vertex 0.50335497 -0.45905393 0.236
    endloop
endfacet
facet normal 0.88757807 0.46065733 0
    outer loop
        vertex 0.50335497 -0.45905393 0.236
        vertex 0.50335497 -0.45905393 0
        vertex 0.50138783 -0.45526373 0.236
    endloop
endfacet
facet normal 0.87086034 0.49153042 0
    outer loop
        vertex 0.50138783 -0.45526373 0.236
        vertex 0.50138783 -0.45526373 0
        vertex 0.49942306 -0.45178267 0.236
    endloop
endfacet
facet normal 0.85385811 0.52050591 0
    outer loop
        vertex 0.49942306 -0.45178267 0
        vertex 0.4974804 -0.44859585 0
        vertex 0.4974804 -0.44859585 0.236
    endloop
endfacet
facet normal 0.80589366 0.59206039 0
    outer loop
        vertex 0.49198157 -0.4406518 0.236
        vertex 0.49374 -0.44304532 0.236
        vertex 0.49374 -0.44304532 0
    endloop
endfacet
facet normal 0.77041471 0.63754302 0
    outer loop
        vertex 0.48878643 -0.43655375 0
        vertex 0.48393497 -0.43069118 0
        vertex 0.48393497 -0.43069118 0.236
    endloop
endfacet
facet normal 0.68148208 0.73183483 0
    outer loop
        vertex 0.47750407 -0.4235461 0.236
        vertex 0.4760396 -0.42218238 0
        vertex 0.4760396 -0.42218238 0.236
    endloop
endfacet
facet normal 0.68148208 0.73183483 0
    outer loop
        vertex 0.47750407 -0.4235461 0.236
        vertex 0.47750407 -0.4235461 0
        vertex 0.4760396 -0.42218238 0
    endloop
endfacet
facet normal 0.73618859 0.67677647 0
    outer loop
        vertex 0.47750407 -0.4235461 0.236
        vertex 0.4807903 -0.4271208 0.236
        vertex 0.47750407 -0.4235461 0
    endloop
endfacet
facet normal 0.73618859 0.67677647 0
    outer loop
        vertex 0.47750407 -0.4235461 0
        vertex 0.4807903 -0.4271208 0.236
        vertex 0.4807903 -0.4271208 0
    endloop
endfacet
facet normal 0.75042695 0.66095346 -0
    outer loop
        vertex 0.4807903 -0.4271208 0
        vertex 0.4807903 -0.4271208 0.236
        vertex 0.48393497 -0.43069118 0
    endloop
endfacet
facet normal 0.75042695 0.66095346 -0
    outer loop
        vertex 0.48393497 -0.43069118 0
        vertex 0.4807903 -0.4271208 0.236
        vertex 0.48393497 -0.43069118 0.236
    endloop
endfacet
facet normal 0.77041471 0.63754302 -0
    outer loop
        vertex 0.48878643 -0.43655375 0
        vertex 0.48393497 -0.43069118 0.236
        vertex 0.48878643 -0.43655375 0.236
    endloop
endfacet
facet normal 0.7886281 0.61487049 0
    outer loop
        vertex 0.49198157 -0.4406518 0
        vertex 0.48878643 -0.43655375 0
        vertex 0.48878643 -0.43655375 0.236
    endloop
endfacet
facet normal 0.7886281 0.61487049 0
    outer loop
        vertex 0.49198157 -0.4406518 0.236
        vertex 0.49198157 -0.4406518 0
        vertex 0.48878643 -0.43655375 0.236
    endloop
endfacet
facet normal 0.80589366 0.59206039 0
    outer loop
        vertex 0.49198157 -0.4406518 0.236
        vertex 0.49374 -0.44304532 0
        vertex 0.49198157 -0.4406518 0
    endloop
endfacet
facet normal 0.82077765 0.57124782 0
    outer loop
        vertex 0.49374 -0.44304532 0.236
        vertex 0.4955795 -0.44568837 0
        vertex 0.49374 -0.44304532 0
    endloop
endfacet
facet normal 0.82077765 0.57124782 0
    outer loop
        vertex 0.49374 -0.44304532 0.236
        vertex 0.4955795 -0.44568837 0.236
        vertex 0.4955795 -0.44568837 0
    endloop
endfacet
facet normal 0.83699149 0.54721582 -0
    outer loop
        vertex 0.4955795 -0.44568837 0
        vertex 0.4955795 -0.44568837 0.236
        vertex 0.4974804 -0.44859585 0
    endloop
endfacet
facet normal 0.83699149 0.54721582 -0
    outer loop
        vertex 0.4974804 -0.44859585 0
        vertex 0.4955795 -0.44568837 0.236
        vertex 0.4974804 -0.44859585 0.236
    endloop
endfacet
facet normal 0.85385811 0.52050591 -0
    outer loop
        vertex 0.49942306 -0.45178267 0
        vertex 0.4974804 -0.44859585 0.236
        vertex 0.49942306 -0.45178267 0.236
    endloop
endfacet
facet normal 0.87086034 0.49153042 0
    outer loop
        vertex 0.50138783 -0.45526373 0
        vertex 0.49942306 -0.45178267 0
        vertex 0.49942306 -0.45178267 0.236
    endloop
endfacet
facet normal 0.88757807 0.46065733 0
    outer loop
        vertex 0.50335497 -0.45905393 0
        vertex 0.50138783 -0.45526373 0
        vertex 0.50138783 -0.45526373 0.236
    endloop
endfacet
facet normal 0.92229962 0.38647571 -0
    outer loop
        vertex 0.50903964 -0.47181004 0
        vertex 0.50720763 -0.46743807 0.236
        vertex 0.50903964 -0.47181004 0.236
    endloop
endfacet
facet normal 0.78515977 -0.61929321 0
    outer loop
        vertex 0.4760396 -0.42218238 0.236
        vertex 0.4760396 -0.42218238 0
        vertex 0.526113 -0.35869774 0.236
    endloop
endfacet
facet normal 0.78515977 -0.61929321 0
    outer loop
        vertex 0.526113 -0.35869774 0.236
        vertex 0.4760396 -0.42218238 0
        vertex 0.526113 -0.35869774 0
    endloop
endfacet
facet normal -0.52982461 -0.84810728 -0
    outer loop
        vertex 0.526113 -0.35869774 0.236
        vertex 0.526113 -0.35869774 0
        vertex 0.52793795 -0.35983783 0
    endloop
endfacet
facet normal -0.45633486 -0.88980812 -0
    outer loop
        vertex 0.52793795 -0.35983783 0.236
        vertex 0.52793795 -0.35983783 0
        vertex 0.53212535 -0.36198533 0.236
    endloop
endfacet
facet normal -0.45633486 -0.88980812 -0
    outer loop
        vertex 0.53212535 -0.36198533 0.236
        vertex 0.52793795 -0.35983783 0
        vertex 0.53212535 -0.36198533 0
    endloop
endfacet
facet normal -0.43733844 -0.89929694 0
    outer loop
        vertex 0.5366539 -0.3641876 0
        vertex 0.53212535 -0.36198533 0.236
        vertex 0.53212535 -0.36198533 0
    endloop
endfacet
facet normal -0.43733844 -0.89929694 0
    outer loop
        vertex 0.5366539 -0.3641876 0
        vertex 0.5366539 -0.3641876 0.236
        vertex 0.53212535 -0.36198533 0.236
    endloop
endfacet
facet normal -0.41443303 -0.91007978 0
    outer loop
        vertex 0.5366539 -0.3641876 0
        vertex 0.5403308 -0.365862 0
        vertex 0.5366539 -0.3641876 0.236
    endloop
endfacet
facet normal -0.41443303 -0.91007978 0
    outer loop
        vertex 0.5366539 -0.3641876 0.236
        vertex 0.5403308 -0.365862 0
        vertex 0.5403308 -0.365862 0.236
    endloop
endfacet
facet normal -0.39952126 -0.91672385 -0
    outer loop
        vertex 0.5403308 -0.365862 0.236
        vertex 0.5403308 -0.365862 0
        vertex 0.54538906 -0.36806646 0
    endloop
endfacet
facet normal -0.39952126 -0.91672385 -0
    outer loop
        vertex 0.54538906 -0.36806646 0.236
        vertex 0.5403308 -0.365862 0.236
        vertex 0.54538906 -0.36806646 0
    endloop
endfacet
facet normal -0.38339484 -0.92358452 0
    outer loop
        vertex 0.54858613 -0.36939362 0
        vertex 0.54538906 -0.36806646 0.236
        vertex 0.54538906 -0.36806646 0
    endloop
endfacet
facet normal -0.38339484 -0.92358452 0
    outer loop
        vertex 0.54858613 -0.36939362 0
        vertex 0.54858613 -0.36939362 0.236
        vertex 0.54538906 -0.36806646 0.236
    endloop
endfacet
facet normal -0.34486553 -0.9386521 0
    outer loop
        vertex 0.54858613 -0.36939362 0
        vertex 0.5525336 -0.37084395 0
        vertex 0.54858613 -0.36939362 0.236
    endloop
endfacet
facet normal -0.34486553 -0.9386521 0
    outer loop
        vertex 0.54858613 -0.36939362 0.236
        vertex 0.5525336 -0.37084395 0
        vertex 0.5525336 -0.37084395 0.236
    endloop
endfacet
facet normal -0.29262921 -0.95622599 -0
    outer loop
        vertex 0.5525336 -0.37084395 0.236
        vertex 0.5525336 -0.37084395 0
        vertex 0.5575541 -0.37238035 0.236
    endloop
endfacet
facet normal -0.29262921 -0.95622599 -0
    outer loop
        vertex 0.5575541 -0.37238035 0.236
        vertex 0.5525336 -0.37084395 0
        vertex 0.5575541 -0.37238035 0
    endloop
endfacet
facet normal -0.25324044 -0.96740335 0
    outer loop
        vertex 0.5605677 -0.3731692 0.236
        vertex 0.5575541 -0.37238035 0.236
        vertex 0.5575541 -0.37238035 0
    endloop
endfacet
facet normal -0.25324044 -0.96740335 0
    outer loop
        vertex 0.5605677 -0.3731692 0
        vertex 0.5605677 -0.3731692 0.236
        vertex 0.5575541 -0.37238035 0
    endloop
endfacet
facet normal -0.22791645 -0.97368068 0
    outer loop
        vertex 0.5605677 -0.3731692 0
        vertex 0.5639704 -0.3739657 0.236
        vertex 0.5605677 -0.3731692 0.236
    endloop
endfacet
facet normal -0.0863185 -0.99626762 0
    outer loop
        vertex 0.6020768 -0.37936458 0
        vertex 0.6100456 -0.380055 0
        vertex 0.6100456 -0.380055 0.236
    endloop
endfacet
facet normal -0.0863185 -0.99626762 -0
    outer loop
        vertex 0.6020768 -0.37936458 0.236
        vertex 0.6020768 -0.37936458 0
        vertex 0.6100456 -0.380055 0.236
    endloop
endfacet
facet normal -0.09871547 -0.99511564 -0
    outer loop
        vertex 0.6020768 -0.37936458 0.236
        vertex 0.59482 -0.3786447 0
        vertex 0.6020768 -0.37936458 0
    endloop
endfacet
facet normal -0.09871547 -0.99511564 0
    outer loop
        vertex 0.6020768 -0.37936458 0.236
        vertex 0.59482 -0.3786447 0.236
        vertex 0.59482 -0.3786447 0
    endloop
endfacet
facet normal -0.11237793 -0.99366546 0
    outer loop
        vertex 0.59482 -0.3786447 0
        vertex 0.59482 -0.3786447 0.236
        vertex 0.5882347 -0.37789994 0
    endloop
endfacet
facet normal -0.11237793 -0.99366546 0
    outer loop
        vertex 0.5882347 -0.37789994 0
        vertex 0.59482 -0.3786447 0.236
        vertex 0.5882347 -0.37789994 0.236
    endloop
endfacet
facet normal -0.12743132 -0.9918474 0
    outer loop
        vertex 0.5822807 -0.37713498 0
        vertex 0.5882347 -0.37789994 0
        vertex 0.5882347 -0.37789994 0.236
    endloop
endfacet
facet normal -0.12743132 -0.9918474 -0
    outer loop
        vertex 0.5822807 -0.37713498 0.236
        vertex 0.5822807 -0.37713498 0
        vertex 0.5882347 -0.37789994 0.236
    endloop
endfacet
facet normal -0.1440168 -0.98957533 -0
    outer loop
        vertex 0.5822807 -0.37713498 0.236
        vertex 0.5769175 -0.37635446 0
        vertex 0.5822807 -0.37713498 0
    endloop
endfacet
facet normal -0.1440168 -0.98957533 0
    outer loop
        vertex 0.5822807 -0.37713498 0.236
        vertex 0.5769175 -0.37635446 0.236
        vertex 0.5769175 -0.37635446 0
    endloop
endfacet
facet normal -0.16228598 -0.98674375 0
    outer loop
        vertex 0.5769175 -0.37635446 0
        vertex 0.5769175 -0.37635446 0.236
        vertex 0.57210505 -0.37556297 0
    endloop
endfacet
facet normal -0.16228598 -0.98674375 0
    outer loop
        vertex 0.57210505 -0.37556297 0
        vertex 0.5769175 -0.37635446 0.236
        vertex 0.57210505 -0.37556297 0.236
    endloop
endfacet
facet normal -0.18232411 -0.9832384 0
    outer loop
        vertex 0.5678028 -0.3747652 0
        vertex 0.57210505 -0.37556297 0
        vertex 0.57210505 -0.37556297 0.236
    endloop
endfacet
facet normal -0.18232411 -0.9832384 -0
    outer loop
        vertex 0.5678028 -0.3747652 0.236
        vertex 0.5678028 -0.3747652 0
        vertex 0.57210505 -0.37556297 0.236
    endloop
endfacet
facet normal -0.20421386 -0.9789263 -0
    outer loop
        vertex 0.5678028 -0.3747652 0.236
        vertex 0.5639704 -0.3739657 0
        vertex 0.5678028 -0.3747652 0
    endloop
endfacet
facet normal -0.20421386 -0.9789263 0
    outer loop
        vertex 0.5678028 -0.3747652 0.236
        vertex 0.5639704 -0.3739657 0.236
        vertex 0.5639704 -0.3739657 0
    endloop
endfacet
facet normal -0.22791645 -0.97368068 0
    outer loop
        vertex 0.5639704 -0.3739657 0
        vertex 0.5639704 -0.3739657 0.236
        vertex 0.5605677 -0.3731692 0
    endloop
endfacet
facet normal -0.52982461 -0.84810728 0
    outer loop
        vertex 0.52793795 -0.35983783 0
        vertex 0.52793795 -0.35983783 0.236
        vertex 0.526113 -0.35869774 0.236
    endloop
endfacet
facet normal 0.87209314 -0.48933995 0
    outer loop
        vertex 0.6100456 -0.380055 0.236
        vertex 0.6100456 -0.380055 0
        vertex 0.6422985 -0.32257444 0.236
    endloop
endfacet
facet normal 0.87209314 -0.48933995 0
    outer loop
        vertex 0.6422985 -0.32257444 0.236
        vertex 0.6100456 -0.380055 0
        vertex 0.6422985 -0.32257444 0
    endloop
endfacet
facet normal 0.79879171 0.60160768 0
    outer loop
        vertex 0.6422985 -0.32257444 0.236
        vertex 0.6422985 -0.32257444 0
        vertex 0.637825 -0.31663468 0
    endloop
endfacet
facet normal 0.79879171 0.60160768 0
    outer loop
        vertex 0.637825 -0.31663468 0.236
        vertex 0.6422985 -0.32257444 0.236
        vertex 0.637825 -0.31663468 0
    endloop
endfacet
facet normal 0.79693002 0.60407168 0
    outer loop
        vertex 0.6337142 -0.31121144 0
        vertex 0.637825 -0.31663468 0.236
        vertex 0.637825 -0.31663468 0
    endloop
endfacet
facet normal 0.79693002 0.60407168 -0
    outer loop
        vertex 0.6337142 -0.31121144 0
        vertex 0.6337142 -0.31121144 0.236
        vertex 0.637825 -0.31663468 0.236
    endloop
endfacet
facet normal 0.78837168 0.61519939 -0
    outer loop
        vertex 0.6337142 -0.31121144 0
        vertex 0.6284242 -0.3044324 0
        vertex 0.6337142 -0.31121144 0.236
    endloop
endfacet
facet normal 0.78837168 0.61519939 0
    outer loop
        vertex 0.6337142 -0.31121144 0.236
        vertex 0.6284242 -0.3044324 0
        vertex 0.6284242 -0.3044324 0.236
    endloop
endfacet
facet normal 0.77762806 0.62872463 0
    outer loop
        vertex 0.6284242 -0.3044324 0.236
        vertex 0.6284242 -0.3044324 0
        vertex 0.6254929 -0.3008068 0
    endloop
endfacet
facet normal 0.77762806 0.62872463 0
    outer loop
        vertex 0.6254929 -0.3008068 0.236
        vertex 0.6284242 -0.3044324 0.236
        vertex 0.6254929 -0.3008068 0
    endloop
endfacet
facet normal 0.76741427 0.64115173 0
    outer loop
        vertex 0.62245363 -0.29716903 0.236
        vertex 0.6254929 -0.3008068 0
        vertex 0.62245363 -0.29716903 0
    endloop
endfacet
facet normal 0.7540071 0.65686631 0
    outer loop
        vertex 0.6193689 -0.29362813 0.236
        vertex 0.62245363 -0.29716903 0.236
        vertex 0.62245363 -0.29716903 0
    endloop
endfacet
facet normal 0.7540071 0.65686631 -0
    outer loop
        vertex 0.6193689 -0.29362813 0
        vertex 0.6193689 -0.29362813 0.236
        vertex 0.62245363 -0.29716903 0
    endloop
endfacet
facet normal 0.73596114 0.67702377 -0
    outer loop
        vertex 0.6193689 -0.29362813 0
        vertex 0.6163008 -0.29029295 0.236
        vertex 0.6193689 -0.29362813 0.236
    endloop
endfacet
facet normal 0.73596114 0.67702377 0
    outer loop
        vertex 0.6193689 -0.29362813 0
        vertex 0.6163008 -0.29029295 0
        vertex 0.6163008 -0.29029295 0.236
    endloop
endfacet
facet normal 0.71235979 0.70181441 0
    outer loop
        vertex 0.6163008 -0.29029295 0.236
        vertex 0.6163008 -0.29029295 0
        vertex 0.6133039 -0.287251 0.236
    endloop
endfacet
facet normal 0.68729138 0.72638184 0
    outer loop
        vertex 0.6133039 -0.287251 0.236
        vertex 0.6133039 -0.287251 0
        vertex 0.6104004 -0.28450373 0.236
    endloop
endfacet
facet normal 0.66250223 0.74905998 0
    outer loop
        vertex 0.6104004 -0.28450373 0
        vertex 0.6076047 -0.2820311 0
        vertex 0.6076047 -0.2820311 0.236
    endloop
endfacet
facet normal 0.59557253 0.80330151 0
    outer loop
        vertex 0.6000086 -0.27606076 0.236
        vertex 0.60239446 -0.27782965 0.236
        vertex 0.60239446 -0.27782965 0
    endloop
endfacet
facet normal 0.54826868 0.83630222 0
    outer loop
        vertex 0.59574753 -0.27308658 0
        vertex 0.58938354 -0.26891443 0
        vertex 0.58938354 -0.26891443 0.236
    endloop
endfacet
facet normal 0.43551108 0.90018338 0
    outer loop
        vertex 0.5811323 -0.26398236 0.236
        vertex 0.579331 -0.26311088 0
        vertex 0.579331 -0.26311088 0.236
    endloop
endfacet
facet normal 0.43551108 0.90018338 0
    outer loop
        vertex 0.5811323 -0.26398236 0.236
        vertex 0.5811323 -0.26398236 0
        vertex 0.579331 -0.26311088 0
    endloop
endfacet
facet normal 0.5039947 0.86370683 0
    outer loop
        vertex 0.5811323 -0.26398236 0.236
        vertex 0.5853262 -0.2664296 0.236
        vertex 0.5811323 -0.26398236 0
    endloop
endfacet
facet normal 0.5039947 0.86370683 0
    outer loop
        vertex 0.5811323 -0.26398236 0
        vertex 0.5853262 -0.2664296 0.236
        vertex 0.5853262 -0.2664296 0
    endloop
endfacet
facet normal 0.52226669 0.85278225 -0
    outer loop
        vertex 0.5853262 -0.2664296 0
        vertex 0.5853262 -0.2664296 0.236
        vertex 0.58938354 -0.26891443 0
    endloop
endfacet
facet normal 0.52226669 0.85278225 -0
    outer loop
        vertex 0.58938354 -0.26891443 0
        vertex 0.5853262 -0.2664296 0.236
        vertex 0.58938354 -0.26891443 0.236
    endloop
endfacet
facet normal 0.54826868 0.83630222 -0
    outer loop
        vertex 0.59574753 -0.27308658 0
        vertex 0.58938354 -0.26891443 0.236
        vertex 0.59574753 -0.27308658 0.236
    endloop
endfacet
facet normal 0.57235479 0.82000607 0
    outer loop
        vertex 0.6000086 -0.27606076 0
        vertex 0.59574753 -0.27308658 0
        vertex 0.59574753 -0.27308658 0.236
    endloop
endfacet
facet normal 0.57235479 0.82000607 0
    outer loop
        vertex 0.6000086 -0.27606076 0.236
        vertex 0.6000086 -0.27606076 0
        vertex 0.59574753 -0.27308658 0.236
    endloop
endfacet
facet normal 0.59557253 0.80330151 0
    outer loop
        vertex 0.6000086 -0.27606076 0.236
        vertex 0.60239446 -0.27782965 0
        vertex 0.6000086 -0.27606076 0
    endloop
endfacet
facet normal 0.61594856 0.78778636 0
    outer loop
        vertex 0.60239446 -0.27782965 0.236
        vertex 0.60493124 -0.27981308 0
        vertex 0.60239446 -0.27782965 0
    endloop
endfacet
facet normal 0.61594856 0.78778636 0
    outer loop
        vertex 0.60239446 -0.27782965 0.236
        vertex 0.60493124 -0.27981308 0.236
        vertex 0.60493124 -0.27981308 0
    endloop
endfacet
facet normal 0.63850695 0.76961601 -0
    outer loop
        vertex 0.60493124 -0.27981308 0
        vertex 0.60493124 -0.27981308 0.236
        vertex 0.6076047 -0.2820311 0
    endloop
endfacet
facet normal 0.63850695 0.76961601 -0
    outer loop
        vertex 0.6076047 -0.2820311 0
        vertex 0.60493124 -0.27981308 0.236
        vertex 0.6076047 -0.2820311 0.236
    endloop
endfacet
facet normal 0.66250223 0.74905998 -0
    outer loop
        vertex 0.6104004 -0.28450373 0
        vertex 0.6076047 -0.2820311 0.236
        vertex 0.6104004 -0.28450373 0.236
    endloop
endfacet
facet normal 0.68729138 0.72638184 0
    outer loop
        vertex 0.6133039 -0.287251 0
        vertex 0.6104004 -0.28450373 0
        vertex 0.6104004 -0.28450373 0.236
    endloop
endfacet
facet normal 0.71235979 0.70181441 0
    outer loop
        vertex 0.6163008 -0.29029295 0
        vertex 0.6133039 -0.287251 0
        vertex 0.6133039 -0.287251 0.236
    endloop
endfacet
facet normal 0.76741427 0.64115173 -0
    outer loop
        vertex 0.6254929 -0.3008068 0
        vertex 0.62245363 -0.29716903 0.236
        vertex 0.6254929 -0.3008068 0.236
    endloop
endfacet
facet normal 0.93281764 -0.36034882 0
    outer loop
        vertex 0.579331 -0.26311088 0.236
        vertex 0.579331 -0.26311088 0
        vertex 0.6084672 -0.1876873 0.236
    endloop
endfacet
facet normal 0.93281764 -0.36034882 0
    outer loop
        vertex 0.6084672 -0.1876873 0.236
        vertex 0.579331 -0.26311088 0
        vertex 0.6084672 -0.1876873 0
    endloop
endfacet
facet normal -0.25628272 -0.96660185 -0
    outer loop
        vertex 0.6084672 -0.1876873 0.236
        vertex 0.6084672 -0.1876873 0
        vertex 0.6105472 -0.18823877 0
    endloop
endfacet
facet normal -0.17379129 -0.98478246 -0
    outer loop
        vertex 0.6105472 -0.18823877 0.236
        vertex 0.6105472 -0.18823877 0
        vertex 0.6151815 -0.18905662 0.236
    endloop
endfacet
facet normal -0.17379129 -0.98478246 -0
    outer loop
        vertex 0.6151815 -0.18905662 0.236
        vertex 0.6105472 -0.18823877 0
        vertex 0.6151815 -0.18905662 0
    endloop
endfacet
facet normal -0.1528414 -0.98825073 0
    outer loop
        vertex 0.620158 -0.18982628 0
        vertex 0.6151815 -0.18905662 0.236
        vertex 0.6151815 -0.18905662 0
    endloop
endfacet
facet normal -0.1528414 -0.98825073 0
    outer loop
        vertex 0.620158 -0.18982628 0
        vertex 0.620158 -0.18982628 0.236
        vertex 0.6151815 -0.18905662 0.236
    endloop
endfacet
facet normal -0.12776701 -0.99180418 0
    outer loop
        vertex 0.620158 -0.18982628 0
        vertex 0.6241651 -0.19034249 0
        vertex 0.620158 -0.18982628 0.236
    endloop
endfacet
facet normal -0.12776701 -0.99180418 0
    outer loop
        vertex 0.620158 -0.18982628 0.236
        vertex 0.6241651 -0.19034249 0
        vertex 0.6241651 -0.19034249 0.236
    endloop
endfacet
facet normal -0.11155809 -0.99375796 -0
    outer loop
        vertex 0.6241651 -0.19034249 0.236
        vertex 0.6241651 -0.19034249 0
        vertex 0.62964845 -0.19095804 0
    endloop
endfacet
facet normal -0.11155809 -0.99375796 -0
    outer loop
        vertex 0.62964845 -0.19095804 0.236
        vertex 0.6241651 -0.19034249 0.236
        vertex 0.62964845 -0.19095804 0
    endloop
endfacet
facet normal -0.09413545 -0.99555939 0
    outer loop
        vertex 0.63309467 -0.1912839 0
        vertex 0.62964845 -0.19095804 0.236
        vertex 0.62964845 -0.19095804 0
    endloop
endfacet
facet normal -0.09413545 -0.99555939 0
    outer loop
        vertex 0.63309467 -0.1912839 0
        vertex 0.63309467 -0.1912839 0.236
        vertex 0.62964845 -0.19095804 0.236
    endloop
endfacet
facet normal -0.05287592 -0.99860114 0
    outer loop
        vertex 0.63309467 -0.1912839 0
        vertex 0.6372943 -0.19150627 0
        vertex 0.63309467 -0.1912839 0.236
    endloop
endfacet
facet normal -0.05287592 -0.99860114 0
    outer loop
        vertex 0.63309467 -0.1912839 0.236
        vertex 0.6372943 -0.19150627 0
        vertex 0.6372943 -0.19150627 0.236
    endloop
endfacet
facet normal 0.00222791 -0.99999744 0
    outer loop
        vertex 0.6372943 -0.19150627 0.236
        vertex 0.6372943 -0.19150627 0
        vertex 0.6425447 -0.19149457 0.236
    endloop
endfacet
facet normal 0.00222791 -0.99999744 0
    outer loop
        vertex 0.6425447 -0.19149457 0.236
        vertex 0.6372943 -0.19150627 0
        vertex 0.6425447 -0.19149457 0
    endloop
endfacet
facet normal 0.04315386 -0.99906844 0
    outer loop
        vertex 0.64565676 -0.19136015 0.236
        vertex 0.6425447 -0.19149457 0.236
        vertex 0.6425447 -0.19149457 0
    endloop
endfacet
facet normal 0.04315386 -0.99906844 0
    outer loop
        vertex 0.64565676 -0.19136015 0
        vertex 0.64565676 -0.19136015 0.236
        vertex 0.6425447 -0.19149457 0
    endloop
endfacet
facet normal 0.06920759 -0.99760228 0
    outer loop
        vertex 0.64565676 -0.19136015 0
        vertex 0.6491431 -0.19111829 0.236
        vertex 0.64565676 -0.19136015 0.236
    endloop
endfacet
facet normal 0.21117358 -0.97744864 0
    outer loop
        vertex 0.6871479 -0.18504521 0
        vertex 0.6949662 -0.1833561 0
        vertex 0.6949662 -0.1833561 0.236
    endloop
endfacet
facet normal 0.21117358 -0.97744864 0
    outer loop
        vertex 0.6871479 -0.18504521 0.236
        vertex 0.6871479 -0.18504521 0
        vertex 0.6949662 -0.1833561 0.236
    endloop
endfacet
facet normal 0.19898584 -0.98000234 0
    outer loop
        vertex 0.6871479 -0.18504521 0.236
        vertex 0.6800013 -0.1864963 0
        vertex 0.6871479 -0.18504521 0
    endloop
endfacet
facet normal 0.19898584 -0.98000234 0
    outer loop
        vertex 0.6871479 -0.18504521 0.236
        vertex 0.6800013 -0.1864963 0.236
        vertex 0.6800013 -0.1864963 0
    endloop
endfacet
facet normal 0.18550314 -0.9826436 0
    outer loop
        vertex 0.6800013 -0.1864963 0
        vertex 0.6800013 -0.1864963 0.236
        vertex 0.6734891 -0.18772568 0
    endloop
endfacet
facet normal 0.18550314 -0.9826436 0
    outer loop
        vertex 0.6734891 -0.18772568 0
        vertex 0.6800013 -0.1864963 0.236
        vertex 0.6734891 -0.18772568 0.236
    endloop
endfacet
facet normal 0.17058426 -0.9853431 0
    outer loop
        vertex 0.66757405 -0.1887497 0
        vertex 0.6734891 -0.18772568 0
        vertex 0.6734891 -0.18772568 0.236
    endloop
endfacet
facet normal 0.17058426 -0.9853431 0
    outer loop
        vertex 0.66757405 -0.1887497 0.236
        vertex 0.66757405 -0.1887497 0
        vertex 0.6734891 -0.18772568 0.236
    endloop
endfacet
facet normal 0.15406016 -0.98806149 0
    outer loop
        vertex 0.66757405 -0.1887497 0.236
        vertex 0.66221917 -0.18958464 0
        vertex 0.66757405 -0.1887497 0
    endloop
endfacet
facet normal 0.15406016 -0.98806149 0
    outer loop
        vertex 0.66757405 -0.1887497 0.236
        vertex 0.66221917 -0.18958464 0.236
        vertex 0.66221917 -0.18958464 0
    endloop
endfacet
facet normal 0.13577333 -0.99073988 0
    outer loop
        vertex 0.66221917 -0.18958464 0
        vertex 0.66221917 -0.18958464 0.236
        vertex 0.65738714 -0.19024684 0
    endloop
endfacet
facet normal 0.13577333 -0.99073988 0
    outer loop
        vertex 0.65738714 -0.19024684 0
        vertex 0.66221917 -0.18958464 0.236
        vertex 0.65738714 -0.19024684 0.236
    endloop
endfacet
facet normal 0.11559042 -0.99329704 0
    outer loop
        vertex 0.6530409 -0.19075261 0
        vertex 0.65738714 -0.19024684 0
        vertex 0.65738714 -0.19024684 0.236
    endloop
endfacet
facet normal 0.11559042 -0.99329704 0
    outer loop
        vertex 0.6530409 -0.19075261 0.236
        vertex 0.6530409 -0.19075261 0
        vertex 0.65738714 -0.19024684 0.236
    endloop
endfacet
facet normal 0.09340579 -0.99562812 0
    outer loop
        vertex 0.6530409 -0.19075261 0.236
        vertex 0.6491431 -0.19111829 0
        vertex 0.6530409 -0.19075261 0
    endloop
endfacet
facet normal 0.09340579 -0.99562812 0
    outer loop
        vertex 0.6530409 -0.19075261 0.236
        vertex 0.6491431 -0.19111829 0.236
        vertex 0.6491431 -0.19111829 0
    endloop
endfacet
facet normal 0.06920759 -0.99760228 0
    outer loop
        vertex 0.6491431 -0.19111829 0
        vertex 0.6491431 -0.19111829 0.236
        vertex 0.64565676 -0.19136015 0
    endloop
endfacet
facet normal -0.25628272 -0.96660185 0
    outer loop
        vertex 0.6105472 -0.18823877 0
        vertex 0.6105472 -0.18823877 0.236
        vertex 0.6084672 -0.1876873 0.236
    endloop
endfacet
facet normal 0.9775843 -0.21054469 0
    outer loop
        vertex 0.6949662 -0.1833561 0.236
        vertex 0.6949662 -0.1833561 0
        vertex 0.7088434 -0.11892254 0.236
    endloop
endfacet
facet normal 0.9775843 -0.21054469 0
    outer loop
        vertex 0.7088434 -0.11892254 0.236
        vertex 0.6949662 -0.1833561 0
        vertex 0.7088434 -0.11892254 0
    endloop
endfacet
facet normal 0.58597684 0.81032777 0
    outer loop
        vertex 0.7088434 -0.11892254 0.236
        vertex 0.7088434 -0.11892254 0
        vertex 0.7028179 -0.11456529 0
    endloop
endfacet
facet normal 0.58597684 0.81032777 0
    outer loop
        vertex 0.7028179 -0.11456529 0.236
        vertex 0.7088434 -0.11892254 0.236
        vertex 0.7028179 -0.11456529 0
    endloop
endfacet
facet normal 0.58346981 0.8121348 0
    outer loop
        vertex 0.6972912 -0.110594675 0
        vertex 0.7028179 -0.11456529 0.236
        vertex 0.7028179 -0.11456529 0
    endloop
endfacet
facet normal 0.58346981 0.8121348 -0
    outer loop
        vertex 0.6972912 -0.110594675 0
        vertex 0.6972912 -0.110594675 0.236
        vertex 0.7028179 -0.11456529 0.236
    endloop
endfacet
facet normal 0.57201779 0.82024127 -0
    outer loop
        vertex 0.6972912 -0.110594675 0
        vertex 0.6902381 -0.10567602 0
        vertex 0.6972912 -0.110594675 0.236
    endloop
endfacet
facet normal 0.57201779 0.82024127 0
    outer loop
        vertex 0.6972912 -0.110594675 0.236
        vertex 0.6902381 -0.10567602 0
        vertex 0.6902381 -0.10567602 0.236
    endloop
endfacet
facet normal 0.55775797 0.83000362 0
    outer loop
        vertex 0.6902381 -0.10567602 0.236
        vertex 0.6902381 -0.10567602 0
        vertex 0.6863683 -0.10307551 0
    endloop
endfacet
facet normal 0.55775797 0.83000362 0
    outer loop
        vertex 0.6863683 -0.10307551 0.236
        vertex 0.6902381 -0.10567602 0.236
        vertex 0.6863683 -0.10307551 0
    endloop
endfacet
facet normal 0.54434109 0.83886391 0
    outer loop
        vertex 0.6823919 -0.10049521 0.236
        vertex 0.6863683 -0.10307551 0
        vertex 0.6823919 -0.10049521 0
    endloop
endfacet
facet normal 0.52688879 0.84993422 0
    outer loop
        vertex 0.67840046 -0.09802086 0.236
        vertex 0.6823919 -0.10049521 0.236
        vertex 0.6823919 -0.10049521 0
    endloop
endfacet
facet normal 0.52688879 0.84993422 -0
    outer loop
        vertex 0.67840046 -0.09802086 0
        vertex 0.67840046 -0.09802086 0.236
        vertex 0.6823919 -0.10049521 0
    endloop
endfacet
facet normal 0.50371647 0.86386907 -0
    outer loop
        vertex 0.67840046 -0.09802086 0
        vertex 0.6744857 -0.09573818 0.236
        vertex 0.67840046 -0.09802086 0.236
    endloop
endfacet
facet normal 0.50371647 0.86386907 0
    outer loop
        vertex 0.67840046 -0.09802086 0
        vertex 0.6744857 -0.09573818 0
        vertex 0.6744857 -0.09573818 0.236
    endloop
endfacet
facet normal 0.47384107 0.88061041 0
    outer loop
        vertex 0.6744857 -0.09573818 0.236
        vertex 0.6744857 -0.09573818 0
        vertex 0.6707252 -0.093714744 0.236
    endloop
endfacet
facet normal 0.44265833 0.89669043 0
    outer loop
        vertex 0.6707252 -0.093714744 0.236
        vertex 0.6707252 -0.093714744 0
        vertex 0.66714096 -0.09194534 0.236
    endloop
endfacet
facet normal 0.41227654 0.91105878 0
    outer loop
        vertex 0.66714096 -0.09194534 0
        vertex 0.66374063 -0.09040661 0
        vertex 0.66374063 -0.09040661 0.236
    endloop
endfacet
facet normal 0.33233285 0.94316208 0
    outer loop
        vertex 0.6547223 -0.08694053 0.236
        vertex 0.6575235 -0.08792757 0.236
        vertex 0.6575235 -0.08792757 0
    endloop
endfacet
facet normal 0.27740863 0.96075195 0
    outer loop
        vertex 0.6497738 -0.08535444 0
        vertex 0.64246285 -0.083243474 0
        vertex 0.64246285 -0.083243474 0.236
    endloop
endfacet
facet normal 0.1508168 0.98856169 0
    outer loop
        vertex 0.63312435 -0.080962606 0.236
        vertex 0.63114613 -0.080660805 0
        vertex 0.63114613 -0.080660805 0.236
    endloop
endfacet
facet normal 0.1508168 0.98856169 0
    outer loop
        vertex 0.63312435 -0.080962606 0.236
        vertex 0.63312435 -0.080962606 0
        vertex 0.63114613 -0.080660805 0
    endloop
endfacet
facet normal 0.22701937 0.97389019 0
    outer loop
        vertex 0.63312435 -0.080962606 0.236
        vertex 0.6378533 -0.08206496 0.236
        vertex 0.63312435 -0.080962606 0
    endloop
endfacet
facet normal 0.22701937 0.97389019 0
    outer loop
        vertex 0.63312435 -0.080962606 0
        vertex 0.6378533 -0.08206496 0.236
        vertex 0.6378533 -0.08206496 0
    endloop
endfacet
facet normal 0.24770248 0.96883619 -0
    outer loop
        vertex 0.6378533 -0.08206496 0
        vertex 0.6378533 -0.08206496 0.236
        vertex 0.64246285 -0.083243474 0
    endloop
endfacet
facet normal 0.24770248 0.96883619 -0
    outer loop
        vertex 0.64246285 -0.083243474 0
        vertex 0.6378533 -0.08206496 0.236
        vertex 0.64246285 -0.083243474 0.236
    endloop
endfacet
facet normal 0.27740863 0.96075195 -0
    outer loop
        vertex 0.6497738 -0.08535444 0
        vertex 0.64246285 -0.083243474 0.236
        vertex 0.6497738 -0.08535444 0.236
    endloop
endfacet
facet normal 0.305224 0.95228052 0
    outer loop
        vertex 0.6547223 -0.08694053 0
        vertex 0.6497738 -0.08535444 0
        vertex 0.6497738 -0.08535444 0.236
    endloop
endfacet
facet normal 0.305224 0.95228052 0
    outer loop
        vertex 0.6547223 -0.08694053 0.236
        vertex 0.6547223 -0.08694053 0
        vertex 0.6497738 -0.08535444 0.236
    endloop
endfacet
facet normal 0.33233285 0.94316208 0
    outer loop
        vertex 0.6547223 -0.08694053 0.236
        vertex 0.6575235 -0.08792757 0
        vertex 0.6547223 -0.08694053 0
    endloop
endfacet
facet normal 0.35637987 0.93434119 0
    outer loop
        vertex 0.6575235 -0.08792757 0.236
        vertex 0.6605322 -0.08907515 0
        vertex 0.6575235 -0.08792757 0
    endloop
endfacet
facet normal 0.35637987 0.93434119 0
    outer loop
        vertex 0.6575235 -0.08792757 0.236
        vertex 0.6605322 -0.08907515 0.236
        vertex 0.6605322 -0.08907515 0
    endloop
endfacet
facet normal 0.38329184 0.92362726 -0
    outer loop
        vertex 0.6605322 -0.08907515 0
        vertex 0.6605322 -0.08907515 0.236
        vertex 0.66374063 -0.09040661 0
    endloop
endfacet
facet normal 0.38329184 0.92362726 -0
    outer loop
        vertex 0.66374063 -0.09040661 0
        vertex 0.6605322 -0.08907515 0.236
        vertex 0.66374063 -0.09040661 0.236
    endloop
endfacet
facet normal 0.41227654 0.91105878 -0
    outer loop
        vertex 0.66714096 -0.09194534 0
        vertex 0.66374063 -0.09040661 0.236
        vertex 0.66714096 -0.09194534 0.236
    endloop
endfacet
facet normal 0.44265833 0.89669043 0
    outer loop
        vertex 0.6707252 -0.093714744 0
        vertex 0.66714096 -0.09194534 0
        vertex 0.66714096 -0.09194534 0.236
    endloop
endfacet
facet normal 0.47384107 0.88061041 0
    outer loop
        vertex 0.6744857 -0.09573818 0
        vertex 0.6707252 -0.093714744 0
        vertex 0.6707252 -0.093714744 0.236
    endloop
endfacet
facet normal 0.54434109 0.83886391 -0
    outer loop
        vertex 0.6863683 -0.10307551 0
        vertex 0.6823919 -0.10049521 0.236
        vertex 0.6863683 -0.10307551 0.236
    endloop
endfacet
facet normal 0.99758977 -0.06938791 0
    outer loop
        vertex 0.63114613 -0.080660805 0.236
        vertex 0.63114613 -0.080660805 0
        vertex 0.63675654 -0 0.236
    endloop
endfacet
facet normal 0.99758977 -0.06938791 0
    outer loop
        vertex 0.63675654 -0 0.236
        vertex 0.63114613 -0.080660805 0
        vertex 0.63675654 -0 0
    endloop
endfacet
facet normal 0 -1 0
    outer loop
        vertex 0.1767767 0.0625 0.236
        vertex 0.1767767 0.0625 0
        vertex 0.2367767 0.0625 0.236
    endloop
endfacet
facet normal 0 -1 -0
    outer loop
        vertex 0.2367767 0.0625 0.236
        vertex 0.1767767 0.0625 0
        vertex 0.2367767 0.0625 0
    endloop
endfacet
facet normal -1 -0 -0
    outer loop
        vertex 0.2367767 0.0625 0.236
        vertex 0.2367767 0.0625 0
        vertex 0.2367767 -0.0625 0.236
    endloop
endfacet
facet normal -1 0 0
    outer loop
        vertex 0.2367767 -0.0625 0.236
        vertex 0.2367767 0.0625 0
        vertex 0.2367767 -0.0625 0
    endloop
endfacet
facet normal 0 1 0
    outer loop
        vertex 0.2367767 -0.0625 0.236
        vertex 0.2367767 -0.0625 0
        vertex 0.1767767 -0.0625 0.236
    endloop
endfacet
facet normal 0 1 0
    outer loop
        vertex 0.1767767 -0.0625 0.236
        vertex 0.2367767 -0.0625 0
        vertex 0.1767767 -0.0625 0
    endloop
endfacet
facet normal 0.92929202 -0.36934572 0
    outer loop
        vertex -0.1767767 0.0625 0
        vertex -0.1714501 0.07590202 0
        vertex -0.1767767 0.0625 0.236
    endloop
endfacet
facet normal 0.92929202 -0.36934572 0
    outer loop
        vertex -0.1714501 0.07590202 0
        vertex -0.1714501 0.07590202 0.236
        vertex -0.1767767 0.0625 0.236
    endloop
endfacet
facet normal 0.89815551 -0.43967783 0
    outer loop
        vertex -0.16510917 0.08885499 0
        vertex -0.1714501 0.07590202 0.236
        vertex -0.1714501 0.07590202 0
    endloop
endfacet
facet normal 0.89815551 -0.43967783 0
    outer loop
        vertex -0.16510917 0.08885499 0.236
        vertex -0.1714501 0.07590202 0.236
        vertex -0.16510917 0.08885499 0
    endloop
endfacet
facet normal 0.8617056 -0.50740856 0
    outer loop
        vertex -0.16510917 0.08885499 0.236
        vertex -0.16510917 0.08885499 0
        vertex -0.15779145 0.1012823 0
    endloop
endfacet
facet normal 0.8617056 -0.50740856 0
    outer loop
        vertex -0.16510917 0.08885499 0.236
        vertex -0.15779145 0.1012823 0
        vertex -0.15779145 0.1012823 0.236
    endloop
endfacet
facet normal 0.8201583 -0.57213664 0
    outer loop
        vertex -0.15779145 0.1012823 0
        vertex -0.14954025 0.11311041 0
        vertex -0.15779145 0.1012823 0.236
    endloop
endfacet
facet normal 0.8201583 -0.57213664 0
    outer loop
        vertex -0.14954025 0.11311041 0
        vertex -0.14954025 0.11311041 0.236
        vertex -0.15779145 0.1012823 0.236
    endloop
endfacet
facet normal 0.77375817 -0.63348103 0
    outer loop
        vertex -0.14040434 0.12426935 0
        vertex -0.14954025 0.11311041 0.236
        vertex -0.14954025 0.11311041 0
    endloop
endfacet
facet normal 0.77375817 -0.63348103 0
    outer loop
        vertex -0.14040434 0.12426935 0.236
        vertex -0.14954025 0.11311041 0.236
        vertex -0.14040434 0.12426935 0
    endloop
endfacet
facet normal 0.72278059 -0.69107759 0
    outer loop
        vertex -0.14040434 0.12426935 0.236
        vertex -0.14040434 0.12426935 0
        vertex -0.13043779 0.13469312 0
    endloop
endfacet
facet normal 0.72278059 -0.69107759 0
    outer loop
        vertex -0.14040434 0.12426935 0.236
        vertex -0.13043779 0.13469312 0
        vertex -0.13043779 0.13469312 0.236
    endloop
endfacet
facet normal 0.66752613 -0.74458641 0
    outer loop
        vertex -0.13043779 0.13469312 0
        vertex -0.11969955 0.14432001 0
        vertex -0.13043779 0.13469312 0.236
    endloop
endfacet
facet normal 0.66752613 -0.74458641 0
    outer loop
        vertex -0.11969955 0.14432001 0
        vertex -0.11969955 0.14432001 0.236
        vertex -0.13043779 0.13469312 0.236
    endloop
endfacet
facet normal 0.60832393 -0.79368877 0
    outer loop
        vertex -0.10825318 0.1530931 0
        vertex -0.11969955 0.14432001 0.236
        vertex -0.11969955 0.14432001 0
    endloop
endfacet
facet normal 0.60832393 -0.79368877 0
    outer loop
        vertex -0.10825318 0.1530931 0.236
        vertex -0.11969955 0.14432001 0.236
        vertex -0.10825318 0.1530931 0
    endloop
endfacet
facet normal 0.54552275 -0.83809602 0
    outer loop
        vertex -0.10825318 0.1530931 0.236
        vertex -0.10825318 0.1530931 0
        vertex -0.096166365 0.1609605 0
    endloop
endfacet
facet normal 0.54552275 -0.83809602 0
    outer loop
        vertex -0.10825318 0.1530931 0.236
        vertex -0.096166365 0.1609605 0
        vertex -0.096166365 0.1609605 0.236
    endloop
endfacet
facet normal 0.47949275 -0.87754583 0
    outer loop
        vertex -0.096166365 0.1609605 0
        vertex -0.08351062 0.16787562 0
        vertex -0.096166365 0.1609605 0.236
    endloop
endfacet
facet normal 0.47949275 -0.87754583 0
    outer loop
        vertex -0.08351062 0.16787562 0
        vertex -0.08351062 0.16787562 0.236
        vertex -0.096166365 0.1609605 0.236
    endloop
endfacet
facet normal 0.41062793 -0.91180295 0
    outer loop
        vertex -0.070360824 0.17379759 0
        vertex -0.08351062 0.16787562 0.236
        vertex -0.08351062 0.16787562 0
    endloop
endfacet
facet normal 0.41062793 -0.91180295 0
    outer loop
        vertex -0.070360824 0.17379759 0.236
        vertex -0.08351062 0.16787562 0.236
        vertex -0.070360824 0.17379759 0
    endloop
endfacet
facet normal 0.33933237 -0.9406665 0
    outer loop
        vertex -0.070360824 0.17379759 0.236
        vertex -0.070360824 0.17379759 0
        vertex -0.056794774 0.17869136 0
    endloop
endfacet
facet normal 0.33933237 -0.9406665 0
    outer loop
        vertex -0.070360824 0.17379759 0.236
        vertex -0.056794774 0.17869136 0
        vertex -0.056794774 0.17869136 0.236
    endloop
endfacet
facet normal 0.26603088 -0.96396446 0
    outer loop
        vertex -0.056794774 0.17869136 0
        vertex -0.042892717 0.18252799 0
        vertex -0.056794774 0.17869136 0.236
    endloop
endfacet
facet normal 0.26603088 -0.96396446 0
    outer loop
        vertex -0.042892717 0.18252799 0
        vertex -0.042892717 0.18252799 0.236
        vertex -0.056794774 0.17869136 0.236
    endloop
endfacet
facet normal 0.19115396 -0.98156011 0
    outer loop
        vertex -0.028736902 0.18528476 0
        vertex -0.042892717 0.18252799 0.236
        vertex -0.042892717 0.18252799 0
    endloop
endfacet
facet normal 0.19115396 -0.98156011 0
    outer loop
        vertex -0.028736902 0.18528476 0.236
        vertex -0.042892717 0.18252799 0.236
        vertex -0.028736902 0.18528476 0
    endloop
endfacet
facet normal 0.11514555 -0.99334854 0
    outer loop
        vertex -0.028736902 0.18528476 0.236
        vertex -0.028736902 0.18528476 0
        vertex -0.014411079 0.18694536 0
    endloop
endfacet
facet normal 0.11514555 -0.99334854 0
    outer loop
        vertex -0.028736902 0.18528476 0.236
        vertex -0.014411079 0.18694536 0
        vertex -0.014411079 0.18694536 0.236
    endloop
endfacet
facet normal 0.03845831 -0.99926025 0
    outer loop
        vertex -0.014411079 0.18694536 0
        vertex 0 0.1875 0
        vertex -0.014411079 0.18694536 0.236
    endloop
endfacet
facet normal 0.03845831 -0.99926025 0
    outer loop
        vertex 0 0.1875 0
        vertex 0 0.1875 0.236
        vertex -0.014411079 0.18694536 0.236
    endloop
endfacet
facet normal -0.03845831 -0.99926025 0
    outer loop
        vertex 0.014411079 0.18694536 0
        vertex 0 0.1875 0.236
        vertex 0 0.1875 0
    endloop
endfacet
facet normal -0.92929202 -0.36934572 0
    outer loop
        vertex 0.1714501 0.07590202 0.236
        vertex 0.1767767 0.0625 0
        vertex 0.1767767 0.0625 0.236
    endloop
endfacet
facet normal -0.92929202 -0.36934572 0
    outer loop
        vertex 0.1714501 0.07590202 0
        vertex 0.1767767 0.0625 0
        vertex 0.1714501 0.07590202 0.236
    endloop
endfacet
facet normal -0.89815551 -0.43967783 0
    outer loop
        vertex 0.1714501 0.07590202 0
        vertex 0.1714501 0.07590202 0.236
        vertex 0.16510917 0.08885499 0.236
    endloop
endfacet
facet normal -0.89815551 -0.43967783 0
    outer loop
        vertex 0.1714501 0.07590202 0
        vertex 0.16510917 0.08885499 0.236
        vertex 0.16510917 0.08885499 0
    endloop
endfacet
facet normal -0.8617056 -0.50740856 -0
    outer loop
        vertex 0.16510917 0.08885499 0.236
        vertex 0.15779145 0.1012823 0.236
        vertex 0.16510917 0.08885499 0
    endloop
endfacet
facet normal -0.8617056 -0.50740856 -0
    outer loop
        vertex 0.15779145 0.1012823 0.236
        vertex 0.15779145 0.1012823 0
        vertex 0.16510917 0.08885499 0
    endloop
endfacet
facet normal -0.8201583 -0.57213664 0
    outer loop
        vertex 0.14954025 0.11311041 0.236
        vertex 0.15779145 0.1012823 0
        vertex 0.15779145 0.1012823 0.236
    endloop
endfacet
facet normal -0.8201583 -0.57213664 0
    outer loop
        vertex 0.14954025 0.11311041 0
        vertex 0.15779145 0.1012823 0
        vertex 0.14954025 0.11311041 0.236
    endloop
endfacet
facet normal -0.77375817 -0.63348103 0
    outer loop
        vertex 0.14954025 0.11311041 0
        vertex 0.14954025 0.11311041 0.236
        vertex 0.14040434 0.12426935 0.236
    endloop
endfacet
facet normal -0.77375817 -0.63348103 0
    outer loop
        vertex 0.14954025 0.11311041 0
        vertex 0.14040434 0.12426935 0.236
        vertex 0.14040434 0.12426935 0
    endloop
endfacet
facet normal -0.72278059 -0.69107759 -0
    outer loop
        vertex 0.14040434 0.12426935 0.236
        vertex 0.13043779 0.13469312 0.236
        vertex 0.14040434 0.12426935 0
    endloop
endfacet
facet normal -0.72278059 -0.69107759 -0
    outer loop
        vertex 0.13043779 0.13469312 0.236
        vertex 0.13043779 0.13469312 0
        vertex 0.14040434 0.12426935 0
    endloop
endfacet
facet normal -0.66752613 -0.74458641 0
    outer loop
        vertex 0.11969955 0.14432001 0.236
        vertex 0.13043779 0.13469312 0
        vertex 0.13043779 0.13469312 0.236
    endloop
endfacet
facet normal -0.66752613 -0.74458641 0
    outer loop
        vertex 0.11969955 0.14432001 0
        vertex 0.13043779 0.13469312 0
        vertex 0.11969955 0.14432001 0.236
    endloop
endfacet
facet normal -0.60832393 -0.79368877 0
    outer loop
        vertex 0.11969955 0.14432001 0
        vertex 0.11969955 0.14432001 0.236
        vertex 0.10825318 0.1530931 0.236
    endloop
endfacet
facet normal -0.60832393 -0.79368877 0
    outer loop
        vertex 0.11969955 0.14432001 0
        vertex 0.10825318 0.1530931 0.236
        vertex 0.10825318 0.1530931 0
    endloop
endfacet
facet normal -0.54552275 -0.83809602 -0
    outer loop
        vertex 0.10825318 0.1530931 0.236
        vertex 0.096166365 0.1609605 0.236
        vertex 0.10825318 0.1530931 0
    endloop
endfacet
facet normal -0.54552275 -0.83809602 -0
    outer loop
        vertex 0.096166365 0.1609605 0.236
        vertex 0.096166365 0.1609605 0
        vertex 0.10825318 0.1530931 0
    endloop
endfacet
facet normal -0.47949275 -0.87754583 0
    outer loop
        vertex 0.08351062 0.16787562 0.236
        vertex 0.096166365 0.1609605 0
        vertex 0.096166365 0.1609605 0.236
    endloop
endfacet
facet normal -0.47949275 -0.87754583 0
    outer loop
        vertex 0.08351062 0.16787562 0
        vertex 0.096166365 0.1609605 0
        vertex 0.08351062 0.16787562 0.236
    endloop
endfacet
facet normal -0.41062793 -0.91180295 0
    outer loop
        vertex 0.08351062 0.16787562 0
        vertex 0.08351062 0.16787562 0.236
        vertex 0.070360824 0.17379759 0.236
    endloop
endfacet
facet normal -0.41062793 -0.91180295 0
    outer loop
        vertex 0.08351062 0.16787562 0
        vertex 0.070360824 0.17379759 0.236
        vertex 0.070360824 0.17379759 0
    endloop
endfacet
facet normal -0.33933237 -0.9406665 -0
    outer loop
        vertex 0.070360824 0.17379759 0.236
        vertex 0.056794774 0.17869136 0.236
        vertex 0.070360824 0.17379759 0
    endloop
endfacet
facet normal -0.33933237 -0.9406665 -0
    outer loop
        vertex 0.056794774 0.17869136 0.236
        vertex 0.056794774 0.17869136 0
        vertex 0.070360824 0.17379759 0
    endloop
endfacet
facet normal -0.26603088 -0.96396446 0
    outer loop
        vertex 0.042892717 0.18252799 0.236
        vertex 0.056794774 0.17869136 0
        vertex 0.056794774 0.17869136 0.236
    endloop
endfacet
facet normal -0.26603088 -0.96396446 0
    outer loop
        vertex 0.042892717 0.18252799 0
        vertex 0.056794774 0.17869136 0
        vertex 0.042892717 0.18252799 0.236
    endloop
endfacet
facet normal -0.19115396 -0.98156011 0
    outer loop
        vertex 0.042892717 0.18252799 0
        vertex 0.042892717 0.18252799 0.236
        vertex 0.028736902 0.18528476 0.236
    endloop
endfacet
facet normal -0.19115396 -0.98156011 0
    outer loop
        vertex 0.042892717 0.18252799 0
        vertex 0.028736902 0.18528476 0.236
        vertex 0.028736902 0.18528476 0
    endloop
endfacet
facet normal -0.11514555 -0.99334854 -0
    outer loop
        vertex 0.028736902 0.18528476 0.236
        vertex 0.014411079 0.18694536 0.236
        vertex 0.028736902 0.18528476 0
    endloop
endfacet
facet normal -0.11514555 -0.99334854 -0
    outer loop
        vertex 0.014411079 0.18694536 0.236
        vertex 0.014411079 0.18694536 0
        vertex 0.028736902 0.18528476 0
    endloop
endfacet
facet normal -0.03845831 -0.99926025 0
    outer loop
        vertex 0 0.1875 0.236
        vertex 0.014411079 0.18694536 0
        vertex 0.014411079 0.18694536 0.236
    endloop
endfacet
facet normal 0 0 -1
    outer loop
        vertex 0.1714501 0.07590202 0
        vertex 0.16510917 0.08885499 0
        vertex 0.2367767 0.0625 0
    endloop
endfacet
facet normal 0 0 -1
    outer loop
        vertex 0.1714501 0.07590202 0
        vertex 0.2367767 0.0625 0
        vertex 0.1767767 0.0625 0
    endloop
endfacet
facet normal 0 0 -1
    outer loop
        vertex 0.16510917 0.08885499 0
        vertex 0.15779145 0.1012823 0
        vertex 0.2367767 0.0625 0
    endloop
endfacet
facet normal 0 0 -1
    outer loop
        vertex 0.15779145 0.1012823 0
        vertex 0.14954025 0.11311041 0
        vertex 0.2367767 0.0625 0
    endloop
endfacet
facet normal 0 0 -1
    outer loop
        vertex 0.14954025 0.11311041 0
        vertex 0.14040434 0.12426935 0
        vertex 0.2367767 0.0625 0
    endloop
endfacet
facet normal 0 0 -1
    outer loop
        vertex 0.14040434 0.12426935 0
        vertex 0.45657638 0.44315878 0
        vertex 0.2367767 0.0625 0
    endloop
endfacet
facet normal 0 0 -1
    outer loop
        vertex 0.45657638 0.44315878 0
        vertex 0.14040434 0.12426935 0
        vertex 0.13043779 0.13469312 0
    endloop
endfacet
facet normal 0 0 -1
    outer loop
        vertex 0.10825318 0.1530931 0
        vertex 0.39701122 0.49783632 0
        vertex 0.11969955 0.14432001 0
    endloop
endfacet
facet normal 0 0 -1
    outer loop
        vertex 0.39701122 0.49783632 0
        vertex 0.13043779 0.13469312 0
        vertex 0.11969955 0.14432001 0
    endloop
endfacet
facet normal 0 -0 -0.99999994
    outer loop
        vertex 0.30566862 0.5580487 0
        vertex 0.39701122 0.49783632 0
        vertex 0.10825318 0.1530931 0
    endloop
endfacet
facet normal 0 0 -0.99999994
    outer loop
        vertex 0.30566862 0.5580487 0
        vertex 0.10825318 0.1530931 0
        vertex 0.096166365 0.1609605 0
    endloop
endfacet
facet normal 0 -0 -1
    outer loop
        vertex 0.23263331 0.59273994 0
        vertex 0.30566862 0.5580487 0
        vertex 0.08351062 0.16787562 0
    endloop
endfacet
facet normal 0 0 -1
    outer loop
        vertex 0.23263331 0.59273994 0
        vertex 0.08351062 0.16787562 0
        vertex 0.070360824 0.17379759 0
    endloop
endfacet
facet normal 0 0 -1
    outer loop
        vertex 0.23263331 0.59273994 0
        vertex 0.070360824 0.17379759 0
        vertex 0.056794774 0.17869136 0
    endloop
endfacet
facet normal -0 0 -1
    outer loop
        vertex 0.23263331 0.59273994 0
        vertex 0.056794774 0.17869136 0
        vertex 0.12760088 0.62335354 0
    endloop
endfacet
facet normal 0 0 -1
    outer loop
        vertex 0.056794774 0.17869136 0
        vertex 0.042892717 0.18252799 0
        vertex 0.12760088 0.62335354 0
    endloop
endfacet
facet normal -0 0 -1
    outer loop
        vertex 0.12760088 0.62335354 0
        vertex 0.028736902 0.18528476 0
        vertex 0.047584876 0.6349761 0
    endloop
endfacet
facet normal 0 0 -1
    outer loop
        vertex 0.028736902 0.18528476 0
        vertex 0.014411079 0.18694536 0
        vertex 0.047584876 0.6349761 0
    endloop
endfacet
facet normal -0 0 -1
    outer loop
        vertex 0.45657638 0.44315878 0
        vertex 0.13043779 0.13469312 0
        vertex 0.39701122 0.49783632 0
    endloop
endfacet
facet normal 0 0 -1
    outer loop
        vertex 0 0.1875 0
        vertex 0.047584876 0.6349761 0
        vertex 0.014411079 0.18694536 0
    endloop
endfacet
facet normal 0 0 -1
    outer loop
        vertex -0.061804775 0.63327074 0
        vertex 0.047584876 0.6349761 0
        vertex 0 0.1875 0
    endloop
endfacet
facet normal 0 0 -1
    outer loop
        vertex -0.028736902 0.18528476 0
        vertex -0.061804775 0.63327074 0
        vertex -0.014411079 0.18694536 0
    endloop
endfacet
facet normal 0 0 -1
    outer loop
        vertex -0.14169167 0.62079173 0
        vertex -0.061804775 0.63327074 0
        vertex -0.028736902 0.18528476 0
    endloop
endfacet
facet normal 0 0 -1
    outer loop
        vertex -0.14169167 0.62079173 0
        vertex -0.028736902 0.18528476 0
        vertex -0.042892717 0.18252799 0
    endloop
endfacet
facet normal 0 0 -1
    outer loop
        vertex -0.14169167 0.62079173 0
        vertex -0.042892717 0.18252799 0
        vertex -0.056794774 0.17869136 0
    endloop
endfacet
facet normal 0 0 -1
    outer loop
        vertex -0.24571879 0.58691907 0
        vertex -0.056794774 0.17869136 0
        vertex -0.070360824 0.17379759 0
    endloop
endfacet
facet normal 0 0 -0.99999994
    outer loop
        vertex -0.24571879 0.58691907 0
        vertex -0.070360824 0.17379759 0
        vertex -0.08351062 0.16787562 0
    endloop
endfacet
facet normal 0 -0 -0.99999994
    outer loop
        vertex -0.24571879 0.58691907 0
        vertex -0.08351062 0.16787562 0
        vertex -0.31837827 0.55144733 0
    endloop
endfacet
facet normal -0 0 -0.99999994
    outer loop
        vertex -0.08351062 0.16787562 0
        vertex -0.096166365 0.1609605 0
        vertex -0.31837827 0.55144733 0
    endloop
endfacet
facet normal 0 -0 -1
    outer loop
        vertex -0.31837827 0.55144733 0
        vertex -0.10825318 0.1530931 0
        vertex -0.4077996 0.48841697 0
    endloop
endfacet
facet normal -0 0 -0.99999994
    outer loop
        vertex -0.10825318 0.1530931 0
        vertex -0.11969955 0.14432001 0
        vertex -0.4077996 0.48841697 0
    endloop
endfacet
facet normal -0 0 -0.99999994
    outer loop
        vertex -0.11969955 0.14432001 0
        vertex -0.13043779 0.13469312 0
        vertex -0.4077996 0.48841697 0
    endloop
endfacet
facet normal 0 0 -0.99999994
    outer loop
        vertex -0.13043779 0.13469312 0
        vertex -0.46677563 0.43310446 0
        vertex -0.4077996 0.48841697 0
    endloop
endfacet
facet normal 0 0 -1
    outer loop
        vertex -0.5336457 0.34651694 0
        vertex -0.14954025 0.11311041 0
        vertex -0.15779145 0.1012823 0
    endloop
endfacet
facet normal 0 -0 -0.99999994
    outer loop
        vertex -0.46677563 0.43310446 0
        vertex -0.14954025 0.11311041 0
        vertex -0.5336457 0.34651694 0
    endloop
endfacet
facet normal 0 0 -1
    outer loop
        vertex -0.57369787 0.27627832 0
        vertex -0.16510917 0.08885499 0
        vertex -0.1714501 0.07590202 0
    endloop
endfacet
facet normal 0 -0 -1
    outer loop
        vertex -0.5336457 0.34651694 0
        vertex -0.16510917 0.08885499 0
        vertex -0.57369787 0.27627832 0
    endloop
endfacet
facet normal 0 0 -1
    outer loop
        vertex -0.612075 0.17382735 0
        vertex -0.57369787 0.27627832 0
        vertex -0.1767767 0.0625 0
    endloop
endfacet
facet normal 0 0 -1
    outer loop
        vertex -0.57369787 0.27627832 0
        vertex -0.1714501 0.07590202 0
        vertex -0.1767767 0.0625 0
    endloop
endfacet
facet normal 0 0 -1
    outer loop
        vertex -0.6296445 0.09490364 0
        vertex -0.18205154 0.0448719 0
        vertex -0.18557312 0.02681166 0
    endloop
endfacet
facet normal 0 -0 -1
    outer loop
        vertex -0.612075 0.17382735 0
        vertex -0.18205154 0.0448719 0
        vertex -0.6296445 0.09490364 0
    endloop
endfacet
facet normal 0 -0 -1
    outer loop
        vertex -0.6296445 0.09490364 0
        vertex -0.18730754 0.0084932055 0
        vertex -0.6361187 -0.0143075725 0
    endloop
endfacet
facet normal 0 0 -1
    outer loop
        vertex -0.6296445 -0.09490364 0
        vertex -0.18723808 -0.009907042 0
        vertex -0.18536542 -0.028211879 0
    endloop
endfacet
facet normal 0 0 -1
    outer loop
        vertex -0.6361187 -0.0143075725 0
        vertex -0.18723808 -0.009907042 0
        vertex -0.6296445 -0.09490364 0
    endloop
endfacet
facet normal 0 0 -0.99999994
    outer loop
        vertex -0.6296445 -0.09490364 0
        vertex -0.18170759 -0.04624502 0
        vertex -0.60364044 -0.20117119 0
    endloop
endfacet
facet normal 0 0 -1
    outer loop
        vertex -0.57369787 -0.27627832 0
        vertex -0.17629983 -0.0638328 0
        vertex -0.16919418 -0.08080583 0
    endloop
endfacet
facet normal 0 0 -1
    outer loop
        vertex -0.60364044 -0.20117119 0
        vertex -0.17629983 -0.0638328 0
        vertex -0.57369787 -0.27627832 0
    endloop
endfacet
facet normal 0 0 -0.99999994
    outer loop
        vertex -0.57369787 -0.27627832 0
        vertex -0.1604591 -0.09700066 0
        vertex -0.51752615 -0.37015986 0
    endloop
endfacet
facet normal 0 0 -1
    outer loop
        vertex -0.46677563 -0.43310446 0
        vertex -0.15017872 -0.11226131 0
        vertex -0.13845204 -0.12644082 0
    endloop
endfacet
facet normal 0 0 -1
    outer loop
        vertex -0.51752615 -0.37015986 0
        vertex -0.15017872 -0.11226131 0
        vertex -0.46677563 -0.43310446 0
    endloop
endfacet
facet normal 0 0 -1
    outer loop
        vertex -0.46677563 -0.43310446 0
        vertex -0.12539198 -0.13940266 0
        vertex -0.38542742 -0.50625825 0
    endloop
endfacet
facet normal 0 0 -1
    outer loop
        vertex -0.31837827 -0.55144733 0
        vertex -0.38542742 -0.50625825 0
        vertex -0.0957865 -0.16118684 0
    endloop
endfacet
facet normal 0 0 -1
    outer loop
        vertex -0.38542742 -0.50625825 0
        vertex -0.11112434 -0.15102196 0
        vertex -0.0957865 -0.16118684 0
    endloop
endfacet
facet normal 0 0 -0.99999994
    outer loop
        vertex -0.31837827 -0.55144733 0
        vertex -0.07952619 -0.16979939 0
        vertex -0.2190817 -0.5973733 0
    endloop
endfacet
facet normal 0 0 -1
    outer loop
        vertex -0.14169167 -0.62079173 0
        vertex -0.2190817 -0.5973733 0
        vertex -0.0448719 -0.18205154 0
    endloop
endfacet
facet normal 0 0 -1
    outer loop
        vertex -0.2190817 -0.5973733 0
        vertex -0.0625 -0.1767767 0
        vertex -0.0448719 -0.18205154 0
    endloop
endfacet
facet normal 0 0 -1
    outer loop
        vertex -0.14169167 -0.62079173 0
        vertex -0.02681166 -0.18557312 0
        vertex -0.033269644 -0.6354092 0
    endloop
endfacet
facet normal -0 0 -1
    outer loop
        vertex 0.047584876 -0.6349761 0
        vertex -0.033269644 -0.6354092 0
        vertex 0.009907042 -0.18723808 0
    endloop
endfacet
facet normal 0 0 -1
    outer loop
        vertex -0.033269644 -0.6354092 0
        vertex -0.0084932055 -0.18730754 0
        vertex 0.009907042 -0.18723808 0
    endloop
endfacet
facet normal 0 0 -1
    outer loop
        vertex 0.047584876 -0.6349761 0
        vertex 0.028211879 -0.18536542 0
        vertex 0.15549856 -0.6169861 0
    endloop
endfacet
facet normal -0 0 -1
    outer loop
        vertex 0.23263331 -0.59273994 0
        vertex 0.15549856 -0.6169861 0
        vertex 0.0638328 -0.17629983 0
    endloop
endfacet
facet normal 0 0 -1
    outer loop
        vertex 0.15549856 -0.6169861 0
        vertex 0.04624502 -0.18170759 0
        vertex 0.0638328 -0.17629983 0
    endloop
endfacet
facet normal 0 0 -1
    outer loop
        vertex 0.23263331 -0.59273994 0
        vertex 0.08080583 -0.16919418 0
        vertex 0.3304501 -0.5437411 0
    endloop
endfacet
facet normal -0 0 -1
    outer loop
        vertex 0.39701122 -0.49783632 0
        vertex 0.3304501 -0.5437411 0
        vertex 0.11226131 -0.15017872 0
    endloop
endfacet
facet normal 0 0 -1
    outer loop
        vertex 0.3304501 -0.5437411 0
        vertex 0.09700066 -0.1604591 0
        vertex 0.11226131 -0.15017872 0
    endloop
endfacet
facet normal -0 0 -0.99999994
    outer loop
        vertex -0.14040434 0.12426935 0
        vertex -0.14954025 0.11311041 0
        vertex -0.46677563 0.43310446 0
    endloop
endfacet
facet normal 0 0 -1
    outer loop
        vertex 0.2367767 -0.0625 0
        vertex 0.15102196 -0.11112434 0
        vertex 0.16118684 -0.0957865 0
    endloop
endfacet
facet normal 0 0 -1
    outer loop
        vertex 0.2367767 0.0625 0
        vertex 0.62688136 0.10895634 0
        vertex 0.63675654 -0 0
    endloop
endfacet
facet normal 0 -0 -1
    outer loop
        vertex 0.04624502 -0.18170759 0
        vertex 0.15549856 -0.6169861 0
        vertex 0.028211879 -0.18536542 0
    endloop
endfacet
facet normal 0 -0 -1
    outer loop
        vertex -0.07952619 -0.16979939 0
        vertex -0.0625 -0.1767767 0
        vertex -0.2190817 -0.5973733 0
    endloop
endfacet
facet normal 0 -0 -1
    outer loop
        vertex -0.12539198 -0.13940266 0
        vertex -0.11112434 -0.15102196 0
        vertex -0.38542742 -0.50625825 0
    endloop
endfacet
facet normal 0 0 -1
    outer loop
        vertex 0.63114613 -0.080660805 0
        vertex 0.6151815 -0.18905662 0
        vertex 0.6084672 -0.1876873 0
    endloop
endfacet
facet normal 0 -0 -1
    outer loop
        vertex 0.6084672 0.1876873 0
        vertex 0.62688136 0.10895634 0
        vertex 0.2367767 0.0625 0
    endloop
endfacet
facet normal -0 0 -1
    outer loop
        vertex 0.6378533 -0.08206496 0
        vertex 0.6151815 -0.18905662 0
        vertex 0.63114613 -0.080660805 0
    endloop
endfacet
facet normal 0 0 -0.99999994
    outer loop
        vertex 0.6378533 -0.08206496 0
        vertex 0.63114613 -0.080660805 0
        vertex 0.63312435 -0.080962606 0
    endloop
endfacet
facet normal 0 0 -1
    outer loop
        vertex 0.620158 -0.18982628 0
        vertex 0.6151815 -0.18905662 0
        vertex 0.6378533 -0.08206496 0
    endloop
endfacet
facet normal 0 0 -1
    outer loop
        vertex 0.620158 -0.18982628 0
        vertex 0.6378533 -0.08206496 0
        vertex 0.64246285 -0.083243474 0
    endloop
endfacet
facet normal 0 0 -1
    outer loop
        vertex 0.620158 -0.18982628 0
        vertex 0.64246285 -0.083243474 0
        vertex 0.6241651 -0.19034249 0
    endloop
endfacet
facet normal 0 -0 -1
    outer loop
        vertex 0.64246285 -0.083243474 0
        vertex 0.6497738 -0.08535444 0
        vertex 0.6241651 -0.19034249 0
    endloop
endfacet
facet normal 0 0 -1
    outer loop
        vertex 0.6497738 -0.08535444 0
        vertex 0.62964845 -0.19095804 0
        vertex 0.6241651 -0.19034249 0
    endloop
endfacet
facet normal -0 0 -1
    outer loop
        vertex 0.6547223 -0.08694053 0
        vertex 0.62964845 -0.19095804 0
        vertex 0.6497738 -0.08535444 0
    endloop
endfacet
facet normal 0 0 -1
    outer loop
        vertex 0.63309467 -0.1912839 0
        vertex 0.62964845 -0.19095804 0
        vertex 0.6547223 -0.08694053 0
    endloop
endfacet
facet normal 0 0 -1
    outer loop
        vertex 0.63309467 -0.1912839 0
        vertex 0.6547223 -0.08694053 0
        vertex 0.6372943 -0.19150627 0
    endloop
endfacet
facet normal 0 -0 -1
    outer loop
        vertex 0.6547223 -0.08694053 0
        vertex 0.6575235 -0.08792757 0
        vertex 0.6372943 -0.19150627 0
    endloop
endfacet
facet normal 0 0 -1
    outer loop
        vertex 0.6575235 -0.08792757 0
        vertex 0.6425447 -0.19149457 0
        vertex 0.6372943 -0.19150627 0
    endloop
endfacet
facet normal -0 0 -1
    outer loop
        vertex 0.6605322 -0.08907515 0
        vertex 0.6425447 -0.19149457 0
        vertex 0.6575235 -0.08792757 0
    endloop
endfacet
facet normal -0 0 -1
    outer loop
        vertex 0.64565676 -0.19136015 0
        vertex 0.6425447 -0.19149457 0
        vertex 0.6605322 -0.08907515 0
    endloop
endfacet
facet normal 0 0 -1
    outer loop
        vertex 0.64565676 -0.19136015 0
        vertex 0.6605322 -0.08907515 0
        vertex 0.66374063 -0.09040661 0
    endloop
endfacet
facet normal 0 0 -1
    outer loop
        vertex 0.64565676 -0.19136015 0
        vertex 0.66374063 -0.09040661 0
        vertex 0.6491431 -0.19111829 0
    endloop
endfacet
facet normal 0 -0 -1
    outer loop
        vertex 0.66374063 -0.09040661 0
        vertex 0.66714096 -0.09194534 0
        vertex 0.6491431 -0.19111829 0
    endloop
endfacet
facet normal -0 0 -0.99999994
    outer loop
        vertex 0.7088434 -0.11892254 0
        vertex 0.6949662 -0.1833561 0
        vertex 0.7028179 -0.11456529 0
    endloop
endfacet
facet normal 0 0 -1
    outer loop
        vertex 0.6871479 -0.18504521 0
        vertex 0.7028179 -0.11456529 0
        vertex 0.6949662 -0.1833561 0
    endloop
endfacet
facet normal 0 0 -1
    outer loop
        vertex 0.579331 -0.26311088 0
        vertex 0.53212535 -0.36198533 0
        vertex 0.526113 -0.35869774 0
    endloop
endfacet
facet normal 0 0 -1
    outer loop
        vertex 0.2367767 0.0625 0
        vertex 0.63675654 -0 0
        vertex 0.2367767 -0.0625 0
    endloop
endfacet
facet normal -0 0 -0.99999994
    outer loop
        vertex 0.5853262 -0.2664296 0
        vertex 0.53212535 -0.36198533 0
        vertex 0.579331 -0.26311088 0
    endloop
endfacet
facet normal 0 0 -0.99999994
    outer loop
        vertex 0.5853262 -0.2664296 0
        vertex 0.579331 -0.26311088 0
        vertex 0.5811323 -0.26398236 0
    endloop
endfacet
facet normal 0 0 -1
    outer loop
        vertex 0.5366539 -0.3641876 0
        vertex 0.53212535 -0.36198533 0
        vertex 0.5853262 -0.2664296 0
    endloop
endfacet
facet normal 0 0 -1
    outer loop
        vertex 0.5366539 -0.3641876 0
        vertex 0.5853262 -0.2664296 0
        vertex 0.58938354 -0.26891443 0
    endloop
endfacet
facet normal 0 0 -1
    outer loop
        vertex 0.6707252 -0.093714744 0
        vertex 0.6530409 -0.19075261 0
        vertex 0.6491431 -0.19111829 0
    endloop
endfacet
facet normal 0 0 -1
    outer loop
        vertex 0.5366539 -0.3641876 0
        vertex 0.58938354 -0.26891443 0
        vertex 0.5403308 -0.365862 0
    endloop
endfacet
facet normal 0 -0 -1
    outer loop
        vertex 0.58938354 -0.26891443 0
        vertex 0.59574753 -0.27308658 0
        vertex 0.5403308 -0.365862 0
    endloop
endfacet
facet normal 0 0 -1
    outer loop
        vertex 0.59574753 -0.27308658 0
        vertex 0.54538906 -0.36806646 0
        vertex 0.5403308 -0.365862 0
    endloop
endfacet
facet normal -0 0 -1
    outer loop
        vertex 0.6000086 -0.27606076 0
        vertex 0.54538906 -0.36806646 0
        vertex 0.59574753 -0.27308658 0
    endloop
endfacet
facet normal 0 0 -0.99999994
    outer loop
        vertex 0.54858613 -0.36939362 0
        vertex 0.54538906 -0.36806646 0
        vertex 0.6000086 -0.27606076 0
    endloop
endfacet
facet normal 0 0 -1
    outer loop
        vertex 0.54858613 -0.36939362 0
        vertex 0.6000086 -0.27606076 0
        vertex 0.5525336 -0.37084395 0
    endloop
endfacet
facet normal 0 -0 -1
    outer loop
        vertex 0.6000086 -0.27606076 0
        vertex 0.60239446 -0.27782965 0
        vertex 0.5525336 -0.37084395 0
    endloop
endfacet
facet normal 0 0 -1
    outer loop
        vertex 0.60239446 -0.27782965 0
        vertex 0.5575541 -0.37238035 0
        vertex 0.5525336 -0.37084395 0
    endloop
endfacet
facet normal -0 0 -1
    outer loop
        vertex 0.60493124 -0.27981308 0
        vertex 0.5575541 -0.37238035 0
        vertex 0.60239446 -0.27782965 0
    endloop
endfacet
facet normal 0 0 -1
    outer loop
        vertex 0.5605677 -0.3731692 0
        vertex 0.5575541 -0.37238035 0
        vertex 0.60493124 -0.27981308 0
    endloop
endfacet
facet normal 0 0 -1
    outer loop
        vertex 0.5605677 -0.3731692 0
        vertex 0.60493124 -0.27981308 0
        vertex 0.6076047 -0.2820311 0
    endloop
endfacet
facet normal 0 0 -1
    outer loop
        vertex 0.5605677 -0.3731692 0
        vertex 0.6076047 -0.2820311 0
        vertex 0.5639704 -0.3739657 0
    endloop
endfacet
facet normal 0 -0 -1
    outer loop
        vertex 0.6076047 -0.2820311 0
        vertex 0.6104004 -0.28450373 0
        vertex 0.5639704 -0.3739657 0
    endloop
endfacet
facet normal -0 0 -1
    outer loop
        vertex 0.6871479 -0.18504521 0
        vertex 0.6800013 -0.1864963 0
        vertex 0.6972912 -0.110594675 0
    endloop
endfacet
facet normal 0 0 -0.99999994
    outer loop
        vertex 0.6871479 -0.18504521 0
        vertex 0.6972912 -0.110594675 0
        vertex 0.7028179 -0.11456529 0
    endloop
endfacet
facet normal 0 -0 -1
    outer loop
        vertex 0.6902381 -0.10567602 0
        vertex 0.6972912 -0.110594675 0
        vertex 0.6800013 -0.1864963 0
    endloop
endfacet
facet normal 0 0 -1
    outer loop
        vertex 0.6902381 -0.10567602 0
        vertex 0.6800013 -0.1864963 0
        vertex 0.6734891 -0.18772568 0
    endloop
endfacet
facet normal 0 0 -1
    outer loop
        vertex 0.6902381 -0.10567602 0
        vertex 0.6734891 -0.18772568 0
        vertex 0.66757405 -0.1887497 0
    endloop
endfacet
facet normal -0 0 -1
    outer loop
        vertex 0.6902381 -0.10567602 0
        vertex 0.66757405 -0.1887497 0
        vertex 0.6863683 -0.10307551 0
    endloop
endfacet
facet normal 0 -0 -1
    outer loop
        vertex 0.6823919 -0.10049521 0
        vertex 0.6863683 -0.10307551 0
        vertex 0.66757405 -0.1887497 0
    endloop
endfacet
facet normal 0 0 -1
    outer loop
        vertex 0.65738714 -0.19024684 0
        vertex 0.6744857 -0.09573818 0
        vertex 0.67840046 -0.09802086 0
    endloop
endfacet
facet normal -0 0 -1
    outer loop
        vertex 0.66757405 -0.1887497 0
        vertex 0.66221917 -0.18958464 0
        vertex 0.6823919 -0.10049521 0
    endloop
endfacet
facet normal 0 0 -1
    outer loop
        vertex 0.65738714 -0.19024684 0
        vertex 0.67840046 -0.09802086 0
        vertex 0.66221917 -0.18958464 0
    endloop
endfacet
facet normal 0 -0 -1
    outer loop
        vertex 0.67840046 -0.09802086 0
        vertex 0.6823919 -0.10049521 0
        vertex 0.66221917 -0.18958464 0
    endloop
endfacet
facet normal 0 0 -1
    outer loop
        vertex 0.6530409 -0.19075261 0
        vertex 0.6744857 -0.09573818 0
        vertex 0.65738714 -0.19024684 0
    endloop
endfacet
facet normal 0 -0 -1
    outer loop
        vertex 0.6707252 -0.093714744 0
        vertex 0.6744857 -0.09573818 0
        vertex 0.6530409 -0.19075261 0
    endloop
endfacet
facet normal -0 0 -0.99999994
    outer loop
        vertex 0.6707252 -0.093714744 0
        vertex 0.6491431 -0.19111829 0
        vertex 0.66714096 -0.09194534 0
    endloop
endfacet
facet normal 0 0 -1
    outer loop
        vertex 0.6105472 -0.18823877 0
        vertex 0.6084672 -0.1876873 0
        vertex 0.6151815 -0.18905662 0
    endloop
endfacet
facet normal 0 0 -1
    outer loop
        vertex 0.2367767 -0.0625 0
        vertex 0.63675654 -0 0
        vertex 0.63114613 -0.080660805 0
    endloop
endfacet
facet normal 0 0 -1
    outer loop
        vertex 0.4760396 -0.42218238 0
        vertex 0.4017875 -0.50275004 0
        vertex 0.39701122 -0.49783632 0
    endloop
endfacet
facet normal -0 0 -1
    outer loop
        vertex 0.63114613 -0.080660805 0
        vertex 0.6084672 -0.1876873 0
        vertex 0.2367767 -0.0625 0
    endloop
endfacet
facet normal -0 0 -1
    outer loop
        vertex 0.4807903 -0.4271208 0
        vertex 0.4017875 -0.50275004 0
        vertex 0.4760396 -0.42218238 0
    endloop
endfacet
facet normal 0 0 -1
    outer loop
        vertex 0.4807903 -0.4271208 0
        vertex 0.4760396 -0.42218238 0
        vertex 0.47750407 -0.4235461 0
    endloop
endfacet
facet normal 0 0 -1
    outer loop
        vertex 0.40546566 -0.5061893 0
        vertex 0.4017875 -0.50275004 0
        vertex 0.4807903 -0.4271208 0
    endloop
endfacet
facet normal 0 0 -1
    outer loop
        vertex 0.40546566 -0.5061893 0
        vertex 0.4807903 -0.4271208 0
        vertex 0.48393497 -0.43069118 0
    endloop
endfacet
facet normal 0 0 -0.99999994
    outer loop
        vertex 0.40546566 -0.5061893 0
        vertex 0.48393497 -0.43069118 0
        vertex 0.4084857 -0.5088731 0
    endloop
endfacet
facet normal 0 -0 -1
    outer loop
        vertex 0.48393497 -0.43069118 0
        vertex 0.48878643 -0.43655375 0
        vertex 0.4084857 -0.5088731 0
    endloop
endfacet
facet normal 0 0 -1
    outer loop
        vertex 0.48878643 -0.43655375 0
        vertex 0.41266948 -0.51247054 0
        vertex 0.4084857 -0.5088731 0
    endloop
endfacet
facet normal 0 -0 -1
    outer loop
        vertex 0.6193689 -0.29362813 0
        vertex 0.62245363 -0.29716903 0
        vertex 0.5769175 -0.37635446 0
    endloop
endfacet
facet normal -0 0 -0.99999994
    outer loop
        vertex 0.49198157 -0.4406518 0
        vertex 0.41266948 -0.51247054 0
        vertex 0.48878643 -0.43655375 0
    endloop
endfacet
facet normal 0 0 -1
    outer loop
        vertex 0.4153333 -0.5146811 0
        vertex 0.41266948 -0.51247054 0
        vertex 0.49198157 -0.4406518 0
    endloop
endfacet
facet normal 0 0 -1
    outer loop
        vertex 0.4153333 -0.5146811 0
        vertex 0.49198157 -0.4406518 0
        vertex 0.41867793 -0.5172306 0
    endloop
endfacet
facet normal 0 -0 -1
    outer loop
        vertex 0.49198157 -0.4406518 0
        vertex 0.49374 -0.44304532 0
        vertex 0.41867793 -0.5172306 0
    endloop
endfacet
facet normal 0 0 -1
    outer loop
        vertex 0.49374 -0.44304532 0
        vertex 0.42302254 -0.52017856 0
        vertex 0.41867793 -0.5172306 0
    endloop
endfacet
facet normal -0 0 -1
    outer loop
        vertex 0.4955795 -0.44568837 0
        vertex 0.42302254 -0.52017856 0
        vertex 0.49374 -0.44304532 0
    endloop
endfacet
facet normal 0 0 -1
    outer loop
        vertex 0.42566967 -0.5218206 0
        vertex 0.42302254 -0.52017856 0
        vertex 0.4955795 -0.44568837 0
    endloop
endfacet
facet normal 0 0 -1
    outer loop
        vertex 0.42566967 -0.5218206 0
        vertex 0.4955795 -0.44568837 0
        vertex 0.4974804 -0.44859585 0
    endloop
endfacet
facet normal 0 0 -1
    outer loop
        vertex 0.42566967 -0.5218206 0
        vertex 0.4974804 -0.44859585 0
        vertex 0.42868647 -0.52358466 0
    endloop
endfacet
facet normal 0 -0 -1
    outer loop
        vertex 0.4974804 -0.44859585 0
        vertex 0.49942306 -0.45178267 0
        vertex 0.42868647 -0.52358466 0
    endloop
endfacet
facet normal -0 0 -1
    outer loop
        vertex 0.6337142 -0.31121144 0
        vertex 0.59482 -0.3786447 0
        vertex 0.6284242 -0.3044324 0
    endloop
endfacet
facet normal 0 0 -1
    outer loop
        vertex 0.5639704 -0.3739657 0
        vertex 0.6104004 -0.28450373 0
        vertex 0.6133039 -0.287251 0
    endloop
endfacet
facet normal 0 -0 -0.99999994
    outer loop
        vertex 0.6133039 -0.287251 0
        vertex 0.6163008 -0.29029295 0
        vertex 0.5678028 -0.3747652 0
    endloop
endfacet
facet normal 0 0 -0.99999994
    outer loop
        vertex 0.5678028 -0.3747652 0
        vertex 0.6163008 -0.29029295 0
        vertex 0.57210505 -0.37556297 0
    endloop
endfacet
facet normal 0 0 -0.99999994
    outer loop
        vertex 0.5822807 -0.37713498 0
        vertex 0.6284242 -0.3044324 0
        vertex 0.5882347 -0.37789994 0
    endloop
endfacet
facet normal 0 -0 -1
    outer loop
        vertex 0.6254929 -0.3008068 0
        vertex 0.6284242 -0.3044324 0
        vertex 0.5822807 -0.37713498 0
    endloop
endfacet
facet normal 0 0 -1
    outer loop
        vertex 0.6193689 -0.29362813 0
        vertex 0.5769175 -0.37635446 0
        vertex 0.57210505 -0.37556297 0
    endloop
endfacet
facet normal 0 0 -1
    outer loop
        vertex 0.62245363 -0.29716903 0
        vertex 0.5822807 -0.37713498 0
        vertex 0.5769175 -0.37635446 0
    endloop
endfacet
facet normal 0 0 -1
    outer loop
        vertex 0.57210505 -0.37556297 0
        vertex 0.6163008 -0.29029295 0
        vertex 0.6193689 -0.29362813 0
    endloop
endfacet
facet normal 0 0 -1
    outer loop
        vertex 0.53212535 -0.36198533 0
        vertex 0.52793795 -0.35983783 0
        vertex 0.526113 -0.35869774 0
    endloop
endfacet
facet normal 0 0 -1
    outer loop
        vertex 0.579331 -0.26311088 0
        vertex 0.2367767 -0.0625 0
        vertex 0.6084672 -0.1876873 0
    endloop
endfacet
facet normal 0 -0 -1
    outer loop
        vertex 0.49942306 -0.45178267 0
        vertex 0.50138783 -0.45526373 0
        vertex 0.42868647 -0.52358466 0
    endloop
endfacet
facet normal -0 0 -1
    outer loop
        vertex 0.5186825 -0.49756414 0
        vertex 0.47091982 -0.5429843 0
        vertex 0.51615846 -0.49056968 0
    endloop
endfacet
facet normal -0 0 -1
    outer loop
        vertex 0.51615846 -0.49056968 0
        vertex 0.46350858 -0.5399757 0
        vertex 0.5138288 -0.4841757 0
    endloop
endfacet
facet normal 0 0 -1
    outer loop
        vertex 0.46350858 -0.5399757 0
        vertex 0.45678633 -0.53714883 0
        vertex 0.5138288 -0.4841757 0
    endloop
endfacet
facet normal 0 0 -1
    outer loop
        vertex 0.45678633 -0.53714883 0
        vertex 0.5107721 -0.4761386 0
        vertex 0.5138288 -0.4841757 0
    endloop
endfacet
facet normal 0 0 -1
    outer loop
        vertex 0.45071313 -0.5344961 0
        vertex 0.5107721 -0.4761386 0
        vertex 0.45678633 -0.53714883 0
    endloop
endfacet
facet normal 0 0 -1
    outer loop
        vertex 0.3304501 -0.5437411 0
        vertex 0.235749 -0.59884316 0
        vertex 0.23263331 -0.59273994 0
    endloop
endfacet
facet normal -0 0 -1
    outer loop
        vertex 0.579331 -0.26311088 0
        vertex 0.526113 -0.35869774 0
        vertex 0.2367767 -0.0625 0
    endloop
endfacet
facet normal -0 0 -1
    outer loop
        vertex 0.33353403 -0.5498604 0
        vertex 0.235749 -0.59884316 0
        vertex 0.3304501 -0.5437411 0
    endloop
endfacet
facet normal 0 0 -0.99999994
    outer loop
        vertex 0.33353403 -0.5498604 0
        vertex 0.3304501 -0.5437411 0
        vertex 0.33144748 -0.5454759 0
    endloop
endfacet
facet normal 0 0 -1
    outer loop
        vertex 0.23825005 -0.60321385 0
        vertex 0.235749 -0.59884316 0
        vertex 0.33353403 -0.5498604 0
    endloop
endfacet
facet normal 0 0 -1
    outer loop
        vertex 0.23825005 -0.60321385 0
        vertex 0.33353403 -0.5498604 0
        vertex 0.33548665 -0.5541991 0
    endloop
endfacet
facet normal 0 0 -1
    outer loop
        vertex 0.23825005 -0.60321385 0
        vertex 0.33548665 -0.5541991 0
        vertex 0.24034485 -0.60666853 0
    endloop
endfacet
facet normal 0 -0 -1
    outer loop
        vertex 0.33548665 -0.5541991 0
        vertex 0.33839455 -0.56123126 0
        vertex 0.24034485 -0.60666853 0
    endloop
endfacet
facet normal 0 0 -1
    outer loop
        vertex 0.33839455 -0.56123126 0
        vertex 0.24328238 -0.6113394 0
        vertex 0.24034485 -0.60666853 0
    endloop
endfacet
facet normal -0 0 -1
    outer loop
        vertex 0.3402398 -0.566089 0
        vertex 0.24328238 -0.6113394 0
        vertex 0.33839455 -0.56123126 0
    endloop
endfacet
facet normal 0 0 -1
    outer loop
        vertex 0.2451763 -0.6142369 0
        vertex 0.24328238 -0.6113394 0
        vertex 0.3402398 -0.566089 0
    endloop
endfacet
facet normal 0 0 -1
    outer loop
        vertex 0.2451763 -0.6142369 0
        vertex 0.3402398 -0.566089 0
        vertex 0.24762087 -0.6176589 0
    endloop
endfacet
facet normal 0 -0 -0.99999994
    outer loop
        vertex 0.3402398 -0.566089 0
        vertex 0.34121463 -0.56889445 0
        vertex 0.24762087 -0.6176589 0
    endloop
endfacet
facet normal 0 0 -1
    outer loop
        vertex 0.34121463 -0.56889445 0
        vertex 0.25090355 -0.62175655 0
        vertex 0.24762087 -0.6176589 0
    endloop
endfacet
facet normal -0 0 -1
    outer loop
        vertex 0.34219337 -0.57196236 0
        vertex 0.25090355 -0.62175655 0
        vertex 0.34121463 -0.56889445 0
    endloop
endfacet
facet normal 0 0 -1
    outer loop
        vertex 0.25294903 -0.6241059 0
        vertex 0.25090355 -0.62175655 0
        vertex 0.34219337 -0.57196236 0
    endloop
endfacet
facet normal 0 0 -1
    outer loop
        vertex 0.25294903 -0.6241059 0
        vertex 0.34219337 -0.57196236 0
        vertex 0.3431528 -0.57530093 0
    endloop
endfacet
facet normal 0 0 -1
    outer loop
        vertex 0.25294903 -0.6241059 0
        vertex 0.3431528 -0.57530093 0
        vertex 0.25531185 -0.62668085 0
    endloop
endfacet
facet normal 0 -0 -0.99999994
    outer loop
        vertex 0.3431528 -0.57530093 0
        vertex 0.34406978 -0.57891876 0
        vertex 0.25531185 -0.62668085 0
    endloop
endfacet
facet normal 0 0 -1
    outer loop
        vertex 0.4452491 -0.5320102 0
        vertex 0.44035432 -0.52968353 0
        vertex 0.50720763 -0.46743807 0
    endloop
endfacet
facet normal 0 0 -1
    outer loop
        vertex 0.2367767 -0.0625 0
        vertex 0.526113 -0.35869774 0
        vertex 0.4760396 -0.42218238 0
    endloop
endfacet
facet normal 0 -0 -1
    outer loop
        vertex 0.50138783 -0.45526373 0
        vertex 0.50335497 -0.45905393 0
        vertex 0.43211293 -0.52547824 0
    endloop
endfacet
facet normal -0 0 -1
    outer loop
        vertex 0.34492123 -0.5828243 0
        vertex 0.25531185 -0.62668085 0
        vertex 0.34406978 -0.57891876 0
    endloop
endfacet
facet normal 0 -0 -1
    outer loop
        vertex 0.34862906 -0.6209155 0
        vertex 0.34897926 -0.6283431 0
        vertex 0.28995076 -0.6576671 0
    endloop
endfacet
facet normal 0 0 -1
    outer loop
        vertex 0.34862906 -0.6209155 0
        vertex 0.28995076 -0.6576671 0
        vertex 0.28375554 -0.65260774 0
    endloop
endfacet
facet normal -0 0 -1
    outer loop
        vertex 0.34862906 -0.6209155 0
        vertex 0.28375554 -0.65260774 0
        vertex 0.34828755 -0.6141189 0
    endloop
endfacet
facet normal 0 0 -1
    outer loop
        vertex 0.28375554 -0.65260774 0
        vertex 0.2781652 -0.6479249 0
        vertex 0.34828755 -0.6141189 0
    endloop
endfacet
facet normal 0 0 -1
    outer loop
        vertex 0.2781652 -0.6479249 0
        vertex 0.3477356 -0.6055378 0
        vertex 0.34828755 -0.6141189 0
    endloop
endfacet
facet normal -0 0 -0.99999994
    outer loop
        vertex 0.3456838 -0.5870259 0
        vertex 0.2580279 -0.6295002 0
        vertex 0.34492123 -0.5828243 0
    endloop
endfacet
facet normal 0 0 -1
    outer loop
        vertex 0.3477356 -0.6055378 0
        vertex 0.2781652 -0.6479249 0
        vertex 0.2731437 -0.6436 0
    endloop
endfacet
facet normal 0 0 -1
    outer loop
        vertex 0.26113322 -0.63258296 0
        vertex 0.2580279 -0.6295002 0
        vertex 0.3456838 -0.5870259 0
    endloop
endfacet
facet normal 0 0 -0.99999994
    outer loop
        vertex 0.2731437 -0.6436 0
        vertex 0.26865518 -0.6396139 0
        vertex 0.3477356 -0.6055378 0
    endloop
endfacet
facet normal 0 0 -1
    outer loop
        vertex 0.26865518 -0.6396139 0
        vertex 0.34735596 -0.6008909 0
        vertex 0.3477356 -0.6055378 0
    endloop
endfacet
facet normal 0 -0 -0.99999994
    outer loop
        vertex 0.34689406 -0.5961732 0
        vertex 0.34735596 -0.6008909 0
        vertex 0.26865518 -0.6396139 0
    endloop
endfacet
facet normal 0 0 -1
    outer loop
        vertex 0.34689406 -0.5961732 0
        vertex 0.26865518 -0.6396139 0
        vertex 0.26466367 -0.6359479 0
    endloop
endfacet
facet normal -0 0 -1
    outer loop
        vertex 0.34689406 -0.5961732 0
        vertex 0.26466367 -0.6359479 0
        vertex 0.34633997 -0.5915098 0
    endloop
endfacet
facet normal 0 0 -0.99999994
    outer loop
        vertex 0.26466367 -0.6359479 0
        vertex 0.26113322 -0.63258296 0
        vertex 0.34633997 -0.5915098 0
    endloop
endfacet
facet normal 0 0 -0.99999994
    outer loop
        vertex 0.34492123 -0.5828243 0
        vertex 0.2580279 -0.6295002 0
        vertex 0.25531185 -0.62668085 0
    endloop
endfacet
facet normal 0 0 -1
    outer loop
        vertex 0.15549856 -0.6169861 0
        vertex 0.048763216 -0.6417265 0
        vertex 0.047584876 -0.6349761 0
    endloop
endfacet
facet normal 0 0 -1
    outer loop
        vertex 0.2367767 -0.0625 0
        vertex 0.16118684 -0.0957865 0
        vertex 0.16979939 -0.07952619 0
    endloop
endfacet
facet normal -0 0 -1
    outer loop
        vertex 0.15664186 -0.6237426 0
        vertex 0.048763216 -0.6417265 0
        vertex 0.15549856 -0.6169861 0
    endloop
endfacet
facet normal 0 0 -1
    outer loop
        vertex 0.15664186 -0.6237426 0
        vertex 0.15549856 -0.6169861 0
        vertex 0.15594035 -0.61893785 0
    endloop
endfacet
facet normal 0 0 -0.99999994
    outer loop
        vertex 0.049864873 -0.6466401 0
        vertex 0.048763216 -0.6417265 0
        vertex 0.15664186 -0.6237426 0
    endloop
endfacet
facet normal 0 0 -1
    outer loop
        vertex 0.049864873 -0.6466401 0
        vertex 0.15664186 -0.6237426 0
        vertex 0.15722887 -0.62846404 0
    endloop
endfacet
facet normal 0 0 -0.99999994
    outer loop
        vertex 0.049864873 -0.6466401 0
        vertex 0.15722887 -0.62846404 0
        vertex 0.050848316 -0.6505589 0
    endloop
endfacet
facet normal 0 -0 -1
    outer loop
        vertex 0.15722887 -0.62846404 0
        vertex 0.15793481 -0.6360408 0
        vertex 0.050848316 -0.6505589 0
    endloop
endfacet
facet normal 0 0 -1
    outer loop
        vertex 0.15793481 -0.6360408 0
        vertex 0.052278586 -0.655888 0
        vertex 0.050848316 -0.6505589 0
    endloop
endfacet
facet normal -0 0 -1
    outer loop
        vertex 0.15826625 -0.64122665 0
        vertex 0.052278586 -0.655888 0
        vertex 0.15793481 -0.6360408 0
    endloop
endfacet
facet normal 0 0 -1
    outer loop
        vertex 0.0532343 -0.65921503 0
        vertex 0.052278586 -0.655888 0
        vertex 0.15826625 -0.64122665 0
    endloop
endfacet
facet normal 0 0 -1
    outer loop
        vertex 0.0532343 -0.65921503 0
        vertex 0.15826625 -0.64122665 0
        vertex 0.054561596 -0.66320556 0
    endloop
endfacet
facet normal 0 -0 -1
    outer loop
        vertex 0.15826625 -0.64122665 0
        vertex 0.15837082 -0.6441949 0
        vertex 0.054561596 -0.66320556 0
    endloop
endfacet
facet normal 0 0 -1
    outer loop
        vertex 0.15837082 -0.6441949 0
        vertex 0.05649065 -0.6680888 0
        vertex 0.054561596 -0.66320556 0
    endloop
endfacet
facet normal -0 0 -1
    outer loop
        vertex 0.1584018 -0.6474149 0
        vertex 0.05649065 -0.6680888 0
        vertex 0.15837082 -0.6441949 0
    endloop
endfacet
facet normal 0 0 -1
    outer loop
        vertex 0.057752766 -0.67093664 0
        vertex 0.05649065 -0.6680888 0
        vertex 0.1584018 -0.6474149 0
    endloop
endfacet
facet normal 0 0 -1
    outer loop
        vertex 0.057752766 -0.67093664 0
        vertex 0.1584018 -0.6474149 0
        vertex 0.15833455 -0.650888 0
    endloop
endfacet
facet normal 0 0 -1
    outer loop
        vertex 0.057752766 -0.67093664 0
        vertex 0.15833455 -0.650888 0
        vertex 0.059251633 -0.6740936 0
    endloop
endfacet
facet normal 0 0 -1
    outer loop
        vertex 0.15833455 -0.650888 0
        vertex 0.15814444 -0.6546154 0
        vertex 0.059251633 -0.6740936 0
    endloop
endfacet
facet normal -0 0 -1
    outer loop
        vertex 0.34633997 -0.5915098 0
        vertex 0.26113322 -0.63258296 0
        vertex 0.3456838 -0.5870259 0
    endloop
endfacet
facet normal -0 0 -1
    outer loop
        vertex 0.2367767 -0.0625 0
        vertex 0.16979939 -0.07952619 0
        vertex 0.1767767 -0.0625 0
    endloop
endfacet
facet normal 0 0 -1
    outer loop
        vertex 0.15814444 -0.6546154 0
        vertex 0.15780686 -0.6585983 0
        vertex 0.059251633 -0.6740936 0
    endloop
endfacet
facet normal 0 0 -1
    outer loop
        vertex 0.08321826 -0.71391326 0
        vertex 0.1501224 -0.69609016 0
        vertex 0.14826772 -0.70329106 0
    endloop
endfacet
facet normal 0 0 -1
    outer loop
        vertex 0.0787896 -0.7072526 0
        vertex 0.1501224 -0.69609016 0
        vertex 0.08321826 -0.71391326 0
    endloop
endfacet
facet normal 0 0 -1
    outer loop
        vertex 0.07482786 -0.7011301 0
        vertex 0.1517994 -0.68949485 0
        vertex 0.0787896 -0.7072526 0
    endloop
endfacet
facet normal 0 0 -1
    outer loop
        vertex 0.15380126 -0.6811324 0
        vertex 0.1517994 -0.68949485 0
        vertex 0.07482786 -0.7011301 0
    endloop
endfacet
facet normal 0 0 -1
    outer loop
        vertex 0.061016023 -0.67758834 0
        vertex 0.15780686 -0.6585983 0
        vertex 0.15729712 -0.6628381 0
    endloop
endfacet
facet normal 0 0 -1
    outer loop
        vertex 0.07482786 -0.7011301 0
        vertex 0.07130427 -0.6955172 0
        vertex 0.15380126 -0.6811324 0
    endloop
endfacet
facet normal 0 0 -1
    outer loop
        vertex 0.061016023 -0.67758834 0
        vertex 0.15729712 -0.6628381 0
        vertex 0.06307471 -0.6814494 0
    endloop
endfacet
facet normal 0 0 -1
    outer loop
        vertex 0.06819006 -0.69038516 0
        vertex 0.15380126 -0.6811324 0
        vertex 0.07130427 -0.6955172 0
    endloop
endfacet
facet normal 0 0 -1
    outer loop
        vertex 0.15480821 -0.67657995 0
        vertex 0.15380126 -0.6811324 0
        vertex 0.06819006 -0.69038516 0
    endloop
endfacet
facet normal -0 0 -0.99999994
    outer loop
        vertex 0.15480821 -0.67657995 0
        vertex 0.06819006 -0.69038516 0
        vertex 0.1557574 -0.67193574 0
    endloop
endfacet
facet normal 0 0 -1
    outer loop
        vertex 0.06819006 -0.69038516 0
        vertex 0.065456465 -0.6857055 0
        vertex 0.1557574 -0.67193574 0
    endloop
endfacet
facet normal 0 0 -1
    outer loop
        vertex 0.065456465 -0.6857055 0
        vertex 0.15660247 -0.66731626 0
        vertex 0.1557574 -0.67193574 0
    endloop
endfacet
facet normal 0 0 -0.99999994
    outer loop
        vertex 0.06307471 -0.6814494 0
        vertex 0.15660247 -0.66731626 0
        vertex 0.065456465 -0.6857055 0
    endloop
endfacet
facet normal 0 0 -1
    outer loop
        vertex 0.15729712 -0.6628381 0
        vertex 0.15660247 -0.66731626 0
        vertex 0.06307471 -0.6814494 0
    endloop
endfacet
facet normal 0 0 -1
    outer loop
        vertex 0.047831416 -0.63711375 0
        vertex 0.047584876 -0.6349761 0
        vertex 0.048763216 -0.6417265 0
    endloop
endfacet
facet normal 0 0 -1
    outer loop
        vertex 0.059251633 -0.6740936 0
        vertex 0.15780686 -0.6585983 0
        vertex 0.061016023 -0.67758834 0
    endloop
endfacet
facet normal 0 -0 -1
    outer loop
        vertex 0.2367767 -0.0625 0
        vertex 0.4760396 -0.42218238 0
        vertex 0.13940266 -0.12539198 0
    endloop
endfacet
facet normal 0 0 -0.99999994
    outer loop
        vertex 0.0787896 -0.7072526 0
        vertex 0.1517994 -0.68949485 0
        vertex 0.1501224 -0.69609016 0
    endloop
endfacet
facet normal 0 0 -1
    outer loop
        vertex -0.033269644 -0.6354092 0
        vertex -0.1425554 -0.6275896 0
        vertex -0.14169167 -0.62079173 0
    endloop
endfacet
facet normal 0 0 -1
    outer loop
        vertex 0.2367767 -0.0625 0
        vertex 0.13940266 -0.12539198 0
        vertex 0.15102196 -0.11112434 0
    endloop
endfacet
facet normal 0 0 -1
    outer loop
        vertex -0.03416865 -0.64220244 0
        vertex -0.1425554 -0.6275896 0
        vertex -0.033269644 -0.6354092 0
    endloop
endfacet
facet normal 0 0 -1
    outer loop
        vertex -0.03416865 -0.64220244 0
        vertex -0.033269644 -0.6354092 0
        vertex -0.033422768 -0.6374044 0
    endloop
endfacet
facet normal 0 0 -1
    outer loop
        vertex -0.14295103 -0.63260967 0
        vertex -0.1425554 -0.6275896 0
        vertex -0.03416865 -0.64220244 0
    endloop
endfacet
facet normal 0 0 -1
    outer loop
        vertex -0.14295103 -0.63260967 0
        vertex -0.03416865 -0.64220244 0
        vertex -0.034999397 -0.6468872 0
    endloop
endfacet
facet normal 0 -0 -1
    outer loop
        vertex -0.14295103 -0.63260967 0
        vertex -0.034999397 -0.6468872 0
        vertex -0.14316632 -0.6366441 0
    endloop
endfacet
facet normal -0 0 -1
    outer loop
        vertex -0.034999397 -0.6468872 0
        vertex -0.036558114 -0.65433544 0
        vertex -0.14316632 -0.6366441 0
    endloop
endfacet
facet normal 0 0 -1
    outer loop
        vertex -0.036558114 -0.65433544 0
        vertex -0.14337039 -0.64215815 0
        vertex -0.14316632 -0.6366441 0
    endloop
endfacet
facet normal 0 0 -0.99999994
    outer loop
        vertex -0.03776997 -0.65938854 0
        vertex -0.14337039 -0.64215815 0
        vertex -0.036558114 -0.65433544 0
    endloop
endfacet
facet normal 0 0 -0.99999994
    outer loop
        vertex -0.1434378 -0.64561903 0
        vertex -0.14337039 -0.64215815 0
        vertex -0.03776997 -0.65938854 0
    endloop
endfacet
facet normal 0 0 -1
    outer loop
        vertex -0.1434378 -0.64561903 0
        vertex -0.03776997 -0.65938854 0
        vertex -0.1433457 -0.6498236 0
    endloop
endfacet
facet normal -0 0 -1
    outer loop
        vertex -0.03776997 -0.65938854 0
        vertex -0.038544927 -0.6622557 0
        vertex -0.1433457 -0.6498236 0
    endloop
endfacet
facet normal 0 0 -1
    outer loop
        vertex -0.038544927 -0.6622557 0
        vertex -0.14294168 -0.6550583 0
        vertex -0.1433457 -0.6498236 0
    endloop
endfacet
facet normal 0 0 -1
    outer loop
        vertex -0.039464436 -0.66534185 0
        vertex -0.14294168 -0.6550583 0
        vertex -0.038544927 -0.6622557 0
    endloop
endfacet
facet normal 0 0 -1
    outer loop
        vertex -0.14257509 -0.65815175 0
        vertex -0.14294168 -0.6550583 0
        vertex -0.039464436 -0.66534185 0
    endloop
endfacet
facet normal 0 0 -1
    outer loop
        vertex -0.14257509 -0.65815175 0
        vertex -0.039464436 -0.66534185 0
        vertex -0.04055241 -0.6686408 0
    endloop
endfacet
facet normal 0 0 -1
    outer loop
        vertex -0.14257509 -0.65815175 0
        vertex -0.04055241 -0.6686408 0
        vertex -0.14207335 -0.6616103 0
    endloop
endfacet
facet normal -0 0 -1
    outer loop
        vertex -0.04055241 -0.6686408 0
        vertex -0.04183274 -0.67214656 0
        vertex -0.14207335 -0.6616103 0
    endloop
endfacet
facet normal -0 0 -1
    outer loop
        vertex -0.04183274 -0.67214656 0
        vertex -0.04332934 -0.6758531 0
        vertex -0.14207335 -0.6616103 0
    endloop
endfacet
facet normal 0 0 -1
    outer loop
        vertex -0.065618075 -0.7157484 0
        vertex -0.13090852 -0.7067251 0
        vertex -0.06172329 -0.7094141 0
    endloop
endfacet
facet normal 0 0 -1
    outer loop
        vertex -0.13090852 -0.7067251 0
        vertex -0.13317716 -0.69905496 0
        vertex -0.06172329 -0.7094141 0
    endloop
endfacet
facet normal 0 0 -1
    outer loop
        vertex -0.13317716 -0.69905496 0
        vertex -0.058176797 -0.7036062 0
        vertex -0.06172329 -0.7094141 0
    endloop
endfacet
facet normal 0 0 -1
    outer loop
        vertex -0.13515826 -0.69203675 0
        vertex -0.058176797 -0.7036062 0
        vertex -0.13317716 -0.69905496 0
    endloop
endfacet
facet normal -0 0 -1
    outer loop
        vertex -0.053798966 -0.69620526 0
        vertex -0.058176797 -0.7036062 0
        vertex -0.13515826 -0.69203675 0
    endloop
endfacet
facet normal 0 0 -1
    outer loop
        vertex -0.14141741 -0.6654698 0
        vertex -0.04332934 -0.6758531 0
        vertex -0.045066103 -0.67975414 0
    endloop
endfacet
facet normal 0 0 -1
    outer loop
        vertex -0.13515826 -0.69203675 0
        vertex -0.13687088 -0.6856346 0
        vertex -0.053798966 -0.69620526 0
    endloop
endfacet
facet normal 0 0 -1
    outer loop
        vertex -0.14141741 -0.6654698 0
        vertex -0.045066103 -0.67975414 0
        vertex -0.14058827 -0.6697661 0
    endloop
endfacet
facet normal 0 0 -1
    outer loop
        vertex -0.13833404 -0.67981267 0
        vertex -0.053798966 -0.69620526 0
        vertex -0.13687088 -0.6856346 0
    endloop
endfacet
facet normal 0 0 -1
    outer loop
        vertex -0.051494922 -0.69215196 0
        vertex -0.13833404 -0.67981267 0
        vertex -0.049219 -0.6879938 0
    endloop
endfacet
facet normal 0 0 -1
    outer loop
        vertex -0.049219 -0.6879938 0
        vertex -0.13956682 -0.67453516 0
        vertex -0.04704984 -0.6838286 0
    endloop
endfacet
facet normal 0 0 -1
    outer loop
        vertex -0.13833404 -0.67981267 0
        vertex -0.13956682 -0.67453516 0
        vertex -0.049219 -0.6879938 0
    endloop
endfacet
facet normal 0 0 -1
    outer loop
        vertex -0.13956682 -0.67453516 0
        vertex -0.14058827 -0.6697661 0
        vertex -0.04704984 -0.6838286 0
    endloop
endfacet
facet normal 0 0 -0.99999994
    outer loop
        vertex -0.14058827 -0.6697661 0
        vertex -0.045066103 -0.67975414 0
        vertex -0.04704984 -0.6838286 0
    endloop
endfacet
facet normal 0 0 -0.99999994
    outer loop
        vertex -0.14141741 -0.6654698 0
        vertex -0.14207335 -0.6616103 0
        vertex -0.04332934 -0.6758531 0
    endloop
endfacet
facet normal 0 -0 -1
    outer loop
        vertex -0.14208616 -0.6229071 0
        vertex -0.14169167 -0.62079173 0
        vertex -0.1425554 -0.6275896 0
    endloop
endfacet
facet normal 0 0 -1
    outer loop
        vertex -0.2190817 -0.5973733 0
        vertex -0.32120737 -0.5576886 0
        vertex -0.31837827 -0.55144733 0
    endloop
endfacet
facet normal 0 0 -1
    outer loop
        vertex 0.12644082 -0.13845204 0
        vertex 0.13940266 -0.12539198 0
        vertex 0.4760396 -0.42218238 0
    endloop
endfacet
facet normal 0 0 -1
    outer loop
        vertex -0.22194314 -0.6035998 0
        vertex -0.32120737 -0.5576886 0
        vertex -0.2190817 -0.5973733 0
    endloop
endfacet
facet normal 0 0 -0.99999994
    outer loop
        vertex -0.22194314 -0.6035998 0
        vertex -0.2190817 -0.5973733 0
        vertex -0.21981612 -0.59923476 0
    endloop
endfacet
facet normal 0 0 -1
    outer loop
        vertex -0.3230651 -0.56236905 0
        vertex -0.32120737 -0.5576886 0
        vertex -0.22194314 -0.6035998 0
    endloop
endfacet
facet normal 0 0 -1
    outer loop
        vertex -0.3230651 -0.56236905 0
        vertex -0.22194314 -0.6035998 0
        vertex -0.22411782 -0.60783154 0
    endloop
endfacet
facet normal 0 -0 -1
    outer loop
        vertex -0.3230651 -0.56236905 0
        vertex -0.22411782 -0.60783154 0
        vertex -0.32446 -0.5661608 0
    endloop
endfacet
facet normal -0 0 -0.99999994
    outer loop
        vertex -0.22411782 -0.60783154 0
        vertex -0.2278027 -0.61448944 0
        vertex -0.32446 -0.5661608 0
    endloop
endfacet
facet normal 0 0 -0.99999994
    outer loop
        vertex -0.2278027 -0.61448944 0
        vertex -0.3262803 -0.5713697 0
        vertex -0.32446 -0.5661608 0
    endloop
endfacet
facet normal 0 0 -1
    outer loop
        vertex -0.23045014 -0.61896086 0
        vertex -0.3262803 -0.5713697 0
        vertex -0.2278027 -0.61448944 0
    endloop
endfacet
facet normal 0 0 -1
    outer loop
        vertex -0.32736483 -0.574657 0
        vertex -0.3262803 -0.5713697 0
        vertex -0.23045014 -0.61896086 0
    endloop
endfacet
facet normal 0 -0 -1
    outer loop
        vertex -0.32736483 -0.574657 0
        vertex -0.23045014 -0.61896086 0
        vertex -0.32851613 -0.57870185 0
    endloop
endfacet
facet normal -0 0 -1
    outer loop
        vertex -0.23045014 -0.61896086 0
        vertex -0.23203579 -0.62147224 0
        vertex -0.32851613 -0.57870185 0
    endloop
endfacet
facet normal 0 0 -1
    outer loop
        vertex -0.23203579 -0.62147224 0
        vertex -0.32967305 -0.58382314 0
        vertex -0.32851613 -0.57870185 0
    endloop
endfacet
facet normal 0 0 -1
    outer loop
        vertex -0.2338241 -0.62415016 0
        vertex -0.32967305 -0.58382314 0
        vertex -0.23203579 -0.62147224 0
    endloop
endfacet
facet normal 0 0 -1
    outer loop
        vertex -0.33023453 -0.5868872 0
        vertex -0.32967305 -0.58382314 0
        vertex -0.2338241 -0.62415016 0
    endloop
endfacet
facet normal 0 0 -1
    outer loop
        vertex -0.33023453 -0.5868872 0
        vertex -0.2338241 -0.62415016 0
        vertex -0.23583612 -0.6269819 0
    endloop
endfacet
facet normal 0 -0 -1
    outer loop
        vertex -0.33023453 -0.5868872 0
        vertex -0.23583612 -0.6269819 0
        vertex -0.33077446 -0.59033996 0
    endloop
endfacet
facet normal -0 0 -1
    outer loop
        vertex -0.23583612 -0.6269819 0
        vertex -0.23809291 -0.6299546 0
        vertex -0.33077446 -0.59033996 0
    endloop
endfacet
facet normal -0 0 -1
    outer loop
        vertex -0.051494922 -0.69215196 0
        vertex -0.053798966 -0.69620526 0
        vertex -0.13833404 -0.67981267 0
    endloop
endfacet
facet normal 0 0 -0.99999994
    outer loop
        vertex -0.24061553 -0.6330552 0
        vertex -0.33077446 -0.59033996 0
        vertex -0.23809291 -0.6299546 0
    endloop
endfacet
facet normal -0 0 -0.99999994
    outer loop
        vertex 0.4760396 -0.42218238 0
        vertex 0.39701122 -0.49783632 0
        vertex 0.12644082 -0.13845204 0
    endloop
endfacet
facet normal -0 0 -0.99999994
    outer loop
        vertex -0.2680846 -0.6597036 0
        vertex -0.27367342 -0.66460854 0
        vertex -0.3334035 -0.63674134 0
    endloop
endfacet
facet normal 0 0 -1
    outer loop
        vertex -0.2680846 -0.6597036 0
        vertex -0.3334035 -0.63674134 0
        vertex -0.3333105 -0.6287433 0
    endloop
endfacet
facet normal 0 0 -1
    outer loop
        vertex -0.2680846 -0.6597036 0
        vertex -0.3333105 -0.6287433 0
        vertex -0.26298374 -0.655199 0
    endloop
endfacet
facet normal 0 0 -1
    outer loop
        vertex -0.3333105 -0.6287433 0
        vertex -0.33313498 -0.6214529 0
        vertex -0.26298374 -0.655199 0
    endloop
endfacet
facet normal 0 0 -1
    outer loop
        vertex -0.33313498 -0.6214529 0
        vertex -0.25661895 -0.64941734 0
        vertex -0.26298374 -0.655199 0
    endloop
endfacet
facet normal 0 0 -0.99999994
    outer loop
        vertex -0.24342501 -0.6362712 0
        vertex -0.3312853 -0.5942213 0
        vertex -0.24061553 -0.6330552 0
    endloop
endfacet
facet normal 0 0 -1
    outer loop
        vertex -0.25661895 -0.64941734 0
        vertex -0.33313498 -0.6214529 0
        vertex -0.33288443 -0.6148304 0
    endloop
endfacet
facet normal 0 0 -1
    outer loop
        vertex -0.33175936 -0.5985712 0
        vertex -0.3312853 -0.5942213 0
        vertex -0.24342501 -0.6362712 0
    endloop
endfacet
facet normal 0 0 -1
    outer loop
        vertex -0.33288443 -0.6148304 0
        vertex -0.33256656 -0.6088359 0
        vertex -0.25661895 -0.64941734 0
    endloop
endfacet
facet normal 0 0 -0.99999994
    outer loop
        vertex -0.33256656 -0.6088359 0
        vertex -0.25322253 -0.6462232 0
        vertex -0.25661895 -0.64941734 0
    endloop
endfacet
facet normal -0 0 -1
    outer loop
        vertex -0.24982208 -0.64292055 0
        vertex -0.25322253 -0.6462232 0
        vertex -0.33256656 -0.6088359 0
    endloop
endfacet
facet normal 0 0 -1
    outer loop
        vertex -0.24982208 -0.64292055 0
        vertex -0.33256656 -0.6088359 0
        vertex -0.33218896 -0.60342944 0
    endloop
endfacet
facet normal 0 0 -1
    outer loop
        vertex -0.24982208 -0.64292055 0
        vertex -0.33218896 -0.60342944 0
        vertex -0.24652156 -0.63957983 0
    endloop
endfacet
facet normal 0 0 -1
    outer loop
        vertex -0.33218896 -0.60342944 0
        vertex -0.33175936 -0.5985712 0
        vertex -0.24652156 -0.63957983 0
    endloop
endfacet
facet normal 0 0 -0.99999994
    outer loop
        vertex -0.33175936 -0.5985712 0
        vertex -0.24342501 -0.6362712 0
        vertex -0.24652156 -0.63957983 0
    endloop
endfacet
facet normal 0 0 -1
    outer loop
        vertex -0.3312853 -0.5942213 0
        vertex -0.33077446 -0.59033996 0
        vertex -0.24061553 -0.6330552 0
    endloop
endfacet
facet normal 0 -0 -0.99999994
    outer loop
        vertex -0.3193788 -0.5533525 0
        vertex -0.31837827 -0.55144733 0
        vertex -0.32120737 -0.5576886 0
    endloop
endfacet
facet normal 0 0 -1
    outer loop
        vertex -0.38542742 -0.50625825 0
        vertex -0.4713186 -0.43823454 0
        vertex -0.46677563 -0.43310446 0
    endloop
endfacet
facet normal 0 -0 -1
    outer loop
        vertex 0.12644082 -0.13845204 0
        vertex 0.39701122 -0.49783632 0
        vertex 0.11226131 -0.15017872 0
    endloop
endfacet
facet normal 0 0 -1
    outer loop
        vertex -0.38999698 -0.51136464 0
        vertex -0.4713186 -0.43823454 0
        vertex -0.38542742 -0.50625825 0
    endloop
endfacet
facet normal 0 0 -0.99999994
    outer loop
        vertex -0.38999698 -0.51136464 0
        vertex -0.38542742 -0.50625825 0
        vertex -0.38667786 -0.5078205 0
    endloop
endfacet
facet normal 0 0 -1
    outer loop
        vertex -0.4744734 -0.44215947 0
        vertex -0.4713186 -0.43823454 0
        vertex -0.38999698 -0.51136464 0
    endloop
endfacet
facet normal 0 0 -0.99999994
    outer loop
        vertex -0.4744734 -0.44215947 0
        vertex -0.38999698 -0.51136464 0
        vertex -0.39332238 -0.5147674 0
    endloop
endfacet
facet normal 0 -0 -1
    outer loop
        vertex -0.4744734 -0.44215947 0
        vertex -0.39332238 -0.5147674 0
        vertex -0.47692397 -0.44537163 0
    endloop
endfacet
facet normal -0 0 -0.99999994
    outer loop
        vertex -0.39332238 -0.5147674 0
        vertex -0.398806 -0.5200434 0
        vertex -0.47692397 -0.44537163 0
    endloop
endfacet
facet normal 0 0 -1
    outer loop
        vertex -0.398806 -0.5200434 0
        vertex -0.4801987 -0.44981253 0
        vertex -0.47692397 -0.44537163 0
    endloop
endfacet
facet normal 0 0 -1
    outer loop
        vertex -0.40265384 -0.52353585 0
        vertex -0.4801987 -0.44981253 0
        vertex -0.398806 -0.5200434 0
    endloop
endfacet
facet normal 0 0 -1
    outer loop
        vertex -0.48220408 -0.45263413 0
        vertex -0.4801987 -0.44981253 0
        vertex -0.40265384 -0.52353585 0
    endloop
endfacet
facet normal 0 -0 -1
    outer loop
        vertex -0.48220408 -0.45263413 0
        vertex -0.40265384 -0.52353585 0
        vertex -0.48449644 -0.45615992 0
    endloop
endfacet
facet normal -0 0 -1
    outer loop
        vertex -0.40265384 -0.52353585 0
        vertex -0.40490925 -0.52546823 0
        vertex -0.48449644 -0.45615992 0
    endloop
endfacet
facet normal 0 0 -1
    outer loop
        vertex -0.40490925 -0.52546823 0
        vertex -0.48711148 -0.4607127 0
        vertex -0.48449644 -0.45615992 0
    endloop
endfacet
facet normal 0 0 -1
    outer loop
        vertex -0.40740743 -0.5275001 0
        vertex -0.48711148 -0.4607127 0
        vertex -0.40490925 -0.52546823 0
    endloop
endfacet
facet normal 0 -0 -1
    outer loop
        vertex 0.09700066 -0.1604591 0
        vertex 0.3304501 -0.5437411 0
        vertex 0.08080583 -0.16919418 0
    endloop
endfacet
facet normal 0 0 -1
    outer loop
        vertex -0.40740743 -0.5275001 0
        vertex -0.48855114 -0.4634751 0
        vertex -0.48711148 -0.4607127 0
    endloop
endfacet
facet normal 0 0 -1
    outer loop
        vertex -0.4101647 -0.52961296 0
        vertex -0.48855114 -0.4634751 0
        vertex -0.40740743 -0.5275001 0
    endloop
endfacet
facet normal 0 0 -1
    outer loop
        vertex -0.41652197 -0.5340077 0
        vertex -0.49008486 -0.46661532 0
        vertex -0.41319746 -0.53178835 0
    endloop
endfacet
facet normal 0 -0 -1
    outer loop
        vertex -0.48855114 -0.4634751 0
        vertex -0.4101647 -0.52961296 0
        vertex -0.49008486 -0.46661532 0
    endloop
endfacet
facet normal -0 0 -1
    outer loop
        vertex -0.45062542 -0.5513755 0
        vertex -0.45741165 -0.55441517 0
        vertex -0.50627416 -0.5101803 0
    endloop
endfacet
facet normal 0 0 -1
    outer loop
        vertex -0.45062542 -0.5513755 0
        vertex -0.50627416 -0.5101803 0
        vertex -0.5038278 -0.50256497 0
    endloop
endfacet
facet normal 0 0 -1
    outer loop
        vertex -0.45062542 -0.5513755 0
        vertex -0.5038278 -0.50256497 0
        vertex -0.4444234 -0.54857457 0
    endloop
endfacet
facet normal 0 0 -1
    outer loop
        vertex -0.5038278 -0.50256497 0
        vertex -0.5015112 -0.49565023 0
        vertex -0.4444234 -0.54857457 0
    endloop
endfacet
facet normal 0 0 -1
    outer loop
        vertex -0.5015112 -0.49565023 0
        vertex -0.43663716 -0.54492575 0
        vertex -0.4444234 -0.54857457 0
    endloop
endfacet
facet normal 0 0 -1
    outer loop
        vertex -0.4201545 -0.5362526 0
        vertex -0.49171704 -0.4701737 0
        vertex -0.41652197 -0.5340077 0
    endloop
endfacet
facet normal 0 0 -1
    outer loop
        vertex -0.43663716 -0.54492575 0
        vertex -0.5015112 -0.49565023 0
        vertex -0.49931976 -0.4893958 0
    endloop
endfacet
facet normal 0 0 -1
    outer loop
        vertex -0.49345216 -0.47419056 0
        vertex -0.49171704 -0.4701737 0
        vertex -0.4201545 -0.5362526 0
    endloop
endfacet
facet normal 0 0 -1
    outer loop
        vertex -0.49931976 -0.4893958 0
        vertex -0.49724907 -0.48376125 0
        vertex -0.43663716 -0.54492575 0
    endloop
endfacet
facet normal 0 0 -1
    outer loop
        vertex -0.49724907 -0.48376125 0
        vertex -0.43245018 -0.54287463 0
        vertex -0.43663716 -0.54492575 0
    endloop
endfacet
facet normal -0 0 -1
    outer loop
        vertex -0.42822737 -0.54072106 0
        vertex -0.43245018 -0.54287463 0
        vertex -0.49724907 -0.48376125 0
    endloop
endfacet
facet normal 0 0 -1
    outer loop
        vertex -0.42822737 -0.54072106 0
        vertex -0.49724907 -0.48376125 0
        vertex -0.4952947 -0.4787063 0
    endloop
endfacet
facet normal 0 0 -1
    outer loop
        vertex -0.42822737 -0.54072106 0
        vertex -0.4952947 -0.4787063 0
        vertex -0.42408878 -0.5385016 0
    endloop
endfacet
facet normal 0 0 -0.99999994
    outer loop
        vertex -0.4952947 -0.4787063 0
        vertex -0.49345216 -0.47419056 0
        vertex -0.42408878 -0.5385016 0
    endloop
endfacet
facet normal 0 0 -1
    outer loop
        vertex -0.49345216 -0.47419056 0
        vertex -0.4201545 -0.5362526 0
        vertex -0.42408878 -0.5385016 0
    endloop
endfacet
facet normal 0 0 -1
    outer loop
        vertex -0.49171704 -0.4701737 0
        vertex -0.49008486 -0.46661532 0
        vertex -0.41652197 -0.5340077 0
    endloop
endfacet
facet normal 0 0 -1
    outer loop
        vertex -0.46677563 -0.43310446 0
        vertex -0.4713186 -0.43823454 0
        vertex -0.46829316 -0.43463004 0
    endloop
endfacet
facet normal 0 0 -1
    outer loop
        vertex -0.51752615 -0.37015986 0
        vertex -0.57955116 -0.2798414 0
        vertex -0.57369787 -0.27627832 0
    endloop
endfacet
facet normal 0 -0 -1
    outer loop
        vertex 0.08080583 -0.16919418 0
        vertex 0.23263331 -0.59273994 0
        vertex 0.0638328 -0.17629983 0
    endloop
endfacet
facet normal 0 0 -1
    outer loop
        vertex -0.5233979 -0.37369257 0
        vertex -0.57955116 -0.2798414 0
        vertex -0.51752615 -0.37015986 0
    endloop
endfacet
facet normal 0 0 -1
    outer loop
        vertex -0.5233979 -0.37369257 0
        vertex -0.51752615 -0.37015986 0
        vertex -0.51918155 -0.3712842 0
    endloop
endfacet
facet normal 0 0 -1
    outer loop
        vertex -0.58372265 -0.2826621 0
        vertex -0.57955116 -0.2798414 0
        vertex -0.5233979 -0.37369257 0
    endloop
endfacet
facet normal 0 0 -1
    outer loop
        vertex -0.58372265 -0.2826621 0
        vertex -0.5233979 -0.37369257 0
        vertex -0.52757853 -0.37596393 0
    endloop
endfacet
facet normal 0 -0 -1
    outer loop
        vertex -0.58372265 -0.2826621 0
        vertex -0.52757853 -0.37596393 0
        vertex -0.5870112 -0.2850092 0
    endloop
endfacet
facet normal -0 0 -1
    outer loop
        vertex -0.52757853 -0.37596393 0
        vertex -0.53437364 -0.37938917 0
        vertex -0.5870112 -0.2850092 0
    endloop
endfacet
facet normal 0 0 -1
    outer loop
        vertex -0.53437364 -0.37938917 0
        vertex -0.59144944 -0.28828758 0
        vertex -0.5870112 -0.2850092 0
    endloop
endfacet
facet normal 0 0 -1
    outer loop
        vertex -0.53907996 -0.3815923 0
        vertex -0.59144944 -0.28828758 0
        vertex -0.53437364 -0.37938917 0
    endloop
endfacet
facet normal 0 0 -1
    outer loop
        vertex 0.009907042 -0.18723808 0
        vertex 0.028211879 -0.18536542 0
        vertex 0.047584876 -0.6349761 0
    endloop
endfacet
facet normal 0 0 -1
    outer loop
        vertex -0.53907996 -0.3815923 0
        vertex -0.59419733 -0.29039273 0
        vertex -0.59144944 -0.28828758 0
    endloop
endfacet
facet normal 0 0 -1
    outer loop
        vertex -0.5974271 -0.29308617 0
        vertex -0.59419733 -0.29039273 0
        vertex -0.53907996 -0.3815923 0
    endloop
endfacet
facet normal 0 0 -1
    outer loop
        vertex -0.5974271 -0.29308617 0
        vertex -0.53907996 -0.3815923 0
        vertex -0.54180473 -0.38277406 0
    endloop
endfacet
facet normal 0 -0 -1
    outer loop
        vertex -0.5974271 -0.29308617 0
        vertex -0.54180473 -0.38277406 0
        vertex -0.60126793 -0.2966659 0
    endloop
endfacet
facet normal -0 0 -1
    outer loop
        vertex -0.54180473 -0.38277406 0
        vertex -0.54479086 -0.38397932 0
        vertex -0.60126793 -0.2966659 0
    endloop
endfacet
facet normal 0 0 -1
    outer loop
        vertex -0.54479086 -0.38397932 0
        vertex -0.60345787 -0.2988812 0
        vertex -0.60126793 -0.2966659 0
    endloop
endfacet
facet normal 0 0 -1
    outer loop
        vertex -0.54804844 -0.38518557 0
        vertex -0.60345787 -0.2988812 0
        vertex -0.54479086 -0.38397932 0
    endloop
endfacet
facet normal -0 0 -0.99999994
    outer loop
        vertex -0.4101647 -0.52961296 0
        vertex -0.41319746 -0.53178835 0
        vertex -0.49008486 -0.46661532 0
    endloop
endfacet
facet normal 0 0 -1
    outer loop
        vertex -0.54804844 -0.38518557 0
        vertex -0.605849 -0.30142984 0
        vertex -0.60345787 -0.2988812 0
    endloop
endfacet
facet normal -0 0 -1
    outer loop
        vertex -0.55158764 -0.3863704 0
        vertex -0.5554186 -0.38751125 0
        vertex -0.605849 -0.30142984 0
    endloop
endfacet
facet normal 0 0 -1
    outer loop
        vertex -0.63416004 -0.3382875 0
        vertex -0.6295778 -0.33173156 0
        vertex -0.5931262 -0.3940553 0
    endloop
endfacet
facet normal 0 0 -1
    outer loop
        vertex -0.6295778 -0.33173156 0
        vertex -0.5863741 -0.39320683 0
        vertex -0.5931262 -0.3940553 0
    endloop
endfacet
facet normal 0 -0 -1
    outer loop
        vertex -0.6253259 -0.3258069 0
        vertex -0.5863741 -0.39320683 0
        vertex -0.6295778 -0.33173156 0
    endloop
endfacet
facet normal -0 0 -1
    outer loop
        vertex -0.5778583 -0.39201516 0
        vertex -0.5863741 -0.39320683 0
        vertex -0.6253259 -0.3258069 0
    endloop
endfacet
facet normal 0 0 -1
    outer loop
        vertex -0.60845757 -0.30434904 0
        vertex -0.5554186 -0.38751125 0
        vertex -0.5595515 -0.38858572 0
    endloop
endfacet
facet normal 0 0 -1
    outer loop
        vertex -0.6253259 -0.3258069 0
        vertex -0.6213883 -0.32047623 0
        vertex -0.5778583 -0.39201516 0
    endloop
endfacet
facet normal 0 -0 -1
    outer loop
        vertex -0.60845757 -0.30434904 0
        vertex -0.5595515 -0.38858572 0
        vertex -0.61129963 -0.30767602 0
    endloop
endfacet
facet normal 0 -0 -1
    outer loop
        vertex -0.61774886 -0.31570238 0
        vertex -0.5778583 -0.39201516 0
        vertex -0.6213883 -0.32047623 0
    endloop
endfacet
facet normal -0 0 -0.99999994
    outer loop
        vertex -0.57325274 -0.39128932 0
        vertex -0.5778583 -0.39201516 0
        vertex -0.61774886 -0.31570238 0
    endloop
endfacet
facet normal 0 0 -0.99999994
    outer loop
        vertex -0.57325274 -0.39128932 0
        vertex -0.61774886 -0.31570238 0
        vertex -0.5685827 -0.39047617 0
    endloop
endfacet
facet normal 0 0 -1
    outer loop
        vertex -0.61774886 -0.31570238 0
        vertex -0.6143913 -0.31144807 0
        vertex -0.5685827 -0.39047617 0
    endloop
endfacet
facet normal 0 0 -1
    outer loop
        vertex -0.6143913 -0.31144807 0
        vertex -0.56397384 -0.38957512 0
        vertex -0.5685827 -0.39047617 0
    endloop
endfacet
facet normal 0 -0 -1
    outer loop
        vertex -0.61129963 -0.30767602 0
        vertex -0.56397384 -0.38957512 0
        vertex -0.6143913 -0.31144807 0
    endloop
endfacet
facet normal -0 0 -1
    outer loop
        vertex -0.5595515 -0.38858572 0
        vertex -0.56397384 -0.38957512 0
        vertex -0.61129963 -0.30767602 0
    endloop
endfacet
facet normal 0 -0 -1
    outer loop
        vertex -0.605849 -0.30142984 0
        vertex -0.5554186 -0.38751125 0
        vertex -0.60845757 -0.30434904 0
    endloop
endfacet
facet normal 0 0 -1
    outer loop
        vertex -0.605849 -0.30142984 0
        vertex -0.54804844 -0.38518557 0
        vertex -0.55158764 -0.3863704 0
    endloop
endfacet
facet normal 0 0 -1
    outer loop
        vertex -0.60050684 -0.39495957 0
        vertex -0.63416004 -0.3382875 0
        vertex -0.5931262 -0.3940553 0
    endloop
endfacet
facet normal 0 0 -1
    outer loop
        vertex -0.60364044 -0.20117119 0
        vertex -0.636288 -0.09658315 0
        vertex -0.6296445 -0.09490364 0
    endloop
endfacet
facet normal 0 -0 -1
    outer loop
        vertex -0.02681166 -0.18557312 0
        vertex -0.0084932055 -0.18730754 0
        vertex -0.033269644 -0.6354092 0
    endloop
endfacet
facet normal 0 0 -1
    outer loop
        vertex -0.6102926 -0.2028162 0
        vertex -0.636288 -0.09658315 0
        vertex -0.60364044 -0.20117119 0
    endloop
endfacet
facet normal 0 0 -0.99999994
    outer loop
        vertex -0.6102926 -0.2028162 0
        vertex -0.60364044 -0.20117119 0
        vertex -0.6055537 -0.2017576 0
    endloop
endfacet
facet normal 0 0 -1
    outer loop
        vertex -0.6411056 -0.09804892 0
        vertex -0.636288 -0.09658315 0
        vertex -0.6102926 -0.2028162 0
    endloop
endfacet
facet normal 0 -0 -1
    outer loop
        vertex -0.0448719 -0.18205154 0
        vertex -0.02681166 -0.18557312 0
        vertex -0.14169167 -0.62079173 0
    endloop
endfacet
facet normal 0 0 -1
    outer loop
        vertex -0.614957 -0.20375441 0
        vertex -0.6411056 -0.09804892 0
        vertex -0.6102926 -0.2028162 0
    endloop
endfacet
facet normal 0 0 -0.99999994
    outer loop
        vertex -0.64493984 -0.09932245 0
        vertex -0.6411056 -0.09804892 0
        vertex -0.614957 -0.20375441 0
    endloop
endfacet
facet normal 0 0 -1
    outer loop
        vertex -0.64493984 -0.09932245 0
        vertex -0.614957 -0.20375441 0
        vertex -0.6224598 -0.20502459 0
    endloop
endfacet
facet normal 0 -0 -1
    outer loop
        vertex -0.64493984 -0.09932245 0
        vertex -0.6224598 -0.20502459 0
        vertex -0.65014726 -0.10114697 0
    endloop
endfacet
facet normal -0 0 -1
    outer loop
        vertex -0.6224598 -0.20502459 0
        vertex -0.6276064 -0.20574263 0
        vertex -0.65014726 -0.10114697 0
    endloop
endfacet
facet normal 0 0 -1
    outer loop
        vertex -0.6276064 -0.20574263 0
        vertex -0.65339357 -0.10234865 0
        vertex -0.65014726 -0.10114697 0
    endloop
endfacet
facet normal 0 0 -1
    outer loop
        vertex -0.65727377 -0.10397045 0
        vertex -0.65339357 -0.10234865 0
        vertex -0.6276064 -0.20574263 0
    endloop
endfacet
facet normal 0 0 -1
    outer loop
        vertex -0.6619991 -0.106259026 0
        vertex -0.65727377 -0.10397045 0
        vertex -0.6305585 -0.20606872 0
    endloop
endfacet
facet normal 0 0 -1
    outer loop
        vertex -0.65727377 -0.10397045 0
        vertex -0.6276064 -0.20574263 0
        vertex -0.6305585 -0.20606872 0
    endloop
endfacet
facet normal 0 0 -1
    outer loop
        vertex -0.6619991 -0.106259026 0
        vertex -0.6305585 -0.20606872 0
        vertex -0.6337672 -0.20634025 0
    endloop
endfacet
facet normal 0 -0 -1
    outer loop
        vertex -0.6619991 -0.106259026 0
        vertex -0.6337672 -0.20634025 0
        vertex -0.6647447 -0.10773043 0
    endloop
endfacet
facet normal -0 0 -0.99999994
    outer loop
        vertex -0.6337672 -0.20634025 0
        vertex -0.63723564 -0.20653273 0
        vertex -0.6647447 -0.10773043 0
    endloop
endfacet
facet normal 0 0 -1
    outer loop
        vertex -0.63723564 -0.20653273 0
        vertex -0.6677809 -0.10946104 0
        vertex -0.6647447 -0.10773043 0
    endloop
endfacet
facet normal 0 0 -1
    outer loop
        vertex -0.6409668 -0.2066217 0
        vertex -0.64496386 -0.20658271 0
        vertex -0.6677809 -0.10946104 0
    endloop
endfacet
facet normal 0 0 -0.99999994
    outer loop
        vertex -0.6902444 -0.20041013 0
        vertex -0.7056981 -0.13633637 0
        vertex -0.68292505 -0.2017215 0
    endloop
endfacet
facet normal 0 0 -1
    outer loop
        vertex -0.7056981 -0.13633637 0
        vertex -0.699387 -0.13142234 0
        vertex -0.68292505 -0.2017215 0
    endloop
endfacet
facet normal 0 0 -1
    outer loop
        vertex -0.699387 -0.13142234 0
        vertex -0.6762229 -0.20290096 0
        vertex -0.68292505 -0.2017215 0
    endloop
endfacet
facet normal 0 -0 -1
    outer loop
        vertex -0.6935777 -0.12701415 0
        vertex -0.6762229 -0.20290096 0
        vertex -0.699387 -0.13142234 0
    endloop
endfacet
facet normal 0 0 -1
    outer loop
        vertex -0.66773415 -0.2042723 0
        vertex -0.6762229 -0.20290096 0
        vertex -0.6935777 -0.12701415 0
    endloop
endfacet
facet normal 0 0 -0.99999994
    outer loop
        vertex -0.67113394 -0.11148165 0
        vertex -0.64496386 -0.20658271 0
        vertex -0.6492298 -0.20639125 0
    endloop
endfacet
facet normal 0 0 -1
    outer loop
        vertex -0.6935777 -0.12701415 0
        vertex -0.6882438 -0.123080954 0
        vertex -0.66773415 -0.2042723 0
    endloop
endfacet
facet normal 0 -0 -0.99999994
    outer loop
        vertex -0.67113394 -0.11148165 0
        vertex -0.6492298 -0.20639125 0
        vertex -0.6748304 -0.113823116 0
    endloop
endfacet
facet normal 0 -0 -1
    outer loop
        vertex -0.6833589 -0.11959194 0
        vertex -0.66773415 -0.2042723 0
        vertex -0.6882438 -0.123080954 0
    endloop
endfacet
facet normal 0 0 -0.99999994
    outer loop
        vertex -0.66311926 -0.20493624 0
        vertex -0.66773415 -0.2042723 0
        vertex -0.6833589 -0.11959194 0
    endloop
endfacet
facet normal 0 0 -0.99999994
    outer loop
        vertex -0.66311926 -0.20493624 0
        vertex -0.6833589 -0.11959194 0
        vertex -0.65841705 -0.20553568 0
    endloop
endfacet
facet normal 0 0 -1
    outer loop
        vertex -0.6833589 -0.11959194 0
        vertex -0.67889655 -0.11651627 0
        vertex -0.65841705 -0.20553568 0
    endloop
endfacet
facet normal 0 0 -1
    outer loop
        vertex -0.67889655 -0.11651627 0
        vertex -0.6537473 -0.20603317 0
        vertex -0.65841705 -0.20553568 0
    endloop
endfacet
facet normal 0 -0 -1
    outer loop
        vertex -0.6748304 -0.113823116 0
        vertex -0.6537473 -0.20603317 0
        vertex -0.67889655 -0.11651627 0
    endloop
endfacet
facet normal 0 0 -1
    outer loop
        vertex -0.6492298 -0.20639125 0
        vertex -0.6537473 -0.20603317 0
        vertex -0.6748304 -0.113823116 0
    endloop
endfacet
facet normal 0 -0 -1
    outer loop
        vertex -0.63175774 -0.09530924 0
        vertex -0.6296445 -0.09490364 0
        vertex -0.636288 -0.09658315 0
    endloop
endfacet
facet normal 0 -0 -1
    outer loop
        vertex -0.6677809 -0.10946104 0
        vertex -0.64496386 -0.20658271 0
        vertex -0.67113394 -0.11148165 0
    endloop
endfacet
facet normal 0 0 -1
    outer loop
        vertex -0.6677809 -0.10946104 0
        vertex -0.63723564 -0.20653273 0
        vertex -0.6409668 -0.2066217 0
    endloop
endfacet
facet normal 0 0 -0.99999994
    outer loop
        vertex -0.57369787 -0.27627832 0
        vertex -0.57955116 -0.2798414 0
        vertex -0.57559764 -0.2772888 0
    endloop
endfacet
facet normal 0 -0 -1
    outer loop
        vertex -0.0957865 -0.16118684 0
        vertex -0.07952619 -0.16979939 0
        vertex -0.31837827 -0.55144733 0
    endloop
endfacet
facet normal 0 0 -1
    outer loop
        vertex 0.2367767 0.0625 0
        vertex 0.5669153 0.28889224 0
        vertex 0.6084672 0.1876873 0
    endloop
endfacet
facet normal -0 0 -1
    outer loop
        vertex -0.6296445 0.09490364 0
        vertex -0.6361187 -0.0143075725 0
        vertex -0.6364879 0.095256954 0
    endloop
endfacet
facet normal 0 0 -1
    outer loop
        vertex -0.6381198 -0.014303979 0
        vertex -0.6429602 -0.01391874 0
        vertex -0.6361187 -0.0143075725 0
    endloop
endfacet
facet normal 0 0 -1
    outer loop
        vertex -0.6429602 -0.01391874 0
        vertex -0.64152354 0.09527632 0
        vertex -0.6364879 0.095256954 0
    endloop
endfacet
facet normal 0 0 -1
    outer loop
        vertex -0.6476939 -0.013440408 0
        vertex -0.64152354 0.09527632 0
        vertex -0.6429602 -0.01391874 0
    endloop
endfacet
facet normal 0 -0 -0.99999994
    outer loop
        vertex -0.6455628 0.09518953 0
        vertex -0.64152354 0.09527632 0
        vertex -0.6476939 -0.013440408 0
    endloop
endfacet
facet normal 0 0 -1
    outer loop
        vertex -0.6455628 0.09518953 0
        vertex -0.6476939 -0.013440408 0
        vertex -0.6552378 -0.012442657 0
    endloop
endfacet
facet normal 0 0 -1
    outer loop
        vertex -0.6455628 0.09518953 0
        vertex -0.6552378 -0.012442657 0
        vertex -0.6510766 0.09498096 0
    endloop
endfacet
facet normal 0 0 -1
    outer loop
        vertex -0.6552378 -0.012442657 0
        vertex -0.6603673 -0.011611813 0
        vertex -0.6510766 0.09498096 0
    endloop
endfacet
facet normal 0 0 -1
    outer loop
        vertex -0.6603673 -0.011611813 0
        vertex -0.6545329 0.09478954 0
        vertex -0.6510766 0.09498096 0
    endloop
endfacet
facet normal 0 -0 -1
    outer loop
        vertex -0.65871876 0.0943835 0
        vertex -0.6545329 0.09478954 0
        vertex -0.6603673 -0.011611813 0
    endloop
endfacet
facet normal 0 0 -1
    outer loop
        vertex -0.65871876 0.0943835 0
        vertex -0.6603673 -0.011611813 0
        vertex -0.6632844 -0.0110532865 0
    endloop
endfacet
facet normal 0 0 -1
    outer loop
        vertex -0.65871876 0.0943835 0
        vertex -0.6632844 -0.0110532865 0
        vertex -0.6639087 0.09358942 0
    endloop
endfacet
facet normal 0 0 -1
    outer loop
        vertex -0.6632844 -0.0110532865 0
        vertex -0.6664306 -0.010366969 0
        vertex -0.6639087 0.09358942 0
    endloop
endfacet
facet normal 0 0 -1
    outer loop
        vertex -0.6664306 -0.010366969 0
        vertex -0.6669661 0.09299267 0
        vertex -0.6639087 0.09358942 0
    endloop
endfacet
facet normal 0 0 -1
    outer loop
        vertex -0.6698016 -0.009528573 0
        vertex -0.6669661 0.09299267 0
        vertex -0.6664306 -0.010366969 0
    endloop
endfacet
facet normal 0 0 -1
    outer loop
        vertex -0.6733933 -0.008513806 0
        vertex -0.6772012 -0.0072983806 0
        vertex -0.67037743 0.09223388 0
    endloop
endfacet
facet normal 0 0 -1
    outer loop
        vertex -0.6733933 -0.008513806 0
        vertex -0.67037743 0.09223388 0
        vertex -0.6698016 -0.009528573 0
    endloop
endfacet
facet normal 0 0 -1
    outer loop
        vertex -0.71865076 0.011946645 0
        vertex -0.7145318 0.07772883 0
        vertex -0.7120431 0.008536112 0
    endloop
endfacet
facet normal 0 0 -0.99999994
    outer loop
        vertex -0.7145318 0.07772883 0
        vertex -0.70705265 0.08056433 0
        vertex -0.7120431 0.008536112 0
    endloop
endfacet
facet normal 0 -0 -1
    outer loop
        vertex -0.70705265 0.08056433 0
        vertex -0.70598626 0.0054335664 0
        vertex -0.7120431 0.008536112 0
    endloop
endfacet
facet normal 0 0 -1
    outer loop
        vertex -0.70020205 0.083064355 0
        vertex -0.70598626 0.0054335664 0
        vertex -0.70705265 0.08056433 0
    endloop
endfacet
facet normal 0 0 -1
    outer loop
        vertex -0.6982789 0.0016210478 0
        vertex -0.70598626 0.0054335664 0
        vertex -0.70020205 0.083064355 0
    endloop
endfacet
facet normal 0 0 -0.99999994
    outer loop
        vertex -0.70020205 0.083064355 0
        vertex -0.6939458 0.08525061 0
        vertex -0.6982789 0.0016210478 0
    endloop
endfacet
facet normal 0 0 -1
    outer loop
        vertex -0.67417717 0.09129137 0
        vertex -0.68122125 -0.0058580064 0
        vertex -0.6783995 0.090143465 0
    endloop
endfacet
facet normal 0 0 -1
    outer loop
        vertex -0.6882495 0.08714476 0
        vertex -0.6982789 0.0016210478 0
        vertex -0.6939458 0.08525061 0
    endloop
endfacet
facet normal 0 0 -0.99999994
    outer loop
        vertex -0.6940648 -0.0003736466 0
        vertex -0.6982789 0.0016210478 0
        vertex -0.6882495 0.08714476 0
    endloop
endfacet
facet normal 0 0 -1
    outer loop
        vertex -0.6940648 -0.0003736466 0
        vertex -0.6882495 0.08714476 0
        vertex -0.6897481 -0.0023324685 0
    endloop
endfacet
facet normal 0 -0 -1
    outer loop
        vertex -0.6882495 0.08714476 0
        vertex -0.6830788 0.08876849 0
        vertex -0.6897481 -0.0023324685 0
    endloop
endfacet
facet normal 0 -0 -1
    outer loop
        vertex -0.6830788 0.08876849 0
        vertex -0.6783995 0.090143465 0
        vertex -0.6854325 -0.004184296 0
    endloop
endfacet
facet normal 0 0 -1
    outer loop
        vertex -0.6830788 0.08876849 0
        vertex -0.6854325 -0.004184296 0
        vertex -0.6897481 -0.0023324685 0
    endloop
endfacet
facet normal 0 0 -1
    outer loop
        vertex -0.6783995 0.090143465 0
        vertex -0.68122125 -0.0058580064 0
        vertex -0.6854325 -0.004184296 0
    endloop
endfacet
facet normal 0 -0 -0.99999994
    outer loop
        vertex -0.67417717 0.09129137 0
        vertex -0.67037743 0.09223388 0
        vertex -0.6772012 -0.0072983806 0
    endloop
endfacet
facet normal -0 -0 -0.99999994
    outer loop
        vertex -0.6317834 0.09513895 0
        vertex -0.6296445 0.09490364 0
        vertex -0.6364879 0.095256954 0
    endloop
endfacet
facet normal 0 0 -1
    outer loop
        vertex -0.46677563 -0.43310446 0
        vertex -0.13845204 -0.12644082 0
        vertex -0.12539198 -0.13940266 0
    endloop
endfacet
facet normal 0 0 -0.99999994
    outer loop
        vertex -0.67037743 0.09223388 0
        vertex -0.6669661 0.09299267 0
        vertex -0.6698016 -0.009528573 0
    endloop
endfacet
facet normal 0 -0 -1
    outer loop
        vertex -0.1604591 -0.09700066 0
        vertex -0.15017872 -0.11226131 0
        vertex -0.51752615 -0.37015986 0
    endloop
endfacet
facet normal -0 0 -1
    outer loop
        vertex -0.57369787 0.27627832 0
        vertex -0.612075 0.17382735 0
        vertex -0.580133 0.27863306 0
    endloop
endfacet
facet normal 0 0 -0.99999994
    outer loop
        vertex -0.612075 0.17382735 0
        vertex -0.61849785 0.17621545 0
        vertex -0.580133 0.27863306 0
    endloop
endfacet
facet normal 0 0 -1
    outer loop
        vertex -0.6139861 0.17442061 0
        vertex -0.61849785 0.17621545 0
        vertex -0.612075 0.17382735 0
    endloop
endfacet
facet normal 0 0 -1
    outer loop
        vertex -0.61849785 0.17621545 0
        vertex -0.58493924 0.28013584 0
        vertex -0.580133 0.27863306 0
    endloop
endfacet
facet normal 0 0 -1
    outer loop
        vertex -0.6228803 0.17806783 0
        vertex -0.58493924 0.28013584 0
        vertex -0.61849785 0.17621545 0
    endloop
endfacet
facet normal 0 -0 -1
    outer loop
        vertex -0.5888247 0.28124347 0
        vertex -0.58493924 0.28013584 0
        vertex -0.6228803 0.17806783 0
    endloop
endfacet
facet normal 0 0 -1
    outer loop
        vertex -0.5888247 0.28124347 0
        vertex -0.6228803 0.17806783 0
        vertex -0.62979496 0.18124485 0
    endloop
endfacet
facet normal -0 0 -1
    outer loop
        vertex -0.5888247 0.28124347 0
        vertex -0.62979496 0.18124485 0
        vertex -0.59415495 0.28266943 0
    endloop
endfacet
facet normal 0 0 -1
    outer loop
        vertex -0.62979496 0.18124485 0
        vertex -0.6344517 0.18355076 0
        vertex -0.59415495 0.28266943 0
    endloop
endfacet
facet normal 0 0 -0.99999994
    outer loop
        vertex -0.6344517 0.18355076 0
        vertex -0.59751415 0.2835053 0
        vertex -0.59415495 0.28266943 0
    endloop
endfacet
facet normal 0 -0 -1
    outer loop
        vertex -0.6016337 0.28435108 0
        vertex -0.59751415 0.2835053 0
        vertex -0.6344517 0.18355076 0
    endloop
endfacet
facet normal 0 0 -1
    outer loop
        vertex -0.6016337 0.28435108 0
        vertex -0.6344517 0.18355076 0
        vertex -0.63707453 0.18494429 0
    endloop
endfacet
facet normal 0 -0 -1
    outer loop
        vertex -0.60992455 0.28545296 0
        vertex -0.60682714 0.28512204 0
        vertex -0.6398787 0.18652746 0
    endloop
endfacet
facet normal -0 0 -1
    outer loop
        vertex -0.6016337 0.28435108 0
        vertex -0.63707453 0.18494429 0
        vertex -0.60682714 0.28512204 0
    endloop
endfacet
facet normal 0 0 -1
    outer loop
        vertex -0.60992455 0.28545296 0
        vertex -0.6398787 0.18652746 0
        vertex -0.64285284 0.18832225 0
    endloop
endfacet
facet normal -0 0 -1
    outer loop
        vertex -0.60992455 0.28545296 0
        vertex -0.64285284 0.18832225 0
        vertex -0.6134081 0.2857334 0
    endloop
endfacet
facet normal 0 0 -1
    outer loop
        vertex -0.64285284 0.18832225 0
        vertex -0.6459858 0.19035058 0
        vertex -0.6134081 0.2857334 0
    endloop
endfacet
facet normal 0 0 -0.99999994
    outer loop
        vertex -0.67417717 0.09129137 0
        vertex -0.6772012 -0.0072983806 0
        vertex -0.68122125 -0.0058580064 0
    endloop
endfacet
facet normal 0 0 -1
    outer loop
        vertex -0.6492663 0.19263443 0
        vertex -0.6134081 0.2857334 0
        vertex -0.6459858 0.19035058 0
    endloop
endfacet
facet normal 0 0 -0.99999994
    outer loop
        vertex -0.677893 0.21803527 0
        vertex -0.68320173 0.22324191 0
        vertex -0.65987617 0.2848875 0
    endloop
endfacet
facet normal 0 0 -1
    outer loop
        vertex -0.677893 0.21803527 0
        vertex -0.65987617 0.2848875 0
        vertex -0.65189344 0.2853925 0
    endloop
endfacet
facet normal 0 0 -0.99999994
    outer loop
        vertex -0.677893 0.21803527 0
        vertex -0.65189344 0.2853925 0
        vertex -0.67301977 0.21328528 0
    endloop
endfacet
facet normal 0 -0 -1
    outer loop
        vertex -0.65189344 0.2853925 0
        vertex -0.64461035 0.28576222 0
        vertex -0.67301977 0.21328528 0
    endloop
endfacet
facet normal 0 0 -1
    outer loop
        vertex -0.64461035 0.28576222 0
        vertex -0.66677856 0.20737036 0
        vertex -0.67301977 0.21328528 0
    endloop
endfacet
facet normal 0 0 -0.99999994
    outer loop
        vertex -0.6526832 0.19519573 0
        vertex -0.6173168 0.28595275 0
        vertex -0.6492663 0.19263443 0
    endloop
endfacet
facet normal 0 0 -1
    outer loop
        vertex -0.66677856 0.20737036 0
        vertex -0.64461035 0.28576222 0
        vertex -0.63798773 0.2860073 0
    endloop
endfacet
facet normal 0 -0 -1
    outer loop
        vertex -0.62168986 0.28610042 0
        vertex -0.6173168 0.28595275 0
        vertex -0.6526832 0.19519573 0
    endloop
endfacet
facet normal 0 -0 -0.99999994
    outer loop
        vertex -0.63798773 0.2860073 0
        vertex -0.63198614 0.28613827 0
        vertex -0.66677856 0.20737036 0
    endloop
endfacet
facet normal 0 0 -0.99999994
    outer loop
        vertex -0.63198614 0.28613827 0
        vertex -0.66333956 0.20422214 0
        vertex -0.66677856 0.20737036 0
    endloop
endfacet
facet normal 0 0 -1
    outer loop
        vertex -0.6597921 0.20107798 0
        vertex -0.66333956 0.20422214 0
        vertex -0.63198614 0.28613827 0
    endloop
endfacet
facet normal 0 0 -1
    outer loop
        vertex -0.6597921 0.20107798 0
        vertex -0.63198614 0.28613827 0
        vertex -0.62656665 0.28616577 0
    endloop
endfacet
facet normal 0 0 -0.99999994
    outer loop
        vertex -0.6597921 0.20107798 0
        vertex -0.62656665 0.28616577 0
        vertex -0.656214 0.19803637 0
    endloop
endfacet
facet normal 0 -0 -1
    outer loop
        vertex -0.62656665 0.28616577 0
        vertex -0.62168986 0.28610042 0
        vertex -0.656214 0.19803637 0
    endloop
endfacet
facet normal 0 0 -1
    outer loop
        vertex -0.62168986 0.28610042 0
        vertex -0.6526832 0.19519573 0
        vertex -0.656214 0.19803637 0
    endloop
endfacet
facet normal 0 -0 -1
    outer loop
        vertex -0.6173168 0.28595275 0
        vertex -0.6134081 0.2857334 0
        vertex -0.6492663 0.19263443 0
    endloop
endfacet
facet normal -0 -0 -0.99999994
    outer loop
        vertex -0.5756724 0.27713364 0
        vertex -0.57369787 0.27627832 0
        vertex -0.580133 0.27863306 0
    endloop
endfacet
facet normal 0 0 -1
    outer loop
        vertex -0.63707453 0.18494429 0
        vertex -0.6398787 0.18652746 0
        vertex -0.60682714 0.28512204 0
    endloop
endfacet
facet normal 0 -0 -1
    outer loop
        vertex -0.16919418 -0.08080583 0
        vertex -0.1604591 -0.09700066 0
        vertex -0.57369787 -0.27627832 0
    endloop
endfacet
facet normal 0 -0 -1
    outer loop
        vertex -0.18170759 -0.04624502 0
        vertex -0.17629983 -0.0638328 0
        vertex -0.60364044 -0.20117119 0
    endloop
endfacet
facet normal -0 0 -1
    outer loop
        vertex -0.46677563 0.43310446 0
        vertex -0.5336457 0.34651694 0
        vertex -0.47223085 0.4372514 0
    endloop
endfacet
facet normal 0 0 -1
    outer loop
        vertex -0.5336457 0.34651694 0
        vertex -0.5390793 0.35069215 0
        vertex -0.47223085 0.4372514 0
    endloop
endfacet
facet normal 0 0 -1
    outer loop
        vertex -0.53529704 0.34764716 0
        vertex -0.5390793 0.35069215 0
        vertex -0.5336457 0.34651694 0
    endloop
endfacet
facet normal 0 0 -1
    outer loop
        vertex -0.5390793 0.35069215 0
        vertex -0.47638056 0.44010407 0
        vertex -0.47223085 0.4372514 0
    endloop
endfacet
facet normal 0 0 -1
    outer loop
        vertex -0.54272103 0.35375398 0
        vertex -0.47638056 0.44010407 0
        vertex -0.5390793 0.35069215 0
    endloop
endfacet
facet normal 0 -0 -0.99999994
    outer loop
        vertex -0.47976688 0.44230774 0
        vertex -0.47638056 0.44010407 0
        vertex -0.54272103 0.35375398 0
    endloop
endfacet
facet normal 0 0 -1
    outer loop
        vertex -0.47976688 0.44230774 0
        vertex -0.54272103 0.35375398 0
        vertex -0.54839206 0.35882795 0
    endloop
endfacet
facet normal -0 0 -1
    outer loop
        vertex -0.47976688 0.44230774 0
        vertex -0.54839206 0.35882795 0
        vertex -0.48444006 0.44524145 0
    endloop
endfacet
facet normal 0 0 -1
    outer loop
        vertex -0.54839206 0.35882795 0
        vertex -0.5521623 0.36240405 0
        vertex -0.48444006 0.44524145 0
    endloop
endfacet
facet normal 0 0 -0.99999994
    outer loop
        vertex -0.5521623 0.36240405 0
        vertex -0.48740363 0.44703034 0
        vertex -0.48444006 0.44524145 0
    endloop
endfacet
facet normal 0 0 -1
    outer loop
        vertex -0.5542578 0.36450872 0
        vertex -0.49582636 0.45132032 0
        vertex -0.49109086 0.4490528 0
    endloop
endfacet
facet normal 0 -0 -1
    outer loop
        vertex -0.49109086 0.4490528 0
        vertex -0.48740363 0.44703034 0
        vertex -0.5521623 0.36240405 0
    endloop
endfacet
facet normal 0 0 -1
    outer loop
        vertex -0.5564707 0.3668481 0
        vertex -0.49582636 0.45132032 0
        vertex -0.5542578 0.36450872 0
    endloop
endfacet
facet normal 0 -0 -0.99999994
    outer loop
        vertex -0.49868858 0.45254952 0
        vertex -0.49582636 0.45132032 0
        vertex -0.5564707 0.3668481 0
    endloop
endfacet
facet normal 0 0 -1
    outer loop
        vertex -0.49868858 0.45254952 0
        vertex -0.5564707 0.3668481 0
        vertex -0.5587837 0.36943984 0
    endloop
endfacet
facet normal -0 0 -1
    outer loop
        vertex -0.49868858 0.45254952 0
        vertex -0.5587837 0.36943984 0
        vertex -0.50193465 0.45384428 0
    endloop
endfacet
facet normal 0 0 -1
    outer loop
        vertex -0.5587837 0.36943984 0
        vertex -0.56117964 0.37230152 0
        vertex -0.50193465 0.45384428 0
    endloop
endfacet
facet normal 0 0 -1
    outer loop
        vertex -0.56364125 0.37545085 0
        vertex -0.50193465 0.45384428 0
        vertex -0.56117964 0.37230152 0
    endloop
endfacet
facet normal 0 0 -1
    outer loop
        vertex -0.583509 0.408161 0
        vertex -0.5870473 0.41470116 0
        vertex -0.54658765 0.46673268 0
    endloop
endfacet
facet normal 0 0 -1
    outer loop
        vertex -0.583509 0.408161 0
        vertex -0.54658765 0.46673268 0
        vertex -0.5388108 0.4648623 0
    endloop
endfacet
facet normal 0 0 -0.99999994
    outer loop
        vertex -0.583509 0.408161 0
        vertex -0.5388108 0.4648623 0
        vertex -0.5802524 0.40218568 0
    endloop
endfacet
facet normal 0 -0 -1
    outer loop
        vertex -0.5388108 0.4648623 0
        vertex -0.5317423 0.46306887 0
        vertex -0.5802524 0.40218568 0
    endloop
endfacet
facet normal 0 0 -1
    outer loop
        vertex -0.5317423 0.46306887 0
        vertex -0.576032 0.39469388 0
        vertex -0.5802524 0.40218568 0
    endloop
endfacet
facet normal 0 0 -0.99999994
    outer loop
        vertex -0.5661514 0.37890548 0
        vertex -0.50560504 0.45520598 0
        vertex -0.56364125 0.37545085 0
    endloop
endfacet
facet normal 0 0 -1
    outer loop
        vertex -0.576032 0.39469388 0
        vertex -0.5317423 0.46306887 0
        vertex -0.5253415 0.46135095 0
    endloop
endfacet
facet normal 0 -0 -1
    outer loop
        vertex -0.50974035 0.45663607 0
        vertex -0.50560504 0.45520598 0
        vertex -0.5661514 0.37890548 0
    endloop
endfacet
facet normal 0 -0 -1
    outer loop
        vertex -0.5253415 0.46135095 0
        vertex -0.519568 0.45970714 0
        vertex -0.576032 0.39469388 0
    endloop
endfacet
facet normal 0 0 -0.99999994
    outer loop
        vertex -0.519568 0.45970714 0
        vertex -0.5736737 0.39067188 0
        vertex -0.576032 0.39469388 0
    endloop
endfacet
facet normal 0 0 -0.99999994
    outer loop
        vertex -0.5712106 0.3866218 0
        vertex -0.5736737 0.39067188 0
        vertex -0.519568 0.45970714 0
    endloop
endfacet
facet normal 0 0 -1
    outer loop
        vertex -0.5712106 0.3866218 0
        vertex -0.519568 0.45970714 0
        vertex -0.5143812 0.458136 0
    endloop
endfacet
facet normal 0 0 -1
    outer loop
        vertex -0.5712106 0.3866218 0
        vertex -0.5143812 0.458136 0
        vertex -0.56868804 0.38266066 0
    endloop
endfacet
facet normal 0 -0 -1
    outer loop
        vertex -0.5143812 0.458136 0
        vertex -0.50974035 0.45663607 0
        vertex -0.56868804 0.38266066 0
    endloop
endfacet
facet normal 0 0 -1
    outer loop
        vertex -0.50974035 0.45663607 0
        vertex -0.5661514 0.37890548 0
        vertex -0.56868804 0.38266066 0
    endloop
endfacet
facet normal 0 -0 -1
    outer loop
        vertex -0.50560504 0.45520598 0
        vertex -0.50193465 0.45384428 0
        vertex -0.56364125 0.37545085 0
    endloop
endfacet
facet normal -0 -0 -1
    outer loop
        vertex -0.4684103 0.4345038 0
        vertex -0.46677563 0.43310446 0
        vertex -0.47223085 0.4372514 0
    endloop
endfacet
facet normal 0 -0 -1
    outer loop
        vertex -0.18536542 -0.028211879 0
        vertex -0.18170759 -0.04624502 0
        vertex -0.6296445 -0.09490364 0
    endloop
endfacet
facet normal 0 -0 -1
    outer loop
        vertex -0.18730754 0.0084932055 0
        vertex -0.18723808 -0.009907042 0
        vertex -0.6361187 -0.0143075725 0
    endloop
endfacet
facet normal -0 0 -1
    outer loop
        vertex -0.31837827 0.55144733 0
        vertex -0.4077996 0.48841697 0
        vertex -0.32236883 0.55701804 0
    endloop
endfacet
facet normal 0 0 -0.99999994
    outer loop
        vertex -0.4077996 0.48841697 0
        vertex -0.41176122 0.4940083 0
        vertex -0.32236883 0.55701804 0
    endloop
endfacet
facet normal 0 0 -1
    outer loop
        vertex -0.40904447 0.48998374 0
        vertex -0.41176122 0.4940083 0
        vertex -0.4077996 0.48841697 0
    endloop
endfacet
facet normal 0 0 -1
    outer loop
        vertex -0.41176122 0.4940083 0
        vertex -0.32549337 0.5609671 0
        vertex -0.32236883 0.55701804 0
    endloop
endfacet
facet normal 0 0 -1
    outer loop
        vertex -0.41433862 0.49800748 0
        vertex -0.32549337 0.5609671 0
        vertex -0.41176122 0.4940083 0
    endloop
endfacet
facet normal 0 -0 -1
    outer loop
        vertex -0.32807964 0.564071 0
        vertex -0.32549337 0.5609671 0
        vertex -0.41433862 0.49800748 0
    endloop
endfacet
facet normal 0 -0 -1
    outer loop
        vertex -0.33168054 0.56825185 0
        vertex -0.32807964 0.564071 0
        vertex -0.41826212 0.5045276 0
    endloop
endfacet
facet normal 0 0 -1
    outer loop
        vertex -0.32807964 0.564071 0
        vertex -0.41433862 0.49800748 0
        vertex -0.41826212 0.5045276 0
    endloop
endfacet
facet normal 0 0 -1
    outer loop
        vertex -0.33168054 0.56825185 0
        vertex -0.41826212 0.5045276 0
        vertex -0.42081076 0.5090561 0
    endloop
endfacet
facet normal -0 0 -1
    outer loop
        vertex -0.33398515 0.57083476 0
        vertex -0.42081076 0.5090561 0
        vertex -0.33691242 0.5738542 0
    endloop
endfacet
facet normal 0 0 -1
    outer loop
        vertex -0.42081076 0.5090561 0
        vertex -0.42219287 0.511685 0
        vertex -0.33691242 0.5738542 0
    endloop
endfacet
facet normal 0 0 -1
    outer loop
        vertex -0.42219287 0.511685 0
        vertex -0.34076917 0.5774168 0
        vertex -0.33691242 0.5738542 0
    endloop
endfacet
facet normal 0 0 -1
    outer loop
        vertex -0.4236179 0.5145727 0
        vertex -0.34076917 0.5774168 0
        vertex -0.42219287 0.511685 0
    endloop
endfacet
facet normal 0 -0 -1
    outer loop
        vertex -0.34314194 0.57943505 0
        vertex -0.34076917 0.5774168 0
        vertex -0.4236179 0.5145727 0
    endloop
endfacet
facet normal 0 0 -1
    outer loop
        vertex -0.34314194 0.57943505 0
        vertex -0.4236179 0.5145727 0
        vertex -0.4250642 0.517731 0
    endloop
endfacet
facet normal -0 0 -1
    outer loop
        vertex -0.34314194 0.57943505 0
        vertex -0.4250642 0.517731 0
        vertex -0.34586215 0.58162904 0
    endloop
endfacet
facet normal 0 0 -1
    outer loop
        vertex -0.4250642 0.517731 0
        vertex -0.4265102 0.5211718 0
        vertex -0.34586215 0.58162904 0
    endloop
endfacet
facet normal 0 0 -1
    outer loop
        vertex -0.5521623 0.36240405 0
        vertex -0.5542578 0.36450872 0
        vertex -0.49109086 0.4490528 0
    endloop
endfacet
facet normal 0 0 -1
    outer loop
        vertex -0.4265102 0.5211718 0
        vertex -0.42793417 0.5249068 0
        vertex -0.34586215 0.58162904 0
    endloop
endfacet
facet normal 0 0 -1
    outer loop
        vertex -0.38473243 0.60710657 0
        vertex -0.4372778 0.5620199 0
        vertex -0.43873113 0.56931233 0
    endloop
endfacet
facet normal -0 0 -1
    outer loop
        vertex -0.37785238 0.60302705 0
        vertex -0.4372778 0.5620199 0
        vertex -0.38473243 0.60710657 0
    endloop
endfacet
facet normal 0 0 -0.99999994
    outer loop
        vertex -0.43592712 0.5553501 0
        vertex -0.4372778 0.5620199 0
        vertex -0.37785238 0.60302705 0
    endloop
endfacet
facet normal 0 0 -1
    outer loop
        vertex -0.43592712 0.5553501 0
        vertex -0.37785238 0.60302705 0
        vertex -0.37162653 0.5992298 0
    endloop
endfacet
facet normal 0 0 -1
    outer loop
        vertex -0.43592712 0.5553501 0
        vertex -0.37162653 0.5992298 0
        vertex -0.4341024 0.5469472 0
    endloop
endfacet
facet normal 0 0 -1
    outer loop
        vertex -0.42793417 0.5249068 0
        vertex -0.4293145 0.52894783 0
        vertex -0.34896812 0.58401215 0
    endloop
endfacet
facet normal -0 0 -1
    outer loop
        vertex -0.3660165 0.5957016 0
        vertex -0.4341024 0.5469472 0
        vertex -0.37162653 0.5992298 0
    endloop
endfacet
facet normal 0 0 -1
    outer loop
        vertex -0.4293145 0.52894783 0
        vertex -0.35249817 0.5865976 0
        vertex -0.34896812 0.58401215 0
    endloop
endfacet
facet normal 0 0 -1
    outer loop
        vertex -0.4341024 0.5469472 0
        vertex -0.3660165 0.5957016 0
        vertex -0.36098403 0.592429 0
    endloop
endfacet
facet normal 0 0 -1
    outer loop
        vertex -0.43303442 0.5424087 0
        vertex -0.36098403 0.592429 0
        vertex -0.43187454 0.5378126 0
    endloop
endfacet
facet normal 0 -0 -0.99999994
    outer loop
        vertex -0.36098403 0.592429 0
        vertex -0.3564907 0.5893988 0
        vertex -0.43187454 0.5378126 0
    endloop
endfacet
facet normal 0 0 -1
    outer loop
        vertex -0.3564907 0.5893988 0
        vertex -0.4306316 0.5332838 0
        vertex -0.43187454 0.5378126 0
    endloop
endfacet
facet normal -0 0 -0.99999994
    outer loop
        vertex -0.35249817 0.5865976 0
        vertex -0.4306316 0.5332838 0
        vertex -0.3564907 0.5893988 0
    endloop
endfacet
facet normal 0 0 -0.99999994
    outer loop
        vertex -0.4293145 0.52894783 0
        vertex -0.4306316 0.5332838 0
        vertex -0.35249817 0.5865976 0
    endloop
endfacet
facet normal -0 0 -1
    outer loop
        vertex -0.34586215 0.58162904 0
        vertex -0.42793417 0.5249068 0
        vertex -0.34896812 0.58401215 0
    endloop
endfacet
facet normal 0 0 -0.99999994
    outer loop
        vertex -0.43303442 0.5424087 0
        vertex -0.4341024 0.5469472 0
        vertex -0.36098403 0.592429 0
    endloop
endfacet
facet normal -0 0 -1
    outer loop
        vertex -0.18557312 0.02681166 0
        vertex -0.18730754 0.0084932055 0
        vertex -0.6296445 0.09490364 0
    endloop
endfacet
facet normal -0 0 -1
    outer loop
        vertex -0.1767767 0.0625 0
        vertex -0.18205154 0.0448719 0
        vertex -0.612075 0.17382735 0
    endloop
endfacet
facet normal 0 0 -1
    outer loop
        vertex -0.14386293 0.62729114 0
        vertex -0.24571879 0.58691907 0
        vertex -0.2478563 0.5934296 0
    endloop
endfacet
facet normal -0 0 -1
    outer loop
        vertex -0.14169167 0.62079173 0
        vertex -0.24571879 0.58691907 0
        vertex -0.14386293 0.62729114 0
    endloop
endfacet
facet normal 0 0 -1
    outer loop
        vertex -0.24571879 0.58691907 0
        vertex -0.24644652 0.58878314 0
        vertex -0.2478563 0.5934296 0
    endloop
endfacet
facet normal -0 0 -1
    outer loop
        vertex -0.14386293 0.62729114 0
        vertex -0.2478563 0.5934296 0
        vertex -0.14568463 0.6319857 0
    endloop
endfacet
facet normal 0 0 -1
    outer loop
        vertex -0.2478563 0.5934296 0
        vertex -0.24914047 0.5980109 0
        vertex -0.14568463 0.6319857 0
    endloop
endfacet
facet normal 0 0 -1
    outer loop
        vertex -0.24914047 0.5980109 0
        vertex -0.14724115 0.6357141 0
        vertex -0.14568463 0.6319857 0
    endloop
endfacet
facet normal 0 0 -0.99999994
    outer loop
        vertex -0.25096777 0.6053978 0
        vertex -0.14724115 0.6357141 0
        vertex -0.24914047 0.5980109 0
    endloop
endfacet
facet normal 0 0 -1
    outer loop
        vertex -0.2520684 0.6104763 0
        vertex -0.14944972 0.64077055 0
        vertex -0.25096777 0.6053978 0
    endloop
endfacet
facet normal 0 -0 -0.99999994
    outer loop
        vertex -0.15089063 0.64391804 0
        vertex -0.14944972 0.64077055 0
        vertex -0.2520684 0.6104763 0
    endloop
endfacet
facet normal -0 0 -1
    outer loop
        vertex -0.15089063 0.64391804 0
        vertex -0.2520684 0.6104763 0
        vertex -0.15279786 0.64766616 0
    endloop
endfacet
facet normal 0 0 -1
    outer loop
        vertex -0.2520684 0.6104763 0
        vertex -0.2526142 0.6133958 0
        vertex -0.15279786 0.64766616 0
    endloop
endfacet
facet normal 0 0 -1
    outer loop
        vertex -0.2526142 0.6133958 0
        vertex -0.15543315 0.65220726 0
        vertex -0.15279786 0.64766616 0
    endloop
endfacet
facet normal 0 0 -1
    outer loop
        vertex -0.25312477 0.61657524 0
        vertex -0.15543315 0.65220726 0
        vertex -0.2526142 0.6133958 0
    endloop
endfacet
facet normal 0 -0 -1
    outer loop
        vertex -0.15710562 0.6548353 0
        vertex -0.15543315 0.65220726 0
        vertex -0.25312477 0.61657524 0
    endloop
endfacet
facet normal 0 0 -1
    outer loop
        vertex -0.15710562 0.6548353 0
        vertex -0.25312477 0.61657524 0
        vertex -0.25357592 0.62001956 0
    endloop
endfacet
facet normal -0 0 -1
    outer loop
        vertex -0.15710562 0.6548353 0
        vertex -0.25357592 0.62001956 0
        vertex -0.15905829 0.65773356 0
    endloop
endfacet
facet normal 0 0 -1
    outer loop
        vertex -0.25357592 0.62001956 0
        vertex -0.25394347 0.62373364 0
        vertex -0.15905829 0.65773356 0
    endloop
endfacet
facet normal 0 0 -1
    outer loop
        vertex -0.25394347 0.62373364 0
        vertex -0.25420326 0.6277225 0
        vertex -0.15905829 0.65773356 0
    endloop
endfacet
facet normal -0 0 -1
    outer loop
        vertex -0.33168054 0.56825185 0
        vertex -0.42081076 0.5090561 0
        vertex -0.33398515 0.57083476 0
    endloop
endfacet
facet normal 0 -0 -0.99999994
    outer loop
        vertex -0.25143176 0.67333764 0
        vertex -0.18869203 0.6935364 0
        vertex -0.2521925 0.6659408 0
    endloop
endfacet
facet normal 0 -0 -1
    outer loop
        vertex -0.18869203 0.6935364 0
        vertex -0.1833201 0.6876102 0
        vertex -0.2521925 0.6659408 0
    endloop
endfacet
facet normal 0 0 -1
    outer loop
        vertex -0.1833201 0.6876102 0
        vertex -0.2528678 0.6591692 0
        vertex -0.2521925 0.6659408 0
    endloop
endfacet
facet normal -0 0 -1
    outer loop
        vertex -0.17849012 0.68214655 0
        vertex -0.2528678 0.6591692 0
        vertex -0.1833201 0.6876102 0
    endloop
endfacet
facet normal 0 0 -1
    outer loop
        vertex -0.25360096 0.6506018 0
        vertex -0.2528678 0.6591692 0
        vertex -0.17849012 0.68214655 0
    endloop
endfacet
facet normal 0 0 -1
    outer loop
        vertex -0.16132383 0.6609263 0
        vertex -0.25420326 0.6277225 0
        vertex -0.25433114 0.6319908 0
    endloop
endfacet
facet normal 0 -0 -1
    outer loop
        vertex -0.17849012 0.68214655 0
        vertex -0.17416932 0.67712146 0
        vertex -0.25360096 0.6506018 0
    endloop
endfacet
facet normal -0 0 -0.99999994
    outer loop
        vertex -0.16132383 0.6609263 0
        vertex -0.25433114 0.6319908 0
        vertex -0.16393499 0.6644374 0
    endloop
endfacet
facet normal -0 0 -1
    outer loop
        vertex -0.170325 0.672511 0
        vertex -0.25360096 0.6506018 0
        vertex -0.17416932 0.67712146 0
    endloop
endfacet
facet normal 0 0 -1
    outer loop
        vertex -0.25391814 0.64595014 0
        vertex -0.25360096 0.6506018 0
        vertex -0.170325 0.672511 0
    endloop
endfacet
facet normal 0 -0 -1
    outer loop
        vertex -0.25391814 0.64595014 0
        vertex -0.170325 0.672511 0
        vertex -0.25416452 0.64121634 0
    endloop
endfacet
facet normal 0 -0 -0.99999994
    outer loop
        vertex -0.170325 0.672511 0
        vertex -0.16692446 0.668291 0
        vertex -0.25416452 0.64121634 0
    endloop
endfacet
facet normal 0 0 -1
    outer loop
        vertex -0.16692446 0.668291 0
        vertex -0.25431168 0.6365225 0
        vertex -0.25416452 0.64121634 0
    endloop
endfacet
facet normal -0 0 -0.99999994
    outer loop
        vertex -0.16393499 0.6644374 0
        vertex -0.25431168 0.6365225 0
        vertex -0.16692446 0.668291 0
    endloop
endfacet
facet normal 0 0 -0.99999994
    outer loop
        vertex -0.25433114 0.6319908 0
        vertex -0.25431168 0.6365225 0
        vertex -0.16393499 0.6644374 0
    endloop
endfacet
facet normal -0 0 -1
    outer loop
        vertex -0.15905829 0.65773356 0
        vertex -0.25420326 0.6277225 0
        vertex -0.16132383 0.6609263 0
    endloop
endfacet
facet normal -0 0 -1
    outer loop
        vertex -0.14724115 0.6357141 0
        vertex -0.25096777 0.6053978 0
        vertex -0.14944972 0.64077055 0
    endloop
endfacet
facet normal 0 0 -1
    outer loop
        vertex -0.31837827 0.55144733 0
        vertex -0.32236883 0.55701804 0
        vertex -0.3195279 0.55326635 0
    endloop
endfacet
facet normal 0 0 -1
    outer loop
        vertex -0.5336457 0.34651694 0
        vertex -0.15779145 0.1012823 0
        vertex -0.16510917 0.08885499 0
    endloop
endfacet
facet normal 0 -0 -1
    outer loop
        vertex 0.0474258 0.64182675 0
        vertex 0.047584876 0.6349761 0
        vertex -0.061804775 0.63327074 0
    endloop
endfacet
facet normal 0 0 -1
    outer loop
        vertex 0.0474258 0.64182675 0
        vertex -0.061804775 0.63327074 0
        vertex -0.06192829 0.6401221 0
    endloop
endfacet
facet normal 0 0 -1
    outer loop
        vertex -0.061804775 0.63327074 0
        vertex -0.061950736 0.6352665 0
        vertex -0.06192829 0.6401221 0
    endloop
endfacet
facet normal -0 0 -1
    outer loop
        vertex 0.0474258 0.64182675 0
        vertex -0.06192829 0.6401221 0
        vertex 0.047068797 0.64684975 0
    endloop
endfacet
facet normal 0 0 -1
    outer loop
        vertex -0.06192829 0.6401221 0
        vertex -0.06180505 0.6448784 0
        vertex 0.047068797 0.64684975 0
    endloop
endfacet
facet normal 0 0 -1
    outer loop
        vertex -0.06180505 0.6448784 0
        vertex -0.061373845 0.6524757 0
        vertex 0.046680387 0.6508712 0
    endloop
endfacet
facet normal 0 0 -1
    outer loop
        vertex -0.061373845 0.6524757 0
        vertex 0.04606036 0.656354 0
        vertex 0.046680387 0.6508712 0
    endloop
endfacet
facet normal 0 -0 -1
    outer loop
        vertex -0.060928658 0.6576531 0
        vertex 0.04606036 0.656354 0
        vertex -0.061373845 0.6524757 0
    endloop
endfacet
facet normal 0 -0 -1
    outer loop
        vertex 0.045611188 0.6597863 0
        vertex 0.04606036 0.656354 0
        vertex -0.060928658 0.6576531 0
    endloop
endfacet
facet normal -0 0 -1
    outer loop
        vertex 0.045611188 0.6597863 0
        vertex -0.060928658 0.6576531 0
        vertex 0.044893473 0.6639301 0
    endloop
endfacet
facet normal 0 0 -1
    outer loop
        vertex -0.060928658 0.6576531 0
        vertex -0.060589682 0.6606037 0
        vertex 0.044893473 0.6639301 0
    endloop
endfacet
facet normal 0 0 -1
    outer loop
        vertex -0.060589682 0.6606037 0
        vertex 0.043713767 0.6690462 0
        vertex 0.044893473 0.6639301 0
    endloop
endfacet
facet normal 0 -0 -0.99999994
    outer loop
        vertex -0.060140397 0.6637924 0
        vertex 0.043713767 0.6690462 0
        vertex -0.060589682 0.6606037 0
    endloop
endfacet
facet normal 0 -0 -1
    outer loop
        vertex 0.042890206 0.6720504 0
        vertex 0.043713767 0.6690462 0
        vertex -0.060140397 0.6637924 0
    endloop
endfacet
facet normal 0 0 -1
    outer loop
        vertex 0.042890206 0.6720504 0
        vertex -0.060140397 0.6637924 0
        vertex -0.05955627 0.66721666 0
    endloop
endfacet
facet normal -0 0 -0.99999994
    outer loop
        vertex 0.042890206 0.6720504 0
        vertex -0.05955627 0.66721666 0
        vertex 0.041878607 0.67539555 0
    endloop
endfacet
facet normal 0 0 -1
    outer loop
        vertex -0.14169167 0.62079173 0
        vertex -0.14386293 0.62729114 0
        vertex -0.14225405 0.6228688 0
    endloop
endfacet
facet normal 0 0 -1
    outer loop
        vertex -0.05881274 0.6708741 0
        vertex -0.057885285 0.67476225 0
        vertex 0.041878607 0.67539555 0
    endloop
endfacet
facet normal 0 -0 -1
    outer loop
        vertex -0.05881274 0.6708741 0
        vertex 0.041878607 0.67539555 0
        vertex -0.05955627 0.66721666 0
    endloop
endfacet
facet normal 0 -0 -1
    outer loop
        vertex -0.041791596 0.71753395 0
        vertex 0.024114465 0.7183424 0
        vertex -0.044698805 0.71068996 0
    endloop
endfacet
facet normal 0 -0 -1
    outer loop
        vertex 0.024114465 0.7183424 0
        vertex 0.027500942 0.7110961 0
        vertex -0.044698805 0.71068996 0
    endloop
endfacet
facet normal -0 0 -1
    outer loop
        vertex 0.030505927 0.70445156 0
        vertex -0.047340054 0.7044183 0
        vertex 0.027500942 0.7110961 0
    endloop
endfacet
facet normal 0 0 -0.99999994
    outer loop
        vertex -0.050565936 0.69644755 0
        vertex -0.047340054 0.7044183 0
        vertex 0.030505927 0.70445156 0
    endloop
endfacet
facet normal 0 0 -1
    outer loop
        vertex 0.04065478 0.67911416 0
        vertex -0.057885285 0.67476225 0
        vertex -0.05674935 0.67887866 0
    endloop
endfacet
facet normal 0 -0 -1
    outer loop
        vertex 0.030505927 0.70445156 0
        vertex 0.033153597 0.69837624 0
        vertex -0.050565936 0.69644755 0
    endloop
endfacet
facet normal -0 0 -1
    outer loop
        vertex 0.04065478 0.67911416 0
        vertex -0.05674935 0.67887866 0
        vertex 0.039194547 0.683239 0
    endloop
endfacet
facet normal 0 0 -1
    outer loop
        vertex 0.03546814 0.69283736 0
        vertex -0.050565936 0.69644755 0
        vertex 0.033153597 0.69837624 0
    endloop
endfacet
facet normal 0 0 -1
    outer loop
        vertex -0.05224013 0.6920961 0
        vertex -0.050565936 0.69644755 0
        vertex 0.03546814 0.69283736 0
    endloop
endfacet
facet normal 0 -0 -1
    outer loop
        vertex -0.05224013 0.6920961 0
        vertex 0.03546814 0.69283736 0
        vertex -0.053870894 0.6876452 0
    endloop
endfacet
facet normal 0 -0 -1
    outer loop
        vertex 0.03546814 0.69283736 0
        vertex 0.037473727 0.6878025 0
        vertex -0.053870894 0.6876452 0
    endloop
endfacet
facet normal 0 0 -1
    outer loop
        vertex 0.037473727 0.6878025 0
        vertex -0.055395033 0.6832032 0
        vertex -0.053870894 0.6876452 0
    endloop
endfacet
facet normal 0 0 -1
    outer loop
        vertex 0.039194547 0.683239 0
        vertex -0.05674935 0.67887866 0
        vertex -0.055395033 0.6832032 0
    endloop
endfacet
facet normal -0 0 -1
    outer loop
        vertex 0.039194547 0.683239 0
        vertex -0.055395033 0.6832032 0
        vertex 0.037473727 0.6878025 0
    endloop
endfacet
facet normal 0 -0 -0.99999994
    outer loop
        vertex 0.04065478 0.67911416 0
        vertex 0.041878607 0.67539555 0
        vertex -0.057885285 0.67476225 0
    endloop
endfacet
facet normal -0 0 -0.99999994
    outer loop
        vertex 0.04765969 0.63712656 0
        vertex 0.047584876 0.6349761 0
        vertex 0.0474258 0.64182675 0
    endloop
endfacet
facet normal 0 -0 -1
    outer loop
        vertex 0.046680387 0.6508712 0
        vertex 0.047068797 0.64684975 0
        vertex -0.06180505 0.6448784 0
    endloop
endfacet
facet normal 0 0 -1
    outer loop
        vertex -0.10825318 0.1530931 0
        vertex -0.31837827 0.55144733 0
        vertex -0.096166365 0.1609605 0
    endloop
endfacet
facet normal -0 0 -1
    outer loop
        vertex -0.13043779 0.13469312 0
        vertex -0.14040434 0.12426935 0
        vertex -0.46677563 0.43310446 0
    endloop
endfacet
facet normal -0 0 -1
    outer loop
        vertex 0.23450056 0.59933317 0
        vertex 0.23263331 0.59273994 0
        vertex 0.12760088 0.62335354 0
    endloop
endfacet
facet normal 0 0 -1
    outer loop
        vertex 0.23450056 0.59933317 0
        vertex 0.12760088 0.62335354 0
        vertex 0.12950233 0.629937 0
    endloop
endfacet
facet normal 0 0 -1
    outer loop
        vertex 0.12760088 0.62335354 0
        vertex 0.12804966 0.6253037 0
        vertex 0.12950233 0.629937 0
    endloop
endfacet
facet normal 0 0 -1
    outer loop
        vertex 0.23450056 0.59933317 0
        vertex 0.12950233 0.629937 0
        vertex 0.23563996 0.6042382 0
    endloop
endfacet
facet normal 0 0 -1
    outer loop
        vertex 0.23563996 0.6042382 0
        vertex 0.13102202 0.6344456 0
        vertex 0.23645417 0.60819554 0
    endloop
endfacet
facet normal 0 0 -1
    outer loop
        vertex 0.13102202 0.6344456 0
        vertex 0.13367343 0.6415784 0
        vertex 0.23645417 0.60819554 0
    endloop
endfacet
facet normal 0 0 -1
    outer loop
        vertex 0.13367343 0.6415784 0
        vertex 0.23747776 0.6136175 0
        vertex 0.23645417 0.60819554 0
    endloop
endfacet
facet normal 0 -0 -1
    outer loop
        vertex 0.13562487 0.64639443 0
        vertex 0.23747776 0.6136175 0
        vertex 0.13367343 0.6415784 0
    endloop
endfacet
facet normal -0 0 -1
    outer loop
        vertex 0.23806025 0.6170297 0
        vertex 0.23747776 0.6136175 0
        vertex 0.13562487 0.64639443 0
    endloop
endfacet
facet normal 0 0 -1
    outer loop
        vertex 0.23806025 0.6170297 0
        vertex 0.13562487 0.64639443 0
        vertex 0.23859583 0.62120104 0
    endloop
endfacet
facet normal 0 0 -1
    outer loop
        vertex 0.23859583 0.62120104 0
        vertex 0.13562487 0.64639443 0
        vertex 0.1368185 0.649114 0
    endloop
endfacet
facet normal -0 0 -1
    outer loop
        vertex 0.23907506 0.62955105 0
        vertex 0.23897652 0.62643754 0
        vertex 0.1381877 0.6520286 0
    endloop
endfacet
facet normal 0 0 -1
    outer loop
        vertex 0.23859583 0.62120104 0
        vertex 0.1368185 0.649114 0
        vertex 0.23897652 0.62643754 0
    endloop
endfacet
facet normal 0 0 -1
    outer loop
        vertex 0.23907506 0.62955105 0
        vertex 0.1381877 0.6520286 0
        vertex 0.1397552 0.6551286 0
    endloop
endfacet
facet normal 0 0 -1
    outer loop
        vertex 0.23907506 0.62955105 0
        vertex 0.1397552 0.6551286 0
        vertex 0.23909439 0.6330457 0
    endloop
endfacet
facet normal 0 0 -0.99999994
    outer loop
        vertex 0.1397552 0.6551286 0
        vertex 0.14154375 0.6584044 0
        vertex 0.23909439 0.6330457 0
    endloop
endfacet
facet normal 0 0 -0.99999994
    outer loop
        vertex 0.027500942 0.7110961 0
        vertex -0.047340054 0.7044183 0
        vertex -0.044698805 0.71068996 0
    endloop
endfacet
facet normal 0 0 -1
    outer loop
        vertex 0.23909439 0.6330457 0
        vertex 0.14154375 0.6584044 0
        vertex 0.14357606 0.66184646 0
    endloop
endfacet
facet normal 0 -0 -1
    outer loop
        vertex 0.17156194 0.69797426 0
        vertex 0.2347783 0.6793207 0
        vertex 0.16676658 0.6922912 0
    endloop
endfacet
facet normal -0 -0 -1
    outer loop
        vertex 0.2347783 0.6793207 0
        vertex 0.23587841 0.67139804 0
        vertex 0.16676658 0.6922912 0
    endloop
endfacet
facet normal 0 0 -1
    outer loop
        vertex 0.23587841 0.67139804 0
        vertex 0.16239408 0.6870767 0
        vertex 0.16676658 0.6922912 0
    endloop
endfacet
facet normal 0 0 -1
    outer loop
        vertex 0.23679139 0.664163 0
        vertex 0.15696208 0.6804109 0
        vertex 0.16239408 0.6870767 0
    endloop
endfacet
facet normal 0 0 -1
    outer loop
        vertex 0.23679139 0.664163 0
        vertex 0.16239408 0.6870767 0
        vertex 0.23587841 0.67139804 0
    endloop
endfacet
facet normal 0 -0 -0.99999994
    outer loop
        vertex 0.14587486 0.66544515 0
        vertex 0.23902102 0.6369599 0
        vertex 0.14357606 0.66184646 0
    endloop
endfacet
facet normal 0 0 -1
    outer loop
        vertex 0.15696208 0.6804109 0
        vertex 0.23679139 0.664163 0
        vertex 0.23753066 0.6575771 0
    endloop
endfacet
facet normal -0 -0 -1
    outer loop
        vertex 0.23884147 0.64133185 0
        vertex 0.23902102 0.6369599 0
        vertex 0.14587486 0.66544515 0
    endloop
endfacet
facet normal -0 -0 -1
    outer loop
        vertex 0.23753066 0.6575771 0
        vertex 0.23810978 0.6516021 0
        vertex 0.15696208 0.6804109 0
    endloop
endfacet
facet normal 0 0 -1
    outer loop
        vertex 0.23810978 0.6516021 0
        vertex 0.15407966 0.6767463 0
        vertex 0.15696208 0.6804109 0
    endloop
endfacet
facet normal 0 0 -1
    outer loop
        vertex 0.15120941 0.67297375 0
        vertex 0.15407966 0.6767463 0
        vertex 0.23810978 0.6516021 0
    endloop
endfacet
facet normal 0 0 -0.99999994
    outer loop
        vertex 0.15120941 0.67297375 0
        vertex 0.23810978 0.6516021 0
        vertex 0.23854221 0.64619976 0
    endloop
endfacet
facet normal 0 -0 -1
    outer loop
        vertex 0.15120941 0.67297375 0
        vertex 0.23854221 0.64619976 0
        vertex 0.1484437 0.66917837 0
    endloop
endfacet
facet normal -0 -0 -0.99999994
    outer loop
        vertex 0.23854221 0.64619976 0
        vertex 0.23884147 0.64133185 0
        vertex 0.1484437 0.66917837 0
    endloop
endfacet
facet normal 0 0 -1
    outer loop
        vertex 0.23884147 0.64133185 0
        vertex 0.14587486 0.66544515 0
        vertex 0.1484437 0.66917837 0
    endloop
endfacet
facet normal -0 -0 -1
    outer loop
        vertex 0.23902102 0.6369599 0
        vertex 0.23909439 0.6330457 0
        vertex 0.14357606 0.66184646 0
    endloop
endfacet
facet normal -0 0 -0.99999994
    outer loop
        vertex 0.23333867 0.59477293 0
        vertex 0.23263331 0.59273994 0
        vertex 0.23450056 0.59933317 0
    endloop
endfacet
facet normal 0 0 -1
    outer loop
        vertex 0.1368185 0.649114 0
        vertex 0.1381877 0.6520286 0
        vertex 0.23897652 0.62643754 0
    endloop
endfacet
facet normal -0 0 -1
    outer loop
        vertex 0 0.1875 0
        vertex -0.014411079 0.18694536 0
        vertex -0.061804775 0.63327074 0
    endloop
endfacet
facet normal 0 0 -1
    outer loop
        vertex -0.24571879 0.58691907 0
        vertex -0.14169167 0.62079173 0
        vertex -0.056794774 0.17869136 0
    endloop
endfacet
facet normal -0 0 -1
    outer loop
        vertex 0.4007389 0.50358623 0
        vertex 0.39701122 0.49783632 0
        vertex 0.30566862 0.5580487 0
    endloop
endfacet
facet normal 0 0 -1
    outer loop
        vertex 0.4007389 0.50358623 0
        vertex 0.30566862 0.5580487 0
        vertex 0.3094261 0.5637792 0
    endloop
endfacet
facet normal 0 0 -1
    outer loop
        vertex 0.30566862 0.5580487 0
        vertex 0.30667228 0.5597799 0
        vertex 0.3094261 0.5637792 0
    endloop
endfacet
facet normal 0 0 -1
    outer loop
        vertex 0.4032735 0.5079375 0
        vertex 0.3094261 0.5637792 0
        vertex 0.3122072 0.5676395 0
    endloop
endfacet
facet normal 0 0 -1
    outer loop
        vertex 0.23563996 0.6042382 0
        vertex 0.12950233 0.629937 0
        vertex 0.13102202 0.6344456 0
    endloop
endfacet
facet normal -0 0 -1
    outer loop
        vertex 0.40521795 0.511479 0
        vertex 0.4032735 0.5079375 0
        vertex 0.3122072 0.5676395 0
    endloop
endfacet
facet normal 0 0 -0.99999994
    outer loop
        vertex 0.40521795 0.511479 0
        vertex 0.3122072 0.5676395 0
        vertex 0.31684324 0.5736739 0
    endloop
endfacet
facet normal 0 0 -1
    outer loop
        vertex 0.40521795 0.511479 0
        vertex 0.31684324 0.5736739 0
        vertex 0.4077942 0.51635844 0
    endloop
endfacet
facet normal 0 0 -1
    outer loop
        vertex 0.4093566 0.5194474 0
        vertex 0.32012755 0.5777008 0
        vertex 0.41109788 0.52327543 0
    endloop
endfacet
facet normal 0 0 -1
    outer loop
        vertex 0.31684324 0.5736739 0
        vertex 0.32012755 0.5777008 0
        vertex 0.4077942 0.51635844 0
    endloop
endfacet
facet normal 0 0 -1
    outer loop
        vertex 0.32012755 0.5777008 0
        vertex 0.32206976 0.57994777 0
        vertex 0.41109788 0.52327543 0
    endloop
endfacet
facet normal 0 0 -1
    outer loop
        vertex 0.32206976 0.57994777 0
        vertex 0.4130052 0.5281671 0
        vertex 0.41109788 0.52327543 0
    endloop
endfacet
facet normal 0 -0 -1
    outer loop
        vertex 0.32423723 0.5823293 0
        vertex 0.4130052 0.5281671 0
        vertex 0.32206976 0.57994777 0
    endloop
endfacet
facet normal -0 0 -1
    outer loop
        vertex 0.41401708 0.53111327 0
        vertex 0.4130052 0.5281671 0
        vertex 0.32423723 0.5823293 0
    endloop
endfacet
facet normal 0 0 -1
    outer loop
        vertex 0.41401708 0.53111327 0
        vertex 0.32423723 0.5823293 0
        vertex 0.32664883 0.5848295 0
    endloop
endfacet
facet normal 0 0 -1
    outer loop
        vertex 0.41401708 0.53111327 0
        vertex 0.32664883 0.5848295 0
        vertex 0.41506562 0.53444695 0
    endloop
endfacet
facet normal 0 0 -0.99999994
    outer loop
        vertex 0.32664883 0.5848295 0
        vertex 0.32932347 0.5874326 0
        vertex 0.41506562 0.53444695 0
    endloop
endfacet
facet normal 0 -0 -1
    outer loop
        vertex 0.33228007 0.5901227 0
        vertex 0.41506562 0.53444695 0
        vertex 0.32932347 0.5874326 0
    endloop
endfacet
facet normal 0 0 -1
    outer loop
        vertex 0.36341402 0.6123794 0
        vertex 0.36967143 0.6163964 0
        vertex 0.42458105 0.57993823 0
    endloop
endfacet
facet normal 0 0 -1
    outer loop
        vertex 0.36341402 0.6123794 0
        vertex 0.42458105 0.57993823 0
        vertex 0.42329708 0.57204336 0
    endloop
endfacet
facet normal 0 -0 -1
    outer loop
        vertex 0.36341402 0.6123794 0
        vertex 0.42329708 0.57204336 0
        vertex 0.35769877 0.6086853 0
    endloop
endfacet
facet normal -0 0 -1
    outer loop
        vertex 0.42329708 0.57204336 0
        vertex 0.4220369 0.5648606 0
        vertex 0.35769877 0.6086853 0
    endloop
endfacet
facet normal 0 0 -1
    outer loop
        vertex 0.4220369 0.5648606 0
        vertex 0.35054332 0.60391676 0
        vertex 0.35769877 0.6086853 0
    endloop
endfacet
facet normal 0 -0 -1
    outer loop
        vertex 0.33553743 0.5928839 0
        vertex 0.4161492 0.53820884 0
        vertex 0.33228007 0.5901227 0
    endloop
endfacet
facet normal 0 0 -1
    outer loop
        vertex 0.35054332 0.60391676 0
        vertex 0.4220369 0.5648606 0
        vertex 0.4208021 0.55834943 0
    endloop
endfacet
facet normal -0 0 -1
    outer loop
        vertex 0.41726628 0.54243946 0
        vertex 0.4161492 0.53820884 0
        vertex 0.33553743 0.5928839 0
    endloop
endfacet
facet normal -0 0 -1
    outer loop
        vertex 0.4208021 0.55834943 0
        vertex 0.41959435 0.5524692 0
        vertex 0.35054332 0.60391676 0
    endloop
endfacet
facet normal 0 0 -1
    outer loop
        vertex 0.41959435 0.5524692 0
        vertex 0.3467088 0.60126454 0
        vertex 0.35054332 0.60391676 0
    endloop
endfacet
facet normal 0 0 -1
    outer loop
        vertex 0.3428541 0.5985057 0
        vertex 0.3467088 0.60126454 0
        vertex 0.41959435 0.5524692 0
    endloop
endfacet
facet normal 0 0 -1
    outer loop
        vertex 0.3428541 0.5985057 0
        vertex 0.41959435 0.5524692 0
        vertex 0.4184152 0.5471794 0
    endloop
endfacet
facet normal 0 -0 -1
    outer loop
        vertex 0.3428541 0.5985057 0
        vertex 0.4184152 0.5471794 0
        vertex 0.33909258 0.5956941 0
    endloop
endfacet
facet normal -0 0 -1
    outer loop
        vertex 0.4184152 0.5471794 0
        vertex 0.41726628 0.54243946 0
        vertex 0.33909258 0.5956941 0
    endloop
endfacet
facet normal 0 0 -1
    outer loop
        vertex 0.41726628 0.54243946 0
        vertex 0.33553743 0.5928839 0
        vertex 0.33909258 0.5956941 0
    endloop
endfacet
facet normal -0 0 -1
    outer loop
        vertex 0.4161492 0.53820884 0
        vertex 0.41506562 0.53444695 0
        vertex 0.33228007 0.5901227 0
    endloop
endfacet
facet normal -0 0 -0.99999994
    outer loop
        vertex 0.39828447 0.49957103 0
        vertex 0.39701122 0.49783632 0
        vertex 0.4007389 0.50358623 0
    endloop
endfacet
facet normal -0 0 -1
    outer loop
        vertex 0.4032735 0.5079375 0
        vertex 0.4007389 0.50358623 0
        vertex 0.3094261 0.5637792 0
    endloop
endfacet
facet normal 0 0 -1
    outer loop
        vertex 0.12760088 0.62335354 0
        vertex 0.042892717 0.18252799 0
        vertex 0.028736902 0.18528476 0
    endloop
endfacet
facet normal 0 0 -1
    outer loop
        vertex 0.45657638 0.44315878 0
        vertex 0.5313698 0.36309344 0
        vertex 0.526113 0.35869774 0
    endloop
endfacet
facet normal 0 -0 -0.99999994
    outer loop
        vertex 0.46185598 0.4475271 0
        vertex 0.5313698 0.36309344 0
        vertex 0.45657638 0.44315878 0
    endloop
endfacet
facet normal 0 0 -1
    outer loop
        vertex 0.46185598 0.4475271 0
        vertex 0.53507435 0.3665043 0
        vertex 0.5313698 0.36309344 0
    endloop
endfacet
facet normal 0 0 -1
    outer loop
        vertex 0.4656514 0.4503962 0
        vertex 0.4718601 0.454796 0
        vertex 0.5379763 0.36931536 0
    endloop
endfacet
facet normal 0 -0 -1
    outer loop
        vertex 0.4656514 0.4503962 0
        vertex 0.53507435 0.3665043 0
        vertex 0.46185598 0.4475271 0
    endloop
endfacet
facet normal 0 0 -1
    outer loop
        vertex 0.4718601 0.454796 0
        vertex 0.5418764 0.37321857 0
        vertex 0.5379763 0.36931536 0
    endloop
endfacet
facet normal 0 -0 -1
    outer loop
        vertex 0.4761855 0.45767593 0
        vertex 0.5418764 0.37321857 0
        vertex 0.4718601 0.454796 0
    endloop
endfacet
facet normal -0 0 -1
    outer loop
        vertex 0.5442798 0.3757098 0
        vertex 0.5418764 0.37321857 0
        vertex 0.4761855 0.45767593 0
    endloop
endfacet
facet normal 0 0 -1
    outer loop
        vertex 0.5442798 0.3757098 0
        vertex 0.4761855 0.45767593 0
        vertex 0.5470721 0.37885454 0
    endloop
endfacet
facet normal 0 0 -1
    outer loop
        vertex 0.4761855 0.45767593 0
        vertex 0.47870374 0.4592506 0
        vertex 0.5470721 0.37885454 0
    endloop
endfacet
facet normal 0 0 -1
    outer loop
        vertex 0.47870374 0.4592506 0
        vertex 0.55033654 0.38296673 0
        vertex 0.5470721 0.37885454 0
    endloop
endfacet
facet normal 0 -0 -1
    outer loop
        vertex 0.48147687 0.4608874 0
        vertex 0.55033654 0.38296673 0
        vertex 0.47870374 0.4592506 0
    endloop
endfacet
facet normal -0 0 -1
    outer loop
        vertex 0.5521718 0.38548368 0
        vertex 0.55033654 0.38296673 0
        vertex 0.48147687 0.4608874 0
    endloop
endfacet
facet normal 0 0 -1
    outer loop
        vertex 0.5521718 0.38548368 0
        vertex 0.48147687 0.4608874 0
        vertex 0.48451826 0.46256575 0
    endloop
endfacet
facet normal 0 0 -1
    outer loop
        vertex 0.5521718 0.38548368 0
        vertex 0.48451826 0.46256575 0
        vertex 0.5541564 0.38836023 0
    endloop
endfacet
facet normal 0 0 -1
    outer loop
        vertex 0.48451826 0.46256575 0
        vertex 0.48784137 0.4642648 0
        vertex 0.5541564 0.38836023 0
    endloop
endfacet
facet normal -0 0 -1
    outer loop
        vertex 0.4093566 0.5194474 0
        vertex 0.4077942 0.51635844 0
        vertex 0.32012755 0.5777008 0
    endloop
endfacet
facet normal 0 -0 -0.99999994
    outer loop
        vertex 0.49145946 0.46596393 0
        vertex 0.5541564 0.38836023 0
        vertex 0.48784137 0.4642648 0
    endloop
endfacet
facet normal 0 0 -1
    outer loop
        vertex 0.5277706 0.47805488 0
        vertex 0.534934 0.48004913 0
        vertex 0.5766579 0.42902577 0
    endloop
endfacet
facet normal 0 0 -1
    outer loop
        vertex 0.5277706 0.47805488 0
        vertex 0.5766579 0.42902577 0
        vertex 0.5731039 0.4218601 0
    endloop
endfacet
facet normal 0 -0 -0.99999994
    outer loop
        vertex 0.5277706 0.47805488 0
        vertex 0.5731039 0.4218601 0
        vertex 0.5212204 0.47620958 0
    endloop
endfacet
facet normal -0 0 -1
    outer loop
        vertex 0.5731039 0.4218601 0
        vertex 0.56978256 0.4153679 0
        vertex 0.5212204 0.47620958 0
    endloop
endfacet
facet normal 0 0 -1
    outer loop
        vertex 0.56978256 0.4153679 0
        vertex 0.5129773 0.473762 0
        vertex 0.5212204 0.47620958 0
    endloop
endfacet
facet normal 0 -0 -1
    outer loop
        vertex 0.49538606 0.46764237 0
        vertex 0.5563007 0.3916356 0
        vertex 0.49145946 0.46596393 0
    endloop
endfacet
facet normal 0 0 -0.99999994
    outer loop
        vertex 0.5666834 0.4095099 0
        vertex 0.5129773 0.473762 0
        vertex 0.56978256 0.4153679 0
    endloop
endfacet
facet normal 0 0 -1
    outer loop
        vertex 0.49538606 0.46764237 0
        vertex 0.55861515 0.395349 0
        vertex 0.5563007 0.3916356 0
    endloop
endfacet
facet normal 0 0 -1
    outer loop
        vertex 0.5129773 0.473762 0
        vertex 0.5666834 0.4095099 0
        vertex 0.56379604 0.4042469 0
    endloop
endfacet
facet normal 0 -0 -1
    outer loop
        vertex 0.5129773 0.473762 0
        vertex 0.56379604 0.4042469 0
        vertex 0.50853133 0.47235784 0
    endloop
endfacet
facet normal 0 0 -0.99999994
    outer loop
        vertex 0.56379604 0.4042469 0
        vertex 0.5040347 0.4708577 0
        vertex 0.50853133 0.47235784 0
    endloop
endfacet
facet normal 0 0 -1
    outer loop
        vertex 0.56111014 0.3995397 0
        vertex 0.5040347 0.4708577 0
        vertex 0.56379604 0.4042469 0
    endloop
endfacet
facet normal 0 0 -1
    outer loop
        vertex 0.49961156 0.4692798 0
        vertex 0.5040347 0.4708577 0
        vertex 0.56111014 0.3995397 0
    endloop
endfacet
facet normal 0 0 -0.99999994
    outer loop
        vertex 0.49961156 0.4692798 0
        vertex 0.56111014 0.3995397 0
        vertex 0.55861515 0.395349 0
    endloop
endfacet
facet normal 0 -0 -1
    outer loop
        vertex 0.49961156 0.4692798 0
        vertex 0.55861515 0.395349 0
        vertex 0.49538606 0.46764237 0
    endloop
endfacet
facet normal 0 0 -1
    outer loop
        vertex 0.526113 0.35869774 0
        vertex 0.5313698 0.36309344 0
        vertex 0.527841 0.35998008 0
    endloop
endfacet
facet normal 0 0 -1
    outer loop
        vertex 0.46185598 0.4475271 0
        vertex 0.45657638 0.44315878 0
        vertex 0.45804572 0.44451723 0
    endloop
endfacet
facet normal 0 0 -1
    outer loop
        vertex 0.08351062 0.16787562 0
        vertex 0.30566862 0.5580487 0
        vertex 0.096166365 0.1609605 0
    endloop
endfacet
facet normal -0 0 -1
    outer loop
        vertex 0.526113 0.35869774 0
        vertex 0.2367767 0.0625 0
        vertex 0.45657638 0.44315878 0
    endloop
endfacet
facet normal -0 0 -1
    outer loop
        vertex 0.61933154 0.19250563 0
        vertex 0.6147862 0.19033821 0
        vertex 0.57324797 0.2915103 0
    endloop
endfacet
facet normal -0 0 -1
    outer loop
        vertex 0.5669153 0.28889224 0
        vertex 0.2367767 0.0625 0
        vertex 0.526113 0.35869774 0
    endloop
endfacet
facet normal 0 0 -1
    outer loop
        vertex 0.61933154 0.19250563 0
        vertex 0.57324797 0.2915103 0
        vertex 0.57772046 0.2931332 0
    endloop
endfacet
facet normal 0 0 -1
    outer loop
        vertex 0.61933154 0.19250563 0
        vertex 0.57772046 0.2931332 0
        vertex 0.62293315 0.1943364 0
    endloop
endfacet
facet normal 0 0 -1
    outer loop
        vertex 0.57772046 0.2931332 0
        vertex 0.58495015 0.29550746 0
        vertex 0.62293315 0.1943364 0
    endloop
endfacet
facet normal 0 0 -1
    outer loop
        vertex 0.58495015 0.29550746 0
        vertex 0.6278105 0.19691667 0
        vertex 0.62293315 0.1943364 0
    endloop
endfacet
facet normal 0 -0 -1
    outer loop
        vertex 0.58993226 0.29698455 0
        vertex 0.6278105 0.19691667 0
        vertex 0.58495015 0.29550746 0
    endloop
endfacet
facet normal -0 0 -1
    outer loop
        vertex 0.6308414 0.19858876 0
        vertex 0.6278105 0.19691667 0
        vertex 0.58993226 0.29698455 0
    endloop
endfacet
facet normal 0 0 -0.99999994
    outer loop
        vertex 0.6308414 0.19858876 0
        vertex 0.58993226 0.29698455 0
        vertex 0.6344366 0.20077077 0
    endloop
endfacet
facet normal 0 0 -1
    outer loop
        vertex 0.58993226 0.29698455 0
        vertex 0.5928027 0.297747 0
        vertex 0.6344366 0.20077077 0
    endloop
endfacet
facet normal 0 0 -1
    outer loop
        vertex 0.5928027 0.297747 0
        vertex 0.6387681 0.20373805 0
        vertex 0.6344366 0.20077077 0
    endloop
endfacet
facet normal 0 -0 -1
    outer loop
        vertex 0.5959351 0.2984937 0
        vertex 0.6387681 0.20373805 0
        vertex 0.5928027 0.297747 0
    endloop
endfacet
facet normal -0 0 -1
    outer loop
        vertex 0.6412637 0.20560224 0
        vertex 0.6387681 0.20373805 0
        vertex 0.5959351 0.2984937 0
    endloop
endfacet
facet normal 0 0 -1
    outer loop
        vertex 0.6412637 0.20560224 0
        vertex 0.5959351 0.2984937 0
        vertex 0.5993361 0.29920098 0
    endloop
endfacet
facet normal 0 0 -0.99999994
    outer loop
        vertex 0.6412637 0.20560224 0
        vertex 0.5993361 0.29920098 0
        vertex 0.64400804 0.20776603 0
    endloop
endfacet
facet normal 0 0 -1
    outer loop
        vertex 0.5993361 0.29920098 0
        vertex 0.6030124 0.29984507 0
        vertex 0.64400804 0.20776603 0
    endloop
endfacet
facet normal 0 0 -1
    outer loop
        vertex 0.6030124 0.29984507 0
        vertex 0.60697055 0.30040222 0
        vertex 0.64400804 0.20776603 0
    endloop
endfacet
facet normal 0 0 -1
    outer loop
        vertex 0.4656514 0.4503962 0
        vertex 0.5379763 0.36931536 0
        vertex 0.53507435 0.3665043 0
    endloop
endfacet
facet normal -0 -0 -1
    outer loop
        vertex 0.6526654 0.3010473 0
        vertex 0.6774962 0.23999245 0
        vertex 0.6452323 0.30125314 0
    endloop
endfacet
facet normal -0 0 -1
    outer loop
        vertex 0.6774962 0.23999245 0
        vertex 0.67198795 0.23419268 0
        vertex 0.6452323 0.30125314 0
    endloop
endfacet
facet normal 0 0 -1
    outer loop
        vertex 0.67198795 0.23419268 0
        vertex 0.6384292 0.3014205 0
        vertex 0.6452323 0.30125314 0
    endloop
endfacet
facet normal 0 0 -1
    outer loop
        vertex 0.6669005 0.22896789 0
        vertex 0.6384292 0.3014205 0
        vertex 0.67198795 0.23419268 0
    endloop
endfacet
facet normal 0 0 -1
    outer loop
        vertex 0.62983096 0.30151135 0
        vertex 0.6384292 0.3014205 0
        vertex 0.6669005 0.22896789 0
    endloop
endfacet
facet normal 0 0 -1
    outer loop
        vertex 0.6470224 0.21026382 0
        vertex 0.60697055 0.30040222 0
        vertex 0.61121744 0.3008487 0
    endloop
endfacet
facet normal -0 0 -1
    outer loop
        vertex 0.6669005 0.22896789 0
        vertex 0.66221243 0.22428365 0
        vertex 0.62983096 0.30151135 0
    endloop
endfacet
facet normal 0 0 -0.99999994
    outer loop
        vertex 0.6470224 0.21026382 0
        vertex 0.61121744 0.3008487 0
        vertex 0.65032864 0.21313006 0
    endloop
endfacet
facet normal 0 0 -1
    outer loop
        vertex 0.6579021 0.22010554 0
        vertex 0.62983096 0.30151135 0
        vertex 0.66221243 0.22428365 0
    endloop
endfacet
facet normal 0 0 -1
    outer loop
        vertex 0.6251686 0.30148005 0
        vertex 0.62983096 0.30151135 0
        vertex 0.6579021 0.22010554 0
    endloop
endfacet
facet normal 0 -0 -1
    outer loop
        vertex 0.6251686 0.30148005 0
        vertex 0.6579021 0.22010554 0
        vertex 0.6204296 0.301372 0
    endloop
endfacet
facet normal -0 0 -1
    outer loop
        vertex 0.6579021 0.22010554 0
        vertex 0.65394795 0.21639916 0
        vertex 0.6204296 0.301372 0
    endloop
endfacet
facet normal 0 0 -0.99999994
    outer loop
        vertex 0.65394795 0.21639916 0
        vertex 0.61573786 0.30116794 0
        vertex 0.6204296 0.301372 0
    endloop
endfacet
facet normal 0 0 -1
    outer loop
        vertex 0.65032864 0.21313006 0
        vertex 0.61573786 0.30116794 0
        vertex 0.65394795 0.21639916 0
    endloop
endfacet
facet normal 0 0 -1
    outer loop
        vertex 0.61121744 0.3008487 0
        vertex 0.61573786 0.30116794 0
        vertex 0.65032864 0.21313006 0
    endloop
endfacet
facet normal 0 0 -1
    outer loop
        vertex 0.64400804 0.20776603 0
        vertex 0.60697055 0.30040222 0
        vertex 0.6470224 0.21026382 0
    endloop
endfacet
facet normal 0 -0 -1
    outer loop
        vertex 0.5687198 0.28975722 0
        vertex 0.57324797 0.2915103 0
        vertex 0.5669153 0.28889224 0
    endloop
endfacet
facet normal 0 0 -1
    outer loop
        vertex 0.49145946 0.46596393 0
        vertex 0.5563007 0.3916356 0
        vertex 0.5541564 0.38836023 0
    endloop
endfacet
facet normal 0 -0 -1
    outer loop
        vertex 0.57324797 0.2915103 0
        vertex 0.6147862 0.19033821 0
        vertex 0.5669153 0.28889224 0
    endloop
endfacet
facet normal 0 -0 -1
    outer loop
        vertex 0.6337043 0.109591514 0
        vertex 0.64357615 0.0006705823 0
        vertex 0.62688136 0.10895634 0
    endloop
endfacet
facet normal -0 0 -1
    outer loop
        vertex 0.6147862 0.19033821 0
        vertex 0.6084672 0.1876873 0
        vertex 0.5669153 0.28889224 0
    endloop
endfacet
facet normal 0 0 -1
    outer loop
        vertex 0.6337043 0.109591514 0
        vertex 0.62688136 0.10895634 0
        vertex 0.6288606 0.10925103 0
    endloop
endfacet
facet normal -0 0 -1
    outer loop
        vertex 0.64855844 0.0014019582 0
        vertex 0.64357615 0.0006705823 0
        vertex 0.6337043 0.109591514 0
    endloop
endfacet
facet normal 0 0 -1
    outer loop
        vertex 0.64855844 0.0014019582 0
        vertex 0.6337043 0.109591514 0
        vertex 0.63845646 0.109824054 0
    endloop
endfacet
facet normal 0 0 -0.99999994
    outer loop
        vertex 0.64855844 0.0014019582 0
        vertex 0.63845646 0.109824054 0
        vertex 0.6525397 0.002089807 0
    endloop
endfacet
facet normal 0 0 -1
    outer loop
        vertex 0.63845646 0.109824054 0
        vertex 0.6460649 0.10996181 0
        vertex 0.6525397 0.002089807 0
    endloop
endfacet
facet normal 0 0 -0.99999994
    outer loop
        vertex 0.6460649 0.10996181 0
        vertex 0.6579608 0.0031178321 0
        vertex 0.6525397 0.002089807 0
    endloop
endfacet
facet normal -0 -0 -0.99999994
    outer loop
        vertex 0.6512609 0.109904766 0
        vertex 0.6579608 0.0031178321 0
        vertex 0.6460649 0.10996181 0
    endloop
endfacet
facet normal -0 0 -1
    outer loop
        vertex 0.66134995 0.003822243 0
        vertex 0.6579608 0.0031178321 0
        vertex 0.6512609 0.109904766 0
    endloop
endfacet
facet normal 0 0 -0.99999994
    outer loop
        vertex 0.66134995 0.003822243 0
        vertex 0.6512609 0.109904766 0
        vertex 0.6654285 0.004847616 0
    endloop
endfacet
facet normal 0 0 -1
    outer loop
        vertex 0.6512609 0.109904766 0
        vertex 0.6542287 0.10978724 0
        vertex 0.6654285 0.004847616 0
    endloop
endfacet
facet normal 0 0 -1
    outer loop
        vertex 0.6542287 0.10978724 0
        vertex 0.67044216 0.006406357 0
        vertex 0.6654285 0.004847616 0
    endloop
endfacet
facet normal -0 -0 -1
    outer loop
        vertex 0.657442 0.1095775 0
        vertex 0.67044216 0.006406357 0
        vertex 0.6542287 0.10978724 0
    endloop
endfacet
facet normal -0 0 -1
    outer loop
        vertex 0.67337644 0.0074521173 0
        vertex 0.67044216 0.006406357 0
        vertex 0.657442 0.1095775 0
    endloop
endfacet
facet normal 0 0 -1
    outer loop
        vertex 0.67337644 0.0074521173 0
        vertex 0.657442 0.1095775 0
        vertex 0.6609003 0.109250896 0
    endloop
endfacet
facet normal 0 0 -1
    outer loop
        vertex 0.67337644 0.0074521173 0
        vertex 0.6609003 0.109250896 0
        vertex 0.67663664 0.008710871 0
    endloop
endfacet
facet normal 0 0 -1
    outer loop
        vertex 0.6609003 0.109250896 0
        vertex 0.66460305 0.108782776 0
        vertex 0.67663664 0.008710871 0
    endloop
endfacet
facet normal 0 0 -1
    outer loop
        vertex 0.66460305 0.108782776 0
        vertex 0.6685497 0.10814847 0
        vertex 0.67663664 0.008710871 0
    endloop
endfacet
facet normal -0 0 -1
    outer loop
        vertex 0.6422985 -0.32257444 0
        vertex 0.6100456 -0.380055 0
        vertex 0.637825 -0.31663468 0
    endloop
endfacet
facet normal 0 0 -1
    outer loop
        vertex 0.637825 -0.31663468 0
        vertex 0.6100456 -0.380055 0
        vertex 0.6020768 -0.37936458 0
    endloop
endfacet
facet normal -0 -0 -1
    outer loop
        vertex 0.7124045 0.095296115 0
        vertex 0.71813595 0.029634764 0
        vertex 0.7053624 0.09768375 0
    endloop
endfacet
facet normal 0 -0 -1
    outer loop
        vertex 0.6337142 -0.31121144 0
        vertex 0.637825 -0.31663468 0
        vertex 0.6020768 -0.37936458 0
    endloop
endfacet
facet normal -0 0 -1
    outer loop
        vertex 0.71813595 0.029634764 0
        vertex 0.7111629 0.025716236 0
        vertex 0.7053624 0.09768375 0
    endloop
endfacet
facet normal 0 0 -1
    outer loop
        vertex 0.6337142 -0.31121144 0
        vertex 0.6020768 -0.37936458 0
        vertex 0.59482 -0.3786447 0
    endloop
endfacet
facet normal 0 0 -1
    outer loop
        vertex 0.7111629 0.025716236 0
        vertex 0.6989109 0.099848926 0
        vertex 0.7053624 0.09768375 0
    endloop
endfacet
facet normal 0 0 -1
    outer loop
        vertex 0.59482 -0.3786447 0
        vertex 0.5882347 -0.37789994 0
        vertex 0.6284242 -0.3044324 0
    endloop
endfacet
facet normal 0 0 -1
    outer loop
        vertex 0.7047615 0.022223106 0
        vertex 0.6989109 0.099848926 0
        vertex 0.7111629 0.025716236 0
    endloop
endfacet
facet normal 0 -0 -1
    outer loop
        vertex 0.62245363 -0.29716903 0
        vertex 0.6254929 -0.3008068 0
        vertex 0.5822807 -0.37713498 0
    endloop
endfacet
facet normal 0 0 -1
    outer loop
        vertex 0.69072133 0.10247013 0
        vertex 0.6989109 0.099848926 0
        vertex 0.7047615 0.022223106 0
    endloop
endfacet
facet normal 0 0 -1
    outer loop
        vertex 0.6133039 -0.287251 0
        vertex 0.5678028 -0.3747652 0
        vertex 0.5639704 -0.3739657 0
    endloop
endfacet
facet normal 0 0 -1
    outer loop
        vertex 0.6802534 0.010209169 0
        vertex 0.6685497 0.10814847 0
        vertex 0.67273945 0.10732334 0
    endloop
endfacet
facet normal 0 0 -1
    outer loop
        vertex 0.47091982 -0.5429843 0
        vertex 0.46350858 -0.5399757 0
        vertex 0.51615846 -0.49056968 0
    endloop
endfacet
facet normal -0 0 -1
    outer loop
        vertex 0.7047615 0.022223106 0
        vertex 0.698901 0.019128824 0
        vertex 0.69072133 0.10247013 0
    endloop
endfacet
facet normal 0 0 -1
    outer loop
        vertex 0.4359889 -0.5275087 0
        vertex 0.43211293 -0.52547824 0
        vertex 0.50335497 -0.45905393 0
    endloop
endfacet
facet normal 0 0 -1
    outer loop
        vertex 0.6802534 0.010209169 0
        vertex 0.67273945 0.10732334 0
        vertex 0.6842575 0.011973564 0
    endloop
endfacet
facet normal 0 0 -0.99999994
    outer loop
        vertex 0.5107721 -0.4761386 0
        vertex 0.45071313 -0.5344961 0
        vertex 0.4452491 -0.5320102 0
    endloop
endfacet
facet normal 0 0 -0.99999994
    outer loop
        vertex 0.6935506 0.01640684 0
        vertex 0.69072133 0.10247013 0
        vertex 0.698901 0.019128824 0
    endloop
endfacet
facet normal 0 -0 -1
    outer loop
        vertex 0.50903964 -0.47181004 0
        vertex 0.5107721 -0.4761386 0
        vertex 0.4452491 -0.5320102 0
    endloop
endfacet
facet normal 0 0 -1
    outer loop
        vertex 0.68625695 0.10381446 0
        vertex 0.69072133 0.10247013 0
        vertex 0.6935506 0.01640684 0
    endloop
endfacet
facet normal 0 -0 -1
    outer loop
        vertex 0.50720763 -0.46743807 0
        vertex 0.50903964 -0.47181004 0
        vertex 0.4452491 -0.5320102 0
    endloop
endfacet
facet normal -0 -0 -1
    outer loop
        vertex 0.68625695 0.10381446 0
        vertex 0.6935506 0.01640684 0
        vertex 0.6816966 0.105108045 0
    endloop
endfacet
facet normal 0 -0 -1
    outer loop
        vertex 0.5053037 -0.46314523 0
        vertex 0.50720763 -0.46743807 0
        vertex 0.44035432 -0.52968353 0
    endloop
endfacet
facet normal -0 0 -1
    outer loop
        vertex 0.6935506 0.01640684 0
        vertex 0.6886797 0.014030603 0
        vertex 0.6816966 0.105108045 0
    endloop
endfacet
facet normal 0 0 -1
    outer loop
        vertex 0.4359889 -0.5275087 0
        vertex 0.5053037 -0.46314523 0
        vertex 0.44035432 -0.52968353 0
    endloop
endfacet
facet normal 0 0 -1
    outer loop
        vertex 0.6886797 0.014030603 0
        vertex 0.6771532 0.10629598 0
        vertex 0.6816966 0.105108045 0
    endloop
endfacet
facet normal 0 0 -1
    outer loop
        vertex 0.4359889 -0.5275087 0
        vertex 0.50335497 -0.45905393 0
        vertex 0.5053037 -0.46314523 0
    endloop
endfacet
facet normal 0 0 -1
    outer loop
        vertex 0.6842575 0.011973564 0
        vertex 0.6771532 0.10629598 0
        vertex 0.6886797 0.014030603 0
    endloop
endfacet
facet normal 0 0 -0.99999994
    outer loop
        vertex 0.50138783 -0.45526373 0
        vertex 0.43211293 -0.52547824 0
        vertex 0.42868647 -0.52358466 0
    endloop
endfacet
facet normal 0 0 -1
    outer loop
        vertex 0.67273945 0.10732334 0
        vertex 0.6771532 0.10629598 0
        vertex 0.6842575 0.011973564 0
    endloop
endfacet
facet normal 0 0 -1
    outer loop
        vertex 0.39701122 -0.49783632 0
        vertex 0.4017875 -0.50275004 0
        vertex 0.3984191 -0.49946368 0
    endloop
endfacet
facet normal 0 0 -1
    outer loop
        vertex 0.67663664 0.008710871 0
        vertex 0.6685497 0.10814847 0
        vertex 0.6802534 0.010209169 0
    endloop
endfacet
facet normal 0 0 -1
    outer loop
        vertex 0.23349896 -0.59471 0
        vertex 0.23263331 -0.59273994 0
        vertex 0.235749 -0.59884316 0
    endloop
endfacet
facet normal 0 0 -1
    outer loop
        vertex 0.63675654 -0 0
        vertex 0.62688136 0.10895634 0
        vertex 0.64357615 0.0006705823 0
    endloop
endfacet
facet normal 0 0 -1
    outer loop
        vertex 0.6084672 0.1876873 0
        vertex 0.6147862 0.19033821 0
        vertex 0.61049646 0.18840332 0
    endloop
endfacet
facet normal 0 0 -1
    outer loop
        vertex 0.64357615 0.0006705823 0
        vertex 0.63890666 0.00008610362 0
        vertex 0.63675654 -0 0
    endloop
endfacet
facet normal 0 0 -1
    outer loop
        vertex -0.6361187 -0.0143075725 0
        vertex -0.6429602 -0.01391874 0
        vertex -0.6364879 0.095256954 0
    endloop
endfacet
facet normal -0 -0 1
    outer loop
        vertex 0.1714501 0.07590202 0.236
        vertex 0.2367767 0.0625 0.236
        vertex 0.16510917 0.08885499 0.236
    endloop
endfacet
facet normal 0 0 1
    outer loop
        vertex 0.1714501 0.07590202 0.236
        vertex 0.1767767 0.0625 0.236
        vertex 0.2367767 0.0625 0.236
    endloop
endfacet
facet normal -0 -0 1
    outer loop
        vertex 0.16510917 0.08885499 0.236
        vertex 0.2367767 0.0625 0.236
        vertex 0.15779145 0.1012823 0.236
    endloop
endfacet
facet normal -0 -0 1
    outer loop
        vertex 0.15779145 0.1012823 0.236
        vertex 0.2367767 0.0625 0.236
        vertex 0.14954025 0.11311041 0.236
    endloop
endfacet
facet normal -0 -0 1
    outer loop
        vertex 0.14954025 0.11311041 0.236
        vertex 0.2367767 0.0625 0.236
        vertex 0.14040434 0.12426935 0.236
    endloop
endfacet
facet normal -0 0 1
    outer loop
        vertex 0.14040434 0.12426935 0.236
        vertex 0.2367767 0.0625 0.236
        vertex 0.45657638 0.44315878 0.236
    endloop
endfacet
facet normal 0 0 1
    outer loop
        vertex 0.45657638 0.44315878 0.236
        vertex 0.13043779 0.13469312 0.236
        vertex 0.14040434 0.12426935 0.236
    endloop
endfacet
facet normal -0 0 1
    outer loop
        vertex 0.10825318 0.1530931 0.236
        vertex 0.11969955 0.14432001 0.236
        vertex 0.39701122 0.49783632 0.236
    endloop
endfacet
facet normal 0 0 1
    outer loop
        vertex 0.39701122 0.49783632 0.236
        vertex 0.11969955 0.14432001 0.236
        vertex 0.13043779 0.13469312 0.236
    endloop
endfacet
facet normal 0 0 0.99999994
    outer loop
        vertex 0.30566862 0.5580487 0.236
        vertex 0.10825318 0.1530931 0.236
        vertex 0.39701122 0.49783632 0.236
    endloop
endfacet
facet normal 0 0 0.99999994
    outer loop
        vertex 0.30566862 0.5580487 0.236
        vertex 0.096166365 0.1609605 0.236
        vertex 0.10825318 0.1530931 0.236
    endloop
endfacet
facet normal 0 0 1
    outer loop
        vertex 0.23263331 0.59273994 0.236
        vertex 0.08351062 0.16787562 0.236
        vertex 0.30566862 0.5580487 0.236
    endloop
endfacet
facet normal 0 0 1
    outer loop
        vertex 0.23263331 0.59273994 0.236
        vertex 0.070360824 0.17379759 0.236
        vertex 0.08351062 0.16787562 0.236
    endloop
endfacet
facet normal 0 0 1
    outer loop
        vertex 0.23263331 0.59273994 0.236
        vertex 0.056794774 0.17869136 0.236
        vertex 0.070360824 0.17379759 0.236
    endloop
endfacet
facet normal 0 0 1
    outer loop
        vertex 0.23263331 0.59273994 0.236
        vertex 0.12760088 0.62335354 0.236
        vertex 0.056794774 0.17869136 0.236
    endloop
endfacet
facet normal 0 -0 1
    outer loop
        vertex 0.056794774 0.17869136 0.236
        vertex 0.12760088 0.62335354 0.236
        vertex 0.042892717 0.18252799 0.236
    endloop
endfacet
facet normal 0 0 1
    outer loop
        vertex 0.12760088 0.62335354 0.236
        vertex 0.047584876 0.6349761 0.236
        vertex 0.028736902 0.18528476 0.236
    endloop
endfacet
facet normal 0 -0 1
    outer loop
        vertex 0.028736902 0.18528476 0.236
        vertex 0.047584876 0.6349761 0.236
        vertex 0.014411079 0.18694536 0.236
    endloop
endfacet
facet normal 0 0 1
    outer loop
        vertex 0.45657638 0.44315878 0.236
        vertex 0.39701122 0.49783632 0.236
        vertex 0.13043779 0.13469312 0.236
    endloop
endfacet
facet normal -0 0 1
    outer loop
        vertex 0 0.1875 0.236
        vertex 0.014411079 0.18694536 0.236
        vertex 0.047584876 0.6349761 0.236
    endloop
endfacet
facet normal -0 0 1
    outer loop
        vertex -0.061804775 0.63327074 0.236
        vertex 0 0.1875 0.236
        vertex 0.047584876 0.6349761 0.236
    endloop
endfacet
facet normal 0 -0 1
    outer loop
        vertex -0.028736902 0.18528476 0.236
        vertex -0.014411079 0.18694536 0.236
        vertex -0.061804775 0.63327074 0.236
    endloop
endfacet
facet normal -0 0 1
    outer loop
        vertex -0.14169167 0.62079173 0.236
        vertex -0.028736902 0.18528476 0.236
        vertex -0.061804775 0.63327074 0.236
    endloop
endfacet
facet normal 0 0 1
    outer loop
        vertex -0.14169167 0.62079173 0.236
        vertex -0.042892717 0.18252799 0.236
        vertex -0.028736902 0.18528476 0.236
    endloop
endfacet
facet normal 0 0 1
    outer loop
        vertex -0.14169167 0.62079173 0.236
        vertex -0.056794774 0.17869136 0.236
        vertex -0.042892717 0.18252799 0.236
    endloop
endfacet
facet normal 0 0 1
    outer loop
        vertex -0.24571879 0.58691907 0.236
        vertex -0.070360824 0.17379759 0.236
        vertex -0.056794774 0.17869136 0.236
    endloop
endfacet
facet normal 0 0 0.99999994
    outer loop
        vertex -0.24571879 0.58691907 0.236
        vertex -0.08351062 0.16787562 0.236
        vertex -0.070360824 0.17379759 0.236
    endloop
endfacet
facet normal 0 0 0.99999994
    outer loop
        vertex -0.24571879 0.58691907 0.236
        vertex -0.31837827 0.55144733 0.236
        vertex -0.08351062 0.16787562 0.236
    endloop
endfacet
facet normal 0 0 0.99999994
    outer loop
        vertex -0.08351062 0.16787562 0.236
        vertex -0.31837827 0.55144733 0.236
        vertex -0.096166365 0.1609605 0.236
    endloop
endfacet
facet normal 0 0 1
    outer loop
        vertex -0.31837827 0.55144733 0.236
        vertex -0.4077996 0.48841697 0.236
        vertex -0.10825318 0.1530931 0.236
    endloop
endfacet
facet normal 0 0 0.99999994
    outer loop
        vertex -0.10825318 0.1530931 0.236
        vertex -0.4077996 0.48841697 0.236
        vertex -0.11969955 0.14432001 0.236
    endloop
endfacet
facet normal 0 0 0.99999994
    outer loop
        vertex -0.11969955 0.14432001 0.236
        vertex -0.4077996 0.48841697 0.236
        vertex -0.13043779 0.13469312 0.236
    endloop
endfacet
facet normal 0 0 0.99999994
    outer loop
        vertex -0.13043779 0.13469312 0.236
        vertex -0.4077996 0.48841697 0.236
        vertex -0.46677563 0.43310446 0.236
    endloop
endfacet
facet normal 0 0 1
    outer loop
        vertex -0.5336457 0.34651694 0.236
        vertex -0.15779145 0.1012823 0.236
        vertex -0.14954025 0.11311041 0.236
    endloop
endfacet
facet normal 0 0 0.99999994
    outer loop
        vertex -0.46677563 0.43310446 0.236
        vertex -0.5336457 0.34651694 0.236
        vertex -0.14954025 0.11311041 0.236
    endloop
endfacet
facet normal 0 0 1
    outer loop
        vertex -0.57369787 0.27627832 0.236
        vertex -0.1714501 0.07590202 0.236
        vertex -0.16510917 0.08885499 0.236
    endloop
endfacet
facet normal 0 0 1
    outer loop
        vertex -0.5336457 0.34651694 0.236
        vertex -0.57369787 0.27627832 0.236
        vertex -0.16510917 0.08885499 0.236
    endloop
endfacet
facet normal -0 0 1
    outer loop
        vertex -0.612075 0.17382735 0.236
        vertex -0.1767767 0.0625 0.236
        vertex -0.57369787 0.27627832 0.236
    endloop
endfacet
facet normal 0 0 1
    outer loop
        vertex -0.57369787 0.27627832 0.236
        vertex -0.1767767 0.0625 0.236
        vertex -0.1714501 0.07590202 0.236
    endloop
endfacet
facet normal 0 0 1
    outer loop
        vertex -0.6296445 0.09490364 0.236
        vertex -0.18557312 0.02681166 0.236
        vertex -0.18205154 0.0448719 0.236
    endloop
endfacet
facet normal 0 0 1
    outer loop
        vertex -0.612075 0.17382735 0.236
        vertex -0.6296445 0.09490364 0.236
        vertex -0.18205154 0.0448719 0.236
    endloop
endfacet
facet normal 0 0 1
    outer loop
        vertex -0.6296445 0.09490364 0.236
        vertex -0.6361187 -0.0143075725 0.236
        vertex -0.18730754 0.0084932055 0.236
    endloop
endfacet
facet normal 0 0 1
    outer loop
        vertex -0.6296445 -0.09490364 0.236
        vertex -0.18536542 -0.028211879 0.236
        vertex -0.18723808 -0.009907042 0.236
    endloop
endfacet
facet normal -0 0 1
    outer loop
        vertex -0.6361187 -0.0143075725 0.236
        vertex -0.6296445 -0.09490364 0.236
        vertex -0.18723808 -0.009907042 0.236
    endloop
endfacet
facet normal -0 0 0.99999994
    outer loop
        vertex -0.6296445 -0.09490364 0.236
        vertex -0.60364044 -0.20117119 0.236
        vertex -0.18170759 -0.04624502 0.236
    endloop
endfacet
facet normal 0 0 1
    outer loop
        vertex -0.57369787 -0.27627832 0.236
        vertex -0.16919418 -0.08080583 0.236
        vertex -0.17629983 -0.0638328 0.236
    endloop
endfacet
facet normal -0 0 1
    outer loop
        vertex -0.60364044 -0.20117119 0.236
        vertex -0.57369787 -0.27627832 0.236
        vertex -0.17629983 -0.0638328 0.236
    endloop
endfacet
facet normal -0 0 0.99999994
    outer loop
        vertex -0.57369787 -0.27627832 0.236
        vertex -0.51752615 -0.37015986 0.236
        vertex -0.1604591 -0.09700066 0.236
    endloop
endfacet
facet normal 0 0 1
    outer loop
        vertex -0.46677563 -0.43310446 0.236
        vertex -0.13845204 -0.12644082 0.236
        vertex -0.15017872 -0.11226131 0.236
    endloop
endfacet
facet normal -0 0 1
    outer loop
        vertex -0.51752615 -0.37015986 0.236
        vertex -0.46677563 -0.43310446 0.236
        vertex -0.15017872 -0.11226131 0.236
    endloop
endfacet
facet normal -0 0 1
    outer loop
        vertex -0.46677563 -0.43310446 0.236
        vertex -0.38542742 -0.50625825 0.236
        vertex -0.12539198 -0.13940266 0.236
    endloop
endfacet
facet normal 0 -0 1
    outer loop
        vertex -0.31837827 -0.55144733 0.236
        vertex -0.0957865 -0.16118684 0.236
        vertex -0.38542742 -0.50625825 0.236
    endloop
endfacet
facet normal 0 0 1
    outer loop
        vertex -0.38542742 -0.50625825 0.236
        vertex -0.0957865 -0.16118684 0.236
        vertex -0.11112434 -0.15102196 0.236
    endloop
endfacet
facet normal -0 0 0.99999994
    outer loop
        vertex -0.31837827 -0.55144733 0.236
        vertex -0.2190817 -0.5973733 0.236
        vertex -0.07952619 -0.16979939 0.236
    endloop
endfacet
facet normal 0 -0 1
    outer loop
        vertex -0.14169167 -0.62079173 0.236
        vertex -0.0448719 -0.18205154 0.236
        vertex -0.2190817 -0.5973733 0.236
    endloop
endfacet
facet normal 0 0 1
    outer loop
        vertex -0.2190817 -0.5973733 0.236
        vertex -0.0448719 -0.18205154 0.236
        vertex -0.0625 -0.1767767 0.236
    endloop
endfacet
facet normal -0 0 1
    outer loop
        vertex -0.14169167 -0.62079173 0.236
        vertex -0.033269644 -0.6354092 0.236
        vertex -0.02681166 -0.18557312 0.236
    endloop
endfacet
facet normal 0 0 1
    outer loop
        vertex 0.047584876 -0.6349761 0.236
        vertex 0.009907042 -0.18723808 0.236
        vertex -0.033269644 -0.6354092 0.236
    endloop
endfacet
facet normal 0 0 1
    outer loop
        vertex -0.033269644 -0.6354092 0.236
        vertex 0.009907042 -0.18723808 0.236
        vertex -0.0084932055 -0.18730754 0.236
    endloop
endfacet
facet normal 0 -0 1
    outer loop
        vertex 0.047584876 -0.6349761 0.236
        vertex 0.15549856 -0.6169861 0.236
        vertex 0.028211879 -0.18536542 0.236
    endloop
endfacet
facet normal 0 0 1
    outer loop
        vertex 0.23263331 -0.59273994 0.236
        vertex 0.0638328 -0.17629983 0.236
        vertex 0.15549856 -0.6169861 0.236
    endloop
endfacet
facet normal 0 0 1
    outer loop
        vertex 0.15549856 -0.6169861 0.236
        vertex 0.0638328 -0.17629983 0.236
        vertex 0.04624502 -0.18170759 0.236
    endloop
endfacet
facet normal 0 -0 1
    outer loop
        vertex 0.23263331 -0.59273994 0.236
        vertex 0.3304501 -0.5437411 0.236
        vertex 0.08080583 -0.16919418 0.236
    endloop
endfacet
facet normal 0 0 1
    outer loop
        vertex 0.39701122 -0.49783632 0.236
        vertex 0.11226131 -0.15017872 0.236
        vertex 0.3304501 -0.5437411 0.236
    endloop
endfacet
facet normal 0 0 1
    outer loop
        vertex 0.3304501 -0.5437411 0.236
        vertex 0.11226131 -0.15017872 0.236
        vertex 0.09700066 -0.1604591 0.236
    endloop
endfacet
facet normal 0 0 0.99999994
    outer loop
        vertex -0.14040434 0.12426935 0.236
        vertex -0.46677563 0.43310446 0.236
        vertex -0.14954025 0.11311041 0.236
    endloop
endfacet
facet normal 0 0 1
    outer loop
        vertex 0.2367767 -0.0625 0.236
        vertex 0.16118684 -0.0957865 0.236
        vertex 0.15102196 -0.11112434 0.236
    endloop
endfacet
facet normal -0 0 1
    outer loop
        vertex 0.2367767 0.0625 0.236
        vertex 0.63675654 -0 0.236
        vertex 0.62688136 0.10895634 0.236
    endloop
endfacet
facet normal 0 0 1
    outer loop
        vertex 0.04624502 -0.18170759 0.236
        vertex 0.028211879 -0.18536542 0.236
        vertex 0.15549856 -0.6169861 0.236
    endloop
endfacet
facet normal 0 0 1
    outer loop
        vertex -0.07952619 -0.16979939 0.236
        vertex -0.2190817 -0.5973733 0.236
        vertex -0.0625 -0.1767767 0.236
    endloop
endfacet
facet normal 0 0 1
    outer loop
        vertex -0.12539198 -0.13940266 0.236
        vertex -0.38542742 -0.50625825 0.236
        vertex -0.11112434 -0.15102196 0.236
    endloop
endfacet
facet normal 0 0 1
    outer loop
        vertex 0.63114613 -0.080660805 0.236
        vertex 0.6084672 -0.1876873 0.236
        vertex 0.6151815 -0.18905662 0.236
    endloop
endfacet
facet normal 0 0 1
    outer loop
        vertex 0.6084672 0.1876873 0.236
        vertex 0.2367767 0.0625 0.236
        vertex 0.62688136 0.10895634 0.236
    endloop
endfacet
facet normal 0 0 1
    outer loop
        vertex 0.6378533 -0.08206496 0.236
        vertex 0.63114613 -0.080660805 0.236
        vertex 0.6151815 -0.18905662 0.236
    endloop
endfacet
facet normal 0 0 0.99999994
    outer loop
        vertex 0.6378533 -0.08206496 0.236
        vertex 0.63312435 -0.080962606 0.236
        vertex 0.63114613 -0.080660805 0.236
    endloop
endfacet
facet normal 0 -0 1
    outer loop
        vertex 0.620158 -0.18982628 0.236
        vertex 0.6378533 -0.08206496 0.236
        vertex 0.6151815 -0.18905662 0.236
    endloop
endfacet
facet normal 0 0 1
    outer loop
        vertex 0.620158 -0.18982628 0.236
        vertex 0.64246285 -0.083243474 0.236
        vertex 0.6378533 -0.08206496 0.236
    endloop
endfacet
facet normal -0 0 1
    outer loop
        vertex 0.620158 -0.18982628 0.236
        vertex 0.6241651 -0.19034249 0.236
        vertex 0.64246285 -0.083243474 0.236
    endloop
endfacet
facet normal 0 0 1
    outer loop
        vertex 0.64246285 -0.083243474 0.236
        vertex 0.6241651 -0.19034249 0.236
        vertex 0.6497738 -0.08535444 0.236
    endloop
endfacet
facet normal 0 0 1
    outer loop
        vertex 0.6497738 -0.08535444 0.236
        vertex 0.6241651 -0.19034249 0.236
        vertex 0.62964845 -0.19095804 0.236
    endloop
endfacet
facet normal 0 0 1
    outer loop
        vertex 0.6547223 -0.08694053 0.236
        vertex 0.6497738 -0.08535444 0.236
        vertex 0.62964845 -0.19095804 0.236
    endloop
endfacet
facet normal 0 -0 1
    outer loop
        vertex 0.63309467 -0.1912839 0.236
        vertex 0.6547223 -0.08694053 0.236
        vertex 0.62964845 -0.19095804 0.236
    endloop
endfacet
facet normal -0 0 1
    outer loop
        vertex 0.63309467 -0.1912839 0.236
        vertex 0.6372943 -0.19150627 0.236
        vertex 0.6547223 -0.08694053 0.236
    endloop
endfacet
facet normal 0 0 1
    outer loop
        vertex 0.6547223 -0.08694053 0.236
        vertex 0.6372943 -0.19150627 0.236
        vertex 0.6575235 -0.08792757 0.236
    endloop
endfacet
facet normal 0 0 1
    outer loop
        vertex 0.6575235 -0.08792757 0.236
        vertex 0.6372943 -0.19150627 0.236
        vertex 0.6425447 -0.19149457 0.236
    endloop
endfacet
facet normal 0 0 1
    outer loop
        vertex 0.6605322 -0.08907515 0.236
        vertex 0.6575235 -0.08792757 0.236
        vertex 0.6425447 -0.19149457 0.236
    endloop
endfacet
facet normal 0 -0 1
    outer loop
        vertex 0.64565676 -0.19136015 0.236
        vertex 0.6605322 -0.08907515 0.236
        vertex 0.6425447 -0.19149457 0.236
    endloop
endfacet
facet normal 0 0 1
    outer loop
        vertex 0.64565676 -0.19136015 0.236
        vertex 0.66374063 -0.09040661 0.236
        vertex 0.6605322 -0.08907515 0.236
    endloop
endfacet
facet normal 0 0 1
    outer loop
        vertex 0.64565676 -0.19136015 0.236
        vertex 0.6491431 -0.19111829 0.236
        vertex 0.66374063 -0.09040661 0.236
    endloop
endfacet
facet normal 0 0 1
    outer loop
        vertex 0.66374063 -0.09040661 0.236
        vertex 0.6491431 -0.19111829 0.236
        vertex 0.66714096 -0.09194534 0.236
    endloop
endfacet
facet normal 0 0 0.99999994
    outer loop
        vertex 0.7088434 -0.11892254 0.236
        vertex 0.7028179 -0.11456529 0.236
        vertex 0.6949662 -0.1833561 0.236
    endloop
endfacet
facet normal 0 0 1
    outer loop
        vertex 0.6871479 -0.18504521 0.236
        vertex 0.6949662 -0.1833561 0.236
        vertex 0.7028179 -0.11456529 0.236
    endloop
endfacet
facet normal 0 0 1
    outer loop
        vertex 0.579331 -0.26311088 0.236
        vertex 0.526113 -0.35869774 0.236
        vertex 0.53212535 -0.36198533 0.236
    endloop
endfacet
facet normal 0 0 1
    outer loop
        vertex 0.2367767 0.0625 0.236
        vertex 0.2367767 -0.0625 0.236
        vertex 0.63675654 -0 0.236
    endloop
endfacet
facet normal 0 0 0.99999994
    outer loop
        vertex 0.5853262 -0.2664296 0.236
        vertex 0.579331 -0.26311088 0.236
        vertex 0.53212535 -0.36198533 0.236
    endloop
endfacet
facet normal 0 0 0.99999994
    outer loop
        vertex 0.5853262 -0.2664296 0.236
        vertex 0.5811323 -0.26398236 0.236
        vertex 0.579331 -0.26311088 0.236
    endloop
endfacet
facet normal 0 -0 1
    outer loop
        vertex 0.5366539 -0.3641876 0.236
        vertex 0.5853262 -0.2664296 0.236
        vertex 0.53212535 -0.36198533 0.236
    endloop
endfacet
facet normal 0 0 1
    outer loop
        vertex 0.5366539 -0.3641876 0.236
        vertex 0.58938354 -0.26891443 0.236
        vertex 0.5853262 -0.2664296 0.236
    endloop
endfacet
facet normal 0 0 1
    outer loop
        vertex 0.6707252 -0.093714744 0.236
        vertex 0.6491431 -0.19111829 0.236
        vertex 0.6530409 -0.19075261 0.236
    endloop
endfacet
facet normal -0 0 1
    outer loop
        vertex 0.5366539 -0.3641876 0.236
        vertex 0.5403308 -0.365862 0.236
        vertex 0.58938354 -0.26891443 0.236
    endloop
endfacet
facet normal 0 0 1
    outer loop
        vertex 0.58938354 -0.26891443 0.236
        vertex 0.5403308 -0.365862 0.236
        vertex 0.59574753 -0.27308658 0.236
    endloop
endfacet
facet normal 0 0 1
    outer loop
        vertex 0.59574753 -0.27308658 0.236
        vertex 0.5403308 -0.365862 0.236
        vertex 0.54538906 -0.36806646 0.236
    endloop
endfacet
facet normal 0 0 1
    outer loop
        vertex 0.6000086 -0.27606076 0.236
        vertex 0.59574753 -0.27308658 0.236
        vertex 0.54538906 -0.36806646 0.236
    endloop
endfacet
facet normal 0 -0 0.99999994
    outer loop
        vertex 0.54858613 -0.36939362 0.236
        vertex 0.6000086 -0.27606076 0.236
        vertex 0.54538906 -0.36806646 0.236
    endloop
endfacet
facet normal -0 0 1
    outer loop
        vertex 0.54858613 -0.36939362 0.236
        vertex 0.5525336 -0.37084395 0.236
        vertex 0.6000086 -0.27606076 0.236
    endloop
endfacet
facet normal 0 0 1
    outer loop
        vertex 0.6000086 -0.27606076 0.236
        vertex 0.5525336 -0.37084395 0.236
        vertex 0.60239446 -0.27782965 0.236
    endloop
endfacet
facet normal 0 0 1
    outer loop
        vertex 0.60239446 -0.27782965 0.236
        vertex 0.5525336 -0.37084395 0.236
        vertex 0.5575541 -0.37238035 0.236
    endloop
endfacet
facet normal 0 0 1
    outer loop
        vertex 0.60493124 -0.27981308 0.236
        vertex 0.60239446 -0.27782965 0.236
        vertex 0.5575541 -0.37238035 0.236
    endloop
endfacet
facet normal 0 -0 1
    outer loop
        vertex 0.5605677 -0.3731692 0.236
        vertex 0.60493124 -0.27981308 0.236
        vertex 0.5575541 -0.37238035 0.236
    endloop
endfacet
facet normal 0 0 1
    outer loop
        vertex 0.5605677 -0.3731692 0.236
        vertex 0.6076047 -0.2820311 0.236
        vertex 0.60493124 -0.27981308 0.236
    endloop
endfacet
facet normal -0 0 1
    outer loop
        vertex 0.5605677 -0.3731692 0.236
        vertex 0.5639704 -0.3739657 0.236
        vertex 0.6076047 -0.2820311 0.236
    endloop
endfacet
facet normal 0 0 1
    outer loop
        vertex 0.6076047 -0.2820311 0.236
        vertex 0.5639704 -0.3739657 0.236
        vertex 0.6104004 -0.28450373 0.236
    endloop
endfacet
facet normal 0 -0 1
    outer loop
        vertex 0.6871479 -0.18504521 0.236
        vertex 0.6972912 -0.110594675 0.236
        vertex 0.6800013 -0.1864963 0.236
    endloop
endfacet
facet normal 0 0 0.99999994
    outer loop
        vertex 0.6871479 -0.18504521 0.236
        vertex 0.7028179 -0.11456529 0.236
        vertex 0.6972912 -0.110594675 0.236
    endloop
endfacet
facet normal 0 0 1
    outer loop
        vertex 0.6902381 -0.10567602 0.236
        vertex 0.6800013 -0.1864963 0.236
        vertex 0.6972912 -0.110594675 0.236
    endloop
endfacet
facet normal 0 0 1
    outer loop
        vertex 0.6902381 -0.10567602 0.236
        vertex 0.6734891 -0.18772568 0.236
        vertex 0.6800013 -0.1864963 0.236
    endloop
endfacet
facet normal 0 0 1
    outer loop
        vertex 0.6902381 -0.10567602 0.236
        vertex 0.66757405 -0.1887497 0.236
        vertex 0.6734891 -0.18772568 0.236
    endloop
endfacet
facet normal 0 0 1
    outer loop
        vertex 0.6902381 -0.10567602 0.236
        vertex 0.6863683 -0.10307551 0.236
        vertex 0.66757405 -0.1887497 0.236
    endloop
endfacet
facet normal 0 0 1
    outer loop
        vertex 0.6823919 -0.10049521 0.236
        vertex 0.66757405 -0.1887497 0.236
        vertex 0.6863683 -0.10307551 0.236
    endloop
endfacet
facet normal 0 0 1
    outer loop
        vertex 0.65738714 -0.19024684 0.236
        vertex 0.67840046 -0.09802086 0.236
        vertex 0.6744857 -0.09573818 0.236
    endloop
endfacet
facet normal 0 -0 1
    outer loop
        vertex 0.66757405 -0.1887497 0.236
        vertex 0.6823919 -0.10049521 0.236
        vertex 0.66221917 -0.18958464 0.236
    endloop
endfacet
facet normal 0 0 1
    outer loop
        vertex 0.65738714 -0.19024684 0.236
        vertex 0.66221917 -0.18958464 0.236
        vertex 0.67840046 -0.09802086 0.236
    endloop
endfacet
facet normal 0 0 1
    outer loop
        vertex 0.67840046 -0.09802086 0.236
        vertex 0.66221917 -0.18958464 0.236
        vertex 0.6823919 -0.10049521 0.236
    endloop
endfacet
facet normal 0 0 1
    outer loop
        vertex 0.6530409 -0.19075261 0.236
        vertex 0.65738714 -0.19024684 0.236
        vertex 0.6744857 -0.09573818 0.236
    endloop
endfacet
facet normal 0 0 1
    outer loop
        vertex 0.6707252 -0.093714744 0.236
        vertex 0.6530409 -0.19075261 0.236
        vertex 0.6744857 -0.09573818 0.236
    endloop
endfacet
facet normal 0 0 0.99999994
    outer loop
        vertex 0.6707252 -0.093714744 0.236
        vertex 0.66714096 -0.09194534 0.236
        vertex 0.6491431 -0.19111829 0.236
    endloop
endfacet
facet normal -0 -0 1
    outer loop
        vertex 0.6105472 -0.18823877 0.236
        vertex 0.6151815 -0.18905662 0.236
        vertex 0.6084672 -0.1876873 0.236
    endloop
endfacet
facet normal -0 0 1
    outer loop
        vertex 0.2367767 -0.0625 0.236
        vertex 0.63114613 -0.080660805 0.236
        vertex 0.63675654 -0 0.236
    endloop
endfacet
facet normal 0 0 1
    outer loop
        vertex 0.4760396 -0.42218238 0.236
        vertex 0.39701122 -0.49783632 0.236
        vertex 0.4017875 -0.50275004 0.236
    endloop
endfacet
facet normal 0 0 1
    outer loop
        vertex 0.63114613 -0.080660805 0.236
        vertex 0.2367767 -0.0625 0.236
        vertex 0.6084672 -0.1876873 0.236
    endloop
endfacet
facet normal 0 0 1
    outer loop
        vertex 0.4807903 -0.4271208 0.236
        vertex 0.4760396 -0.42218238 0.236
        vertex 0.4017875 -0.50275004 0.236
    endloop
endfacet
facet normal 0 0 1
    outer loop
        vertex 0.4807903 -0.4271208 0.236
        vertex 0.47750407 -0.4235461 0.236
        vertex 0.4760396 -0.42218238 0.236
    endloop
endfacet
facet normal 0 -0 1
    outer loop
        vertex 0.40546566 -0.5061893 0.236
        vertex 0.4807903 -0.4271208 0.236
        vertex 0.4017875 -0.50275004 0.236
    endloop
endfacet
facet normal 0 0 1
    outer loop
        vertex 0.40546566 -0.5061893 0.236
        vertex 0.48393497 -0.43069118 0.236
        vertex 0.4807903 -0.4271208 0.236
    endloop
endfacet
facet normal -0 0 0.99999994
    outer loop
        vertex 0.40546566 -0.5061893 0.236
        vertex 0.4084857 -0.5088731 0.236
        vertex 0.48393497 -0.43069118 0.236
    endloop
endfacet
facet normal 0 0 1
    outer loop
        vertex 0.48393497 -0.43069118 0.236
        vertex 0.4084857 -0.5088731 0.236
        vertex 0.48878643 -0.43655375 0.236
    endloop
endfacet
facet normal 0 0 1
    outer loop
        vertex 0.48878643 -0.43655375 0.236
        vertex 0.4084857 -0.5088731 0.236
        vertex 0.41266948 -0.51247054 0.236
    endloop
endfacet
facet normal 0 0 1
    outer loop
        vertex 0.6193689 -0.29362813 0.236
        vertex 0.5769175 -0.37635446 0.236
        vertex 0.62245363 -0.29716903 0.236
    endloop
endfacet
facet normal 0 0 0.99999994
    outer loop
        vertex 0.49198157 -0.4406518 0.236
        vertex 0.48878643 -0.43655375 0.236
        vertex 0.41266948 -0.51247054 0.236
    endloop
endfacet
facet normal 0 -0 1
    outer loop
        vertex 0.4153333 -0.5146811 0.236
        vertex 0.49198157 -0.4406518 0.236
        vertex 0.41266948 -0.51247054 0.236
    endloop
endfacet
facet normal -0 0 1
    outer loop
        vertex 0.4153333 -0.5146811 0.236
        vertex 0.41867793 -0.5172306 0.236
        vertex 0.49198157 -0.4406518 0.236
    endloop
endfacet
facet normal 0 0 1
    outer loop
        vertex 0.49198157 -0.4406518 0.236
        vertex 0.41867793 -0.5172306 0.236
        vertex 0.49374 -0.44304532 0.236
    endloop
endfacet
facet normal 0 0 1
    outer loop
        vertex 0.49374 -0.44304532 0.236
        vertex 0.41867793 -0.5172306 0.236
        vertex 0.42302254 -0.52017856 0.236
    endloop
endfacet
facet normal 0 0 1
    outer loop
        vertex 0.4955795 -0.44568837 0.236
        vertex 0.49374 -0.44304532 0.236
        vertex 0.42302254 -0.52017856 0.236
    endloop
endfacet
facet normal 0 -0 1
    outer loop
        vertex 0.42566967 -0.5218206 0.236
        vertex 0.4955795 -0.44568837 0.236
        vertex 0.42302254 -0.52017856 0.236
    endloop
endfacet
facet normal 0 0 1
    outer loop
        vertex 0.42566967 -0.5218206 0.236
        vertex 0.4974804 -0.44859585 0.236
        vertex 0.4955795 -0.44568837 0.236
    endloop
endfacet
facet normal -0 0 1
    outer loop
        vertex 0.42566967 -0.5218206 0.236
        vertex 0.42868647 -0.52358466 0.236
        vertex 0.4974804 -0.44859585 0.236
    endloop
endfacet
facet normal 0 0 1
    outer loop
        vertex 0.4974804 -0.44859585 0.236
        vertex 0.42868647 -0.52358466 0.236
        vertex 0.49942306 -0.45178267 0.236
    endloop
endfacet
facet normal 0 0 1
    outer loop
        vertex 0.6337142 -0.31121144 0.236
        vertex 0.6284242 -0.3044324 0.236
        vertex 0.59482 -0.3786447 0.236
    endloop
endfacet
facet normal 0 0 1
    outer loop
        vertex 0.5639704 -0.3739657 0.236
        vertex 0.6133039 -0.287251 0.236
        vertex 0.6104004 -0.28450373 0.236
    endloop
endfacet
facet normal 0 0 0.99999994
    outer loop
        vertex 0.6133039 -0.287251 0.236
        vertex 0.5678028 -0.3747652 0.236
        vertex 0.6163008 -0.29029295 0.236
    endloop
endfacet
facet normal -0 0 0.99999994
    outer loop
        vertex 0.5678028 -0.3747652 0.236
        vertex 0.57210505 -0.37556297 0.236
        vertex 0.6163008 -0.29029295 0.236
    endloop
endfacet
facet normal -0 0 0.99999994
    outer loop
        vertex 0.5822807 -0.37713498 0.236
        vertex 0.5882347 -0.37789994 0.236
        vertex 0.6284242 -0.3044324 0.236
    endloop
endfacet
facet normal 0 0 1
    outer loop
        vertex 0.6254929 -0.3008068 0.236
        vertex 0.5822807 -0.37713498 0.236
        vertex 0.6284242 -0.3044324 0.236
    endloop
endfacet
facet normal 0 0 1
    outer loop
        vertex 0.6193689 -0.29362813 0.236
        vertex 0.57210505 -0.37556297 0.236
        vertex 0.5769175 -0.37635446 0.236
    endloop
endfacet
facet normal 0 0 1
    outer loop
        vertex 0.62245363 -0.29716903 0.236
        vertex 0.5769175 -0.37635446 0.236
        vertex 0.5822807 -0.37713498 0.236
    endloop
endfacet
facet normal 0 0 1
    outer loop
        vertex 0.57210505 -0.37556297 0.236
        vertex 0.6193689 -0.29362813 0.236
        vertex 0.6163008 -0.29029295 0.236
    endloop
endfacet
facet normal 0 0 1
    outer loop
        vertex 0.53212535 -0.36198533 0.236
        vertex 0.526113 -0.35869774 0.236
        vertex 0.52793795 -0.35983783 0.236
    endloop
endfacet
facet normal 0 -0 1
    outer loop
        vertex 0.579331 -0.26311088 0.236
        vertex 0.6084672 -0.1876873 0.236
        vertex 0.2367767 -0.0625 0.236
    endloop
endfacet
facet normal 0 0 1
    outer loop
        vertex 0.49942306 -0.45178267 0.236
        vertex 0.42868647 -0.52358466 0.236
        vertex 0.50138783 -0.45526373 0.236
    endloop
endfacet
facet normal 0 0 1
    outer loop
        vertex 0.5186825 -0.49756414 0.236
        vertex 0.51615846 -0.49056968 0.236
        vertex 0.47091982 -0.5429843 0.236
    endloop
endfacet
facet normal 0 0 1
    outer loop
        vertex 0.51615846 -0.49056968 0.236
        vertex 0.5138288 -0.4841757 0.236
        vertex 0.46350858 -0.5399757 0.236
    endloop
endfacet
facet normal 0 -0 1
    outer loop
        vertex 0.46350858 -0.5399757 0.236
        vertex 0.5138288 -0.4841757 0.236
        vertex 0.45678633 -0.53714883 0.236
    endloop
endfacet
facet normal 0 0 1
    outer loop
        vertex 0.45678633 -0.53714883 0.236
        vertex 0.5138288 -0.4841757 0.236
        vertex 0.5107721 -0.4761386 0.236
    endloop
endfacet
facet normal -0 0 1
    outer loop
        vertex 0.45071313 -0.5344961 0.236
        vertex 0.45678633 -0.53714883 0.236
        vertex 0.5107721 -0.4761386 0.236
    endloop
endfacet
facet normal 0 0 1
    outer loop
        vertex 0.3304501 -0.5437411 0.236
        vertex 0.23263331 -0.59273994 0.236
        vertex 0.235749 -0.59884316 0.236
    endloop
endfacet
facet normal 0 0 1
    outer loop
        vertex 0.579331 -0.26311088 0.236
        vertex 0.2367767 -0.0625 0.236
        vertex 0.526113 -0.35869774 0.236
    endloop
endfacet
facet normal 0 0 1
    outer loop
        vertex 0.33353403 -0.5498604 0.236
        vertex 0.3304501 -0.5437411 0.236
        vertex 0.235749 -0.59884316 0.236
    endloop
endfacet
facet normal 0 0 0.99999994
    outer loop
        vertex 0.33353403 -0.5498604 0.236
        vertex 0.33144748 -0.5454759 0.236
        vertex 0.3304501 -0.5437411 0.236
    endloop
endfacet
facet normal 0 -0 1
    outer loop
        vertex 0.23825005 -0.60321385 0.236
        vertex 0.33353403 -0.5498604 0.236
        vertex 0.235749 -0.59884316 0.236
    endloop
endfacet
facet normal 0 0 1
    outer loop
        vertex 0.23825005 -0.60321385 0.236
        vertex 0.33548665 -0.5541991 0.236
        vertex 0.33353403 -0.5498604 0.236
    endloop
endfacet
facet normal -0 0 1
    outer loop
        vertex 0.23825005 -0.60321385 0.236
        vertex 0.24034485 -0.60666853 0.236
        vertex 0.33548665 -0.5541991 0.236
    endloop
endfacet
facet normal 0 0 1
    outer loop
        vertex 0.33548665 -0.5541991 0.236
        vertex 0.24034485 -0.60666853 0.236
        vertex 0.33839455 -0.56123126 0.236
    endloop
endfacet
facet normal 0 0 1
    outer loop
        vertex 0.33839455 -0.56123126 0.236
        vertex 0.24034485 -0.60666853 0.236
        vertex 0.24328238 -0.6113394 0.236
    endloop
endfacet
facet normal 0 0 1
    outer loop
        vertex 0.3402398 -0.566089 0.236
        vertex 0.33839455 -0.56123126 0.236
        vertex 0.24328238 -0.6113394 0.236
    endloop
endfacet
facet normal 0 -0 1
    outer loop
        vertex 0.2451763 -0.6142369 0.236
        vertex 0.3402398 -0.566089 0.236
        vertex 0.24328238 -0.6113394 0.236
    endloop
endfacet
facet normal -0 0 1
    outer loop
        vertex 0.2451763 -0.6142369 0.236
        vertex 0.24762087 -0.6176589 0.236
        vertex 0.3402398 -0.566089 0.236
    endloop
endfacet
facet normal 0 0 0.99999994
    outer loop
        vertex 0.3402398 -0.566089 0.236
        vertex 0.24762087 -0.6176589 0.236
        vertex 0.34121463 -0.56889445 0.236
    endloop
endfacet
facet normal 0 0 1
    outer loop
        vertex 0.34121463 -0.56889445 0.236
        vertex 0.24762087 -0.6176589 0.236
        vertex 0.25090355 -0.62175655 0.236
    endloop
endfacet
facet normal 0 0 1
    outer loop
        vertex 0.34219337 -0.57196236 0.236
        vertex 0.34121463 -0.56889445 0.236
        vertex 0.25090355 -0.62175655 0.236
    endloop
endfacet
facet normal 0 -0 1
    outer loop
        vertex 0.25294903 -0.6241059 0.236
        vertex 0.34219337 -0.57196236 0.236
        vertex 0.25090355 -0.62175655 0.236
    endloop
endfacet
facet normal 0 0 1
    outer loop
        vertex 0.25294903 -0.6241059 0.236
        vertex 0.3431528 -0.57530093 0.236
        vertex 0.34219337 -0.57196236 0.236
    endloop
endfacet
facet normal -0 0 1
    outer loop
        vertex 0.25294903 -0.6241059 0.236
        vertex 0.25531185 -0.62668085 0.236
        vertex 0.3431528 -0.57530093 0.236
    endloop
endfacet
facet normal 0 0 0.99999994
    outer loop
        vertex 0.3431528 -0.57530093 0.236
        vertex 0.25531185 -0.62668085 0.236
        vertex 0.34406978 -0.57891876 0.236
    endloop
endfacet
facet normal 0 -0 1
    outer loop
        vertex 0.4452491 -0.5320102 0.236
        vertex 0.50720763 -0.46743807 0.236
        vertex 0.44035432 -0.52968353 0.236
    endloop
endfacet
facet normal 0 0 1
    outer loop
        vertex 0.2367767 -0.0625 0.236
        vertex 0.4760396 -0.42218238 0.236
        vertex 0.526113 -0.35869774 0.236
    endloop
endfacet
facet normal 0 0 1
    outer loop
        vertex 0.50138783 -0.45526373 0.236
        vertex 0.43211293 -0.52547824 0.236
        vertex 0.50335497 -0.45905393 0.236
    endloop
endfacet
facet normal 0 0 1
    outer loop
        vertex 0.34492123 -0.5828243 0.236
        vertex 0.34406978 -0.57891876 0.236
        vertex 0.25531185 -0.62668085 0.236
    endloop
endfacet
facet normal 0 0 1
    outer loop
        vertex 0.34862906 -0.6209155 0.236
        vertex 0.28995076 -0.6576671 0.236
        vertex 0.34897926 -0.6283431 0.236
    endloop
endfacet
facet normal 0 0 1
    outer loop
        vertex 0.34862906 -0.6209155 0.236
        vertex 0.28375554 -0.65260774 0.236
        vertex 0.28995076 -0.6576671 0.236
    endloop
endfacet
facet normal 0 0 1
    outer loop
        vertex 0.34862906 -0.6209155 0.236
        vertex 0.34828755 -0.6141189 0.236
        vertex 0.28375554 -0.65260774 0.236
    endloop
endfacet
facet normal 0 -0 1
    outer loop
        vertex 0.28375554 -0.65260774 0.236
        vertex 0.34828755 -0.6141189 0.236
        vertex 0.2781652 -0.6479249 0.236
    endloop
endfacet
facet normal 0 0 1
    outer loop
        vertex 0.2781652 -0.6479249 0.236
        vertex 0.34828755 -0.6141189 0.236
        vertex 0.3477356 -0.6055378 0.236
    endloop
endfacet
facet normal 0 0 0.99999994
    outer loop
        vertex 0.3456838 -0.5870259 0.236
        vertex 0.34492123 -0.5828243 0.236
        vertex 0.2580279 -0.6295002 0.236
    endloop
endfacet
facet normal 0 0 1
    outer loop
        vertex 0.3477356 -0.6055378 0.236
        vertex 0.2731437 -0.6436 0.236
        vertex 0.2781652 -0.6479249 0.236
    endloop
endfacet
facet normal 0 -0 1
    outer loop
        vertex 0.26113322 -0.63258296 0.236
        vertex 0.3456838 -0.5870259 0.236
        vertex 0.2580279 -0.6295002 0.236
    endloop
endfacet
facet normal 0 -0 0.99999994
    outer loop
        vertex 0.2731437 -0.6436 0.236
        vertex 0.3477356 -0.6055378 0.236
        vertex 0.26865518 -0.6396139 0.236
    endloop
endfacet
facet normal 0 0 1
    outer loop
        vertex 0.26865518 -0.6396139 0.236
        vertex 0.3477356 -0.6055378 0.236
        vertex 0.34735596 -0.6008909 0.236
    endloop
endfacet
facet normal 0 0 0.99999994
    outer loop
        vertex 0.34689406 -0.5961732 0.236
        vertex 0.26865518 -0.6396139 0.236
        vertex 0.34735596 -0.6008909 0.236
    endloop
endfacet
facet normal 0 0 1
    outer loop
        vertex 0.34689406 -0.5961732 0.236
        vertex 0.26466367 -0.6359479 0.236
        vertex 0.26865518 -0.6396139 0.236
    endloop
endfacet
facet normal 0 0 1
    outer loop
        vertex 0.34689406 -0.5961732 0.236
        vertex 0.34633997 -0.5915098 0.236
        vertex 0.26466367 -0.6359479 0.236
    endloop
endfacet
facet normal 0 -0 0.99999994
    outer loop
        vertex 0.26466367 -0.6359479 0.236
        vertex 0.34633997 -0.5915098 0.236
        vertex 0.26113322 -0.63258296 0.236
    endloop
endfacet
facet normal 0 0 0.99999994
    outer loop
        vertex 0.34492123 -0.5828243 0.236
        vertex 0.25531185 -0.62668085 0.236
        vertex 0.2580279 -0.6295002 0.236
    endloop
endfacet
facet normal 0 0 1
    outer loop
        vertex 0.15549856 -0.6169861 0.236
        vertex 0.047584876 -0.6349761 0.236
        vertex 0.048763216 -0.6417265 0.236
    endloop
endfacet
facet normal 0 0 1
    outer loop
        vertex 0.2367767 -0.0625 0.236
        vertex 0.16979939 -0.07952619 0.236
        vertex 0.16118684 -0.0957865 0.236
    endloop
endfacet
facet normal 0 0 1
    outer loop
        vertex 0.15664186 -0.6237426 0.236
        vertex 0.15549856 -0.6169861 0.236
        vertex 0.048763216 -0.6417265 0.236
    endloop
endfacet
facet normal 0 0 1
    outer loop
        vertex 0.15664186 -0.6237426 0.236
        vertex 0.15594035 -0.61893785 0.236
        vertex 0.15549856 -0.6169861 0.236
    endloop
endfacet
facet normal 0 -0 0.99999994
    outer loop
        vertex 0.049864873 -0.6466401 0.236
        vertex 0.15664186 -0.6237426 0.236
        vertex 0.048763216 -0.6417265 0.236
    endloop
endfacet
facet normal 0 0 1
    outer loop
        vertex 0.049864873 -0.6466401 0.236
        vertex 0.15722887 -0.62846404 0.236
        vertex 0.15664186 -0.6237426 0.236
    endloop
endfacet
facet normal -0 0 0.99999994
    outer loop
        vertex 0.049864873 -0.6466401 0.236
        vertex 0.050848316 -0.6505589 0.236
        vertex 0.15722887 -0.62846404 0.236
    endloop
endfacet
facet normal 0 0 1
    outer loop
        vertex 0.15722887 -0.62846404 0.236
        vertex 0.050848316 -0.6505589 0.236
        vertex 0.15793481 -0.6360408 0.236
    endloop
endfacet
facet normal 0 0 1
    outer loop
        vertex 0.15793481 -0.6360408 0.236
        vertex 0.050848316 -0.6505589 0.236
        vertex 0.052278586 -0.655888 0.236
    endloop
endfacet
facet normal 0 0 1
    outer loop
        vertex 0.15826625 -0.64122665 0.236
        vertex 0.15793481 -0.6360408 0.236
        vertex 0.052278586 -0.655888 0.236
    endloop
endfacet
facet normal 0 -0 1
    outer loop
        vertex 0.0532343 -0.65921503 0.236
        vertex 0.15826625 -0.64122665 0.236
        vertex 0.052278586 -0.655888 0.236
    endloop
endfacet
facet normal -0 0 1
    outer loop
        vertex 0.0532343 -0.65921503 0.236
        vertex 0.054561596 -0.66320556 0.236
        vertex 0.15826625 -0.64122665 0.236
    endloop
endfacet
facet normal 0 0 1
    outer loop
        vertex 0.15826625 -0.64122665 0.236
        vertex 0.054561596 -0.66320556 0.236
        vertex 0.15837082 -0.6441949 0.236
    endloop
endfacet
facet normal 0 0 1
    outer loop
        vertex 0.15837082 -0.6441949 0.236
        vertex 0.054561596 -0.66320556 0.236
        vertex 0.05649065 -0.6680888 0.236
    endloop
endfacet
facet normal 0 0 1
    outer loop
        vertex 0.1584018 -0.6474149 0.236
        vertex 0.15837082 -0.6441949 0.236
        vertex 0.05649065 -0.6680888 0.236
    endloop
endfacet
facet normal 0 -0 1
    outer loop
        vertex 0.057752766 -0.67093664 0.236
        vertex 0.1584018 -0.6474149 0.236
        vertex 0.05649065 -0.6680888 0.236
    endloop
endfacet
facet normal 0 0 1
    outer loop
        vertex 0.057752766 -0.67093664 0.236
        vertex 0.15833455 -0.650888 0.236
        vertex 0.1584018 -0.6474149 0.236
    endloop
endfacet
facet normal -0 0 1
    outer loop
        vertex 0.057752766 -0.67093664 0.236
        vertex 0.059251633 -0.6740936 0.236
        vertex 0.15833455 -0.650888 0.236
    endloop
endfacet
facet normal 0 0 1
    outer loop
        vertex 0.15833455 -0.650888 0.236
        vertex 0.059251633 -0.6740936 0.236
        vertex 0.15814444 -0.6546154 0.236
    endloop
endfacet
facet normal 0 0 1
    outer loop
        vertex 0.34633997 -0.5915098 0.236
        vertex 0.3456838 -0.5870259 0.236
        vertex 0.26113322 -0.63258296 0.236
    endloop
endfacet
facet normal 0 0 1
    outer loop
        vertex 0.2367767 -0.0625 0.236
        vertex 0.1767767 -0.0625 0.236
        vertex 0.16979939 -0.07952619 0.236
    endloop
endfacet
facet normal 0 0 1
    outer loop
        vertex 0.15814444 -0.6546154 0.236
        vertex 0.059251633 -0.6740936 0.236
        vertex 0.15780686 -0.6585983 0.236
    endloop
endfacet
facet normal 0 0 1
    outer loop
        vertex 0.08321826 -0.71391326 0.236
        vertex 0.14826772 -0.70329106 0.236
        vertex 0.1501224 -0.69609016 0.236
    endloop
endfacet
facet normal -0 0 1
    outer loop
        vertex 0.0787896 -0.7072526 0.236
        vertex 0.08321826 -0.71391326 0.236
        vertex 0.1501224 -0.69609016 0.236
    endloop
endfacet
facet normal -0 0 1
    outer loop
        vertex 0.07482786 -0.7011301 0.236
        vertex 0.0787896 -0.7072526 0.236
        vertex 0.1517994 -0.68949485 0.236
    endloop
endfacet
facet normal 0 0 1
    outer loop
        vertex 0.15380126 -0.6811324 0.236
        vertex 0.07482786 -0.7011301 0.236
        vertex 0.1517994 -0.68949485 0.236
    endloop
endfacet
facet normal 0 0 1
    outer loop
        vertex 0.061016023 -0.67758834 0.236
        vertex 0.15729712 -0.6628381 0.236
        vertex 0.15780686 -0.6585983 0.236
    endloop
endfacet
facet normal 0 -0 1
    outer loop
        vertex 0.07482786 -0.7011301 0.236
        vertex 0.15380126 -0.6811324 0.236
        vertex 0.07130427 -0.6955172 0.236
    endloop
endfacet
facet normal -0 0 1
    outer loop
        vertex 0.061016023 -0.67758834 0.236
        vertex 0.06307471 -0.6814494 0.236
        vertex 0.15729712 -0.6628381 0.236
    endloop
endfacet
facet normal -0 0 1
    outer loop
        vertex 0.06819006 -0.69038516 0.236
        vertex 0.07130427 -0.6955172 0.236
        vertex 0.15380126 -0.6811324 0.236
    endloop
endfacet
facet normal 0 0 1
    outer loop
        vertex 0.15480821 -0.67657995 0.236
        vertex 0.06819006 -0.69038516 0.236
        vertex 0.15380126 -0.6811324 0.236
    endloop
endfacet
facet normal 0 -0 0.99999994
    outer loop
        vertex 0.15480821 -0.67657995 0.236
        vertex 0.1557574 -0.67193574 0.236
        vertex 0.06819006 -0.69038516 0.236
    endloop
endfacet
facet normal 0 -0 1
    outer loop
        vertex 0.06819006 -0.69038516 0.236
        vertex 0.1557574 -0.67193574 0.236
        vertex 0.065456465 -0.6857055 0.236
    endloop
endfacet
facet normal 0 0 1
    outer loop
        vertex 0.065456465 -0.6857055 0.236
        vertex 0.1557574 -0.67193574 0.236
        vertex 0.15660247 -0.66731626 0.236
    endloop
endfacet
facet normal -0 0 0.99999994
    outer loop
        vertex 0.06307471 -0.6814494 0.236
        vertex 0.065456465 -0.6857055 0.236
        vertex 0.15660247 -0.66731626 0.236
    endloop
endfacet
facet normal 0 0 1
    outer loop
        vertex 0.15729712 -0.6628381 0.236
        vertex 0.06307471 -0.6814494 0.236
        vertex 0.15660247 -0.66731626 0.236
    endloop
endfacet
facet normal -0 -0 1
    outer loop
        vertex 0.047831416 -0.63711375 0.236
        vertex 0.048763216 -0.6417265 0.236
        vertex 0.047584876 -0.6349761 0.236
    endloop
endfacet
facet normal -0 0 1
    outer loop
        vertex 0.059251633 -0.6740936 0.236
        vertex 0.061016023 -0.67758834 0.236
        vertex 0.15780686 -0.6585983 0.236
    endloop
endfacet
facet normal 0 0 1
    outer loop
        vertex 0.2367767 -0.0625 0.236
        vertex 0.13940266 -0.12539198 0.236
        vertex 0.4760396 -0.42218238 0.236
    endloop
endfacet
facet normal 0 0 0.99999994
    outer loop
        vertex 0.0787896 -0.7072526 0.236
        vertex 0.1501224 -0.69609016 0.236
        vertex 0.1517994 -0.68949485 0.236
    endloop
endfacet
facet normal 0 0 1
    outer loop
        vertex -0.033269644 -0.6354092 0.236
        vertex -0.14169167 -0.62079173 0.236
        vertex -0.1425554 -0.6275896 0.236
    endloop
endfacet
facet normal 0 0 1
    outer loop
        vertex 0.2367767 -0.0625 0.236
        vertex 0.15102196 -0.11112434 0.236
        vertex 0.13940266 -0.12539198 0.236
    endloop
endfacet
facet normal 0 -0 1
    outer loop
        vertex -0.03416865 -0.64220244 0.236
        vertex -0.033269644 -0.6354092 0.236
        vertex -0.1425554 -0.6275896 0.236
    endloop
endfacet
facet normal 0 0 1
    outer loop
        vertex -0.03416865 -0.64220244 0.236
        vertex -0.033422768 -0.6374044 0.236
        vertex -0.033269644 -0.6354092 0.236
    endloop
endfacet
facet normal -0 0 1
    outer loop
        vertex -0.14295103 -0.63260967 0.236
        vertex -0.03416865 -0.64220244 0.236
        vertex -0.1425554 -0.6275896 0.236
    endloop
endfacet
facet normal 0 0 1
    outer loop
        vertex -0.14295103 -0.63260967 0.236
        vertex -0.034999397 -0.6468872 0.236
        vertex -0.03416865 -0.64220244 0.236
    endloop
endfacet
facet normal 0 0 1
    outer loop
        vertex -0.14295103 -0.63260967 0.236
        vertex -0.14316632 -0.6366441 0.236
        vertex -0.034999397 -0.6468872 0.236
    endloop
endfacet
facet normal 0 0 1
    outer loop
        vertex -0.034999397 -0.6468872 0.236
        vertex -0.14316632 -0.6366441 0.236
        vertex -0.036558114 -0.65433544 0.236
    endloop
endfacet
facet normal 0 0 1
    outer loop
        vertex -0.036558114 -0.65433544 0.236
        vertex -0.14316632 -0.6366441 0.236
        vertex -0.14337039 -0.64215815 0.236
    endloop
endfacet
facet normal 0 -0 0.99999994
    outer loop
        vertex -0.03776997 -0.65938854 0.236
        vertex -0.036558114 -0.65433544 0.236
        vertex -0.14337039 -0.64215815 0.236
    endloop
endfacet
facet normal -0 0 0.99999994
    outer loop
        vertex -0.1434378 -0.64561903 0.236
        vertex -0.03776997 -0.65938854 0.236
        vertex -0.14337039 -0.64215815 0.236
    endloop
endfacet
facet normal 0 0 1
    outer loop
        vertex -0.1434378 -0.64561903 0.236
        vertex -0.1433457 -0.6498236 0.236
        vertex -0.03776997 -0.65938854 0.236
    endloop
endfacet
facet normal 0 0 1
    outer loop
        vertex -0.03776997 -0.65938854 0.236
        vertex -0.1433457 -0.6498236 0.236
        vertex -0.038544927 -0.6622557 0.236
    endloop
endfacet
facet normal 0 0 1
    outer loop
        vertex -0.038544927 -0.6622557 0.236
        vertex -0.1433457 -0.6498236 0.236
        vertex -0.14294168 -0.6550583 0.236
    endloop
endfacet
facet normal 0 -0 1
    outer loop
        vertex -0.039464436 -0.66534185 0.236
        vertex -0.038544927 -0.6622557 0.236
        vertex -0.14294168 -0.6550583 0.236
    endloop
endfacet
facet normal -0 -0 1
    outer loop
        vertex -0.14257509 -0.65815175 0.236
        vertex -0.039464436 -0.66534185 0.236
        vertex -0.14294168 -0.6550583 0.236
    endloop
endfacet
facet normal 0 0 1
    outer loop
        vertex -0.14257509 -0.65815175 0.236
        vertex -0.04055241 -0.6686408 0.236
        vertex -0.039464436 -0.66534185 0.236
    endloop
endfacet
facet normal 0 0 1
    outer loop
        vertex -0.14257509 -0.65815175 0.236
        vertex -0.14207335 -0.6616103 0.236
        vertex -0.04055241 -0.6686408 0.236
    endloop
endfacet
facet normal 0 0 1
    outer loop
        vertex -0.04055241 -0.6686408 0.236
        vertex -0.14207335 -0.6616103 0.236
        vertex -0.04183274 -0.67214656 0.236
    endloop
endfacet
facet normal 0 0 1
    outer loop
        vertex -0.04183274 -0.67214656 0.236
        vertex -0.14207335 -0.6616103 0.236
        vertex -0.04332934 -0.6758531 0.236
    endloop
endfacet
facet normal 0 -0 1
    outer loop
        vertex -0.065618075 -0.7157484 0.236
        vertex -0.06172329 -0.7094141 0.236
        vertex -0.13090852 -0.7067251 0.236
    endloop
endfacet
facet normal -0 -0 1
    outer loop
        vertex -0.13090852 -0.7067251 0.236
        vertex -0.06172329 -0.7094141 0.236
        vertex -0.13317716 -0.69905496 0.236
    endloop
endfacet
facet normal 0 0 1
    outer loop
        vertex -0.13317716 -0.69905496 0.236
        vertex -0.06172329 -0.7094141 0.236
        vertex -0.058176797 -0.7036062 0.236
    endloop
endfacet
facet normal 0 0 1
    outer loop
        vertex -0.13515826 -0.69203675 0.236
        vertex -0.13317716 -0.69905496 0.236
        vertex -0.058176797 -0.7036062 0.236
    endloop
endfacet
facet normal 0 0 1
    outer loop
        vertex -0.053798966 -0.69620526 0.236
        vertex -0.13515826 -0.69203675 0.236
        vertex -0.058176797 -0.7036062 0.236
    endloop
endfacet
facet normal 0 0 1
    outer loop
        vertex -0.14141741 -0.6654698 0.236
        vertex -0.045066103 -0.67975414 0.236
        vertex -0.04332934 -0.6758531 0.236
    endloop
endfacet
facet normal -0 -0 1
    outer loop
        vertex -0.13515826 -0.69203675 0.236
        vertex -0.053798966 -0.69620526 0.236
        vertex -0.13687088 -0.6856346 0.236
    endloop
endfacet
facet normal 0 0 1
    outer loop
        vertex -0.14141741 -0.6654698 0.236
        vertex -0.14058827 -0.6697661 0.236
        vertex -0.045066103 -0.67975414 0.236
    endloop
endfacet
facet normal 0 0 1
    outer loop
        vertex -0.13833404 -0.67981267 0.236
        vertex -0.13687088 -0.6856346 0.236
        vertex -0.053798966 -0.69620526 0.236
    endloop
endfacet
facet normal 0 -0 1
    outer loop
        vertex -0.051494922 -0.69215196 0.236
        vertex -0.049219 -0.6879938 0.236
        vertex -0.13833404 -0.67981267 0.236
    endloop
endfacet
facet normal 0 -0 1
    outer loop
        vertex -0.049219 -0.6879938 0.236
        vertex -0.04704984 -0.6838286 0.236
        vertex -0.13956682 -0.67453516 0.236
    endloop
endfacet
facet normal -0 -0 1
    outer loop
        vertex -0.13833404 -0.67981267 0.236
        vertex -0.049219 -0.6879938 0.236
        vertex -0.13956682 -0.67453516 0.236
    endloop
endfacet
facet normal -0 -0 1
    outer loop
        vertex -0.13956682 -0.67453516 0.236
        vertex -0.04704984 -0.6838286 0.236
        vertex -0.14058827 -0.6697661 0.236
    endloop
endfacet
facet normal 0 0 0.99999994
    outer loop
        vertex -0.14058827 -0.6697661 0.236
        vertex -0.04704984 -0.6838286 0.236
        vertex -0.045066103 -0.67975414 0.236
    endloop
endfacet
facet normal -0 -0 0.99999994
    outer loop
        vertex -0.14141741 -0.6654698 0.236
        vertex -0.04332934 -0.6758531 0.236
        vertex -0.14207335 -0.6616103 0.236
    endloop
endfacet
facet normal -0 0 1
    outer loop
        vertex -0.14208616 -0.6229071 0.236
        vertex -0.1425554 -0.6275896 0.236
        vertex -0.14169167 -0.62079173 0.236
    endloop
endfacet
facet normal 0 0 1
    outer loop
        vertex -0.2190817 -0.5973733 0.236
        vertex -0.31837827 -0.55144733 0.236
        vertex -0.32120737 -0.5576886 0.236
    endloop
endfacet
facet normal -0 0 1
    outer loop
        vertex 0.12644082 -0.13845204 0.236
        vertex 0.4760396 -0.42218238 0.236
        vertex 0.13940266 -0.12539198 0.236
    endloop
endfacet
facet normal 0 -0 1
    outer loop
        vertex -0.22194314 -0.6035998 0.236
        vertex -0.2190817 -0.5973733 0.236
        vertex -0.32120737 -0.5576886 0.236
    endloop
endfacet
facet normal 0 0 0.99999994
    outer loop
        vertex -0.22194314 -0.6035998 0.236
        vertex -0.21981612 -0.59923476 0.236
        vertex -0.2190817 -0.5973733 0.236
    endloop
endfacet
facet normal -0 0 1
    outer loop
        vertex -0.3230651 -0.56236905 0.236
        vertex -0.22194314 -0.6035998 0.236
        vertex -0.32120737 -0.5576886 0.236
    endloop
endfacet
facet normal 0 0 1
    outer loop
        vertex -0.3230651 -0.56236905 0.236
        vertex -0.22411782 -0.60783154 0.236
        vertex -0.22194314 -0.6035998 0.236
    endloop
endfacet
facet normal 0 0 1
    outer loop
        vertex -0.3230651 -0.56236905 0.236
        vertex -0.32446 -0.5661608 0.236
        vertex -0.22411782 -0.60783154 0.236
    endloop
endfacet
facet normal 0 0 0.99999994
    outer loop
        vertex -0.22411782 -0.60783154 0.236
        vertex -0.32446 -0.5661608 0.236
        vertex -0.2278027 -0.61448944 0.236
    endloop
endfacet
facet normal 0 0 0.99999994
    outer loop
        vertex -0.2278027 -0.61448944 0.236
        vertex -0.32446 -0.5661608 0.236
        vertex -0.3262803 -0.5713697 0.236
    endloop
endfacet
facet normal 0 -0 1
    outer loop
        vertex -0.23045014 -0.61896086 0.236
        vertex -0.2278027 -0.61448944 0.236
        vertex -0.3262803 -0.5713697 0.236
    endloop
endfacet
facet normal -0 0 1
    outer loop
        vertex -0.32736483 -0.574657 0.236
        vertex -0.23045014 -0.61896086 0.236
        vertex -0.3262803 -0.5713697 0.236
    endloop
endfacet
facet normal 0 0 1
    outer loop
        vertex -0.32736483 -0.574657 0.236
        vertex -0.32851613 -0.57870185 0.236
        vertex -0.23045014 -0.61896086 0.236
    endloop
endfacet
facet normal 0 0 1
    outer loop
        vertex -0.23045014 -0.61896086 0.236
        vertex -0.32851613 -0.57870185 0.236
        vertex -0.23203579 -0.62147224 0.236
    endloop
endfacet
facet normal 0 0 1
    outer loop
        vertex -0.23203579 -0.62147224 0.236
        vertex -0.32851613 -0.57870185 0.236
        vertex -0.32967305 -0.58382314 0.236
    endloop
endfacet
facet normal 0 -0 1
    outer loop
        vertex -0.2338241 -0.62415016 0.236
        vertex -0.23203579 -0.62147224 0.236
        vertex -0.32967305 -0.58382314 0.236
    endloop
endfacet
facet normal -0 0 1
    outer loop
        vertex -0.33023453 -0.5868872 0.236
        vertex -0.2338241 -0.62415016 0.236
        vertex -0.32967305 -0.58382314 0.236
    endloop
endfacet
facet normal 0 0 1
    outer loop
        vertex -0.33023453 -0.5868872 0.236
        vertex -0.23583612 -0.6269819 0.236
        vertex -0.2338241 -0.62415016 0.236
    endloop
endfacet
facet normal 0 0 1
    outer loop
        vertex -0.33023453 -0.5868872 0.236
        vertex -0.33077446 -0.59033996 0.236
        vertex -0.23583612 -0.6269819 0.236
    endloop
endfacet
facet normal 0 0 1
    outer loop
        vertex -0.23583612 -0.6269819 0.236
        vertex -0.33077446 -0.59033996 0.236
        vertex -0.23809291 -0.6299546 0.236
    endloop
endfacet
facet normal 0 0 1
    outer loop
        vertex -0.051494922 -0.69215196 0.236
        vertex -0.13833404 -0.67981267 0.236
        vertex -0.053798966 -0.69620526 0.236
    endloop
endfacet
facet normal 0 -0 0.99999994
    outer loop
        vertex -0.24061553 -0.6330552 0.236
        vertex -0.23809291 -0.6299546 0.236
        vertex -0.33077446 -0.59033996 0.236
    endloop
endfacet
facet normal 0 0 0.99999994
    outer loop
        vertex 0.4760396 -0.42218238 0.236
        vertex 0.12644082 -0.13845204 0.236
        vertex 0.39701122 -0.49783632 0.236
    endloop
endfacet
facet normal 0 0 0.99999994
    outer loop
        vertex -0.2680846 -0.6597036 0.236
        vertex -0.3334035 -0.63674134 0.236
        vertex -0.27367342 -0.66460854 0.236
    endloop
endfacet
facet normal 0 0 1
    outer loop
        vertex -0.2680846 -0.6597036 0.236
        vertex -0.3333105 -0.6287433 0.236
        vertex -0.3334035 -0.63674134 0.236
    endloop
endfacet
facet normal 0 -0 1
    outer loop
        vertex -0.2680846 -0.6597036 0.236
        vertex -0.26298374 -0.655199 0.236
        vertex -0.3333105 -0.6287433 0.236
    endloop
endfacet
facet normal -0 0 1
    outer loop
        vertex -0.3333105 -0.6287433 0.236
        vertex -0.26298374 -0.655199 0.236
        vertex -0.33313498 -0.6214529 0.236
    endloop
endfacet
facet normal 0 0 1
    outer loop
        vertex -0.33313498 -0.6214529 0.236
        vertex -0.26298374 -0.655199 0.236
        vertex -0.25661895 -0.64941734 0.236
    endloop
endfacet
facet normal 0 -0 0.99999994
    outer loop
        vertex -0.24342501 -0.6362712 0.236
        vertex -0.24061553 -0.6330552 0.236
        vertex -0.3312853 -0.5942213 0.236
    endloop
endfacet
facet normal 0 0 1
    outer loop
        vertex -0.25661895 -0.64941734 0.236
        vertex -0.33288443 -0.6148304 0.236
        vertex -0.33313498 -0.6214529 0.236
    endloop
endfacet
facet normal -0 0 1
    outer loop
        vertex -0.33175936 -0.5985712 0.236
        vertex -0.24342501 -0.6362712 0.236
        vertex -0.3312853 -0.5942213 0.236
    endloop
endfacet
facet normal -0 0 1
    outer loop
        vertex -0.33288443 -0.6148304 0.236
        vertex -0.25661895 -0.64941734 0.236
        vertex -0.33256656 -0.6088359 0.236
    endloop
endfacet
facet normal 0 0 0.99999994
    outer loop
        vertex -0.33256656 -0.6088359 0.236
        vertex -0.25661895 -0.64941734 0.236
        vertex -0.25322253 -0.6462232 0.236
    endloop
endfacet
facet normal 0 0 1
    outer loop
        vertex -0.24982208 -0.64292055 0.236
        vertex -0.33256656 -0.6088359 0.236
        vertex -0.25322253 -0.6462232 0.236
    endloop
endfacet
facet normal 0 0 1
    outer loop
        vertex -0.24982208 -0.64292055 0.236
        vertex -0.33218896 -0.60342944 0.236
        vertex -0.33256656 -0.6088359 0.236
    endloop
endfacet
facet normal 0 -0 1
    outer loop
        vertex -0.24982208 -0.64292055 0.236
        vertex -0.24652156 -0.63957983 0.236
        vertex -0.33218896 -0.60342944 0.236
    endloop
endfacet
facet normal -0 0 1
    outer loop
        vertex -0.33218896 -0.60342944 0.236
        vertex -0.24652156 -0.63957983 0.236
        vertex -0.33175936 -0.5985712 0.236
    endloop
endfacet
facet normal 0 0 0.99999994
    outer loop
        vertex -0.33175936 -0.5985712 0.236
        vertex -0.24652156 -0.63957983 0.236
        vertex -0.24342501 -0.6362712 0.236
    endloop
endfacet
facet normal -0 0 1
    outer loop
        vertex -0.3312853 -0.5942213 0.236
        vertex -0.24061553 -0.6330552 0.236
        vertex -0.33077446 -0.59033996 0.236
    endloop
endfacet
facet normal -0 0 0.99999994
    outer loop
        vertex -0.3193788 -0.5533525 0.236
        vertex -0.32120737 -0.5576886 0.236
        vertex -0.31837827 -0.55144733 0.236
    endloop
endfacet
facet normal 0 0 1
    outer loop
        vertex -0.38542742 -0.50625825 0.236
        vertex -0.46677563 -0.43310446 0.236
        vertex -0.4713186 -0.43823454 0.236
    endloop
endfacet
facet normal 0 0 1
    outer loop
        vertex 0.12644082 -0.13845204 0.236
        vertex 0.11226131 -0.15017872 0.236
        vertex 0.39701122 -0.49783632 0.236
    endloop
endfacet
facet normal 0 -0 1
    outer loop
        vertex -0.38999698 -0.51136464 0.236
        vertex -0.38542742 -0.50625825 0.236
        vertex -0.4713186 -0.43823454 0.236
    endloop
endfacet
facet normal 0 0 0.99999994
    outer loop
        vertex -0.38999698 -0.51136464 0.236
        vertex -0.38667786 -0.5078205 0.236
        vertex -0.38542742 -0.50625825 0.236
    endloop
endfacet
facet normal -0 0 1
    outer loop
        vertex -0.4744734 -0.44215947 0.236
        vertex -0.38999698 -0.51136464 0.236
        vertex -0.4713186 -0.43823454 0.236
    endloop
endfacet
facet normal 0 0 0.99999994
    outer loop
        vertex -0.4744734 -0.44215947 0.236
        vertex -0.39332238 -0.5147674 0.236
        vertex -0.38999698 -0.51136464 0.236
    endloop
endfacet
facet normal 0 0 1
    outer loop
        vertex -0.4744734 -0.44215947 0.236
        vertex -0.47692397 -0.44537163 0.236
        vertex -0.39332238 -0.5147674 0.236
    endloop
endfacet
facet normal 0 0 0.99999994
    outer loop
        vertex -0.39332238 -0.5147674 0.236
        vertex -0.47692397 -0.44537163 0.236
        vertex -0.398806 -0.5200434 0.236
    endloop
endfacet
facet normal 0 0 1
    outer loop
        vertex -0.398806 -0.5200434 0.236
        vertex -0.47692397 -0.44537163 0.236
        vertex -0.4801987 -0.44981253 0.236
    endloop
endfacet
facet normal 0 -0 1
    outer loop
        vertex -0.40265384 -0.52353585 0.236
        vertex -0.398806 -0.5200434 0.236
        vertex -0.4801987 -0.44981253 0.236
    endloop
endfacet
facet normal -0 0 1
    outer loop
        vertex -0.48220408 -0.45263413 0.236
        vertex -0.40265384 -0.52353585 0.236
        vertex -0.4801987 -0.44981253 0.236
    endloop
endfacet
facet normal 0 0 1
    outer loop
        vertex -0.48220408 -0.45263413 0.236
        vertex -0.48449644 -0.45615992 0.236
        vertex -0.40265384 -0.52353585 0.236
    endloop
endfacet
facet normal 0 0 1
    outer loop
        vertex -0.40265384 -0.52353585 0.236
        vertex -0.48449644 -0.45615992 0.236
        vertex -0.40490925 -0.52546823 0.236
    endloop
endfacet
facet normal 0 0 1
    outer loop
        vertex -0.40490925 -0.52546823 0.236
        vertex -0.48449644 -0.45615992 0.236
        vertex -0.48711148 -0.4607127 0.236
    endloop
endfacet
facet normal 0 -0 1
    outer loop
        vertex -0.40740743 -0.5275001 0.236
        vertex -0.40490925 -0.52546823 0.236
        vertex -0.48711148 -0.4607127 0.236
    endloop
endfacet
facet normal 0 0 1
    outer loop
        vertex 0.09700066 -0.1604591 0.236
        vertex 0.08080583 -0.16919418 0.236
        vertex 0.3304501 -0.5437411 0.236
    endloop
endfacet
facet normal 0 0 1
    outer loop
        vertex -0.40740743 -0.5275001 0.236
        vertex -0.48711148 -0.4607127 0.236
        vertex -0.48855114 -0.4634751 0.236
    endloop
endfacet
facet normal 0 -0 1
    outer loop
        vertex -0.4101647 -0.52961296 0.236
        vertex -0.40740743 -0.5275001 0.236
        vertex -0.48855114 -0.4634751 0.236
    endloop
endfacet
facet normal 0 -0 1
    outer loop
        vertex -0.41652197 -0.5340077 0.236
        vertex -0.41319746 -0.53178835 0.236
        vertex -0.49008486 -0.46661532 0.236
    endloop
endfacet
facet normal 0 0 1
    outer loop
        vertex -0.48855114 -0.4634751 0.236
        vertex -0.49008486 -0.46661532 0.236
        vertex -0.4101647 -0.52961296 0.236
    endloop
endfacet
facet normal 0 0 1
    outer loop
        vertex -0.45062542 -0.5513755 0.236
        vertex -0.50627416 -0.5101803 0.236
        vertex -0.45741165 -0.55441517 0.236
    endloop
endfacet
facet normal 0 0 1
    outer loop
        vertex -0.45062542 -0.5513755 0.236
        vertex -0.5038278 -0.50256497 0.236
        vertex -0.50627416 -0.5101803 0.236
    endloop
endfacet
facet normal 0 -0 1
    outer loop
        vertex -0.45062542 -0.5513755 0.236
        vertex -0.4444234 -0.54857457 0.236
        vertex -0.5038278 -0.50256497 0.236
    endloop
endfacet
facet normal -0 0 1
    outer loop
        vertex -0.5038278 -0.50256497 0.236
        vertex -0.4444234 -0.54857457 0.236
        vertex -0.5015112 -0.49565023 0.236
    endloop
endfacet
facet normal 0 0 1
    outer loop
        vertex -0.5015112 -0.49565023 0.236
        vertex -0.4444234 -0.54857457 0.236
        vertex -0.43663716 -0.54492575 0.236
    endloop
endfacet
facet normal 0 -0 1
    outer loop
        vertex -0.4201545 -0.5362526 0.236
        vertex -0.41652197 -0.5340077 0.236
        vertex -0.49171704 -0.4701737 0.236
    endloop
endfacet
facet normal 0 0 1
    outer loop
        vertex -0.43663716 -0.54492575 0.236
        vertex -0.49931976 -0.4893958 0.236
        vertex -0.5015112 -0.49565023 0.236
    endloop
endfacet
facet normal -0 0 1
    outer loop
        vertex -0.49345216 -0.47419056 0.236
        vertex -0.4201545 -0.5362526 0.236
        vertex -0.49171704 -0.4701737 0.236
    endloop
endfacet
facet normal -0 0 1
    outer loop
        vertex -0.49931976 -0.4893958 0.236
        vertex -0.43663716 -0.54492575 0.236
        vertex -0.49724907 -0.48376125 0.236
    endloop
endfacet
facet normal 0 0 1
    outer loop
        vertex -0.49724907 -0.48376125 0.236
        vertex -0.43663716 -0.54492575 0.236
        vertex -0.43245018 -0.54287463 0.236
    endloop
endfacet
facet normal 0 0 1
    outer loop
        vertex -0.42822737 -0.54072106 0.236
        vertex -0.49724907 -0.48376125 0.236
        vertex -0.43245018 -0.54287463 0.236
    endloop
endfacet
facet normal 0 0 1
    outer loop
        vertex -0.42822737 -0.54072106 0.236
        vertex -0.4952947 -0.4787063 0.236
        vertex -0.49724907 -0.48376125 0.236
    endloop
endfacet
facet normal 0 -0 1
    outer loop
        vertex -0.42822737 -0.54072106 0.236
        vertex -0.42408878 -0.5385016 0.236
        vertex -0.4952947 -0.4787063 0.236
    endloop
endfacet
facet normal -0 0 0.99999994
    outer loop
        vertex -0.4952947 -0.4787063 0.236
        vertex -0.42408878 -0.5385016 0.236
        vertex -0.49345216 -0.47419056 0.236
    endloop
endfacet
facet normal 0 0 1
    outer loop
        vertex -0.49345216 -0.47419056 0.236
        vertex -0.42408878 -0.5385016 0.236
        vertex -0.4201545 -0.5362526 0.236
    endloop
endfacet
facet normal -0 0 1
    outer loop
        vertex -0.49171704 -0.4701737 0.236
        vertex -0.41652197 -0.5340077 0.236
        vertex -0.49008486 -0.46661532 0.236
    endloop
endfacet
facet normal 0 0 1
    outer loop
        vertex -0.46677563 -0.43310446 0.236
        vertex -0.46829316 -0.43463004 0.236
        vertex -0.4713186 -0.43823454 0.236
    endloop
endfacet
facet normal 0 0 1
    outer loop
        vertex -0.51752615 -0.37015986 0.236
        vertex -0.57369787 -0.27627832 0.236
        vertex -0.57955116 -0.2798414 0.236
    endloop
endfacet
facet normal 0 0 1
    outer loop
        vertex 0.08080583 -0.16919418 0.236
        vertex 0.0638328 -0.17629983 0.236
        vertex 0.23263331 -0.59273994 0.236
    endloop
endfacet
facet normal 0 -0 1
    outer loop
        vertex -0.5233979 -0.37369257 0.236
        vertex -0.51752615 -0.37015986 0.236
        vertex -0.57955116 -0.2798414 0.236
    endloop
endfacet
facet normal 0 0 1
    outer loop
        vertex -0.5233979 -0.37369257 0.236
        vertex -0.51918155 -0.3712842 0.236
        vertex -0.51752615 -0.37015986 0.236
    endloop
endfacet
facet normal -0 0 1
    outer loop
        vertex -0.58372265 -0.2826621 0.236
        vertex -0.5233979 -0.37369257 0.236
        vertex -0.57955116 -0.2798414 0.236
    endloop
endfacet
facet normal 0 0 1
    outer loop
        vertex -0.58372265 -0.2826621 0.236
        vertex -0.52757853 -0.37596393 0.236
        vertex -0.5233979 -0.37369257 0.236
    endloop
endfacet
facet normal 0 0 1
    outer loop
        vertex -0.58372265 -0.2826621 0.236
        vertex -0.5870112 -0.2850092 0.236
        vertex -0.52757853 -0.37596393 0.236
    endloop
endfacet
facet normal 0 0 1
    outer loop
        vertex -0.52757853 -0.37596393 0.236
        vertex -0.5870112 -0.2850092 0.236
        vertex -0.53437364 -0.37938917 0.236
    endloop
endfacet
facet normal 0 0 1
    outer loop
        vertex -0.53437364 -0.37938917 0.236
        vertex -0.5870112 -0.2850092 0.236
        vertex -0.59144944 -0.28828758 0.236
    endloop
endfacet
facet normal 0 -0 1
    outer loop
        vertex -0.53907996 -0.3815923 0.236
        vertex -0.53437364 -0.37938917 0.236
        vertex -0.59144944 -0.28828758 0.236
    endloop
endfacet
facet normal -0 0 1
    outer loop
        vertex 0.009907042 -0.18723808 0.236
        vertex 0.047584876 -0.6349761 0.236
        vertex 0.028211879 -0.18536542 0.236
    endloop
endfacet
facet normal 0 0 1
    outer loop
        vertex -0.53907996 -0.3815923 0.236
        vertex -0.59144944 -0.28828758 0.236
        vertex -0.59419733 -0.29039273 0.236
    endloop
endfacet
facet normal -0 0 1
    outer loop
        vertex -0.5974271 -0.29308617 0.236
        vertex -0.53907996 -0.3815923 0.236
        vertex -0.59419733 -0.29039273 0.236
    endloop
endfacet
facet normal 0 0 1
    outer loop
        vertex -0.5974271 -0.29308617 0.236
        vertex -0.54180473 -0.38277406 0.236
        vertex -0.53907996 -0.3815923 0.236
    endloop
endfacet
facet normal 0 0 1
    outer loop
        vertex -0.5974271 -0.29308617 0.236
        vertex -0.60126793 -0.2966659 0.236
        vertex -0.54180473 -0.38277406 0.236
    endloop
endfacet
facet normal 0 0 1
    outer loop
        vertex -0.54180473 -0.38277406 0.236
        vertex -0.60126793 -0.2966659 0.236
        vertex -0.54479086 -0.38397932 0.236
    endloop
endfacet
facet normal 0 0 1
    outer loop
        vertex -0.54479086 -0.38397932 0.236
        vertex -0.60126793 -0.2966659 0.236
        vertex -0.60345787 -0.2988812 0.236
    endloop
endfacet
facet normal 0 -0 1
    outer loop
        vertex -0.54804844 -0.38518557 0.236
        vertex -0.54479086 -0.38397932 0.236
        vertex -0.60345787 -0.2988812 0.236
    endloop
endfacet
facet normal 0 0 0.99999994
    outer loop
        vertex -0.4101647 -0.52961296 0.236
        vertex -0.49008486 -0.46661532 0.236
        vertex -0.41319746 -0.53178835 0.236
    endloop
endfacet
facet normal 0 0 1
    outer loop
        vertex -0.54804844 -0.38518557 0.236
        vertex -0.60345787 -0.2988812 0.236
        vertex -0.605849 -0.30142984 0.236
    endloop
endfacet
facet normal 0 0 1
    outer loop
        vertex -0.55158764 -0.3863704 0.236
        vertex -0.605849 -0.30142984 0.236
        vertex -0.5554186 -0.38751125 0.236
    endloop
endfacet
facet normal -0 0 1
    outer loop
        vertex -0.63416004 -0.3382875 0.236
        vertex -0.5931262 -0.3940553 0.236
        vertex -0.6295778 -0.33173156 0.236
    endloop
endfacet
facet normal 0 0 1
    outer loop
        vertex -0.6295778 -0.33173156 0.236
        vertex -0.5931262 -0.3940553 0.236
        vertex -0.5863741 -0.39320683 0.236
    endloop
endfacet
facet normal 0 0 1
    outer loop
        vertex -0.6253259 -0.3258069 0.236
        vertex -0.6295778 -0.33173156 0.236
        vertex -0.5863741 -0.39320683 0.236
    endloop
endfacet
facet normal 0 0 1
    outer loop
        vertex -0.5778583 -0.39201516 0.236
        vertex -0.6253259 -0.3258069 0.236
        vertex -0.5863741 -0.39320683 0.236
    endloop
endfacet
facet normal 0 0 1
    outer loop
        vertex -0.60845757 -0.30434904 0.236
        vertex -0.5595515 -0.38858572 0.236
        vertex -0.5554186 -0.38751125 0.236
    endloop
endfacet
facet normal -0 0 1
    outer loop
        vertex -0.6253259 -0.3258069 0.236
        vertex -0.5778583 -0.39201516 0.236
        vertex -0.6213883 -0.32047623 0.236
    endloop
endfacet
facet normal 0 0 1
    outer loop
        vertex -0.60845757 -0.30434904 0.236
        vertex -0.61129963 -0.30767602 0.236
        vertex -0.5595515 -0.38858572 0.236
    endloop
endfacet
facet normal 0 0 1
    outer loop
        vertex -0.61774886 -0.31570238 0.236
        vertex -0.6213883 -0.32047623 0.236
        vertex -0.5778583 -0.39201516 0.236
    endloop
endfacet
facet normal 0 0 0.99999994
    outer loop
        vertex -0.57325274 -0.39128932 0.236
        vertex -0.61774886 -0.31570238 0.236
        vertex -0.5778583 -0.39201516 0.236
    endloop
endfacet
facet normal 0 -0 0.99999994
    outer loop
        vertex -0.57325274 -0.39128932 0.236
        vertex -0.5685827 -0.39047617 0.236
        vertex -0.61774886 -0.31570238 0.236
    endloop
endfacet
facet normal -0 0 1
    outer loop
        vertex -0.61774886 -0.31570238 0.236
        vertex -0.5685827 -0.39047617 0.236
        vertex -0.6143913 -0.31144807 0.236
    endloop
endfacet
facet normal 0 0 1
    outer loop
        vertex -0.6143913 -0.31144807 0.236
        vertex -0.5685827 -0.39047617 0.236
        vertex -0.56397384 -0.38957512 0.236
    endloop
endfacet
facet normal 0 0 1
    outer loop
        vertex -0.61129963 -0.30767602 0.236
        vertex -0.6143913 -0.31144807 0.236
        vertex -0.56397384 -0.38957512 0.236
    endloop
endfacet
facet normal 0 0 1
    outer loop
        vertex -0.5595515 -0.38858572 0.236
        vertex -0.61129963 -0.30767602 0.236
        vertex -0.56397384 -0.38957512 0.236
    endloop
endfacet
facet normal 0 0 1
    outer loop
        vertex -0.605849 -0.30142984 0.236
        vertex -0.60845757 -0.30434904 0.236
        vertex -0.5554186 -0.38751125 0.236
    endloop
endfacet
facet normal 0 0 1
    outer loop
        vertex -0.605849 -0.30142984 0.236
        vertex -0.55158764 -0.3863704 0.236
        vertex -0.54804844 -0.38518557 0.236
    endloop
endfacet
facet normal 0 -0 1
    outer loop
        vertex -0.60050684 -0.39495957 0.236
        vertex -0.5931262 -0.3940553 0.236
        vertex -0.63416004 -0.3382875 0.236
    endloop
endfacet
facet normal 0 0 1
    outer loop
        vertex -0.60364044 -0.20117119 0.236
        vertex -0.6296445 -0.09490364 0.236
        vertex -0.636288 -0.09658315 0.236
    endloop
endfacet
facet normal 0 0 1
    outer loop
        vertex -0.02681166 -0.18557312 0.236
        vertex -0.033269644 -0.6354092 0.236
        vertex -0.0084932055 -0.18730754 0.236
    endloop
endfacet
facet normal 0 -0 1
    outer loop
        vertex -0.6102926 -0.2028162 0.236
        vertex -0.60364044 -0.20117119 0.236
        vertex -0.636288 -0.09658315 0.236
    endloop
endfacet
facet normal 0 0 0.99999994
    outer loop
        vertex -0.6102926 -0.2028162 0.236
        vertex -0.6055537 -0.2017576 0.236
        vertex -0.60364044 -0.20117119 0.236
    endloop
endfacet
facet normal -0 0 1
    outer loop
        vertex -0.6411056 -0.09804892 0.236
        vertex -0.6102926 -0.2028162 0.236
        vertex -0.636288 -0.09658315 0.236
    endloop
endfacet
facet normal 0 0 1
    outer loop
        vertex -0.0448719 -0.18205154 0.236
        vertex -0.14169167 -0.62079173 0.236
        vertex -0.02681166 -0.18557312 0.236
    endloop
endfacet
facet normal 0 -0 1
    outer loop
        vertex -0.614957 -0.20375441 0.236
        vertex -0.6102926 -0.2028162 0.236
        vertex -0.6411056 -0.09804892 0.236
    endloop
endfacet
facet normal -0 0 0.99999994
    outer loop
        vertex -0.64493984 -0.09932245 0.236
        vertex -0.614957 -0.20375441 0.236
        vertex -0.6411056 -0.09804892 0.236
    endloop
endfacet
facet normal 0 0 1
    outer loop
        vertex -0.64493984 -0.09932245 0.236
        vertex -0.6224598 -0.20502459 0.236
        vertex -0.614957 -0.20375441 0.236
    endloop
endfacet
facet normal 0 0 1
    outer loop
        vertex -0.64493984 -0.09932245 0.236
        vertex -0.65014726 -0.10114697 0.236
        vertex -0.6224598 -0.20502459 0.236
    endloop
endfacet
facet normal 0 0 1
    outer loop
        vertex -0.6224598 -0.20502459 0.236
        vertex -0.65014726 -0.10114697 0.236
        vertex -0.6276064 -0.20574263 0.236
    endloop
endfacet
facet normal 0 0 1
    outer loop
        vertex -0.6276064 -0.20574263 0.236
        vertex -0.65014726 -0.10114697 0.236
        vertex -0.65339357 -0.10234865 0.236
    endloop
endfacet
facet normal -0 0 1
    outer loop
        vertex -0.65727377 -0.10397045 0.236
        vertex -0.6276064 -0.20574263 0.236
        vertex -0.65339357 -0.10234865 0.236
    endloop
endfacet
facet normal -0 0 1
    outer loop
        vertex -0.6619991 -0.106259026 0.236
        vertex -0.6305585 -0.20606872 0.236
        vertex -0.65727377 -0.10397045 0.236
    endloop
endfacet
facet normal 0 0 1
    outer loop
        vertex -0.65727377 -0.10397045 0.236
        vertex -0.6305585 -0.20606872 0.236
        vertex -0.6276064 -0.20574263 0.236
    endloop
endfacet
facet normal 0 0 1
    outer loop
        vertex -0.6619991 -0.106259026 0.236
        vertex -0.6337672 -0.20634025 0.236
        vertex -0.6305585 -0.20606872 0.236
    endloop
endfacet
facet normal 0 0 1
    outer loop
        vertex -0.6619991 -0.106259026 0.236
        vertex -0.6647447 -0.10773043 0.236
        vertex -0.6337672 -0.20634025 0.236
    endloop
endfacet
facet normal 0 0 0.99999994
    outer loop
        vertex -0.6337672 -0.20634025 0.236
        vertex -0.6647447 -0.10773043 0.236
        vertex -0.63723564 -0.20653273 0.236
    endloop
endfacet
facet normal 0 0 1
    outer loop
        vertex -0.63723564 -0.20653273 0.236
        vertex -0.6647447 -0.10773043 0.236
        vertex -0.6677809 -0.10946104 0.236
    endloop
endfacet
facet normal 0 0 1
    outer loop
        vertex -0.6409668 -0.2066217 0.236
        vertex -0.6677809 -0.10946104 0.236
        vertex -0.64496386 -0.20658271 0.236
    endloop
endfacet
facet normal -0 -0 0.99999994
    outer loop
        vertex -0.6902444 -0.20041013 0.236
        vertex -0.68292505 -0.2017215 0.236
        vertex -0.7056981 -0.13633637 0.236
    endloop
endfacet
facet normal -0 0 1
    outer loop
        vertex -0.7056981 -0.13633637 0.236
        vertex -0.68292505 -0.2017215 0.236
        vertex -0.699387 -0.13142234 0.236
    endloop
endfacet
facet normal 0 0 1
    outer loop
        vertex -0.699387 -0.13142234 0.236
        vertex -0.68292505 -0.2017215 0.236
        vertex -0.6762229 -0.20290096 0.236
    endloop
endfacet
facet normal 0 0 1
    outer loop
        vertex -0.6935777 -0.12701415 0.236
        vertex -0.699387 -0.13142234 0.236
        vertex -0.6762229 -0.20290096 0.236
    endloop
endfacet
facet normal 0 0 1
    outer loop
        vertex -0.66773415 -0.2042723 0.236
        vertex -0.6935777 -0.12701415 0.236
        vertex -0.6762229 -0.20290096 0.236
    endloop
endfacet
facet normal 0 0 0.99999994
    outer loop
        vertex -0.67113394 -0.11148165 0.236
        vertex -0.6492298 -0.20639125 0.236
        vertex -0.64496386 -0.20658271 0.236
    endloop
endfacet
facet normal -0 0 1
    outer loop
        vertex -0.6935777 -0.12701415 0.236
        vertex -0.66773415 -0.2042723 0.236
        vertex -0.6882438 -0.123080954 0.236
    endloop
endfacet
facet normal 0 0 0.99999994
    outer loop
        vertex -0.67113394 -0.11148165 0.236
        vertex -0.6748304 -0.113823116 0.236
        vertex -0.6492298 -0.20639125 0.236
    endloop
endfacet
facet normal 0 0 1
    outer loop
        vertex -0.6833589 -0.11959194 0.236
        vertex -0.6882438 -0.123080954 0.236
        vertex -0.66773415 -0.2042723 0.236
    endloop
endfacet
facet normal 0 0 0.99999994
    outer loop
        vertex -0.66311926 -0.20493624 0.236
        vertex -0.6833589 -0.11959194 0.236
        vertex -0.66773415 -0.2042723 0.236
    endloop
endfacet
facet normal -0 -0 0.99999994
    outer loop
        vertex -0.66311926 -0.20493624 0.236
        vertex -0.65841705 -0.20553568 0.236
        vertex -0.6833589 -0.11959194 0.236
    endloop
endfacet
facet normal -0 0 1
    outer loop
        vertex -0.6833589 -0.11959194 0.236
        vertex -0.65841705 -0.20553568 0.236
        vertex -0.67889655 -0.11651627 0.236
    endloop
endfacet
facet normal 0 0 1
    outer loop
        vertex -0.67889655 -0.11651627 0.236
        vertex -0.65841705 -0.20553568 0.236
        vertex -0.6537473 -0.20603317 0.236
    endloop
endfacet
facet normal 0 0 1
    outer loop
        vertex -0.6748304 -0.113823116 0.236
        vertex -0.67889655 -0.11651627 0.236
        vertex -0.6537473 -0.20603317 0.236
    endloop
endfacet
facet normal 0 0 1
    outer loop
        vertex -0.6492298 -0.20639125 0.236
        vertex -0.6748304 -0.113823116 0.236
        vertex -0.6537473 -0.20603317 0.236
    endloop
endfacet
facet normal -0 0 1
    outer loop
        vertex -0.63175774 -0.09530924 0.236
        vertex -0.636288 -0.09658315 0.236
        vertex -0.6296445 -0.09490364 0.236
    endloop
endfacet
facet normal 0 0 1
    outer loop
        vertex -0.6677809 -0.10946104 0.236
        vertex -0.67113394 -0.11148165 0.236
        vertex -0.64496386 -0.20658271 0.236
    endloop
endfacet
facet normal 0 0 1
    outer loop
        vertex -0.6677809 -0.10946104 0.236
        vertex -0.6409668 -0.2066217 0.236
        vertex -0.63723564 -0.20653273 0.236
    endloop
endfacet
facet normal 0 0 0.99999994
    outer loop
        vertex -0.57369787 -0.27627832 0.236
        vertex -0.57559764 -0.2772888 0.236
        vertex -0.57955116 -0.2798414 0.236
    endloop
endfacet
facet normal 0 0 1
    outer loop
        vertex -0.0957865 -0.16118684 0.236
        vertex -0.31837827 -0.55144733 0.236
        vertex -0.07952619 -0.16979939 0.236
    endloop
endfacet
facet normal 0 0 1
    outer loop
        vertex 0.2367767 0.0625 0.236
        vertex 0.6084672 0.1876873 0.236
        vertex 0.5669153 0.28889224 0.236
    endloop
endfacet
facet normal 0 0 1
    outer loop
        vertex -0.6296445 0.09490364 0.236
        vertex -0.6364879 0.095256954 0.236
        vertex -0.6361187 -0.0143075725 0.236
    endloop
endfacet
facet normal -0 -0 1
    outer loop
        vertex -0.6381198 -0.014303979 0.236
        vertex -0.6361187 -0.0143075725 0.236
        vertex -0.6429602 -0.01391874 0.236
    endloop
endfacet
facet normal 0 0 1
    outer loop
        vertex -0.6429602 -0.01391874 0.236
        vertex -0.6364879 0.095256954 0.236
        vertex -0.64152354 0.09527632 0.236
    endloop
endfacet
facet normal -0 0 1
    outer loop
        vertex -0.6476939 -0.013440408 0.236
        vertex -0.6429602 -0.01391874 0.236
        vertex -0.64152354 0.09527632 0.236
    endloop
endfacet
facet normal -0 0 0.99999994
    outer loop
        vertex -0.6455628 0.09518953 0.236
        vertex -0.6476939 -0.013440408 0.236
        vertex -0.64152354 0.09527632 0.236
    endloop
endfacet
facet normal 0 0 1
    outer loop
        vertex -0.6455628 0.09518953 0.236
        vertex -0.6552378 -0.012442657 0.236
        vertex -0.6476939 -0.013440408 0.236
    endloop
endfacet
facet normal 0 0 1
    outer loop
        vertex -0.6455628 0.09518953 0.236
        vertex -0.6510766 0.09498096 0.236
        vertex -0.6552378 -0.012442657 0.236
    endloop
endfacet
facet normal 0 -0 1
    outer loop
        vertex -0.6552378 -0.012442657 0.236
        vertex -0.6510766 0.09498096 0.236
        vertex -0.6603673 -0.011611813 0.236
    endloop
endfacet
facet normal 0 0 1
    outer loop
        vertex -0.6603673 -0.011611813 0.236
        vertex -0.6510766 0.09498096 0.236
        vertex -0.6545329 0.09478954 0.236
    endloop
endfacet
facet normal -0 0 1
    outer loop
        vertex -0.65871876 0.0943835 0.236
        vertex -0.6603673 -0.011611813 0.236
        vertex -0.6545329 0.09478954 0.236
    endloop
endfacet
facet normal 0 0 1
    outer loop
        vertex -0.65871876 0.0943835 0.236
        vertex -0.6632844 -0.0110532865 0.236
        vertex -0.6603673 -0.011611813 0.236
    endloop
endfacet
facet normal 0 0 1
    outer loop
        vertex -0.65871876 0.0943835 0.236
        vertex -0.6639087 0.09358942 0.236
        vertex -0.6632844 -0.0110532865 0.236
    endloop
endfacet
facet normal 0 0 1
    outer loop
        vertex -0.6632844 -0.0110532865 0.236
        vertex -0.6639087 0.09358942 0.236
        vertex -0.6664306 -0.010366969 0.236
    endloop
endfacet
facet normal 0 -0 1
    outer loop
        vertex -0.6664306 -0.010366969 0.236
        vertex -0.6639087 0.09358942 0.236
        vertex -0.6669661 0.09299267 0.236
    endloop
endfacet
facet normal -0 0 1
    outer loop
        vertex -0.6698016 -0.009528573 0.236
        vertex -0.6664306 -0.010366969 0.236
        vertex -0.6669661 0.09299267 0.236
    endloop
endfacet
facet normal 0 -0 1
    outer loop
        vertex -0.6733933 -0.008513806 0.236
        vertex -0.67037743 0.09223388 0.236
        vertex -0.6772012 -0.0072983806 0.236
    endloop
endfacet
facet normal -0 0 1
    outer loop
        vertex -0.6733933 -0.008513806 0.236
        vertex -0.6698016 -0.009528573 0.236
        vertex -0.67037743 0.09223388 0.236
    endloop
endfacet
facet normal -0 0 1
    outer loop
        vertex -0.71865076 0.011946645 0.236
        vertex -0.7120431 0.008536112 0.236
        vertex -0.7145318 0.07772883 0.236
    endloop
endfacet
facet normal -0 0 0.99999994
    outer loop
        vertex -0.7145318 0.07772883 0.236
        vertex -0.7120431 0.008536112 0.236
        vertex -0.70705265 0.08056433 0.236
    endloop
endfacet
facet normal 0 0 1
    outer loop
        vertex -0.70705265 0.08056433 0.236
        vertex -0.7120431 0.008536112 0.236
        vertex -0.70598626 0.0054335664 0.236
    endloop
endfacet
facet normal 0 0 1
    outer loop
        vertex -0.70020205 0.083064355 0.236
        vertex -0.70705265 0.08056433 0.236
        vertex -0.70598626 0.0054335664 0.236
    endloop
endfacet
facet normal 0 0 1
    outer loop
        vertex -0.6982789 0.0016210478 0.236
        vertex -0.70020205 0.083064355 0.236
        vertex -0.70598626 0.0054335664 0.236
    endloop
endfacet
facet normal -0 0 0.99999994
    outer loop
        vertex -0.70020205 0.083064355 0.236
        vertex -0.6982789 0.0016210478 0.236
        vertex -0.6939458 0.08525061 0.236
    endloop
endfacet
facet normal 0 0 1
    outer loop
        vertex -0.67417717 0.09129137 0.236
        vertex -0.6783995 0.090143465 0.236
        vertex -0.68122125 -0.0058580064 0.236
    endloop
endfacet
facet normal 0 0 1
    outer loop
        vertex -0.6882495 0.08714476 0.236
        vertex -0.6939458 0.08525061 0.236
        vertex -0.6982789 0.0016210478 0.236
    endloop
endfacet
facet normal 0 -0 0.99999994
    outer loop
        vertex -0.6940648 -0.0003736466 0.236
        vertex -0.6882495 0.08714476 0.236
        vertex -0.6982789 0.0016210478 0.236
    endloop
endfacet
facet normal -0 0 1
    outer loop
        vertex -0.6940648 -0.0003736466 0.236
        vertex -0.6897481 -0.0023324685 0.236
        vertex -0.6882495 0.08714476 0.236
    endloop
endfacet
facet normal -0 0 1
    outer loop
        vertex -0.6882495 0.08714476 0.236
        vertex -0.6897481 -0.0023324685 0.236
        vertex -0.6830788 0.08876849 0.236
    endloop
endfacet
facet normal -0 0 1
    outer loop
        vertex -0.6830788 0.08876849 0.236
        vertex -0.6854325 -0.004184296 0.236
        vertex -0.6783995 0.090143465 0.236
    endloop
endfacet
facet normal 0 0 1
    outer loop
        vertex -0.6830788 0.08876849 0.236
        vertex -0.6897481 -0.0023324685 0.236
        vertex -0.6854325 -0.004184296 0.236
    endloop
endfacet
facet normal 0 0 1
    outer loop
        vertex -0.6783995 0.090143465 0.236
        vertex -0.6854325 -0.004184296 0.236
        vertex -0.68122125 -0.0058580064 0.236
    endloop
endfacet
facet normal -0 0 0.99999994
    outer loop
        vertex -0.67417717 0.09129137 0.236
        vertex -0.6772012 -0.0072983806 0.236
        vertex -0.67037743 0.09223388 0.236
    endloop
endfacet
facet normal 0 0 0.99999994
    outer loop
        vertex -0.6317834 0.09513895 0.236
        vertex -0.6364879 0.095256954 0.236
        vertex -0.6296445 0.09490364 0.236
    endloop
endfacet
facet normal 0 0 1
    outer loop
        vertex -0.46677563 -0.43310446 0.236
        vertex -0.12539198 -0.13940266 0.236
        vertex -0.13845204 -0.12644082 0.236
    endloop
endfacet
facet normal -0 0 0.99999994
    outer loop
        vertex -0.67037743 0.09223388 0.236
        vertex -0.6698016 -0.009528573 0.236
        vertex -0.6669661 0.09299267 0.236
    endloop
endfacet
facet normal 0 0 1
    outer loop
        vertex -0.1604591 -0.09700066 0.236
        vertex -0.51752615 -0.37015986 0.236
        vertex -0.15017872 -0.11226131 0.236
    endloop
endfacet
facet normal 0 0 1
    outer loop
        vertex -0.57369787 0.27627832 0.236
        vertex -0.580133 0.27863306 0.236
        vertex -0.612075 0.17382735 0.236
    endloop
endfacet
facet normal 0 -0 0.99999994
    outer loop
        vertex -0.612075 0.17382735 0.236
        vertex -0.580133 0.27863306 0.236
        vertex -0.61849785 0.17621545 0.236
    endloop
endfacet
facet normal -0 -0 1
    outer loop
        vertex -0.6139861 0.17442061 0.236
        vertex -0.612075 0.17382735 0.236
        vertex -0.61849785 0.17621545 0.236
    endloop
endfacet
facet normal 0 0 1
    outer loop
        vertex -0.61849785 0.17621545 0.236
        vertex -0.580133 0.27863306 0.236
        vertex -0.58493924 0.28013584 0.236
    endloop
endfacet
facet normal -0 0 1
    outer loop
        vertex -0.6228803 0.17806783 0.236
        vertex -0.61849785 0.17621545 0.236
        vertex -0.58493924 0.28013584 0.236
    endloop
endfacet
facet normal 0 0 1
    outer loop
        vertex -0.5888247 0.28124347 0.236
        vertex -0.6228803 0.17806783 0.236
        vertex -0.58493924 0.28013584 0.236
    endloop
endfacet
facet normal 0 0 1
    outer loop
        vertex -0.5888247 0.28124347 0.236
        vertex -0.62979496 0.18124485 0.236
        vertex -0.6228803 0.17806783 0.236
    endloop
endfacet
facet normal 0 0 1
    outer loop
        vertex -0.5888247 0.28124347 0.236
        vertex -0.59415495 0.28266943 0.236
        vertex -0.62979496 0.18124485 0.236
    endloop
endfacet
facet normal 0 -0 1
    outer loop
        vertex -0.62979496 0.18124485 0.236
        vertex -0.59415495 0.28266943 0.236
        vertex -0.6344517 0.18355076 0.236
    endloop
endfacet
facet normal 0 0 0.99999994
    outer loop
        vertex -0.6344517 0.18355076 0.236
        vertex -0.59415495 0.28266943 0.236
        vertex -0.59751415 0.2835053 0.236
    endloop
endfacet
facet normal 0 0 1
    outer loop
        vertex -0.6016337 0.28435108 0.236
        vertex -0.6344517 0.18355076 0.236
        vertex -0.59751415 0.2835053 0.236
    endloop
endfacet
facet normal 0 0 1
    outer loop
        vertex -0.6016337 0.28435108 0.236
        vertex -0.63707453 0.18494429 0.236
        vertex -0.6344517 0.18355076 0.236
    endloop
endfacet
facet normal 0 0 1
    outer loop
        vertex -0.60992455 0.28545296 0.236
        vertex -0.6398787 0.18652746 0.236
        vertex -0.60682714 0.28512204 0.236
    endloop
endfacet
facet normal 0 0 1
    outer loop
        vertex -0.6016337 0.28435108 0.236
        vertex -0.60682714 0.28512204 0.236
        vertex -0.63707453 0.18494429 0.236
    endloop
endfacet
facet normal 0 0 1
    outer loop
        vertex -0.60992455 0.28545296 0.236
        vertex -0.64285284 0.18832225 0.236
        vertex -0.6398787 0.18652746 0.236
    endloop
endfacet
facet normal 0 0 1
    outer loop
        vertex -0.60992455 0.28545296 0.236
        vertex -0.6134081 0.2857334 0.236
        vertex -0.64285284 0.18832225 0.236
    endloop
endfacet
facet normal 0 -0 1
    outer loop
        vertex -0.64285284 0.18832225 0.236
        vertex -0.6134081 0.2857334 0.236
        vertex -0.6459858 0.19035058 0.236
    endloop
endfacet
facet normal 0 0 0.99999994
    outer loop
        vertex -0.67417717 0.09129137 0.236
        vertex -0.68122125 -0.0058580064 0.236
        vertex -0.6772012 -0.0072983806 0.236
    endloop
endfacet
facet normal -0 0 1
    outer loop
        vertex -0.6492663 0.19263443 0.236
        vertex -0.6459858 0.19035058 0.236
        vertex -0.6134081 0.2857334 0.236
    endloop
endfacet
facet normal 0 -0 0.99999994
    outer loop
        vertex -0.677893 0.21803527 0.236
        vertex -0.65987617 0.2848875 0.236
        vertex -0.68320173 0.22324191 0.236
    endloop
endfacet
facet normal 0 0 1
    outer loop
        vertex -0.677893 0.21803527 0.236
        vertex -0.65189344 0.2853925 0.236
        vertex -0.65987617 0.2848875 0.236
    endloop
endfacet
facet normal -0 0 0.99999994
    outer loop
        vertex -0.677893 0.21803527 0.236
        vertex -0.67301977 0.21328528 0.236
        vertex -0.65189344 0.2853925 0.236
    endloop
endfacet
facet normal -0 0 1
    outer loop
        vertex -0.65189344 0.2853925 0.236
        vertex -0.67301977 0.21328528 0.236
        vertex -0.64461035 0.28576222 0.236
    endloop
endfacet
facet normal 0 0 1
    outer loop
        vertex -0.64461035 0.28576222 0.236
        vertex -0.67301977 0.21328528 0.236
        vertex -0.66677856 0.20737036 0.236
    endloop
endfacet
facet normal -0 0 0.99999994
    outer loop
        vertex -0.6526832 0.19519573 0.236
        vertex -0.6492663 0.19263443 0.236
        vertex -0.6173168 0.28595275 0.236
    endloop
endfacet
facet normal 0 0 1
    outer loop
        vertex -0.66677856 0.20737036 0.236
        vertex -0.63798773 0.2860073 0.236
        vertex -0.64461035 0.28576222 0.236
    endloop
endfacet
facet normal 0 0 1
    outer loop
        vertex -0.62168986 0.28610042 0.236
        vertex -0.6526832 0.19519573 0.236
        vertex -0.6173168 0.28595275 0.236
    endloop
endfacet
facet normal -0 0 0.99999994
    outer loop
        vertex -0.63798773 0.2860073 0.236
        vertex -0.66677856 0.20737036 0.236
        vertex -0.63198614 0.28613827 0.236
    endloop
endfacet
facet normal 0 0 0.99999994
    outer loop
        vertex -0.63198614 0.28613827 0.236
        vertex -0.66677856 0.20737036 0.236
        vertex -0.66333956 0.20422214 0.236
    endloop
endfacet
facet normal 0 -0 1
    outer loop
        vertex -0.6597921 0.20107798 0.236
        vertex -0.63198614 0.28613827 0.236
        vertex -0.66333956 0.20422214 0.236
    endloop
endfacet
facet normal 0 0 1
    outer loop
        vertex -0.6597921 0.20107798 0.236
        vertex -0.62656665 0.28616577 0.236
        vertex -0.63198614 0.28613827 0.236
    endloop
endfacet
facet normal -0 0 0.99999994
    outer loop
        vertex -0.6597921 0.20107798 0.236
        vertex -0.656214 0.19803637 0.236
        vertex -0.62656665 0.28616577 0.236
    endloop
endfacet
facet normal 0 0 1
    outer loop
        vertex -0.62656665 0.28616577 0.236
        vertex -0.656214 0.19803637 0.236
        vertex -0.62168986 0.28610042 0.236
    endloop
endfacet
facet normal 0 0 1
    outer loop
        vertex -0.62168986 0.28610042 0.236
        vertex -0.656214 0.19803637 0.236
        vertex -0.6526832 0.19519573 0.236
    endloop
endfacet
facet normal 0 0 1
    outer loop
        vertex -0.6173168 0.28595275 0.236
        vertex -0.6492663 0.19263443 0.236
        vertex -0.6134081 0.2857334 0.236
    endloop
endfacet
facet normal 0 0 0.99999994
    outer loop
        vertex -0.5756724 0.27713364 0.236
        vertex -0.580133 0.27863306 0.236
        vertex -0.57369787 0.27627832 0.236
    endloop
endfacet
facet normal 0 -0 1
    outer loop
        vertex -0.63707453 0.18494429 0.236
        vertex -0.60682714 0.28512204 0.236
        vertex -0.6398787 0.18652746 0.236
    endloop
endfacet
facet normal 0 0 1
    outer loop
        vertex -0.16919418 -0.08080583 0.236
        vertex -0.57369787 -0.27627832 0.236
        vertex -0.1604591 -0.09700066 0.236
    endloop
endfacet
facet normal 0 0 1
    outer loop
        vertex -0.18170759 -0.04624502 0.236
        vertex -0.60364044 -0.20117119 0.236
        vertex -0.17629983 -0.0638328 0.236
    endloop
endfacet
facet normal 0 0 1
    outer loop
        vertex -0.46677563 0.43310446 0.236
        vertex -0.47223085 0.4372514 0.236
        vertex -0.5336457 0.34651694 0.236
    endloop
endfacet
facet normal 0 -0 1
    outer loop
        vertex -0.5336457 0.34651694 0.236
        vertex -0.47223085 0.4372514 0.236
        vertex -0.5390793 0.35069215 0.236
    endloop
endfacet
facet normal -0 -0 1
    outer loop
        vertex -0.53529704 0.34764716 0.236
        vertex -0.5336457 0.34651694 0.236
        vertex -0.5390793 0.35069215 0.236
    endloop
endfacet
facet normal 0 0 1
    outer loop
        vertex -0.5390793 0.35069215 0.236
        vertex -0.47223085 0.4372514 0.236
        vertex -0.47638056 0.44010407 0.236
    endloop
endfacet
facet normal -0 0 1
    outer loop
        vertex -0.54272103 0.35375398 0.236
        vertex -0.5390793 0.35069215 0.236
        vertex -0.47638056 0.44010407 0.236
    endloop
endfacet
facet normal 0 0 0.99999994
    outer loop
        vertex -0.47976688 0.44230774 0.236
        vertex -0.54272103 0.35375398 0.236
        vertex -0.47638056 0.44010407 0.236
    endloop
endfacet
facet normal 0 0 1
    outer loop
        vertex -0.47976688 0.44230774 0.236
        vertex -0.54839206 0.35882795 0.236
        vertex -0.54272103 0.35375398 0.236
    endloop
endfacet
facet normal 0 0 1
    outer loop
        vertex -0.47976688 0.44230774 0.236
        vertex -0.48444006 0.44524145 0.236
        vertex -0.54839206 0.35882795 0.236
    endloop
endfacet
facet normal 0 -0 1
    outer loop
        vertex -0.54839206 0.35882795 0.236
        vertex -0.48444006 0.44524145 0.236
        vertex -0.5521623 0.36240405 0.236
    endloop
endfacet
facet normal 0 0 0.99999994
    outer loop
        vertex -0.5521623 0.36240405 0.236
        vertex -0.48444006 0.44524145 0.236
        vertex -0.48740363 0.44703034 0.236
    endloop
endfacet
facet normal 0 0 1
    outer loop
        vertex -0.5542578 0.36450872 0.236
        vertex -0.49109086 0.4490528 0.236
        vertex -0.49582636 0.45132032 0.236
    endloop
endfacet
facet normal 0 0 1
    outer loop
        vertex -0.49109086 0.4490528 0.236
        vertex -0.5521623 0.36240405 0.236
        vertex -0.48740363 0.44703034 0.236
    endloop
endfacet
facet normal -0 0 1
    outer loop
        vertex -0.5564707 0.3668481 0.236
        vertex -0.5542578 0.36450872 0.236
        vertex -0.49582636 0.45132032 0.236
    endloop
endfacet
facet normal 0 0 0.99999994
    outer loop
        vertex -0.49868858 0.45254952 0.236
        vertex -0.5564707 0.3668481 0.236
        vertex -0.49582636 0.45132032 0.236
    endloop
endfacet
facet normal 0 0 1
    outer loop
        vertex -0.49868858 0.45254952 0.236
        vertex -0.5587837 0.36943984 0.236
        vertex -0.5564707 0.3668481 0.236
    endloop
endfacet
facet normal 0 0 1
    outer loop
        vertex -0.49868858 0.45254952 0.236
        vertex -0.50193465 0.45384428 0.236
        vertex -0.5587837 0.36943984 0.236
    endloop
endfacet
facet normal 0 -0 1
    outer loop
        vertex -0.5587837 0.36943984 0.236
        vertex -0.50193465 0.45384428 0.236
        vertex -0.56117964 0.37230152 0.236
    endloop
endfacet
facet normal -0 0 1
    outer loop
        vertex -0.56364125 0.37545085 0.236
        vertex -0.56117964 0.37230152 0.236
        vertex -0.50193465 0.45384428 0.236
    endloop
endfacet
facet normal 0 -0 1
    outer loop
        vertex -0.583509 0.408161 0.236
        vertex -0.54658765 0.46673268 0.236
        vertex -0.5870473 0.41470116 0.236
    endloop
endfacet
facet normal 0 0 1
    outer loop
        vertex -0.583509 0.408161 0.236
        vertex -0.5388108 0.4648623 0.236
        vertex -0.54658765 0.46673268 0.236
    endloop
endfacet
facet normal -0 0 0.99999994
    outer loop
        vertex -0.583509 0.408161 0.236
        vertex -0.5802524 0.40218568 0.236
        vertex -0.5388108 0.4648623 0.236
    endloop
endfacet
facet normal 0 0 1
    outer loop
        vertex -0.5388108 0.4648623 0.236
        vertex -0.5802524 0.40218568 0.236
        vertex -0.5317423 0.46306887 0.236
    endloop
endfacet
facet normal 0 0 1
    outer loop
        vertex -0.5317423 0.46306887 0.236
        vertex -0.5802524 0.40218568 0.236
        vertex -0.576032 0.39469388 0.236
    endloop
endfacet
facet normal -0 0 0.99999994
    outer loop
        vertex -0.5661514 0.37890548 0.236
        vertex -0.56364125 0.37545085 0.236
        vertex -0.50560504 0.45520598 0.236
    endloop
endfacet
facet normal 0 0 1
    outer loop
        vertex -0.576032 0.39469388 0.236
        vertex -0.5253415 0.46135095 0.236
        vertex -0.5317423 0.46306887 0.236
    endloop
endfacet
facet normal 0 0 1
    outer loop
        vertex -0.50974035 0.45663607 0.236
        vertex -0.5661514 0.37890548 0.236
        vertex -0.50560504 0.45520598 0.236
    endloop
endfacet
facet normal 0 0 1
    outer loop
        vertex -0.5253415 0.46135095 0.236
        vertex -0.576032 0.39469388 0.236
        vertex -0.519568 0.45970714 0.236
    endloop
endfacet
facet normal 0 0 0.99999994
    outer loop
        vertex -0.519568 0.45970714 0.236
        vertex -0.576032 0.39469388 0.236
        vertex -0.5736737 0.39067188 0.236
    endloop
endfacet
facet normal 0 -0 0.99999994
    outer loop
        vertex -0.5712106 0.3866218 0.236
        vertex -0.519568 0.45970714 0.236
        vertex -0.5736737 0.39067188 0.236
    endloop
endfacet
facet normal 0 0 1
    outer loop
        vertex -0.5712106 0.3866218 0.236
        vertex -0.5143812 0.458136 0.236
        vertex -0.519568 0.45970714 0.236
    endloop
endfacet
facet normal -0 0 1
    outer loop
        vertex -0.5712106 0.3866218 0.236
        vertex -0.56868804 0.38266066 0.236
        vertex -0.5143812 0.458136 0.236
    endloop
endfacet
facet normal 0 0 1
    outer loop
        vertex -0.5143812 0.458136 0.236
        vertex -0.56868804 0.38266066 0.236
        vertex -0.50974035 0.45663607 0.236
    endloop
endfacet
facet normal 0 0 1
    outer loop
        vertex -0.50974035 0.45663607 0.236
        vertex -0.56868804 0.38266066 0.236
        vertex -0.5661514 0.37890548 0.236
    endloop
endfacet
facet normal 0 0 1
    outer loop
        vertex -0.50560504 0.45520598 0.236
        vertex -0.56364125 0.37545085 0.236
        vertex -0.50193465 0.45384428 0.236
    endloop
endfacet
facet normal 0 0 1
    outer loop
        vertex -0.4684103 0.4345038 0.236
        vertex -0.47223085 0.4372514 0.236
        vertex -0.46677563 0.43310446 0.236
    endloop
endfacet
facet normal 0 0 1
    outer loop
        vertex -0.18536542 -0.028211879 0.236
        vertex -0.6296445 -0.09490364 0.236
        vertex -0.18170759 -0.04624502 0.236
    endloop
endfacet
facet normal 0 0 1
    outer loop
        vertex -0.18730754 0.0084932055 0.236
        vertex -0.6361187 -0.0143075725 0.236
        vertex -0.18723808 -0.009907042 0.236
    endloop
endfacet
facet normal 0 0 1
    outer loop
        vertex -0.31837827 0.55144733 0.236
        vertex -0.32236883 0.55701804 0.236
        vertex -0.4077996 0.48841697 0.236
    endloop
endfacet
facet normal 0 -0 0.99999994
    outer loop
        vertex -0.4077996 0.48841697 0.236
        vertex -0.32236883 0.55701804 0.236
        vertex -0.41176122 0.4940083 0.236
    endloop
endfacet
facet normal -0 -0 1
    outer loop
        vertex -0.40904447 0.48998374 0.236
        vertex -0.4077996 0.48841697 0.236
        vertex -0.41176122 0.4940083 0.236
    endloop
endfacet
facet normal 0 0 1
    outer loop
        vertex -0.41176122 0.4940083 0.236
        vertex -0.32236883 0.55701804 0.236
        vertex -0.32549337 0.5609671 0.236
    endloop
endfacet
facet normal -0 0 1
    outer loop
        vertex -0.41433862 0.49800748 0.236
        vertex -0.41176122 0.4940083 0.236
        vertex -0.32549337 0.5609671 0.236
    endloop
endfacet
facet normal 0 0 1
    outer loop
        vertex -0.32807964 0.564071 0.236
        vertex -0.41433862 0.49800748 0.236
        vertex -0.32549337 0.5609671 0.236
    endloop
endfacet
facet normal 0 0 1
    outer loop
        vertex -0.33168054 0.56825185 0.236
        vertex -0.41826212 0.5045276 0.236
        vertex -0.32807964 0.564071 0.236
    endloop
endfacet
facet normal 0 0 1
    outer loop
        vertex -0.32807964 0.564071 0.236
        vertex -0.41826212 0.5045276 0.236
        vertex -0.41433862 0.49800748 0.236
    endloop
endfacet
facet normal 0 0 1
    outer loop
        vertex -0.33168054 0.56825185 0.236
        vertex -0.42081076 0.5090561 0.236
        vertex -0.41826212 0.5045276 0.236
    endloop
endfacet
facet normal 0 0 1
    outer loop
        vertex -0.33398515 0.57083476 0.236
        vertex -0.33691242 0.5738542 0.236
        vertex -0.42081076 0.5090561 0.236
    endloop
endfacet
facet normal 0 -0 1
    outer loop
        vertex -0.42081076 0.5090561 0.236
        vertex -0.33691242 0.5738542 0.236
        vertex -0.42219287 0.511685 0.236
    endloop
endfacet
facet normal 0 0 1
    outer loop
        vertex -0.42219287 0.511685 0.236
        vertex -0.33691242 0.5738542 0.236
        vertex -0.34076917 0.5774168 0.236
    endloop
endfacet
facet normal -0 0 1
    outer loop
        vertex -0.4236179 0.5145727 0.236
        vertex -0.42219287 0.511685 0.236
        vertex -0.34076917 0.5774168 0.236
    endloop
endfacet
facet normal 0 0 1
    outer loop
        vertex -0.34314194 0.57943505 0.236
        vertex -0.4236179 0.5145727 0.236
        vertex -0.34076917 0.5774168 0.236
    endloop
endfacet
facet normal 0 0 1
    outer loop
        vertex -0.34314194 0.57943505 0.236
        vertex -0.4250642 0.517731 0.236
        vertex -0.4236179 0.5145727 0.236
    endloop
endfacet
facet normal 0 0 1
    outer loop
        vertex -0.34314194 0.57943505 0.236
        vertex -0.34586215 0.58162904 0.236
        vertex -0.4250642 0.517731 0.236
    endloop
endfacet
facet normal 0 -0 1
    outer loop
        vertex -0.4250642 0.517731 0.236
        vertex -0.34586215 0.58162904 0.236
        vertex -0.4265102 0.5211718 0.236
    endloop
endfacet
facet normal 0 -0 1
    outer loop
        vertex -0.5521623 0.36240405 0.236
        vertex -0.49109086 0.4490528 0.236
        vertex -0.5542578 0.36450872 0.236
    endloop
endfacet
facet normal 0 -0 1
    outer loop
        vertex -0.4265102 0.5211718 0.236
        vertex -0.34586215 0.58162904 0.236
        vertex -0.42793417 0.5249068 0.236
    endloop
endfacet
facet normal 0 0 1
    outer loop
        vertex -0.38473243 0.60710657 0.236
        vertex -0.43873113 0.56931233 0.236
        vertex -0.4372778 0.5620199 0.236
    endloop
endfacet
facet normal 0 0 1
    outer loop
        vertex -0.37785238 0.60302705 0.236
        vertex -0.38473243 0.60710657 0.236
        vertex -0.4372778 0.5620199 0.236
    endloop
endfacet
facet normal 0 -0 0.99999994
    outer loop
        vertex -0.43592712 0.5553501 0.236
        vertex -0.37785238 0.60302705 0.236
        vertex -0.4372778 0.5620199 0.236
    endloop
endfacet
facet normal 0 0 1
    outer loop
        vertex -0.43592712 0.5553501 0.236
        vertex -0.37162653 0.5992298 0.236
        vertex -0.37785238 0.60302705 0.236
    endloop
endfacet
facet normal -0 0 1
    outer loop
        vertex -0.43592712 0.5553501 0.236
        vertex -0.4341024 0.5469472 0.236
        vertex -0.37162653 0.5992298 0.236
    endloop
endfacet
facet normal 0 -0 1
    outer loop
        vertex -0.42793417 0.5249068 0.236
        vertex -0.34896812 0.58401215 0.236
        vertex -0.4293145 0.52894783 0.236
    endloop
endfacet
facet normal 0 0 1
    outer loop
        vertex -0.3660165 0.5957016 0.236
        vertex -0.37162653 0.5992298 0.236
        vertex -0.4341024 0.5469472 0.236
    endloop
endfacet
facet normal 0 0 1
    outer loop
        vertex -0.4293145 0.52894783 0.236
        vertex -0.34896812 0.58401215 0.236
        vertex -0.35249817 0.5865976 0.236
    endloop
endfacet
facet normal 0 0 1
    outer loop
        vertex -0.4341024 0.5469472 0.236
        vertex -0.36098403 0.592429 0.236
        vertex -0.3660165 0.5957016 0.236
    endloop
endfacet
facet normal -0 0 1
    outer loop
        vertex -0.43303442 0.5424087 0.236
        vertex -0.43187454 0.5378126 0.236
        vertex -0.36098403 0.592429 0.236
    endloop
endfacet
facet normal 0 0 0.99999994
    outer loop
        vertex -0.36098403 0.592429 0.236
        vertex -0.43187454 0.5378126 0.236
        vertex -0.3564907 0.5893988 0.236
    endloop
endfacet
facet normal 0 0 1
    outer loop
        vertex -0.3564907 0.5893988 0.236
        vertex -0.43187454 0.5378126 0.236
        vertex -0.4306316 0.5332838 0.236
    endloop
endfacet
facet normal 0 0 0.99999994
    outer loop
        vertex -0.35249817 0.5865976 0.236
        vertex -0.3564907 0.5893988 0.236
        vertex -0.4306316 0.5332838 0.236
    endloop
endfacet
facet normal 0 -0 0.99999994
    outer loop
        vertex -0.4293145 0.52894783 0.236
        vertex -0.35249817 0.5865976 0.236
        vertex -0.4306316 0.5332838 0.236
    endloop
endfacet
facet normal 0 0 1
    outer loop
        vertex -0.34586215 0.58162904 0.236
        vertex -0.34896812 0.58401215 0.236
        vertex -0.42793417 0.5249068 0.236
    endloop
endfacet
facet normal 0 -0 0.99999994
    outer loop
        vertex -0.43303442 0.5424087 0.236
        vertex -0.36098403 0.592429 0.236
        vertex -0.4341024 0.5469472 0.236
    endloop
endfacet
facet normal 0 0 1
    outer loop
        vertex -0.18557312 0.02681166 0.236
        vertex -0.6296445 0.09490364 0.236
        vertex -0.18730754 0.0084932055 0.236
    endloop
endfacet
facet normal 0 0 1
    outer loop
        vertex -0.1767767 0.0625 0.236
        vertex -0.612075 0.17382735 0.236
        vertex -0.18205154 0.0448719 0.236
    endloop
endfacet
facet normal 0 0 1
    outer loop
        vertex -0.14386293 0.62729114 0.236
        vertex -0.2478563 0.5934296 0.236
        vertex -0.24571879 0.58691907 0.236
    endloop
endfacet
facet normal 0 0 1
    outer loop
        vertex -0.14169167 0.62079173 0.236
        vertex -0.14386293 0.62729114 0.236
        vertex -0.24571879 0.58691907 0.236
    endloop
endfacet
facet normal 0 0 1
    outer loop
        vertex -0.24571879 0.58691907 0.236
        vertex -0.2478563 0.5934296 0.236
        vertex -0.24644652 0.58878314 0.236
    endloop
endfacet
facet normal 0 0 1
    outer loop
        vertex -0.14386293 0.62729114 0.236
        vertex -0.14568463 0.6319857 0.236
        vertex -0.2478563 0.5934296 0.236
    endloop
endfacet
facet normal 0 -0 1
    outer loop
        vertex -0.2478563 0.5934296 0.236
        vertex -0.14568463 0.6319857 0.236
        vertex -0.24914047 0.5980109 0.236
    endloop
endfacet
facet normal 0 0 1
    outer loop
        vertex -0.24914047 0.5980109 0.236
        vertex -0.14568463 0.6319857 0.236
        vertex -0.14724115 0.6357141 0.236
    endloop
endfacet
facet normal -0 0 0.99999994
    outer loop
        vertex -0.25096777 0.6053978 0.236
        vertex -0.24914047 0.5980109 0.236
        vertex -0.14724115 0.6357141 0.236
    endloop
endfacet
facet normal -0 0 1
    outer loop
        vertex -0.2520684 0.6104763 0.236
        vertex -0.25096777 0.6053978 0.236
        vertex -0.14944972 0.64077055 0.236
    endloop
endfacet
facet normal 0 0 0.99999994
    outer loop
        vertex -0.15089063 0.64391804 0.236
        vertex -0.2520684 0.6104763 0.236
        vertex -0.14944972 0.64077055 0.236
    endloop
endfacet
facet normal 0 0 1
    outer loop
        vertex -0.15089063 0.64391804 0.236
        vertex -0.15279786 0.64766616 0.236
        vertex -0.2520684 0.6104763 0.236
    endloop
endfacet
facet normal 0 -0 1
    outer loop
        vertex -0.2520684 0.6104763 0.236
        vertex -0.15279786 0.64766616 0.236
        vertex -0.2526142 0.6133958 0.236
    endloop
endfacet
facet normal 0 0 1
    outer loop
        vertex -0.2526142 0.6133958 0.236
        vertex -0.15279786 0.64766616 0.236
        vertex -0.15543315 0.65220726 0.236
    endloop
endfacet
facet normal -0 0 1
    outer loop
        vertex -0.25312477 0.61657524 0.236
        vertex -0.2526142 0.6133958 0.236
        vertex -0.15543315 0.65220726 0.236
    endloop
endfacet
facet normal 0 0 1
    outer loop
        vertex -0.15710562 0.6548353 0.236
        vertex -0.25312477 0.61657524 0.236
        vertex -0.15543315 0.65220726 0.236
    endloop
endfacet
facet normal 0 0 1
    outer loop
        vertex -0.15710562 0.6548353 0.236
        vertex -0.25357592 0.62001956 0.236
        vertex -0.25312477 0.61657524 0.236
    endloop
endfacet
facet normal 0 0 1
    outer loop
        vertex -0.15710562 0.6548353 0.236
        vertex -0.15905829 0.65773356 0.236
        vertex -0.25357592 0.62001956 0.236
    endloop
endfacet
facet normal 0 -0 1
    outer loop
        vertex -0.25357592 0.62001956 0.236
        vertex -0.15905829 0.65773356 0.236
        vertex -0.25394347 0.62373364 0.236
    endloop
endfacet
facet normal 0 -0 1
    outer loop
        vertex -0.25394347 0.62373364 0.236
        vertex -0.15905829 0.65773356 0.236
        vertex -0.25420326 0.6277225 0.236
    endloop
endfacet
facet normal 0 0 1
    outer loop
        vertex -0.33168054 0.56825185 0.236
        vertex -0.33398515 0.57083476 0.236
        vertex -0.42081076 0.5090561 0.236
    endloop
endfacet
facet normal -0 0 0.99999994
    outer loop
        vertex -0.25143176 0.67333764 0.236
        vertex -0.2521925 0.6659408 0.236
        vertex -0.18869203 0.6935364 0.236
    endloop
endfacet
facet normal 0 0 1
    outer loop
        vertex -0.18869203 0.6935364 0.236
        vertex -0.2521925 0.6659408 0.236
        vertex -0.1833201 0.6876102 0.236
    endloop
endfacet
facet normal 0 0 1
    outer loop
        vertex -0.1833201 0.6876102 0.236
        vertex -0.2521925 0.6659408 0.236
        vertex -0.2528678 0.6591692 0.236
    endloop
endfacet
facet normal 0 0 1
    outer loop
        vertex -0.17849012 0.68214655 0.236
        vertex -0.1833201 0.6876102 0.236
        vertex -0.2528678 0.6591692 0.236
    endloop
endfacet
facet normal 0 0 1
    outer loop
        vertex -0.25360096 0.6506018 0.236
        vertex -0.17849012 0.68214655 0.236
        vertex -0.2528678 0.6591692 0.236
    endloop
endfacet
facet normal 0 0 1
    outer loop
        vertex -0.16132383 0.6609263 0.236
        vertex -0.25433114 0.6319908 0.236
        vertex -0.25420326 0.6277225 0.236
    endloop
endfacet
facet normal 0 0 1
    outer loop
        vertex -0.17849012 0.68214655 0.236
        vertex -0.25360096 0.6506018 0.236
        vertex -0.17416932 0.67712146 0.236
    endloop
endfacet
facet normal 0 0 0.99999994
    outer loop
        vertex -0.16132383 0.6609263 0.236
        vertex -0.16393499 0.6644374 0.236
        vertex -0.25433114 0.6319908 0.236
    endloop
endfacet
facet normal 0 0 1
    outer loop
        vertex -0.170325 0.672511 0.236
        vertex -0.17416932 0.67712146 0.236
        vertex -0.25360096 0.6506018 0.236
    endloop
endfacet
facet normal 0 0 1
    outer loop
        vertex -0.25391814 0.64595014 0.236
        vertex -0.170325 0.672511 0.236
        vertex -0.25360096 0.6506018 0.236
    endloop
endfacet
facet normal -0 0 1
    outer loop
        vertex -0.25391814 0.64595014 0.236
        vertex -0.25416452 0.64121634 0.236
        vertex -0.170325 0.672511 0.236
    endloop
endfacet
facet normal 0 0 0.99999994
    outer loop
        vertex -0.170325 0.672511 0.236
        vertex -0.25416452 0.64121634 0.236
        vertex -0.16692446 0.668291 0.236
    endloop
endfacet
facet normal 0 0 1
    outer loop
        vertex -0.16692446 0.668291 0.236
        vertex -0.25416452 0.64121634 0.236
        vertex -0.25431168 0.6365225 0.236
    endloop
endfacet
facet normal 0 0 0.99999994
    outer loop
        vertex -0.16393499 0.6644374 0.236
        vertex -0.16692446 0.668291 0.236
        vertex -0.25431168 0.6365225 0.236
    endloop
endfacet
facet normal 0 0 0.99999994
    outer loop
        vertex -0.25433114 0.6319908 0.236
        vertex -0.16393499 0.6644374 0.236
        vertex -0.25431168 0.6365225 0.236
    endloop
endfacet
facet normal 0 0 1
    outer loop
        vertex -0.15905829 0.65773356 0.236
        vertex -0.16132383 0.6609263 0.236
        vertex -0.25420326 0.6277225 0.236
    endloop
endfacet
facet normal 0 0 1
    outer loop
        vertex -0.14724115 0.6357141 0.236
        vertex -0.14944972 0.64077055 0.236
        vertex -0.25096777 0.6053978 0.236
    endloop
endfacet
facet normal 0 0 1
    outer loop
        vertex -0.31837827 0.55144733 0.236
        vertex -0.3195279 0.55326635 0.236
        vertex -0.32236883 0.55701804 0.236
    endloop
endfacet
facet normal 0 0 1
    outer loop
        vertex -0.5336457 0.34651694 0.236
        vertex -0.16510917 0.08885499 0.236
        vertex -0.15779145 0.1012823 0.236
    endloop
endfacet
facet normal 0 0 1
    outer loop
        vertex 0.0474258 0.64182675 0.236
        vertex -0.061804775 0.63327074 0.236
        vertex 0.047584876 0.6349761 0.236
    endloop
endfacet
facet normal 0 0 1
    outer loop
        vertex 0.0474258 0.64182675 0.236
        vertex -0.06192829 0.6401221 0.236
        vertex -0.061804775 0.63327074 0.236
    endloop
endfacet
facet normal 0 0 1
    outer loop
        vertex -0.061804775 0.63327074 0.236
        vertex -0.06192829 0.6401221 0.236
        vertex -0.061950736 0.6352665 0.236
    endloop
endfacet
facet normal 0 0 1
    outer loop
        vertex 0.0474258 0.64182675 0.236
        vertex 0.047068797 0.64684975 0.236
        vertex -0.06192829 0.6401221 0.236
    endloop
endfacet
facet normal 0 0 1
    outer loop
        vertex -0.06192829 0.6401221 0.236
        vertex 0.047068797 0.64684975 0.236
        vertex -0.06180505 0.6448784 0.236
    endloop
endfacet
facet normal 0 0 1
    outer loop
        vertex -0.06180505 0.6448784 0.236
        vertex 0.046680387 0.6508712 0.236
        vertex -0.061373845 0.6524757 0.236
    endloop
endfacet
facet normal -0 0 1
    outer loop
        vertex -0.061373845 0.6524757 0.236
        vertex 0.046680387 0.6508712 0.236
        vertex 0.04606036 0.656354 0.236
    endloop
endfacet
facet normal 0 0 1
    outer loop
        vertex -0.060928658 0.6576531 0.236
        vertex -0.061373845 0.6524757 0.236
        vertex 0.04606036 0.656354 0.236
    endloop
endfacet
facet normal 0 0 1
    outer loop
        vertex 0.045611188 0.6597863 0.236
        vertex -0.060928658 0.6576531 0.236
        vertex 0.04606036 0.656354 0.236
    endloop
endfacet
facet normal 0 0 1
    outer loop
        vertex 0.045611188 0.6597863 0.236
        vertex 0.044893473 0.6639301 0.236
        vertex -0.060928658 0.6576531 0.236
    endloop
endfacet
facet normal 0 0 1
    outer loop
        vertex -0.060928658 0.6576531 0.236
        vertex 0.044893473 0.6639301 0.236
        vertex -0.060589682 0.6606037 0.236
    endloop
endfacet
facet normal 0 0 1
    outer loop
        vertex -0.060589682 0.6606037 0.236
        vertex 0.044893473 0.6639301 0.236
        vertex 0.043713767 0.6690462 0.236
    endloop
endfacet
facet normal -0 0 0.99999994
    outer loop
        vertex -0.060140397 0.6637924 0.236
        vertex -0.060589682 0.6606037 0.236
        vertex 0.043713767 0.6690462 0.236
    endloop
endfacet
facet normal 0 0 1
    outer loop
        vertex 0.042890206 0.6720504 0.236
        vertex -0.060140397 0.6637924 0.236
        vertex 0.043713767 0.6690462 0.236
    endloop
endfacet
facet normal 0 0 1
    outer loop
        vertex 0.042890206 0.6720504 0.236
        vertex -0.05955627 0.66721666 0.236
        vertex -0.060140397 0.6637924 0.236
    endloop
endfacet
facet normal 0 0 0.99999994
    outer loop
        vertex 0.042890206 0.6720504 0.236
        vertex 0.041878607 0.67539555 0.236
        vertex -0.05955627 0.66721666 0.236
    endloop
endfacet
facet normal 0 0 1
    outer loop
        vertex -0.14169167 0.62079173 0.236
        vertex -0.14225405 0.6228688 0.236
        vertex -0.14386293 0.62729114 0.236
    endloop
endfacet
facet normal 0 0 1
    outer loop
        vertex -0.05881274 0.6708741 0.236
        vertex 0.041878607 0.67539555 0.236
        vertex -0.057885285 0.67476225 0.236
    endloop
endfacet
facet normal -0 0 1
    outer loop
        vertex -0.05881274 0.6708741 0.236
        vertex -0.05955627 0.66721666 0.236
        vertex 0.041878607 0.67539555 0.236
    endloop
endfacet
facet normal -0 0 1
    outer loop
        vertex -0.041791596 0.71753395 0.236
        vertex -0.044698805 0.71068996 0.236
        vertex 0.024114465 0.7183424 0.236
    endloop
endfacet
facet normal 0 0 1
    outer loop
        vertex 0.024114465 0.7183424 0.236
        vertex -0.044698805 0.71068996 0.236
        vertex 0.027500942 0.7110961 0.236
    endloop
endfacet
facet normal 0 0 1
    outer loop
        vertex 0.030505927 0.70445156 0.236
        vertex 0.027500942 0.7110961 0.236
        vertex -0.047340054 0.7044183 0.236
    endloop
endfacet
facet normal 0 0 0.99999994
    outer loop
        vertex -0.050565936 0.69644755 0.236
        vertex 0.030505927 0.70445156 0.236
        vertex -0.047340054 0.7044183 0.236
    endloop
endfacet
facet normal 0 0 1
    outer loop
        vertex 0.04065478 0.67911416 0.236
        vertex -0.05674935 0.67887866 0.236
        vertex -0.057885285 0.67476225 0.236
    endloop
endfacet
facet normal 0 0 1
    outer loop
        vertex 0.030505927 0.70445156 0.236
        vertex -0.050565936 0.69644755 0.236
        vertex 0.033153597 0.69837624 0.236
    endloop
endfacet
facet normal 0 0 1
    outer loop
        vertex 0.04065478 0.67911416 0.236
        vertex 0.039194547 0.683239 0.236
        vertex -0.05674935 0.67887866 0.236
    endloop
endfacet
facet normal 0 0 1
    outer loop
        vertex 0.03546814 0.69283736 0.236
        vertex 0.033153597 0.69837624 0.236
        vertex -0.050565936 0.69644755 0.236
    endloop
endfacet
facet normal 0 0 1
    outer loop
        vertex -0.05224013 0.6920961 0.236
        vertex 0.03546814 0.69283736 0.236
        vertex -0.050565936 0.69644755 0.236
    endloop
endfacet
facet normal -0 0 1
    outer loop
        vertex -0.05224013 0.6920961 0.236
        vertex -0.053870894 0.6876452 0.236
        vertex 0.03546814 0.69283736 0.236
    endloop
endfacet
facet normal 0 0 1
    outer loop
        vertex 0.03546814 0.69283736 0.236
        vertex -0.053870894 0.6876452 0.236
        vertex 0.037473727 0.6878025 0.236
    endloop
endfacet
facet normal 0 0 1
    outer loop
        vertex 0.037473727 0.6878025 0.236
        vertex -0.053870894 0.6876452 0.236
        vertex -0.055395033 0.6832032 0.236
    endloop
endfacet
facet normal 0 0 1
    outer loop
        vertex 0.039194547 0.683239 0.236
        vertex -0.055395033 0.6832032 0.236
        vertex -0.05674935 0.67887866 0.236
    endloop
endfacet
facet normal 0 0 1
    outer loop
        vertex 0.039194547 0.683239 0.236
        vertex 0.037473727 0.6878025 0.236
        vertex -0.055395033 0.6832032 0.236
    endloop
endfacet
facet normal 0 0 0.99999994
    outer loop
        vertex 0.04065478 0.67911416 0.236
        vertex -0.057885285 0.67476225 0.236
        vertex 0.041878607 0.67539555 0.236
    endloop
endfacet
facet normal 0 0 0.99999994
    outer loop
        vertex 0.04765969 0.63712656 0.236
        vertex 0.0474258 0.64182675 0.236
        vertex 0.047584876 0.6349761 0.236
    endloop
endfacet
facet normal 0 0 1
    outer loop
        vertex 0.046680387 0.6508712 0.236
        vertex -0.06180505 0.6448784 0.236
        vertex 0.047068797 0.64684975 0.236
    endloop
endfacet
facet normal 0 -0 1
    outer loop
        vertex -0.10825318 0.1530931 0.236
        vertex -0.096166365 0.1609605 0.236
        vertex -0.31837827 0.55144733 0.236
    endloop
endfacet
facet normal 0 0 1
    outer loop
        vertex -0.13043779 0.13469312 0.236
        vertex -0.46677563 0.43310446 0.236
        vertex -0.14040434 0.12426935 0.236
    endloop
endfacet
facet normal 0 0 1
    outer loop
        vertex 0.23450056 0.59933317 0.236
        vertex 0.12760088 0.62335354 0.236
        vertex 0.23263331 0.59273994 0.236
    endloop
endfacet
facet normal 0 0 1
    outer loop
        vertex 0.23450056 0.59933317 0.236
        vertex 0.12950233 0.629937 0.236
        vertex 0.12760088 0.62335354 0.236
    endloop
endfacet
facet normal 0 0 1
    outer loop
        vertex 0.12760088 0.62335354 0.236
        vertex 0.12950233 0.629937 0.236
        vertex 0.12804966 0.6253037 0.236
    endloop
endfacet
facet normal 0 -0 1
    outer loop
        vertex 0.23450056 0.59933317 0.236
        vertex 0.23563996 0.6042382 0.236
        vertex 0.12950233 0.629937 0.236
    endloop
endfacet
facet normal 0 -0 1
    outer loop
        vertex 0.23563996 0.6042382 0.236
        vertex 0.23645417 0.60819554 0.236
        vertex 0.13102202 0.6344456 0.236
    endloop
endfacet
facet normal -0 0 1
    outer loop
        vertex 0.13102202 0.6344456 0.236
        vertex 0.23645417 0.60819554 0.236
        vertex 0.13367343 0.6415784 0.236
    endloop
endfacet
facet normal 0 0 1
    outer loop
        vertex 0.13367343 0.6415784 0.236
        vertex 0.23645417 0.60819554 0.236
        vertex 0.23747776 0.6136175 0.236
    endloop
endfacet
facet normal 0 0 1
    outer loop
        vertex 0.13562487 0.64639443 0.236
        vertex 0.13367343 0.6415784 0.236
        vertex 0.23747776 0.6136175 0.236
    endloop
endfacet
facet normal 0 0 1
    outer loop
        vertex 0.23806025 0.6170297 0.236
        vertex 0.13562487 0.64639443 0.236
        vertex 0.23747776 0.6136175 0.236
    endloop
endfacet
facet normal 0 -0 1
    outer loop
        vertex 0.23806025 0.6170297 0.236
        vertex 0.23859583 0.62120104 0.236
        vertex 0.13562487 0.64639443 0.236
    endloop
endfacet
facet normal 0 0 1
    outer loop
        vertex 0.23859583 0.62120104 0.236
        vertex 0.1368185 0.649114 0.236
        vertex 0.13562487 0.64639443 0.236
    endloop
endfacet
facet normal 0 0 1
    outer loop
        vertex 0.23907506 0.62955105 0.236
        vertex 0.1381877 0.6520286 0.236
        vertex 0.23897652 0.62643754 0.236
    endloop
endfacet
facet normal 0 -0 1
    outer loop
        vertex 0.23859583 0.62120104 0.236
        vertex 0.23897652 0.62643754 0.236
        vertex 0.1368185 0.649114 0.236
    endloop
endfacet
facet normal 0 0 1
    outer loop
        vertex 0.23907506 0.62955105 0.236
        vertex 0.1397552 0.6551286 0.236
        vertex 0.1381877 0.6520286 0.236
    endloop
endfacet
facet normal 0 -0 1
    outer loop
        vertex 0.23907506 0.62955105 0.236
        vertex 0.23909439 0.6330457 0.236
        vertex 0.1397552 0.6551286 0.236
    endloop
endfacet
facet normal -0 0 0.99999994
    outer loop
        vertex 0.1397552 0.6551286 0.236
        vertex 0.23909439 0.6330457 0.236
        vertex 0.14154375 0.6584044 0.236
    endloop
endfacet
facet normal 0 0 0.99999994
    outer loop
        vertex 0.027500942 0.7110961 0.236
        vertex -0.044698805 0.71068996 0.236
        vertex -0.047340054 0.7044183 0.236
    endloop
endfacet
facet normal 0 0 1
    outer loop
        vertex 0.23909439 0.6330457 0.236
        vertex 0.14357606 0.66184646 0.236
        vertex 0.14154375 0.6584044 0.236
    endloop
endfacet
facet normal 0 0 1
    outer loop
        vertex 0.17156194 0.69797426 0.236
        vertex 0.16676658 0.6922912 0.236
        vertex 0.2347783 0.6793207 0.236
    endloop
endfacet
facet normal 0 0 1
    outer loop
        vertex 0.2347783 0.6793207 0.236
        vertex 0.16676658 0.6922912 0.236
        vertex 0.23587841 0.67139804 0.236
    endloop
endfacet
facet normal 0 0 1
    outer loop
        vertex 0.23587841 0.67139804 0.236
        vertex 0.16676658 0.6922912 0.236
        vertex 0.16239408 0.6870767 0.236
    endloop
endfacet
facet normal 0 0 1
    outer loop
        vertex 0.23679139 0.664163 0.236
        vertex 0.16239408 0.6870767 0.236
        vertex 0.15696208 0.6804109 0.236
    endloop
endfacet
facet normal 0 0 1
    outer loop
        vertex 0.23679139 0.664163 0.236
        vertex 0.23587841 0.67139804 0.236
        vertex 0.16239408 0.6870767 0.236
    endloop
endfacet
facet normal 0 0 0.99999994
    outer loop
        vertex 0.14587486 0.66544515 0.236
        vertex 0.14357606 0.66184646 0.236
        vertex 0.23902102 0.6369599 0.236
    endloop
endfacet
facet normal 0 0 1
    outer loop
        vertex 0.15696208 0.6804109 0.236
        vertex 0.23753066 0.6575771 0.236
        vertex 0.23679139 0.664163 0.236
    endloop
endfacet
facet normal 0 0 1
    outer loop
        vertex 0.23884147 0.64133185 0.236
        vertex 0.14587486 0.66544515 0.236
        vertex 0.23902102 0.6369599 0.236
    endloop
endfacet
facet normal 0 0 1
    outer loop
        vertex 0.23753066 0.6575771 0.236
        vertex 0.15696208 0.6804109 0.236
        vertex 0.23810978 0.6516021 0.236
    endloop
endfacet
facet normal 0 0 1
    outer loop
        vertex 0.23810978 0.6516021 0.236
        vertex 0.15696208 0.6804109 0.236
        vertex 0.15407966 0.6767463 0.236
    endloop
endfacet
facet normal -0 0 1
    outer loop
        vertex 0.15120941 0.67297375 0.236
        vertex 0.23810978 0.6516021 0.236
        vertex 0.15407966 0.6767463 0.236
    endloop
endfacet
facet normal 0 0 0.99999994
    outer loop
        vertex 0.15120941 0.67297375 0.236
        vertex 0.23854221 0.64619976 0.236
        vertex 0.23810978 0.6516021 0.236
    endloop
endfacet
facet normal 0 0 1
    outer loop
        vertex 0.15120941 0.67297375 0.236
        vertex 0.1484437 0.66917837 0.236
        vertex 0.23854221 0.64619976 0.236
    endloop
endfacet
facet normal 0 0 0.99999994
    outer loop
        vertex 0.23854221 0.64619976 0.236
        vertex 0.1484437 0.66917837 0.236
        vertex 0.23884147 0.64133185 0.236
    endloop
endfacet
facet normal 0 0 1
    outer loop
        vertex 0.23884147 0.64133185 0.236
        vertex 0.1484437 0.66917837 0.236
        vertex 0.14587486 0.66544515 0.236
    endloop
endfacet
facet normal 0 0 1
    outer loop
        vertex 0.23902102 0.6369599 0.236
        vertex 0.14357606 0.66184646 0.236
        vertex 0.23909439 0.6330457 0.236
    endloop
endfacet
facet normal 0 -0 0.99999994
    outer loop
        vertex 0.23333867 0.59477293 0.236
        vertex 0.23450056 0.59933317 0.236
        vertex 0.23263331 0.59273994 0.236
    endloop
endfacet
facet normal -0 0 1
    outer loop
        vertex 0.1368185 0.649114 0.236
        vertex 0.23897652 0.62643754 0.236
        vertex 0.1381877 0.6520286 0.236
    endloop
endfacet
facet normal 0 0 1
    outer loop
        vertex 0 0.1875 0.236
        vertex -0.061804775 0.63327074 0.236
        vertex -0.014411079 0.18694536 0.236
    endloop
endfacet
facet normal -0 0 1
    outer loop
        vertex -0.24571879 0.58691907 0.236
        vertex -0.056794774 0.17869136 0.236
        vertex -0.14169167 0.62079173 0.236
    endloop
endfacet
facet normal 0 0 1
    outer loop
        vertex 0.4007389 0.50358623 0.236
        vertex 0.30566862 0.5580487 0.236
        vertex 0.39701122 0.49783632 0.236
    endloop
endfacet
facet normal 0 0 1
    outer loop
        vertex 0.4007389 0.50358623 0.236
        vertex 0.3094261 0.5637792 0.236
        vertex 0.30566862 0.5580487 0.236
    endloop
endfacet
facet normal 0 0 1
    outer loop
        vertex 0.30566862 0.5580487 0.236
        vertex 0.3094261 0.5637792 0.236
        vertex 0.30667228 0.5597799 0.236
    endloop
endfacet
facet normal 0 0 1
    outer loop
        vertex 0.4032735 0.5079375 0.236
        vertex 0.3122072 0.5676395 0.236
        vertex 0.3094261 0.5637792 0.236
    endloop
endfacet
facet normal 0 0 1
    outer loop
        vertex 0.23563996 0.6042382 0.236
        vertex 0.13102202 0.6344456 0.236
        vertex 0.12950233 0.629937 0.236
    endloop
endfacet
facet normal 0 0 1
    outer loop
        vertex 0.40521795 0.511479 0.236
        vertex 0.3122072 0.5676395 0.236
        vertex 0.4032735 0.5079375 0.236
    endloop
endfacet
facet normal 0 0 0.99999994
    outer loop
        vertex 0.40521795 0.511479 0.236
        vertex 0.31684324 0.5736739 0.236
        vertex 0.3122072 0.5676395 0.236
    endloop
endfacet
facet normal 0 -0 1
    outer loop
        vertex 0.40521795 0.511479 0.236
        vertex 0.4077942 0.51635844 0.236
        vertex 0.31684324 0.5736739 0.236
    endloop
endfacet
facet normal 0 -0 1
    outer loop
        vertex 0.4093566 0.5194474 0.236
        vertex 0.41109788 0.52327543 0.236
        vertex 0.32012755 0.5777008 0.236
    endloop
endfacet
facet normal -0 0 1
    outer loop
        vertex 0.31684324 0.5736739 0.236
        vertex 0.4077942 0.51635844 0.236
        vertex 0.32012755 0.5777008 0.236
    endloop
endfacet
facet normal -0 0 1
    outer loop
        vertex 0.32012755 0.5777008 0.236
        vertex 0.41109788 0.52327543 0.236
        vertex 0.32206976 0.57994777 0.236
    endloop
endfacet
facet normal 0 0 1
    outer loop
        vertex 0.32206976 0.57994777 0.236
        vertex 0.41109788 0.52327543 0.236
        vertex 0.4130052 0.5281671 0.236
    endloop
endfacet
facet normal 0 0 1
    outer loop
        vertex 0.32423723 0.5823293 0.236
        vertex 0.32206976 0.57994777 0.236
        vertex 0.4130052 0.5281671 0.236
    endloop
endfacet
facet normal 0 0 1
    outer loop
        vertex 0.41401708 0.53111327 0.236
        vertex 0.32423723 0.5823293 0.236
        vertex 0.4130052 0.5281671 0.236
    endloop
endfacet
facet normal 0 0 1
    outer loop
        vertex 0.41401708 0.53111327 0.236
        vertex 0.32664883 0.5848295 0.236
        vertex 0.32423723 0.5823293 0.236
    endloop
endfacet
facet normal 0 -0 1
    outer loop
        vertex 0.41401708 0.53111327 0.236
        vertex 0.41506562 0.53444695 0.236
        vertex 0.32664883 0.5848295 0.236
    endloop
endfacet
facet normal -0 0 0.99999994
    outer loop
        vertex 0.32664883 0.5848295 0.236
        vertex 0.41506562 0.53444695 0.236
        vertex 0.32932347 0.5874326 0.236
    endloop
endfacet
facet normal 0 0 1
    outer loop
        vertex 0.33228007 0.5901227 0.236
        vertex 0.32932347 0.5874326 0.236
        vertex 0.41506562 0.53444695 0.236
    endloop
endfacet
facet normal -0 0 1
    outer loop
        vertex 0.36341402 0.6123794 0.236
        vertex 0.42458105 0.57993823 0.236
        vertex 0.36967143 0.6163964 0.236
    endloop
endfacet
facet normal 0 0 1
    outer loop
        vertex 0.36341402 0.6123794 0.236
        vertex 0.42329708 0.57204336 0.236
        vertex 0.42458105 0.57993823 0.236
    endloop
endfacet
facet normal 0 0 1
    outer loop
        vertex 0.36341402 0.6123794 0.236
        vertex 0.35769877 0.6086853 0.236
        vertex 0.42329708 0.57204336 0.236
    endloop
endfacet
facet normal 0 0 1
    outer loop
        vertex 0.42329708 0.57204336 0.236
        vertex 0.35769877 0.6086853 0.236
        vertex 0.4220369 0.5648606 0.236
    endloop
endfacet
facet normal 0 0 1
    outer loop
        vertex 0.4220369 0.5648606 0.236
        vertex 0.35769877 0.6086853 0.236
        vertex 0.35054332 0.60391676 0.236
    endloop
endfacet
facet normal 0 0 1
    outer loop
        vertex 0.33553743 0.5928839 0.236
        vertex 0.33228007 0.5901227 0.236
        vertex 0.4161492 0.53820884 0.236
    endloop
endfacet
facet normal 0 0 1
    outer loop
        vertex 0.35054332 0.60391676 0.236
        vertex 0.4208021 0.55834943 0.236
        vertex 0.4220369 0.5648606 0.236
    endloop
endfacet
facet normal 0 0 1
    outer loop
        vertex 0.41726628 0.54243946 0.236
        vertex 0.33553743 0.5928839 0.236
        vertex 0.4161492 0.53820884 0.236
    endloop
endfacet
facet normal 0 0 1
    outer loop
        vertex 0.4208021 0.55834943 0.236
        vertex 0.35054332 0.60391676 0.236
        vertex 0.41959435 0.5524692 0.236
    endloop
endfacet
facet normal 0 0 1
    outer loop
        vertex 0.41959435 0.5524692 0.236
        vertex 0.35054332 0.60391676 0.236
        vertex 0.3467088 0.60126454 0.236
    endloop
endfacet
facet normal -0 0 1
    outer loop
        vertex 0.3428541 0.5985057 0.236
        vertex 0.41959435 0.5524692 0.236
        vertex 0.3467088 0.60126454 0.236
    endloop
endfacet
facet normal 0 0 1
    outer loop
        vertex 0.3428541 0.5985057 0.236
        vertex 0.4184152 0.5471794 0.236
        vertex 0.41959435 0.5524692 0.236
    endloop
endfacet
facet normal 0 0 1
    outer loop
        vertex 0.3428541 0.5985057 0.236
        vertex 0.33909258 0.5956941 0.236
        vertex 0.4184152 0.5471794 0.236
    endloop
endfacet
facet normal 0 0 1
    outer loop
        vertex 0.4184152 0.5471794 0.236
        vertex 0.33909258 0.5956941 0.236
        vertex 0.41726628 0.54243946 0.236
    endloop
endfacet
facet normal 0 0 1
    outer loop
        vertex 0.41726628 0.54243946 0.236
        vertex 0.33909258 0.5956941 0.236
        vertex 0.33553743 0.5928839 0.236
    endloop
endfacet
facet normal 0 0 1
    outer loop
        vertex 0.4161492 0.53820884 0.236
        vertex 0.33228007 0.5901227 0.236
        vertex 0.41506562 0.53444695 0.236
    endloop
endfacet
facet normal 0 -0 0.99999994
    outer loop
        vertex 0.39828447 0.49957103 0.236
        vertex 0.4007389 0.50358623 0.236
        vertex 0.39701122 0.49783632 0.236
    endloop
endfacet
facet normal 0 0 1
    outer loop
        vertex 0.4032735 0.5079375 0.236
        vertex 0.3094261 0.5637792 0.236
        vertex 0.4007389 0.50358623 0.236
    endloop
endfacet
facet normal 0 0 1
    outer loop
        vertex 0.12760088 0.62335354 0.236
        vertex 0.028736902 0.18528476 0.236
        vertex 0.042892717 0.18252799 0.236
    endloop
endfacet
facet normal 0 0 1
    outer loop
        vertex 0.45657638 0.44315878 0.236
        vertex 0.526113 0.35869774 0.236
        vertex 0.5313698 0.36309344 0.236
    endloop
endfacet
facet normal 0 0 0.99999994
    outer loop
        vertex 0.46185598 0.4475271 0.236
        vertex 0.45657638 0.44315878 0.236
        vertex 0.5313698 0.36309344 0.236
    endloop
endfacet
facet normal 0 0 1
    outer loop
        vertex 0.46185598 0.4475271 0.236
        vertex 0.5313698 0.36309344 0.236
        vertex 0.53507435 0.3665043 0.236
    endloop
endfacet
facet normal -0 0 1
    outer loop
        vertex 0.4656514 0.4503962 0.236
        vertex 0.5379763 0.36931536 0.236
        vertex 0.4718601 0.454796 0.236
    endloop
endfacet
facet normal 0 0 1
    outer loop
        vertex 0.4656514 0.4503962 0.236
        vertex 0.46185598 0.4475271 0.236
        vertex 0.53507435 0.3665043 0.236
    endloop
endfacet
facet normal 0 0 1
    outer loop
        vertex 0.4718601 0.454796 0.236
        vertex 0.5379763 0.36931536 0.236
        vertex 0.5418764 0.37321857 0.236
    endloop
endfacet
facet normal 0 0 1
    outer loop
        vertex 0.4761855 0.45767593 0.236
        vertex 0.4718601 0.454796 0.236
        vertex 0.5418764 0.37321857 0.236
    endloop
endfacet
facet normal 0 0 1
    outer loop
        vertex 0.5442798 0.3757098 0.236
        vertex 0.4761855 0.45767593 0.236
        vertex 0.5418764 0.37321857 0.236
    endloop
endfacet
facet normal 0 -0 1
    outer loop
        vertex 0.5442798 0.3757098 0.236
        vertex 0.5470721 0.37885454 0.236
        vertex 0.4761855 0.45767593 0.236
    endloop
endfacet
facet normal -0 0 1
    outer loop
        vertex 0.4761855 0.45767593 0.236
        vertex 0.5470721 0.37885454 0.236
        vertex 0.47870374 0.4592506 0.236
    endloop
endfacet
facet normal 0 0 1
    outer loop
        vertex 0.47870374 0.4592506 0.236
        vertex 0.5470721 0.37885454 0.236
        vertex 0.55033654 0.38296673 0.236
    endloop
endfacet
facet normal 0 0 1
    outer loop
        vertex 0.48147687 0.4608874 0.236
        vertex 0.47870374 0.4592506 0.236
        vertex 0.55033654 0.38296673 0.236
    endloop
endfacet
facet normal 0 0 1
    outer loop
        vertex 0.5521718 0.38548368 0.236
        vertex 0.48147687 0.4608874 0.236
        vertex 0.55033654 0.38296673 0.236
    endloop
endfacet
facet normal 0 0 1
    outer loop
        vertex 0.5521718 0.38548368 0.236
        vertex 0.48451826 0.46256575 0.236
        vertex 0.48147687 0.4608874 0.236
    endloop
endfacet
facet normal 0 -0 1
    outer loop
        vertex 0.5521718 0.38548368 0.236
        vertex 0.5541564 0.38836023 0.236
        vertex 0.48451826 0.46256575 0.236
    endloop
endfacet
facet normal -0 0 1
    outer loop
        vertex 0.48451826 0.46256575 0.236
        vertex 0.5541564 0.38836023 0.236
        vertex 0.48784137 0.4642648 0.236
    endloop
endfacet
facet normal 0 0 1
    outer loop
        vertex 0.4093566 0.5194474 0.236
        vertex 0.32012755 0.5777008 0.236
        vertex 0.4077942 0.51635844 0.236
    endloop
endfacet
facet normal 0 0 0.99999994
    outer loop
        vertex 0.49145946 0.46596393 0.236
        vertex 0.48784137 0.4642648 0.236
        vertex 0.5541564 0.38836023 0.236
    endloop
endfacet
facet normal -0 0 1
    outer loop
        vertex 0.5277706 0.47805488 0.236
        vertex 0.5766579 0.42902577 0.236
        vertex 0.534934 0.48004913 0.236
    endloop
endfacet
facet normal 0 0 1
    outer loop
        vertex 0.5277706 0.47805488 0.236
        vertex 0.5731039 0.4218601 0.236
        vertex 0.5766579 0.42902577 0.236
    endloop
endfacet
facet normal 0 0 0.99999994
    outer loop
        vertex 0.5277706 0.47805488 0.236
        vertex 0.5212204 0.47620958 0.236
        vertex 0.5731039 0.4218601 0.236
    endloop
endfacet
facet normal 0 0 1
    outer loop
        vertex 0.5731039 0.4218601 0.236
        vertex 0.5212204 0.47620958 0.236
        vertex 0.56978256 0.4153679 0.236
    endloop
endfacet
facet normal 0 0 1
    outer loop
        vertex 0.56978256 0.4153679 0.236
        vertex 0.5212204 0.47620958 0.236
        vertex 0.5129773 0.473762 0.236
    endloop
endfacet
facet normal 0 0 1
    outer loop
        vertex 0.49538606 0.46764237 0.236
        vertex 0.49145946 0.46596393 0.236
        vertex 0.5563007 0.3916356 0.236
    endloop
endfacet
facet normal 0 -0 0.99999994
    outer loop
        vertex 0.5666834 0.4095099 0.236
        vertex 0.56978256 0.4153679 0.236
        vertex 0.5129773 0.473762 0.236
    endloop
endfacet
facet normal 0 0 1
    outer loop
        vertex 0.49538606 0.46764237 0.236
        vertex 0.5563007 0.3916356 0.236
        vertex 0.55861515 0.395349 0.236
    endloop
endfacet
facet normal 0 0 1
    outer loop
        vertex 0.5129773 0.473762 0.236
        vertex 0.56379604 0.4042469 0.236
        vertex 0.5666834 0.4095099 0.236
    endloop
endfacet
facet normal 0 0 1
    outer loop
        vertex 0.5129773 0.473762 0.236
        vertex 0.50853133 0.47235784 0.236
        vertex 0.56379604 0.4042469 0.236
    endloop
endfacet
facet normal 0 0 0.99999994
    outer loop
        vertex 0.56379604 0.4042469 0.236
        vertex 0.50853133 0.47235784 0.236
        vertex 0.5040347 0.4708577 0.236
    endloop
endfacet
facet normal 0 -0 1
    outer loop
        vertex 0.56111014 0.3995397 0.236
        vertex 0.56379604 0.4042469 0.236
        vertex 0.5040347 0.4708577 0.236
    endloop
endfacet
facet normal -0 0 1
    outer loop
        vertex 0.49961156 0.4692798 0.236
        vertex 0.56111014 0.3995397 0.236
        vertex 0.5040347 0.4708577 0.236
    endloop
endfacet
facet normal 0 0 0.99999994
    outer loop
        vertex 0.49961156 0.4692798 0.236
        vertex 0.55861515 0.395349 0.236
        vertex 0.56111014 0.3995397 0.236
    endloop
endfacet
facet normal 0 0 1
    outer loop
        vertex 0.49961156 0.4692798 0.236
        vertex 0.49538606 0.46764237 0.236
        vertex 0.55861515 0.395349 0.236
    endloop
endfacet
facet normal 0 0 1
    outer loop
        vertex 0.526113 0.35869774 0.236
        vertex 0.527841 0.35998008 0.236
        vertex 0.5313698 0.36309344 0.236
    endloop
endfacet
facet normal 0 0 1
    outer loop
        vertex 0.46185598 0.4475271 0.236
        vertex 0.45804572 0.44451723 0.236
        vertex 0.45657638 0.44315878 0.236
    endloop
endfacet
facet normal -0 0 1
    outer loop
        vertex 0.08351062 0.16787562 0.236
        vertex 0.096166365 0.1609605 0.236
        vertex 0.30566862 0.5580487 0.236
    endloop
endfacet
facet normal 0 0 1
    outer loop
        vertex 0.526113 0.35869774 0.236
        vertex 0.45657638 0.44315878 0.236
        vertex 0.2367767 0.0625 0.236
    endloop
endfacet
facet normal 0 0 1
    outer loop
        vertex 0.61933154 0.19250563 0.236
        vertex 0.57324797 0.2915103 0.236
        vertex 0.6147862 0.19033821 0.236
    endloop
endfacet
facet normal 0 0 1
    outer loop
        vertex 0.5669153 0.28889224 0.236
        vertex 0.526113 0.35869774 0.236
        vertex 0.2367767 0.0625 0.236
    endloop
endfacet
facet normal 0 0 1
    outer loop
        vertex 0.61933154 0.19250563 0.236
        vertex 0.57772046 0.2931332 0.236
        vertex 0.57324797 0.2915103 0.236
    endloop
endfacet
facet normal 0 -0 1
    outer loop
        vertex 0.61933154 0.19250563 0.236
        vertex 0.62293315 0.1943364 0.236
        vertex 0.57772046 0.2931332 0.236
    endloop
endfacet
facet normal -0 0 1
    outer loop
        vertex 0.57772046 0.2931332 0.236
        vertex 0.62293315 0.1943364 0.236
        vertex 0.58495015 0.29550746 0.236
    endloop
endfacet
facet normal 0 0 1
    outer loop
        vertex 0.58495015 0.29550746 0.236
        vertex 0.62293315 0.1943364 0.236
        vertex 0.6278105 0.19691667 0.236
    endloop
endfacet
facet normal 0 0 1
    outer loop
        vertex 0.58993226 0.29698455 0.236
        vertex 0.58495015 0.29550746 0.236
        vertex 0.6278105 0.19691667 0.236
    endloop
endfacet
facet normal 0 0 1
    outer loop
        vertex 0.6308414 0.19858876 0.236
        vertex 0.58993226 0.29698455 0.236
        vertex 0.6278105 0.19691667 0.236
    endloop
endfacet
facet normal 0 -0 0.99999994
    outer loop
        vertex 0.6308414 0.19858876 0.236
        vertex 0.6344366 0.20077077 0.236
        vertex 0.58993226 0.29698455 0.236
    endloop
endfacet
facet normal -0 0 1
    outer loop
        vertex 0.58993226 0.29698455 0.236
        vertex 0.6344366 0.20077077 0.236
        vertex 0.5928027 0.297747 0.236
    endloop
endfacet
facet normal 0 0 1
    outer loop
        vertex 0.5928027 0.297747 0.236
        vertex 0.6344366 0.20077077 0.236
        vertex 0.6387681 0.20373805 0.236
    endloop
endfacet
facet normal 0 0 1
    outer loop
        vertex 0.5959351 0.2984937 0.236
        vertex 0.5928027 0.297747 0.236
        vertex 0.6387681 0.20373805 0.236
    endloop
endfacet
facet normal 0 0 1
    outer loop
        vertex 0.6412637 0.20560224 0.236
        vertex 0.5959351 0.2984937 0.236
        vertex 0.6387681 0.20373805 0.236
    endloop
endfacet
facet normal 0 0 1
    outer loop
        vertex 0.6412637 0.20560224 0.236
        vertex 0.5993361 0.29920098 0.236
        vertex 0.5959351 0.2984937 0.236
    endloop
endfacet
facet normal 0 -0 0.99999994
    outer loop
        vertex 0.6412637 0.20560224 0.236
        vertex 0.64400804 0.20776603 0.236
        vertex 0.5993361 0.29920098 0.236
    endloop
endfacet
facet normal -0 0 1
    outer loop
        vertex 0.5993361 0.29920098 0.236
        vertex 0.64400804 0.20776603 0.236
        vertex 0.6030124 0.29984507 0.236
    endloop
endfacet
facet normal -0 0 1
    outer loop
        vertex 0.6030124 0.29984507 0.236
        vertex 0.64400804 0.20776603 0.236
        vertex 0.60697055 0.30040222 0.236
    endloop
endfacet
facet normal 0 0 1
    outer loop
        vertex 0.4656514 0.4503962 0.236
        vertex 0.53507435 0.3665043 0.236
        vertex 0.5379763 0.36931536 0.236
    endloop
endfacet
facet normal 0 0 1
    outer loop
        vertex 0.6526654 0.3010473 0.236
        vertex 0.6452323 0.30125314 0.236
        vertex 0.6774962 0.23999245 0.236
    endloop
endfacet
facet normal 0 0 1
    outer loop
        vertex 0.6774962 0.23999245 0.236
        vertex 0.6452323 0.30125314 0.236
        vertex 0.67198795 0.23419268 0.236
    endloop
endfacet
facet normal 0 0 1
    outer loop
        vertex 0.67198795 0.23419268 0.236
        vertex 0.6452323 0.30125314 0.236
        vertex 0.6384292 0.3014205 0.236
    endloop
endfacet
facet normal 0 -0 1
    outer loop
        vertex 0.6669005 0.22896789 0.236
        vertex 0.67198795 0.23419268 0.236
        vertex 0.6384292 0.3014205 0.236
    endloop
endfacet
facet normal 0 0 1
    outer loop
        vertex 0.62983096 0.30151135 0.236
        vertex 0.6669005 0.22896789 0.236
        vertex 0.6384292 0.3014205 0.236
    endloop
endfacet
facet normal 0 0 1
    outer loop
        vertex 0.6470224 0.21026382 0.236
        vertex 0.61121744 0.3008487 0.236
        vertex 0.60697055 0.30040222 0.236
    endloop
endfacet
facet normal 0 0 1
    outer loop
        vertex 0.6669005 0.22896789 0.236
        vertex 0.62983096 0.30151135 0.236
        vertex 0.66221243 0.22428365 0.236
    endloop
endfacet
facet normal 0 -0 0.99999994
    outer loop
        vertex 0.6470224 0.21026382 0.236
        vertex 0.65032864 0.21313006 0.236
        vertex 0.61121744 0.3008487 0.236
    endloop
endfacet
facet normal 0 -0 1
    outer loop
        vertex 0.6579021 0.22010554 0.236
        vertex 0.66221243 0.22428365 0.236
        vertex 0.62983096 0.30151135 0.236
    endloop
endfacet
facet normal -0 0 1
    outer loop
        vertex 0.6251686 0.30148005 0.236
        vertex 0.6579021 0.22010554 0.236
        vertex 0.62983096 0.30151135 0.236
    endloop
endfacet
facet normal 0 0 1
    outer loop
        vertex 0.6251686 0.30148005 0.236
        vertex 0.6204296 0.301372 0.236
        vertex 0.6579021 0.22010554 0.236
    endloop
endfacet
facet normal 0 0 1
    outer loop
        vertex 0.6579021 0.22010554 0.236
        vertex 0.6204296 0.301372 0.236
        vertex 0.65394795 0.21639916 0.236
    endloop
endfacet
facet normal 0 0 0.99999994
    outer loop
        vertex 0.65394795 0.21639916 0.236
        vertex 0.6204296 0.301372 0.236
        vertex 0.61573786 0.30116794 0.236
    endloop
endfacet
facet normal 0 -0 1
    outer loop
        vertex 0.65032864 0.21313006 0.236
        vertex 0.65394795 0.21639916 0.236
        vertex 0.61573786 0.30116794 0.236
    endloop
endfacet
facet normal -0 0 1
    outer loop
        vertex 0.61121744 0.3008487 0.236
        vertex 0.65032864 0.21313006 0.236
        vertex 0.61573786 0.30116794 0.236
    endloop
endfacet
facet normal 0 -0 1
    outer loop
        vertex 0.64400804 0.20776603 0.236
        vertex 0.6470224 0.21026382 0.236
        vertex 0.60697055 0.30040222 0.236
    endloop
endfacet
facet normal -0 0 1
    outer loop
        vertex 0.5687198 0.28975722 0.236
        vertex 0.5669153 0.28889224 0.236
        vertex 0.57324797 0.2915103 0.236
    endloop
endfacet
facet normal 0 0 1
    outer loop
        vertex 0.49145946 0.46596393 0.236
        vertex 0.5541564 0.38836023 0.236
        vertex 0.5563007 0.3916356 0.236
    endloop
endfacet
facet normal 0 0 1
    outer loop
        vertex 0.57324797 0.2915103 0.236
        vertex 0.5669153 0.28889224 0.236
        vertex 0.6147862 0.19033821 0.236
    endloop
endfacet
facet normal 0 0 1
    outer loop
        vertex 0.6337043 0.109591514 0.236
        vertex 0.62688136 0.10895634 0.236
        vertex 0.64357615 0.0006705823 0.236
    endloop
endfacet
facet normal 0 0 1
    outer loop
        vertex 0.6147862 0.19033821 0.236
        vertex 0.5669153 0.28889224 0.236
        vertex 0.6084672 0.1876873 0.236
    endloop
endfacet
facet normal 0 0 1
    outer loop
        vertex 0.6337043 0.109591514 0.236
        vertex 0.6288606 0.10925103 0.236
        vertex 0.62688136 0.10895634 0.236
    endloop
endfacet
facet normal 0 0 1
    outer loop
        vertex 0.64855844 0.0014019582 0.236
        vertex 0.6337043 0.109591514 0.236
        vertex 0.64357615 0.0006705823 0.236
    endloop
endfacet
facet normal 0 0 1
    outer loop
        vertex 0.64855844 0.0014019582 0.236
        vertex 0.63845646 0.109824054 0.236
        vertex 0.6337043 0.109591514 0.236
    endloop
endfacet
facet normal 0 -0 0.99999994
    outer loop
        vertex 0.64855844 0.0014019582 0.236
        vertex 0.6525397 0.002089807 0.236
        vertex 0.63845646 0.109824054 0.236
    endloop
endfacet
facet normal -0 0 1
    outer loop
        vertex 0.63845646 0.109824054 0.236
        vertex 0.6525397 0.002089807 0.236
        vertex 0.6460649 0.10996181 0.236
    endloop
endfacet
facet normal 0 0 0.99999994
    outer loop
        vertex 0.6460649 0.10996181 0.236
        vertex 0.6525397 0.002089807 0.236
        vertex 0.6579608 0.0031178321 0.236
    endloop
endfacet
facet normal 0 0 0.99999994
    outer loop
        vertex 0.6512609 0.109904766 0.236
        vertex 0.6460649 0.10996181 0.236
        vertex 0.6579608 0.0031178321 0.236
    endloop
endfacet
facet normal 0 0 1
    outer loop
        vertex 0.66134995 0.003822243 0.236
        vertex 0.6512609 0.109904766 0.236
        vertex 0.6579608 0.0031178321 0.236
    endloop
endfacet
facet normal 0 -0 0.99999994
    outer loop
        vertex 0.66134995 0.003822243 0.236
        vertex 0.6654285 0.004847616 0.236
        vertex 0.6512609 0.109904766 0.236
    endloop
endfacet
facet normal 0 0 1
    outer loop
        vertex 0.6512609 0.109904766 0.236
        vertex 0.6654285 0.004847616 0.236
        vertex 0.6542287 0.10978724 0.236
    endloop
endfacet
facet normal 0 0 1
    outer loop
        vertex 0.6542287 0.10978724 0.236
        vertex 0.6654285 0.004847616 0.236
        vertex 0.67044216 0.006406357 0.236
    endloop
endfacet
facet normal 0 0 1
    outer loop
        vertex 0.657442 0.1095775 0.236
        vertex 0.6542287 0.10978724 0.236
        vertex 0.67044216 0.006406357 0.236
    endloop
endfacet
facet normal 0 0 1
    outer loop
        vertex 0.67337644 0.0074521173 0.236
        vertex 0.657442 0.1095775 0.236
        vertex 0.67044216 0.006406357 0.236
    endloop
endfacet
facet normal 0 0 1
    outer loop
        vertex 0.67337644 0.0074521173 0.236
        vertex 0.6609003 0.109250896 0.236
        vertex 0.657442 0.1095775 0.236
    endloop
endfacet
facet normal 0 -0 1
    outer loop
        vertex 0.67337644 0.0074521173 0.236
        vertex 0.67663664 0.008710871 0.236
        vertex 0.6609003 0.109250896 0.236
    endloop
endfacet
facet normal 0 0 1
    outer loop
        vertex 0.6609003 0.109250896 0.236
        vertex 0.67663664 0.008710871 0.236
        vertex 0.66460305 0.108782776 0.236
    endloop
endfacet
facet normal 0 0 1
    outer loop
        vertex 0.66460305 0.108782776 0.236
        vertex 0.67663664 0.008710871 0.236
        vertex 0.6685497 0.10814847 0.236
    endloop
endfacet
facet normal 0 0 1
    outer loop
        vertex 0.6422985 -0.32257444 0.236
        vertex 0.637825 -0.31663468 0.236
        vertex 0.6100456 -0.380055 0.236
    endloop
endfacet
facet normal 0 0 1
    outer loop
        vertex 0.637825 -0.31663468 0.236
        vertex 0.6020768 -0.37936458 0.236
        vertex 0.6100456 -0.380055 0.236
    endloop
endfacet
facet normal 0 0 1
    outer loop
        vertex 0.7124045 0.095296115 0.236
        vertex 0.7053624 0.09768375 0.236
        vertex 0.71813595 0.029634764 0.236
    endloop
endfacet
facet normal 0 0 1
    outer loop
        vertex 0.6337142 -0.31121144 0.236
        vertex 0.6020768 -0.37936458 0.236
        vertex 0.637825 -0.31663468 0.236
    endloop
endfacet
facet normal 0 0 1
    outer loop
        vertex 0.71813595 0.029634764 0.236
        vertex 0.7053624 0.09768375 0.236
        vertex 0.7111629 0.025716236 0.236
    endloop
endfacet
facet normal 0 0 1
    outer loop
        vertex 0.6337142 -0.31121144 0.236
        vertex 0.59482 -0.3786447 0.236
        vertex 0.6020768 -0.37936458 0.236
    endloop
endfacet
facet normal 0 0 1
    outer loop
        vertex 0.7111629 0.025716236 0.236
        vertex 0.7053624 0.09768375 0.236
        vertex 0.6989109 0.099848926 0.236
    endloop
endfacet
facet normal 0 -0 1
    outer loop
        vertex 0.59482 -0.3786447 0.236
        vertex 0.6284242 -0.3044324 0.236
        vertex 0.5882347 -0.37789994 0.236
    endloop
endfacet
facet normal 0 -0 1
    outer loop
        vertex 0.7047615 0.022223106 0.236
        vertex 0.7111629 0.025716236 0.236
        vertex 0.6989109 0.099848926 0.236
    endloop
endfacet
facet normal 0 0 1
    outer loop
        vertex 0.62245363 -0.29716903 0.236
        vertex 0.5822807 -0.37713498 0.236
        vertex 0.6254929 -0.3008068 0.236
    endloop
endfacet
facet normal 0 0 1
    outer loop
        vertex 0.69072133 0.10247013 0.236
        vertex 0.7047615 0.022223106 0.236
        vertex 0.6989109 0.099848926 0.236
    endloop
endfacet
facet normal 0 0 1
    outer loop
        vertex 0.6133039 -0.287251 0.236
        vertex 0.5639704 -0.3739657 0.236
        vertex 0.5678028 -0.3747652 0.236
    endloop
endfacet
facet normal 0 0 1
    outer loop
        vertex 0.6802534 0.010209169 0.236
        vertex 0.67273945 0.10732334 0.236
        vertex 0.6685497 0.10814847 0.236
    endloop
endfacet
facet normal 0 -0 1
    outer loop
        vertex 0.47091982 -0.5429843 0.236
        vertex 0.51615846 -0.49056968 0.236
        vertex 0.46350858 -0.5399757 0.236
    endloop
endfacet
facet normal 0 0 1
    outer loop
        vertex 0.7047615 0.022223106 0.236
        vertex 0.69072133 0.10247013 0.236
        vertex 0.698901 0.019128824 0.236
    endloop
endfacet
facet normal 0 -0 1
    outer loop
        vertex 0.4359889 -0.5275087 0.236
        vertex 0.50335497 -0.45905393 0.236
        vertex 0.43211293 -0.52547824 0.236
    endloop
endfacet
facet normal 0 -0 1
    outer loop
        vertex 0.6802534 0.010209169 0.236
        vertex 0.6842575 0.011973564 0.236
        vertex 0.67273945 0.10732334 0.236
    endloop
endfacet
facet normal 0 0 0.99999994
    outer loop
        vertex 0.5107721 -0.4761386 0.236
        vertex 0.4452491 -0.5320102 0.236
        vertex 0.45071313 -0.5344961 0.236
    endloop
endfacet
facet normal 0 -0 0.99999994
    outer loop
        vertex 0.6935506 0.01640684 0.236
        vertex 0.698901 0.019128824 0.236
        vertex 0.69072133 0.10247013 0.236
    endloop
endfacet
facet normal 0 0 1
    outer loop
        vertex 0.50903964 -0.47181004 0.236
        vertex 0.4452491 -0.5320102 0.236
        vertex 0.5107721 -0.4761386 0.236
    endloop
endfacet
facet normal 0 0 1
    outer loop
        vertex 0.68625695 0.10381446 0.236
        vertex 0.6935506 0.01640684 0.236
        vertex 0.69072133 0.10247013 0.236
    endloop
endfacet
facet normal 0 0 1
    outer loop
        vertex 0.50720763 -0.46743807 0.236
        vertex 0.4452491 -0.5320102 0.236
        vertex 0.50903964 -0.47181004 0.236
    endloop
endfacet
facet normal 0 0 1
    outer loop
        vertex 0.68625695 0.10381446 0.236
        vertex 0.6816966 0.105108045 0.236
        vertex 0.6935506 0.01640684 0.236
    endloop
endfacet
facet normal 0 0 1
    outer loop
        vertex 0.5053037 -0.46314523 0.236
        vertex 0.44035432 -0.52968353 0.236
        vertex 0.50720763 -0.46743807 0.236
    endloop
endfacet
facet normal 0 0 1
    outer loop
        vertex 0.6935506 0.01640684 0.236
        vertex 0.6816966 0.105108045 0.236
        vertex 0.6886797 0.014030603 0.236
    endloop
endfacet
facet normal -0 0 1
    outer loop
        vertex 0.4359889 -0.5275087 0.236
        vertex 0.44035432 -0.52968353 0.236
        vertex 0.5053037 -0.46314523 0.236
    endloop
endfacet
facet normal 0 0 1
    outer loop
        vertex 0.6886797 0.014030603 0.236
        vertex 0.6816966 0.105108045 0.236
        vertex 0.6771532 0.10629598 0.236
    endloop
endfacet
facet normal 0 0 1
    outer loop
        vertex 0.4359889 -0.5275087 0.236
        vertex 0.5053037 -0.46314523 0.236
        vertex 0.50335497 -0.45905393 0.236
    endloop
endfacet
facet normal 0 -0 1
    outer loop
        vertex 0.6842575 0.011973564 0.236
        vertex 0.6886797 0.014030603 0.236
        vertex 0.6771532 0.10629598 0.236
    endloop
endfacet
facet normal 0 0 0.99999994
    outer loop
        vertex 0.50138783 -0.45526373 0.236
        vertex 0.42868647 -0.52358466 0.236
        vertex 0.43211293 -0.52547824 0.236
    endloop
endfacet
facet normal 0 0 1
    outer loop
        vertex 0.67273945 0.10732334 0.236
        vertex 0.6842575 0.011973564 0.236
        vertex 0.6771532 0.10629598 0.236
    endloop
endfacet
facet normal 0 0 1
    outer loop
        vertex 0.39701122 -0.49783632 0.236
        vertex 0.3984191 -0.49946368 0.236
        vertex 0.4017875 -0.50275004 0.236
    endloop
endfacet
facet normal 0 -0 1
    outer loop
        vertex 0.67663664 0.008710871 0.236
        vertex 0.6802534 0.010209169 0.236
        vertex 0.6685497 0.10814847 0.236
    endloop
endfacet
facet normal -0 -0 1
    outer loop
        vertex 0.23349896 -0.59471 0.236
        vertex 0.235749 -0.59884316 0.236
        vertex 0.23263331 -0.59273994 0.236
    endloop
endfacet
facet normal 0 -0 1
    outer loop
        vertex 0.63675654 -0 0.236
        vertex 0.64357615 0.0006705823 0.236
        vertex 0.62688136 0.10895634 0.236
    endloop
endfacet
facet normal 0 0 1
    outer loop
        vertex 0.6084672 0.1876873 0.236
        vertex 0.61049646 0.18840332 0.236
        vertex 0.6147862 0.19033821 0.236
    endloop
endfacet
facet normal 0 0 1
    outer loop
        vertex 0.64357615 0.0006705823 0.236
        vertex 0.63675654 -0 0.236
        vertex 0.63890666 0.00008610362 0.236
    endloop
endfacet
facet normal 0 0 1
    outer loop
        vertex -0.6361187 -0.0143075725 0.236
        vertex -0.6364879 0.095256954 0.236
        vertex -0.6429602 -0.01391874 0.236
    endloop
endfacet
facet normal 0.95802945 -0.28666988 0
    outer loop
        vertex -0.1767767 0.0625 0.236
        vertex -0.18205154 0.0448719 0.236
        vertex -0.1767767 0.0625 0
    endloop
endfacet
facet normal 0.95802945 -0.28666988 0
    outer loop
        vertex -0.18205154 0.0448719 0.236
        vertex -0.18205154 0.0448719 0
        vertex -0.1767767 0.0625 0
    endloop
endfacet
facet normal 0.98151481 -0.19138612 0
    outer loop
        vertex -0.18557312 0.02681166 0.236
        vertex -0.18205154 0.0448719 0
        vertex -0.18205154 0.0448719 0.236
    endloop
endfacet
facet normal 0.98151481 -0.19138612 0
    outer loop
        vertex -0.18557312 0.02681166 0
        vertex -0.18205154 0.0448719 0
        vertex -0.18557312 0.02681166 0.236
    endloop
endfacet
facet normal 0.99554765 -0.09426005 0
    outer loop
        vertex -0.18557312 0.02681166 0
        vertex -0.18557312 0.02681166 0.236
        vertex -0.18730754 0.0084932055 0.236
    endloop
endfacet
facet normal 0.99554765 -0.09426005 0
    outer loop
        vertex -0.18557312 0.02681166 0
        vertex -0.18730754 0.0084932055 0.236
        vertex -0.18730754 0.0084932055 0
    endloop
endfacet
facet normal 0.99999291 0.00377461 0
    outer loop
        vertex -0.18730754 0.0084932055 0.236
        vertex -0.18723808 -0.009907042 0.236
        vertex -0.18730754 0.0084932055 0
    endloop
endfacet
facet normal 0.99999291 0.00377461 0
    outer loop
        vertex -0.18723808 -0.009907042 0.236
        vertex -0.18723808 -0.009907042 0
        vertex -0.18730754 0.0084932055 0
    endloop
endfacet
facet normal 0.99480766 0.10177284 0
    outer loop
        vertex -0.18536542 -0.028211879 0.236
        vertex -0.18723808 -0.009907042 0
        vertex -0.18723808 -0.009907042 0.236
    endloop
endfacet
facet normal 0.99480766 0.10177284 -0
    outer loop
        vertex -0.18536542 -0.028211879 0
        vertex -0.18723808 -0.009907042 0
        vertex -0.18536542 -0.028211879 0.236
    endloop
endfacet
facet normal 0.98004186 0.19879116 -0
    outer loop
        vertex -0.18536542 -0.028211879 0
        vertex -0.18536542 -0.028211879 0.236
        vertex -0.18170759 -0.04624502 0.236
    endloop
endfacet
facet normal 0.98004186 0.19879116 0
    outer loop
        vertex -0.18536542 -0.028211879 0
        vertex -0.18170759 -0.04624502 0.236
        vertex -0.18170759 -0.04624502 0
    endloop
endfacet
facet normal 0.95583797 0.29389429 0
    outer loop
        vertex -0.18170759 -0.04624502 0.236
        vertex -0.17629983 -0.0638328 0.236
        vertex -0.18170759 -0.04624502 0
    endloop
endfacet
facet normal 0.95583797 0.29389429 0
    outer loop
        vertex -0.17629983 -0.0638328 0.236
        vertex -0.17629983 -0.0638328 0
        vertex -0.18170759 -0.04624502 0
    endloop
endfacet
facet normal 0.92242819 0.38616845 0
    outer loop
        vertex -0.16919418 -0.08080583 0.236
        vertex -0.17629983 -0.0638328 0
        vertex -0.17629983 -0.0638328 0.236
    endloop
endfacet
facet normal 0.92242819 0.38616845 -0
    outer loop
        vertex -0.16919418 -0.08080583 0
        vertex -0.17629983 -0.0638328 0
        vertex -0.16919418 -0.08080583 0.236
    endloop
endfacet
facet normal 0.88013554 0.47472256 -0
    outer loop
        vertex -0.16919418 -0.08080583 0
        vertex -0.16919418 -0.08080583 0.236
        vertex -0.1604591 -0.09700066 0.236
    endloop
endfacet
facet normal 0.88013554 0.47472256 0
    outer loop
        vertex -0.16919418 -0.08080583 0
        vertex -0.1604591 -0.09700066 0.236
        vertex -0.1604591 -0.09700066 0
    endloop
endfacet
facet normal 0.82936633 0.55870521 0
    outer loop
        vertex -0.1604591 -0.09700066 0.236
        vertex -0.15017872 -0.11226131 0.236
        vertex -0.1604591 -0.09700066 0
    endloop
endfacet
facet normal 0.82936633 0.55870521 0
    outer loop
        vertex -0.15017872 -0.11226131 0.236
        vertex -0.15017872 -0.11226131 0
        vertex -0.1604591 -0.09700066 0
    endloop
endfacet
facet normal 0.77061033 0.63730669 0
    outer loop
        vertex -0.13845204 -0.12644082 0.236
        vertex -0.15017872 -0.11226131 0
        vertex -0.15017872 -0.11226131 0.236
    endloop
endfacet
facet normal 0.77061033 0.63730669 -0
    outer loop
        vertex -0.13845204 -0.12644082 0
        vertex -0.15017872 -0.11226131 0
        vertex -0.13845204 -0.12644082 0.236
    endloop
endfacet
facet normal 0.70443261 0.70977098 -0
    outer loop
        vertex -0.13845204 -0.12644082 0
        vertex -0.13845204 -0.12644082 0.236
        vertex -0.12539198 -0.13940266 0.236
    endloop
endfacet
facet normal 0.70443261 0.70977098 0
    outer loop
        vertex -0.13845204 -0.12644082 0
        vertex -0.12539198 -0.13940266 0.236
        vertex -0.12539198 -0.13940266 0
    endloop
endfacet
facet normal 0.63147098 0.77539957 0
    outer loop
        vertex -0.12539198 -0.13940266 0.236
        vertex -0.11112434 -0.15102196 0.236
        vertex -0.12539198 -0.13940266 0
    endloop
endfacet
facet normal 0.63147098 0.77539957 0
    outer loop
        vertex -0.11112434 -0.15102196 0.236
        vertex -0.11112434 -0.15102196 0
        vertex -0.12539198 -0.13940266 0
    endloop
endfacet
facet normal 0.55242789 0.83356076 0
    outer loop
        vertex -0.0957865 -0.16118684 0.236
        vertex -0.11112434 -0.15102196 0
        vertex -0.11112434 -0.15102196 0.236
    endloop
endfacet
facet normal 0.55242789 0.83356076 -0
    outer loop
        vertex -0.0957865 -0.16118684 0
        vertex -0.11112434 -0.15102196 0
        vertex -0.0957865 -0.16118684 0.236
    endloop
endfacet
facet normal 0.46806377 0.88369471 -0
    outer loop
        vertex -0.0957865 -0.16118684 0
        vertex -0.0957865 -0.16118684 0.236
        vertex -0.07952619 -0.16979939 0.236
    endloop
endfacet
facet normal 0.46806377 0.88369471 0
    outer loop
        vertex -0.0957865 -0.16118684 0
        vertex -0.07952619 -0.16979939 0.236
        vertex -0.07952619 -0.16979939 0
    endloop
endfacet
facet normal -0.00377461 0.99999291 0
    outer loop
        vertex 0.009907042 -0.18723808 0
        vertex -0.0084932055 -0.18730754 0
        vertex 0.009907042 -0.18723808 0.236
    endloop
endfacet
facet normal -0.10177284 0.99480766 0
    outer loop
        vertex 0.028211879 -0.18536542 0.236
        vertex 0.009907042 -0.18723808 0
        vertex 0.009907042 -0.18723808 0.236
    endloop
endfacet
facet normal -0.55870521 0.82936633 0
    outer loop
        vertex 0.09700066 -0.1604591 0
        vertex 0.11226131 -0.15017872 0.236
        vertex 0.11226131 -0.15017872 0
    endloop
endfacet
facet normal -0.63730669 0.77061033 0
    outer loop
        vertex 0.11226131 -0.15017872 0
        vertex 0.11226131 -0.15017872 0.236
        vertex 0.12644082 -0.13845204 0.236
    endloop
endfacet
facet normal -0.92531711 0.3791942 0
    outer loop
        vertex 0.1767767 -0.0625 0
        vertex 0.16979939 -0.07952619 0
        vertex 0.1767767 -0.0625 0.236
    endloop
endfacet
facet normal -0.92531711 0.3791942 0
    outer loop
        vertex 0.16979939 -0.07952619 0
        vertex 0.16979939 -0.07952619 0.236
        vertex 0.1767767 -0.0625 0.236
    endloop
endfacet
facet normal -0.88369471 0.46806377 0
    outer loop
        vertex 0.16118684 -0.0957865 0
        vertex 0.16979939 -0.07952619 0.236
        vertex 0.16979939 -0.07952619 0
    endloop
endfacet
facet normal -0.88369471 0.46806377 0
    outer loop
        vertex 0.16118684 -0.0957865 0.236
        vertex 0.16979939 -0.07952619 0.236
        vertex 0.16118684 -0.0957865 0
    endloop
endfacet
facet normal -0.83356076 0.55242789 0
    outer loop
        vertex 0.16118684 -0.0957865 0.236
        vertex 0.16118684 -0.0957865 0
        vertex 0.15102196 -0.11112434 0
    endloop
endfacet
facet normal -0.83356076 0.55242789 0
    outer loop
        vertex 0.16118684 -0.0957865 0.236
        vertex 0.15102196 -0.11112434 0
        vertex 0.15102196 -0.11112434 0.236
    endloop
endfacet
facet normal -0.77539957 0.63147098 0
    outer loop
        vertex 0.15102196 -0.11112434 0
        vertex 0.13940266 -0.12539198 0
        vertex 0.15102196 -0.11112434 0.236
    endloop
endfacet
facet normal -0.77539957 0.63147098 0
    outer loop
        vertex 0.13940266 -0.12539198 0
        vertex 0.13940266 -0.12539198 0.236
        vertex 0.15102196 -0.11112434 0.236
    endloop
endfacet
facet normal -0.70977098 0.70443261 0
    outer loop
        vertex 0.12644082 -0.13845204 0
        vertex 0.13940266 -0.12539198 0.236
        vertex 0.13940266 -0.12539198 0
    endloop
endfacet
facet normal -0.70977098 0.70443261 0
    outer loop
        vertex 0.12644082 -0.13845204 0.236
        vertex 0.13940266 -0.12539198 0.236
        vertex 0.12644082 -0.13845204 0
    endloop
endfacet
facet normal -0.63730669 0.77061033 0
    outer loop
        vertex 0.12644082 -0.13845204 0.236
        vertex 0.12644082 -0.13845204 0
        vertex 0.11226131 -0.15017872 0
    endloop
endfacet
facet normal -0.55870521 0.82936633 0
    outer loop
        vertex 0.11226131 -0.15017872 0.236
        vertex 0.09700066 -0.1604591 0
        vertex 0.09700066 -0.1604591 0.236
    endloop
endfacet
facet normal -0.47472256 0.88013554 0
    outer loop
        vertex 0.09700066 -0.1604591 0
        vertex 0.08080583 -0.16919418 0
        vertex 0.09700066 -0.1604591 0.236
    endloop
endfacet
facet normal -0.47472256 0.88013554 0
    outer loop
        vertex 0.08080583 -0.16919418 0
        vertex 0.08080583 -0.16919418 0.236
        vertex 0.09700066 -0.1604591 0.236
    endloop
endfacet
facet normal -0.38616845 0.92242819 0
    outer loop
        vertex 0.0638328 -0.17629983 0
        vertex 0.08080583 -0.16919418 0.236
        vertex 0.08080583 -0.16919418 0
    endloop
endfacet
facet normal -0.38616845 0.92242819 0
    outer loop
        vertex 0.0638328 -0.17629983 0.236
        vertex 0.08080583 -0.16919418 0.236
        vertex 0.0638328 -0.17629983 0
    endloop
endfacet
facet normal -0.29389429 0.95583797 0
    outer loop
        vertex 0.0638328 -0.17629983 0.236
        vertex 0.0638328 -0.17629983 0
        vertex 0.04624502 -0.18170759 0
    endloop
endfacet
facet normal -0.29389429 0.95583797 0
    outer loop
        vertex 0.0638328 -0.17629983 0.236
        vertex 0.04624502 -0.18170759 0
        vertex 0.04624502 -0.18170759 0.236
    endloop
endfacet
facet normal -0.19879116 0.98004186 0
    outer loop
        vertex 0.04624502 -0.18170759 0
        vertex 0.028211879 -0.18536542 0
        vertex 0.04624502 -0.18170759 0.236
    endloop
endfacet
facet normal -0.19879116 0.98004186 0
    outer loop
        vertex 0.028211879 -0.18536542 0
        vertex 0.028211879 -0.18536542 0.236
        vertex 0.04624502 -0.18170759 0.236
    endloop
endfacet
facet normal -0.10177284 0.99480766 0
    outer loop
        vertex 0.009907042 -0.18723808 0
        vertex 0.028211879 -0.18536542 0.236
        vertex 0.028211879 -0.18536542 0
    endloop
endfacet
facet normal -0.00377461 0.99999291 0
    outer loop
        vertex -0.0084932055 -0.18730754 0.236
        vertex 0.009907042 -0.18723808 0.236
        vertex -0.0084932055 -0.18730754 0
    endloop
endfacet
facet normal 0.09426005 0.99554765 0
    outer loop
        vertex -0.0084932055 -0.18730754 0.236
        vertex -0.0084932055 -0.18730754 0
        vertex -0.02681166 -0.18557312 0
    endloop
endfacet
facet normal 0.09426005 0.99554765 0
    outer loop
        vertex -0.0084932055 -0.18730754 0.236
        vertex -0.02681166 -0.18557312 0
        vertex -0.02681166 -0.18557312 0.236
    endloop
endfacet
facet normal 0.19138612 0.98151481 -0
    outer loop
        vertex -0.02681166 -0.18557312 0
        vertex -0.0448719 -0.18205154 0
        vertex -0.02681166 -0.18557312 0.236
    endloop
endfacet
facet normal 0.19138612 0.98151481 -0
    outer loop
        vertex -0.0448719 -0.18205154 0
        vertex -0.0448719 -0.18205154 0.236
        vertex -0.02681166 -0.18557312 0.236
    endloop
endfacet
facet normal 0.28666988 0.95802945 0
    outer loop
        vertex -0.0625 -0.1767767 0
        vertex -0.0448719 -0.18205154 0.236
        vertex -0.0448719 -0.18205154 0
    endloop
endfacet
facet normal 0.28666988 0.95802945 0
    outer loop
        vertex -0.0625 -0.1767767 0.236
        vertex -0.0448719 -0.18205154 0.236
        vertex -0.0625 -0.1767767 0
    endloop
endfacet
facet normal 0.3791942 0.92531711 0
    outer loop
        vertex -0.0625 -0.1767767 0.236
        vertex -0.0625 -0.1767767 0
        vertex -0.07952619 -0.16979939 0
    endloop
endfacet
facet normal 0.3791942 0.92531711 0
    outer loop
        vertex -0.0625 -0.1767767 0.236
        vertex -0.07952619 -0.16979939 0
        vertex -0.07952619 -0.16979939 0.236
    endloop
endfacet
endsolid unnamed
