ISO-10303-21;
HEADER;
FILE_DESCRIPTION (( 'STEP AP203' ),
    '1' );
FILE_NAME ('harmonic-base.step',
    '2025-12-03T23:38:41',
    ( '' ),
    ( '' ),
    'SwSTEP 2.0',
    'SolidWorks 2025',
    '' );
FILE_SCHEMA (( 'CONFIG_CONTROL_DESIGN' ));
ENDSEC;

DATA;
#1 = DIRECTION ( 'NONE',  ( 0.000000000000000000, 0.000000000000000000, -1.000000000000000000 ) ) ;
#2 = EDGE_CURVE ( 'NONE', #627, #685, #17, .T. ) ;
#3 = CARTESIAN_POINT ( 'NONE',  ( -5.187500000000000000, 8.687500000000000000, 1.937500000000000000 ) ) ;
#4 = CIRCLE ( 'NONE', #826, 0.1250000000000000000 ) ;
#5 = EDGE_LOOP ( 'NONE', ( #1032, #588, #883, #1007 ) ) ;
#6 = DIRECTION ( 'NONE',  ( 0.000000000000000000, 1.000000000000000000, 0.000000000000000000 ) ) ;
#7 = DIRECTION ( 'NONE',  ( 0.000000000000000000, 1.000000000000000000, -0.000000000000000000 ) ) ;
#8 = CARTESIAN_POINT ( 'NONE',  ( -5.255486267300296888, -8.755486267300097936, 0.5815313649763614867 ) ) ;
#9 = CARTESIAN_POINT ( 'NONE',  ( 5.266294790316873531, 8.766294790317084917, 0.5588998569188016186 ) ) ;
#10 = EDGE_CURVE ( 'NONE', #1303, #483, #910, .T. ) ;
#11 = FACE_OUTER_BOUND ( 'NONE', #1278, .T. ) ;
#12 = CYLINDRICAL_SURFACE ( 'NONE', #863, 0.06249999999999967387 ) ;
#13 = ORIENTED_EDGE ( 'NONE', *, *, #819, .F. ) ;
#14 = FACE_OUTER_BOUND ( 'NONE', #718, .T. ) ;
#15 = ADVANCED_FACE ( 'NONE', ( #676 ), #360, .T. ) ;
#16 = CARTESIAN_POINT ( 'NONE',  ( -5.374999999999999112, 8.875000000000000000, 0.1250000000000000278 ) ) ;
#17 = LINE ( 'NONE', #1012, #523 ) ;
#18 = APPROVAL ( #1083, 'UNSPECIFIED' ) ;
#19 = FACE_OUTER_BOUND ( 'NONE', #638, .T. ) ;
#20 = ORIENTED_EDGE ( 'NONE', *, *, #947, .T. ) ;
#21 = CARTESIAN_POINT ( 'NONE',  ( 5.277227223155977143, 8.777227223155771085, 0.5441089185457808064 ) ) ;
#22 = PRODUCT_DEFINITION_SHAPE ( 'NONE', 'NONE',  #37 ) ;
#23 = CARTESIAN_POINT ( 'NONE',  ( 5.225917320165251567, -8.775611546776795890, 0.5487512760521541244 ) ) ;
#24 = ORIENTED_EDGE ( 'NONE', *, *, #830, .T. ) ;
#25 = ADVANCED_FACE ( 'NONE', ( #11 ), #896, .T. ) ;
#26 = CARTESIAN_POINT ( 'NONE',  ( 5.250000000000000000, -8.687500000000000000, 2.000000000000000000 ) ) ;
#27 = AXIS2_PLACEMENT_3D ( 'NONE', #60, #287, #628 ) ;
#28 = EDGE_CURVE ( 'NONE', #518, #488, #1357, .T. ) ;
#29 = AXIS2_PLACEMENT_3D ( 'NONE', #340, #1234, #225 ) ;
#30 = CARTESIAN_POINT ( 'NONE',  ( -5.374999999999999112, 0.000000000000000000, 0.3749999999999999445 ) ) ;
#31 = CARTESIAN_POINT ( 'NONE',  ( 5.333666445150573310, 8.833666445150575086, 0.5051739487220464619 ) ) ;
#32 = PLANE ( 'NONE',  #586 ) ;
#33 = CARTESIAN_POINT ( 'NONE',  ( 5.233739972831474851, -8.780826648554272751, 0.5423966561490904947 ) ) ;
#34 = ORIENTED_EDGE ( 'NONE', *, *, #1398, .T. ) ;
#35 = EDGE_CURVE ( 'NONE', #488, #979, #1317, .T. ) ;
#36 = FACE_OUTER_BOUND ( 'NONE', #785, .T. ) ;
#37 = PRODUCT_DEFINITION ( 'UNKNOWN', '', #1379, #348 ) ;
#38 = FACE_OUTER_BOUND ( 'NONE', #83, .T. ) ;
#39 = DIRECTION ( 'NONE',  ( 0.000000000000000000, 0.000000000000000000, 1.000000000000000000 ) ) ;
#40 = CARTESIAN_POINT ( 'NONE',  ( 5.187500000000000000, 8.687500000000000000, 2.000000000000000000 ) ) ;
#41 = AXIS2_PLACEMENT_3D ( 'NONE', #461, #582, #900 ) ;
#42 = DIRECTION ( 'NONE',  ( 0.000000000000000000, -1.000000000000000000, 0.000000000000000000 ) ) ;
#43 = DIRECTION ( 'NONE',  ( 0.000000000000000000, 0.000000000000000000, 1.000000000000000000 ) ) ;
#44 = DIRECTION ( 'NONE',  ( 1.000000000000000000, 0.000000000000000000, 0.000000000000000000 ) ) ;
#45 = CARTESIAN_POINT ( 'NONE',  ( -5.256384236946358257, -8.697076355419468996, 0.5847230426562421979 ) ) ;
#46 = APPROVAL_PERSON_ORGANIZATION ( #873, #1318, #510 ) ;
#47 = FACE_OUTER_BOUND ( 'NONE', #198, .T. ) ;
#48 = ADVANCED_FACE ( 'NONE', ( #575 ), #463, .T. ) ;
#49 = LINE ( 'NONE', #501, #1442 ) ;
#50 = LINE ( 'NONE', #1034, #1443 ) ;
#51 = ORIENTED_EDGE ( 'NONE', *, *, #312, .T. ) ;
#52 = CARTESIAN_POINT ( 'NONE',  ( -5.197076355419468108, 8.756384236946360033, 0.5847230426562423089 ) ) ;
#53 = CARTESIAN_POINT ( 'NONE',  ( 5.250000000000000000, -8.875000000000000000, 0.6250000000000000000 ) ) ;
#54 = EDGE_CURVE ( 'NONE', #906, #1424, #1395, .T. ) ;
#55 = LINE ( 'NONE', #281, #982 ) ;
#56 = DIRECTION ( 'NONE',  ( -1.000000000000000000, 0.000000000000000000, 0.000000000000000000 ) ) ;
#57 = DIRECTION ( 'NONE',  ( -0.000000000000000000, 1.000000000000000000, -0.000000000000000000 ) ) ;
#58 = DATE_AND_TIME ( #853, #1074 ) ;
#59 = ORIENTED_EDGE ( 'NONE', *, *, #81, .F. ) ;
#60 = CARTESIAN_POINT ( 'NONE',  ( 0.000000000000000000, -8.687500000000000000, 1.937500000000000000 ) ) ;
#61 = EDGE_CURVE ( 'NONE', #331, #245, #1428, .T. ) ;
#62 = LINE ( 'NONE', #1056, #422 ) ;
#63 = VERTEX_POINT ( 'NONE', #351 ) ;
#64 = CARTESIAN_POINT ( 'NONE',  ( -5.187500000000000000, 0.000000000000000000, 2.000000000000000000 ) ) ;
#65 = CC_DESIGN_PERSON_AND_ORGANIZATION_ASSIGNMENT ( #246, #823, ( #1026 ) ) ;
#66 = AXIS2_PLACEMENT_3D ( 'NONE', #1311, #619, #1387 ) ;
#67 = ORIENTED_EDGE ( 'NONE', *, *, #1228, .F. ) ;
#68 = CARTESIAN_POINT ( 'NONE',  ( -5.187499999999999112, -8.750000000000000000, 0.6250000000000000000 ) ) ;
#69 = DIRECTION ( 'NONE',  ( 1.000000000000000000, 0.000000000000000000, 0.000000000000000000 ) ) ;
#70 = VERTEX_POINT ( 'NONE', #550 ) ;
#71 = LOCAL_TIME ( 15, 38, 41.00000000000000000, #757 ) ;
#72 = CYLINDRICAL_SURFACE ( 'NONE', #194, 0.06249999999999995143 ) ;
#73 = DIRECTION ( 'NONE',  ( 0.000000000000000000, 0.000000000000000000, -1.000000000000000000 ) ) ;
#74 = VERTEX_POINT ( 'NONE', #795 ) ;
#75 = EDGE_CURVE ( 'NONE', #238, #331, #235, .T. ) ;
#76 = CARTESIAN_POINT ( 'NONE',  ( 5.374999999999999112, 8.875000000000000000, 0.1250000000000000278 ) ) ;
#77 = CARTESIAN_POINT ( 'NONE',  ( 5.374999999999999112, -8.875000000000000000, 0.1250000000000000000 ) ) ;
#78 = AXIS2_PLACEMENT_3D ( 'NONE', #1162, #394, #1063 ) ;
#79 = ORIENTED_EDGE ( 'NONE', *, *, #1010, .T. ) ;
#80 = CARTESIAN_POINT ( 'NONE',  ( 5.250000000000000000, 8.687500000000000000, 0.6250000000000000000 ) ) ;
#81 = EDGE_CURVE ( 'NONE', #219, #1405, #761, .T. ) ;
#82 = CARTESIAN_POINT ( 'NONE',  ( 5.187500000000000000, -8.687500000000000000, 2.000000000000000000 ) ) ;
#83 = EDGE_LOOP ( 'NONE', ( #1176, #1249, #977, #722 ) ) ;
#84 = CARTESIAN_POINT ( 'NONE',  ( -5.374999999999999112, -9.000000000000000000, 0.1250000000000000278 ) ) ;
#85 = ORIENTED_EDGE ( 'NONE', *, *, #1104, .T. ) ;
#86 = DIRECTION ( 'NONE',  ( 0.000000000000000000, 1.000000000000000000, 1.748382715945130038E-14 ) ) ;
#87 = AXIS2_PLACEMENT_3D ( 'NONE', #436, #1306, #985 ) ;
#88 = PERSON_AND_ORGANIZATION_ROLE ( 'classification_officer' ) ;
#89 = CARTESIAN_POINT ( 'NONE',  ( -5.374999999999999112, 8.875000000000000000, 0.5000000000000000000 ) ) ;
#90 = EDGE_LOOP ( 'NONE', ( #170, #459, #1085, #872 ) ) ;
#91 = CARTESIAN_POINT ( 'NONE',  ( -5.375000000000000888, 8.875000000000001776, 0.5000000000000001110 ) ) ;
#92 = AXIS2_PLACEMENT_3D ( 'NONE', #682, #1131, #793 ) ;
#93 = ADVANCED_FACE ( 'NONE', ( #1106 ), #203, .T. ) ;
#94 = VERTEX_POINT ( 'NONE', #108 ) ;
#95 = LOCAL_TIME ( 15, 38, 41.00000000000000000, #308 ) ;
#96 = ADVANCED_FACE ( 'NONE', ( #557 ), #1441, .F. ) ;
#97 = CARTESIAN_POINT ( 'NONE',  ( 5.374999999999999112, 9.000000000000000000, 0.1250000000000000278 ) ) ;
#98 = ORIENTED_EDGE ( 'NONE', *, *, #181, .T. ) ;
#99 = DIRECTION ( 'NONE',  ( -1.000000000000000000, 0.000000000000000000, -0.000000000000000000 ) ) ;
#100 = DIRECTION ( 'NONE',  ( 1.000000000000000000, -0.000000000000000000, 0.000000000000000000 ) ) ;
#101 = CARTESIAN_POINT ( 'NONE',  ( -5.307060473744350304, -8.807060473744350304, 0.5186976706703285700 ) ) ;
#102 = CARTESIAN_POINT ( 'NONE',  ( 5.187500000000000000, -8.687500000000000000, 1.937500000000000000 ) ) ;
#103 = CIRCLE ( 'NONE', #783, 0.1250000000000004441 ) ;
#104 = DIRECTION ( 'NONE',  ( 0.000000000000000000, 0.000000000000000000, -1.000000000000000000 ) ) ;
#105 = ORIENTED_EDGE ( 'NONE', *, *, #965, .T. ) ;
#106 = DIRECTION ( 'NONE',  ( 0.000000000000000000, 0.000000000000000000, -1.000000000000000000 ) ) ;
#107 = DIRECTION ( 'NONE',  ( 0.000000000000000000, 0.000000000000000000, -1.000000000000000000 ) ) ;
#108 = CARTESIAN_POINT ( 'NONE',  ( -5.187500000000000000, 8.750000000000000000, 1.937500000000000000 ) ) ;
#109 = CARTESIAN_POINT ( 'NONE',  ( -5.187500000000000000, -8.750000000000000000, 0.6250000000000000000 ) ) ;
#110 = DIRECTION ( 'NONE',  ( 0.000000000000000000, 1.000000000000000000, 0.000000000000000000 ) ) ;
#111 = ORIENTED_EDGE ( 'NONE', *, *, #447, .T. ) ;
#112 = AXIS2_PLACEMENT_3D ( 'NONE', #167, #948, #1414 ) ;
#113 = CARTESIAN_POINT ( 'NONE',  ( 5.187500000000000000, -8.750000000000000000, 1.937500000000000000 ) ) ;
#114 = DIRECTION ( 'NONE',  ( 0.000000000000000000, 0.000000000000000000, 1.000000000000000000 ) ) ;
#115 = CARTESIAN_POINT ( 'NONE',  ( 5.250000000000000000, 8.750000000000000000, 2.000000000000000000 ) ) ;
#116 = LOCAL_TIME ( 15, 38, 41.00000000000000000, #702 ) ;
#117 = DIRECTION ( 'NONE',  ( 0.000000000000000000, 0.000000000000000000, 1.000000000000000000 ) ) ;
#118 = LINE ( 'NONE', #1195, #734 ) ;
#119 = ORIENTED_EDGE ( 'NONE', *, *, #1327, .T. ) ;
#120 = CARTESIAN_POINT ( 'NONE',  ( -5.281034248552423094, 8.812356165701599409, 0.5165210501417878408 ) ) ;
#121 = LINE ( 'NONE', #674, #957 ) ;
#122 = CARTESIAN_POINT ( 'NONE',  ( 5.250000000000000888, 8.750000000000001776, 0.6250000000000001110 ) ) ;
#123 = DIRECTION ( 'NONE',  ( -0.000000000000000000, -0.000000000000000000, 1.000000000000000000 ) ) ;
#124 = CYLINDRICAL_SURFACE ( 'NONE', #288, 0.1250000000000000000 ) ;
#125 = AXIS2_PLACEMENT_3D ( 'NONE', #1112, #106, #554 ) ;
#126 = ORIENTED_EDGE ( 'NONE', *, *, #689, .F. ) ;
#127 = AXIS2_PLACEMENT_3D ( 'NONE', #3, #532, #1086 ) ;
#128 = CARTESIAN_POINT ( 'NONE',  ( 5.500000000000000000, -9.000000000000000000, 0.1250000000000000278 ) ) ;
#129 = FACE_OUTER_BOUND ( 'NONE', #1345, .T. ) ;
#130 = CARTESIAN_POINT ( 'NONE',  ( 5.262645879925820225, 8.706468819888801391, 0.5696060992524857314 ) ) ;
#131 = CARTESIAN_POINT ( 'NONE',  ( 5.312356165701597632, -8.781034248552423094, 0.5165210501417876188 ) ) ;
#132 = ORIENTED_EDGE ( 'NONE', *, *, #453, .F. ) ;
#133 = EDGE_LOOP ( 'NONE', ( #1320, #881, #1314, #34 ) ) ;
#134 = CARTESIAN_POINT ( 'NONE',  ( -5.374999999999999112, -8.875000000000000000, 0.3749999999999999445 ) ) ;
#135 = CARTESIAN_POINT ( 'NONE',  ( 5.283766029193273539, 8.783766029193500913, 0.5369925062239693236 ) ) ;
#136 = ADVANCED_FACE ( 'NONE', ( #129 ), #1053, .T. ) ;
#137 = FACE_OUTER_BOUND ( 'NONE', #563, .T. ) ;
#138 = CARTESIAN_POINT ( 'NONE',  ( 5.193496878354512347, -8.753997918902964415, 0.5925896789931656139 ) ) ;
#139 = EDGE_CURVE ( 'NONE', #413, #906, #1014, .T. ) ;
#140 = ORIENTED_EDGE ( 'NONE', *, *, #790, .F. ) ;
#141 = PERSON_AND_ORGANIZATION ( #626, #1188 ) ;
#142 = FACE_OUTER_BOUND ( 'NONE', #908, .T. ) ;
#143 = CARTESIAN_POINT ( 'NONE',  ( 5.233739972831474851, 8.780826648554267422, 0.5423966561490971561 ) ) ;
#144 = ADVANCED_FACE ( 'NONE', ( #1045 ), #471, .T. ) ;
#145 = CARTESIAN_POINT ( 'NONE',  ( 5.298688263126575038, -8.798688263126571485, 0.5243335668468012134 ) ) ;
#146 = ORIENTED_EDGE ( 'NONE', *, *, #1178, .T. ) ;
#147 = APPLICATION_PROTOCOL_DEFINITION ( 'international standard', 'config_control_design', 1994, #1417 ) ;
#148 = AXIS2_PLACEMENT_3D ( 'NONE', #1373, #840, #1285 ) ;
#149 = VECTOR ( 'NONE', #829, 39.37007874015748143 ) ;
#150 = DIRECTION ( 'NONE',  ( -0.000000000000000000, -0.000000000000000000, 1.000000000000000000 ) ) ;
#151 = CARTESIAN_POINT ( 'NONE',  ( 5.301776695296636532, 8.765165042944955687, 0.5000000000000009992 ) ) ;
#152 = CARTESIAN_POINT ( 'NONE',  ( 5.251094984223571238, 8.792396656149097822, 0.5308266485542663116 ) ) ;
#153 = AXIS2_PLACEMENT_3D ( 'NONE', #723, #833, #623 ) ;
#154 = CARTESIAN_POINT ( 'NONE',  ( 5.253410967875356441, -8.753410967875357329, 0.5886698918461793495 ) ) ;
#155 = LINE ( 'NONE', #26, #375 ) ;
#156 = DIRECTION ( 'NONE',  ( -1.000000000000000000, 0.000000000000000000, 0.000000000000000000 ) ) ;
#157 = EDGE_CURVE ( 'NONE', #70, #1312, #1062, .T. ) ;
#158 = VECTOR ( 'NONE', #1430, 39.37007874015748143 ) ;
#159 = AXIS2_PLACEMENT_3D ( 'NONE', #856, #1189, #732 ) ;
#160 = DIRECTION ( 'NONE',  ( 0.000000000000000000, 0.000000000000000000, -1.000000000000000000 ) ) ;
#161 = CARTESIAN_POINT ( 'NONE',  ( 5.375000000000000888, -8.875000000000000000, 0.5000000000000001110 ) ) ;
#162 = VERTEX_POINT ( 'NONE', #1363 ) ;
#163 = CARTESIAN_POINT ( 'NONE',  ( -5.280826648554273639, 8.733739972831475740, 0.5423966561490904947 ) ) ;
#164 = ADVANCED_FACE ( 'NONE', ( #498 ), #241, .T. ) ;
#165 = CARTESIAN_POINT ( 'NONE',  ( 5.250000000000000000, 8.687500000000001776, 0.5517766952966377536 ) ) ;
#166 = APPROVAL_PERSON_ORGANIZATION ( #182, #18, #633 ) ;
#167 = CARTESIAN_POINT ( 'NONE',  ( 5.500000000000000000, -9.000000000000000000, 0.5000000000000000000 ) ) ;
#168 = PERSON_AND_ORGANIZATION_ROLE ( 'creator' ) ;
#169 = EDGE_CURVE ( 'NONE', #920, #979, #1251, .T. ) ;
#170 = ORIENTED_EDGE ( 'NONE', *, *, #1369, .T. ) ;
#171 = DIRECTION ( 'NONE',  ( 1.000000000000000000, 0.000000000000000000, 0.000000000000000000 ) ) ;
#172 = AXIS2_PLACEMENT_3D ( 'NONE', #268, #1027, #43 ) ;
#173 = ADVANCED_FACE ( 'NONE', ( #142 ), #1155, .T. ) ;
#174 = ORIENTED_EDGE ( 'NONE', *, *, #1433, .T. ) ;
#175 = DIRECTION ( 'NONE',  ( 1.000000000000000000, 0.000000000000000000, 0.000000000000000000 ) ) ;
#176 = EDGE_LOOP ( 'NONE', ( #470, #949, #581 ) ) ;
#177 = FACE_OUTER_BOUND ( 'NONE', #1193, .T. ) ;
#178 = DIRECTION ( 'NONE',  ( 0.000000000000000000, 0.000000000000000000, 1.000000000000000000 ) ) ;
#179 = ORIENTED_EDGE ( 'NONE', *, *, #878, .F. ) ;
#180 = AXIS2_PLACEMENT_3D ( 'NONE', #971, #1410, #191 ) ;
#181 = EDGE_CURVE ( 'NONE', #1148, #311, #252, .T. ) ;
#182 = PERSON_AND_ORGANIZATION ( #626, #1188 ) ;
#183 = CIRCLE ( 'NONE', #1004, 0.06249999999999995143 ) ;
#184 = AXIS2_PLACEMENT_3D ( 'NONE', #943, #831, #1057 ) ;
#185 = ORIENTED_EDGE ( 'NONE', *, *, #947, .F. ) ;
#186 = DIRECTION ( 'NONE',  ( -0.000000000000000000, 1.000000000000000000, 0.000000000000000000 ) ) ;
#187 = LINE ( 'NONE', #624, #440 ) ;
#188 = ORIENTED_EDGE ( 'NONE', *, *, #1274, .F. ) ;
#189 = ADVANCED_FACE ( 'NONE', ( #38 ), #491, .T. ) ;
#190 = CARTESIAN_POINT ( 'NONE',  ( 0.000000000000000000, 0.000000000000000000, 2.000000000000000000 ) ) ;
#191 = DIRECTION ( 'NONE',  ( -1.000000000000000000, 0.000000000000000000, 0.000000000000000000 ) ) ;
#192 = ORIENTED_EDGE ( 'NONE', *, *, #1268, .T. ) ;
#193 = AXIS2_PLACEMENT_3D ( 'NONE', #903, #216, #1350 ) ;
#194 = AXIS2_PLACEMENT_3D ( 'NONE', #1183, #967, #1280 ) ;
#195 = EDGE_LOOP ( 'NONE', ( #617, #132, #1422, #791 ) ) ;
#196 = DATE_AND_TIME ( #1170, #71 ) ;
#197 = CARTESIAN_POINT ( 'NONE',  ( 5.374999999999999112, 9.000000000000000000, 0.5000000000000000000 ) ) ;
#198 = EDGE_LOOP ( 'NONE', ( #772, #992, #1316, #126 ) ) ;
#199 = CARTESIAN_POINT ( 'NONE',  ( -5.375000000000000888, 8.875000000000001776, 0.5000000000000001110 ) ) ;
#200 = ADVANCED_FACE ( 'NONE', ( #262 ), #249, .T. ) ;
#201 = EDGE_CURVE ( 'NONE', #1154, #70, #540, .T. ) ;
#202 = EDGE_LOOP ( 'NONE', ( #512, #282, #534 ) ) ;
#203 =( BOUNDED_SURFACE ( )  B_SPLINE_SURFACE ( 3, 2, ( 
 ( #670, #1116, #109 ),
 ( #558, #506, #256 ),
 ( #917, #821, #713 ),
 ( #825, #1145, #1055 ),
 ( #45, #937, #270 ),
 ( #1013, #221, #996 ),
 ( #889, #8, #788 ),
 ( #215, #566, #1341 ),
 ( #233, #342, #573 ),
 ( #988, #1020, #691 ),
 ( #666, #227, #684 ),
 ( #901, #879, #542 ),
 ( #1132, #101, #1426 ),
 ( #1105, #1322, #321 ),
 ( #675, #328, #775 ),
 ( #1123, #1211, #1434 ) ),
 .UNSPECIFIED., .F., .F., .T. ) 
 B_SPLINE_SURFACE_WITH_KNOTS ( ( 4, 2, 2, 2, 2, 2, 2, 4 ),
 ( 3, 3 ),
 ( 3.141592653589793116, 3.337942194439155408, 3.534291735288517255, 3.730641276137879103, 3.926990816987241395, 4.123340357836603687, 4.319689898685965090, 4.712388980384689674 ),
 ( 0.000000000000000000, 1.000000000000000000 ),
 .UNSPECIFIED. ) 
 GEOMETRIC_REPRESENTATION_ITEM ( )  RATIONAL_B_SPLINE_SURFACE ( (
 ( 1.000000000000000000, 0.7071067811865475727, 1.000000000000000000),
 ( 1.000000000000000000, 0.7070717281021530187, 1.000000000000000000),
 ( 1.000000000000000000, 0.7117460028955775453, 1.000000000000000000),
 ( 1.000000000000000000, 0.7291288936477382521, 1.000000000000000000),
 ( 1.000000000000000000, 0.7418334183799719650, 1.000000000000000000),
 ( 1.000000000000000000, 0.7723968213172307529, 1.000000000000000000),
 ( 1.000000000000000000, 0.7902180090805392965, 1.000000000000000000),
 ( 1.000000000000000000, 0.8275942691627985459, 1.000000000000000000),
 ( 1.000000000000000000, 0.8471316607465979587, 1.000000000000000000),
 ( 1.000000000000000000, 0.8849191468222765700, 1.000000000000000000),
 ( 1.000000000000000000, 0.9031650996174774848, 1.000000000000000000),
 ( 1.000000000000000000, 0.9360421840689183703, 1.000000000000000000),
 ( 1.000000000000000000, 0.9506740355182062840, 1.000000000000000000),
 ( 1.000000000000000000, 0.9867291886070519435, 1.000000000000000000),
 ( 1.000000000000000000, 1.000158581256185730, 1.000000000000000000),
 ( 1.000000000000000000, 1.000000000000000000, 1.000000000000000000) ) ) 
 REPRESENTATION_ITEM ( '' )  SURFACE ( )  );
#204 = DIRECTION ( 'NONE',  ( -1.000000000000000000, 8.741913579725610745E-15, 0.000000000000000000 ) ) ;
#205 = ORIENTED_EDGE ( 'NONE', *, *, #984, .F. ) ;
#206 = PLANE ( 'NONE',  #385 ) ;
#207 = CIRCLE ( 'NONE', #92, 0.06249999999999967387 ) ;
#208 = EDGE_CURVE ( 'NONE', #1360, #1215, #1177, .T. ) ;
#209 = ORIENTED_EDGE ( 'NONE', *, *, #1093, .T. ) ;
#210 = DIRECTION ( 'NONE',  ( -1.000000000000000000, -0.000000000000000000, 0.000000000000000000 ) ) ;
#211 = ORIENTED_EDGE ( 'NONE', *, *, #1221, .F. ) ;
#212 = CARTESIAN_POINT ( 'NONE',  ( -5.374999999999999112, -8.875000000000000000, 0.1250000000000000278 ) ) ;
#213 = ADVANCED_FACE ( 'NONE', ( #987 ), #673, .T. ) ;
#214 =( BOUNDED_CURVE ( )  B_SPLINE_CURVE ( 3, ( #296, #644, #1301, #687 ),
 .UNSPECIFIED., .F., .T. ) 
 B_SPLINE_CURVE_WITH_KNOTS ( ( 4, 4 ),
 ( 1.570796326794903441, 3.141592653589793116 ),
 .UNSPECIFIED. ) 
 CURVE ( )  GEOMETRIC_REPRESENTATION_ITEM ( )  RATIONAL_B_SPLINE_CURVE ( ( 1.000000000000000000, 0.8047378541243667138, 0.8047378541243667138, 1.000000000000000000 ) ) 
 REPRESENTATION_ITEM ( '' )  );
#215 = CARTESIAN_POINT ( 'NONE',  ( -5.275611546776795890, -8.725917320165251567, 0.5487512760521541244 ) ) ;
#216 = DIRECTION ( 'NONE',  ( 0.000000000000000000, 0.000000000000000000, 1.000000000000000000 ) ) ;
#217 = AXIS2_PLACEMENT_3D ( 'NONE', #313, #110, #1092 ) ;
#218 = FACE_OUTER_BOUND ( 'NONE', #898, .T. ) ;
#219 = VERTEX_POINT ( 'NONE', #113 ) ;
#220 = CARTESIAN_POINT ( 'NONE',  ( -5.350451882300667705, 8.858634588200125393, 0.5000000000000000000 ) ) ;
#221 = CARTESIAN_POINT ( 'NONE',  ( -5.253410967875356441, -8.753410967875357329, 0.5886698918461793495 ) ) ;
#222 = CARTESIAN_POINT ( 'NONE',  ( 5.374999999999999112, 8.875000000000000000, 0.3749999999999999445 ) ) ;
#223 = DIRECTION ( 'NONE',  ( 0.000000000000000000, 0.000000000000000000, -1.000000000000000000 ) ) ;
#224 = ORIENTED_EDGE ( 'NONE', *, *, #208, .F. ) ;
#225 = DIRECTION ( 'NONE',  ( 0.000000000000000000, 0.000000000000000000, 1.000000000000000000 ) ) ;
#226 = DIRECTION ( 'NONE',  ( 0.000000000000000000, 0.000000000000000000, 1.000000000000000000 ) ) ;
#227 = CARTESIAN_POINT ( 'NONE',  ( -5.283766029193272651, -8.783766029193271763, 0.5369925062239845337 ) ) ;
#228 = CARTESIAN_POINT ( 'NONE',  ( 5.298751276043502045, 8.760626914065227311, 0.5256115467825762666 ) ) ;
#229 = EDGE_LOOP ( 'NONE', ( #736, #631, #693, #1087 ) ) ;
#230 = CYLINDRICAL_SURFACE ( 'NONE', #260, 0.1250000000000004441 ) ;
#231 = ORIENTED_EDGE ( 'NONE', *, *, #35, .F. ) ;
#232 = CC_DESIGN_PERSON_AND_ORGANIZATION_ASSIGNMENT ( #537, #969, ( #37 ) ) ;
#233 = CARTESIAN_POINT ( 'NONE',  ( -5.280826648554273639, -8.733739972831475740, 0.5423966561490904947 ) ) ;
#234 = CARTESIAN_POINT ( 'NONE',  ( 5.375000000000000888, 8.875000000000001776, 0.5000000000000001110 ) ) ;
#235 = LINE ( 'NONE', #585, #781 ) ;
#236 = CARTESIAN_POINT ( 'NONE',  ( 5.253997918902964415, -8.693496878354512347, 0.5925896789931656139 ) ) ;
#237 = VECTOR ( 'NONE', #123, 39.37007874015748143 ) ;
#238 = VERTEX_POINT ( 'NONE', #766 ) ;
#239 = LINE ( 'NONE', #128, #612 ) ;
#240 = ORIENTED_EDGE ( 'NONE', *, *, #1081, .T. ) ;
#241 = SPHERICAL_SURFACE ( 'NONE', #576, 0.1250000000000000000 ) ;
#242 = CARTESIAN_POINT ( 'NONE',  ( 5.212281575221294538, 8.766521050147568772, 0.5623561656929456642 ) ) ;
#243 = EDGE_CURVE ( 'NONE', #647, #1148, #4, .T. ) ;
#244 = CARTESIAN_POINT ( 'NONE',  ( 5.187500000000170530, -8.750000000000000000, 0.6168186763677185880 ) ) ;
#245 = VERTEX_POINT ( 'NONE', #1425 ) ;
#246 = PERSON_AND_ORGANIZATION ( #626, #1188 ) ;
#247 = CIRCLE ( 'NONE', #1351, 0.1250000000000004441 ) ;
#248 = CARTESIAN_POINT ( 'NONE',  ( 5.188708641494276463, 8.750805760996231086, 0.6086377405028026155 ) ) ;
#249 =( BOUNDED_SURFACE ( )  B_SPLINE_SURFACE ( 3, 2, ( 
 ( #636, #279, #1385 ),
 ( #962, #393, #409 ),
 ( #642, #954, #945 ),
 ( #1393, #400, #1061 ),
 ( #52, #1300, #973 ),
 ( #295, #531, #504 ),
 ( #1412, #743, #1293 ),
 ( #1187, #1167, #861 ),
 ( #839, #1308, #163 ),
 ( #737, #1284, #729 ),
 ( #1172, #286, #1103 ),
 ( #120, #651, #1210 ),
 ( #1346, #326, #760 ),
 ( #1321, #1205, #786 ),
 ( #220, #432, #887 ),
 ( #1097, #199, #91 ) ),
 .UNSPECIFIED., .F., .F., .T. ) 
 B_SPLINE_SURFACE_WITH_KNOTS ( ( 4, 2, 2, 2, 2, 2, 2, 4 ),
 ( 3, 3 ),
 ( 3.141592653589793116, 3.337942194439155408, 3.534291735288517255, 3.730641276137879103, 3.926990816987241395, 4.123340357836603687, 4.319689898685965090, 4.712388980384689674 ),
 ( 0.000000000000000000, 1.000000000000000000 ),
 .UNSPECIFIED. ) 
 GEOMETRIC_REPRESENTATION_ITEM ( )  RATIONAL_B_SPLINE_SURFACE ( (
 ( 1.000000000000000000, 0.7071067811865413555, 1.000000000000000000),
 ( 1.000000000000000000, 0.7070717281021372536, 1.000000000000000000),
 ( 1.000000000000000000, 0.7117460028955953089, 1.000000000000000000),
 ( 1.000000000000000000, 0.7291288936477207105, 1.000000000000000000),
 ( 1.000000000000000000, 0.7418334183799952797, 1.000000000000000000),
 ( 1.000000000000000000, 0.7723968213172169861, 1.000000000000000000),
 ( 1.000000000000000000, 0.7902180090810921875, 1.000000000000000000),
 ( 1.000000000000000000, 0.8275942691622429903, 1.000000000000000000),
 ( 1.000000000000000000, 0.8471316607469797644, 1.000000000000000000),
 ( 1.000000000000000000, 0.8849191468218954304, 1.000000000000000000),
 ( 1.000000000000000000, 0.9031650996176360247, 1.000000000000000000),
 ( 1.000000000000000000, 0.9360421840687618289, 1.000000000000000000),
 ( 1.000000000000000000, 0.9506740355182317082, 1.000000000000000000),
 ( 1.000000000000000000, 0.9867291886070066464, 1.000000000000000000),
 ( 1.000000000000000000, 1.000158581256220591, 1.000000000000000000),
 ( 1.000000000000000000, 1.000000000000000000, 1.000000000000000000) ) ) 
 REPRESENTATION_ITEM ( '' )  SURFACE ( )  );
#250 = CARTESIAN_POINT ( 'NONE',  ( 5.281034248552423094, -8.812356165701597632, 0.5165210501417876188 ) ) ;
#251 = ORIENTED_EDGE ( 'NONE', *, *, #453, .T. ) ;
#252 = LINE ( 'NONE', #710, #362 ) ;
#253 = CARTESIAN_POINT ( 'NONE',  ( 5.500000000000000000, 8.875000000000000000, 0.3749999999999999445 ) ) ;
#254 = DIRECTION ( 'NONE',  ( -1.000000000000000000, 0.000000000000000000, 0.000000000000000000 ) ) ;
#255 = CARTESIAN_POINT ( 'NONE',  ( 5.250000000000000000, 8.687500000000172307, 0.6168186763677185880 ) ) ;
#256 = CARTESIAN_POINT ( 'NONE',  ( -5.187500000000170530, -8.750000000000000000, 0.6168186763677185880 ) ) ;
#257 = CARTESIAN_POINT ( 'NONE',  ( 5.319606099234011509, -8.791909148851029698, 0.5126458799334733252 ) ) ;
#258 = ADVANCED_FACE ( 'NONE', ( #779 ), #206, .T. ) ;
#259 = CARTESIAN_POINT ( 'NONE',  ( 5.187500000000000000, 8.687500000000000000, 1.937500000000000000 ) ) ;
#260 = AXIS2_PLACEMENT_3D ( 'NONE', #897, #1006, #784 ) ;
#261 = AXIS2_PLACEMENT_3D ( 'NONE', #134, #909, #1039 ) ;
#262 = FACE_OUTER_BOUND ( 'NONE', #857, .T. ) ;
#263 = CARTESIAN_POINT ( 'NONE',  ( 5.374999999999999112, -8.875000000000000000, 0.1250000000000000000 ) ) ;
#264 = FACE_OUTER_BOUND ( 'NONE', #539, .T. ) ;
#265 = EDGE_CURVE ( 'NONE', #769, #518, #547, .T. ) ;
#266 = CARTESIAN_POINT ( 'NONE',  ( 0.000000000000000000, 0.000000000000000000, 0.000000000000000000 ) ) ;
#267 = EDGE_LOOP ( 'NONE', ( #1038, #1139, #543, #363 ) ) ;
#268 = CARTESIAN_POINT ( 'NONE',  ( 0.000000000000000000, 8.875000000000000000, 0.3749999999999999445 ) ) ;
#269 = CARTESIAN_POINT ( 'NONE',  ( -5.374999999999999112, -8.875000000000000000, 0.3749999999999999445 ) ) ;
#270 = CARTESIAN_POINT ( 'NONE',  ( -5.197076355419468108, -8.756384236946358257, 0.5847230426562421979 ) ) ;
#271 = AXIS2_PLACEMENT_3D ( 'NONE', #430, #874, #317 ) ;
#272 = DIRECTION ( 'NONE',  ( -1.000000000000000000, 0.000000000000000000, 0.000000000000000000 ) ) ;
#273 = AXIS2_PLACEMENT_3D ( 'NONE', #717, #42, #160 ) ;
#274 = EDGE_CURVE ( 'NONE', #846, #63, #438, .T. ) ;
#275 = SECURITY_CLASSIFICATION_LEVEL ( 'unclassified' ) ;
#276 = DIRECTION ( 'NONE',  ( 0.000000000000000000, 0.000000000000000000, -1.000000000000000000 ) ) ;
#277 = ORIENTED_EDGE ( 'NONE', *, *, #297, .F. ) ;
#278 = CC_DESIGN_DATE_AND_TIME_ASSIGNMENT ( #1390, #1185, ( #1082 ) ) ;
#279 = CARTESIAN_POINT ( 'NONE',  ( -5.250000000000000888, 8.750000000000001776, 0.6250000000000001110 ) ) ;
#280 = CARTESIAN_POINT ( 'NONE',  ( 5.374999999999999112, 8.875000000000000000, 0.3749999999999999445 ) ) ;
#281 = CARTESIAN_POINT ( 'NONE',  ( 0.000000000000000000, -8.687500000000000000, 2.000000000000000000 ) ) ;
#282 = ORIENTED_EDGE ( 'NONE', *, *, #524, .T. ) ;
#283 = SHAPE_DEFINITION_REPRESENTATION ( #22, #503 ) ;
#284 = DIRECTION ( 'NONE',  ( 8.741913579725610745E-15, -1.000000000000000000, 0.000000000000000000 ) ) ;
#285 = ORIENTED_EDGE ( 'NONE', *, *, #274, .F. ) ;
#286 = CARTESIAN_POINT ( 'NONE',  ( -5.283766029193273539, 8.783766029193500913, 0.5369925062239693236 ) ) ;
#287 = DIRECTION ( 'NONE',  ( 1.000000000000000000, 0.000000000000000000, 0.000000000000000000 ) ) ;
#288 = AXIS2_PLACEMENT_3D ( 'NONE', #84, #753, #1015 ) ;
#289 = EDGE_CURVE ( 'NONE', #1246, #1405, #694, .T. ) ;
#290 = DIRECTION ( 'NONE',  ( -0.000000000000000000, 0.000000000000000000, -1.000000000000000000 ) ) ;
#291 = ORIENTED_EDGE ( 'NONE', *, *, #938, .T. ) ;
#292 = EDGE_CURVE ( 'NONE', #769, #388, #1250, .T. ) ;
#293 = DATE_AND_TIME ( #406, #95 ) ;
#294 = ORIENTED_EDGE ( 'NONE', *, *, #577, .T. ) ;
#295 = CARTESIAN_POINT ( 'NONE',  ( -5.206468819888799615, 8.762645879925822001, 0.5696060992524858424 ) ) ;
#296 = CARTESIAN_POINT ( 'NONE',  ( 5.374999999999999112, -8.875000000000000000, 0.5000000000000000000 ) ) ;
#297 = EDGE_CURVE ( 'NONE', #656, #1356, #482, .T. ) ;
#298 = CARTESIAN_POINT ( 'NONE',  ( -5.500000000000000000, -8.875000000000000000, 0.1250000000000000278 ) ) ;
#299 = ORIENTED_EDGE ( 'NONE', *, *, #312, .F. ) ;
#300 = CIRCLE ( 'NONE', #1305, 0.1250000000000000000 ) ;
#301 = CARTESIAN_POINT ( 'NONE',  ( 5.374999999999999112, -8.875000000000000000, 0.5000000000000000000 ) ) ;
#302 = AXIS2_PLACEMENT_3D ( 'NONE', #1114, #7, #556 ) ;
#303 = FACE_OUTER_BOUND ( 'NONE', #1129, .T. ) ;
#304 = EDGE_LOOP ( 'NONE', ( #119, #733, #553 ) ) ;
#305 = FACE_OUTER_BOUND ( 'NONE', #307, .T. ) ;
#306 = DIRECTION ( 'NONE',  ( -0.000000000000000000, 1.000000000000000000, 0.000000000000000000 ) ) ;
#307 = EDGE_LOOP ( 'NONE', ( #294, #325, #13 ) ) ;
#308 = COORDINATED_UNIVERSAL_TIME_OFFSET ( 8, 0, .BEHIND. ) ;
#309 =( BOUNDED_SURFACE ( )  B_SPLINE_SURFACE ( 3, 2, ( 
 ( #905, #1353, #1370 ),
 ( #244, #1163, #720 ),
 ( #706, #376, #822 ),
 ( #138, #466, #236 ),
 ( #919, #593, #700 ),
 ( #911, #154, #1254 ),
 ( #806, #1037, #480 ),
 ( #23, #1158, #828 ),
 ( #33, #1365, #798 ),
 ( #813, #1269, #1141 ),
 ( #487, #1245, #1261 ),
 ( #250, #145, #131 ),
 ( #695, #601, #257 ),
 ( #587, #716, #607 ),
 ( #1049, #495, #511 ),
 ( #161, #616, #1059 ) ),
 .UNSPECIFIED., .F., .F., .T. ) 
 B_SPLINE_SURFACE_WITH_KNOTS ( ( 4, 2, 2, 2, 2, 2, 2, 4 ),
 ( 3, 3 ),
 ( 3.141592653589793116, 3.337942194439155408, 3.534291735288517255, 3.730641276137879103, 3.926990816987241395, 4.123340357836603687, 4.319689898685965090, 4.712388980384689674 ),
 ( 0.000000000000000000, 1.000000000000000000 ),
 .UNSPECIFIED. ) 
 GEOMETRIC_REPRESENTATION_ITEM ( )  RATIONAL_B_SPLINE_SURFACE ( (
 ( 1.000000000000000000, 0.7071067811865475727, 1.000000000000000000),
 ( 1.000000000000000000, 0.7070717281021530187, 1.000000000000000000),
 ( 1.000000000000000000, 0.7117460028955775453, 1.000000000000000000),
 ( 1.000000000000000000, 0.7291288936477382521, 1.000000000000000000),
 ( 1.000000000000000000, 0.7418334183799719650, 1.000000000000000000),
 ( 1.000000000000000000, 0.7723968213172307529, 1.000000000000000000),
 ( 1.000000000000000000, 0.7902180090805392965, 1.000000000000000000),
 ( 1.000000000000000000, 0.8275942691627985459, 1.000000000000000000),
 ( 1.000000000000000000, 0.8471316607465979587, 1.000000000000000000),
 ( 1.000000000000000000, 0.8849191468222765700, 1.000000000000000000),
 ( 1.000000000000000000, 0.9031650996174774848, 1.000000000000000000),
 ( 1.000000000000000000, 0.9360421840689183703, 1.000000000000000000),
 ( 1.000000000000000000, 0.9506740355182062840, 1.000000000000000000),
 ( 1.000000000000000000, 0.9867291886070519435, 1.000000000000000000),
 ( 1.000000000000000000, 1.000158581256185730, 1.000000000000000000),
 ( 1.000000000000000000, 1.000000000000000000, 1.000000000000000000) ) ) 
 REPRESENTATION_ITEM ( '' )  SURFACE ( )  );
#310 = FACE_OUTER_BOUND ( 'NONE', #752, .T. ) ;
#311 = VERTEX_POINT ( 'NONE', #443 ) ;
#312 = EDGE_CURVE ( 'NONE', #70, #906, #1226, .T. ) ;
#313 = CARTESIAN_POINT ( 'NONE',  ( -5.374999999999999112, 8.875000000000000000, 0.1250000000000000000 ) ) ;
#314 = AXIS2_PLACEMENT_3D ( 'NONE', #998, #449, #1029 ) ;
#315 = ORIENTED_EDGE ( 'NONE', *, *, #434, .F. ) ;
#316 = ADVANCED_FACE ( 'NONE', ( #893 ), #1017, .F. ) ;
#317 = DIRECTION ( 'NONE',  ( 0.000000000000000000, 0.000000000000000000, -1.000000000000000000 ) ) ;
#318 = ORIENTED_EDGE ( 'NONE', *, *, #352, .T. ) ;
#319 = CARTESIAN_POINT ( 'NONE',  ( -5.250000000000000000, -8.875000000000000000, 0.5000000000000000000 ) ) ;
#320 =( BOUNDED_SURFACE ( )  B_SPLINE_SURFACE ( 3, 2, ( 
 ( #871, #122, #1368 ),
 ( #255, #494, #1138 ),
 ( #1048, #932, #248 ),
 ( #1375, #350, #359 ),
 ( #1349, #712, #704 ),
 ( #130, #366, #1252 ),
 ( #381, #692, #242 ),
 ( #794, #699, #592 ),
 ( #1243, #9, #143 ),
 ( #574, #21, #152 ),
 ( #228, #135, #583 ),
 ( #598, #462, #810 ),
 ( #477, #1259, #1040 ),
 ( #902, #31, #486 ),
 ( #1157, #1133, #1022 ),
 ( #1028, #1267, #234 ) ),
 .UNSPECIFIED., .F., .F., .T. ) 
 B_SPLINE_SURFACE_WITH_KNOTS ( ( 4, 2, 2, 2, 2, 2, 2, 4 ),
 ( 3, 3 ),
 ( 3.141592653589793116, 3.337942194439155408, 3.534291735288517255, 3.730641276137879103, 3.926990816987241395, 4.123340357836603687, 4.319689898685965090, 4.712388980384689674 ),
 ( 0.000000000000000000, 1.000000000000000000 ),
 .UNSPECIFIED. ) 
 GEOMETRIC_REPRESENTATION_ITEM ( )  RATIONAL_B_SPLINE_SURFACE ( (
 ( 1.000000000000000000, 0.7071067811865413555, 1.000000000000000000),
 ( 1.000000000000000000, 0.7070717281021372536, 1.000000000000000000),
 ( 1.000000000000000000, 0.7117460028955953089, 1.000000000000000000),
 ( 1.000000000000000000, 0.7291288936477207105, 1.000000000000000000),
 ( 1.000000000000000000, 0.7418334183799952797, 1.000000000000000000),
 ( 1.000000000000000000, 0.7723968213172169861, 1.000000000000000000),
 ( 1.000000000000000000, 0.7902180090810921875, 1.000000000000000000),
 ( 1.000000000000000000, 0.8275942691622429903, 1.000000000000000000),
 ( 1.000000000000000000, 0.8471316607469797644, 1.000000000000000000),
 ( 1.000000000000000000, 0.8849191468218954304, 1.000000000000000000),
 ( 1.000000000000000000, 0.9031650996176360247, 1.000000000000000000),
 ( 1.000000000000000000, 0.9360421840687618289, 1.000000000000000000),
 ( 1.000000000000000000, 0.9506740355182317082, 1.000000000000000000),
 ( 1.000000000000000000, 0.9867291886070066464, 1.000000000000000000),
 ( 1.000000000000000000, 1.000158581256220591, 1.000000000000000000),
 ( 1.000000000000000000, 1.000000000000000000, 1.000000000000000000) ) ) 
 REPRESENTATION_ITEM ( '' )  SURFACE ( )  );
#321 = CARTESIAN_POINT ( 'NONE',  ( -5.325922271592578028, -8.842281514395072151, 0.5032534154413214056 ) ) ;
#322 = ORIENTED_EDGE ( 'NONE', *, *, #297, .T. ) ;
#323 = EDGE_CURVE ( 'NONE', #696, #162, #680, .T. ) ;
#324 = DIRECTION ( 'NONE',  ( -1.000000000000000000, -0.000000000000000000, -8.741913579725640721E-15 ) ) ;
#325 = ORIENTED_EDGE ( 'NONE', *, *, #35, .T. ) ;
#326 = CARTESIAN_POINT ( 'NONE',  ( -5.307060473744114937, 8.807060473744115825, 0.5186976706703430029 ) ) ;
#327 = AXIS2_PLACEMENT_3D ( 'NONE', #266, #364, #496 ) ;
#328 = CARTESIAN_POINT ( 'NONE',  ( -5.354545423243030733, -8.854545423244957192, 0.5000000000000301981 ) ) ;
#329 = DIRECTION ( 'NONE',  ( 0.000000000000000000, 0.000000000000000000, 1.000000000000000000 ) ) ;
#330 = FACE_OUTER_BOUND ( 'NONE', #602, .T. ) ;
#331 = VERTEX_POINT ( 'NONE', #80 ) ;
#332 = DIRECTION ( 'NONE',  ( -1.000000000000000000, -0.000000000000000000, -1.748382715945130038E-14 ) ) ;
#333 = FACE_OUTER_BOUND ( 'NONE', #399, .T. ) ;
#334 = DIRECTION ( 'NONE',  ( 0.000000000000000000, 0.000000000000000000, -1.000000000000000000 ) ) ;
#335 = CARTESIAN_POINT ( 'NONE',  ( 5.500000000000000000, 8.875000000000000000, 0.5000000000000000000 ) ) ;
#336 = EDGE_CURVE ( 'NONE', #546, #1405, #528, .T. ) ;
#337 = VECTOR ( 'NONE', #1180, 39.37007874015748143 ) ;
#338 = FACE_OUTER_BOUND ( 'NONE', #728, .T. ) ;
#339 = ORIENTED_EDGE ( 'NONE', *, *, #428, .T. ) ;
#340 = CARTESIAN_POINT ( 'NONE',  ( 5.250000000000000000, -8.750000000000000000, 2.000000000000000000 ) ) ;
#341 = DIRECTION ( 'NONE',  ( -0.000000000000000000, 0.000000000000000000, 1.000000000000000000 ) ) ;
#342 = CARTESIAN_POINT ( 'NONE',  ( -5.266294790316869978, -8.766294790316871754, 0.5588998569188182719 ) ) ;
#343 = EDGE_CURVE ( 'NONE', #1424, #94, #49, .T. ) ;
#344 = CARTESIAN_POINT ( 'NONE',  ( 5.187500000000000000, -8.750000000000000000, 0.6250000000000000000 ) ) ;
#345 = ORIENTED_EDGE ( 'NONE', *, *, #403, .T. ) ;
#346 = AXIS2_PLACEMENT_3D ( 'NONE', #82, #649, #1331 ) ;
#347 = FACE_OUTER_BOUND ( 'NONE', #1094, .T. ) ;
#348 = DESIGN_CONTEXT ( 'detailed design', #767, 'design' ) ;
#349 = VECTOR ( 'NONE', #1174, 39.37007874015748143 ) ;
#350 = CARTESIAN_POINT ( 'NONE',  ( 5.250352461725570130, 8.750352461725571018, 0.6070977857932302602 ) ) ;
#351 = CARTESIAN_POINT ( 'NONE',  ( -5.374999999999999112, 9.000000000000000000, 0.1250000000000000278 ) ) ;
#352 = EDGE_CURVE ( 'NONE', #74, #354, #942, .T. ) ;
#353 = CARTESIAN_POINT ( 'NONE',  ( 5.265165042944954799, 8.801776695296640085, 0.5000000000000009992 ) ) ;
#354 = VERTEX_POINT ( 'NONE', #508 ) ;
#355 = DIRECTION ( 'NONE',  ( -0.000000000000000000, 1.000000000000000000, 0.000000000000000000 ) ) ;
#356 = ORIENTED_EDGE ( 'NONE', *, *, #1098, .F. ) ;
#357 = EDGE_CURVE ( 'NONE', #354, #843, #183, .T. ) ;
#358 = DIRECTION ( 'NONE',  ( 0.000000000000000000, -0.000000000000000000, -1.000000000000000000 ) ) ;
#359 = CARTESIAN_POINT ( 'NONE',  ( 5.193496878354512347, 8.753997918902966191, 0.5925896789931656139 ) ) ;
#360 = CYLINDRICAL_SURFACE ( 'NONE', #804, 0.06249999999999967387 ) ;
#361 = LINE ( 'NONE', #1376, #762 ) ;
#362 = VECTOR ( 'NONE', #150, 39.37007874015748143 ) ;
#363 = ORIENTED_EDGE ( 'NONE', *, *, #707, .T. ) ;
#364 = DIRECTION ( 'NONE',  ( 0.000000000000000000, 0.000000000000000000, 1.000000000000000000 ) ) ;
#365 = DIRECTION ( 'NONE',  ( -2.388157907355970577E-30, 2.731847993664253851E-16, 1.000000000000000000 ) ) ;
#366 = CARTESIAN_POINT ( 'NONE',  ( 5.253410967875354665, 8.753410967875357329, 0.5886698918461675811 ) ) ;
#367 = DIRECTION ( 'NONE',  ( -0.000000000000000000, -1.000000000000000000, -0.000000000000000000 ) ) ;
#368 = ORIENTED_EDGE ( 'NONE', *, *, #835, .T. ) ;
#369 = DIRECTION ( 'NONE',  ( 0.000000000000000000, 1.000000000000000000, 0.000000000000000000 ) ) ;
#370 = AXIS2_PLACEMENT_3D ( 'NONE', #849, #976, #178 ) ;
#371 = LINE ( 'NONE', #606, #968 ) ;
#372 = DIRECTION ( 'NONE',  ( 0.000000000000000000, 1.000000000000000000, 0.000000000000000000 ) ) ;
#373 = CARTESIAN_POINT ( 'NONE',  ( 5.374999999999999112, -8.875000000000000000, 0.000000000000000000 ) ) ;
#374 = CIRCLE ( 'NONE', #805, 0.1250000000000000000 ) ;
#375 = VECTOR ( 'NONE', #589, 39.37007874015748143 ) ;
#376 = CARTESIAN_POINT ( 'NONE',  ( 5.249951346434400534, -8.749951346434400534, 0.6168452837954069290 ) ) ;
#377 = APPROVAL_STATUS ( 'not_yet_approved' ) ;
#378 = VERTEX_POINT ( 'NONE', #1429 ) ;
#379 = DIRECTION ( 'NONE',  ( 1.000000000000000000, 8.741913579725610745E-15, 0.000000000000000000 ) ) ;
#380 = FACE_OUTER_BOUND ( 'NONE', #679, .T. ) ;
#381 = CARTESIAN_POINT ( 'NONE',  ( 5.266521050147568772, 8.712281575221295427, 0.5623561656929454422 ) ) ;
#382 = EDGE_CURVE ( 'NONE', #846, #162, #374, .T. ) ;
#383 = CARTESIAN_POINT ( 'NONE',  ( 5.500000000000000000, -9.000000000000000000, 0.3749999999999999445 ) ) ;
#384 = CARTESIAN_POINT ( 'NONE',  ( 5.250000000000000000, -8.750000000000000000, 1.937500000000000000 ) ) ;
#385 = AXIS2_PLACEMENT_3D ( 'NONE', #657, #993, #99 ) ;
#386 = APPLICATION_PROTOCOL_DEFINITION ( 'international standard', 'config_control_design', 1994, #767 ) ;
#387 = VECTOR ( 'NONE', #156, 39.37007874015748143 ) ;
#388 = VERTEX_POINT ( 'NONE', #561 ) ;
#389 = CYLINDRICAL_SURFACE ( 'NONE', #1378, 0.1250000000000000278 ) ;
#390 = CARTESIAN_POINT ( 'NONE',  ( 5.374999999999999112, -8.875000000000000000, 0.5000000000000000000 ) ) ;
#391 = LINE ( 'NONE', #1367, #1005 ) ;
#392 = ORIENTED_EDGE ( 'NONE', *, *, #1107, .F. ) ;
#393 = CARTESIAN_POINT ( 'NONE',  ( -5.249999999999660716, 8.750000000000170530, 0.6209240151575809996 ) ) ;
#394 = DIRECTION ( 'NONE',  ( -1.000000000000000000, 0.000000000000000000, 0.000000000000000000 ) ) ;
#395 = AXIS2_PLACEMENT_3D ( 'NONE', #1146, #569, #599 ) ;
#396 = FACE_OUTER_BOUND ( 'NONE', #5, .T. ) ;
#397 = ORIENTED_EDGE ( 'NONE', *, *, #75, .F. ) ;
#398 = AXIS2_PLACEMENT_3D ( 'NONE', #469, #995, #107 ) ;
#399 = EDGE_LOOP ( 'NONE', ( #1307, #708, #516, #1080 ) ) ;
#400 = CARTESIAN_POINT ( 'NONE',  ( -5.250352461725570130, 8.750352461725571018, 0.6070977857932302602 ) ) ;
#401 = ADVANCED_FACE ( 'NONE', ( #338 ), #1231, .F. ) ;
#402 = CARTESIAN_POINT ( 'NONE',  ( 5.374999999999999112, 8.875000000000000000, 0.5000000000000000000 ) ) ;
#403 = EDGE_CURVE ( 'NONE', #1360, #627, #579, .T. ) ;
#404 = DIRECTION ( 'NONE',  ( 1.000000000000000000, 0.000000000000000000, 0.000000000000000000 ) ) ;
#405 = ORIENTED_EDGE ( 'NONE', *, *, #620, .T. ) ;
#406 = CALENDAR_DATE ( 2025, 3, 12 ) ;
#407 = ADVANCED_FACE ( 'NONE', ( #137 ), #32, .F. ) ;
#408 = ORIENTED_EDGE ( 'NONE', *, *, #1091, .T. ) ;
#409 = CARTESIAN_POINT ( 'NONE',  ( -5.250000000000000000, 8.687500000000172307, 0.6168186763677185880 ) ) ;
#410 = CARTESIAN_POINT ( 'NONE',  ( -5.187500000000000000, -8.750000000000001776, 0.5517766952966374205 ) ) ;
#411 = AXIS2_PLACEMENT_3D ( 'NONE', #263, #505, #1054 ) ;
#412 = DIRECTION ( 'NONE',  ( 1.000000000000000000, 0.000000000000000000, 0.000000000000000000 ) ) ;
#413 = VERTEX_POINT ( 'NONE', #916 ) ;
#414 = LINE ( 'NONE', #64, #1225 ) ;
#415 = DIRECTION ( 'NONE',  ( 0.000000000000000000, 0.000000000000000000, -1.000000000000000000 ) ) ;
#416 = ORIENTED_EDGE ( 'NONE', *, *, #28, .T. ) ;
#417 = DIRECTION ( 'NONE',  ( 0.000000000000000000, -1.000000000000000000, -0.000000000000000000 ) ) ;
#418 = CARTESIAN_POINT ( 'NONE',  ( 5.374999999999999112, 8.875000000000000000, 0.1250000000000000278 ) ) ;
#419 = ORIENTED_EDGE ( 'NONE', *, *, #81, .T. ) ;
#420 = VECTOR ( 'NONE', #441, 39.37007874015748143 ) ;
#421 = EDGE_CURVE ( 'NONE', #647, #696, #371, .T. ) ;
#422 = VECTOR ( 'NONE', #514, 39.37007874015748143 ) ;
#423 = CARTESIAN_POINT ( 'NONE',  ( 5.187500000000000000, -8.750000000000000000, 2.000000000000000000 ) ) ;
#424 = ORIENTED_EDGE ( 'NONE', *, *, #524, .F. ) ;
#425 = VECTOR ( 'NONE', #1364, 39.37007874015748143 ) ;
#426 = CARTESIAN_POINT ( 'NONE',  ( 5.374999999999999112, 8.875000000000000000, 0.3749999999999999445 ) ) ;
#427 = EDGE_LOOP ( 'NONE', ( #240, #1431, #468, #356 ) ) ;
#428 = EDGE_CURVE ( 'NONE', #413, #1312, #928, .T. ) ;
#429 = CALENDAR_DATE ( 2025, 3, 12 ) ;
#430 = CARTESIAN_POINT ( 'NONE',  ( 5.500000000000000000, 8.875000000000000000, 0.1250000000000000278 ) ) ;
#431 = ORIENTED_EDGE ( 'NONE', *, *, #169, .F. ) ;
#432 = CARTESIAN_POINT ( 'NONE',  ( -5.354545423243404656, 8.854545423243889601, 0.5000000000000300870 ) ) ;
#433 = AXIS2_PLACEMENT_3D ( 'NONE', #773, #1217, #664 ) ;
#434 = EDGE_CURVE ( 'NONE', #311, #70, #667, .T. ) ;
#435 = EDGE_LOOP ( 'NONE', ( #650, #654, #1299 ) ) ;
#436 = CARTESIAN_POINT ( 'NONE',  ( -5.500000000000000000, -9.000000000000000000, 0.5000000000000000000 ) ) ;
#437 = ORIENTED_EDGE ( 'NONE', *, *, #323, .F. ) ;
#438 = LINE ( 'NONE', #1008, #940 ) ;
#439 = DIRECTION ( 'NONE',  ( -1.000000000000000000, -0.000000000000000000, -0.000000000000000000 ) ) ;
#440 = VECTOR ( 'NONE', #1295, 39.37007874015748143 ) ;
#441 = DIRECTION ( 'NONE',  ( -1.000000000000000000, -0.000000000000000000, -0.000000000000000000 ) ) ;
#442 = VERTEX_POINT ( 'NONE', #1408 ) ;
#443 = CARTESIAN_POINT ( 'NONE',  ( -5.500000000000000000, -8.875000000000000000, 0.3749999999999999445 ) ) ;
#444 = CIRCLE ( 'NONE', #884, 0.06249999999999967387 ) ;
#445 = CYLINDRICAL_SURFACE ( 'NONE', #725, 0.1250000000000000278 ) ;
#446 = ADVANCED_FACE ( 'NONE', ( #1381 ), #72, .T. ) ;
#447 = EDGE_CURVE ( 'NONE', #483, #1148, #1296, .T. ) ;
#448 = DIRECTION ( 'NONE',  ( 0.000000000000000000, -1.000000000000000000, 0.000000000000000000 ) ) ;
#449 = DIRECTION ( 'NONE',  ( -0.000000000000000000, 1.000000000000000000, 0.000000000000000000 ) ) ;
#450 = FACE_OUTER_BOUND ( 'NONE', #799, .T. ) ;
#451 = ORIENTED_EDGE ( 'NONE', *, *, #1274, .T. ) ;
#452 = CARTESIAN_POINT ( 'NONE',  ( -5.375000000000000888, 8.750000000000000000, 0.5000000000000000000 ) ) ;
#453 = EDGE_CURVE ( 'NONE', #843, #1215, #414, .T. ) ;
#454 = DIRECTION ( 'NONE',  ( 0.000000000000000000, 1.000000000000000000, 0.000000000000000000 ) ) ;
#455 = ORIENTED_EDGE ( 'NONE', *, *, #735, .F. ) ;
#456 = AXIS2_PLACEMENT_3D ( 'NONE', #927, #1371, #1271 ) ;
#457 = VECTOR ( 'NONE', #956, 39.37007874015748143 ) ;
#458 = FACE_OUTER_BOUND ( 'NONE', #765, .T. ) ;
#459 = ORIENTED_EDGE ( 'NONE', *, *, #1127, .F. ) ;
#460 = DIRECTION ( 'NONE',  ( -0.000000000000000000, 1.000000000000000000, -0.000000000000000000 ) ) ;
#461 = CARTESIAN_POINT ( 'NONE',  ( 5.187500000000000000, -8.687500000000000000, 1.937500000000000000 ) ) ;
#462 = CARTESIAN_POINT ( 'NONE',  ( 5.298688263126575038, 8.798688263126360098, 0.5243335668468137589 ) ) ;
#463 = CYLINDRICAL_SURFACE ( 'NONE', #1406, 0.06249999999999995143 ) ;
#464 = EDGE_CURVE ( 'NONE', #238, #1154, #1266, .T. ) ;
#465 = CARTESIAN_POINT ( 'NONE',  ( -5.187499999999999112, -8.750000000000000000, 2.000000000000000000 ) ) ;
#466 = CARTESIAN_POINT ( 'NONE',  ( 5.250352461725571018, -8.750352461725571018, 0.6070977857932196020 ) ) ;
#467 = ADVANCED_FACE ( 'NONE', ( #749 ), #1191, .F. ) ;
#468 = ORIENTED_EDGE ( 'NONE', *, *, #1352, .T. ) ;
#469 = CARTESIAN_POINT ( 'NONE',  ( 5.187500000000000000, 8.687500000000000000, 1.937500000000000000 ) ) ;
#470 = ORIENTED_EDGE ( 'NONE', *, *, #157, .F. ) ;
#471 = SPHERICAL_SURFACE ( 'NONE', #261, 0.1250000000000000000 ) ;
#472 = DIRECTION ( 'NONE',  ( 0.000000000000000000, 1.000000000000000000, 0.000000000000000000 ) ) ;
#473 = EDGE_CURVE ( 'NONE', #245, #1424, #820, .T. ) ;
#474 = FACE_OUTER_BOUND ( 'NONE', #1044, .T. ) ;
#475 = EDGE_LOOP ( 'NONE', ( #740, #1325, #635, #1229 ) ) ;
#476 = CARTESIAN_POINT ( 'NONE',  ( 5.500000000000000000, -8.875000000000000000, 0.5000000000000000000 ) ) ;
#477 = CARTESIAN_POINT ( 'NONE',  ( 5.319606099234011509, 8.791909148851031475, 0.5126458799334733252 ) ) ;
#478 = EDGE_CURVE ( 'NONE', #769, #1204, #1175, .T. ) ;
#479 = VECTOR ( 'NONE', #417, 39.37007874015748143 ) ;
#480 = CARTESIAN_POINT ( 'NONE',  ( 5.266521050147568772, -8.712281575221295427, 0.5623561656929454422 ) ) ;
#481 = VECTOR ( 'NONE', #824, 39.37007874015748143 ) ;
#482 = CIRCLE ( 'NONE', #1298, 0.1250000000000004441 ) ;
#483 = VERTEX_POINT ( 'NONE', #719 ) ;
#484 = DIRECTION ( 'NONE',  ( 0.000000000000000000, 0.000000000000000000, -1.000000000000000000 ) ) ;
#485 = DIRECTION ( 'NONE',  ( 0.000000000000000000, -1.000000000000000000, 0.000000000000000000 ) ) ;
#486 = CARTESIAN_POINT ( 'NONE',  ( 5.325922271592578028, 8.842281514395072151, 0.5032534154413216276 ) ) ;
#487 = CARTESIAN_POINT ( 'NONE',  ( 5.260626914065226423, -8.798751276043502045, 0.5256115467825762666 ) ) ;
#488 = VERTEX_POINT ( 'NONE', #253 ) ;
#489 =( CONVERSION_BASED_UNIT ( 'INCH', #1281 ) LENGTH_UNIT ( ) NAMED_UNIT ( #1416 ) );
#490 = CIRCLE ( 'NONE', #1260, 0.1250000000000000000 ) ;
#491 = CYLINDRICAL_SURFACE ( 'NONE', #456, 0.06249999999999995143 ) ;
#492 = DIRECTION ( 'NONE',  ( -1.000000000000000000, 0.000000000000000000, 0.000000000000000000 ) ) ;
#493 = CARTESIAN_POINT ( 'NONE',  ( -5.187500000000000000, -8.687500000000000000, 2.000000000000000000 ) ) ;
#494 = CARTESIAN_POINT ( 'NONE',  ( 5.249999999999660716, 8.750000000000170530, 0.6209240151575809996 ) ) ;
#495 = CARTESIAN_POINT ( 'NONE',  ( 5.354545423243030733, -8.854545423244957192, 0.5000000000000301981 ) ) ;
#496 = DIRECTION ( 'NONE',  ( 1.000000000000000000, 0.000000000000000000, 0.000000000000000000 ) ) ;
#497 = EDGE_LOOP ( 'NONE', ( #972, #1255, #1283, #140 ) ) ;
#498 = FACE_OUTER_BOUND ( 'NONE', #742, .T. ) ;
#499 = DIRECTION ( 'NONE',  ( 0.000000000000000000, 0.000000000000000000, 1.000000000000000000 ) ) ;
#500 = DIRECTION ( 'NONE',  ( 0.000000000000000000, -0.000000000000000000, -1.000000000000000000 ) ) ;
#501 = CARTESIAN_POINT ( 'NONE',  ( -5.187499999999999112, 8.750000000000000000, 2.000000000000000000 ) ) ;
#502 = DIRECTION ( 'NONE',  ( -1.000000000000000000, -0.000000000000000000, -0.000000000000000000 ) ) ;
#503 = ADVANCED_BREP_SHAPE_REPRESENTATION ( 'harmonic-base', ( #754, #327 ), #1212 ) ;
#504 = CARTESIAN_POINT ( 'NONE',  ( -5.262645879925820225, 8.706468819888801391, 0.5696060992524857314 ) ) ;
#505 = DIRECTION ( 'NONE',  ( -0.000000000000000000, 1.000000000000000000, -0.000000000000000000 ) ) ;
#506 = CARTESIAN_POINT ( 'NONE',  ( -5.250000000000169642, -8.750000000000168754, 0.6209240151575710076 ) ) ;
#507 = DIRECTION ( 'NONE',  ( -1.000000000000000000, 0.000000000000000000, 0.000000000000000000 ) ) ;
#508 = CARTESIAN_POINT ( 'NONE',  ( -5.250000000000000000, 8.687500000000001776, 1.937500000000000000 ) ) ;
#509 = EDGE_CURVE ( 'NONE', #843, #94, #1021, .T. ) ;
#510 = APPROVAL_ROLE ( '' ) ;
#511 = CARTESIAN_POINT ( 'NONE',  ( 5.358634588199787885, -8.850451882300886197, 0.5000000000000001110 ) ) ;
#512 = ORIENTED_EDGE ( 'NONE', *, *, #660, .T. ) ;
#513 = DIRECTION ( 'NONE',  ( 1.000000000000000000, 0.000000000000000000, 0.000000000000000000 ) ) ;
#514 = DIRECTION ( 'NONE',  ( 1.000000000000000000, -0.000000000000000000, -0.000000000000000000 ) ) ;
#515 = ORIENTED_EDGE ( 'NONE', *, *, #382, .T. ) ;
#516 = ORIENTED_EDGE ( 'NONE', *, *, #768, .F. ) ;
#517 = FACE_OUTER_BOUND ( 'NONE', #1136, .T. ) ;
#518 = VERTEX_POINT ( 'NONE', #611 ) ;
#519 = APPROVAL_DATE_TIME ( #196, #18 ) ;
#520 = CARTESIAN_POINT ( 'NONE',  ( -5.374999999999998224, -8.875000000000000000, 0.3749999999999999445 ) ) ;
#521 = ORIENTED_EDGE ( 'NONE', *, *, #323, .T. ) ;
#522 = AXIS2_PLACEMENT_3D ( 'NONE', #527, #727, #56 ) ;
#523 = VECTOR ( 'NONE', #776, 39.37007874015748143 ) ;
#524 = EDGE_CURVE ( 'NONE', #546, #378, #1409, .T. ) ;
#525 = FACE_OUTER_BOUND ( 'NONE', #807, .T. ) ;
#526 = ORIENTED_EDGE ( 'NONE', *, *, #169, .T. ) ;
#527 = CARTESIAN_POINT ( 'NONE',  ( -5.374999999999998224, -8.875000000000000000, 0.1250000000000000278 ) ) ;
#528 = LINE ( 'NONE', #384, #149 ) ;
#529 = CYLINDRICAL_SURFACE ( 'NONE', #610, 0.1250000000000004441 ) ;
#530 = ORIENTED_EDGE ( 'NONE', *, *, #560, .T. ) ;
#531 = CARTESIAN_POINT ( 'NONE',  ( -5.253410967875354665, 8.753410967875357329, 0.5886698918461675811 ) ) ;
#532 = DIRECTION ( 'NONE',  ( 0.000000000000000000, 1.000000000000000000, 0.000000000000000000 ) ) ;
#533 = EDGE_CURVE ( 'NONE', #311, #1303, #103, .T. ) ;
#534 = ORIENTED_EDGE ( 'NONE', *, *, #1369, .F. ) ;
#535 = CIRCLE ( 'NONE', #721, 0.06249999999999995143 ) ;
#536 = AXIS2_PLACEMENT_3D ( 'NONE', #646, #653, #334 ) ;
#537 = PERSON_AND_ORGANIZATION ( #626, #1188 ) ;
#538 = PLANE ( 'NONE',  #87 ) ;
#539 = EDGE_LOOP ( 'NONE', ( #1190, #1209, #1069, #688 ) ) ;
#540 = LINE ( 'NONE', #319, #1273 ) ;
#541 = EDGE_CURVE ( 'NONE', #959, #906, #1089, .T. ) ;
#542 = CARTESIAN_POINT ( 'NONE',  ( -5.281034248552423094, -8.812356165701597632, 0.5165210501417876188 ) ) ;
#543 = ORIENTED_EDGE ( 'NONE', *, *, #201, .F. ) ;
#544 = CC_DESIGN_PERSON_AND_ORGANIZATION_ASSIGNMENT ( #1068, #88, ( #1082 ) ) ;
#545 = LINE ( 'NONE', #764, #1164 ) ;
#546 = VERTEX_POINT ( 'NONE', #1394 ) ;
#547 = LINE ( 'NONE', #882, #1065 ) ;
#548 = CARTESIAN_POINT ( 'NONE',  ( 5.187500000000000000, -8.687500000000000000, 2.000000000000000000 ) ) ;
#549 = CIRCLE ( 'NONE', #1339, 0.06249999999999995143 ) ;
#550 = CARTESIAN_POINT ( 'NONE',  ( -5.374999999999999112, -8.875000000000000000, 0.5000000000000000000 ) ) ;
#551 = ADVANCED_FACE ( 'NONE', ( #177 ), #711, .T. ) ;
#552 = LINE ( 'NONE', #423, #1348 ) ;
#553 = ORIENTED_EDGE ( 'NONE', *, *, #855, .F. ) ;
#554 = DIRECTION ( 'NONE',  ( -1.000000000000000000, 0.000000000000000000, 0.000000000000000000 ) ) ;
#555 = EDGE_CURVE ( 'NONE', #763, #331, #955, .T. ) ;
#556 = DIRECTION ( 'NONE',  ( 0.000000000000000000, 0.000000000000000000, 1.000000000000000000 ) ) ;
#557 = FACE_OUTER_BOUND ( 'NONE', #229, .T. ) ;
#558 = CARTESIAN_POINT ( 'NONE',  ( -5.250000000000000000, -8.687500000000170530, 0.6168186763677185880 ) ) ;
#559 = VECTOR ( 'NONE', #991, 39.37007874015748143 ) ;
#560 = EDGE_CURVE ( 'NONE', #388, #656, #1047, .T. ) ;
#561 = CARTESIAN_POINT ( 'NONE',  ( 5.374999999999999112, -9.000000000000000000, 0.1250000000000000278 ) ) ;
#562 = SPHERICAL_SURFACE ( 'NONE', #715, 0.1250000000000000000 ) ;
#563 = EDGE_LOOP ( 'NONE', ( #318, #854, #339, #1323 ) ) ;
#564 = DIRECTION ( 'NONE',  ( 0.000000000000000000, 0.000000000000000000, -1.000000000000000000 ) ) ;
#565 = CARTESIAN_POINT ( 'NONE',  ( -5.374999999999999112, 8.875000000000000000, 0.3749999999999999445 ) ) ;
#566 = CARTESIAN_POINT ( 'NONE',  ( -5.261982590104585356, -8.761982590104773649, 0.5666081254852088911 ) ) ;
#567 = LINE ( 'NONE', #1115, #1165 ) ;
#568 = DIRECTION ( 'NONE',  ( -1.000000000000000000, 0.000000000000000000, 0.000000000000000000 ) ) ;
#569 = DIRECTION ( 'NONE',  ( 0.000000000000000000, -1.000000000000000000, 0.000000000000000000 ) ) ;
#570 = ORIENTED_EDGE ( 'NONE', *, *, #289, .F. ) ;
#571 = CARTESIAN_POINT ( 'NONE',  ( 5.500000000000000000, 8.875000000000000000, 0.000000000000000000 ) ) ;
#572 = CARTESIAN_POINT ( 'NONE',  ( 5.374999999999999112, 8.875000000000000000, 0.1250000000000000000 ) ) ;
#573 = CARTESIAN_POINT ( 'NONE',  ( -5.233739972831474851, -8.780826648554272751, 0.5423966561490904947 ) ) ;
#574 = CARTESIAN_POINT ( 'NONE',  ( 5.292396656149091605, 8.751094984223572126, 0.5308266485542725288 ) ) ;
#575 = FACE_OUTER_BOUND ( 'NONE', #90, .T. ) ;
#576 = AXIS2_PLACEMENT_3D ( 'NONE', #605, #365, #379 ) ;
#577 = EDGE_CURVE ( 'NONE', #763, #488, #918, .T. ) ;
#578 = AXIS2_PLACEMENT_3D ( 'NONE', #190, #639, #1289 ) ;
#579 = LINE ( 'NONE', #465, #425 ) ;
#580 = CARTESIAN_POINT ( 'NONE',  ( 5.187500000000000000, 8.687500000000000000, 1.937500000000000000 ) ) ;
#581 = ORIENTED_EDGE ( 'NONE', *, *, #1372, .F. ) ;
#582 = DIRECTION ( 'NONE',  ( -1.000000000000000000, -0.000000000000000000, 0.000000000000000000 ) ) ;
#583 = CARTESIAN_POINT ( 'NONE',  ( 5.260626914065226423, 8.798751276043503822, 0.5256115467825764886 ) ) ;
#584 = ADVANCED_FACE ( 'NONE', ( #1294 ), #389, .F. ) ;
#585 = CARTESIAN_POINT ( 'NONE',  ( 5.250000000000000000, 8.750000000000000000, 0.6250000000000000000 ) ) ;
#586 = AXIS2_PLACEMENT_3D ( 'NONE', #934, #175, #1198 ) ;
#587 = CARTESIAN_POINT ( 'NONE',  ( 5.325922271592578028, -8.842281514395072151, 0.5032534154413214056 ) ) ;
#588 = ORIENTED_EDGE ( 'NONE', *, *, #54, .T. ) ;
#589 = DIRECTION ( 'NONE',  ( 0.000000000000000000, 0.000000000000000000, -1.000000000000000000 ) ) ;
#590 = CIRCLE ( 'NONE', #536, 0.1250000000000000000 ) ;
#591 = ADVANCED_FACE ( 'NONE', ( #517 ), #848, .T. ) ;
#592 = CARTESIAN_POINT ( 'NONE',  ( 5.225917320165251567, 8.775611546776795890, 0.5487512760521542354 ) ) ;
#593 = CARTESIAN_POINT ( 'NONE',  ( 5.250814748562653733, -8.750814748562653733, 0.6015333615921083510 ) ) ;
#594 = ORIENTED_EDGE ( 'NONE', *, *, #1352, .F. ) ;
#595 = CALENDAR_DATE ( 2025, 3, 12 ) ;
#596 = CARTESIAN_POINT ( 'NONE',  ( -5.374999999999999112, 8.875000000000000000, 0.5000000000000000000 ) ) ;
#597 = DIRECTION ( 'NONE',  ( -1.000000000000000000, 0.000000000000000000, 0.000000000000000000 ) ) ;
#598 = CARTESIAN_POINT ( 'NONE',  ( 5.312356165701597632, 8.781034248552424870, 0.5165210501417876188 ) ) ;
#599 = DIRECTION ( 'NONE',  ( 0.000000000000000000, -0.000000000000000000, -1.000000000000000000 ) ) ;
#600 = AXIS2_PLACEMENT_3D ( 'NONE', #964, #1156, #1168 ) ;
#601 = CARTESIAN_POINT ( 'NONE',  ( 5.307060473744350304, -8.807060473744350304, 0.5186976706703285700 ) ) ;
#602 = EDGE_LOOP ( 'NONE', ( #79, #1213, #1366, #953 ) ) ;
#603 = ADVANCED_FACE ( 'NONE', ( #1377 ), #731, .T. ) ;
#604 = CARTESIAN_POINT ( 'NONE',  ( 5.250000000000000000, -8.687500000000000000, 1.937500000000000000 ) ) ;
#605 = CARTESIAN_POINT ( 'NONE',  ( -5.374999999999999112, -8.875000000000000000, 0.1250000000000000000 ) ) ;
#606 = CARTESIAN_POINT ( 'NONE',  ( -5.374999999999999112, 9.000000000000000000, 0.000000000000000000 ) ) ;
#607 = CARTESIAN_POINT ( 'NONE',  ( 5.342281514395071262, -8.825922271592578028, 0.5032534154413214056 ) ) ;
#608 = ADVANCED_FACE ( 'NONE', ( #380 ), #1077, .T. ) ;
#609 = APPROVAL_DATE_TIME ( #922, #847 ) ;
#610 = AXIS2_PLACEMENT_3D ( 'NONE', #1214, #869, #1084 ) ;
#611 = CARTESIAN_POINT ( 'NONE',  ( 5.500000000000000000, 8.875000000000000000, 0.1250000000000000278 ) ) ;
#612 = VECTOR ( 'NONE', #100, 39.37007874015748143 ) ;
#613 = DIRECTION ( 'NONE',  ( 1.000000000000000000, 0.000000000000000000, 0.000000000000000000 ) ) ;
#614 = DIRECTION ( 'NONE',  ( 0.000000000000000000, 0.000000000000000000, -1.000000000000000000 ) ) ;
#615 =( LENGTH_UNIT ( ) NAMED_UNIT ( * ) SI_UNIT ( $, .METRE. ) );
#616 = CARTESIAN_POINT ( 'NONE',  ( 5.375000000000000888, -8.875000000000000000, 0.5000000000000001110 ) ) ;
#617 = ORIENTED_EDGE ( 'NONE', *, *, #855, .T. ) ;
#618 = CARTESIAN_POINT ( 'NONE',  ( 5.187500000000000000, 8.687500000000000000, 1.937500000000000000 ) ) ;
#619 = DIRECTION ( 'NONE',  ( -1.000000000000000000, -0.000000000000000000, -0.000000000000000000 ) ) ;
#620 = EDGE_CURVE ( 'NONE', #1246, #832, #738, .T. ) ;
#621 = PERSON_AND_ORGANIZATION_ROLE ( 'design_supplier' ) ;
#622 = ORIENTED_EDGE ( 'NONE', *, *, #265, .T. ) ;
#623 = DIRECTION ( 'NONE',  ( 1.000000000000000000, 0.000000000000000000, 0.000000000000000000 ) ) ;
#624 = CARTESIAN_POINT ( 'NONE',  ( 5.250000000000000000, 8.875000000000000000, 0.5000000000000000000 ) ) ;
#625 = ORIENTED_EDGE ( 'NONE', *, *, #1107, .T. ) ;
#626 = PERSON ( 'UNSPECIFIED', 'UNSPECIFIED', 'UNSPECIFIED', ('UNSPECIFIED'), ('UNSPECIFIED'), ('UNSPECIFIED') ) ;
#627 = VERTEX_POINT ( 'NONE', #68 ) ;
#628 = DIRECTION ( 'NONE',  ( 0.000000000000000000, 0.000000000000000000, -1.000000000000000000 ) ) ;
#629 = AXIS2_PLACEMENT_3D ( 'NONE', #77, #404, #746 ) ;
#630 = DIRECTION ( 'NONE',  ( 0.000000000000000000, 0.000000000000000000, 1.000000000000000000 ) ) ;
#631 = ORIENTED_EDGE ( 'NONE', *, *, #343, .T. ) ;
#632 = CIRCLE ( 'NONE', #41, 0.06249999999999995143 ) ;
#633 = APPROVAL_ROLE ( '' ) ;
#634 = CARTESIAN_POINT ( 'NONE',  ( 0.000000000000000000, 8.687500000000000000, 2.000000000000000000 ) ) ;
#635 = ORIENTED_EDGE ( 'NONE', *, *, #1091, .F. ) ;
#636 = CARTESIAN_POINT ( 'NONE',  ( -5.187500000000000000, 8.750000000000001776, 0.6250000000000000000 ) ) ;
#637 = DIRECTION ( 'NONE',  ( 0.000000000000000000, 0.000000000000000000, -1.000000000000000000 ) ) ;
#638 = EDGE_LOOP ( 'NONE', ( #1111, #1240, #424, #1060 ) ) ;
#639 = DIRECTION ( 'NONE',  ( 0.000000000000000000, 0.000000000000000000, -1.000000000000000000 ) ) ;
#640 = FACE_OUTER_BOUND ( 'NONE', #892, .T. ) ;
#641 = ORIENTED_EDGE ( 'NONE', *, *, #292, .F. ) ;
#642 = CARTESIAN_POINT ( 'NONE',  ( -5.188708641494276463, 8.750805760996231086, 0.6086377405028026155 ) ) ;
#643 = AXIS2_PLACEMENT_3D ( 'NONE', #1130, #332, #899 ) ;
#644 = CARTESIAN_POINT ( 'NONE',  ( 5.265165042944955687, -8.801776695296636532, 0.5000000000000005551 ) ) ;
#645 = AXIS2_PLACEMENT_3D ( 'NONE', #76, #862, #1309 ) ;
#646 = CARTESIAN_POINT ( 'NONE',  ( 5.374999999999999112, -8.875000000000000000, 0.3749999999999999445 ) ) ;
#647 = VERTEX_POINT ( 'NONE', #1343 ) ;
#648 = COORDINATED_UNIVERSAL_TIME_OFFSET ( 8, 0, .BEHIND. ) ;
#649 = DIRECTION ( 'NONE',  ( 0.000000000000000000, 0.000000000000000000, -1.000000000000000000 ) ) ;
#650 = ORIENTED_EDGE ( 'NONE', *, *, #555, .F. ) ;
#651 = CARTESIAN_POINT ( 'NONE',  ( -5.298688263126575038, 8.798688263126360098, 0.5243335668468137589 ) ) ;
#652 = CC_DESIGN_DATE_AND_TIME_ASSIGNMENT ( #58, #960, ( #37 ) ) ;
#653 = DIRECTION ( 'NONE',  ( -0.000000000000000000, 1.000000000000000000, -0.000000000000000000 ) ) ;
#654 = ORIENTED_EDGE ( 'NONE', *, *, #797, .F. ) ;
#655 = CARTESIAN_POINT ( 'NONE',  ( -5.500000000000000000, 8.875000000000000000, 0.3749999999999999445 ) ) ;
#656 = VERTEX_POINT ( 'NONE', #980 ) ;
#657 = CARTESIAN_POINT ( 'NONE',  ( 0.000000000000000000, 0.000000000000000000, 0.000000000000000000 ) ) ;
#658 = DIRECTION ( 'NONE',  ( 1.000000000000000000, 0.000000000000000000, 0.000000000000000000 ) ) ;
#659 = ADVANCED_FACE ( 'NONE', ( #218 ), #124, .T. ) ;
#660 = EDGE_CURVE ( 'NONE', #832, #546, #549, .T. ) ;
#661 = DIRECTION ( 'NONE',  ( 0.000000000000000000, -1.748382715945129722E-14, 1.000000000000000000 ) ) ;
#662 = DIRECTION ( 'NONE',  ( 0.000000000000000000, 0.000000000000000000, -1.000000000000000000 ) ) ;
#663 = EDGE_LOOP ( 'NONE', ( #1262, #368, #315 ) ) ;
#664 = DIRECTION ( 'NONE',  ( 0.000000000000000000, 0.000000000000000000, -1.000000000000000000 ) ) ;
#665 = FACE_OUTER_BOUND ( 'NONE', #1197, .T. ) ;
#666 = CARTESIAN_POINT ( 'NONE',  ( -5.298751276043502045, -8.760626914065227311, 0.5256115467825762666 ) ) ;
#667 = CIRCLE ( 'NONE', #941, 0.1250000000000000000 ) ;
#668 = VECTOR ( 'NONE', #460, 39.37007874015748143 ) ;
#669 = ADVANCED_FACE ( 'NONE', ( #305 ), #562, .T. ) ;
#670 = CARTESIAN_POINT ( 'NONE',  ( -5.250000000000000000, -8.687500000000000000, 0.6250000000000000000 ) ) ;
#671 = CARTESIAN_POINT ( 'NONE',  ( -5.374999999999999112, -8.875000000000000000, 0.5000000000000000000 ) ) ;
#672 = EDGE_LOOP ( 'NONE', ( #515, #437, #1354, #285 ) ) ;
#673 = CYLINDRICAL_SURFACE ( 'NONE', #1200, 0.1250000000000000000 ) ;
#674 = CARTESIAN_POINT ( 'NONE',  ( -5.500000000000000000, -9.000000000000000000, 0.3749999999999999445 ) ) ;
#675 = CARTESIAN_POINT ( 'NONE',  ( -5.358634588199787885, -8.850451882300886197, 0.5000000000000001110 ) ) ;
#676 = FACE_OUTER_BOUND ( 'NONE', #427, .T. ) ;
#677 = VECTOR ( 'NONE', #73, 39.37007874015748143 ) ;
#678 = FACE_OUTER_BOUND ( 'NONE', #1160, .T. ) ;
#679 = EDGE_LOOP ( 'NONE', ( #1090, #1100, #224, #211 ) ) ;
#680 = LINE ( 'NONE', #571, #1407 ) ;
#681 = AXIS2_PLACEMENT_3D ( 'NONE', #418, #306, #755 ) ;
#682 = CARTESIAN_POINT ( 'NONE',  ( -5.187500000000000000, 8.687500000000000000, 0.6250000000000000000 ) ) ;
#683 = ADVANCED_FACE ( 'NONE', ( #974 ), #891, .T. ) ;
#684 = CARTESIAN_POINT ( 'NONE',  ( -5.260626914065226423, -8.798751276043502045, 0.5256115467825762666 ) ) ;
#685 = VERTEX_POINT ( 'NONE', #344 ) ;
#686 = CC_DESIGN_APPROVAL ( #1318, ( #1379 ) ) ;
#687 = CARTESIAN_POINT ( 'NONE',  ( 5.187500000000000000, -8.750000000000000000, 0.6250000000000000000 ) ) ;
#688 = ORIENTED_EDGE ( 'NONE', *, *, #181, .F. ) ;
#689 = EDGE_CURVE ( 'NONE', #1312, #74, #118, .T. ) ;
#690 = DIRECTION ( 'NONE',  ( 1.000000000000000000, 1.748382715945137611E-14, 0.000000000000000000 ) ) ;
#691 = CARTESIAN_POINT ( 'NONE',  ( -5.251094984223571238, -8.792396656149092493, 0.5308266485542725288 ) ) ;
#692 = CARTESIAN_POINT ( 'NONE',  ( 5.255486267300099712, 8.755486267300099712, 0.5815313649763065307 ) ) ;
#693 = ORIENTED_EDGE ( 'NONE', *, *, #1127, .T. ) ;
#694 = CIRCLE ( 'NONE', #433, 0.06249999999999995143 ) ;
#695 = CARTESIAN_POINT ( 'NONE',  ( 5.291909148851029698, -8.819606099234011509, 0.5126458799334733252 ) ) ;
#696 = VERTEX_POINT ( 'NONE', #1135 ) ;
#697 = EDGE_CURVE ( 'NONE', #627, #70, #1108, .T. ) ;
#698 = DIRECTION ( 'NONE',  ( 0.000000000000000000, -1.000000000000000000, 0.000000000000000000 ) ) ;
#699 = CARTESIAN_POINT ( 'NONE',  ( 5.261982590104777202, 8.761982590104775426, 0.5666081254852518567 ) ) ;
#700 = CARTESIAN_POINT ( 'NONE',  ( 5.256384236946358257, -8.697076355419468996, 0.5847230426562421979 ) ) ;
#701 = ORIENTED_EDGE ( 'NONE', *, *, #1334, .F. ) ;
#702 = COORDINATED_UNIVERSAL_TIME_OFFSET ( 8, 0, .BEHIND. ) ;
#703 = CARTESIAN_POINT ( 'NONE',  ( 5.500000000000000000, 9.000000000000000000, 0.3749999999999999445 ) ) ;
#704 = CARTESIAN_POINT ( 'NONE',  ( 5.197076355419468108, 8.756384236946360033, 0.5847230426562423089 ) ) ;
#705 = EDGE_CURVE ( 'NONE', #162, #1204, #1239, .T. ) ;
#706 = CARTESIAN_POINT ( 'NONE',  ( 5.188708641494276463, -8.750805760996229310, 0.6086377405028026155 ) ) ;
#707 = EDGE_CURVE ( 'NONE', #1154, #685, #214, .T. ) ;
#708 = ORIENTED_EDGE ( 'NONE', *, *, #1194, .T. ) ;
#709 =( NAMED_UNIT ( * ) SI_UNIT ( $, .STERADIAN. ) SOLID_ANGLE_UNIT ( ) );
#710 = CARTESIAN_POINT ( 'NONE',  ( -5.500000000000000000, -8.875000000000000000, 0.5000000000000000000 ) ) ;
#711 = SPHERICAL_SURFACE ( 'NONE', #153, 0.1250000000000000000 ) ;
#712 = CARTESIAN_POINT ( 'NONE',  ( 5.250814748562652845, 8.750814748562655510, 0.6015333615921194532 ) ) ;
#713 = CARTESIAN_POINT ( 'NONE',  ( -5.188708641494276463, -8.750805760996229310, 0.6086377405028026155 ) ) ;
#714 = ADVANCED_FACE ( 'NONE', ( #450 ), #1315, .T. ) ;
#715 = AXIS2_PLACEMENT_3D ( 'NONE', #426, #1445, #223 ) ;
#716 = CARTESIAN_POINT ( 'NONE',  ( 5.333666445150121227, -8.833666445150118562, 0.5051739487220752167 ) ) ;
#717 = CARTESIAN_POINT ( 'NONE',  ( 5.375000000000000888, -8.750000000000000000, 0.6250000000000000000 ) ) ;
#718 = EDGE_LOOP ( 'NONE', ( #1166, #408, #875 ) ) ;
#719 = CARTESIAN_POINT ( 'NONE',  ( -5.374999999999998224, -9.000000000000000000, 0.1250000000000000278 ) ) ;
#720 = CARTESIAN_POINT ( 'NONE',  ( 5.250000000000000000, -8.687500000000170530, 0.6168186763677185880 ) ) ;
#721 = AXIS2_PLACEMENT_3D ( 'NONE', #1423, #771, #415 ) ;
#722 = ORIENTED_EDGE ( 'NONE', *, *, #620, .F. ) ;
#723 = CARTESIAN_POINT ( 'NONE',  ( -5.374999999999999112, 8.875000000000000000, 0.3749999999999999445 ) ) ;
#724 = ADVANCED_FACE ( 'NONE', ( #678 ), #1128, .T. ) ;
#725 = AXIS2_PLACEMENT_3D ( 'NONE', #1137, #454, #114 ) ;
#726 = DIRECTION ( 'NONE',  ( -0.000000000000000000, 0.000000000000000000, 1.000000000000000000 ) ) ;
#727 = DIRECTION ( 'NONE',  ( -0.000000000000000000, -0.000000000000000000, -1.000000000000000000 ) ) ;
#728 = EDGE_LOOP ( 'NONE', ( #1171, #747, #105, #526 ) ) ;
#729 = CARTESIAN_POINT ( 'NONE',  ( -5.292396656149091605, 8.751094984223572126, 0.5308266485542725288 ) ) ;
#730 = ADVANCED_FACE ( 'NONE', ( #458 ), #230, .T. ) ;
#731 = CYLINDRICAL_SURFACE ( 'NONE', #1041, 0.1250000000000000000 ) ;
#732 = DIRECTION ( 'NONE',  ( 0.000000000000000000, 0.000000000000000000, -1.000000000000000000 ) ) ;
#733 = ORIENTED_EDGE ( 'NONE', *, *, #208, .T. ) ;
#734 = VECTOR ( 'NONE', #1232, 39.37007874015748143 ) ;
#735 = EDGE_CURVE ( 'NONE', #846, #518, #895, .T. ) ;
#736 = ORIENTED_EDGE ( 'NONE', *, *, #473, .T. ) ;
#737 = CARTESIAN_POINT ( 'NONE',  ( -5.251094984223571238, 8.792396656149097822, 0.5308266485542663116 ) ) ;
#738 = LINE ( 'NONE', #1272, #337 ) ;
#739 = LINE ( 'NONE', #1196, #349 ) ;
#740 = ORIENTED_EDGE ( 'NONE', *, *, #478, .T. ) ;
#741 = PERSON_AND_ORGANIZATION ( #626, #1188 ) ;
#742 = EDGE_LOOP ( 'NONE', ( #24, #111, #1297 ) ) ;
#743 = CARTESIAN_POINT ( 'NONE',  ( -5.255486267300099712, 8.755486267300099712, 0.5815313649763065307 ) ) ;
#744 = CARTESIAN_POINT ( 'NONE',  ( -5.265165042944955687, -8.801776695296636532, 0.5000000000000006661 ) ) ;
#745 = AXIS2_PLACEMENT_3D ( 'NONE', #520, #324, #1313 ) ;
#746 = DIRECTION ( 'NONE',  ( 0.000000000000000000, 0.000000000000000000, -1.000000000000000000 ) ) ;
#747 = ORIENTED_EDGE ( 'NONE', *, *, #274, .T. ) ;
#748 = AXIS2_PLACEMENT_3D ( 'NONE', #1025, #341, #690 ) ;
#749 = FACE_OUTER_BOUND ( 'NONE', #912, .T. ) ;
#750 = COORDINATED_UNIVERSAL_TIME_OFFSET ( 8, 0, .BEHIND. ) ;
#751 = LINE ( 'NONE', #1418, #158 ) ;
#752 = EDGE_LOOP ( 'NONE', ( #625, #1120, #59, #205 ) ) ;
#753 = DIRECTION ( 'NONE',  ( -0.000000000000000000, 1.000000000000000000, 0.000000000000000000 ) ) ;
#754 = MANIFOLD_SOLID_BREP ( 'Fillet2', #1113 ) ;
#755 = DIRECTION ( 'NONE',  ( 0.000000000000000000, 0.000000000000000000, 1.000000000000000000 ) ) ;
#756 = ORIENTED_EDGE ( 'NONE', *, *, #1221, .T. ) ;
#757 = COORDINATED_UNIVERSAL_TIME_OFFSET ( 8, 0, .BEHIND. ) ;
#758 = CARTESIAN_POINT ( 'NONE',  ( -5.187500000000000000, 8.687500000000000000, 2.000000000000000000 ) ) ;
#759 = ORIENTED_EDGE ( 'NONE', *, *, #1268, .F. ) ;
#760 = CARTESIAN_POINT ( 'NONE',  ( -5.319606099234011509, 8.791909148851031475, 0.5126458799334733252 ) ) ;
#761 = CIRCLE ( 'NONE', #1362, 0.06249999999999967387 ) ;
#762 = VECTOR ( 'NONE', #1030, 39.37007874015748143 ) ;
#763 = VERTEX_POINT ( 'NONE', #1147 ) ;
#764 = CARTESIAN_POINT ( 'NONE',  ( -5.500000000000000000, 8.875000000000000000, 0.5000000000000000000 ) ) ;
#765 = EDGE_LOOP ( 'NONE', ( #277, #1237, #641, #1419 ) ) ;
#766 = CARTESIAN_POINT ( 'NONE',  ( 5.250000000000000000, -8.687500000000001776, 0.6250000000000000000 ) ) ;
#767 = APPLICATION_CONTEXT ( 'configuration controlled 3d designs of mechanical parts and assemblies' ) ;
#768 = EDGE_CURVE ( 'NONE', #488, #1356, #1043, .T. ) ;
#769 = VERTEX_POINT ( 'NONE', #1153 ) ;
#770 = AXIS2_PLACEMENT_3D ( 'NONE', #787, #1448, #226 ) ;
#771 = DIRECTION ( 'NONE',  ( -0.000000000000000000, 1.000000000000000000, -0.000000000000000000 ) ) ;
#772 = ORIENTED_EDGE ( 'NONE', *, *, #1372, .T. ) ;
#773 = CARTESIAN_POINT ( 'NONE',  ( 5.187500000000000000, -8.687500000000000000, 1.937500000000000000 ) ) ;
#774 = DIRECTION ( 'NONE',  ( 1.000000000000000000, 0.000000000000000000, 0.000000000000000000 ) ) ;
#775 = CARTESIAN_POINT ( 'NONE',  ( -5.350451882300890638, -8.858634588199791438, 0.5000000000000001110 ) ) ;
#776 = DIRECTION ( 'NONE',  ( 1.000000000000000000, -0.000000000000000000, 0.000000000000000000 ) ) ;
#777 = CYLINDRICAL_SURFACE ( 'NONE', #180, 0.1250000000000004441 ) ;
#778 = EDGE_LOOP ( 'NONE', ( #291, #146, #98, #451 ) ) ;
#779 = FACE_OUTER_BOUND ( 'NONE', #1292, .T. ) ;
#780 = DIRECTION ( 'NONE',  ( 0.000000000000000000, 0.000000000000000000, 1.000000000000000000 ) ) ;
#781 = VECTOR ( 'NONE', #472, 39.37007874015748143 ) ;
#782 = ORIENTED_EDGE ( 'NONE', *, *, #541, .T. ) ;
#783 = AXIS2_PLACEMENT_3D ( 'NONE', #269, #499, #44 ) ;
#784 = DIRECTION ( 'NONE',  ( -1.000000000000000000, 0.000000000000000000, 0.000000000000000000 ) ) ;
#785 = EDGE_LOOP ( 'NONE', ( #983, #815, #397, #1397 ) ) ;
#786 = CARTESIAN_POINT ( 'NONE',  ( -5.342281514395071262, 8.825922271592579804, 0.5032534154413214056 ) ) ;
#787 = CARTESIAN_POINT ( 'NONE',  ( -5.375000000000000888, -8.750000000000000000, 0.6250000000000000000 ) ) ;
#788 = CARTESIAN_POINT ( 'NONE',  ( -5.212281575221294538, -8.766521050147568772, 0.5623561656929454422 ) ) ;
#789 = ORIENTED_EDGE ( 'NONE', *, *, #421, .F. ) ;
#790 = EDGE_CURVE ( 'NONE', #656, #1303, #361, .T. ) ;
#791 = ORIENTED_EDGE ( 'NONE', *, *, #352, .F. ) ;
#792 = APPROVAL_PERSON_ORGANIZATION ( #141, #847, #1270 ) ;
#793 = DIRECTION ( 'NONE',  ( 1.000000000000000000, 0.000000000000000000, 0.000000000000000000 ) ) ;
#794 = CARTESIAN_POINT ( 'NONE',  ( 5.275611546776795890, 8.725917320165253344, 0.5487512760521541244 ) ) ;
#795 = CARTESIAN_POINT ( 'NONE',  ( -5.250000000000000000, -8.687500000000000000, 1.937500000000000000 ) ) ;
#796 = LOCAL_TIME ( 15, 38, 41.00000000000000000, #750 ) ;
#797 = EDGE_CURVE ( 'NONE', #245, #763, #1257, .T. ) ;
#798 = CARTESIAN_POINT ( 'NONE',  ( 5.280826648554273639, -8.733739972831475740, 0.5423966561490904947 ) ) ;
#799 = EDGE_LOOP ( 'NONE', ( #1179, #20, #1233 ) ) ;
#800 = CC_DESIGN_PERSON_AND_ORGANIZATION_ASSIGNMENT ( #741, #168, ( #1379 ) ) ;
#801 = DIRECTION ( 'NONE',  ( -0.000000000000000000, 1.000000000000000000, -0.000000000000000000 ) ) ;
#802 = CARTESIAN_POINT ( 'NONE',  ( -5.301776695296636532, -8.765165042944955687, 0.5000000000000005551 ) ) ;
#803 = DIRECTION ( 'NONE',  ( -0.000000000000000000, 0.000000000000000000, 1.000000000000000000 ) ) ;
#804 = AXIS2_PLACEMENT_3D ( 'NONE', #1444, #1, #568 ) ;
#805 = AXIS2_PLACEMENT_3D ( 'NONE', #1109, #1222, #1117 ) ;
#806 = CARTESIAN_POINT ( 'NONE',  ( 5.212281575221294538, -8.766521050147568772, 0.5623561656929454422 ) ) ;
#807 = EDGE_LOOP ( 'NONE', ( #174, #622, #416, #1411 ) ) ;
#808 = MECHANICAL_CONTEXT ( 'NONE', #1417, 'mechanical' ) ;
#809 = CARTESIAN_POINT ( 'NONE',  ( -5.374999999999999112, -8.875000000000000000, 0.5000000000000000000 ) ) ;
#810 = CARTESIAN_POINT ( 'NONE',  ( 5.281034248552423094, 8.812356165701599409, 0.5165210501417878408 ) ) ;
#811 = ADVANCED_FACE ( 'NONE', ( #19 ), #12, .T. ) ;
#812 = ADVANCED_FACE ( 'NONE', ( #474 ), #309, .T. ) ;
#813 = CARTESIAN_POINT ( 'NONE',  ( 5.251094984223571238, -8.792396656149092493, 0.5308266485542725288 ) ) ;
#814 = AXIS2_PLACEMENT_3D ( 'NONE', #1253, #290, #1403 ) ;
#815 = ORIENTED_EDGE ( 'NONE', *, *, #555, .T. ) ;
#816 = CARTESIAN_POINT ( 'NONE',  ( -5.250000000000000000, 8.687500000000001776, 0.5517766952966377536 ) ) ;
#817 = VECTOR ( 'NONE', #57, 39.37007874015748143 ) ;
#818 = CIRCLE ( 'NONE', #184, 0.06249999999999967387 ) ;
#819 = EDGE_CURVE ( 'NONE', #763, #979, #300, .T. ) ;
#820 = LINE ( 'NONE', #1386, #387 ) ;
#821 = CARTESIAN_POINT ( 'NONE',  ( -5.249951346434400534, -8.749951346434400534, 0.6168452837954069290 ) ) ;
#822 = CARTESIAN_POINT ( 'NONE',  ( 5.250805760996229310, -8.688708641494276463, 0.6086377405028026155 ) ) ;
#823 = PERSON_AND_ORGANIZATION_ROLE ( 'design_owner' ) ;
#824 = DIRECTION ( 'NONE',  ( 1.000000000000000000, -0.000000000000000000, -0.000000000000000000 ) ) ;
#825 = CARTESIAN_POINT ( 'NONE',  ( -5.253997918902964415, -8.693496878354512347, 0.5925896789931656139 ) ) ;
#826 = AXIS2_PLACEMENT_3D ( 'NONE', #212, #6, #564 ) ;
#827 = VECTOR ( 'NONE', #367, 39.37007874015748143 ) ;
#828 = CARTESIAN_POINT ( 'NONE',  ( 5.275611546776795890, -8.725917320165251567, 0.5487512760521541244 ) ) ;
#829 = DIRECTION ( 'NONE',  ( -0.000000000000000000, -1.000000000000000000, -0.000000000000000000 ) ) ;
#830 = EDGE_CURVE ( 'NONE', #647, #483, #1003, .T. ) ;
#831 = DIRECTION ( 'NONE',  ( 0.000000000000000000, 0.000000000000000000, 1.000000000000000000 ) ) ;
#832 = VERTEX_POINT ( 'NONE', #1436 ) ;
#833 = DIRECTION ( 'NONE',  ( 0.000000000000000000, 1.000000000000000000, 0.000000000000000000 ) ) ;
#834 = DIRECTION ( 'NONE',  ( 0.000000000000000000, 0.000000000000000000, -1.000000000000000000 ) ) ;
#835 = EDGE_CURVE ( 'NONE', #1303, #70, #1236, .T. ) ;
#836 = CARTESIAN_POINT ( 'NONE',  ( -5.187500000000000000, 8.750000000000000000, 0.6250000000000000000 ) ) ;
#837 = CARTESIAN_POINT ( 'NONE',  ( 5.374999999999999112, 8.875000000000000000, 0.3749999999999999445 ) ) ;
#838 = ORIENTED_EDGE ( 'NONE', *, *, #157, .T. ) ;
#839 = CARTESIAN_POINT ( 'NONE',  ( -5.233739972831474851, 8.780826648554267422, 0.5423966561490971561 ) ) ;
#840 = DIRECTION ( 'NONE',  ( -1.000000000000000000, 0.000000000000000000, 0.000000000000000000 ) ) ;
#841 = AXIS2_PLACEMENT_3D ( 'NONE', #958, #1064, #69 ) ;
#842 = CYLINDRICAL_SURFACE ( 'NONE', #1078, 0.06249999999999967387 ) ;
#843 = VERTEX_POINT ( 'NONE', #758 ) ;
#844 = ADVANCED_FACE ( 'NONE', ( #310 ), #1223, .T. ) ;
#845 = CARTESIAN_POINT ( 'NONE',  ( -5.374999999999999112, -8.875000000000000000, 0.1250000000000000000 ) ) ;
#846 = VERTEX_POINT ( 'NONE', #97 ) ;
#847 = APPROVAL ( #377, 'UNSPECIFIED' ) ;
#848 = CYLINDRICAL_SURFACE ( 'NONE', #148, 0.1250000000000000000 ) ;
#849 = CARTESIAN_POINT ( 'NONE',  ( 5.500000000000000000, -9.000000000000000000, 0.5000000000000000000 ) ) ;
#850 = ORIENTED_EDGE ( 'NONE', *, *, #1178, .F. ) ;
#851 = CARTESIAN_POINT ( 'NONE',  ( 5.250000000000000000, -8.687500000000001776, 0.6250000000000000000 ) ) ;
#852 = AXIS2_PLACEMENT_3D ( 'NONE', #618, #946, #513 ) ;
#853 = CALENDAR_DATE ( 2025, 3, 12 ) ;
#854 = ORIENTED_EDGE ( 'NONE', *, *, #1098, .T. ) ;
#855 = EDGE_CURVE ( 'NONE', #74, #1215, #535, .T. ) ;
#856 = CARTESIAN_POINT ( 'NONE',  ( 5.250000000000000000, 8.875000000000000000, 0.6250000000000000000 ) ) ;
#857 = EDGE_LOOP ( 'NONE', ( #1392, #986, #594 ) ) ;
#858 = CARTESIAN_POINT ( 'NONE',  ( 5.250000000000000888, -8.687500000000000000, 0.5517766952966374205 ) ) ;
#859 = LINE ( 'NONE', #1203, #420 ) ;
#860 = EDGE_LOOP ( 'NONE', ( #67, #419, #570 ) ) ;
#861 = CARTESIAN_POINT ( 'NONE',  ( -5.275611546776795890, 8.725917320165253344, 0.5487512760521541244 ) ) ;
#862 = DIRECTION ( 'NONE',  ( 0.000000000000000000, 0.000000000000000000, -1.000000000000000000 ) ) ;
#863 = AXIS2_PLACEMENT_3D ( 'NONE', #40, #1275, #1359 ) ;
#864 = EDGE_CURVE ( 'NONE', #979, #846, #1095, .T. ) ;
#865 = PLANE ( 'NONE',  #112 ) ;
#866 = ORIENTED_EDGE ( 'NONE', *, *, #28, .F. ) ;
#867 = CIRCLE ( 'NONE', #1329, 0.1250000000000000278 ) ;
#868 = CARTESIAN_POINT ( 'NONE',  ( -5.374999999999999112, -8.875000000000000000, 0.3749999999999999445 ) ) ;
#869 = DIRECTION ( 'NONE',  ( 0.000000000000000000, 0.000000000000000000, -1.000000000000000000 ) ) ;
#870 = ORIENTED_EDGE ( 'NONE', *, *, #878, .T. ) ;
#871 = CARTESIAN_POINT ( 'NONE',  ( 5.250000000000000000, 8.687500000000001776, 0.6250000000000000000 ) ) ;
#872 = ORIENTED_EDGE ( 'NONE', *, *, #963, .F. ) ;
#873 = PERSON_AND_ORGANIZATION ( #626, #1188 ) ;
#874 = DIRECTION ( 'NONE',  ( 1.000000000000000000, 0.000000000000000000, 0.000000000000000000 ) ) ;
#875 = ORIENTED_EDGE ( 'NONE', *, *, #382, .F. ) ;
#876 = CARTESIAN_POINT ( 'NONE',  ( 5.374999999999999112, -9.000000000000000000, 0.1250000000000000278 ) ) ;
#877 = VECTOR ( 'NONE', #1134, 39.37007874015748143 ) ;
#878 = EDGE_CURVE ( 'NONE', #1204, #647, #859, .T. ) ;
#879 = CARTESIAN_POINT ( 'NONE',  ( -5.298688263126575038, -8.798688263126571485, 0.5243335668468012134 ) ) ;
#880 = FACE_OUTER_BOUND ( 'NONE', #672, .T. ) ;
#881 = ORIENTED_EDGE ( 'NONE', *, *, #1358, .T. ) ;
#882 = CARTESIAN_POINT ( 'NONE',  ( 5.500000000000000000, 9.000000000000000000, 0.1250000000000000278 ) ) ;
#883 = ORIENTED_EDGE ( 'NONE', *, *, #473, .F. ) ;
#884 = AXIS2_PLACEMENT_3D ( 'NONE', #1071, #726, #412 ) ;
#885 = FACE_OUTER_BOUND ( 'NONE', #778, .T. ) ;
#886 = ORIENTED_EDGE ( 'NONE', *, *, #830, .F. ) ;
#887 = CARTESIAN_POINT ( 'NONE',  ( -5.358634588199787885, 8.850451882300887974, 0.5000000000000001110 ) ) ;
#888 = CARTESIAN_POINT ( 'NONE',  ( -5.250000000000000000, -8.687500000000000000, 0.6250000000000000000 ) ) ;
#889 = CARTESIAN_POINT ( 'NONE',  ( -5.266521050147568772, -8.712281575221295427, 0.5623561656929454422 ) ) ;
#890 = CARTESIAN_POINT ( 'NONE',  ( -5.374999999999999112, 8.875000000000000000, 0.5000000000000000000 ) ) ;
#891 = SPHERICAL_SURFACE ( 'NONE', #1361, 0.06250000000000000000 ) ;
#892 = EDGE_LOOP ( 'NONE', ( #944, #1186, #1338 ) ) ;
#893 = FACE_OUTER_BOUND ( 'NONE', #133, .T. ) ;
#894 = SPHERICAL_SURFACE ( 'NONE', #748, 0.06250000000000000000 ) ;
#895 = CIRCLE ( 'NONE', #645, 0.1250000000000004441 ) ;
#896 = SPHERICAL_SURFACE ( 'NONE', #314, 0.1250000000000000000 ) ;
#897 = CARTESIAN_POINT ( 'NONE',  ( 5.374999999999999112, -8.875000000000000000, 0.5000000000000000000 ) ) ;
#898 = EDGE_LOOP ( 'NONE', ( #1446, #850, #185, #789 ) ) ;
#899 = DIRECTION ( 'NONE',  ( -1.748382715945129722E-14, 0.000000000000000000, 1.000000000000000000 ) ) ;
#900 = DIRECTION ( 'NONE',  ( 0.000000000000000000, 0.000000000000000000, -1.000000000000000000 ) ) ;
#901 = CARTESIAN_POINT ( 'NONE',  ( -5.312356165701597632, -8.781034248552423094, 0.5165210501417876188 ) ) ;
#902 = CARTESIAN_POINT ( 'NONE',  ( 5.342281514395071262, 8.825922271592579804, 0.5032534154413214056 ) ) ;
#903 = CARTESIAN_POINT ( 'NONE',  ( 5.187500000000000000, 8.687500000000000000, 0.6250000000000000000 ) ) ;
#904 = CIRCLE ( 'NONE', #1050, 0.1250000000000004441 ) ;
#905 = CARTESIAN_POINT ( 'NONE',  ( 5.187500000000000000, -8.750000000000000000, 0.6250000000000000000 ) ) ;
#906 = VERTEX_POINT ( 'NONE', #89 ) ;
#907 = CIRCLE ( 'NONE', #1033, 0.06249999999999995143 ) ;
#908 = EDGE_LOOP ( 'NONE', ( #1072, #51, #1016, #188 ) ) ;
#909 = DIRECTION ( 'NONE',  ( -0.000000000000000000, 0.000000000000000000, 1.000000000000000000 ) ) ;
#910 = LINE ( 'NONE', #1336, #877 ) ;
#911 = CARTESIAN_POINT ( 'NONE',  ( 5.206468819888799615, -8.762645879925820225, 0.5696060992524857314 ) ) ;
#912 = EDGE_LOOP ( 'NONE', ( #85, #405, #1224, #251 ) ) ;
#913 = ADVANCED_FACE ( 'NONE', ( #303 ), #529, .T. ) ;
#914 = UNCERTAINTY_MEASURE_WITH_UNIT (LENGTH_MEASURE( 1.000000000000000082E-05 ), #489, 'distance_accuracy_value', 'NONE');
#915 = CARTESIAN_POINT ( 'NONE',  ( -5.250000000000000888, -8.687500000000000000, 0.5517766952966374205 ) ) ;
#916 = CARTESIAN_POINT ( 'NONE',  ( -5.250000000000000000, 8.687500000000001776, 0.6250000000000000000 ) ) ;
#917 = CARTESIAN_POINT ( 'NONE',  ( -5.250805760996229310, -8.688708641494276463, 0.6086377405028026155 ) ) ;
#918 = CIRCLE ( 'NONE', #1404, 0.1250000000000000278 ) ;
#919 = CARTESIAN_POINT ( 'NONE',  ( 5.197076355419468108, -8.756384236946358257, 0.5847230426562421979 ) ) ;
#920 = VERTEX_POINT ( 'NONE', #1319 ) ;
#921 = ADVANCED_FACE ( 'NONE', ( #885 ), #538, .F. ) ;
#922 = DATE_AND_TIME ( #595, #116 ) ;
#923 = DIRECTION ( 'NONE',  ( -0.000000000000000000, -0.000000000000000000, 1.000000000000000000 ) ) ;
#924 = CARTESIAN_POINT ( 'NONE',  ( 5.187500000000000000, 8.750000000000000000, 0.5517766952966377536 ) ) ;
#925 = AXIS2_PLACEMENT_3D ( 'NONE', #1079, #272, #630 ) ;
#926 = LINE ( 'NONE', #476, #1238 ) ;
#927 = CARTESIAN_POINT ( 'NONE',  ( 5.187500000000000000, 0.000000000000000000, 1.937500000000000000 ) ) ;
#928 = LINE ( 'NONE', #1399, #1201 ) ;
#929 = CC_DESIGN_APPROVAL ( #847, ( #37 ) ) ;
#930 = CARTESIAN_POINT ( 'NONE',  ( 5.374999999999999112, -9.000000000000000000, 0.5000000000000000000 ) ) ;
#931 = CYLINDRICAL_SURFACE ( 'NONE', #1310, 0.1250000000000004441 ) ;
#932 = CARTESIAN_POINT ( 'NONE',  ( 5.249951346434400534, 8.749951346434400534, 0.6168452837953959378 ) ) ;
#933 = ADVANCED_FACE ( 'NONE', ( #880 ), #1192, .T. ) ;
#934 = CARTESIAN_POINT ( 'NONE',  ( -5.250000000000000000, -8.750000000000000000, 2.000000000000000000 ) ) ;
#935 = CARTESIAN_POINT ( 'NONE',  ( 5.374999999999999112, 8.875000000000000000, 0.5000000000000000000 ) ) ;
#936 = DIRECTION ( 'NONE',  ( 0.000000000000000000, 0.000000000000000000, 1.000000000000000000 ) ) ;
#937 = CARTESIAN_POINT ( 'NONE',  ( -5.250814748562653733, -8.750814748562653733, 0.6015333615921083510 ) ) ;
#938 = EDGE_CURVE ( 'NONE', #959, #442, #545, .T. ) ;
#939 = LINE ( 'NONE', #1287, #1421 ) ;
#940 = VECTOR ( 'NONE', #1326, 39.37007874015748143 ) ;
#941 = AXIS2_PLACEMENT_3D ( 'NONE', #868, #1066, #614 ) ;
#942 = LINE ( 'NONE', #1067, #817 ) ;
#943 = CARTESIAN_POINT ( 'NONE',  ( -5.187500000000000000, -8.687500000000000000, 0.6250000000000000000 ) ) ;
#944 = ORIENTED_EDGE ( 'NONE', *, *, #478, .F. ) ;
#945 = CARTESIAN_POINT ( 'NONE',  ( -5.250805760996229310, 8.688708641494278240, 0.6086377405028026155 ) ) ;
#946 = DIRECTION ( 'NONE',  ( 0.000000000000000000, 0.000000000000000000, 1.000000000000000000 ) ) ;
#947 = EDGE_CURVE ( 'NONE', #696, #442, #904, .T. ) ;
#948 = DIRECTION ( 'NONE',  ( -1.000000000000000000, 0.000000000000000000, 0.000000000000000000 ) ) ;
#949 = ORIENTED_EDGE ( 'NONE', *, *, #697, .F. ) ;
#950 = DIRECTION ( 'NONE',  ( 0.000000000000000000, -1.000000000000000000, 0.000000000000000000 ) ) ;
#951 = CARTESIAN_POINT ( 'NONE',  ( -5.187500000000000000, 8.687500000000001776, 1.937500000000000000 ) ) ;
#952 = APPROVAL_DATE_TIME ( #293, #1318 ) ;
#953 = ORIENTED_EDGE ( 'NONE', *, *, #938, .F. ) ;
#954 = CARTESIAN_POINT ( 'NONE',  ( -5.249951346434400534, 8.749951346434400534, 0.6168452837953959378 ) ) ;
#955 =( BOUNDED_CURVE ( )  B_SPLINE_CURVE ( 3, ( #402, #151, #165, #1279 ),
 .UNSPECIFIED., .F., .T. ) 
 B_SPLINE_CURVE_WITH_KNOTS ( ( 4, 4 ),
 ( 1.570796326794907438, 3.141592653589793116 ),
 .UNSPECIFIED. ) 
 CURVE ( )  GEOMETRIC_REPRESENTATION_ITEM ( )  RATIONAL_B_SPLINE_CURVE ( ( 1.000000000000000000, 0.8047378541243676020, 0.8047378541243676020, 1.000000000000000000 ) ) 
 REPRESENTATION_ITEM ( '' )  );
#956 = DIRECTION ( 'NONE',  ( -0.000000000000000000, 0.000000000000000000, 1.000000000000000000 ) ) ;
#957 = VECTOR ( 'NONE', #801, 39.37007874015748143 ) ;
#958 = CARTESIAN_POINT ( 'NONE',  ( -5.187500000000000000, 8.687500000000000000, 1.937500000000000000 ) ) ;
#959 = VERTEX_POINT ( 'NONE', #655 ) ;
#960 = DATE_TIME_ROLE ( 'creation_date' ) ;
#961 = ORIENTED_EDGE ( 'NONE', *, *, #864, .F. ) ;
#962 = CARTESIAN_POINT ( 'NONE',  ( -5.187500000000170530, 8.750000000000001776, 0.6168186763677185880 ) ) ;
#963 = EDGE_CURVE ( 'NONE', #832, #843, #1101, .T. ) ;
#964 = CARTESIAN_POINT ( 'NONE',  ( -5.374999999999999112, 8.875000000000000000, 0.3749999999999999445 ) ) ;
#965 = EDGE_CURVE ( 'NONE', #63, #920, #751, .T. ) ;
#966 = ORIENTED_EDGE ( 'NONE', *, *, #1075, .T. ) ;
#967 = DIRECTION ( 'NONE',  ( 0.000000000000000000, -1.000000000000000000, 0.000000000000000000 ) ) ;
#968 = VECTOR ( 'NONE', #1046, 39.37007874015748143 ) ;
#969 = PERSON_AND_ORGANIZATION_ROLE ( 'creator' ) ;
#970 = EDGE_CURVE ( 'NONE', #656, #1154, #490, .T. ) ;
#971 = CARTESIAN_POINT ( 'NONE',  ( -5.374999999999999112, 8.875000000000000000, 0.5000000000000000000 ) ) ;
#972 = ORIENTED_EDGE ( 'NONE', *, *, #970, .T. ) ;
#973 = CARTESIAN_POINT ( 'NONE',  ( -5.256384236946358257, 8.697076355419468996, 0.5847230426562421979 ) ) ;
#974 = FACE_OUTER_BOUND ( 'NONE', #860, .T. ) ;
#975 = PRODUCT_RELATED_PRODUCT_CATEGORY ( 'detail', '', ( #1026 ) ) ;
#976 = DIRECTION ( 'NONE',  ( 0.000000000000000000, 1.000000000000000000, -0.000000000000000000 ) ) ;
#977 = ORIENTED_EDGE ( 'NONE', *, *, #660, .F. ) ;
#978 = DIRECTION ( 'NONE',  ( 8.741913579725612322E-15, 1.000000000000000000, 0.000000000000000000 ) ) ;
#979 = VERTEX_POINT ( 'NONE', #1110 ) ;
#980 = CARTESIAN_POINT ( 'NONE',  ( 5.374999999999999112, -9.000000000000000000, 0.3749999999999999445 ) ) ;
#981 = AXIS2_PLACEMENT_3D ( 'NONE', #845, #1291, #284 ) ;
#982 = VECTOR ( 'NONE', #613, 39.37007874015748143 ) ;
#983 = ORIENTED_EDGE ( 'NONE', *, *, #1382, .T. ) ;
#984 = EDGE_CURVE ( 'NONE', #685, #219, #552, .T. ) ;
#985 = DIRECTION ( 'NONE',  ( 0.000000000000000000, 0.000000000000000000, -1.000000000000000000 ) ) ;
#986 = ORIENTED_EDGE ( 'NONE', *, *, #139, .F. ) ;
#987 = FACE_OUTER_BOUND ( 'NONE', #475, .T. ) ;
#988 = CARTESIAN_POINT ( 'NONE',  ( -5.292396656149091605, -8.751094984223570350, 0.5308266485542725288 ) ) ;
#989 = ORIENTED_EDGE ( 'NONE', *, *, #1194, .F. ) ;
#990 = ADVANCED_FACE ( 'NONE', ( #330 ), #777, .T. ) ;
#991 = DIRECTION ( 'NONE',  ( -1.000000000000000000, 0.000000000000000000, 0.000000000000000000 ) ) ;
#992 = ORIENTED_EDGE ( 'NONE', *, *, #403, .F. ) ;
#993 = DIRECTION ( 'NONE',  ( 0.000000000000000000, 0.000000000000000000, -1.000000000000000000 ) ) ;
#994 = AXIS2_PLACEMENT_3D ( 'NONE', #115, #698, #358 ) ;
#995 = DIRECTION ( 'NONE',  ( -0.000000000000000000, 1.000000000000000000, 0.000000000000000000 ) ) ;
#996 = CARTESIAN_POINT ( 'NONE',  ( -5.206468819888799615, -8.762645879925820225, 0.5696060992524857314 ) ) ;
#997 = ADVANCED_FACE ( 'NONE', ( #640 ), #1396, .T. ) ;
#998 = CARTESIAN_POINT ( 'NONE',  ( 5.374999999999999112, -8.875000000000000000, 0.3749999999999999445 ) ) ;
#999 = DIRECTION ( 'NONE',  ( -0.000000000000000000, 0.000000000000000000, 1.000000000000000000 ) ) ;
#1000 = ORIENTED_EDGE ( 'NONE', *, *, #1010, .F. ) ;
#1001 = DIRECTION ( 'NONE',  ( -0.000000000000000000, 0.000000000000000000, 1.000000000000000000 ) ) ;
#1002 = DIRECTION ( 'NONE',  ( -1.000000000000000000, 0.000000000000000000, 0.000000000000000000 ) ) ;
#1003 = CIRCLE ( 'NONE', #981, 0.1250000000000004441 ) ;
#1004 = AXIS2_PLACEMENT_3D ( 'NONE', #951, #86, #661 ) ;
#1005 = VECTOR ( 'NONE', #369, 39.37007874015748143 ) ;
#1006 = DIRECTION ( 'NONE',  ( 0.000000000000000000, 0.000000000000000000, -1.000000000000000000 ) ) ;
#1007 = ORIENTED_EDGE ( 'NONE', *, *, #797, .T. ) ;
#1008 = CARTESIAN_POINT ( 'NONE',  ( -5.500000000000000000, 9.000000000000000000, 0.1250000000000000278 ) ) ;
#1009 = CYLINDRICAL_SURFACE ( 'NONE', #770, 0.1250000000000000278 ) ;
#1010 = EDGE_CURVE ( 'NONE', #959, #920, #1438, .T. ) ;
#1011 = FACE_OUTER_BOUND ( 'NONE', #435, .T. ) ;
#1012 = CARTESIAN_POINT ( 'NONE',  ( 5.250000000000000000, -8.750000000000000000, 0.6250000000000000000 ) ) ;
#1013 = CARTESIAN_POINT ( 'NONE',  ( -5.262645879925820225, -8.706468819888799615, 0.5696060992524857314 ) ) ;
#1014 =( BOUNDED_CURVE ( )  B_SPLINE_CURVE ( 3, ( #1258, #816, #1151, #596 ),
 .UNSPECIFIED., .F., .T. ) 
 B_SPLINE_CURVE_WITH_KNOTS ( ( 4, 4 ),
 ( 3.141592653589793116, 4.712388980384679016 ),
 .UNSPECIFIED. ) 
 CURVE ( )  GEOMETRIC_REPRESENTATION_ITEM ( )  RATIONAL_B_SPLINE_CURVE ( ( 1.000000000000000000, 0.8047378541243676020, 0.8047378541243676020, 1.000000000000000000 ) ) 
 REPRESENTATION_ITEM ( '' )  );
#1015 = DIRECTION ( 'NONE',  ( 0.000000000000000000, 0.000000000000000000, 1.000000000000000000 ) ) ;
#1016 = ORIENTED_EDGE ( 'NONE', *, *, #541, .F. ) ;
#1017 = PLANE ( 'NONE',  #29 ) ;
#1018 = LINE ( 'NONE', #1227, #1263 ) ;
#1019 = AXIS2_PLACEMENT_3D ( 'NONE', #30, #485, #1265 ) ;
#1020 = CARTESIAN_POINT ( 'NONE',  ( -5.277227223155973590, -8.777227223155973590, 0.5441089185457710364 ) ) ;
#1021 = CIRCLE ( 'NONE', #78, 0.06249999999999995143 ) ;
#1022 = CARTESIAN_POINT ( 'NONE',  ( 5.350451882300667705, 8.858634588200125393, 0.5000000000000000000 ) ) ;
#1023 = CARTESIAN_POINT ( 'NONE',  ( 5.187499999999999112, 8.750000000000000000, 0.6250000000000000000 ) ) ;
#1024 = ORIENTED_EDGE ( 'NONE', *, *, #707, .F. ) ;
#1025 = CARTESIAN_POINT ( 'NONE',  ( -5.187500000000000000, -8.687500000000000000, 1.937500000000000000 ) ) ;
#1026 = PRODUCT ( 'harmonic-base', 'harmonic-base', '', ( #808 ) ) ;
#1027 = DIRECTION ( 'NONE',  ( -1.000000000000000000, 0.000000000000000000, 0.000000000000000000 ) ) ;
#1028 = CARTESIAN_POINT ( 'NONE',  ( 5.375000000000000888, 8.875000000000001776, 0.5000000000000001110 ) ) ;
#1029 = DIRECTION ( 'NONE',  ( 0.000000000000000000, 0.000000000000000000, -1.000000000000000000 ) ) ;
#1030 = DIRECTION ( 'NONE',  ( -1.000000000000000000, -0.000000000000000000, -0.000000000000000000 ) ) ;
#1031 = ADVANCED_FACE ( 'NONE', ( #1169 ), #1380, .F. ) ;
#1032 = ORIENTED_EDGE ( 'NONE', *, *, #1093, .F. ) ;
#1033 = AXIS2_PLACEMENT_3D ( 'NONE', #259, #502, #484 ) ;
#1034 = CARTESIAN_POINT ( 'NONE',  ( 5.250000000000000000, 8.687500000000001776, 2.000000000000000000 ) ) ;
#1035 = ORIENTED_EDGE ( 'NONE', *, *, #1334, .T. ) ;
#1036 = CC_DESIGN_APPROVAL ( #18, ( #1082 ) ) ;
#1037 = CARTESIAN_POINT ( 'NONE',  ( 5.255486267300296888, -8.755486267300097936, 0.5815313649763614867 ) ) ;
#1038 = ORIENTED_EDGE ( 'NONE', *, *, #2, .F. ) ;
#1039 = DIRECTION ( 'NONE',  ( 1.000000000000000000, 8.741913579725610745E-15, 0.000000000000000000 ) ) ;
#1040 = CARTESIAN_POINT ( 'NONE',  ( 5.291909148851029698, 8.819606099234011509, 0.5126458799334733252 ) ) ;
#1041 = AXIS2_PLACEMENT_3D ( 'NONE', #1173, #171, #1070 ) ;
#1042 = AXIS2_PLACEMENT_3D ( 'NONE', #222, #329, #1244 ) ;
#1043 = LINE ( 'NONE', #383, #827 ) ;
#1044 = EDGE_LOOP ( 'NONE', ( #1024, #1102, #392 ) ) ;
#1045 = FACE_OUTER_BOUND ( 'NONE', #663, .T. ) ;
#1046 = DIRECTION ( 'NONE',  ( -0.000000000000000000, 1.000000000000000000, -0.000000000000000000 ) ) ;
#1047 = LINE ( 'NONE', #930, #457 ) ;
#1048 = CARTESIAN_POINT ( 'NONE',  ( 5.250805760996229310, 8.688708641494278240, 0.6086377405028026155 ) ) ;
#1049 = CARTESIAN_POINT ( 'NONE',  ( 5.350451882300890638, -8.858634588199791438, 0.5000000000000001110 ) ) ;
#1050 = AXIS2_PLACEMENT_3D ( 'NONE', #1208, #978, #204 ) ;
#1051 = DIRECTION ( 'NONE',  ( -0.000000000000000000, -0.000000000000000000, 1.000000000000000000 ) ) ;
#1052 = AXIS2_PLACEMENT_3D ( 'NONE', #572, #355, #1347 ) ;
#1053 = CYLINDRICAL_SURFACE ( 'NONE', #172, 0.1250000000000000278 ) ;
#1054 = DIRECTION ( 'NONE',  ( 0.000000000000000000, 0.000000000000000000, -1.000000000000000000 ) ) ;
#1055 = CARTESIAN_POINT ( 'NONE',  ( -5.193496878354512347, -8.753997918902964415, 0.5925896789931656139 ) ) ;
#1056 = CARTESIAN_POINT ( 'NONE',  ( 5.250000000000000000, 8.750000000000000000, 1.937500000000000000 ) ) ;
#1057 = DIRECTION ( 'NONE',  ( 1.000000000000000000, 0.000000000000000000, 0.000000000000000000 ) ) ;
#1058 = ADVANCED_FACE ( 'NONE', ( #525 ), #865, .F. ) ;
#1059 = CARTESIAN_POINT ( 'NONE',  ( 5.375000000000000888, -8.875000000000000000, 0.5000000000000001110 ) ) ;
#1060 = ORIENTED_EDGE ( 'NONE', *, *, #1358, .F. ) ;
#1061 = CARTESIAN_POINT ( 'NONE',  ( -5.253997918902964415, 8.693496878354514124, 0.5925896789931656139 ) ) ;
#1062 =( BOUNDED_CURVE ( )  B_SPLINE_CURVE ( 3, ( #809, #802, #915, #1161 ),
 .UNSPECIFIED., .F., .T. ) 
 B_SPLINE_CURVE_WITH_KNOTS ( ( 4, 4 ),
 ( 1.570796326794903441, 3.141592653589793116 ),
 .UNSPECIFIED. ) 
 CURVE ( )  GEOMETRIC_REPRESENTATION_ITEM ( )  RATIONAL_B_SPLINE_CURVE ( ( 1.000000000000000000, 0.8047378541243667138, 0.8047378541243667138, 1.000000000000000000 ) ) 
 REPRESENTATION_ITEM ( '' )  );
#1063 = DIRECTION ( 'NONE',  ( 0.000000000000000000, 0.000000000000000000, 1.000000000000000000 ) ) ;
#1064 = DIRECTION ( 'NONE',  ( -0.000000000000000000, 0.000000000000000000, -1.000000000000000000 ) ) ;
#1065 = VECTOR ( 'NONE', #1432, 39.37007874015748143 ) ;
#1066 = DIRECTION ( 'NONE',  ( -0.000000000000000000, 1.000000000000000000, -0.000000000000000000 ) ) ;
#1067 = CARTESIAN_POINT ( 'NONE',  ( -5.250000000000000000, -8.750000000000000000, 1.937500000000000000 ) ) ;
#1068 = PERSON_AND_ORGANIZATION ( #626, #1188 ) ;
#1069 = ORIENTED_EDGE ( 'NONE', *, *, #533, .F. ) ;
#1070 = DIRECTION ( 'NONE',  ( 0.000000000000000000, 0.000000000000000000, -1.000000000000000000 ) ) ;
#1071 = CARTESIAN_POINT ( 'NONE',  ( 5.187500000000000000, -8.687500000000000000, 0.6250000000000000000 ) ) ;
#1072 = ORIENTED_EDGE ( 'NONE', *, *, #434, .T. ) ;
#1073 = EDGE_CURVE ( 'NONE', #63, #696, #1184, .T. ) ;
#1074 = LOCAL_TIME ( 15, 38, 41.00000000000000000, #648 ) ;
#1075 = EDGE_CURVE ( 'NONE', #1204, #388, #1124, .T. ) ;
#1076 = ORIENTED_EDGE ( 'NONE', *, *, #705, .T. ) ;
#1077 = CYLINDRICAL_SURFACE ( 'NONE', #27, 0.06249999999999995143 ) ;
#1078 = AXIS2_PLACEMENT_3D ( 'NONE', #1302, #500, #507 ) ;
#1079 = CARTESIAN_POINT ( 'NONE',  ( -5.374999999999999112, 8.875000000000000000, 0.1250000000000000278 ) ) ;
#1080 = ORIENTED_EDGE ( 'NONE', *, *, #577, .F. ) ;
#1081 = EDGE_CURVE ( 'NONE', #354, #94, #1149, .T. ) ;
#1082 = SECURITY_CLASSIFICATION ( '', '', #275 ) ;
#1083 = APPROVAL_STATUS ( 'not_yet_approved' ) ;
#1084 = DIRECTION ( 'NONE',  ( -1.000000000000000000, 0.000000000000000000, 0.000000000000000000 ) ) ;
#1085 = ORIENTED_EDGE ( 'NONE', *, *, #509, .F. ) ;
#1086 = DIRECTION ( 'NONE',  ( 1.000000000000000000, 0.000000000000000000, 0.000000000000000000 ) ) ;
#1087 = ORIENTED_EDGE ( 'NONE', *, *, #1144, .T. ) ;
#1088 = DIRECTION ( 'NONE',  ( 1.000000000000000000, -0.000000000000000000, -0.000000000000000000 ) ) ;
#1089 = CIRCLE ( 'NONE', #600, 0.1250000000000000278 ) ;
#1090 = ORIENTED_EDGE ( 'NONE', *, *, #1228, .T. ) ;
#1091 = EDGE_CURVE ( 'NONE', #518, #162, #1126, .T. ) ;
#1092 = DIRECTION ( 'NONE',  ( -1.000000000000000000, 0.000000000000000000, 0.000000000000000000 ) ) ;
#1093 = EDGE_CURVE ( 'NONE', #906, #763, #187, .T. ) ;
#1094 = EDGE_LOOP ( 'NONE', ( #1288, #1096, #299, #838 ) ) ;
#1095 = LINE ( 'NONE', #197, #677 ) ;
#1096 = ORIENTED_EDGE ( 'NONE', *, *, #139, .T. ) ;
#1097 = CARTESIAN_POINT ( 'NONE',  ( -5.375000000000000888, 8.875000000000001776, 0.5000000000000001110 ) ) ;
#1098 = EDGE_CURVE ( 'NONE', #354, #413, #739, .T. ) ;
#1099 = CIRCLE ( 'NONE', #1391, 0.06249999999999967387 ) ;
#1100 = ORIENTED_EDGE ( 'NONE', *, *, #1104, .F. ) ;
#1101 = LINE ( 'NONE', #634, #559 ) ;
#1102 = ORIENTED_EDGE ( 'NONE', *, *, #464, .F. ) ;
#1103 = CARTESIAN_POINT ( 'NONE',  ( -5.298751276043502045, 8.760626914065227311, 0.5256115467825762666 ) ) ;
#1104 = EDGE_CURVE ( 'NONE', #1215, #1246, #55, .T. ) ;
#1105 = CARTESIAN_POINT ( 'NONE',  ( -5.342281514395071262, -8.825922271592578028, 0.5032534154413214056 ) ) ;
#1106 = FACE_OUTER_BOUND ( 'NONE', #176, .T. ) ;
#1107 = EDGE_CURVE ( 'NONE', #685, #238, #444, .T. ) ;
#1108 =( BOUNDED_CURVE ( )  B_SPLINE_CURVE ( 3, ( #1337, #410, #744, #671 ),
 .UNSPECIFIED., .F., .T. ) 
 B_SPLINE_CURVE_WITH_KNOTS ( ( 4, 4 ),
 ( 3.141592653589793116, 4.712388980384682569 ),
 .UNSPECIFIED. ) 
 CURVE ( )  GEOMETRIC_REPRESENTATION_ITEM ( )  RATIONAL_B_SPLINE_CURVE ( ( 1.000000000000000000, 0.8047378541243667138, 0.8047378541243667138, 1.000000000000000000 ) ) 
 REPRESENTATION_ITEM ( '' )  );
#1109 = CARTESIAN_POINT ( 'NONE',  ( 5.374999999999999112, 8.875000000000000000, 0.1250000000000000000 ) ) ;
#1110 = CARTESIAN_POINT ( 'NONE',  ( 5.374999999999999112, 9.000000000000000000, 0.3749999999999999445 ) ) ;
#1111 = ORIENTED_EDGE ( 'NONE', *, *, #61, .T. ) ;
#1112 = CARTESIAN_POINT ( 'NONE',  ( 5.374999999999999112, -8.875000000000000000, 0.1250000000000000278 ) ) ;
#1113 = CLOSED_SHELL ( 'NONE', ( #401, #921, #1031, #1058, #258, #96, #407, #1328, #316, #467, #730, #25, #997, #1242, #1389, #584, #603, #1220, #591, #213, #913, #669, #1119, #1344, #144, #164, #1286, #136, #173, #659, #933, #551, #714, #990, #812, #844, #1202, #683, #93, #811, #189, #608, #1140, #1247, #1256, #48, #446, #724, #200, #15 ) ) ;
#1114 = CARTESIAN_POINT ( 'NONE',  ( 5.250000000000000000, -8.750000000000000000, 2.000000000000000000 ) ) ;
#1115 = CARTESIAN_POINT ( 'NONE',  ( -5.500000000000000000, -9.000000000000000000, 0.1250000000000000278 ) ) ;
#1116 = CARTESIAN_POINT ( 'NONE',  ( -5.250000000000000000, -8.750000000000000000, 0.6250000000000000000 ) ) ;
#1117 = DIRECTION ( 'NONE',  ( 0.000000000000000000, 0.000000000000000000, -1.000000000000000000 ) ) ;
#1118 = CARTESIAN_POINT ( 'NONE',  ( 5.374999999999999112, -9.000000000000000000, 0.000000000000000000 ) ) ;
#1119 = ADVANCED_FACE ( 'NONE', ( #396 ), #1181, .F. ) ;
#1120 = ORIENTED_EDGE ( 'NONE', *, *, #1398, .F. ) ;
#1121 = DIRECTION ( 'NONE',  ( 0.000000000000000000, 0.000000000000000000, -1.000000000000000000 ) ) ;
#1122 = SPHERICAL_SURFACE ( 'NONE', #1052, 0.1250000000000000000 ) ;
#1123 = CARTESIAN_POINT ( 'NONE',  ( -5.375000000000000888, -8.875000000000000000, 0.5000000000000001110 ) ) ;
#1124 = CIRCLE ( 'NONE', #66, 0.1250000000000000000 ) ;
#1125 = DIRECTION ( 'NONE',  ( -1.000000000000000000, 0.000000000000000000, 0.000000000000000000 ) ) ;
#1126 = CIRCLE ( 'NONE', #681, 0.1250000000000000000 ) ;
#1127 = EDGE_CURVE ( 'NONE', #94, #378, #62, .T. ) ;
#1128 = SPHERICAL_SURFACE ( 'NONE', #127, 0.06250000000000000000 ) ;
#1129 = EDGE_LOOP ( 'NONE', ( #231, #866, #455, #961 ) ) ;
#1130 = CARTESIAN_POINT ( 'NONE',  ( -5.187499999999999112, -8.687500000000000000, 1.937500000000000000 ) ) ;
#1131 = DIRECTION ( 'NONE',  ( 0.000000000000000000, -0.000000000000000000, 1.000000000000000000 ) ) ;
#1132 = CARTESIAN_POINT ( 'NONE',  ( -5.319606099234011509, -8.791909148851029698, 0.5126458799334733252 ) ) ;
#1133 = CARTESIAN_POINT ( 'NONE',  ( 5.354545423243404656, 8.854545423243889601, 0.5000000000000300870 ) ) ;
#1134 = DIRECTION ( 'NONE',  ( 0.000000000000000000, -0.000000000000000000, -1.000000000000000000 ) ) ;
#1135 = CARTESIAN_POINT ( 'NONE',  ( -5.374999999999999112, 8.875000000000000000, 0.000000000000000000 ) ) ;
#1136 = EDGE_LOOP ( 'NONE', ( #966, #759, #886, #179 ) ) ;
#1137 = CARTESIAN_POINT ( 'NONE',  ( 5.374999999999999112, 0.000000000000000000, 0.3749999999999999445 ) ) ;
#1138 = CARTESIAN_POINT ( 'NONE',  ( 5.187500000000170530, 8.750000000000001776, 0.6168186763677185880 ) ) ;
#1139 = ORIENTED_EDGE ( 'NONE', *, *, #697, .T. ) ;
#1140 = ADVANCED_FACE ( 'NONE', ( #47 ), #842, .T. ) ;
#1141 = CARTESIAN_POINT ( 'NONE',  ( 5.292396656149091605, -8.751094984223570350, 0.5308266485542725288 ) ) ;
#1142 = ORIENTED_EDGE ( 'NONE', *, *, #509, .T. ) ;
#1143 = ORIENTED_EDGE ( 'NONE', *, *, #819, .T. ) ;
#1144 = EDGE_CURVE ( 'NONE', #378, #245, #939, .T. ) ;
#1145 = CARTESIAN_POINT ( 'NONE',  ( -5.250352461725571018, -8.750352461725571018, 0.6070977857932196020 ) ) ;
#1146 = CARTESIAN_POINT ( 'NONE',  ( 5.500000000000000000, 9.000000000000000000, 0.5000000000000000000 ) ) ;
#1147 = CARTESIAN_POINT ( 'NONE',  ( 5.374999999999999112, 8.875000000000000000, 0.5000000000000000000 ) ) ;
#1148 = VERTEX_POINT ( 'NONE', #298 ) ;
#1149 = CIRCLE ( 'NONE', #841, 0.06249999999999967387 ) ;
#1150 = CARTESIAN_POINT ( 'NONE',  ( 5.500000000000000000, -8.875000000000000000, 0.3749999999999999445 ) ) ;
#1151 = CARTESIAN_POINT ( 'NONE',  ( -5.301776695296636532, 8.765165042944955687, 0.5000000000000009992 ) ) ;
#1152 = CARTESIAN_POINT ( 'NONE',  ( -5.374999999999998224, -8.875000000000000000, 0.5000000000000000000 ) ) ;
#1153 = CARTESIAN_POINT ( 'NONE',  ( 5.500000000000000000, -8.875000000000000000, 0.1250000000000000278 ) ) ;
#1154 = VERTEX_POINT ( 'NONE', #390 ) ;
#1155 = CYLINDRICAL_SURFACE ( 'NONE', #1019, 0.1250000000000000000 ) ;
#1156 = DIRECTION ( 'NONE',  ( 0.000000000000000000, 1.000000000000000000, 8.741913579725640721E-15 ) ) ;
#1157 = CARTESIAN_POINT ( 'NONE',  ( 5.358634588199787885, 8.850451882300887974, 0.5000000000000001110 ) ) ;
#1158 = CARTESIAN_POINT ( 'NONE',  ( 5.261982590104585356, -8.761982590104773649, 0.5666081254852088911 ) ) ;
#1159 = CARTESIAN_POINT ( 'NONE',  ( -5.187499999999999112, -8.750000000000000000, 1.937500000000000000 ) ) ;
#1160 = EDGE_LOOP ( 'NONE', ( #1332, #1142, #1384 ) ) ;
#1161 = CARTESIAN_POINT ( 'NONE',  ( -5.250000000000000000, -8.687500000000000000, 0.6250000000000000000 ) ) ;
#1162 = CARTESIAN_POINT ( 'NONE',  ( -5.187500000000000000, 8.687500000000000000, 1.937500000000000000 ) ) ;
#1163 = CARTESIAN_POINT ( 'NONE',  ( 5.250000000000169642, -8.750000000000168754, 0.6209240151575710076 ) ) ;
#1164 = VECTOR ( 'NONE', #104, 39.37007874015748143 ) ;
#1165 = VECTOR ( 'NONE', #448, 39.37007874015748143 ) ;
#1166 = ORIENTED_EDGE ( 'NONE', *, *, #735, .T. ) ;
#1167 = CARTESIAN_POINT ( 'NONE',  ( -5.261982590104777202, 8.761982590104775426, 0.5666081254852518567 ) ) ;
#1168 = DIRECTION ( 'NONE',  ( 0.000000000000000000, -8.741913579725640721E-15, 1.000000000000000000 ) ) ;
#1169 = FACE_OUTER_BOUND ( 'NONE', #1427, .T. ) ;
#1170 = CALENDAR_DATE ( 2025, 3, 12 ) ;
#1171 = ORIENTED_EDGE ( 'NONE', *, *, #864, .T. ) ;
#1172 = CARTESIAN_POINT ( 'NONE',  ( -5.260626914065226423, 8.798751276043503822, 0.5256115467825764886 ) ) ;
#1173 = CARTESIAN_POINT ( 'NONE',  ( 0.000000000000000000, -8.875000000000000000, 0.3749999999999999445 ) ) ;
#1174 = DIRECTION ( 'NONE',  ( 0.000000000000000000, 0.000000000000000000, -1.000000000000000000 ) ) ;
#1175 = CIRCLE ( 'NONE', #411, 0.1250000000000000000 ) ;
#1176 = ORIENTED_EDGE ( 'NONE', *, *, #289, .T. ) ;
#1177 = CIRCLE ( 'NONE', #643, 0.06249999999999995143 ) ;
#1178 = EDGE_CURVE ( 'NONE', #442, #1148, #567, .T. ) ;
#1179 = ORIENTED_EDGE ( 'NONE', *, *, #1073, .T. ) ;
#1180 = DIRECTION ( 'NONE',  ( 0.000000000000000000, 1.000000000000000000, 0.000000000000000000 ) ) ;
#1181 = CYLINDRICAL_SURFACE ( 'NONE', #159, 0.1250000000000000278 ) ;
#1182 = ORIENTED_EDGE ( 'NONE', *, *, #421, .T. ) ;
#1183 = CARTESIAN_POINT ( 'NONE',  ( -5.187500000000000000, 0.000000000000000000, 1.937500000000000000 ) ) ;
#1184 = CIRCLE ( 'NONE', #925, 0.1250000000000000000 ) ;
#1185 = DATE_TIME_ROLE ( 'classification_date' ) ;
#1186 = ORIENTED_EDGE ( 'NONE', *, *, #292, .T. ) ;
#1187 = CARTESIAN_POINT ( 'NONE',  ( -5.225917320165251567, 8.775611546776795890, 0.5487512760521542354 ) ) ;
#1188 = ORGANIZATION ( 'UNSPECIFIED', 'UNSPECIFIED', '' ) ;
#1189 = DIRECTION ( 'NONE',  ( 1.000000000000000000, 0.000000000000000000, 0.000000000000000000 ) ) ;
#1190 = ORIENTED_EDGE ( 'NONE', *, *, #447, .F. ) ;
#1191 = PLANE ( 'NONE',  #578 ) ;
#1192 = CYLINDRICAL_SURFACE ( 'NONE', #271, 0.1250000000000000000 ) ;
#1193 = EDGE_LOOP ( 'NONE', ( #782, #1035, #1000 ) ) ;
#1194 = EDGE_CURVE ( 'NONE', #1154, #1356, #590, .T. ) ;
#1195 = CARTESIAN_POINT ( 'NONE',  ( -5.250000000000000000, -8.687500000000000000, 2.000000000000000000 ) ) ;
#1196 = CARTESIAN_POINT ( 'NONE',  ( -5.250000000000000000, 8.687500000000001776, 2.000000000000000000 ) ) ;
#1197 = EDGE_LOOP ( 'NONE', ( #756, #345, #1415, #1401 ) ) ;
#1198 = DIRECTION ( 'NONE',  ( 0.000000000000000000, 0.000000000000000000, -1.000000000000000000 ) ) ;
#1199 = DIRECTION ( 'NONE',  ( 0.000000000000000000, -1.000000000000000000, 0.000000000000000000 ) ) ;
#1200 = AXIS2_PLACEMENT_3D ( 'NONE', #876, #1333, #1121 ) ;
#1201 = VECTOR ( 'NONE', #1199, 39.37007874015748143 ) ;
#1202 = ADVANCED_FACE ( 'NONE', ( #1011 ), #320, .T. ) ;
#1203 = CARTESIAN_POINT ( 'NONE',  ( -5.500000000000000000, -8.875000000000000000, 0.000000000000000000 ) ) ;
#1204 = VERTEX_POINT ( 'NONE', #373 ) ;
#1205 = CARTESIAN_POINT ( 'NONE',  ( -5.333666445150573310, 8.833666445150575086, 0.5051739487220464619 ) ) ;
#1206 = ORIENTED_EDGE ( 'NONE', *, *, #10, .T. ) ;
#1207 = EDGE_CURVE ( 'NONE', #63, #442, #247, .T. ) ;
#1208 = CARTESIAN_POINT ( 'NONE',  ( -5.374999999999999112, 8.875000000000000000, 0.1250000000000000000 ) ) ;
#1209 = ORIENTED_EDGE ( 'NONE', *, *, #10, .F. ) ;
#1210 = CARTESIAN_POINT ( 'NONE',  ( -5.312356165701597632, 8.781034248552424870, 0.5165210501417876188 ) ) ;
#1211 = CARTESIAN_POINT ( 'NONE',  ( -5.375000000000000888, -8.875000000000000000, 0.5000000000000001110 ) ) ;
#1212 =( GEOMETRIC_REPRESENTATION_CONTEXT ( 3 ) GLOBAL_UNCERTAINTY_ASSIGNED_CONTEXT ( ( #914 ) ) GLOBAL_UNIT_ASSIGNED_CONTEXT ( ( #489, #1264, #709 ) ) REPRESENTATION_CONTEXT ( 'NONE', 'WORKASPACE' ) );
#1213 = ORIENTED_EDGE ( 'NONE', *, *, #965, .F. ) ;
#1214 = CARTESIAN_POINT ( 'NONE',  ( 5.374999999999999112, 8.875000000000000000, 0.5000000000000000000 ) ) ;
#1215 = VERTEX_POINT ( 'NONE', #493 ) ;
#1216 = CC_DESIGN_SECURITY_CLASSIFICATION ( #1082, ( #1379 ) ) ;
#1217 = DIRECTION ( 'NONE',  ( -0.000000000000000000, 1.000000000000000000, -0.000000000000000000 ) ) ;
#1218 = PLANE ( 'NONE',  #302 ) ;
#1219 = CARTESIAN_POINT ( 'NONE',  ( 0.000000000000000000, 8.687500000000000000, 1.937500000000000000 ) ) ;
#1220 = ADVANCED_FACE ( 'NONE', ( #264 ), #931, .T. ) ;
#1221 = EDGE_CURVE ( 'NONE', #219, #1360, #1018, .T. ) ;
#1222 = DIRECTION ( 'NONE',  ( -1.000000000000000000, 0.000000000000000000, -0.000000000000000000 ) ) ;
#1223 = CYLINDRICAL_SURFACE ( 'NONE', #346, 0.06249999999999967387 ) ;
#1224 = ORIENTED_EDGE ( 'NONE', *, *, #963, .T. ) ;
#1225 = VECTOR ( 'NONE', #950, 39.37007874015748143 ) ;
#1226 = LINE ( 'NONE', #452, #668 ) ;
#1227 = CARTESIAN_POINT ( 'NONE',  ( 5.250000000000000000, -8.750000000000000000, 1.937500000000000000 ) ) ;
#1228 = EDGE_CURVE ( 'NONE', #219, #1246, #632, .T. ) ;
#1229 = ORIENTED_EDGE ( 'NONE', *, *, #265, .F. ) ;
#1230 = CC_DESIGN_PERSON_AND_ORGANIZATION_ASSIGNMENT ( #1290, #621, ( #1379 ) ) ;
#1231 = PLANE ( 'NONE',  #395 ) ;
#1232 = DIRECTION ( 'NONE',  ( -0.000000000000000000, -0.000000000000000000, 1.000000000000000000 ) ) ;
#1233 = ORIENTED_EDGE ( 'NONE', *, *, #1207, .F. ) ;
#1234 = DIRECTION ( 'NONE',  ( -1.000000000000000000, 0.000000000000000000, 0.000000000000000000 ) ) ;
#1235 = CARTESIAN_POINT ( 'NONE',  ( -5.187500000000000000, -8.687500000000000000, 1.937500000000000000 ) ) ;
#1236 = CIRCLE ( 'NONE', #745, 0.1250000000000000278 ) ;
#1237 = ORIENTED_EDGE ( 'NONE', *, *, #560, .F. ) ;
#1238 = VECTOR ( 'NONE', #1277, 39.37007874015748143 ) ;
#1239 = LINE ( 'NONE', #1118, #479 ) ;
#1240 = ORIENTED_EDGE ( 'NONE', *, *, #1144, .F. ) ;
#1241 = FACE_OUTER_BOUND ( 'NONE', #304, .T. ) ;
#1242 = ADVANCED_FACE ( 'NONE', ( #333 ), #445, .T. ) ;
#1243 = CARTESIAN_POINT ( 'NONE',  ( 5.280826648554273639, 8.733739972831475740, 0.5423966561490904947 ) ) ;
#1244 = DIRECTION ( 'NONE',  ( 1.000000000000000000, 0.000000000000000000, 0.000000000000000000 ) ) ;
#1245 = CARTESIAN_POINT ( 'NONE',  ( 5.283766029193272651, -8.783766029193271763, 0.5369925062239845337 ) ) ;
#1246 = VERTEX_POINT ( 'NONE', #548 ) ;
#1247 = ADVANCED_FACE ( 'NONE', ( #1355 ), #1440, .T. ) ;
#1248 = CARTESIAN_POINT ( 'NONE',  ( -5.374999999999998224, -9.000000000000000000, 0.3749999999999999445 ) ) ;
#1249 = ORIENTED_EDGE ( 'NONE', *, *, #336, .F. ) ;
#1250 = CIRCLE ( 'NONE', #125, 0.1250000000000004441 ) ;
#1251 = LINE ( 'NONE', #703, #481 ) ;
#1252 = CARTESIAN_POINT ( 'NONE',  ( 5.206468819888799615, 8.762645879925822001, 0.5696060992524858424 ) ) ;
#1253 = CARTESIAN_POINT ( 'NONE',  ( -5.374999999999999112, 8.875000000000000000, 0.3749999999999999445 ) ) ;
#1254 = CARTESIAN_POINT ( 'NONE',  ( 5.262645879925820225, -8.706468819888799615, 0.5696060992524857314 ) ) ;
#1255 = ORIENTED_EDGE ( 'NONE', *, *, #201, .T. ) ;
#1256 = ADVANCED_FACE ( 'NONE', ( #1241 ), #894, .T. ) ;
#1257 =( BOUNDED_CURVE ( )  B_SPLINE_CURVE ( 3, ( #1023, #924, #353, #935 ),
 .UNSPECIFIED., .F., .T. ) 
 B_SPLINE_CURVE_WITH_KNOTS ( ( 4, 4 ),
 ( 3.141592653589793116, 4.712388980384679016 ),
 .UNSPECIFIED. ) 
 CURVE ( )  GEOMETRIC_REPRESENTATION_ITEM ( )  RATIONAL_B_SPLINE_CURVE ( ( 1.000000000000000000, 0.8047378541243676020, 0.8047378541243676020, 1.000000000000000000 ) ) 
 REPRESENTATION_ITEM ( '' )  );
#1258 = CARTESIAN_POINT ( 'NONE',  ( -5.250000000000000000, 8.687500000000001776, 0.6250000000000000000 ) ) ;
#1259 = CARTESIAN_POINT ( 'NONE',  ( 5.307060473744114937, 8.807060473744115825, 0.5186976706703430029 ) ) ;
#1260 = AXIS2_PLACEMENT_3D ( 'NONE', #1324, #210, #662 ) ;
#1261 = CARTESIAN_POINT ( 'NONE',  ( 5.298751276043502045, -8.760626914065227311, 0.5256115467825762666 ) ) ;
#1262 = ORIENTED_EDGE ( 'NONE', *, *, #533, .T. ) ;
#1263 = VECTOR ( 'NONE', #439, 39.37007874015748143 ) ;
#1264 =( NAMED_UNIT ( * ) PLANE_ANGLE_UNIT ( ) SI_UNIT ( $, .RADIAN. ) );
#1265 = DIRECTION ( 'NONE',  ( 0.000000000000000000, 0.000000000000000000, -1.000000000000000000 ) ) ;
#1266 =( BOUNDED_CURVE ( )  B_SPLINE_CURVE ( 3, ( #851, #858, #1304, #301 ),
 .UNSPECIFIED., .F., .T. ) 
 B_SPLINE_CURVE_WITH_KNOTS ( ( 4, 4 ),
 ( 3.141592653589793116, 4.712388980384682569 ),
 .UNSPECIFIED. ) 
 CURVE ( )  GEOMETRIC_REPRESENTATION_ITEM ( )  RATIONAL_B_SPLINE_CURVE ( ( 1.000000000000000000, 0.8047378541243667138, 0.8047378541243667138, 1.000000000000000000 ) ) 
 REPRESENTATION_ITEM ( '' )  );
#1267 = CARTESIAN_POINT ( 'NONE',  ( 5.375000000000000888, 8.875000000000001776, 0.5000000000000001110 ) ) ;
#1268 = EDGE_CURVE ( 'NONE', #483, #388, #239, .T. ) ;
#1269 = CARTESIAN_POINT ( 'NONE',  ( 5.277227223155973590, -8.777227223155973590, 0.5441089185457710364 ) ) ;
#1270 = APPROVAL_ROLE ( '' ) ;
#1271 = DIRECTION ( 'NONE',  ( 0.000000000000000000, 0.000000000000000000, 1.000000000000000000 ) ) ;
#1272 = CARTESIAN_POINT ( 'NONE',  ( 5.187500000000000000, 0.000000000000000000, 2.000000000000000000 ) ) ;
#1273 = VECTOR ( 'NONE', #1340, 39.37007874015748143 ) ;
#1274 = EDGE_CURVE ( 'NONE', #311, #959, #121, .T. ) ;
#1275 = DIRECTION ( 'NONE',  ( 0.000000000000000000, 0.000000000000000000, -1.000000000000000000 ) ) ;
#1276 = DIRECTION ( 'NONE',  ( -0.000000000000000000, -0.000000000000000000, 1.000000000000000000 ) ) ;
#1277 = DIRECTION ( 'NONE',  ( 0.000000000000000000, 0.000000000000000000, -1.000000000000000000 ) ) ;
#1278 = EDGE_LOOP ( 'NONE', ( #1388, #322, #989 ) ) ;
#1279 = CARTESIAN_POINT ( 'NONE',  ( 5.250000000000000000, 8.687500000000000000, 0.6250000000000000000 ) ) ;
#1280 = DIRECTION ( 'NONE',  ( 0.000000000000000000, 0.000000000000000000, -1.000000000000000000 ) ) ;
#1281 = LENGTH_MEASURE_WITH_UNIT ( LENGTH_MEASURE( 0.02539999999999999897 ), #615 );
#1282 = DIRECTION ( 'NONE',  ( -1.000000000000000000, -0.000000000000000000, -0.000000000000000000 ) ) ;
#1283 = ORIENTED_EDGE ( 'NONE', *, *, #835, .F. ) ;
#1284 = CARTESIAN_POINT ( 'NONE',  ( -5.277227223155977143, 8.777227223155771085, 0.5441089185457808064 ) ) ;
#1285 = DIRECTION ( 'NONE',  ( 0.000000000000000000, 0.000000000000000000, 1.000000000000000000 ) ) ;
#1286 = ADVANCED_FACE ( 'NONE', ( #14 ), #1122, .T. ) ;
#1287 = CARTESIAN_POINT ( 'NONE',  ( 5.187500000000000000, 8.750000000000000000, 2.000000000000000000 ) ) ;
#1288 = ORIENTED_EDGE ( 'NONE', *, *, #428, .F. ) ;
#1289 = DIRECTION ( 'NONE',  ( -1.000000000000000000, 0.000000000000000000, -0.000000000000000000 ) ) ;
#1290 = PERSON_AND_ORGANIZATION ( #626, #1188 ) ;
#1291 = DIRECTION ( 'NONE',  ( -1.000000000000000000, -8.741913579725612322E-15, -0.000000000000000000 ) ) ;
#1292 = EDGE_LOOP ( 'NONE', ( #870, #1182, #521, #1076 ) ) ;
#1293 = CARTESIAN_POINT ( 'NONE',  ( -5.266521050147568772, 8.712281575221295427, 0.5623561656929454422 ) ) ;
#1294 = FACE_OUTER_BOUND ( 'NONE', #267, .T. ) ;
#1295 = DIRECTION ( 'NONE',  ( 1.000000000000000000, -0.000000000000000000, -0.000000000000000000 ) ) ;
#1296 = CIRCLE ( 'NONE', #522, 0.1250000000000004441 ) ;
#1297 = ORIENTED_EDGE ( 'NONE', *, *, #243, .F. ) ;
#1298 = AXIS2_PLACEMENT_3D ( 'NONE', #1447, #1001, #1439 ) ;
#1299 = ORIENTED_EDGE ( 'NONE', *, *, #61, .F. ) ;
#1300 = CARTESIAN_POINT ( 'NONE',  ( -5.250814748562652845, 8.750814748562655510, 0.6015333615921194532 ) ) ;
#1301 = CARTESIAN_POINT ( 'NONE',  ( 5.187500000000000000, -8.750000000000001776, 0.5517766952966374205 ) ) ;
#1302 = CARTESIAN_POINT ( 'NONE',  ( -5.187499999999999112, -8.687500000000000000, 2.000000000000000000 ) ) ;
#1303 = VERTEX_POINT ( 'NONE', #1248 ) ;
#1304 = CARTESIAN_POINT ( 'NONE',  ( 5.301776695296636532, -8.765165042944955687, 0.5000000000000006661 ) ) ;
#1305 = AXIS2_PLACEMENT_3D ( 'NONE', #837, #1282, #276 ) ;
#1306 = DIRECTION ( 'NONE',  ( 1.000000000000000000, 0.000000000000000000, 0.000000000000000000 ) ) ;
#1307 = ORIENTED_EDGE ( 'NONE', *, *, #1382, .F. ) ;
#1308 = CARTESIAN_POINT ( 'NONE',  ( -5.266294790316873531, 8.766294790317084917, 0.5588998569188016186 ) ) ;
#1309 = DIRECTION ( 'NONE',  ( -1.000000000000000000, 0.000000000000000000, 0.000000000000000000 ) ) ;
#1310 = AXIS2_PLACEMENT_3D ( 'NONE', #1152, #1374, #597 ) ;
#1311 = CARTESIAN_POINT ( 'NONE',  ( 5.374999999999999112, -8.875000000000000000, 0.1250000000000000278 ) ) ;
#1312 = VERTEX_POINT ( 'NONE', #888 ) ;
#1313 = DIRECTION ( 'NONE',  ( -8.741913579725640721E-15, 0.000000000000000000, 1.000000000000000000 ) ) ;
#1314 = ORIENTED_EDGE ( 'NONE', *, *, #336, .T. ) ;
#1315 = SPHERICAL_SURFACE ( 'NONE', #217, 0.1250000000000000000 ) ;
#1316 = ORIENTED_EDGE ( 'NONE', *, *, #1327, .F. ) ;
#1317 = CIRCLE ( 'NONE', #1042, 0.1250000000000004441 ) ;
#1318 = APPROVAL ( #1400, 'UNSPECIFIED' ) ;
#1319 = CARTESIAN_POINT ( 'NONE',  ( -5.374999999999999112, 9.000000000000000000, 0.3749999999999999445 ) ) ;
#1320 = ORIENTED_EDGE ( 'NONE', *, *, #75, .T. ) ;
#1321 = CARTESIAN_POINT ( 'NONE',  ( -5.325922271592578028, 8.842281514395072151, 0.5032534154413216276 ) ) ;
#1322 = CARTESIAN_POINT ( 'NONE',  ( -5.333666445150121227, -8.833666445150118562, 0.5051739487220752167 ) ) ;
#1323 = ORIENTED_EDGE ( 'NONE', *, *, #689, .T. ) ;
#1324 = CARTESIAN_POINT ( 'NONE',  ( 5.374999999999999112, -8.875000000000000000, 0.3749999999999999445 ) ) ;
#1325 = ORIENTED_EDGE ( 'NONE', *, *, #705, .F. ) ;
#1326 = DIRECTION ( 'NONE',  ( -1.000000000000000000, 0.000000000000000000, 0.000000000000000000 ) ) ;
#1327 = EDGE_CURVE ( 'NONE', #74, #1360, #1099, .T. ) ;
#1328 = ADVANCED_FACE ( 'NONE', ( #665 ), #1218, .F. ) ;
#1329 = AXIS2_PLACEMENT_3D ( 'NONE', #565, #1002, #1335 ) ;
#1330 = CARTESIAN_POINT ( 'NONE',  ( -5.187500000000000000, 8.750000000000000000, 0.6250000000000000000 ) ) ;
#1331 = DIRECTION ( 'NONE',  ( -1.000000000000000000, 0.000000000000000000, 0.000000000000000000 ) ) ;
#1332 = ORIENTED_EDGE ( 'NONE', *, *, #357, .T. ) ;
#1333 = DIRECTION ( 'NONE',  ( 0.000000000000000000, -1.000000000000000000, 0.000000000000000000 ) ) ;
#1334 = EDGE_CURVE ( 'NONE', #906, #920, #867, .T. ) ;
#1335 = DIRECTION ( 'NONE',  ( 0.000000000000000000, 0.000000000000000000, 1.000000000000000000 ) ) ;
#1336 = CARTESIAN_POINT ( 'NONE',  ( -5.374999999999998224, -9.000000000000000000, 0.5000000000000000000 ) ) ;
#1337 = CARTESIAN_POINT ( 'NONE',  ( -5.187499999999999112, -8.750000000000000000, 0.6250000000000000000 ) ) ;
#1338 = ORIENTED_EDGE ( 'NONE', *, *, #1075, .F. ) ;
#1339 = AXIS2_PLACEMENT_3D ( 'NONE', #580, #1420, #1402 ) ;
#1340 = DIRECTION ( 'NONE',  ( -1.000000000000000000, -0.000000000000000000, -0.000000000000000000 ) ) ;
#1341 = CARTESIAN_POINT ( 'NONE',  ( -5.225917320165251567, -8.775611546776795890, 0.5487512760521541244 ) ) ;
#1342 = CARTESIAN_POINT ( 'NONE',  ( -5.187500000000000000, 8.750000000000001776, 0.5517766952966375316 ) ) ;
#1343 = CARTESIAN_POINT ( 'NONE',  ( -5.374999999999999112, -8.875000000000000000, 0.000000000000000000 ) ) ;
#1344 = ADVANCED_FACE ( 'NONE', ( #347 ), #1009, .F. ) ;
#1345 = EDGE_LOOP ( 'NONE', ( #1143, #431, #701, #209 ) ) ;
#1346 = CARTESIAN_POINT ( 'NONE',  ( -5.291909148851029698, 8.819606099234011509, 0.5126458799334733252 ) ) ;
#1347 = DIRECTION ( 'NONE',  ( 0.000000000000000000, 0.000000000000000000, -1.000000000000000000 ) ) ;
#1348 = VECTOR ( 'NONE', #999, 39.37007874015748143 ) ;
#1349 = CARTESIAN_POINT ( 'NONE',  ( 5.256384236946358257, 8.697076355419468996, 0.5847230426562421979 ) ) ;
#1350 = DIRECTION ( 'NONE',  ( 1.000000000000000000, 0.000000000000000000, 0.000000000000000000 ) ) ;
#1351 = AXIS2_PLACEMENT_3D ( 'NONE', #16, #923, #254 ) ;
#1352 = EDGE_CURVE ( 'NONE', #1424, #413, #207, .T. ) ;
#1353 = CARTESIAN_POINT ( 'NONE',  ( 5.250000000000000000, -8.750000000000000000, 0.6250000000000000000 ) ) ;
#1354 = ORIENTED_EDGE ( 'NONE', *, *, #1073, .F. ) ;
#1355 = FACE_OUTER_BOUND ( 'NONE', #202, .T. ) ;
#1356 = VERTEX_POINT ( 'NONE', #1150 ) ;
#1357 = LINE ( 'NONE', #335, #237 ) ;
#1358 = EDGE_CURVE ( 'NONE', #331, #546, #50, .T. ) ;
#1359 = DIRECTION ( 'NONE',  ( -1.000000000000000000, 0.000000000000000000, 0.000000000000000000 ) ) ;
#1360 = VERTEX_POINT ( 'NONE', #1159 ) ;
#1361 = AXIS2_PLACEMENT_3D ( 'NONE', #1413, #186, #637 ) ;
#1362 = AXIS2_PLACEMENT_3D ( 'NONE', #102, #803, #658 ) ;
#1363 = CARTESIAN_POINT ( 'NONE',  ( 5.374999999999999112, 8.875000000000000000, 0.000000000000000000 ) ) ;
#1364 = DIRECTION ( 'NONE',  ( 0.000000000000000000, -0.000000000000000000, -1.000000000000000000 ) ) ;
#1365 = CARTESIAN_POINT ( 'NONE',  ( 5.266294790316869978, -8.766294790316871754, 0.5588998569188182719 ) ) ;
#1366 = ORIENTED_EDGE ( 'NONE', *, *, #1207, .T. ) ;
#1367 = CARTESIAN_POINT ( 'NONE',  ( 5.374999999999999112, 0.000000000000000000, 0.5000000000000000000 ) ) ;
#1368 = CARTESIAN_POINT ( 'NONE',  ( 5.187500000000000000, 8.750000000000001776, 0.6250000000000000000 ) ) ;
#1369 = EDGE_CURVE ( 'NONE', #832, #378, #907, .T. ) ;
#1370 = CARTESIAN_POINT ( 'NONE',  ( 5.250000000000000000, -8.687500000000000000, 0.6250000000000000000 ) ) ;
#1371 = DIRECTION ( 'NONE',  ( 0.000000000000000000, 1.000000000000000000, 0.000000000000000000 ) ) ;
#1372 = EDGE_CURVE ( 'NONE', #1312, #627, #818, .T. ) ;
#1373 = CARTESIAN_POINT ( 'NONE',  ( 5.500000000000000000, -8.875000000000000000, 0.1250000000000000278 ) ) ;
#1374 = DIRECTION ( 'NONE',  ( 0.000000000000000000, -0.000000000000000000, -1.000000000000000000 ) ) ;
#1375 = CARTESIAN_POINT ( 'NONE',  ( 5.253997918902964415, 8.693496878354514124, 0.5925896789931656139 ) ) ;
#1376 = CARTESIAN_POINT ( 'NONE',  ( 5.500000000000000000, -9.000000000000000000, 0.3749999999999999445 ) ) ;
#1377 = FACE_OUTER_BOUND ( 'NONE', #497, .T. ) ;
#1378 = AXIS2_PLACEMENT_3D ( 'NONE', #53, #492, #936 ) ;
#1379 = PRODUCT_DEFINITION_FORMATION_WITH_SPECIFIED_SOURCE ( 'ANY', '', #1026, .NOT_KNOWN. ) ;
#1380 = PLANE ( 'NONE',  #370 ) ;
#1381 = FACE_OUTER_BOUND ( 'NONE', #195, .T. ) ;
#1382 = EDGE_CURVE ( 'NONE', #1154, #763, #391, .T. ) ;
#1383 = CYLINDRICAL_SURFACE ( 'NONE', #273, 0.1250000000000000278 ) ;
#1384 = ORIENTED_EDGE ( 'NONE', *, *, #1081, .F. ) ;
#1385 = CARTESIAN_POINT ( 'NONE',  ( -5.250000000000000000, 8.687500000000001776, 0.6250000000000000000 ) ) ;
#1386 = CARTESIAN_POINT ( 'NONE',  ( -5.250000000000000000, 8.750000000000000000, 0.6250000000000000000 ) ) ;
#1387 = DIRECTION ( 'NONE',  ( 0.000000000000000000, 0.000000000000000000, -1.000000000000000000 ) ) ;
#1388 = ORIENTED_EDGE ( 'NONE', *, *, #970, .F. ) ;
#1389 = ADVANCED_FACE ( 'NONE', ( #36 ), #1383, .F. ) ;
#1390 = DATE_AND_TIME ( #429, #796 ) ;
#1391 = AXIS2_PLACEMENT_3D ( 'NONE', #1235, #780, #774 ) ;
#1392 = ORIENTED_EDGE ( 'NONE', *, *, #54, .F. ) ;
#1393 = CARTESIAN_POINT ( 'NONE',  ( -5.193496878354512347, 8.753997918902966191, 0.5925896789931656139 ) ) ;
#1394 = CARTESIAN_POINT ( 'NONE',  ( 5.250000000000000000, 8.687500000000000000, 1.937500000000000000 ) ) ;
#1395 =( BOUNDED_CURVE ( )  B_SPLINE_CURVE ( 3, ( #890, #1435, #1342, #1330 ),
 .UNSPECIFIED., .F., .T. ) 
 B_SPLINE_CURVE_WITH_KNOTS ( ( 4, 4 ),
 ( 1.570796326794906106, 3.141592653589793116 ),
 .UNSPECIFIED. ) 
 CURVE ( )  GEOMETRIC_REPRESENTATION_ITEM ( )  RATIONAL_B_SPLINE_CURVE ( ( 1.000000000000000000, 0.8047378541243672689, 0.8047378541243672689, 1.000000000000000000 ) ) 
 REPRESENTATION_ITEM ( '' )  );
#1396 = SPHERICAL_SURFACE ( 'NONE', #629, 0.1250000000000000000 ) ;
#1397 = ORIENTED_EDGE ( 'NONE', *, *, #464, .T. ) ;
#1398 = EDGE_CURVE ( 'NONE', #1405, #238, #155, .T. ) ;
#1399 = CARTESIAN_POINT ( 'NONE',  ( -5.250000000000000000, -8.750000000000000000, 0.6250000000000000000 ) ) ;
#1400 = APPROVAL_STATUS ( 'not_yet_approved' ) ;
#1401 = ORIENTED_EDGE ( 'NONE', *, *, #984, .T. ) ;
#1402 = DIRECTION ( 'NONE',  ( 0.000000000000000000, 0.000000000000000000, 1.000000000000000000 ) ) ;
#1403 = DIRECTION ( 'NONE',  ( 1.000000000000000000, 0.000000000000000000, 0.000000000000000000 ) ) ;
#1404 = AXIS2_PLACEMENT_3D ( 'NONE', #280, #372, #39 ) ;
#1405 = VERTEX_POINT ( 'NONE', #604 ) ;
#1406 = AXIS2_PLACEMENT_3D ( 'NONE', #1219, #1125, #117 ) ;
#1407 = VECTOR ( 'NONE', #1088, 39.37007874015748143 ) ;
#1408 = CARTESIAN_POINT ( 'NONE',  ( -5.500000000000000000, 8.875000000000000000, 0.1250000000000000278 ) ) ;
#1409 = CIRCLE ( 'NONE', #852, 0.06249999999999967387 ) ;
#1410 = DIRECTION ( 'NONE',  ( 0.000000000000000000, 0.000000000000000000, -1.000000000000000000 ) ) ;
#1411 = ORIENTED_EDGE ( 'NONE', *, *, #768, .T. ) ;
#1412 = CARTESIAN_POINT ( 'NONE',  ( -5.212281575221294538, 8.766521050147568772, 0.5623561656929456642 ) ) ;
#1413 = CARTESIAN_POINT ( 'NONE',  ( 5.187500000000000000, -8.687500000000000000, 1.937500000000000000 ) ) ;
#1414 = DIRECTION ( 'NONE',  ( 0.000000000000000000, 0.000000000000000000, 1.000000000000000000 ) ) ;
#1415 = ORIENTED_EDGE ( 'NONE', *, *, #2, .T. ) ;
#1416 = DIMENSIONAL_EXPONENTS ( 1.000000000000000000, 0.000000000000000000, 0.000000000000000000, 0.000000000000000000, 0.000000000000000000, 0.000000000000000000, 0.000000000000000000 ) ;
#1417 = APPLICATION_CONTEXT ( 'configuration controlled 3d designs of mechanical parts and assemblies' ) ;
#1418 = CARTESIAN_POINT ( 'NONE',  ( -5.374999999999998224, 9.000000000000000000, 0.5000000000000000000 ) ) ;
#1419 = ORIENTED_EDGE ( 'NONE', *, *, #1433, .F. ) ;
#1420 = DIRECTION ( 'NONE',  ( 0.000000000000000000, 1.000000000000000000, 0.000000000000000000 ) ) ;
#1421 = VECTOR ( 'NONE', #834, 39.37007874015748143 ) ;
#1422 = ORIENTED_EDGE ( 'NONE', *, *, #357, .F. ) ;
#1423 = CARTESIAN_POINT ( 'NONE',  ( -5.187500000000000000, -8.687500000000000000, 1.937500000000000000 ) ) ;
#1424 = VERTEX_POINT ( 'NONE', #836 ) ;
#1425 = CARTESIAN_POINT ( 'NONE',  ( 5.187499999999999112, 8.750000000000000000, 0.6250000000000000000 ) ) ;
#1426 = CARTESIAN_POINT ( 'NONE',  ( -5.291909148851029698, -8.819606099234011509, 0.5126458799334733252 ) ) ;
#1427 = EDGE_LOOP ( 'NONE', ( #1206, #192, #530, #1437 ) ) ;
#1428 = CIRCLE ( 'NONE', #193, 0.06249999999999967387 ) ;
#1429 = CARTESIAN_POINT ( 'NONE',  ( 5.187500000000000000, 8.750000000000000000, 1.937500000000000000 ) ) ;
#1430 = DIRECTION ( 'NONE',  ( -0.000000000000000000, -0.000000000000000000, 1.000000000000000000 ) ) ;
#1431 = ORIENTED_EDGE ( 'NONE', *, *, #343, .F. ) ;
#1432 = DIRECTION ( 'NONE',  ( 0.000000000000000000, 1.000000000000000000, 0.000000000000000000 ) ) ;
#1433 = EDGE_CURVE ( 'NONE', #1356, #769, #926, .T. ) ;
#1434 = CARTESIAN_POINT ( 'NONE',  ( -5.375000000000000888, -8.875000000000000000, 0.5000000000000001110 ) ) ;
#1435 = CARTESIAN_POINT ( 'NONE',  ( -5.265165042944954799, 8.801776695296638309, 0.5000000000000007772 ) ) ;
#1436 = CARTESIAN_POINT ( 'NONE',  ( 5.187500000000000000, 8.687500000000000000, 2.000000000000000000 ) ) ;
#1437 = ORIENTED_EDGE ( 'NONE', *, *, #790, .T. ) ;
#1438 = CIRCLE ( 'NONE', #814, 0.1250000000000004441 ) ;
#1439 = DIRECTION ( 'NONE',  ( 1.000000000000000000, 0.000000000000000000, 0.000000000000000000 ) ) ;
#1440 = SPHERICAL_SURFACE ( 'NONE', #398, 0.06250000000000000000 ) ;
#1441 = PLANE ( 'NONE',  #994 ) ;
#1442 = VECTOR ( 'NONE', #1276, 39.37007874015748143 ) ;
#1443 = VECTOR ( 'NONE', #1051, 39.37007874015748143 ) ;
#1444 = CARTESIAN_POINT ( 'NONE',  ( -5.187500000000000000, 8.687500000000001776, 2.000000000000000000 ) ) ;
#1445 = DIRECTION ( 'NONE',  ( -0.000000000000000000, 1.000000000000000000, 0.000000000000000000 ) ) ;
#1446 = ORIENTED_EDGE ( 'NONE', *, *, #243, .T. ) ;
#1447 = CARTESIAN_POINT ( 'NONE',  ( 5.374999999999999112, -8.875000000000000000, 0.3749999999999999445 ) ) ;
#1448 = DIRECTION ( 'NONE',  ( -0.000000000000000000, 1.000000000000000000, 0.000000000000000000 ) ) ;
ENDSEC;
END-ISO-10303-21;
