solid unnamed
facet normal -0.99729002 -0.07357184 -0
    outer loop
        vertex 3.3756022 -0.024533836 0.5
        vertex 3.3756022 -0.024533836 -0.5
        vertex 3.3774078 -0.049008567 0.5
    endloop
endfacet
facet normal -0.99248099 -0.1223997 -0
    outer loop
        vertex 3.3774078 -0.049008567 0.5
        vertex 3.3774078 -0.049008567 -0.5
        vertex 3.3804116 -0.07336524 0.5
    endloop
endfacet
facet normal -0.99248099 -0.1223997 -0
    outer loop
        vertex 3.3804116 -0.07336524 0.5
        vertex 3.3774078 -0.049008567 -0.5
        vertex 3.3804116 -0.07336524 -0.5
    endloop
endfacet
facet normal -0.98527718 -0.1709649 -0
    outer loop
        vertex 3.3846073 -0.09754516 0.5
        vertex 3.3804116 -0.07336524 -0.5
        vertex 3.3846073 -0.09754516 -0.5
    endloop
endfacet
facet normal -0.97570175 -0.21910287 0
    outer loop
        vertex 3.3899844 -0.12149008 0.5
        vertex 3.3846073 -0.09754516 0.5
        vertex 3.3846073 -0.09754516 -0.5
    endloop
endfacet
facet normal -0.96377522 -0.26671582 0
    outer loop
        vertex 3.39653 -0.14514235 0.5
        vertex 3.3899844 -0.12149008 0.5
        vertex 3.3899844 -0.12149008 -0.5
    endloop
endfacet
facet normal -0.96377522 -0.26671582 0
    outer loop
        vertex 3.39653 -0.14514235 -0.5
        vertex 3.39653 -0.14514235 0.5
        vertex 3.3899844 -0.12149008 -0.5
    endloop
endfacet
facet normal -0.94952899 -0.31367913 0
    outer loop
        vertex 3.404228 -0.16844492 -0.5
        vertex 3.404228 -0.16844492 0.5
        vertex 3.39653 -0.14514235 -0.5
    endloop
endfacet
facet normal -0.93299347 -0.35989314 0
    outer loop
        vertex 3.404228 -0.16844492 -0.5
        vertex 3.4130602 -0.19134171 0.5
        vertex 3.404228 -0.16844492 0.5
    endloop
endfacet
facet normal -0.91420931 -0.40524253 0
    outer loop
        vertex 3.4130602 -0.19134171 -0.5
        vertex 3.4230053 -0.21377754 0.5
        vertex 3.4130602 -0.19134171 0.5
    endloop
endfacet
facet normal -0.91420931 -0.40524253 0
    outer loop
        vertex 3.4130602 -0.19134171 -0.5
        vertex 3.4230053 -0.21377754 -0.5
        vertex 3.4230053 -0.21377754 0.5
    endloop
endfacet
facet normal -0.89322048 -0.44961885 0
    outer loop
        vertex 3.4230053 -0.21377754 -0.5
        vertex 3.4340396 -0.23569837 -0.5
        vertex 3.4340396 -0.23569837 0.5
    endloop
endfacet
facet normal -0.87008983 -0.49289319 -0
    outer loop
        vertex 3.4340396 -0.23569837 0.5
        vertex 3.4340396 -0.23569837 -0.5
        vertex 3.4461358 -0.25705138 0.5
    endloop
endfacet
facet normal -0.84485406 -0.53499687 -0
    outer loop
        vertex 3.4461358 -0.25705138 0.5
        vertex 3.4461358 -0.25705138 -0.5
        vertex 3.4592652 -0.27778512 0.5
    endloop
endfacet
facet normal -0.84485406 -0.53499687 -0
    outer loop
        vertex 3.4592652 -0.27778512 0.5
        vertex 3.4461358 -0.25705138 -0.5
        vertex 3.4592652 -0.27778512 -0.5
    endloop
endfacet
facet normal -0.81758875 -0.57580251 -0
    outer loop
        vertex 3.473396 -0.29784966 0.5
        vertex 3.4592652 -0.27778512 -0.5
        vertex 3.473396 -0.29784966 -0.5
    endloop
endfacet
facet normal -0.78834569 -0.61523259 0
    outer loop
        vertex 3.4884946 -0.31719664 0.5
        vertex 3.473396 -0.29784966 0.5
        vertex 3.473396 -0.29784966 -0.5
    endloop
endfacet
facet normal -0.75721049 -0.65317094 0
    outer loop
        vertex 3.5045242 -0.3357795 0.5
        vertex 3.4884946 -0.31719664 0.5
        vertex 3.4884946 -0.31719664 -0.5
    endloop
endfacet
facet normal -0.75721049 -0.65317094 0
    outer loop
        vertex 3.5045242 -0.3357795 -0.5
        vertex 3.5045242 -0.3357795 0.5
        vertex 3.4884946 -0.31719664 -0.5
    endloop
endfacet
facet normal -0.72424608 -0.68954164 0
    outer loop
        vertex 3.5214465 -0.3535534 -0.5
        vertex 3.5214465 -0.3535534 0.5
        vertex 3.5045242 -0.3357795 -0.5
    endloop
endfacet
facet normal -0.68953615 -0.72425139 0
    outer loop
        vertex 3.5214465 -0.3535534 -0.5
        vertex 3.5392206 -0.37047556 0.5
        vertex 3.5214465 -0.3535534 0.5
    endloop
endfacet
facet normal -0.65317297 -0.75720876 0
    outer loop
        vertex 3.5392206 -0.37047556 -0.5
        vertex 3.5578034 -0.38650522 0.5
        vertex 3.5392206 -0.37047556 0.5
    endloop
endfacet
facet normal -0.65317297 -0.75720876 0
    outer loop
        vertex 3.5392206 -0.37047556 -0.5
        vertex 3.5578034 -0.38650522 -0.5
        vertex 3.5578034 -0.38650522 0.5
    endloop
endfacet
facet normal -0.61523318 -0.78834522 0
    outer loop
        vertex 3.5578034 -0.38650522 -0.5
        vertex 3.5771503 -0.4016038 -0.5
        vertex 3.5771503 -0.4016038 0.5
    endloop
endfacet
facet normal -0.57581085 -0.81758302 -0
    outer loop
        vertex 3.5771503 -0.4016038 0.5
        vertex 3.5771503 -0.4016038 -0.5
        vertex 3.5972147 -0.4157348 0.5
    endloop
endfacet
facet normal -0.53499609 -0.84485453 -0
    outer loop
        vertex 3.5972147 -0.4157348 0.5
        vertex 3.5972147 -0.4157348 -0.5
        vertex 3.6179485 -0.4288643 0.5
    endloop
endfacet
facet normal -0.53499609 -0.84485453 -0
    outer loop
        vertex 3.6179485 -0.4288643 0.5
        vertex 3.5972147 -0.4157348 -0.5
        vertex 3.6179485 -0.4288643 -0.5
    endloop
endfacet
facet normal -0.4928987 -0.87008673 -0
    outer loop
        vertex 3.6393015 -0.44096065 0.5
        vertex 3.6179485 -0.4288643 -0.5
        vertex 3.6393015 -0.44096065 -0.5
    endloop
endfacet
facet normal -0.44960868 -0.89322561 0
    outer loop
        vertex 3.6612225 -0.45199463 0.5
        vertex 3.6393015 -0.44096065 0.5
        vertex 3.6393015 -0.44096065 -0.5
    endloop
endfacet
facet normal -0.4052414 -0.91420972 0
    outer loop
        vertex 3.6836584 -0.46193978 0.5
        vertex 3.6612225 -0.45199463 0.5
        vertex 3.6612225 -0.45199463 -0.5
    endloop
endfacet
facet normal -0.4052414 -0.91420972 0
    outer loop
        vertex 3.6836584 -0.46193978 -0.5
        vertex 3.6836584 -0.46193978 0.5
        vertex 3.6612225 -0.45199463 -0.5
    endloop
endfacet
facet normal -0.35989571 -0.93299258 0
    outer loop
        vertex 3.7065551 -0.47077206 -0.5
        vertex 3.7065551 -0.47077206 0.5
        vertex 3.6836584 -0.46193978 -0.5
    endloop
endfacet
facet normal -0.31368154 -0.94952828 0
    outer loop
        vertex 3.7065551 -0.47077206 -0.5
        vertex 3.7298577 -0.47847018 0.5
        vertex 3.7065551 -0.47077206 0.5
    endloop
endfacet
facet normal -0.26671439 -0.96377563 0
    outer loop
        vertex 3.7298577 -0.47847018 -0.5
        vertex 3.7535098 -0.48501563 0.5
        vertex 3.7298577 -0.47847018 0.5
    endloop
endfacet
facet normal -0.26671439 -0.96377563 0
    outer loop
        vertex 3.7298577 -0.47847018 -0.5
        vertex 3.7535098 -0.48501563 -0.5
        vertex 3.7535098 -0.48501563 0.5
    endloop
endfacet
facet normal -0.21909907 -0.97570264 0
    outer loop
        vertex 3.7535098 -0.48501563 -0.5
        vertex 3.7774549 -0.49039263 -0.5
        vertex 3.7774549 -0.49039263 0.5
    endloop
endfacet
facet normal -0.17096126 -0.98527777 -0
    outer loop
        vertex 3.7774549 -0.49039263 0.5
        vertex 3.7774549 -0.49039263 -0.5
        vertex 3.8016348 -0.49458823 0.5
    endloop
endfacet
facet normal -0.1224132 -0.99247921 -0
    outer loop
        vertex 3.8016348 -0.49458823 0.5
        vertex 3.8016348 -0.49458823 -0.5
        vertex 3.8259914 -0.4975924 0.5
    endloop
endfacet
facet normal -0.1224132 -0.99247921 -0
    outer loop
        vertex 3.8259914 -0.4975924 0.5
        vertex 3.8016348 -0.49458823 -0.5
        vertex 3.8259914 -0.4975924 -0.5
    endloop
endfacet
facet normal -0.07356299 -0.99729055 -0
    outer loop
        vertex 3.8504663 -0.49939772 0.5
        vertex 3.8259914 -0.4975924 -0.5
        vertex 3.8504663 -0.49939772 -0.5
    endloop
endfacet
facet normal -0.02454145 -0.99969888 0
    outer loop
        vertex 3.875 -0.5 0.5
        vertex 3.8504663 -0.49939772 0.5
        vertex 3.8504663 -0.49939772 -0.5
    endloop
endfacet
facet normal 0.02454145 -0.99969888 0
    outer loop
        vertex 3.8995337 -0.49939772 0.5
        vertex 3.875 -0.5 0.5
        vertex 3.875 -0.5 -0.5
    endloop
endfacet
facet normal 0.02454145 -0.99969888 0
    outer loop
        vertex 3.8995337 -0.49939772 -0.5
        vertex 3.8995337 -0.49939772 0.5
        vertex 3.875 -0.5 -0.5
    endloop
endfacet
facet normal 0.07356371 -0.99729055 0
    outer loop
        vertex 3.9240084 -0.4975924 -0.5
        vertex 3.9240084 -0.4975924 0.5
        vertex 3.8995337 -0.49939772 -0.5
    endloop
endfacet
facet normal 0.12241084 -0.9924795 0
    outer loop
        vertex 3.9240084 -0.4975924 -0.5
        vertex 3.9483654 -0.49458823 0.5
        vertex 3.9240084 -0.4975924 0.5
    endloop
endfacet
facet normal 0.17096289 -0.98527747 0
    outer loop
        vertex 3.9483654 -0.49458823 -0.5
        vertex 3.9725451 -0.49039263 0.5
        vertex 3.9483654 -0.49458823 0.5
    endloop
endfacet
facet normal 0.17096289 -0.98527747 0
    outer loop
        vertex 3.9483654 -0.49458823 -0.5
        vertex 3.9725451 -0.49039263 -0.5
        vertex 3.9725451 -0.49039263 0.5
    endloop
endfacet
facet normal 0.21910115 -0.97570211 0
    outer loop
        vertex 3.9725451 -0.49039263 -0.5
        vertex 3.99649 -0.48501563 -0.5
        vertex 3.99649 -0.48501563 0.5
    endloop
endfacet
facet normal 0.26670939 -0.96377695 0
    outer loop
        vertex 3.99649 -0.48501563 0.5
        vertex 3.99649 -0.48501563 -0.5
        vertex 4.0201426 -0.47847018 0.5
    endloop
endfacet
facet normal 0.31368154 -0.94952828 0
    outer loop
        vertex 4.0201426 -0.47847018 0.5
        vertex 4.0201426 -0.47847018 -0.5
        vertex 4.043445 -0.47077206 0.5
    endloop
endfacet
facet normal 0.31368154 -0.94952828 0
    outer loop
        vertex 4.043445 -0.47077206 0.5
        vertex 4.0201426 -0.47847018 -0.5
        vertex 4.043445 -0.47077206 -0.5
    endloop
endfacet
facet normal 0.35989571 -0.93299258 0
    outer loop
        vertex 4.066342 -0.46193978 0.5
        vertex 4.043445 -0.47077206 -0.5
        vertex 4.066342 -0.46193978 -0.5
    endloop
endfacet
facet normal 0.40524501 -0.91420817 0
    outer loop
        vertex 4.0887775 -0.45199463 0.5
        vertex 4.066342 -0.46193978 0.5
        vertex 4.066342 -0.46193978 -0.5
    endloop
endfacet
facet normal 0.44961259 -0.8932237 0
    outer loop
        vertex 4.110698 -0.44096065 0.5
        vertex 4.0887775 -0.45199463 0.5
        vertex 4.0887775 -0.45199463 -0.5
    endloop
endfacet
facet normal 0.44961259 -0.8932237 0
    outer loop
        vertex 4.110698 -0.44096065 -0.5
        vertex 4.110698 -0.44096065 0.5
        vertex 4.0887775 -0.45199463 -0.5
    endloop
endfacet
facet normal 0.4929029 -0.8700844 0
    outer loop
        vertex 4.132051 -0.4288643 -0.5
        vertex 4.132051 -0.4288643 0.5
        vertex 4.110698 -0.44096065 -0.5
    endloop
endfacet
facet normal 0.53498733 -0.84486008 0
    outer loop
        vertex 4.132051 -0.4288643 -0.5
        vertex 4.1527853 -0.4157348 0.5
        vertex 4.132051 -0.4288643 0.5
    endloop
endfacet
facet normal 0.57581085 -0.81758302 0
    outer loop
        vertex 4.1527853 -0.4157348 -0.5
        vertex 4.1728497 -0.4016038 0.5
        vertex 4.1527853 -0.4157348 0.5
    endloop
endfacet
facet normal 0.57581085 -0.81758302 0
    outer loop
        vertex 4.1527853 -0.4157348 -0.5
        vertex 4.1728497 -0.4016038 -0.5
        vertex 4.1728497 -0.4016038 0.5
    endloop
endfacet
facet normal 0.61522841 -0.78834885 0
    outer loop
        vertex 4.1728497 -0.4016038 -0.5
        vertex 4.192197 -0.38650522 -0.5
        vertex 4.192197 -0.38650522 0.5
    endloop
endfacet
facet normal 0.65317297 -0.75720876 0
    outer loop
        vertex 4.192197 -0.38650522 0.5
        vertex 4.192197 -0.38650522 -0.5
        vertex 4.2107797 -0.37047556 0.5
    endloop
endfacet
facet normal 0.78834569 -0.61523259 0
    outer loop
        vertex 4.261505 -0.31719664 0.5
        vertex 4.261505 -0.31719664 -0.5
        vertex 4.2766037 -0.29784966 0.5
    endloop
endfacet
facet normal 0.94952327 -0.31369668 0
    outer loop
        vertex 4.345772 -0.16844492 -0.5
        vertex 4.3534703 -0.14514235 -0.5
        vertex 4.3534703 -0.14514235 0.5
    endloop
endfacet
facet normal 0.96378016 -0.26669776 0
    outer loop
        vertex 4.3534703 -0.14514235 -0.5
        vertex 4.3600154 -0.12149008 0.5
        vertex 4.3534703 -0.14514235 0.5
    endloop
endfacet
facet normal 0.99969882 -0.02454015 0
    outer loop
        vertex 4.375 -0 -0.5
        vertex 4.375 -0 0.5
        vertex 4.3743978 -0.024533836 -0.5
    endloop
endfacet
facet normal 0.99969882 -0.02454015 0
    outer loop
        vertex 4.3743978 -0.024533836 -0.5
        vertex 4.375 -0 0.5
        vertex 4.3743978 -0.024533836 0.5
    endloop
endfacet
facet normal 0.99729067 -0.07356217 0
    outer loop
        vertex 4.3725924 -0.049008567 -0.5
        vertex 4.3743978 -0.024533836 -0.5
        vertex 4.3743978 -0.024533836 0.5
    endloop
endfacet
facet normal 0.99729067 -0.07356217 0
    outer loop
        vertex 4.3725924 -0.049008567 0.5
        vertex 4.3725924 -0.049008567 -0.5
        vertex 4.3743978 -0.024533836 0.5
    endloop
endfacet
facet normal 0.99247974 -0.12240927 0
    outer loop
        vertex 4.3725924 -0.049008567 0.5
        vertex 4.3695884 -0.07336524 -0.5
        vertex 4.3725924 -0.049008567 -0.5
    endloop
endfacet
facet normal 0.99247974 -0.12240927 0
    outer loop
        vertex 4.3725924 -0.049008567 0.5
        vertex 4.3695884 -0.07336524 0.5
        vertex 4.3695884 -0.07336524 -0.5
    endloop
endfacet
facet normal 0.98527718 -0.1709649 0
    outer loop
        vertex 4.3695884 -0.07336524 -0.5
        vertex 4.3695884 -0.07336524 0.5
        vertex 4.3653927 -0.09754516 -0.5
    endloop
endfacet
facet normal 0.98527718 -0.1709649 0
    outer loop
        vertex 4.3653927 -0.09754516 -0.5
        vertex 4.3695884 -0.07336524 0.5
        vertex 4.3653927 -0.09754516 0.5
    endloop
endfacet
facet normal 0.97569966 -0.21911213 0
    outer loop
        vertex 4.3600154 -0.12149008 -0.5
        vertex 4.3653927 -0.09754516 -0.5
        vertex 4.3653927 -0.09754516 0.5
    endloop
endfacet
facet normal 0.97569966 -0.21911213 0
    outer loop
        vertex 4.3600154 -0.12149008 0.5
        vertex 4.3600154 -0.12149008 -0.5
        vertex 4.3653927 -0.09754516 0.5
    endloop
endfacet
facet normal 0.96378016 -0.26669776 0
    outer loop
        vertex 4.3600154 -0.12149008 0.5
        vertex 4.3534703 -0.14514235 -0.5
        vertex 4.3600154 -0.12149008 -0.5
    endloop
endfacet
facet normal 0.94952327 -0.31369668 0
    outer loop
        vertex 4.3534703 -0.14514235 0.5
        vertex 4.345772 -0.16844492 0.5
        vertex 4.345772 -0.16844492 -0.5
    endloop
endfacet
facet normal 0.93299675 -0.35988471 0
    outer loop
        vertex 4.345772 -0.16844492 -0.5
        vertex 4.345772 -0.16844492 0.5
        vertex 4.33694 -0.19134171 -0.5
    endloop
endfacet
facet normal 0.93299675 -0.35988471 0
    outer loop
        vertex 4.33694 -0.19134171 -0.5
        vertex 4.345772 -0.16844492 0.5
        vertex 4.33694 -0.19134171 0.5
    endloop
endfacet
facet normal 0.91421288 -0.40523443 0
    outer loop
        vertex 4.326995 -0.21377754 -0.5
        vertex 4.33694 -0.19134171 -0.5
        vertex 4.33694 -0.19134171 0.5
    endloop
endfacet
facet normal 0.91421288 -0.40523443 0
    outer loop
        vertex 4.326995 -0.21377754 0.5
        vertex 4.326995 -0.21377754 -0.5
        vertex 4.33694 -0.19134171 0.5
    endloop
endfacet
facet normal 0.89321661 -0.44962662 0
    outer loop
        vertex 4.326995 -0.21377754 0.5
        vertex 4.3159604 -0.23569837 -0.5
        vertex 4.326995 -0.21377754 -0.5
    endloop
endfacet
facet normal 0.89321661 -0.44962662 0
    outer loop
        vertex 4.326995 -0.21377754 0.5
        vertex 4.3159604 -0.23569837 0.5
        vertex 4.3159604 -0.23569837 -0.5
    endloop
endfacet
facet normal 0.87009406 -0.49288586 0
    outer loop
        vertex 4.3159604 -0.23569837 -0.5
        vertex 4.3159604 -0.23569837 0.5
        vertex 4.3038645 -0.25705138 -0.5
    endloop
endfacet
facet normal 0.87009406 -0.49288586 0
    outer loop
        vertex 4.3038645 -0.25705138 -0.5
        vertex 4.3159604 -0.23569837 0.5
        vertex 4.3038645 -0.25705138 0.5
    endloop
endfacet
facet normal 0.84484959 -0.53500378 0
    outer loop
        vertex 4.290735 -0.27778512 -0.5
        vertex 4.3038645 -0.25705138 -0.5
        vertex 4.3038645 -0.25705138 0.5
    endloop
endfacet
facet normal 0.84484959 -0.53500378 0
    outer loop
        vertex 4.290735 -0.27778512 0.5
        vertex 4.290735 -0.27778512 -0.5
        vertex 4.3038645 -0.25705138 0.5
    endloop
endfacet
facet normal 0.81758422 -0.57580906 0
    outer loop
        vertex 4.290735 -0.27778512 0.5
        vertex 4.2766037 -0.29784966 -0.5
        vertex 4.290735 -0.27778512 -0.5
    endloop
endfacet
facet normal 0.81758422 -0.57580906 0
    outer loop
        vertex 4.290735 -0.27778512 0.5
        vertex 4.2766037 -0.29784966 0.5
        vertex 4.2766037 -0.29784966 -0.5
    endloop
endfacet
facet normal 0.78834569 -0.61523259 0
    outer loop
        vertex 4.2766037 -0.29784966 -0.5
        vertex 4.2766037 -0.29784966 0.5
        vertex 4.261505 -0.31719664 -0.5
    endloop
endfacet
facet normal 0.75720567 -0.65317649 0
    outer loop
        vertex 4.261505 -0.31719664 -0.5
        vertex 4.261505 -0.31719664 0.5
        vertex 4.2454753 -0.3357795 -0.5
    endloop
endfacet
facet normal 0.75720567 -0.65317649 0
    outer loop
        vertex 4.2454753 -0.3357795 -0.5
        vertex 4.261505 -0.31719664 0.5
        vertex 4.2454753 -0.3357795 0.5
    endloop
endfacet
facet normal 0.72425085 -0.68953651 0
    outer loop
        vertex 4.2285533 -0.3535534 -0.5
        vertex 4.2454753 -0.3357795 -0.5
        vertex 4.2454753 -0.3357795 0.5
    endloop
endfacet
facet normal 0.72425085 -0.68953651 0
    outer loop
        vertex 4.2285533 -0.3535534 0.5
        vertex 4.2285533 -0.3535534 -0.5
        vertex 4.2454753 -0.3357795 0.5
    endloop
endfacet
facet normal 0.68954581 -0.72424215 0
    outer loop
        vertex 4.2285533 -0.3535534 0.5
        vertex 4.2107797 -0.37047556 -0.5
        vertex 4.2285533 -0.3535534 -0.5
    endloop
endfacet
facet normal 0.68954581 -0.72424215 0
    outer loop
        vertex 4.2285533 -0.3535534 0.5
        vertex 4.2107797 -0.37047556 0.5
        vertex 4.2107797 -0.37047556 -0.5
    endloop
endfacet
facet normal 0.65317297 -0.75720876 0
    outer loop
        vertex 4.2107797 -0.37047556 -0.5
        vertex 4.2107797 -0.37047556 0.5
        vertex 4.192197 -0.38650522 -0.5
    endloop
endfacet
facet normal -0.99969882 -0.02454015 0
    outer loop
        vertex 3.3756022 -0.024533836 -0.5
        vertex 3.3756022 -0.024533836 0.5
        vertex 3.375 -0.0000000000000015212231 0.5
    endloop
endfacet
facet normal 0.61522841 -0.78834885 0
    outer loop
        vertex 4.1728497 -0.4016038 -0.5
        vertex 4.192197 -0.38650522 0.5
        vertex 4.1728497 -0.4016038 0.5
    endloop
endfacet
facet normal 0.53498733 -0.84486008 0
    outer loop
        vertex 4.1527853 -0.4157348 -0.5
        vertex 4.1527853 -0.4157348 0.5
        vertex 4.132051 -0.4288643 -0.5
    endloop
endfacet
facet normal 0.4929029 -0.8700844 0
    outer loop
        vertex 4.132051 -0.4288643 0.5
        vertex 4.110698 -0.44096065 0.5
        vertex 4.110698 -0.44096065 -0.5
    endloop
endfacet
facet normal 0.40524501 -0.91420817 0
    outer loop
        vertex 4.0887775 -0.45199463 0.5
        vertex 4.066342 -0.46193978 -0.5
        vertex 4.0887775 -0.45199463 -0.5
    endloop
endfacet
facet normal 0.35989571 -0.93299258 0
    outer loop
        vertex 4.043445 -0.47077206 0.5
        vertex 4.043445 -0.47077206 -0.5
        vertex 4.066342 -0.46193978 0.5
    endloop
endfacet
facet normal 0.26670939 -0.96377695 0
    outer loop
        vertex 3.99649 -0.48501563 -0.5
        vertex 4.0201426 -0.47847018 -0.5
        vertex 4.0201426 -0.47847018 0.5
    endloop
endfacet
facet normal 0.21910115 -0.97570211 0
    outer loop
        vertex 3.9725451 -0.49039263 -0.5
        vertex 3.99649 -0.48501563 0.5
        vertex 3.9725451 -0.49039263 0.5
    endloop
endfacet
facet normal 0.12241084 -0.9924795 0
    outer loop
        vertex 3.9483654 -0.49458823 -0.5
        vertex 3.9483654 -0.49458823 0.5
        vertex 3.9240084 -0.4975924 -0.5
    endloop
endfacet
facet normal 0.07356371 -0.99729055 0
    outer loop
        vertex 3.9240084 -0.4975924 0.5
        vertex 3.8995337 -0.49939772 0.5
        vertex 3.8995337 -0.49939772 -0.5
    endloop
endfacet
facet normal -0.02454145 -0.99969888 -0
    outer loop
        vertex 3.875 -0.5 0.5
        vertex 3.8504663 -0.49939772 -0.5
        vertex 3.875 -0.5 -0.5
    endloop
endfacet
facet normal -0.07356299 -0.99729055 -0
    outer loop
        vertex 3.8259914 -0.4975924 0.5
        vertex 3.8259914 -0.4975924 -0.5
        vertex 3.8504663 -0.49939772 0.5
    endloop
endfacet
facet normal -0.17096126 -0.98527777 0
    outer loop
        vertex 3.7774549 -0.49039263 -0.5
        vertex 3.8016348 -0.49458823 -0.5
        vertex 3.8016348 -0.49458823 0.5
    endloop
endfacet
facet normal -0.21909907 -0.97570264 0
    outer loop
        vertex 3.7535098 -0.48501563 -0.5
        vertex 3.7774549 -0.49039263 0.5
        vertex 3.7535098 -0.48501563 0.5
    endloop
endfacet
facet normal -0.31368154 -0.94952828 0
    outer loop
        vertex 3.7298577 -0.47847018 -0.5
        vertex 3.7298577 -0.47847018 0.5
        vertex 3.7065551 -0.47077206 -0.5
    endloop
endfacet
facet normal -0.35989571 -0.93299258 0
    outer loop
        vertex 3.7065551 -0.47077206 0.5
        vertex 3.6836584 -0.46193978 0.5
        vertex 3.6836584 -0.46193978 -0.5
    endloop
endfacet
facet normal -0.44960868 -0.89322561 -0
    outer loop
        vertex 3.6612225 -0.45199463 0.5
        vertex 3.6393015 -0.44096065 -0.5
        vertex 3.6612225 -0.45199463 -0.5
    endloop
endfacet
facet normal -0.4928987 -0.87008673 -0
    outer loop
        vertex 3.6179485 -0.4288643 0.5
        vertex 3.6179485 -0.4288643 -0.5
        vertex 3.6393015 -0.44096065 0.5
    endloop
endfacet
facet normal -0.57581085 -0.81758302 0
    outer loop
        vertex 3.5771503 -0.4016038 -0.5
        vertex 3.5972147 -0.4157348 -0.5
        vertex 3.5972147 -0.4157348 0.5
    endloop
endfacet
facet normal -0.61523318 -0.78834522 0
    outer loop
        vertex 3.5578034 -0.38650522 -0.5
        vertex 3.5771503 -0.4016038 0.5
        vertex 3.5578034 -0.38650522 0.5
    endloop
endfacet
facet normal -0.68953615 -0.72425139 0
    outer loop
        vertex 3.5392206 -0.37047556 -0.5
        vertex 3.5392206 -0.37047556 0.5
        vertex 3.5214465 -0.3535534 -0.5
    endloop
endfacet
facet normal -0.72424608 -0.68954164 0
    outer loop
        vertex 3.5214465 -0.3535534 0.5
        vertex 3.5045242 -0.3357795 0.5
        vertex 3.5045242 -0.3357795 -0.5
    endloop
endfacet
facet normal -0.78834569 -0.61523259 -0
    outer loop
        vertex 3.4884946 -0.31719664 0.5
        vertex 3.473396 -0.29784966 -0.5
        vertex 3.4884946 -0.31719664 -0.5
    endloop
endfacet
facet normal -0.81758875 -0.57580251 -0
    outer loop
        vertex 3.4592652 -0.27778512 0.5
        vertex 3.4592652 -0.27778512 -0.5
        vertex 3.473396 -0.29784966 0.5
    endloop
endfacet
facet normal -0.87008983 -0.49289319 0
    outer loop
        vertex 3.4340396 -0.23569837 -0.5
        vertex 3.4461358 -0.25705138 -0.5
        vertex 3.4461358 -0.25705138 0.5
    endloop
endfacet
facet normal -0.89322048 -0.44961885 0
    outer loop
        vertex 3.4230053 -0.21377754 -0.5
        vertex 3.4340396 -0.23569837 0.5
        vertex 3.4230053 -0.21377754 0.5
    endloop
endfacet
facet normal -0.93299347 -0.35989314 0
    outer loop
        vertex 3.4130602 -0.19134171 -0.5
        vertex 3.4130602 -0.19134171 0.5
        vertex 3.404228 -0.16844492 -0.5
    endloop
endfacet
facet normal -0.94952899 -0.31367913 0
    outer loop
        vertex 3.404228 -0.16844492 0.5
        vertex 3.39653 -0.14514235 0.5
        vertex 3.39653 -0.14514235 -0.5
    endloop
endfacet
facet normal -0.97570175 -0.21910287 -0
    outer loop
        vertex 3.3899844 -0.12149008 0.5
        vertex 3.3846073 -0.09754516 -0.5
        vertex 3.3899844 -0.12149008 -0.5
    endloop
endfacet
facet normal -0.98527718 -0.1709649 -0
    outer loop
        vertex 3.3804116 -0.07336524 0.5
        vertex 3.3804116 -0.07336524 -0.5
        vertex 3.3846073 -0.09754516 0.5
    endloop
endfacet
facet normal -0.99969882 -0.02454015 0
    outer loop
        vertex 3.3756022 -0.024533836 -0.5
        vertex 3.375 -0.0000000000000015212231 0.5
        vertex 3.375 -0.0000000000000015212231 -0.5
    endloop
endfacet
facet normal -0.99729002 -0.07357184 -0
    outer loop
        vertex 3.3774078 -0.049008567 0.5
        vertex 3.3756022 -0.024533836 -0.5
        vertex 3.3774078 -0.049008567 -0.5
    endloop
endfacet
facet normal 0.99518973 -0.0979661 0
    outer loop
        vertex 3.855384 0.0039018064 -0.5
        vertex 3.855 0.0000000000000011125324 0.5
        vertex 3.855 0.0000000000000011125324 -0.5
    endloop
endfacet
facet normal 0.99518973 -0.0979661 0
    outer loop
        vertex 3.855384 0.0039018064 0.5
        vertex 3.855 0.0000000000000011125324 0.5
        vertex 3.855384 0.0039018064 -0.5
    endloop
endfacet
facet normal 0.95693362 -0.29030696 0
    outer loop
        vertex 3.855384 0.0039018064 0.5
        vertex 3.855384 0.0039018064 -0.5
        vertex 3.8565223 0.0076536685 -0.5
    endloop
endfacet
facet normal 0.95693362 -0.29030696 0
    outer loop
        vertex 3.855384 0.0039018064 0.5
        vertex 3.8565223 0.0076536685 -0.5
        vertex 3.8565223 0.0076536685 0.5
    endloop
endfacet
facet normal 0.88191885 -0.47140113 0
    outer loop
        vertex 3.8565223 0.0076536685 -0.5
        vertex 3.8583705 0.011111405 -0.5
        vertex 3.8565223 0.0076536685 0.5
    endloop
endfacet
facet normal 0.88191885 -0.47140113 0
    outer loop
        vertex 3.8583705 0.011111405 -0.5
        vertex 3.8583705 0.011111405 0.5
        vertex 3.8565223 0.0076536685 0.5
    endloop
endfacet
facet normal 0.77301961 -0.63438207 0
    outer loop
        vertex 3.8608577 0.014142135 -0.5
        vertex 3.8583705 0.011111405 0.5
        vertex 3.8583705 0.011111405 -0.5
    endloop
endfacet
facet normal 0.77301961 -0.63438207 0
    outer loop
        vertex 3.8608577 0.014142135 0.5
        vertex 3.8583705 0.011111405 0.5
        vertex 3.8608577 0.014142135 -0.5
    endloop
endfacet
facet normal 0.63435781 -0.77303958 0
    outer loop
        vertex 3.8608577 0.014142135 0.5
        vertex 3.8608577 0.014142135 -0.5
        vertex 3.8638887 0.016629392 -0.5
    endloop
endfacet
facet normal 0.63435781 -0.77303958 0
    outer loop
        vertex 3.8608577 0.014142135 0.5
        vertex 3.8638887 0.016629392 -0.5
        vertex 3.8638887 0.016629392 0.5
    endloop
endfacet
facet normal 0.47139162 -0.88192409 0
    outer loop
        vertex 3.8638887 0.016629392 -0.5
        vertex 3.8673465 0.01847759 -0.5
        vertex 3.8638887 0.016629392 0.5
    endloop
endfacet
facet normal 0.47139162 -0.88192409 0
    outer loop
        vertex 3.8673465 0.01847759 -0.5
        vertex 3.8673465 0.01847759 0.5
        vertex 3.8638887 0.016629392 0.5
    endloop
endfacet
facet normal 0.29030925 -0.95693284 0
    outer loop
        vertex 3.871098 0.019615706 -0.5
        vertex 3.8673465 0.01847759 0.5
        vertex 3.8673465 0.01847759 -0.5
    endloop
endfacet
facet normal 0.29030925 -0.95693284 0
    outer loop
        vertex 3.871098 0.019615706 0.5
        vertex 3.8673465 0.01847759 0.5
        vertex 3.871098 0.019615706 -0.5
    endloop
endfacet
facet normal 0.09801359 -0.99518502 0
    outer loop
        vertex 3.871098 0.019615706 0.5
        vertex 3.871098 0.019615706 -0.5
        vertex 3.875 0.020000001 -0.5
    endloop
endfacet
facet normal -0.99518973 -0.0979661 0
    outer loop
        vertex 3.8949997 -0.0000000000000000048985876 -0.5
        vertex 3.8949997 -0.0000000000000000048985876 0.5
        vertex 3.8946157 0.0039018064 0.5
    endloop
endfacet
facet normal -0.99518973 -0.0979661 -0
    outer loop
        vertex 3.8946157 0.0039018064 0.5
        vertex 3.8946157 0.0039018064 -0.5
        vertex 3.8949997 -0.0000000000000000048985876 -0.5
    endloop
endfacet
facet normal -0.95693362 -0.29030696 0
    outer loop
        vertex 3.8934774 0.0076536685 0.5
        vertex 3.8946157 0.0039018064 -0.5
        vertex 3.8946157 0.0039018064 0.5
    endloop
endfacet
facet normal -0.95693362 -0.29030696 0
    outer loop
        vertex 3.8934774 0.0076536685 -0.5
        vertex 3.8946157 0.0039018064 -0.5
        vertex 3.8934774 0.0076536685 0.5
    endloop
endfacet
facet normal -0.88194418 -0.47135386 0
    outer loop
        vertex 3.8934774 0.0076536685 -0.5
        vertex 3.8934774 0.0076536685 0.5
        vertex 3.8916295 0.011111405 0.5
    endloop
endfacet
facet normal -0.88194418 -0.47135386 0
    outer loop
        vertex 3.8934774 0.0076536685 -0.5
        vertex 3.8916295 0.011111405 0.5
        vertex 3.8916295 0.011111405 -0.5
    endloop
endfacet
facet normal -0.77298987 -0.63441843 -0
    outer loop
        vertex 3.8916295 0.011111405 0.5
        vertex 3.889142 0.014142135 0.5
        vertex 3.8916295 0.011111405 -0.5
    endloop
endfacet
facet normal -0.77298987 -0.63441843 -0
    outer loop
        vertex 3.889142 0.014142135 0.5
        vertex 3.889142 0.014142135 -0.5
        vertex 3.8916295 0.011111405 -0.5
    endloop
endfacet
facet normal -0.63438761 -0.77301514 0
    outer loop
        vertex 3.8861113 0.016629392 0.5
        vertex 3.889142 0.014142135 -0.5
        vertex 3.889142 0.014142135 0.5
    endloop
endfacet
facet normal -0.63438761 -0.77301514 0
    outer loop
        vertex 3.8861113 0.016629392 -0.5
        vertex 3.889142 0.014142135 -0.5
        vertex 3.8861113 0.016629392 0.5
    endloop
endfacet
facet normal 0.09801359 -0.99518502 0
    outer loop
        vertex 3.875 0.020000001 -0.5
        vertex 3.875 0.020000001 0.5
        vertex 3.871098 0.019615706 0.5
    endloop
endfacet
facet normal -0.47141686 -0.8819105 -0
    outer loop
        vertex 3.8861113 0.016629392 0.5
        vertex 3.8826537 0.01847759 0.5
        vertex 3.8861113 0.016629392 -0.5
    endloop
endfacet
facet normal -0.47141686 -0.8819105 -0
    outer loop
        vertex 3.8826537 0.01847759 0.5
        vertex 3.8826537 0.01847759 -0.5
        vertex 3.8861113 0.016629392 -0.5
    endloop
endfacet
facet normal -0.29029235 -0.95693797 0
    outer loop
        vertex 3.878902 0.019615706 0.5
        vertex 3.8826537 0.01847759 -0.5
        vertex 3.8826537 0.01847759 0.5
    endloop
endfacet
facet normal -0.29029235 -0.95693797 0
    outer loop
        vertex 3.878902 0.019615706 -0.5
        vertex 3.8826537 0.01847759 -0.5
        vertex 3.878902 0.019615706 0.5
    endloop
endfacet
facet normal -0.09801359 -0.99518502 0
    outer loop
        vertex 3.878902 0.019615706 -0.5
        vertex 3.878902 0.019615706 0.5
        vertex 3.875 0.020000001 0.5
    endloop
endfacet
facet normal -0.09801359 -0.99518502 0
    outer loop
        vertex 3.878902 0.019615706 -0.5
        vertex 3.875 0.020000001 0.5
        vertex 3.875 0.020000001 -0.5
    endloop
endfacet
facet normal 0 0 -1
    outer loop
        vertex 3.8946157 0.0039018064 -0.5
        vertex 4.3600154 0.12149008 -0.5
        vertex 4.3653927 0.09754516 -0.5
    endloop
endfacet
facet normal 0 0 -0.99999994
    outer loop
        vertex 3.8946157 0.0039018064 -0.5
        vertex 4.3725924 0.049008567 -0.5
        vertex 3.8949997 -0.0000000000000000048985876 -0.5
    endloop
endfacet
facet normal 0 0 -1
    outer loop
        vertex 3.8934774 0.0076536685 -0.5
        vertex 4.345772 0.16844492 -0.5
        vertex 4.3534703 0.14514235 -0.5
    endloop
endfacet
facet normal 0 -0 -1
    outer loop
        vertex 4.3159604 0.23569837 -0.5
        vertex 4.326995 0.21377754 -0.5
        vertex 3.8934774 0.0076536685 -0.5
    endloop
endfacet
facet normal 0 -0 -1
    outer loop
        vertex 4.290735 0.27778512 -0.5
        vertex 4.3038645 0.25705138 -0.5
        vertex 3.8916295 0.011111405 -0.5
    endloop
endfacet
facet normal 0 0 -1
    outer loop
        vertex 4.261505 0.31719664 -0.5
        vertex 3.8916295 0.011111405 -0.5
        vertex 3.889142 0.014142135 -0.5
    endloop
endfacet
facet normal -0 0 -1
    outer loop
        vertex 4.2285533 0.3535534 -0.5
        vertex 3.889142 0.014142135 -0.5
        vertex 4.2107797 0.37047556 -0.5
    endloop
endfacet
facet normal -0 0 -1
    outer loop
        vertex 4.192197 0.38650522 -0.5
        vertex 3.8861113 0.016629392 -0.5
        vertex 4.1728497 0.4016038 -0.5
    endloop
endfacet
facet normal 0 -0 -0.99999994
    outer loop
        vertex 4.110698 0.44096065 -0.5
        vertex 4.132051 0.4288643 -0.5
        vertex 3.8861113 0.016629392 -0.5
    endloop
endfacet
facet normal 0 -0 -1
    outer loop
        vertex 4.066342 0.46193978 -0.5
        vertex 4.0887775 0.45199463 -0.5
        vertex 3.8826537 0.01847759 -0.5
    endloop
endfacet
facet normal 0 0 -1
    outer loop
        vertex 4.0201426 0.47847018 -0.5
        vertex 3.8826537 0.01847759 -0.5
        vertex 3.878902 0.019615706 -0.5
    endloop
endfacet
facet normal -0 0 -1
    outer loop
        vertex 3.9725451 0.49039263 -0.5
        vertex 3.878902 0.019615706 -0.5
        vertex 3.9483654 0.49458823 -0.5
    endloop
endfacet
facet normal -0 0 -1
    outer loop
        vertex 3.9240084 0.4975924 -0.5
        vertex 3.875 0.020000001 -0.5
        vertex 3.8995337 0.49939772 -0.5
    endloop
endfacet
facet normal 0 0 -1
    outer loop
        vertex 3.875 0.020000001 -0.5
        vertex 3.8259914 0.4975924 -0.5
        vertex 3.8504663 0.49939772 -0.5
    endloop
endfacet
facet normal 0 0 -1
    outer loop
        vertex 3.871098 0.019615706 -0.5
        vertex 3.7774549 0.49039263 -0.5
        vertex 3.8016348 0.49458823 -0.5
    endloop
endfacet
facet normal -0 0 -1
    outer loop
        vertex 3.8673465 0.01847759 -0.5
        vertex 3.8638887 0.016629392 -0.5
        vertex 3.6393015 0.44096065 -0.5
    endloop
endfacet
facet normal 0 -0 -1
    outer loop
        vertex 3.5045242 0.3357795 -0.5
        vertex 3.8608577 0.014142135 -0.5
        vertex 3.4884946 0.31719664 -0.5
    endloop
endfacet
facet normal 0 0 -1
    outer loop
        vertex 3.404228 0.16844492 -0.5
        vertex 3.4130602 0.19134171 -0.5
        vertex 3.8565223 0.0076536685 -0.5
    endloop
endfacet
facet normal -0 0 -1
    outer loop
        vertex 3.855 0.0000000000000011125324 -0.5
        vertex 3.375 -0.0000000000000015212231 -0.5
        vertex 3.3756022 0.024533836 -0.5
    endloop
endfacet
facet normal 0 0 -1
    outer loop
        vertex 3.8565223 -0.0076536685 -0.5
        vertex 3.4130602 -0.19134171 -0.5
        vertex 3.404228 -0.16844492 -0.5
    endloop
endfacet
facet normal 0 0 -1
    outer loop
        vertex 3.8608577 -0.014142135 -0.5
        vertex 3.5214465 -0.3535534 -0.5
        vertex 3.5045242 -0.3357795 -0.5
    endloop
endfacet
facet normal 0 0 -1
    outer loop
        vertex 3.8673465 -0.01847759 -0.5
        vertex 3.6836584 -0.46193978 -0.5
        vertex 3.6612225 -0.45199463 -0.5
    endloop
endfacet
facet normal 0 -0 -1
    outer loop
        vertex 3.875 -0.020000001 -0.5
        vertex 3.875 -0.5 -0.5
        vertex 3.8504663 -0.49939772 -0.5
    endloop
endfacet
facet normal 0 0 -0.99999994
    outer loop
        vertex 3.8673465 0.01847759 -0.5
        vertex 3.7298577 0.47847018 -0.5
        vertex 3.871098 0.019615706 -0.5
    endloop
endfacet
facet normal 0 0 -1
    outer loop
        vertex 3.3846073 -0.09754516 -0.5
        vertex 3.3804116 -0.07336524 -0.5
        vertex 3.855 0.0000000000000011125324 -0.5
    endloop
endfacet
facet normal -0 0 -1
    outer loop
        vertex 3.8565223 -0.0076536685 -0.5
        vertex 3.3846073 -0.09754516 -0.5
        vertex 3.855 0.0000000000000011125324 -0.5
    endloop
endfacet
facet normal 0 0 -0.99999994
    outer loop
        vertex 3.8949997 -0.0000000000000000048985876 -0.5
        vertex 4.375 -0 -0.5
        vertex 4.3743978 -0.024533836 -0.5
    endloop
endfacet
facet normal 0 0 -1
    outer loop
        vertex 3.8949997 -0.0000000000000000048985876 -0.5
        vertex 4.3743978 -0.024533836 -0.5
        vertex 4.3725924 -0.049008567 -0.5
    endloop
endfacet
facet normal 0 0 -1
    outer loop
        vertex 3.8949997 -0.0000000000000000048985876 -0.5
        vertex 4.3725924 -0.049008567 -0.5
        vertex 4.3695884 -0.07336524 -0.5
    endloop
endfacet
facet normal 0 0 -0.99999994
    outer loop
        vertex 3.8949997 -0.0000000000000000048985876 -0.5
        vertex 4.3695884 -0.07336524 -0.5
        vertex 4.3653927 -0.09754516 -0.5
    endloop
endfacet
facet normal 0 -0 -0.99999994
    outer loop
        vertex 3.8949997 -0.0000000000000000048985876 -0.5
        vertex 4.3653927 -0.09754516 -0.5
        vertex 3.8934774 -0.0076536685 -0.5
    endloop
endfacet
facet normal -0 0 -1
    outer loop
        vertex 4.3653927 -0.09754516 -0.5
        vertex 4.3600154 -0.12149008 -0.5
        vertex 3.8934774 -0.0076536685 -0.5
    endloop
endfacet
facet normal -0 0 -1
    outer loop
        vertex 4.3600154 -0.12149008 -0.5
        vertex 4.3534703 -0.14514235 -0.5
        vertex 3.8934774 -0.0076536685 -0.5
    endloop
endfacet
facet normal -0 0 -1
    outer loop
        vertex 4.3534703 -0.14514235 -0.5
        vertex 4.345772 -0.16844492 -0.5
        vertex 3.8934774 -0.0076536685 -0.5
    endloop
endfacet
facet normal -0 0 -1
    outer loop
        vertex 4.345772 -0.16844492 -0.5
        vertex 4.33694 -0.19134171 -0.5
        vertex 3.8934774 -0.0076536685 -0.5
    endloop
endfacet
facet normal -0 0 -1
    outer loop
        vertex 4.33694 -0.19134171 -0.5
        vertex 4.326995 -0.21377754 -0.5
        vertex 3.8934774 -0.0076536685 -0.5
    endloop
endfacet
facet normal -0 0 -1
    outer loop
        vertex 4.326995 -0.21377754 -0.5
        vertex 4.3159604 -0.23569837 -0.5
        vertex 3.8934774 -0.0076536685 -0.5
    endloop
endfacet
facet normal -0 0 -0.99999994
    outer loop
        vertex 4.3159604 -0.23569837 -0.5
        vertex 4.3038645 -0.25705138 -0.5
        vertex 3.8934774 -0.0076536685 -0.5
    endloop
endfacet
facet normal -0 0 -1
    outer loop
        vertex 4.3038645 -0.25705138 -0.5
        vertex 4.290735 -0.27778512 -0.5
        vertex 3.8934774 -0.0076536685 -0.5
    endloop
endfacet
facet normal 0 0 -0.99999994
    outer loop
        vertex 4.290735 -0.27778512 -0.5
        vertex 3.889142 -0.014142135 -0.5
        vertex 3.8934774 -0.0076536685 -0.5
    endloop
endfacet
facet normal 0 0 -1
    outer loop
        vertex 4.2766037 -0.29784966 -0.5
        vertex 3.889142 -0.014142135 -0.5
        vertex 4.290735 -0.27778512 -0.5
    endloop
endfacet
facet normal 0 0 -1
    outer loop
        vertex 4.261505 -0.31719664 -0.5
        vertex 3.889142 -0.014142135 -0.5
        vertex 4.2766037 -0.29784966 -0.5
    endloop
endfacet
facet normal 0 0 -1
    outer loop
        vertex 4.2454753 -0.3357795 -0.5
        vertex 3.889142 -0.014142135 -0.5
        vertex 4.261505 -0.31719664 -0.5
    endloop
endfacet
facet normal 0 0 -1
    outer loop
        vertex 4.2285533 -0.3535534 -0.5
        vertex 3.889142 -0.014142135 -0.5
        vertex 4.2454753 -0.3357795 -0.5
    endloop
endfacet
facet normal 0 0 -1
    outer loop
        vertex 4.2107797 -0.37047556 -0.5
        vertex 3.889142 -0.014142135 -0.5
        vertex 4.2285533 -0.3535534 -0.5
    endloop
endfacet
facet normal 0 0 -0.99999994
    outer loop
        vertex 4.192197 -0.38650522 -0.5
        vertex 3.889142 -0.014142135 -0.5
        vertex 4.2107797 -0.37047556 -0.5
    endloop
endfacet
facet normal 0 0 -1
    outer loop
        vertex 4.1728497 -0.4016038 -0.5
        vertex 3.889142 -0.014142135 -0.5
        vertex 4.192197 -0.38650522 -0.5
    endloop
endfacet
facet normal 0 0 -1
    outer loop
        vertex 4.1527853 -0.4157348 -0.5
        vertex 3.889142 -0.014142135 -0.5
        vertex 4.1728497 -0.4016038 -0.5
    endloop
endfacet
facet normal 0 0 -1
    outer loop
        vertex 3.8826537 -0.01847759 -0.5
        vertex 3.889142 -0.014142135 -0.5
        vertex 4.1527853 -0.4157348 -0.5
    endloop
endfacet
facet normal 0 0 -1
    outer loop
        vertex 4.110698 -0.44096065 -0.5
        vertex 3.8826537 -0.01847759 -0.5
        vertex 4.132051 -0.4288643 -0.5
    endloop
endfacet
facet normal 0 0 -0.99999994
    outer loop
        vertex 3.8826537 -0.01847759 -0.5
        vertex 4.1527853 -0.4157348 -0.5
        vertex 4.132051 -0.4288643 -0.5
    endloop
endfacet
facet normal 0 0 -1
    outer loop
        vertex 4.0887775 -0.45199463 -0.5
        vertex 3.8826537 -0.01847759 -0.5
        vertex 4.110698 -0.44096065 -0.5
    endloop
endfacet
facet normal 0 0 -1
    outer loop
        vertex 4.066342 -0.46193978 -0.5
        vertex 3.8826537 -0.01847759 -0.5
        vertex 4.0887775 -0.45199463 -0.5
    endloop
endfacet
facet normal 0 0 -1
    outer loop
        vertex 4.043445 -0.47077206 -0.5
        vertex 3.8826537 -0.01847759 -0.5
        vertex 4.066342 -0.46193978 -0.5
    endloop
endfacet
facet normal 0 0 -1
    outer loop
        vertex 4.0201426 -0.47847018 -0.5
        vertex 3.8826537 -0.01847759 -0.5
        vertex 4.043445 -0.47077206 -0.5
    endloop
endfacet
facet normal 0 0 -0.99999994
    outer loop
        vertex 3.99649 -0.48501563 -0.5
        vertex 3.8826537 -0.01847759 -0.5
        vertex 4.0201426 -0.47847018 -0.5
    endloop
endfacet
facet normal 0 0 -1
    outer loop
        vertex 3.9725451 -0.49039263 -0.5
        vertex 3.8826537 -0.01847759 -0.5
        vertex 3.99649 -0.48501563 -0.5
    endloop
endfacet
facet normal 0 0 -1
    outer loop
        vertex 3.875 -0.020000001 -0.5
        vertex 3.8826537 -0.01847759 -0.5
        vertex 3.9725451 -0.49039263 -0.5
    endloop
endfacet
facet normal 0 0 -1
    outer loop
        vertex 3.875 -0.020000001 -0.5
        vertex 3.9725451 -0.49039263 -0.5
        vertex 3.9483654 -0.49458823 -0.5
    endloop
endfacet
facet normal 0 0 -1
    outer loop
        vertex 3.875 -0.020000001 -0.5
        vertex 3.9483654 -0.49458823 -0.5
        vertex 3.9240084 -0.4975924 -0.5
    endloop
endfacet
facet normal 0 0 -1
    outer loop
        vertex 3.8995337 -0.49939772 -0.5
        vertex 3.875 -0.020000001 -0.5
        vertex 3.9240084 -0.4975924 -0.5
    endloop
endfacet
facet normal 0 0 -1
    outer loop
        vertex 3.875 -0.5 -0.5
        vertex 3.875 -0.020000001 -0.5
        vertex 3.8995337 -0.49939772 -0.5
    endloop
endfacet
facet normal 0 0 -0.99999994
    outer loop
        vertex 3.8504663 -0.49939772 -0.5
        vertex 3.8259914 -0.4975924 -0.5
        vertex 3.875 -0.020000001 -0.5
    endloop
endfacet
facet normal 0 0 -1
    outer loop
        vertex 3.8259914 -0.4975924 -0.5
        vertex 3.8016348 -0.49458823 -0.5
        vertex 3.875 -0.020000001 -0.5
    endloop
endfacet
facet normal 0 0 -0.99999994
    outer loop
        vertex 3.8016348 -0.49458823 -0.5
        vertex 3.7774549 -0.49039263 -0.5
        vertex 3.875 -0.020000001 -0.5
    endloop
endfacet
facet normal 0 0 -1
    outer loop
        vertex 3.7774549 -0.49039263 -0.5
        vertex 3.8673465 -0.01847759 -0.5
        vertex 3.875 -0.020000001 -0.5
    endloop
endfacet
facet normal 0 0 -1
    outer loop
        vertex 3.7535098 -0.48501563 -0.5
        vertex 3.8673465 -0.01847759 -0.5
        vertex 3.7774549 -0.49039263 -0.5
    endloop
endfacet
facet normal 0 0 -1
    outer loop
        vertex 3.7298577 -0.47847018 -0.5
        vertex 3.8673465 -0.01847759 -0.5
        vertex 3.7535098 -0.48501563 -0.5
    endloop
endfacet
facet normal 0 0 -1
    outer loop
        vertex 3.7065551 -0.47077206 -0.5
        vertex 3.8673465 -0.01847759 -0.5
        vertex 3.7298577 -0.47847018 -0.5
    endloop
endfacet
facet normal 0 0 -1
    outer loop
        vertex 3.6836584 -0.46193978 -0.5
        vertex 3.8673465 -0.01847759 -0.5
        vertex 3.7065551 -0.47077206 -0.5
    endloop
endfacet
facet normal 0 0 -0.99999994
    outer loop
        vertex 3.6612225 -0.45199463 -0.5
        vertex 3.6393015 -0.44096065 -0.5
        vertex 3.8673465 -0.01847759 -0.5
    endloop
endfacet
facet normal 0 0 -0.99999994
    outer loop
        vertex 3.6393015 -0.44096065 -0.5
        vertex 3.6179485 -0.4288643 -0.5
        vertex 3.8673465 -0.01847759 -0.5
    endloop
endfacet
facet normal 0 0 -1
    outer loop
        vertex 3.6179485 -0.4288643 -0.5
        vertex 3.5972147 -0.4157348 -0.5
        vertex 3.8673465 -0.01847759 -0.5
    endloop
endfacet
facet normal 0 0 -1
    outer loop
        vertex 3.5972147 -0.4157348 -0.5
        vertex 3.8608577 -0.014142135 -0.5
        vertex 3.8673465 -0.01847759 -0.5
    endloop
endfacet
facet normal 0 0 -1
    outer loop
        vertex 3.5771503 -0.4016038 -0.5
        vertex 3.8608577 -0.014142135 -0.5
        vertex 3.5972147 -0.4157348 -0.5
    endloop
endfacet
facet normal 0 0 -0.99999994
    outer loop
        vertex 3.5578034 -0.38650522 -0.5
        vertex 3.8608577 -0.014142135 -0.5
        vertex 3.5771503 -0.4016038 -0.5
    endloop
endfacet
facet normal 0 0 -1
    outer loop
        vertex 3.5392206 -0.37047556 -0.5
        vertex 3.8608577 -0.014142135 -0.5
        vertex 3.5578034 -0.38650522 -0.5
    endloop
endfacet
facet normal 0 0 -1
    outer loop
        vertex 3.5214465 -0.3535534 -0.5
        vertex 3.8608577 -0.014142135 -0.5
        vertex 3.5392206 -0.37047556 -0.5
    endloop
endfacet
facet normal 0 0 -1
    outer loop
        vertex 3.8608577 -0.014142135 -0.5
        vertex 3.4884946 -0.31719664 -0.5
        vertex 3.473396 -0.29784966 -0.5
    endloop
endfacet
facet normal 0 0 -1
    outer loop
        vertex 3.5045242 -0.3357795 -0.5
        vertex 3.4884946 -0.31719664 -0.5
        vertex 3.8608577 -0.014142135 -0.5
    endloop
endfacet
facet normal 0 0 -1
    outer loop
        vertex 3.8608577 -0.014142135 -0.5
        vertex 3.473396 -0.29784966 -0.5
        vertex 3.4592652 -0.27778512 -0.5
    endloop
endfacet
facet normal -0 0 -1
    outer loop
        vertex 3.8608577 -0.014142135 -0.5
        vertex 3.4592652 -0.27778512 -0.5
        vertex 3.8565223 -0.0076536685 -0.5
    endloop
endfacet
facet normal 0 0 -1
    outer loop
        vertex 3.4592652 -0.27778512 -0.5
        vertex 3.4461358 -0.25705138 -0.5
        vertex 3.8565223 -0.0076536685 -0.5
    endloop
endfacet
facet normal 0 0 -1
    outer loop
        vertex 3.4461358 -0.25705138 -0.5
        vertex 3.4340396 -0.23569837 -0.5
        vertex 3.8565223 -0.0076536685 -0.5
    endloop
endfacet
facet normal 0 0 -1
    outer loop
        vertex 3.4340396 -0.23569837 -0.5
        vertex 3.4230053 -0.21377754 -0.5
        vertex 3.8565223 -0.0076536685 -0.5
    endloop
endfacet
facet normal 0 0 -1
    outer loop
        vertex 3.4230053 -0.21377754 -0.5
        vertex 3.4130602 -0.19134171 -0.5
        vertex 3.8565223 -0.0076536685 -0.5
    endloop
endfacet
facet normal 0 0 -1
    outer loop
        vertex 3.8565223 -0.0076536685 -0.5
        vertex 3.404228 -0.16844492 -0.5
        vertex 3.39653 -0.14514235 -0.5
    endloop
endfacet
facet normal 0 0 -1
    outer loop
        vertex 3.3846073 -0.09754516 -0.5
        vertex 3.8565223 -0.0076536685 -0.5
        vertex 3.3899844 -0.12149008 -0.5
    endloop
endfacet
facet normal 0 0 -0.99999994
    outer loop
        vertex 3.8949997 -0.0000000000000000048985876 -0.5
        vertex 4.3743978 0.024533836 -0.5
        vertex 4.375 -0 -0.5
    endloop
endfacet
facet normal 0 0 -1
    outer loop
        vertex 3.3774078 -0.049008567 -0.5
        vertex 3.855 0.0000000000000011125324 -0.5
        vertex 3.3804116 -0.07336524 -0.5
    endloop
endfacet
facet normal 0 0 -1
    outer loop
        vertex 3.3756022 -0.024533836 -0.5
        vertex 3.855 0.0000000000000011125324 -0.5
        vertex 3.3774078 -0.049008567 -0.5
    endloop
endfacet
facet normal 0 0 -1
    outer loop
        vertex 3.3756022 -0.024533836 -0.5
        vertex 3.375 -0.0000000000000015212231 -0.5
        vertex 3.855 0.0000000000000011125324 -0.5
    endloop
endfacet
facet normal 0 0 -1
    outer loop
        vertex 3.855 0.0000000000000011125324 -0.5
        vertex 3.3756022 0.024533836 -0.5
        vertex 3.3774078 0.049008567 -0.5
    endloop
endfacet
facet normal 0 0 -1
    outer loop
        vertex 3.855 0.0000000000000011125324 -0.5
        vertex 3.3774078 0.049008567 -0.5
        vertex 3.855384 0.0039018064 -0.5
    endloop
endfacet
facet normal 0 0 -1
    outer loop
        vertex 3.3774078 0.049008567 -0.5
        vertex 3.3804116 0.07336524 -0.5
        vertex 3.855384 0.0039018064 -0.5
    endloop
endfacet
facet normal 0 0 -1
    outer loop
        vertex 3.3804116 0.07336524 -0.5
        vertex 3.3846073 0.09754516 -0.5
        vertex 3.855384 0.0039018064 -0.5
    endloop
endfacet
facet normal 0 0 -1
    outer loop
        vertex 3.3846073 0.09754516 -0.5
        vertex 3.3899844 0.12149008 -0.5
        vertex 3.855384 0.0039018064 -0.5
    endloop
endfacet
facet normal 0 0 -1
    outer loop
        vertex 3.3899844 0.12149008 -0.5
        vertex 3.39653 0.14514235 -0.5
        vertex 3.855384 0.0039018064 -0.5
    endloop
endfacet
facet normal 0 0 -0.99999994
    outer loop
        vertex 3.39653 0.14514235 -0.5
        vertex 3.8565223 0.0076536685 -0.5
        vertex 3.855384 0.0039018064 -0.5
    endloop
endfacet
facet normal 0 -0 -1
    outer loop
        vertex 3.404228 0.16844492 -0.5
        vertex 3.8565223 0.0076536685 -0.5
        vertex 3.39653 0.14514235 -0.5
    endloop
endfacet
facet normal 0 0 -1
    outer loop
        vertex 3.4130602 0.19134171 -0.5
        vertex 3.4230053 0.21377754 -0.5
        vertex 3.8565223 0.0076536685 -0.5
    endloop
endfacet
facet normal 0 0 -1
    outer loop
        vertex 3.4230053 0.21377754 -0.5
        vertex 3.4340396 0.23569837 -0.5
        vertex 3.8565223 0.0076536685 -0.5
    endloop
endfacet
facet normal 0 0 -1
    outer loop
        vertex 3.4340396 0.23569837 -0.5
        vertex 3.8583705 0.011111405 -0.5
        vertex 3.8565223 0.0076536685 -0.5
    endloop
endfacet
facet normal 0 -0 -0.99999994
    outer loop
        vertex 3.4461358 0.25705138 -0.5
        vertex 3.8583705 0.011111405 -0.5
        vertex 3.4340396 0.23569837 -0.5
    endloop
endfacet
facet normal 0 -0 -0.99999994
    outer loop
        vertex 3.4592652 0.27778512 -0.5
        vertex 3.8583705 0.011111405 -0.5
        vertex 3.4461358 0.25705138 -0.5
    endloop
endfacet
facet normal 0 -0 -1
    outer loop
        vertex 3.473396 0.29784966 -0.5
        vertex 3.8583705 0.011111405 -0.5
        vertex 3.4592652 0.27778512 -0.5
    endloop
endfacet
facet normal 0 -0 -1
    outer loop
        vertex 3.4884946 0.31719664 -0.5
        vertex 3.8583705 0.011111405 -0.5
        vertex 3.473396 0.29784966 -0.5
    endloop
endfacet
facet normal -0 0 -1
    outer loop
        vertex 3.8608577 0.014142135 -0.5
        vertex 3.8583705 0.011111405 -0.5
        vertex 3.4884946 0.31719664 -0.5
    endloop
endfacet
facet normal 0 -0 -1
    outer loop
        vertex 3.5214465 0.3535534 -0.5
        vertex 3.8608577 0.014142135 -0.5
        vertex 3.5045242 0.3357795 -0.5
    endloop
endfacet
facet normal 0 0 -1
    outer loop
        vertex 3.5392206 0.37047556 -0.5
        vertex 3.5578034 0.38650522 -0.5
        vertex 3.8608577 0.014142135 -0.5
    endloop
endfacet
facet normal 0 -0 -1
    outer loop
        vertex 3.5392206 0.37047556 -0.5
        vertex 3.8608577 0.014142135 -0.5
        vertex 3.5214465 0.3535534 -0.5
    endloop
endfacet
facet normal 0 0 -1
    outer loop
        vertex 3.5578034 0.38650522 -0.5
        vertex 3.8638887 0.016629392 -0.5
        vertex 3.8608577 0.014142135 -0.5
    endloop
endfacet
facet normal 0 -0 -0.99999994
    outer loop
        vertex 3.5771503 0.4016038 -0.5
        vertex 3.8638887 0.016629392 -0.5
        vertex 3.5578034 0.38650522 -0.5
    endloop
endfacet
facet normal 0 -0 -1
    outer loop
        vertex 3.5972147 0.4157348 -0.5
        vertex 3.8638887 0.016629392 -0.5
        vertex 3.5771503 0.4016038 -0.5
    endloop
endfacet
facet normal 0 -0 -1
    outer loop
        vertex 3.6179485 0.4288643 -0.5
        vertex 3.8638887 0.016629392 -0.5
        vertex 3.5972147 0.4157348 -0.5
    endloop
endfacet
facet normal 0 -0 -1
    outer loop
        vertex 3.6393015 0.44096065 -0.5
        vertex 3.8638887 0.016629392 -0.5
        vertex 3.6179485 0.4288643 -0.5
    endloop
endfacet
facet normal 0 -0 -0.99999994
    outer loop
        vertex 3.6612225 0.45199463 -0.5
        vertex 3.8673465 0.01847759 -0.5
        vertex 3.6393015 0.44096065 -0.5
    endloop
endfacet
facet normal 0 -0 -1
    outer loop
        vertex 3.6836584 0.46193978 -0.5
        vertex 3.8673465 0.01847759 -0.5
        vertex 3.6612225 0.45199463 -0.5
    endloop
endfacet
facet normal 0 -0 -1
    outer loop
        vertex 3.7065551 0.47077206 -0.5
        vertex 3.8673465 0.01847759 -0.5
        vertex 3.6836584 0.46193978 -0.5
    endloop
endfacet
facet normal 0 -0 -1
    outer loop
        vertex 3.7298577 0.47847018 -0.5
        vertex 3.8673465 0.01847759 -0.5
        vertex 3.7065551 0.47077206 -0.5
    endloop
endfacet
facet normal 0 -0 -0.99999994
    outer loop
        vertex 3.7535098 0.48501563 -0.5
        vertex 3.871098 0.019615706 -0.5
        vertex 3.7298577 0.47847018 -0.5
    endloop
endfacet
facet normal 0 -0 -1
    outer loop
        vertex 3.7774549 0.49039263 -0.5
        vertex 3.871098 0.019615706 -0.5
        vertex 3.7535098 0.48501563 -0.5
    endloop
endfacet
facet normal 0 0 -1
    outer loop
        vertex 3.871098 0.019615706 -0.5
        vertex 3.8016348 0.49458823 -0.5
        vertex 3.8259914 0.4975924 -0.5
    endloop
endfacet
facet normal 0 0 -1
    outer loop
        vertex 3.871098 0.019615706 -0.5
        vertex 3.8259914 0.4975924 -0.5
        vertex 3.875 0.020000001 -0.5
    endloop
endfacet
facet normal 0 0 -1
    outer loop
        vertex 3.875 0.020000001 -0.5
        vertex 3.8504663 0.49939772 -0.5
        vertex 3.875 0.5 -0.5
    endloop
endfacet
facet normal 0 0 -1
    outer loop
        vertex 3.875 0.020000001 -0.5
        vertex 3.875 0.5 -0.5
        vertex 3.8995337 0.49939772 -0.5
    endloop
endfacet
facet normal 0 0 -1
    outer loop
        vertex 3.878902 0.019615706 -0.5
        vertex 3.875 0.020000001 -0.5
        vertex 3.9240084 0.4975924 -0.5
    endloop
endfacet
facet normal 0 0 -1
    outer loop
        vertex 3.878902 0.019615706 -0.5
        vertex 3.9240084 0.4975924 -0.5
        vertex 3.9483654 0.49458823 -0.5
    endloop
endfacet
facet normal -0 0 -1
    outer loop
        vertex 3.99649 0.48501563 -0.5
        vertex 3.878902 0.019615706 -0.5
        vertex 3.9725451 0.49039263 -0.5
    endloop
endfacet
facet normal -0 0 -1
    outer loop
        vertex 4.0201426 0.47847018 -0.5
        vertex 3.878902 0.019615706 -0.5
        vertex 3.99649 0.48501563 -0.5
    endloop
endfacet
facet normal -0 0 -1
    outer loop
        vertex 4.043445 0.47077206 -0.5
        vertex 3.8826537 0.01847759 -0.5
        vertex 4.0201426 0.47847018 -0.5
    endloop
endfacet
facet normal -0 0 -1
    outer loop
        vertex 4.066342 0.46193978 -0.5
        vertex 3.8826537 0.01847759 -0.5
        vertex 4.043445 0.47077206 -0.5
    endloop
endfacet
facet normal 0 -0 -1
    outer loop
        vertex 4.0887775 0.45199463 -0.5
        vertex 4.110698 0.44096065 -0.5
        vertex 3.8826537 0.01847759 -0.5
    endloop
endfacet
facet normal 0 0 -0.99999994
    outer loop
        vertex 4.110698 0.44096065 -0.5
        vertex 3.8861113 0.016629392 -0.5
        vertex 3.8826537 0.01847759 -0.5
    endloop
endfacet
facet normal 0 -0 -0.99999994
    outer loop
        vertex 4.132051 0.4288643 -0.5
        vertex 4.1527853 0.4157348 -0.5
        vertex 3.8861113 0.016629392 -0.5
    endloop
endfacet
facet normal 0 -0 -1
    outer loop
        vertex 4.1527853 0.4157348 -0.5
        vertex 4.1728497 0.4016038 -0.5
        vertex 3.8861113 0.016629392 -0.5
    endloop
endfacet
facet normal 0 0 -1
    outer loop
        vertex 3.8861113 0.016629392 -0.5
        vertex 4.192197 0.38650522 -0.5
        vertex 3.889142 0.014142135 -0.5
    endloop
endfacet
facet normal 0 -0 -0.99999994
    outer loop
        vertex 4.192197 0.38650522 -0.5
        vertex 4.2107797 0.37047556 -0.5
        vertex 3.889142 0.014142135 -0.5
    endloop
endfacet
facet normal 0 0 -0.99999994
    outer loop
        vertex 3.889142 0.014142135 -0.5
        vertex 4.2285533 0.3535534 -0.5
        vertex 4.2454753 0.3357795 -0.5
    endloop
endfacet
facet normal 0 0 -1
    outer loop
        vertex 3.889142 0.014142135 -0.5
        vertex 4.2454753 0.3357795 -0.5
        vertex 4.261505 0.31719664 -0.5
    endloop
endfacet
facet normal -0 0 -1
    outer loop
        vertex 4.290735 0.27778512 -0.5
        vertex 3.8916295 0.011111405 -0.5
        vertex 4.2766037 0.29784966 -0.5
    endloop
endfacet
facet normal 0 0 -1
    outer loop
        vertex 3.8916295 0.011111405 -0.5
        vertex 4.261505 0.31719664 -0.5
        vertex 4.2766037 0.29784966 -0.5
    endloop
endfacet
facet normal 0 -0 -1
    outer loop
        vertex 4.3038645 0.25705138 -0.5
        vertex 4.3159604 0.23569837 -0.5
        vertex 3.8916295 0.011111405 -0.5
    endloop
endfacet
facet normal 0 0 -1
    outer loop
        vertex 4.3159604 0.23569837 -0.5
        vertex 3.8934774 0.0076536685 -0.5
        vertex 3.8916295 0.011111405 -0.5
    endloop
endfacet
facet normal 0 -0 -1
    outer loop
        vertex 4.326995 0.21377754 -0.5
        vertex 4.33694 0.19134171 -0.5
        vertex 3.8934774 0.0076536685 -0.5
    endloop
endfacet
facet normal 0 -0 -1
    outer loop
        vertex 4.33694 0.19134171 -0.5
        vertex 4.345772 0.16844492 -0.5
        vertex 3.8934774 0.0076536685 -0.5
    endloop
endfacet
facet normal 0 0 -1
    outer loop
        vertex 3.8934774 0.0076536685 -0.5
        vertex 4.3534703 0.14514235 -0.5
        vertex 3.8946157 0.0039018064 -0.5
    endloop
endfacet
facet normal 0 -0 -1
    outer loop
        vertex 4.3534703 0.14514235 -0.5
        vertex 4.3600154 0.12149008 -0.5
        vertex 3.8946157 0.0039018064 -0.5
    endloop
endfacet
facet normal 0 0 -1
    outer loop
        vertex 3.8946157 0.0039018064 -0.5
        vertex 4.3653927 0.09754516 -0.5
        vertex 4.3695884 0.07336524 -0.5
    endloop
endfacet
facet normal 0 0 -0.99999994
    outer loop
        vertex 3.8946157 0.0039018064 -0.5
        vertex 4.3695884 0.07336524 -0.5
        vertex 4.3725924 0.049008567 -0.5
    endloop
endfacet
facet normal 0 0 -1
    outer loop
        vertex 3.8949997 -0.0000000000000000048985876 -0.5
        vertex 4.3725924 0.049008567 -0.5
        vertex 4.3743978 0.024533836 -0.5
    endloop
endfacet
facet normal 0 0 -1
    outer loop
        vertex 3.8565223 -0.0076536685 -0.5
        vertex 3.39653 -0.14514235 -0.5
        vertex 3.3899844 -0.12149008 -0.5
    endloop
endfacet
facet normal 0 0 1
    outer loop
        vertex 3.8946157 0.0039018064 0.5
        vertex 4.3653927 0.09754516 0.5
        vertex 4.3600154 0.12149008 0.5
    endloop
endfacet
facet normal -0 0 0.99999994
    outer loop
        vertex 3.8946157 0.0039018064 0.5
        vertex 3.8949997 -0.0000000000000000048985876 0.5
        vertex 4.3725924 0.049008567 0.5
    endloop
endfacet
facet normal 0 0 1
    outer loop
        vertex 3.8934774 0.0076536685 0.5
        vertex 4.3534703 0.14514235 0.5
        vertex 4.345772 0.16844492 0.5
    endloop
endfacet
facet normal 0 0 1
    outer loop
        vertex 4.3159604 0.23569837 0.5
        vertex 3.8934774 0.0076536685 0.5
        vertex 4.326995 0.21377754 0.5
    endloop
endfacet
facet normal 0 0 1
    outer loop
        vertex 4.290735 0.27778512 0.5
        vertex 3.8916295 0.011111405 0.5
        vertex 4.3038645 0.25705138 0.5
    endloop
endfacet
facet normal 0 0 1
    outer loop
        vertex 4.261505 0.31719664 0.5
        vertex 3.889142 0.014142135 0.5
        vertex 3.8916295 0.011111405 0.5
    endloop
endfacet
facet normal 0 0 1
    outer loop
        vertex 4.2285533 0.3535534 0.5
        vertex 4.2107797 0.37047556 0.5
        vertex 3.889142 0.014142135 0.5
    endloop
endfacet
facet normal 0 0 1
    outer loop
        vertex 4.192197 0.38650522 0.5
        vertex 4.1728497 0.4016038 0.5
        vertex 3.8861113 0.016629392 0.5
    endloop
endfacet
facet normal 0 0 0.99999994
    outer loop
        vertex 4.110698 0.44096065 0.5
        vertex 3.8861113 0.016629392 0.5
        vertex 4.132051 0.4288643 0.5
    endloop
endfacet
facet normal 0 0 1
    outer loop
        vertex 4.066342 0.46193978 0.5
        vertex 3.8826537 0.01847759 0.5
        vertex 4.0887775 0.45199463 0.5
    endloop
endfacet
facet normal 0 0 1
    outer loop
        vertex 4.0201426 0.47847018 0.5
        vertex 3.878902 0.019615706 0.5
        vertex 3.8826537 0.01847759 0.5
    endloop
endfacet
facet normal 0 0 1
    outer loop
        vertex 3.9725451 0.49039263 0.5
        vertex 3.9483654 0.49458823 0.5
        vertex 3.878902 0.019615706 0.5
    endloop
endfacet
facet normal 0 0 1
    outer loop
        vertex 3.9240084 0.4975924 0.5
        vertex 3.8995337 0.49939772 0.5
        vertex 3.875 0.020000001 0.5
    endloop
endfacet
facet normal 0 0 1
    outer loop
        vertex 3.875 0.020000001 0.5
        vertex 3.8504663 0.49939772 0.5
        vertex 3.8259914 0.4975924 0.5
    endloop
endfacet
facet normal 0 0 1
    outer loop
        vertex 3.871098 0.019615706 0.5
        vertex 3.8016348 0.49458823 0.5
        vertex 3.7774549 0.49039263 0.5
    endloop
endfacet
facet normal 0 0 1
    outer loop
        vertex 3.8673465 0.01847759 0.5
        vertex 3.6393015 0.44096065 0.5
        vertex 3.8638887 0.016629392 0.5
    endloop
endfacet
facet normal 0 0 1
    outer loop
        vertex 3.5045242 0.3357795 0.5
        vertex 3.4884946 0.31719664 0.5
        vertex 3.8608577 0.014142135 0.5
    endloop
endfacet
facet normal -0 0 1
    outer loop
        vertex 3.404228 0.16844492 0.5
        vertex 3.8565223 0.0076536685 0.5
        vertex 3.4130602 0.19134171 0.5
    endloop
endfacet
facet normal 0 0 1
    outer loop
        vertex 3.855 0.0000000000000011125324 0.5
        vertex 3.3756022 0.024533836 0.5
        vertex 3.375 -0.0000000000000015212231 0.5
    endloop
endfacet
facet normal 0 0 1
    outer loop
        vertex 3.8565223 -0.0076536685 0.5
        vertex 3.404228 -0.16844492 0.5
        vertex 3.4130602 -0.19134171 0.5
    endloop
endfacet
facet normal 0 0 1
    outer loop
        vertex 3.8608577 -0.014142135 0.5
        vertex 3.5045242 -0.3357795 0.5
        vertex 3.5214465 -0.3535534 0.5
    endloop
endfacet
facet normal 0 0 1
    outer loop
        vertex 3.8673465 -0.01847759 0.5
        vertex 3.6612225 -0.45199463 0.5
        vertex 3.6836584 -0.46193978 0.5
    endloop
endfacet
facet normal 0 0 1
    outer loop
        vertex 3.875 -0.020000001 0.5
        vertex 3.8504663 -0.49939772 0.5
        vertex 3.875 -0.5 0.5
    endloop
endfacet
facet normal 0 -0 0.99999994
    outer loop
        vertex 3.8673465 0.01847759 0.5
        vertex 3.871098 0.019615706 0.5
        vertex 3.7298577 0.47847018 0.5
    endloop
endfacet
facet normal 0 -0 1
    outer loop
        vertex 3.3846073 -0.09754516 0.5
        vertex 3.855 0.0000000000000011125324 0.5
        vertex 3.3804116 -0.07336524 0.5
    endloop
endfacet
facet normal 0 0 1
    outer loop
        vertex 3.8565223 -0.0076536685 0.5
        vertex 3.855 0.0000000000000011125324 0.5
        vertex 3.3846073 -0.09754516 0.5
    endloop
endfacet
facet normal -0 0 0.99999994
    outer loop
        vertex 3.8949997 -0.0000000000000000048985876 0.5
        vertex 4.3743978 -0.024533836 0.5
        vertex 4.375 -0 0.5
    endloop
endfacet
facet normal 0 0 1
    outer loop
        vertex 3.8949997 -0.0000000000000000048985876 0.5
        vertex 4.3725924 -0.049008567 0.5
        vertex 4.3743978 -0.024533836 0.5
    endloop
endfacet
facet normal 0 0 1
    outer loop
        vertex 3.8949997 -0.0000000000000000048985876 0.5
        vertex 4.3695884 -0.07336524 0.5
        vertex 4.3725924 -0.049008567 0.5
    endloop
endfacet
facet normal 0 0 0.99999994
    outer loop
        vertex 3.8949997 -0.0000000000000000048985876 0.5
        vertex 4.3653927 -0.09754516 0.5
        vertex 4.3695884 -0.07336524 0.5
    endloop
endfacet
facet normal 0 0 0.99999994
    outer loop
        vertex 3.8949997 -0.0000000000000000048985876 0.5
        vertex 3.8934774 -0.0076536685 0.5
        vertex 4.3653927 -0.09754516 0.5
    endloop
endfacet
facet normal 0 0 1
    outer loop
        vertex 4.3653927 -0.09754516 0.5
        vertex 3.8934774 -0.0076536685 0.5
        vertex 4.3600154 -0.12149008 0.5
    endloop
endfacet
facet normal 0 0 1
    outer loop
        vertex 4.3600154 -0.12149008 0.5
        vertex 3.8934774 -0.0076536685 0.5
        vertex 4.3534703 -0.14514235 0.5
    endloop
endfacet
facet normal 0 0 1
    outer loop
        vertex 4.3534703 -0.14514235 0.5
        vertex 3.8934774 -0.0076536685 0.5
        vertex 4.345772 -0.16844492 0.5
    endloop
endfacet
facet normal 0 0 1
    outer loop
        vertex 4.345772 -0.16844492 0.5
        vertex 3.8934774 -0.0076536685 0.5
        vertex 4.33694 -0.19134171 0.5
    endloop
endfacet
facet normal 0 0 1
    outer loop
        vertex 4.33694 -0.19134171 0.5
        vertex 3.8934774 -0.0076536685 0.5
        vertex 4.326995 -0.21377754 0.5
    endloop
endfacet
facet normal 0 0 1
    outer loop
        vertex 4.326995 -0.21377754 0.5
        vertex 3.8934774 -0.0076536685 0.5
        vertex 4.3159604 -0.23569837 0.5
    endloop
endfacet
facet normal 0 0 0.99999994
    outer loop
        vertex 4.3159604 -0.23569837 0.5
        vertex 3.8934774 -0.0076536685 0.5
        vertex 4.3038645 -0.25705138 0.5
    endloop
endfacet
facet normal 0 0 1
    outer loop
        vertex 4.3038645 -0.25705138 0.5
        vertex 3.8934774 -0.0076536685 0.5
        vertex 4.290735 -0.27778512 0.5
    endloop
endfacet
facet normal 0 0 0.99999994
    outer loop
        vertex 4.290735 -0.27778512 0.5
        vertex 3.8934774 -0.0076536685 0.5
        vertex 3.889142 -0.014142135 0.5
    endloop
endfacet
facet normal 0 -0 1
    outer loop
        vertex 4.2766037 -0.29784966 0.5
        vertex 4.290735 -0.27778512 0.5
        vertex 3.889142 -0.014142135 0.5
    endloop
endfacet
facet normal 0 -0 1
    outer loop
        vertex 4.261505 -0.31719664 0.5
        vertex 4.2766037 -0.29784966 0.5
        vertex 3.889142 -0.014142135 0.5
    endloop
endfacet
facet normal 0 -0 1
    outer loop
        vertex 4.2454753 -0.3357795 0.5
        vertex 4.261505 -0.31719664 0.5
        vertex 3.889142 -0.014142135 0.5
    endloop
endfacet
facet normal 0 -0 1
    outer loop
        vertex 4.2285533 -0.3535534 0.5
        vertex 4.2454753 -0.3357795 0.5
        vertex 3.889142 -0.014142135 0.5
    endloop
endfacet
facet normal 0 -0 1
    outer loop
        vertex 4.2107797 -0.37047556 0.5
        vertex 4.2285533 -0.3535534 0.5
        vertex 3.889142 -0.014142135 0.5
    endloop
endfacet
facet normal 0 -0 0.99999994
    outer loop
        vertex 4.192197 -0.38650522 0.5
        vertex 4.2107797 -0.37047556 0.5
        vertex 3.889142 -0.014142135 0.5
    endloop
endfacet
facet normal 0 -0 1
    outer loop
        vertex 4.1728497 -0.4016038 0.5
        vertex 4.192197 -0.38650522 0.5
        vertex 3.889142 -0.014142135 0.5
    endloop
endfacet
facet normal 0 -0 1
    outer loop
        vertex 4.1527853 -0.4157348 0.5
        vertex 4.1728497 -0.4016038 0.5
        vertex 3.889142 -0.014142135 0.5
    endloop
endfacet
facet normal -0 0 1
    outer loop
        vertex 3.8826537 -0.01847759 0.5
        vertex 4.1527853 -0.4157348 0.5
        vertex 3.889142 -0.014142135 0.5
    endloop
endfacet
facet normal 0 -0 1
    outer loop
        vertex 4.110698 -0.44096065 0.5
        vertex 4.132051 -0.4288643 0.5
        vertex 3.8826537 -0.01847759 0.5
    endloop
endfacet
facet normal 0 0 0.99999994
    outer loop
        vertex 3.8826537 -0.01847759 0.5
        vertex 4.132051 -0.4288643 0.5
        vertex 4.1527853 -0.4157348 0.5
    endloop
endfacet
facet normal 0 -0 1
    outer loop
        vertex 4.0887775 -0.45199463 0.5
        vertex 4.110698 -0.44096065 0.5
        vertex 3.8826537 -0.01847759 0.5
    endloop
endfacet
facet normal 0 -0 1
    outer loop
        vertex 4.066342 -0.46193978 0.5
        vertex 4.0887775 -0.45199463 0.5
        vertex 3.8826537 -0.01847759 0.5
    endloop
endfacet
facet normal 0 -0 1
    outer loop
        vertex 4.043445 -0.47077206 0.5
        vertex 4.066342 -0.46193978 0.5
        vertex 3.8826537 -0.01847759 0.5
    endloop
endfacet
facet normal 0 -0 1
    outer loop
        vertex 4.0201426 -0.47847018 0.5
        vertex 4.043445 -0.47077206 0.5
        vertex 3.8826537 -0.01847759 0.5
    endloop
endfacet
facet normal 0 -0 0.99999994
    outer loop
        vertex 3.99649 -0.48501563 0.5
        vertex 4.0201426 -0.47847018 0.5
        vertex 3.8826537 -0.01847759 0.5
    endloop
endfacet
facet normal 0 -0 1
    outer loop
        vertex 3.9725451 -0.49039263 0.5
        vertex 3.99649 -0.48501563 0.5
        vertex 3.8826537 -0.01847759 0.5
    endloop
endfacet
facet normal -0 0 1
    outer loop
        vertex 3.875 -0.020000001 0.5
        vertex 3.9725451 -0.49039263 0.5
        vertex 3.8826537 -0.01847759 0.5
    endloop
endfacet
facet normal 0 0 1
    outer loop
        vertex 3.875 -0.020000001 0.5
        vertex 3.9483654 -0.49458823 0.5
        vertex 3.9725451 -0.49039263 0.5
    endloop
endfacet
facet normal 0 0 1
    outer loop
        vertex 3.875 -0.020000001 0.5
        vertex 3.9240084 -0.4975924 0.5
        vertex 3.9483654 -0.49458823 0.5
    endloop
endfacet
facet normal 0 -0 1
    outer loop
        vertex 3.8995337 -0.49939772 0.5
        vertex 3.9240084 -0.4975924 0.5
        vertex 3.875 -0.020000001 0.5
    endloop
endfacet
facet normal 0 0 1
    outer loop
        vertex 3.875 -0.5 0.5
        vertex 3.8995337 -0.49939772 0.5
        vertex 3.875 -0.020000001 0.5
    endloop
endfacet
facet normal 0 -0 0.99999994
    outer loop
        vertex 3.8504663 -0.49939772 0.5
        vertex 3.875 -0.020000001 0.5
        vertex 3.8259914 -0.4975924 0.5
    endloop
endfacet
facet normal 0 -0 1
    outer loop
        vertex 3.8259914 -0.4975924 0.5
        vertex 3.875 -0.020000001 0.5
        vertex 3.8016348 -0.49458823 0.5
    endloop
endfacet
facet normal 0 -0 0.99999994
    outer loop
        vertex 3.8016348 -0.49458823 0.5
        vertex 3.875 -0.020000001 0.5
        vertex 3.7774549 -0.49039263 0.5
    endloop
endfacet
facet normal 0 0 1
    outer loop
        vertex 3.7774549 -0.49039263 0.5
        vertex 3.875 -0.020000001 0.5
        vertex 3.8673465 -0.01847759 0.5
    endloop
endfacet
facet normal -0 0 1
    outer loop
        vertex 3.7535098 -0.48501563 0.5
        vertex 3.7774549 -0.49039263 0.5
        vertex 3.8673465 -0.01847759 0.5
    endloop
endfacet
facet normal -0 0 1
    outer loop
        vertex 3.7298577 -0.47847018 0.5
        vertex 3.7535098 -0.48501563 0.5
        vertex 3.8673465 -0.01847759 0.5
    endloop
endfacet
facet normal -0 0 1
    outer loop
        vertex 3.7065551 -0.47077206 0.5
        vertex 3.7298577 -0.47847018 0.5
        vertex 3.8673465 -0.01847759 0.5
    endloop
endfacet
facet normal -0 0 1
    outer loop
        vertex 3.6836584 -0.46193978 0.5
        vertex 3.7065551 -0.47077206 0.5
        vertex 3.8673465 -0.01847759 0.5
    endloop
endfacet
facet normal 0 -0 0.99999994
    outer loop
        vertex 3.6612225 -0.45199463 0.5
        vertex 3.8673465 -0.01847759 0.5
        vertex 3.6393015 -0.44096065 0.5
    endloop
endfacet
facet normal 0 -0 0.99999994
    outer loop
        vertex 3.6393015 -0.44096065 0.5
        vertex 3.8673465 -0.01847759 0.5
        vertex 3.6179485 -0.4288643 0.5
    endloop
endfacet
facet normal 0 -0 1
    outer loop
        vertex 3.6179485 -0.4288643 0.5
        vertex 3.8673465 -0.01847759 0.5
        vertex 3.5972147 -0.4157348 0.5
    endloop
endfacet
facet normal 0 0 1
    outer loop
        vertex 3.5972147 -0.4157348 0.5
        vertex 3.8673465 -0.01847759 0.5
        vertex 3.8608577 -0.014142135 0.5
    endloop
endfacet
facet normal -0 0 1
    outer loop
        vertex 3.5771503 -0.4016038 0.5
        vertex 3.5972147 -0.4157348 0.5
        vertex 3.8608577 -0.014142135 0.5
    endloop
endfacet
facet normal -0 0 0.99999994
    outer loop
        vertex 3.5578034 -0.38650522 0.5
        vertex 3.5771503 -0.4016038 0.5
        vertex 3.8608577 -0.014142135 0.5
    endloop
endfacet
facet normal -0 0 1
    outer loop
        vertex 3.5392206 -0.37047556 0.5
        vertex 3.5578034 -0.38650522 0.5
        vertex 3.8608577 -0.014142135 0.5
    endloop
endfacet
facet normal -0 0 1
    outer loop
        vertex 3.5214465 -0.3535534 0.5
        vertex 3.5392206 -0.37047556 0.5
        vertex 3.8608577 -0.014142135 0.5
    endloop
endfacet
facet normal 0 0 1
    outer loop
        vertex 3.8608577 -0.014142135 0.5
        vertex 3.473396 -0.29784966 0.5
        vertex 3.4884946 -0.31719664 0.5
    endloop
endfacet
facet normal 0 -0 1
    outer loop
        vertex 3.5045242 -0.3357795 0.5
        vertex 3.8608577 -0.014142135 0.5
        vertex 3.4884946 -0.31719664 0.5
    endloop
endfacet
facet normal 0 0 1
    outer loop
        vertex 3.8608577 -0.014142135 0.5
        vertex 3.4592652 -0.27778512 0.5
        vertex 3.473396 -0.29784966 0.5
    endloop
endfacet
facet normal 0 0 1
    outer loop
        vertex 3.8608577 -0.014142135 0.5
        vertex 3.8565223 -0.0076536685 0.5
        vertex 3.4592652 -0.27778512 0.5
    endloop
endfacet
facet normal 0 -0 1
    outer loop
        vertex 3.4592652 -0.27778512 0.5
        vertex 3.8565223 -0.0076536685 0.5
        vertex 3.4461358 -0.25705138 0.5
    endloop
endfacet
facet normal 0 -0 1
    outer loop
        vertex 3.4461358 -0.25705138 0.5
        vertex 3.8565223 -0.0076536685 0.5
        vertex 3.4340396 -0.23569837 0.5
    endloop
endfacet
facet normal 0 -0 1
    outer loop
        vertex 3.4340396 -0.23569837 0.5
        vertex 3.8565223 -0.0076536685 0.5
        vertex 3.4230053 -0.21377754 0.5
    endloop
endfacet
facet normal 0 -0 1
    outer loop
        vertex 3.4230053 -0.21377754 0.5
        vertex 3.8565223 -0.0076536685 0.5
        vertex 3.4130602 -0.19134171 0.5
    endloop
endfacet
facet normal 0 0 1
    outer loop
        vertex 3.8565223 -0.0076536685 0.5
        vertex 3.39653 -0.14514235 0.5
        vertex 3.404228 -0.16844492 0.5
    endloop
endfacet
facet normal -0 0 1
    outer loop
        vertex 3.3846073 -0.09754516 0.5
        vertex 3.3899844 -0.12149008 0.5
        vertex 3.8565223 -0.0076536685 0.5
    endloop
endfacet
facet normal 0 0 0.99999994
    outer loop
        vertex 3.8949997 -0.0000000000000000048985876 0.5
        vertex 4.375 -0 0.5
        vertex 4.3743978 0.024533836 0.5
    endloop
endfacet
facet normal -0 0 1
    outer loop
        vertex 3.3774078 -0.049008567 0.5
        vertex 3.3804116 -0.07336524 0.5
        vertex 3.855 0.0000000000000011125324 0.5
    endloop
endfacet
facet normal -0 0 1
    outer loop
        vertex 3.3756022 -0.024533836 0.5
        vertex 3.3774078 -0.049008567 0.5
        vertex 3.855 0.0000000000000011125324 0.5
    endloop
endfacet
facet normal 0 -0 1
    outer loop
        vertex 3.3756022 -0.024533836 0.5
        vertex 3.855 0.0000000000000011125324 0.5
        vertex 3.375 -0.0000000000000015212231 0.5
    endloop
endfacet
facet normal 0 0 1
    outer loop
        vertex 3.855 0.0000000000000011125324 0.5
        vertex 3.3774078 0.049008567 0.5
        vertex 3.3756022 0.024533836 0.5
    endloop
endfacet
facet normal 0 -0 1
    outer loop
        vertex 3.855 0.0000000000000011125324 0.5
        vertex 3.855384 0.0039018064 0.5
        vertex 3.3774078 0.049008567 0.5
    endloop
endfacet
facet normal -0 0 1
    outer loop
        vertex 3.3774078 0.049008567 0.5
        vertex 3.855384 0.0039018064 0.5
        vertex 3.3804116 0.07336524 0.5
    endloop
endfacet
facet normal -0 0 1
    outer loop
        vertex 3.3804116 0.07336524 0.5
        vertex 3.855384 0.0039018064 0.5
        vertex 3.3846073 0.09754516 0.5
    endloop
endfacet
facet normal -0 0 1
    outer loop
        vertex 3.3846073 0.09754516 0.5
        vertex 3.855384 0.0039018064 0.5
        vertex 3.3899844 0.12149008 0.5
    endloop
endfacet
facet normal -0 0 1
    outer loop
        vertex 3.3899844 0.12149008 0.5
        vertex 3.855384 0.0039018064 0.5
        vertex 3.39653 0.14514235 0.5
    endloop
endfacet
facet normal 0 0 0.99999994
    outer loop
        vertex 3.39653 0.14514235 0.5
        vertex 3.855384 0.0039018064 0.5
        vertex 3.8565223 0.0076536685 0.5
    endloop
endfacet
facet normal 0 0 1
    outer loop
        vertex 3.404228 0.16844492 0.5
        vertex 3.39653 0.14514235 0.5
        vertex 3.8565223 0.0076536685 0.5
    endloop
endfacet
facet normal -0 0 1
    outer loop
        vertex 3.4130602 0.19134171 0.5
        vertex 3.8565223 0.0076536685 0.5
        vertex 3.4230053 0.21377754 0.5
    endloop
endfacet
facet normal -0 0 1
    outer loop
        vertex 3.4230053 0.21377754 0.5
        vertex 3.8565223 0.0076536685 0.5
        vertex 3.4340396 0.23569837 0.5
    endloop
endfacet
facet normal 0 0 1
    outer loop
        vertex 3.4340396 0.23569837 0.5
        vertex 3.8565223 0.0076536685 0.5
        vertex 3.8583705 0.011111405 0.5
    endloop
endfacet
facet normal 0 0 0.99999994
    outer loop
        vertex 3.4461358 0.25705138 0.5
        vertex 3.4340396 0.23569837 0.5
        vertex 3.8583705 0.011111405 0.5
    endloop
endfacet
facet normal 0 0 0.99999994
    outer loop
        vertex 3.4592652 0.27778512 0.5
        vertex 3.4461358 0.25705138 0.5
        vertex 3.8583705 0.011111405 0.5
    endloop
endfacet
facet normal 0 0 1
    outer loop
        vertex 3.473396 0.29784966 0.5
        vertex 3.4592652 0.27778512 0.5
        vertex 3.8583705 0.011111405 0.5
    endloop
endfacet
facet normal 0 0 1
    outer loop
        vertex 3.4884946 0.31719664 0.5
        vertex 3.473396 0.29784966 0.5
        vertex 3.8583705 0.011111405 0.5
    endloop
endfacet
facet normal 0 0 1
    outer loop
        vertex 3.8608577 0.014142135 0.5
        vertex 3.4884946 0.31719664 0.5
        vertex 3.8583705 0.011111405 0.5
    endloop
endfacet
facet normal 0 0 1
    outer loop
        vertex 3.5214465 0.3535534 0.5
        vertex 3.5045242 0.3357795 0.5
        vertex 3.8608577 0.014142135 0.5
    endloop
endfacet
facet normal -0 0 1
    outer loop
        vertex 3.5392206 0.37047556 0.5
        vertex 3.8608577 0.014142135 0.5
        vertex 3.5578034 0.38650522 0.5
    endloop
endfacet
facet normal 0 0 1
    outer loop
        vertex 3.5392206 0.37047556 0.5
        vertex 3.5214465 0.3535534 0.5
        vertex 3.8608577 0.014142135 0.5
    endloop
endfacet
facet normal 0 0 1
    outer loop
        vertex 3.5578034 0.38650522 0.5
        vertex 3.8608577 0.014142135 0.5
        vertex 3.8638887 0.016629392 0.5
    endloop
endfacet
facet normal 0 0 0.99999994
    outer loop
        vertex 3.5771503 0.4016038 0.5
        vertex 3.5578034 0.38650522 0.5
        vertex 3.8638887 0.016629392 0.5
    endloop
endfacet
facet normal 0 0 1
    outer loop
        vertex 3.5972147 0.4157348 0.5
        vertex 3.5771503 0.4016038 0.5
        vertex 3.8638887 0.016629392 0.5
    endloop
endfacet
facet normal 0 0 1
    outer loop
        vertex 3.6179485 0.4288643 0.5
        vertex 3.5972147 0.4157348 0.5
        vertex 3.8638887 0.016629392 0.5
    endloop
endfacet
facet normal 0 0 1
    outer loop
        vertex 3.6393015 0.44096065 0.5
        vertex 3.6179485 0.4288643 0.5
        vertex 3.8638887 0.016629392 0.5
    endloop
endfacet
facet normal 0 0 0.99999994
    outer loop
        vertex 3.6612225 0.45199463 0.5
        vertex 3.6393015 0.44096065 0.5
        vertex 3.8673465 0.01847759 0.5
    endloop
endfacet
facet normal 0 0 1
    outer loop
        vertex 3.6836584 0.46193978 0.5
        vertex 3.6612225 0.45199463 0.5
        vertex 3.8673465 0.01847759 0.5
    endloop
endfacet
facet normal 0 0 1
    outer loop
        vertex 3.7065551 0.47077206 0.5
        vertex 3.6836584 0.46193978 0.5
        vertex 3.8673465 0.01847759 0.5
    endloop
endfacet
facet normal 0 0 1
    outer loop
        vertex 3.7298577 0.47847018 0.5
        vertex 3.7065551 0.47077206 0.5
        vertex 3.8673465 0.01847759 0.5
    endloop
endfacet
facet normal 0 0 0.99999994
    outer loop
        vertex 3.7535098 0.48501563 0.5
        vertex 3.7298577 0.47847018 0.5
        vertex 3.871098 0.019615706 0.5
    endloop
endfacet
facet normal 0 0 1
    outer loop
        vertex 3.7774549 0.49039263 0.5
        vertex 3.7535098 0.48501563 0.5
        vertex 3.871098 0.019615706 0.5
    endloop
endfacet
facet normal 0 0 1
    outer loop
        vertex 3.871098 0.019615706 0.5
        vertex 3.8259914 0.4975924 0.5
        vertex 3.8016348 0.49458823 0.5
    endloop
endfacet
facet normal 0 -0 1
    outer loop
        vertex 3.871098 0.019615706 0.5
        vertex 3.875 0.020000001 0.5
        vertex 3.8259914 0.4975924 0.5
    endloop
endfacet
facet normal 0 -0 1
    outer loop
        vertex 3.875 0.020000001 0.5
        vertex 3.875 0.5 0.5
        vertex 3.8504663 0.49939772 0.5
    endloop
endfacet
facet normal 0 0 1
    outer loop
        vertex 3.875 0.020000001 0.5
        vertex 3.8995337 0.49939772 0.5
        vertex 3.875 0.5 0.5
    endloop
endfacet
facet normal 0 -0 1
    outer loop
        vertex 3.878902 0.019615706 0.5
        vertex 3.9240084 0.4975924 0.5
        vertex 3.875 0.020000001 0.5
    endloop
endfacet
facet normal 0 0 1
    outer loop
        vertex 3.878902 0.019615706 0.5
        vertex 3.9483654 0.49458823 0.5
        vertex 3.9240084 0.4975924 0.5
    endloop
endfacet
facet normal 0 0 1
    outer loop
        vertex 3.99649 0.48501563 0.5
        vertex 3.9725451 0.49039263 0.5
        vertex 3.878902 0.019615706 0.5
    endloop
endfacet
facet normal 0 0 1
    outer loop
        vertex 4.0201426 0.47847018 0.5
        vertex 3.99649 0.48501563 0.5
        vertex 3.878902 0.019615706 0.5
    endloop
endfacet
facet normal 0 0 1
    outer loop
        vertex 4.043445 0.47077206 0.5
        vertex 4.0201426 0.47847018 0.5
        vertex 3.8826537 0.01847759 0.5
    endloop
endfacet
facet normal 0 0 1
    outer loop
        vertex 4.066342 0.46193978 0.5
        vertex 4.043445 0.47077206 0.5
        vertex 3.8826537 0.01847759 0.5
    endloop
endfacet
facet normal 0 0 1
    outer loop
        vertex 4.0887775 0.45199463 0.5
        vertex 3.8826537 0.01847759 0.5
        vertex 4.110698 0.44096065 0.5
    endloop
endfacet
facet normal 0 0 0.99999994
    outer loop
        vertex 4.110698 0.44096065 0.5
        vertex 3.8826537 0.01847759 0.5
        vertex 3.8861113 0.016629392 0.5
    endloop
endfacet
facet normal 0 0 0.99999994
    outer loop
        vertex 4.132051 0.4288643 0.5
        vertex 3.8861113 0.016629392 0.5
        vertex 4.1527853 0.4157348 0.5
    endloop
endfacet
facet normal 0 0 1
    outer loop
        vertex 4.1527853 0.4157348 0.5
        vertex 3.8861113 0.016629392 0.5
        vertex 4.1728497 0.4016038 0.5
    endloop
endfacet
facet normal -0 0 1
    outer loop
        vertex 3.8861113 0.016629392 0.5
        vertex 3.889142 0.014142135 0.5
        vertex 4.192197 0.38650522 0.5
    endloop
endfacet
facet normal 0 0 0.99999994
    outer loop
        vertex 4.192197 0.38650522 0.5
        vertex 3.889142 0.014142135 0.5
        vertex 4.2107797 0.37047556 0.5
    endloop
endfacet
facet normal 0 0 0.99999994
    outer loop
        vertex 3.889142 0.014142135 0.5
        vertex 4.2454753 0.3357795 0.5
        vertex 4.2285533 0.3535534 0.5
    endloop
endfacet
facet normal 0 0 1
    outer loop
        vertex 3.889142 0.014142135 0.5
        vertex 4.261505 0.31719664 0.5
        vertex 4.2454753 0.3357795 0.5
    endloop
endfacet
facet normal 0 0 1
    outer loop
        vertex 4.290735 0.27778512 0.5
        vertex 4.2766037 0.29784966 0.5
        vertex 3.8916295 0.011111405 0.5
    endloop
endfacet
facet normal 0 0 1
    outer loop
        vertex 3.8916295 0.011111405 0.5
        vertex 4.2766037 0.29784966 0.5
        vertex 4.261505 0.31719664 0.5
    endloop
endfacet
facet normal 0 0 1
    outer loop
        vertex 4.3038645 0.25705138 0.5
        vertex 3.8916295 0.011111405 0.5
        vertex 4.3159604 0.23569837 0.5
    endloop
endfacet
facet normal 0 0 1
    outer loop
        vertex 4.3159604 0.23569837 0.5
        vertex 3.8916295 0.011111405 0.5
        vertex 3.8934774 0.0076536685 0.5
    endloop
endfacet
facet normal 0 0 1
    outer loop
        vertex 4.326995 0.21377754 0.5
        vertex 3.8934774 0.0076536685 0.5
        vertex 4.33694 0.19134171 0.5
    endloop
endfacet
facet normal 0 0 1
    outer loop
        vertex 4.33694 0.19134171 0.5
        vertex 3.8934774 0.0076536685 0.5
        vertex 4.345772 0.16844492 0.5
    endloop
endfacet
facet normal -0 0 1
    outer loop
        vertex 3.8934774 0.0076536685 0.5
        vertex 3.8946157 0.0039018064 0.5
        vertex 4.3534703 0.14514235 0.5
    endloop
endfacet
facet normal 0 0 1
    outer loop
        vertex 4.3534703 0.14514235 0.5
        vertex 3.8946157 0.0039018064 0.5
        vertex 4.3600154 0.12149008 0.5
    endloop
endfacet
facet normal 0 0 1
    outer loop
        vertex 3.8946157 0.0039018064 0.5
        vertex 4.3695884 0.07336524 0.5
        vertex 4.3653927 0.09754516 0.5
    endloop
endfacet
facet normal 0 0 0.99999994
    outer loop
        vertex 3.8946157 0.0039018064 0.5
        vertex 4.3725924 0.049008567 0.5
        vertex 4.3695884 0.07336524 0.5
    endloop
endfacet
facet normal 0 0 1
    outer loop
        vertex 3.8949997 -0.0000000000000000048985876 0.5
        vertex 4.3743978 0.024533836 0.5
        vertex 4.3725924 0.049008567 0.5
    endloop
endfacet
facet normal 0 0 1
    outer loop
        vertex 3.8565223 -0.0076536685 0.5
        vertex 3.3899844 -0.12149008 0.5
        vertex 3.39653 -0.14514235 0.5
    endloop
endfacet
facet normal -0.99729002 0.07357184 0
    outer loop
        vertex 3.3756022 0.024533836 -0.5
        vertex 3.3756022 0.024533836 0.5
        vertex 3.3774078 0.049008567 -0.5
    endloop
endfacet
facet normal -0.99248099 0.1223997 0
    outer loop
        vertex 3.3774078 0.049008567 -0.5
        vertex 3.3774078 0.049008567 0.5
        vertex 3.3804116 0.07336524 -0.5
    endloop
endfacet
facet normal -0.99248099 0.1223997 0
    outer loop
        vertex 3.3804116 0.07336524 -0.5
        vertex 3.3774078 0.049008567 0.5
        vertex 3.3804116 0.07336524 0.5
    endloop
endfacet
facet normal -0.98527718 0.1709649 0
    outer loop
        vertex 3.3846073 0.09754516 -0.5
        vertex 3.3804116 0.07336524 0.5
        vertex 3.3846073 0.09754516 0.5
    endloop
endfacet
facet normal -0.97570175 0.21910287 0
    outer loop
        vertex 3.3899844 0.12149008 -0.5
        vertex 3.3846073 0.09754516 -0.5
        vertex 3.3846073 0.09754516 0.5
    endloop
endfacet
facet normal -0.96377522 0.26671582 0
    outer loop
        vertex 3.39653 0.14514235 -0.5
        vertex 3.3899844 0.12149008 -0.5
        vertex 3.3899844 0.12149008 0.5
    endloop
endfacet
facet normal -0.96377522 0.26671582 0
    outer loop
        vertex 3.39653 0.14514235 0.5
        vertex 3.39653 0.14514235 -0.5
        vertex 3.3899844 0.12149008 0.5
    endloop
endfacet
facet normal -0.94952899 0.31367913 0
    outer loop
        vertex 3.404228 0.16844492 0.5
        vertex 3.404228 0.16844492 -0.5
        vertex 3.39653 0.14514235 0.5
    endloop
endfacet
facet normal -0.93299347 0.35989314 0
    outer loop
        vertex 3.404228 0.16844492 0.5
        vertex 3.4130602 0.19134171 -0.5
        vertex 3.404228 0.16844492 -0.5
    endloop
endfacet
facet normal -0.91420931 0.40524253 0
    outer loop
        vertex 3.4130602 0.19134171 0.5
        vertex 3.4230053 0.21377754 -0.5
        vertex 3.4130602 0.19134171 -0.5
    endloop
endfacet
facet normal -0.91420931 0.40524253 0
    outer loop
        vertex 3.4130602 0.19134171 0.5
        vertex 3.4230053 0.21377754 0.5
        vertex 3.4230053 0.21377754 -0.5
    endloop
endfacet
facet normal -0.89322048 0.44961885 0
    outer loop
        vertex 3.4230053 0.21377754 0.5
        vertex 3.4340396 0.23569837 0.5
        vertex 3.4340396 0.23569837 -0.5
    endloop
endfacet
facet normal -0.87008983 0.49289319 0
    outer loop
        vertex 3.4340396 0.23569837 -0.5
        vertex 3.4340396 0.23569837 0.5
        vertex 3.4461358 0.25705138 -0.5
    endloop
endfacet
facet normal -0.84485406 0.53499687 0
    outer loop
        vertex 3.4461358 0.25705138 -0.5
        vertex 3.4461358 0.25705138 0.5
        vertex 3.4592652 0.27778512 -0.5
    endloop
endfacet
facet normal -0.84485406 0.53499687 0
    outer loop
        vertex 3.4592652 0.27778512 -0.5
        vertex 3.4461358 0.25705138 0.5
        vertex 3.4592652 0.27778512 0.5
    endloop
endfacet
facet normal -0.81758875 0.57580251 0
    outer loop
        vertex 3.473396 0.29784966 -0.5
        vertex 3.4592652 0.27778512 0.5
        vertex 3.473396 0.29784966 0.5
    endloop
endfacet
facet normal -0.78834569 0.61523259 0
    outer loop
        vertex 3.4884946 0.31719664 -0.5
        vertex 3.473396 0.29784966 -0.5
        vertex 3.473396 0.29784966 0.5
    endloop
endfacet
facet normal -0.75721049 0.65317094 0
    outer loop
        vertex 3.5045242 0.3357795 -0.5
        vertex 3.4884946 0.31719664 -0.5
        vertex 3.4884946 0.31719664 0.5
    endloop
endfacet
facet normal -0.75721049 0.65317094 0
    outer loop
        vertex 3.5045242 0.3357795 0.5
        vertex 3.5045242 0.3357795 -0.5
        vertex 3.4884946 0.31719664 0.5
    endloop
endfacet
facet normal -0.72424608 0.68954164 0
    outer loop
        vertex 3.5214465 0.3535534 0.5
        vertex 3.5214465 0.3535534 -0.5
        vertex 3.5045242 0.3357795 0.5
    endloop
endfacet
facet normal -0.68953615 0.72425139 0
    outer loop
        vertex 3.5214465 0.3535534 0.5
        vertex 3.5392206 0.37047556 -0.5
        vertex 3.5214465 0.3535534 -0.5
    endloop
endfacet
facet normal -0.65317297 0.75720876 0
    outer loop
        vertex 3.5392206 0.37047556 0.5
        vertex 3.5578034 0.38650522 -0.5
        vertex 3.5392206 0.37047556 -0.5
    endloop
endfacet
facet normal -0.65317297 0.75720876 0
    outer loop
        vertex 3.5392206 0.37047556 0.5
        vertex 3.5578034 0.38650522 0.5
        vertex 3.5578034 0.38650522 -0.5
    endloop
endfacet
facet normal -0.61523318 0.78834522 0
    outer loop
        vertex 3.5578034 0.38650522 0.5
        vertex 3.5771503 0.4016038 0.5
        vertex 3.5771503 0.4016038 -0.5
    endloop
endfacet
facet normal -0.57581085 0.81758302 0
    outer loop
        vertex 3.5771503 0.4016038 -0.5
        vertex 3.5771503 0.4016038 0.5
        vertex 3.5972147 0.4157348 -0.5
    endloop
endfacet
facet normal -0.53499609 0.84485453 0
    outer loop
        vertex 3.5972147 0.4157348 -0.5
        vertex 3.5972147 0.4157348 0.5
        vertex 3.6179485 0.4288643 -0.5
    endloop
endfacet
facet normal -0.53499609 0.84485453 0
    outer loop
        vertex 3.6179485 0.4288643 -0.5
        vertex 3.5972147 0.4157348 0.5
        vertex 3.6179485 0.4288643 0.5
    endloop
endfacet
facet normal -0.4928987 0.87008673 0
    outer loop
        vertex 3.6393015 0.44096065 -0.5
        vertex 3.6179485 0.4288643 0.5
        vertex 3.6393015 0.44096065 0.5
    endloop
endfacet
facet normal -0.44960868 0.89322561 0
    outer loop
        vertex 3.6612225 0.45199463 -0.5
        vertex 3.6393015 0.44096065 -0.5
        vertex 3.6393015 0.44096065 0.5
    endloop
endfacet
facet normal -0.4052414 0.91420972 0
    outer loop
        vertex 3.6836584 0.46193978 -0.5
        vertex 3.6612225 0.45199463 -0.5
        vertex 3.6612225 0.45199463 0.5
    endloop
endfacet
facet normal -0.4052414 0.91420972 0
    outer loop
        vertex 3.6836584 0.46193978 0.5
        vertex 3.6836584 0.46193978 -0.5
        vertex 3.6612225 0.45199463 0.5
    endloop
endfacet
facet normal -0.35989571 0.93299258 0
    outer loop
        vertex 3.7065551 0.47077206 0.5
        vertex 3.7065551 0.47077206 -0.5
        vertex 3.6836584 0.46193978 0.5
    endloop
endfacet
facet normal -0.31368154 0.94952828 0
    outer loop
        vertex 3.7065551 0.47077206 0.5
        vertex 3.7298577 0.47847018 -0.5
        vertex 3.7065551 0.47077206 -0.5
    endloop
endfacet
facet normal -0.26671439 0.96377563 0
    outer loop
        vertex 3.7298577 0.47847018 0.5
        vertex 3.7535098 0.48501563 -0.5
        vertex 3.7298577 0.47847018 -0.5
    endloop
endfacet
facet normal -0.26671439 0.96377563 0
    outer loop
        vertex 3.7298577 0.47847018 0.5
        vertex 3.7535098 0.48501563 0.5
        vertex 3.7535098 0.48501563 -0.5
    endloop
endfacet
facet normal -0.21909907 0.97570264 0
    outer loop
        vertex 3.7535098 0.48501563 0.5
        vertex 3.7774549 0.49039263 0.5
        vertex 3.7774549 0.49039263 -0.5
    endloop
endfacet
facet normal -0.17096126 0.98527777 0
    outer loop
        vertex 3.7774549 0.49039263 -0.5
        vertex 3.7774549 0.49039263 0.5
        vertex 3.8016348 0.49458823 -0.5
    endloop
endfacet
facet normal -0.1224132 0.99247921 0
    outer loop
        vertex 3.8016348 0.49458823 -0.5
        vertex 3.8016348 0.49458823 0.5
        vertex 3.8259914 0.4975924 -0.5
    endloop
endfacet
facet normal -0.1224132 0.99247921 0
    outer loop
        vertex 3.8259914 0.4975924 -0.5
        vertex 3.8016348 0.49458823 0.5
        vertex 3.8259914 0.4975924 0.5
    endloop
endfacet
facet normal -0.07356299 0.99729055 0
    outer loop
        vertex 3.8504663 0.49939772 -0.5
        vertex 3.8259914 0.4975924 0.5
        vertex 3.8504663 0.49939772 0.5
    endloop
endfacet
facet normal -0.02454145 0.99969888 0
    outer loop
        vertex 3.875 0.5 -0.5
        vertex 3.8504663 0.49939772 -0.5
        vertex 3.8504663 0.49939772 0.5
    endloop
endfacet
facet normal 0.02454145 0.99969888 0
    outer loop
        vertex 3.8995337 0.49939772 -0.5
        vertex 3.875 0.5 -0.5
        vertex 3.875 0.5 0.5
    endloop
endfacet
facet normal 0.02454145 0.99969888 0
    outer loop
        vertex 3.8995337 0.49939772 0.5
        vertex 3.8995337 0.49939772 -0.5
        vertex 3.875 0.5 0.5
    endloop
endfacet
facet normal 0.07356371 0.99729055 0
    outer loop
        vertex 3.9240084 0.4975924 0.5
        vertex 3.9240084 0.4975924 -0.5
        vertex 3.8995337 0.49939772 0.5
    endloop
endfacet
facet normal 0.12241084 0.9924795 0
    outer loop
        vertex 3.9240084 0.4975924 0.5
        vertex 3.9483654 0.49458823 -0.5
        vertex 3.9240084 0.4975924 -0.5
    endloop
endfacet
facet normal 0.17096289 0.98527747 0
    outer loop
        vertex 3.9483654 0.49458823 0.5
        vertex 3.9725451 0.49039263 -0.5
        vertex 3.9483654 0.49458823 -0.5
    endloop
endfacet
facet normal 0.17096289 0.98527747 0
    outer loop
        vertex 3.9483654 0.49458823 0.5
        vertex 3.9725451 0.49039263 0.5
        vertex 3.9725451 0.49039263 -0.5
    endloop
endfacet
facet normal 0.21910115 0.97570211 0
    outer loop
        vertex 3.9725451 0.49039263 0.5
        vertex 3.99649 0.48501563 0.5
        vertex 3.99649 0.48501563 -0.5
    endloop
endfacet
facet normal 0.26670939 0.96377695 -0
    outer loop
        vertex 3.99649 0.48501563 -0.5
        vertex 3.99649 0.48501563 0.5
        vertex 4.0201426 0.47847018 -0.5
    endloop
endfacet
facet normal 0.31368154 0.94952828 -0
    outer loop
        vertex 4.0201426 0.47847018 -0.5
        vertex 4.0201426 0.47847018 0.5
        vertex 4.043445 0.47077206 -0.5
    endloop
endfacet
facet normal 0.31368154 0.94952828 -0
    outer loop
        vertex 4.043445 0.47077206 -0.5
        vertex 4.0201426 0.47847018 0.5
        vertex 4.043445 0.47077206 0.5
    endloop
endfacet
facet normal 0.35989571 0.93299258 -0
    outer loop
        vertex 4.066342 0.46193978 -0.5
        vertex 4.043445 0.47077206 0.5
        vertex 4.066342 0.46193978 0.5
    endloop
endfacet
facet normal 0.40524501 0.91420817 0
    outer loop
        vertex 4.0887775 0.45199463 -0.5
        vertex 4.066342 0.46193978 -0.5
        vertex 4.066342 0.46193978 0.5
    endloop
endfacet
facet normal 0.44961259 0.8932237 0
    outer loop
        vertex 4.110698 0.44096065 -0.5
        vertex 4.0887775 0.45199463 -0.5
        vertex 4.0887775 0.45199463 0.5
    endloop
endfacet
facet normal 0.44961259 0.8932237 0
    outer loop
        vertex 4.110698 0.44096065 0.5
        vertex 4.110698 0.44096065 -0.5
        vertex 4.0887775 0.45199463 0.5
    endloop
endfacet
facet normal 0.4929029 0.8700844 0
    outer loop
        vertex 4.132051 0.4288643 0.5
        vertex 4.132051 0.4288643 -0.5
        vertex 4.110698 0.44096065 0.5
    endloop
endfacet
facet normal 0.53498733 0.84486008 0
    outer loop
        vertex 4.132051 0.4288643 0.5
        vertex 4.1527853 0.4157348 -0.5
        vertex 4.132051 0.4288643 -0.5
    endloop
endfacet
facet normal 0.57581085 0.81758302 0
    outer loop
        vertex 4.1527853 0.4157348 0.5
        vertex 4.1728497 0.4016038 -0.5
        vertex 4.1527853 0.4157348 -0.5
    endloop
endfacet
facet normal 0.57581085 0.81758302 0
    outer loop
        vertex 4.1527853 0.4157348 0.5
        vertex 4.1728497 0.4016038 0.5
        vertex 4.1728497 0.4016038 -0.5
    endloop
endfacet
facet normal 0.61522841 0.78834885 0
    outer loop
        vertex 4.1728497 0.4016038 0.5
        vertex 4.192197 0.38650522 0.5
        vertex 4.192197 0.38650522 -0.5
    endloop
endfacet
facet normal 0.65317297 0.75720876 -0
    outer loop
        vertex 4.192197 0.38650522 -0.5
        vertex 4.192197 0.38650522 0.5
        vertex 4.2107797 0.37047556 -0.5
    endloop
endfacet
facet normal 0.78834569 0.61523259 -0
    outer loop
        vertex 4.261505 0.31719664 -0.5
        vertex 4.261505 0.31719664 0.5
        vertex 4.2766037 0.29784966 -0.5
    endloop
endfacet
facet normal 0.94952327 0.31369668 0
    outer loop
        vertex 4.345772 0.16844492 0.5
        vertex 4.3534703 0.14514235 0.5
        vertex 4.3534703 0.14514235 -0.5
    endloop
endfacet
facet normal 0.96378016 0.26669776 0
    outer loop
        vertex 4.3534703 0.14514235 0.5
        vertex 4.3600154 0.12149008 -0.5
        vertex 4.3534703 0.14514235 -0.5
    endloop
endfacet
facet normal 0.99969882 0.02454015 0
    outer loop
        vertex 4.375 -0 0.5
        vertex 4.375 -0 -0.5
        vertex 4.3743978 0.024533836 0.5
    endloop
endfacet
facet normal 0.99969882 0.02454015 0
    outer loop
        vertex 4.3743978 0.024533836 0.5
        vertex 4.375 -0 -0.5
        vertex 4.3743978 0.024533836 -0.5
    endloop
endfacet
facet normal 0.99729067 0.07356217 0
    outer loop
        vertex 4.3725924 0.049008567 0.5
        vertex 4.3743978 0.024533836 0.5
        vertex 4.3743978 0.024533836 -0.5
    endloop
endfacet
facet normal 0.99729067 0.07356217 -0
    outer loop
        vertex 4.3725924 0.049008567 -0.5
        vertex 4.3725924 0.049008567 0.5
        vertex 4.3743978 0.024533836 -0.5
    endloop
endfacet
facet normal 0.99247974 0.12240927 -0
    outer loop
        vertex 4.3725924 0.049008567 -0.5
        vertex 4.3695884 0.07336524 0.5
        vertex 4.3725924 0.049008567 0.5
    endloop
endfacet
facet normal 0.99247974 0.12240927 0
    outer loop
        vertex 4.3725924 0.049008567 -0.5
        vertex 4.3695884 0.07336524 -0.5
        vertex 4.3695884 0.07336524 0.5
    endloop
endfacet
facet normal 0.98527718 0.1709649 0
    outer loop
        vertex 4.3695884 0.07336524 0.5
        vertex 4.3695884 0.07336524 -0.5
        vertex 4.3653927 0.09754516 0.5
    endloop
endfacet
facet normal 0.98527718 0.1709649 0
    outer loop
        vertex 4.3653927 0.09754516 0.5
        vertex 4.3695884 0.07336524 -0.5
        vertex 4.3653927 0.09754516 -0.5
    endloop
endfacet
facet normal 0.97569966 0.21911213 0
    outer loop
        vertex 4.3600154 0.12149008 0.5
        vertex 4.3653927 0.09754516 0.5
        vertex 4.3653927 0.09754516 -0.5
    endloop
endfacet
facet normal 0.97569966 0.21911213 -0
    outer loop
        vertex 4.3600154 0.12149008 -0.5
        vertex 4.3600154 0.12149008 0.5
        vertex 4.3653927 0.09754516 -0.5
    endloop
endfacet
facet normal 0.96378016 0.26669776 -0
    outer loop
        vertex 4.3600154 0.12149008 -0.5
        vertex 4.3534703 0.14514235 0.5
        vertex 4.3600154 0.12149008 0.5
    endloop
endfacet
facet normal 0.94952327 0.31369668 0
    outer loop
        vertex 4.3534703 0.14514235 -0.5
        vertex 4.345772 0.16844492 -0.5
        vertex 4.345772 0.16844492 0.5
    endloop
endfacet
facet normal 0.93299675 0.35988471 0
    outer loop
        vertex 4.345772 0.16844492 0.5
        vertex 4.345772 0.16844492 -0.5
        vertex 4.33694 0.19134171 0.5
    endloop
endfacet
facet normal 0.93299675 0.35988471 0
    outer loop
        vertex 4.33694 0.19134171 0.5
        vertex 4.345772 0.16844492 -0.5
        vertex 4.33694 0.19134171 -0.5
    endloop
endfacet
facet normal 0.91421288 0.40523443 0
    outer loop
        vertex 4.326995 0.21377754 0.5
        vertex 4.33694 0.19134171 0.5
        vertex 4.33694 0.19134171 -0.5
    endloop
endfacet
facet normal 0.91421288 0.40523443 -0
    outer loop
        vertex 4.326995 0.21377754 -0.5
        vertex 4.326995 0.21377754 0.5
        vertex 4.33694 0.19134171 -0.5
    endloop
endfacet
facet normal 0.89321661 0.44962662 -0
    outer loop
        vertex 4.326995 0.21377754 -0.5
        vertex 4.3159604 0.23569837 0.5
        vertex 4.326995 0.21377754 0.5
    endloop
endfacet
facet normal 0.89321661 0.44962662 0
    outer loop
        vertex 4.326995 0.21377754 -0.5
        vertex 4.3159604 0.23569837 -0.5
        vertex 4.3159604 0.23569837 0.5
    endloop
endfacet
facet normal 0.87009406 0.49288586 0
    outer loop
        vertex 4.3159604 0.23569837 0.5
        vertex 4.3159604 0.23569837 -0.5
        vertex 4.3038645 0.25705138 0.5
    endloop
endfacet
facet normal 0.87009406 0.49288586 0
    outer loop
        vertex 4.3038645 0.25705138 0.5
        vertex 4.3159604 0.23569837 -0.5
        vertex 4.3038645 0.25705138 -0.5
    endloop
endfacet
facet normal 0.84484959 0.53500378 0
    outer loop
        vertex 4.290735 0.27778512 0.5
        vertex 4.3038645 0.25705138 0.5
        vertex 4.3038645 0.25705138 -0.5
    endloop
endfacet
facet normal 0.84484959 0.53500378 -0
    outer loop
        vertex 4.290735 0.27778512 -0.5
        vertex 4.290735 0.27778512 0.5
        vertex 4.3038645 0.25705138 -0.5
    endloop
endfacet
facet normal 0.81758422 0.57580906 -0
    outer loop
        vertex 4.290735 0.27778512 -0.5
        vertex 4.2766037 0.29784966 0.5
        vertex 4.290735 0.27778512 0.5
    endloop
endfacet
facet normal 0.81758422 0.57580906 0
    outer loop
        vertex 4.290735 0.27778512 -0.5
        vertex 4.2766037 0.29784966 -0.5
        vertex 4.2766037 0.29784966 0.5
    endloop
endfacet
facet normal 0.78834569 0.61523259 0
    outer loop
        vertex 4.2766037 0.29784966 0.5
        vertex 4.2766037 0.29784966 -0.5
        vertex 4.261505 0.31719664 0.5
    endloop
endfacet
facet normal 0.75720567 0.65317649 0
    outer loop
        vertex 4.261505 0.31719664 0.5
        vertex 4.261505 0.31719664 -0.5
        vertex 4.2454753 0.3357795 0.5
    endloop
endfacet
facet normal 0.75720567 0.65317649 0
    outer loop
        vertex 4.2454753 0.3357795 0.5
        vertex 4.261505 0.31719664 -0.5
        vertex 4.2454753 0.3357795 -0.5
    endloop
endfacet
facet normal 0.72425085 0.68953651 0
    outer loop
        vertex 4.2285533 0.3535534 0.5
        vertex 4.2454753 0.3357795 0.5
        vertex 4.2454753 0.3357795 -0.5
    endloop
endfacet
facet normal 0.72425085 0.68953651 -0
    outer loop
        vertex 4.2285533 0.3535534 -0.5
        vertex 4.2285533 0.3535534 0.5
        vertex 4.2454753 0.3357795 -0.5
    endloop
endfacet
facet normal 0.68954581 0.72424215 -0
    outer loop
        vertex 4.2285533 0.3535534 -0.5
        vertex 4.2107797 0.37047556 0.5
        vertex 4.2285533 0.3535534 0.5
    endloop
endfacet
facet normal 0.68954581 0.72424215 0
    outer loop
        vertex 4.2285533 0.3535534 -0.5
        vertex 4.2107797 0.37047556 -0.5
        vertex 4.2107797 0.37047556 0.5
    endloop
endfacet
facet normal 0.65317297 0.75720876 0
    outer loop
        vertex 4.2107797 0.37047556 0.5
        vertex 4.2107797 0.37047556 -0.5
        vertex 4.192197 0.38650522 0.5
    endloop
endfacet
facet normal -0.99969882 0.02454015 0
    outer loop
        vertex 3.3756022 0.024533836 0.5
        vertex 3.3756022 0.024533836 -0.5
        vertex 3.375 -0.0000000000000015212231 -0.5
    endloop
endfacet
facet normal 0.61522841 0.78834885 0
    outer loop
        vertex 4.1728497 0.4016038 0.5
        vertex 4.192197 0.38650522 -0.5
        vertex 4.1728497 0.4016038 -0.5
    endloop
endfacet
facet normal 0.53498733 0.84486008 0
    outer loop
        vertex 4.1527853 0.4157348 0.5
        vertex 4.1527853 0.4157348 -0.5
        vertex 4.132051 0.4288643 0.5
    endloop
endfacet
facet normal 0.4929029 0.8700844 0
    outer loop
        vertex 4.132051 0.4288643 -0.5
        vertex 4.110698 0.44096065 -0.5
        vertex 4.110698 0.44096065 0.5
    endloop
endfacet
facet normal 0.40524501 0.91420817 -0
    outer loop
        vertex 4.0887775 0.45199463 -0.5
        vertex 4.066342 0.46193978 0.5
        vertex 4.0887775 0.45199463 0.5
    endloop
endfacet
facet normal 0.35989571 0.93299258 -0
    outer loop
        vertex 4.043445 0.47077206 -0.5
        vertex 4.043445 0.47077206 0.5
        vertex 4.066342 0.46193978 -0.5
    endloop
endfacet
facet normal 0.26670939 0.96377695 0
    outer loop
        vertex 3.99649 0.48501563 0.5
        vertex 4.0201426 0.47847018 0.5
        vertex 4.0201426 0.47847018 -0.5
    endloop
endfacet
facet normal 0.21910115 0.97570211 0
    outer loop
        vertex 3.9725451 0.49039263 0.5
        vertex 3.99649 0.48501563 -0.5
        vertex 3.9725451 0.49039263 -0.5
    endloop
endfacet
facet normal 0.12241084 0.9924795 0
    outer loop
        vertex 3.9483654 0.49458823 0.5
        vertex 3.9483654 0.49458823 -0.5
        vertex 3.9240084 0.4975924 0.5
    endloop
endfacet
facet normal 0.07356371 0.99729055 0
    outer loop
        vertex 3.9240084 0.4975924 -0.5
        vertex 3.8995337 0.49939772 -0.5
        vertex 3.8995337 0.49939772 0.5
    endloop
endfacet
facet normal -0.02454145 0.99969888 0
    outer loop
        vertex 3.875 0.5 -0.5
        vertex 3.8504663 0.49939772 0.5
        vertex 3.875 0.5 0.5
    endloop
endfacet
facet normal -0.07356299 0.99729055 0
    outer loop
        vertex 3.8259914 0.4975924 -0.5
        vertex 3.8259914 0.4975924 0.5
        vertex 3.8504663 0.49939772 -0.5
    endloop
endfacet
facet normal -0.17096126 0.98527777 0
    outer loop
        vertex 3.7774549 0.49039263 0.5
        vertex 3.8016348 0.49458823 0.5
        vertex 3.8016348 0.49458823 -0.5
    endloop
endfacet
facet normal -0.21909907 0.97570264 0
    outer loop
        vertex 3.7535098 0.48501563 0.5
        vertex 3.7774549 0.49039263 -0.5
        vertex 3.7535098 0.48501563 -0.5
    endloop
endfacet
facet normal -0.31368154 0.94952828 0
    outer loop
        vertex 3.7298577 0.47847018 0.5
        vertex 3.7298577 0.47847018 -0.5
        vertex 3.7065551 0.47077206 0.5
    endloop
endfacet
facet normal -0.35989571 0.93299258 0
    outer loop
        vertex 3.7065551 0.47077206 -0.5
        vertex 3.6836584 0.46193978 -0.5
        vertex 3.6836584 0.46193978 0.5
    endloop
endfacet
facet normal -0.44960868 0.89322561 0
    outer loop
        vertex 3.6612225 0.45199463 -0.5
        vertex 3.6393015 0.44096065 0.5
        vertex 3.6612225 0.45199463 0.5
    endloop
endfacet
facet normal -0.4928987 0.87008673 0
    outer loop
        vertex 3.6179485 0.4288643 -0.5
        vertex 3.6179485 0.4288643 0.5
        vertex 3.6393015 0.44096065 -0.5
    endloop
endfacet
facet normal -0.57581085 0.81758302 0
    outer loop
        vertex 3.5771503 0.4016038 0.5
        vertex 3.5972147 0.4157348 0.5
        vertex 3.5972147 0.4157348 -0.5
    endloop
endfacet
facet normal -0.61523318 0.78834522 0
    outer loop
        vertex 3.5578034 0.38650522 0.5
        vertex 3.5771503 0.4016038 -0.5
        vertex 3.5578034 0.38650522 -0.5
    endloop
endfacet
facet normal -0.68953615 0.72425139 0
    outer loop
        vertex 3.5392206 0.37047556 0.5
        vertex 3.5392206 0.37047556 -0.5
        vertex 3.5214465 0.3535534 0.5
    endloop
endfacet
facet normal -0.72424608 0.68954164 0
    outer loop
        vertex 3.5214465 0.3535534 -0.5
        vertex 3.5045242 0.3357795 -0.5
        vertex 3.5045242 0.3357795 0.5
    endloop
endfacet
facet normal -0.78834569 0.61523259 0
    outer loop
        vertex 3.4884946 0.31719664 -0.5
        vertex 3.473396 0.29784966 0.5
        vertex 3.4884946 0.31719664 0.5
    endloop
endfacet
facet normal -0.81758875 0.57580251 0
    outer loop
        vertex 3.4592652 0.27778512 -0.5
        vertex 3.4592652 0.27778512 0.5
        vertex 3.473396 0.29784966 -0.5
    endloop
endfacet
facet normal -0.87008983 0.49289319 0
    outer loop
        vertex 3.4340396 0.23569837 0.5
        vertex 3.4461358 0.25705138 0.5
        vertex 3.4461358 0.25705138 -0.5
    endloop
endfacet
facet normal -0.89322048 0.44961885 0
    outer loop
        vertex 3.4230053 0.21377754 0.5
        vertex 3.4340396 0.23569837 -0.5
        vertex 3.4230053 0.21377754 -0.5
    endloop
endfacet
facet normal -0.93299347 0.35989314 0
    outer loop
        vertex 3.4130602 0.19134171 0.5
        vertex 3.4130602 0.19134171 -0.5
        vertex 3.404228 0.16844492 0.5
    endloop
endfacet
facet normal -0.94952899 0.31367913 0
    outer loop
        vertex 3.404228 0.16844492 -0.5
        vertex 3.39653 0.14514235 -0.5
        vertex 3.39653 0.14514235 0.5
    endloop
endfacet
facet normal -0.97570175 0.21910287 0
    outer loop
        vertex 3.3899844 0.12149008 -0.5
        vertex 3.3846073 0.09754516 0.5
        vertex 3.3899844 0.12149008 0.5
    endloop
endfacet
facet normal -0.98527718 0.1709649 0
    outer loop
        vertex 3.3804116 0.07336524 -0.5
        vertex 3.3804116 0.07336524 0.5
        vertex 3.3846073 0.09754516 -0.5
    endloop
endfacet
facet normal -0.99969882 0.02454015 0
    outer loop
        vertex 3.3756022 0.024533836 0.5
        vertex 3.375 -0.0000000000000015212231 -0.5
        vertex 3.375 -0.0000000000000015212231 0.5
    endloop
endfacet
facet normal -0.99729002 0.07357184 0
    outer loop
        vertex 3.3774078 0.049008567 -0.5
        vertex 3.3756022 0.024533836 0.5
        vertex 3.3774078 0.049008567 0.5
    endloop
endfacet
facet normal 0.98078793 0.19507717 0
    outer loop
        vertex 3.8565223 -0.0076536685 0.5
        vertex 3.855 0.0000000000000011125324 -0.5
        vertex 3.855 0.0000000000000011125324 0.5
    endloop
endfacet
facet normal 0.98078793 0.19507717 -0
    outer loop
        vertex 3.8565223 -0.0076536685 -0.5
        vertex 3.855 0.0000000000000011125324 -0.5
        vertex 3.8565223 -0.0076536685 0.5
    endloop
endfacet
facet normal 0.83147258 0.55556566 -0
    outer loop
        vertex 3.8565223 -0.0076536685 -0.5
        vertex 3.8565223 -0.0076536685 0.5
        vertex 3.8608577 -0.014142135 0.5
    endloop
endfacet
facet normal 0.83147258 0.55556566 0
    outer loop
        vertex 3.8565223 -0.0076536685 -0.5
        vertex 3.8608577 -0.014142135 0.5
        vertex 3.8608577 -0.014142135 -0.5
    endloop
endfacet
facet normal 0.55555058 0.83148277 0
    outer loop
        vertex 3.8608577 -0.014142135 0.5
        vertex 3.8673465 -0.01847759 0.5
        vertex 3.8608577 -0.014142135 -0.5
    endloop
endfacet
facet normal 0.55555058 0.83148277 0
    outer loop
        vertex 3.8673465 -0.01847759 0.5
        vertex 3.8673465 -0.01847759 -0.5
        vertex 3.8608577 -0.014142135 -0.5
    endloop
endfacet
facet normal 0.19509524 0.98078436 0
    outer loop
        vertex 3.875 -0.020000001 0.5
        vertex 3.8673465 -0.01847759 -0.5
        vertex 3.8673465 -0.01847759 0.5
    endloop
endfacet
facet normal -0.98078793 0.19507717 0
    outer loop
        vertex 3.8949997 -0.0000000000000000048985876 0.5
        vertex 3.8949997 -0.0000000000000000048985876 -0.5
        vertex 3.8934774 -0.0076536685 -0.5
    endloop
endfacet
facet normal -0.98078793 0.19507717 0
    outer loop
        vertex 3.8934774 -0.0076536685 -0.5
        vertex 3.8934774 -0.0076536685 0.5
        vertex 3.8949997 -0.0000000000000000048985876 0.5
    endloop
endfacet
facet normal -0.83147258 0.55556566 0
    outer loop
        vertex 3.889142 -0.014142135 -0.5
        vertex 3.8934774 -0.0076536685 0.5
        vertex 3.8934774 -0.0076536685 -0.5
    endloop
endfacet
facet normal -0.83147258 0.55556566 0
    outer loop
        vertex 3.889142 -0.014142135 0.5
        vertex 3.8934774 -0.0076536685 0.5
        vertex 3.889142 -0.014142135 -0.5
    endloop
endfacet
facet normal -0.55557883 0.83146393 0
    outer loop
        vertex 3.889142 -0.014142135 0.5
        vertex 3.889142 -0.014142135 -0.5
        vertex 3.8826537 -0.01847759 -0.5
    endloop
endfacet
facet normal 0.19509524 0.98078436 0
    outer loop
        vertex 3.8673465 -0.01847759 -0.5
        vertex 3.875 -0.020000001 0.5
        vertex 3.875 -0.020000001 -0.5
    endloop
endfacet
facet normal -0.55557883 0.83146393 0
    outer loop
        vertex 3.8826537 -0.01847759 -0.5
        vertex 3.8826537 -0.01847759 0.5
        vertex 3.889142 -0.014142135 0.5
    endloop
endfacet
facet normal -0.19508938 0.98078549 0
    outer loop
        vertex 3.875 -0.020000001 -0.5
        vertex 3.8826537 -0.01847759 0.5
        vertex 3.8826537 -0.01847759 -0.5
    endloop
endfacet
facet normal -0.19508938 0.98078549 0
    outer loop
        vertex 3.875 -0.020000001 0.5
        vertex 3.8826537 -0.01847759 0.5
        vertex 3.875 -0.020000001 -0.5
    endloop
endfacet
facet normal 0.87266397 -0.48832124 0
    outer loop
        vertex 0.93403065 -2.1445081 0
        vertex 0.93403065 -2.1445081 0.2
        vertex 0.875 -2.25 0
    endloop
endfacet
facet normal 0.85920745 -0.51162738 0
    outer loop
        vertex 0.99587864 -2.040643 0
        vertex 0.93403065 -2.1445081 0.2
        vertex 0.93403065 -2.1445081 0
    endloop
endfacet
facet normal 0.84512979 -0.53456104 0
    outer loop
        vertex 1.0604991 -1.9384794 0
        vertex 0.99587864 -2.040643 0.2
        vertex 0.99587864 -2.040643 0
    endloop
endfacet
facet normal 0.84512979 -0.53456104 0
    outer loop
        vertex 1.0604991 -1.9384794 0.2
        vertex 0.99587864 -2.040643 0.2
        vertex 1.0604991 -1.9384794 0
    endloop
endfacet
facet normal 0.83043969 -0.55710852 0
    outer loop
        vertex 1.127845 -1.8380919 0.2
        vertex 1.0604991 -1.9384794 0.2
        vertex 1.127845 -1.8380919 0
    endloop
endfacet
facet normal 0.815148 -0.57925278 0
    outer loop
        vertex 1.127845 -1.8380919 0.2
        vertex 1.127845 -1.8380919 0
        vertex 1.197868 -1.7395527 0
    endloop
endfacet
facet normal 0.7992661 -0.6009773 0
    outer loop
        vertex 1.197868 -1.7395527 0.2
        vertex 1.2705171 -1.6429335 0
        vertex 1.2705171 -1.6429335 0.2
    endloop
endfacet
facet normal 0.78280562 -0.62226623 0
    outer loop
        vertex 1.2705171 -1.6429335 0.2
        vertex 1.3457397 -1.5483041 0
        vertex 1.3457397 -1.5483041 0.2
    endloop
endfacet
facet normal 0.76577693 -0.64310628 0
    outer loop
        vertex 1.3457397 -1.5483041 0.2
        vertex 1.4234816 -1.4557332 0
        vertex 1.4234816 -1.4557332 0.2
    endloop
endfacet
facet normal 0.74819595 -0.66347772 0
    outer loop
        vertex 1.4234816 -1.4557332 0.2
        vertex 1.503686 -1.3652877 0
        vertex 1.503686 -1.3652877 0.2
    endloop
endfacet
facet normal 0.73007095 -0.68337137 0
    outer loop
        vertex 1.503686 -1.3652877 0.2
        vertex 1.5862952 -1.2770331 0
        vertex 1.5862952 -1.2770331 0.2
    endloop
endfacet
facet normal 0.71141976 -0.70276737 0
    outer loop
        vertex 1.5862952 -1.2770331 0.2
        vertex 1.6712493 -1.1910331 0
        vertex 1.6712493 -1.1910331 0.2
    endloop
endfacet
facet normal 0.69225007 -0.72165775 0
    outer loop
        vertex 1.6712493 -1.1910331 0.2
        vertex 1.7584867 -1.1073506 0
        vertex 1.7584867 -1.1073506 0.2
    endloop
endfacet
facet normal 0.67258173 -0.74002272 0
    outer loop
        vertex 1.7584867 -1.1073506 0.2
        vertex 1.8479444 -1.0260456 0
        vertex 1.8479444 -1.0260456 0.2
    endloop
endfacet
facet normal 0.65242487 -0.75785339 0
    outer loop
        vertex 1.8479444 -1.0260456 0.2
        vertex 1.9395574 -0.94717723 0
        vertex 1.9395574 -0.94717723 0.2
    endloop
endfacet
facet normal 0.63179708 -0.77513385 0
    outer loop
        vertex 1.9395574 -0.94717723 0.2
        vertex 2.0332594 -0.8708025 0
        vertex 2.0332594 -0.8708025 0.2
    endloop
endfacet
facet normal 0.61070961 -0.79185474 0
    outer loop
        vertex 2.0332594 -0.8708025 0.2
        vertex 2.1289828 -0.79697686 0
        vertex 2.1289828 -0.79697686 0.2
    endloop
endfacet
facet normal 0.58918113 -0.80800098 0
    outer loop
        vertex 2.1289828 -0.79697686 0.2
        vertex 2.2266579 -0.7257538 0
        vertex 2.2266579 -0.7257538 0.2
    endloop
endfacet
facet normal 0.56722611 -0.82356215 0
    outer loop
        vertex 2.2266579 -0.7257538 0.2
        vertex 2.326214 -0.6571847 0
        vertex 2.326214 -0.6571847 0.2
    endloop
endfacet
facet normal 0.54486054 -0.83852661 0
    outer loop
        vertex 2.326214 -0.6571847 0.2
        vertex 2.4275792 -0.5913194 0
        vertex 2.4275792 -0.5913194 0.2
    endloop
endfacet
facet normal 0.522098 -0.85288554 0
    outer loop
        vertex 2.4275792 -0.5913194 0.2
        vertex 2.5306804 -0.52820545 0
        vertex 2.5306804 -0.52820545 0.2
    endloop
endfacet
facet normal 0.49896163 -0.86662406 0
    outer loop
        vertex 2.5306804 -0.52820545 0.2
        vertex 2.635442 -0.46788862 0
        vertex 2.635442 -0.46788862 0.2
    endloop
endfacet
facet normal 0.4754599 -0.87973738 0
    outer loop
        vertex 2.635442 -0.46788862 0.2
        vertex 2.741789 -0.41041264 0
        vertex 2.741789 -0.41041264 0.2
    endloop
endfacet
facet normal 0.45161581 -0.89221245 0
    outer loop
        vertex 2.741789 -0.41041264 0.2
        vertex 2.8496442 -0.35581908 0
        vertex 2.8496442 -0.35581908 0.2
    endloop
endfacet
facet normal 0.42744488 -0.90404141 0
    outer loop
        vertex 2.8496442 -0.35581908 0.2
        vertex 2.958929 -0.30414748 0
        vertex 2.958929 -0.30414748 0.2
    endloop
endfacet
facet normal 0.4029634 -0.91521615 0
    outer loop
        vertex 2.958929 -0.30414748 0.2
        vertex 3.0695648 -0.25543532 0
        vertex 3.0695648 -0.25543532 0.2
    endloop
endfacet
facet normal 0.37819058 -0.92572773 0
    outer loop
        vertex 3.0695648 -0.25543532 0.2
        vertex 3.1814713 -0.20971778 0
        vertex 3.1814713 -0.20971778 0.2
    endloop
endfacet
facet normal 0.35314363 -0.93556911 0
    outer loop
        vertex 3.1814713 -0.20971778 0
        vertex 3.2945676 -0.16702802 0
        vertex 3.1814713 -0.20971778 0.2
    endloop
endfacet
facet normal 0.32784122 -0.94473284 0
    outer loop
        vertex 3.2945676 -0.16702802 0
        vertex 3.4087715 -0.12739697 0
        vertex 3.2945676 -0.16702802 0.2
    endloop
endfacet
facet normal 0.30230099 -0.9532125 0
    outer loop
        vertex 3.4087715 -0.12739697 0
        vertex 3.5240006 -0.0908533 0
        vertex 3.4087715 -0.12739697 0.2
    endloop
endfacet
facet normal 0.27654237 -0.96100169 0
    outer loop
        vertex 3.5240006 -0.0908533 0.2
        vertex 3.5240006 -0.0908533 0
        vertex 3.6401713 -0.057423495 0
    endloop
endfacet
facet normal 0.22444296 -0.97448725 0
    outer loop
        vertex 3.875 -0 0
        vertex 3.875 -0 0.2
        vertex 3.7571993 -0.027131746 0.2
    endloop
endfacet
facet normal 0.22444296 -0.97448725 0
    outer loop
        vertex 3.875 -0 0
        vertex 3.7571993 -0.027131746 0.2
        vertex 3.7571993 -0.027131746 0
    endloop
endfacet
facet normal 0.25058353 -0.968095 0
    outer loop
        vertex 3.7571993 -0.027131746 0.2
        vertex 3.6401713 -0.057423495 0.2
        vertex 3.7571993 -0.027131746 0
    endloop
endfacet
facet normal 0.25058353 -0.968095 0
    outer loop
        vertex 3.6401713 -0.057423495 0.2
        vertex 3.6401713 -0.057423495 0
        vertex 3.7571993 -0.027131746 0
    endloop
endfacet
facet normal 0.27654237 -0.96100169 0
    outer loop
        vertex 3.5240006 -0.0908533 0.2
        vertex 3.6401713 -0.057423495 0
        vertex 3.6401713 -0.057423495 0.2
    endloop
endfacet
facet normal 0.30230099 -0.9532125 0
    outer loop
        vertex 3.4087715 -0.12739697 0.2
        vertex 3.5240006 -0.0908533 0
        vertex 3.5240006 -0.0908533 0.2
    endloop
endfacet
facet normal 0.32784122 -0.94473284 0
    outer loop
        vertex 3.2945676 -0.16702802 0.2
        vertex 3.4087715 -0.12739697 0
        vertex 3.4087715 -0.12739697 0.2
    endloop
endfacet
facet normal 0.35314363 -0.93556911 0
    outer loop
        vertex 3.1814713 -0.20971778 0.2
        vertex 3.2945676 -0.16702802 0
        vertex 3.2945676 -0.16702802 0.2
    endloop
endfacet
facet normal 0.37819058 -0.92572773 0
    outer loop
        vertex 3.0695648 -0.25543532 0.2
        vertex 3.0695648 -0.25543532 0
        vertex 3.1814713 -0.20971778 0
    endloop
endfacet
facet normal 0.4029634 -0.91521615 0
    outer loop
        vertex 2.958929 -0.30414748 0.2
        vertex 2.958929 -0.30414748 0
        vertex 3.0695648 -0.25543532 0
    endloop
endfacet
facet normal 0.42744488 -0.90404141 0
    outer loop
        vertex 2.8496442 -0.35581908 0.2
        vertex 2.8496442 -0.35581908 0
        vertex 2.958929 -0.30414748 0
    endloop
endfacet
facet normal 0.45161581 -0.89221245 0
    outer loop
        vertex 2.741789 -0.41041264 0.2
        vertex 2.741789 -0.41041264 0
        vertex 2.8496442 -0.35581908 0
    endloop
endfacet
facet normal 0.4754599 -0.87973738 0
    outer loop
        vertex 2.635442 -0.46788862 0.2
        vertex 2.635442 -0.46788862 0
        vertex 2.741789 -0.41041264 0
    endloop
endfacet
facet normal 0.49896163 -0.86662406 0
    outer loop
        vertex 2.5306804 -0.52820545 0.2
        vertex 2.5306804 -0.52820545 0
        vertex 2.635442 -0.46788862 0
    endloop
endfacet
facet normal 0.522098 -0.85288554 0
    outer loop
        vertex 2.4275792 -0.5913194 0.2
        vertex 2.4275792 -0.5913194 0
        vertex 2.5306804 -0.52820545 0
    endloop
endfacet
facet normal 0.54486054 -0.83852661 0
    outer loop
        vertex 2.326214 -0.6571847 0.2
        vertex 2.326214 -0.6571847 0
        vertex 2.4275792 -0.5913194 0
    endloop
endfacet
facet normal 0.56722611 -0.82356215 0
    outer loop
        vertex 2.2266579 -0.7257538 0.2
        vertex 2.2266579 -0.7257538 0
        vertex 2.326214 -0.6571847 0
    endloop
endfacet
facet normal 0.58918113 -0.80800098 0
    outer loop
        vertex 2.1289828 -0.79697686 0.2
        vertex 2.1289828 -0.79697686 0
        vertex 2.2266579 -0.7257538 0
    endloop
endfacet
facet normal 0.61070961 -0.79185474 0
    outer loop
        vertex 2.0332594 -0.8708025 0.2
        vertex 2.0332594 -0.8708025 0
        vertex 2.1289828 -0.79697686 0
    endloop
endfacet
facet normal 0.63179708 -0.77513385 0
    outer loop
        vertex 1.9395574 -0.94717723 0.2
        vertex 1.9395574 -0.94717723 0
        vertex 2.0332594 -0.8708025 0
    endloop
endfacet
facet normal 0.65242487 -0.75785339 0
    outer loop
        vertex 1.8479444 -1.0260456 0.2
        vertex 1.8479444 -1.0260456 0
        vertex 1.9395574 -0.94717723 0
    endloop
endfacet
facet normal 0.67258173 -0.74002272 0
    outer loop
        vertex 1.7584867 -1.1073506 0.2
        vertex 1.7584867 -1.1073506 0
        vertex 1.8479444 -1.0260456 0
    endloop
endfacet
facet normal 0.69225007 -0.72165775 0
    outer loop
        vertex 1.6712493 -1.1910331 0.2
        vertex 1.6712493 -1.1910331 0
        vertex 1.7584867 -1.1073506 0
    endloop
endfacet
facet normal 0.71141976 -0.70276737 0
    outer loop
        vertex 1.5862952 -1.2770331 0.2
        vertex 1.5862952 -1.2770331 0
        vertex 1.6712493 -1.1910331 0
    endloop
endfacet
facet normal 0.73007095 -0.68337137 0
    outer loop
        vertex 1.503686 -1.3652877 0.2
        vertex 1.503686 -1.3652877 0
        vertex 1.5862952 -1.2770331 0
    endloop
endfacet
facet normal 0.74819595 -0.66347772 0
    outer loop
        vertex 1.4234816 -1.4557332 0.2
        vertex 1.4234816 -1.4557332 0
        vertex 1.503686 -1.3652877 0
    endloop
endfacet
facet normal 0.76577693 -0.64310628 0
    outer loop
        vertex 1.3457397 -1.5483041 0.2
        vertex 1.3457397 -1.5483041 0
        vertex 1.4234816 -1.4557332 0
    endloop
endfacet
facet normal 0.78280562 -0.62226623 0
    outer loop
        vertex 1.2705171 -1.6429335 0.2
        vertex 1.2705171 -1.6429335 0
        vertex 1.3457397 -1.5483041 0
    endloop
endfacet
facet normal 0.7992661 -0.6009773 0
    outer loop
        vertex 1.197868 -1.7395527 0.2
        vertex 1.197868 -1.7395527 0
        vertex 1.2705171 -1.6429335 0
    endloop
endfacet
facet normal 0.87266397 -0.48832124 0
    outer loop
        vertex 0.93403065 -2.1445081 0.2
        vertex 0.875 -2.25 0.2
        vertex 0.875 -2.25 0
    endloop
endfacet
facet normal 0.85920745 -0.51162738 0
    outer loop
        vertex 0.93403065 -2.1445081 0.2
        vertex 0.99587864 -2.040643 0
        vertex 0.99587864 -2.040643 0.2
    endloop
endfacet
facet normal 0.83043969 -0.55710852 0
    outer loop
        vertex 1.0604991 -1.9384794 0
        vertex 1.127845 -1.8380919 0
        vertex 1.0604991 -1.9384794 0.2
    endloop
endfacet
facet normal 0.815148 -0.57925278 0
    outer loop
        vertex 1.197868 -1.7395527 0
        vertex 1.197868 -1.7395527 0.2
        vertex 1.127845 -1.8380919 0.2
    endloop
endfacet
facet normal 0.22444296 0.97448725 -0
    outer loop
        vertex 3.7571993 0.027131746 0
        vertex 3.7571993 0.027131746 0.2
        vertex 3.875 -0 0
    endloop
endfacet
facet normal 0.25058353 0.968095 0
    outer loop
        vertex 3.6401713 0.057423495 0
        vertex 3.7571993 0.027131746 0.2
        vertex 3.7571993 0.027131746 0
    endloop
endfacet
facet normal 0.27654237 0.96100169 0
    outer loop
        vertex 3.5240006 0.0908533 0
        vertex 3.6401713 0.057423495 0.2
        vertex 3.6401713 0.057423495 0
    endloop
endfacet
facet normal 0.27654237 0.96100169 0
    outer loop
        vertex 3.5240006 0.0908533 0.2
        vertex 3.6401713 0.057423495 0.2
        vertex 3.5240006 0.0908533 0
    endloop
endfacet
facet normal 0.30230099 0.9532125 0
    outer loop
        vertex 3.4087715 0.12739697 0.2
        vertex 3.5240006 0.0908533 0.2
        vertex 3.4087715 0.12739697 0
    endloop
endfacet
facet normal 0.32784122 0.94473284 0
    outer loop
        vertex 3.4087715 0.12739697 0.2
        vertex 3.4087715 0.12739697 0
        vertex 3.2945676 0.16702802 0
    endloop
endfacet
facet normal 0.35314363 0.93556911 0
    outer loop
        vertex 3.2945676 0.16702802 0.2
        vertex 3.1814713 0.20971778 0
        vertex 3.1814713 0.20971778 0.2
    endloop
endfacet
facet normal 0.37819058 0.92572773 0
    outer loop
        vertex 3.1814713 0.20971778 0.2
        vertex 3.0695648 0.25543532 0
        vertex 3.0695648 0.25543532 0.2
    endloop
endfacet
facet normal 0.4029634 0.91521615 0
    outer loop
        vertex 3.0695648 0.25543532 0.2
        vertex 2.958929 0.30414748 0
        vertex 2.958929 0.30414748 0.2
    endloop
endfacet
facet normal 0.42744488 0.90404141 0
    outer loop
        vertex 2.958929 0.30414748 0.2
        vertex 2.8496442 0.35581908 0
        vertex 2.8496442 0.35581908 0.2
    endloop
endfacet
facet normal 0.45161581 0.89221245 0
    outer loop
        vertex 2.8496442 0.35581908 0.2
        vertex 2.741789 0.41041264 0
        vertex 2.741789 0.41041264 0.2
    endloop
endfacet
facet normal 0.4754599 0.87973738 0
    outer loop
        vertex 2.741789 0.41041264 0.2
        vertex 2.635442 0.46788862 0
        vertex 2.635442 0.46788862 0.2
    endloop
endfacet
facet normal 0.49896163 0.86662406 0
    outer loop
        vertex 2.635442 0.46788862 0.2
        vertex 2.5306804 0.52820545 0
        vertex 2.5306804 0.52820545 0.2
    endloop
endfacet
facet normal 0.522098 0.85288554 0
    outer loop
        vertex 2.5306804 0.52820545 0.2
        vertex 2.4275792 0.5913194 0
        vertex 2.4275792 0.5913194 0.2
    endloop
endfacet
facet normal 0.54486054 0.83852661 0
    outer loop
        vertex 2.4275792 0.5913194 0.2
        vertex 2.326214 0.6571847 0
        vertex 2.326214 0.6571847 0.2
    endloop
endfacet
facet normal 0.56722611 0.82356215 0
    outer loop
        vertex 2.326214 0.6571847 0.2
        vertex 2.2266579 0.7257538 0
        vertex 2.2266579 0.7257538 0.2
    endloop
endfacet
facet normal 0.58918113 0.80800098 0
    outer loop
        vertex 2.2266579 0.7257538 0.2
        vertex 2.1289828 0.79697686 0
        vertex 2.1289828 0.79697686 0.2
    endloop
endfacet
facet normal 0.61070961 0.79185474 0
    outer loop
        vertex 2.1289828 0.79697686 0.2
        vertex 2.0332594 0.8708025 0
        vertex 2.0332594 0.8708025 0.2
    endloop
endfacet
facet normal 0.63179708 0.77513385 0
    outer loop
        vertex 2.0332594 0.8708025 0.2
        vertex 1.9395574 0.94717723 0
        vertex 1.9395574 0.94717723 0.2
    endloop
endfacet
facet normal 0.65242487 0.75785339 0
    outer loop
        vertex 1.9395574 0.94717723 0.2
        vertex 1.8479444 1.0260456 0
        vertex 1.8479444 1.0260456 0.2
    endloop
endfacet
facet normal 0.67258173 0.74002272 0
    outer loop
        vertex 1.8479444 1.0260456 0.2
        vertex 1.7584867 1.1073506 0
        vertex 1.7584867 1.1073506 0.2
    endloop
endfacet
facet normal 0.69225007 0.72165775 0
    outer loop
        vertex 1.7584867 1.1073506 0.2
        vertex 1.6712493 1.1910331 0
        vertex 1.6712493 1.1910331 0.2
    endloop
endfacet
facet normal 0.71141976 0.70276737 0
    outer loop
        vertex 1.6712493 1.1910331 0.2
        vertex 1.5862952 1.2770331 0
        vertex 1.5862952 1.2770331 0.2
    endloop
endfacet
facet normal 0.73007095 0.68337137 0
    outer loop
        vertex 1.5862952 1.2770331 0.2
        vertex 1.503686 1.3652877 0
        vertex 1.503686 1.3652877 0.2
    endloop
endfacet
facet normal 0.74819595 0.66347772 0
    outer loop
        vertex 1.503686 1.3652877 0.2
        vertex 1.4234816 1.4557332 0
        vertex 1.4234816 1.4557332 0.2
    endloop
endfacet
facet normal 0.76577693 0.64310628 0
    outer loop
        vertex 1.4234816 1.4557332 0.2
        vertex 1.3457397 1.5483041 0
        vertex 1.3457397 1.5483041 0.2
    endloop
endfacet
facet normal 0.78280562 0.62226623 0
    outer loop
        vertex 1.3457397 1.5483041 0.2
        vertex 1.2705171 1.6429335 0
        vertex 1.2705171 1.6429335 0.2
    endloop
endfacet
facet normal 0.7992661 0.6009773 -0
    outer loop
        vertex 1.2705171 1.6429335 0
        vertex 1.197868 1.7395527 0
        vertex 1.2705171 1.6429335 0.2
    endloop
endfacet
facet normal 0.815148 0.57925278 -0
    outer loop
        vertex 1.197868 1.7395527 0
        vertex 1.127845 1.8380919 0
        vertex 1.197868 1.7395527 0.2
    endloop
endfacet
facet normal 0.83043969 0.55710852 -0
    outer loop
        vertex 1.127845 1.8380919 0
        vertex 1.0604991 1.9384794 0
        vertex 1.127845 1.8380919 0.2
    endloop
endfacet
facet normal 0.84512979 0.53456104 0
    outer loop
        vertex 1.0604991 1.9384794 0.2
        vertex 1.0604991 1.9384794 0
        vertex 0.99587864 2.040643 0
    endloop
endfacet
facet normal 0.87266397 0.48832124 -0
    outer loop
        vertex 0.875 2.25 0
        vertex 0.875 2.25 0.2
        vertex 0.93403065 2.1445081 0.2
    endloop
endfacet
facet normal 0.87266397 0.48832124 0
    outer loop
        vertex 0.875 2.25 0
        vertex 0.93403065 2.1445081 0.2
        vertex 0.93403065 2.1445081 0
    endloop
endfacet
facet normal 0.85920745 0.51162738 0
    outer loop
        vertex 0.93403065 2.1445081 0.2
        vertex 0.99587864 2.040643 0.2
        vertex 0.93403065 2.1445081 0
    endloop
endfacet
facet normal 0.85920745 0.51162738 0
    outer loop
        vertex 0.99587864 2.040643 0.2
        vertex 0.99587864 2.040643 0
        vertex 0.93403065 2.1445081 0
    endloop
endfacet
facet normal 0.84512979 0.53456104 0
    outer loop
        vertex 1.0604991 1.9384794 0.2
        vertex 0.99587864 2.040643 0
        vertex 0.99587864 2.040643 0.2
    endloop
endfacet
facet normal 0.83043969 0.55710852 0
    outer loop
        vertex 1.127845 1.8380919 0.2
        vertex 1.0604991 1.9384794 0
        vertex 1.0604991 1.9384794 0.2
    endloop
endfacet
facet normal 0.815148 0.57925278 0
    outer loop
        vertex 1.197868 1.7395527 0.2
        vertex 1.127845 1.8380919 0
        vertex 1.127845 1.8380919 0.2
    endloop
endfacet
facet normal 0.7992661 0.6009773 0
    outer loop
        vertex 1.2705171 1.6429335 0.2
        vertex 1.197868 1.7395527 0
        vertex 1.197868 1.7395527 0.2
    endloop
endfacet
facet normal 0.78280562 0.62226623 0
    outer loop
        vertex 1.3457397 1.5483041 0.2
        vertex 1.3457397 1.5483041 0
        vertex 1.2705171 1.6429335 0
    endloop
endfacet
facet normal 0.76577693 0.64310628 0
    outer loop
        vertex 1.4234816 1.4557332 0.2
        vertex 1.4234816 1.4557332 0
        vertex 1.3457397 1.5483041 0
    endloop
endfacet
facet normal 0.74819595 0.66347772 0
    outer loop
        vertex 1.503686 1.3652877 0.2
        vertex 1.503686 1.3652877 0
        vertex 1.4234816 1.4557332 0
    endloop
endfacet
facet normal 0.73007095 0.68337137 0
    outer loop
        vertex 1.5862952 1.2770331 0.2
        vertex 1.5862952 1.2770331 0
        vertex 1.503686 1.3652877 0
    endloop
endfacet
facet normal 0.71141976 0.70276737 0
    outer loop
        vertex 1.6712493 1.1910331 0.2
        vertex 1.6712493 1.1910331 0
        vertex 1.5862952 1.2770331 0
    endloop
endfacet
facet normal 0.69225007 0.72165775 0
    outer loop
        vertex 1.7584867 1.1073506 0.2
        vertex 1.7584867 1.1073506 0
        vertex 1.6712493 1.1910331 0
    endloop
endfacet
facet normal 0.67258173 0.74002272 0
    outer loop
        vertex 1.8479444 1.0260456 0.2
        vertex 1.8479444 1.0260456 0
        vertex 1.7584867 1.1073506 0
    endloop
endfacet
facet normal 0.65242487 0.75785339 0
    outer loop
        vertex 1.9395574 0.94717723 0.2
        vertex 1.9395574 0.94717723 0
        vertex 1.8479444 1.0260456 0
    endloop
endfacet
facet normal 0.63179708 0.77513385 0
    outer loop
        vertex 2.0332594 0.8708025 0.2
        vertex 2.0332594 0.8708025 0
        vertex 1.9395574 0.94717723 0
    endloop
endfacet
facet normal 0.61070961 0.79185474 0
    outer loop
        vertex 2.1289828 0.79697686 0.2
        vertex 2.1289828 0.79697686 0
        vertex 2.0332594 0.8708025 0
    endloop
endfacet
facet normal 0.58918113 0.80800098 0
    outer loop
        vertex 2.2266579 0.7257538 0.2
        vertex 2.2266579 0.7257538 0
        vertex 2.1289828 0.79697686 0
    endloop
endfacet
facet normal 0.56722611 0.82356215 0
    outer loop
        vertex 2.326214 0.6571847 0.2
        vertex 2.326214 0.6571847 0
        vertex 2.2266579 0.7257538 0
    endloop
endfacet
facet normal 0.54486054 0.83852661 0
    outer loop
        vertex 2.4275792 0.5913194 0.2
        vertex 2.4275792 0.5913194 0
        vertex 2.326214 0.6571847 0
    endloop
endfacet
facet normal 0.522098 0.85288554 0
    outer loop
        vertex 2.5306804 0.52820545 0.2
        vertex 2.5306804 0.52820545 0
        vertex 2.4275792 0.5913194 0
    endloop
endfacet
facet normal 0.49896163 0.86662406 0
    outer loop
        vertex 2.635442 0.46788862 0.2
        vertex 2.635442 0.46788862 0
        vertex 2.5306804 0.52820545 0
    endloop
endfacet
facet normal 0.4754599 0.87973738 0
    outer loop
        vertex 2.741789 0.41041264 0.2
        vertex 2.741789 0.41041264 0
        vertex 2.635442 0.46788862 0
    endloop
endfacet
facet normal 0.45161581 0.89221245 0
    outer loop
        vertex 2.8496442 0.35581908 0.2
        vertex 2.8496442 0.35581908 0
        vertex 2.741789 0.41041264 0
    endloop
endfacet
facet normal 0.42744488 0.90404141 0
    outer loop
        vertex 2.958929 0.30414748 0.2
        vertex 2.958929 0.30414748 0
        vertex 2.8496442 0.35581908 0
    endloop
endfacet
facet normal 0.4029634 0.91521615 0
    outer loop
        vertex 3.0695648 0.25543532 0.2
        vertex 3.0695648 0.25543532 0
        vertex 2.958929 0.30414748 0
    endloop
endfacet
facet normal 0.37819058 0.92572773 0
    outer loop
        vertex 3.1814713 0.20971778 0.2
        vertex 3.1814713 0.20971778 0
        vertex 3.0695648 0.25543532 0
    endloop
endfacet
facet normal 0.35314363 0.93556911 0
    outer loop
        vertex 3.2945676 0.16702802 0.2
        vertex 3.2945676 0.16702802 0
        vertex 3.1814713 0.20971778 0
    endloop
endfacet
facet normal 0.22444296 0.97448725 0
    outer loop
        vertex 3.7571993 0.027131746 0.2
        vertex 3.875 -0 0.2
        vertex 3.875 -0 0
    endloop
endfacet
facet normal 0.25058353 0.968095 0
    outer loop
        vertex 3.7571993 0.027131746 0.2
        vertex 3.6401713 0.057423495 0
        vertex 3.6401713 0.057423495 0.2
    endloop
endfacet
facet normal 0.30230099 0.9532125 -0
    outer loop
        vertex 3.5240006 0.0908533 0
        vertex 3.4087715 0.12739697 0
        vertex 3.5240006 0.0908533 0.2
    endloop
endfacet
facet normal 0.32784122 0.94473284 -0
    outer loop
        vertex 3.2945676 0.16702802 0
        vertex 3.2945676 0.16702802 0.2
        vertex 3.4087715 0.12739697 0.2
    endloop
endfacet
facet normal -1 -0 -0
    outer loop
        vertex 0.875 -0 0.2
        vertex 0.875 2.25 0
        vertex 0.875 -2.25 0.2
    endloop
endfacet
facet normal -1 0 0
    outer loop
        vertex 0.875 -2.25 0.2
        vertex 0.875 2.25 0
        vertex 0.875 -0 0
    endloop
endfacet
facet normal -1 0 0
    outer loop
        vertex 0.875 -2.25 0.2
        vertex 0.875 -0 0
        vertex 0.875 -2.25 0
    endloop
endfacet
facet normal -1 -0 -0
    outer loop
        vertex 0.875 2.25 0.2
        vertex 0.875 2.25 0
        vertex 0.875 -0 0.2
    endloop
endfacet
facet normal 0 0 -1
    outer loop
        vertex 0.875 -0 0
        vertex 0.875 2.25 0
        vertex 0.93403065 2.1445081 0
    endloop
endfacet
facet normal 0 0 -1
    outer loop
        vertex 0.93403065 -2.1445081 0
        vertex 0.875 -0 0
        vertex 0.99587864 -2.040643 0
    endloop
endfacet
facet normal -0 0 -1
    outer loop
        vertex 1.0604991 1.9384794 0
        vertex 0.875 -0 0
        vertex 0.99587864 2.040643 0
    endloop
endfacet
facet normal 0 0 -1
    outer loop
        vertex 0.99587864 -2.040643 0
        vertex 0.875 -0 0
        vertex 1.0604991 -1.9384794 0
    endloop
endfacet
facet normal -0 0 -1
    outer loop
        vertex 1.127845 1.8380919 0
        vertex 0.875 -0 0
        vertex 1.0604991 1.9384794 0
    endloop
endfacet
facet normal 0 0 -1
    outer loop
        vertex 1.127845 -1.8380919 0
        vertex 0.875 -0 0
        vertex 1.197868 -1.7395527 0
    endloop
endfacet
facet normal 0 0 -1
    outer loop
        vertex 1.197868 -1.7395527 0
        vertex 0.875 -0 0
        vertex 1.2705171 -1.6429335 0
    endloop
endfacet
facet normal 0 0 -1
    outer loop
        vertex 0.875 -0 0
        vertex 1.197868 1.7395527 0
        vertex 1.2705171 1.6429335 0
    endloop
endfacet
facet normal 0 0 -0.99999994
    outer loop
        vertex 0.875 -0 0
        vertex 1.2705171 1.6429335 0
        vertex 1.3457397 1.5483041 0
    endloop
endfacet
facet normal 0 0 -1
    outer loop
        vertex 0.875 -0 0
        vertex 1.3457397 1.5483041 0
        vertex 1.4234816 1.4557332 0
    endloop
endfacet
facet normal 0 0 -1
    outer loop
        vertex 0.875 -0 0
        vertex 1.503686 -1.3652877 0
        vertex 1.4234816 -1.4557332 0
    endloop
endfacet
facet normal 0 0 -1
    outer loop
        vertex 0.875 -0 0
        vertex 1.5862952 -1.2770331 0
        vertex 1.503686 -1.3652877 0
    endloop
endfacet
facet normal 0 0 -1
    outer loop
        vertex 0.875 -0 0
        vertex 1.6712493 -1.1910331 0
        vertex 1.5862952 -1.2770331 0
    endloop
endfacet
facet normal 0 -0 -1
    outer loop
        vertex 1.5862952 1.2770331 0
        vertex 1.6712493 1.1910331 0
        vertex 0.875 -0 0
    endloop
endfacet
facet normal 0 -0 -1
    outer loop
        vertex 1.6712493 1.1910331 0
        vertex 1.7584867 1.1073506 0
        vertex 0.875 -0 0
    endloop
endfacet
facet normal 0 -0 -1
    outer loop
        vertex 1.7584867 1.1073506 0
        vertex 1.8479444 1.0260456 0
        vertex 0.875 -0 0
    endloop
endfacet
facet normal 0 -0 -1
    outer loop
        vertex 1.8479444 1.0260456 0
        vertex 1.9395574 0.94717723 0
        vertex 0.875 -0 0
    endloop
endfacet
facet normal 0 -0 -1
    outer loop
        vertex 1.9395574 0.94717723 0
        vertex 2.0332594 0.8708025 0
        vertex 0.875 -0 0
    endloop
endfacet
facet normal 0 -0 -0.99999994
    outer loop
        vertex 2.0332594 0.8708025 0
        vertex 2.1289828 0.79697686 0
        vertex 0.875 -0 0
    endloop
endfacet
facet normal 0 -0 -1
    outer loop
        vertex 2.1289828 0.79697686 0
        vertex 2.2266579 0.7257538 0
        vertex 0.875 -0 0
    endloop
endfacet
facet normal 0 0 -1
    outer loop
        vertex 2.2266579 0.7257538 0
        vertex 2.326214 0.6571847 0
        vertex 2.2266579 -0.7257538 0
    endloop
endfacet
facet normal 0 0 -1
    outer loop
        vertex 2.326214 0.6571847 0
        vertex 2.4275792 0.5913194 0
        vertex 2.326214 -0.6571847 0
    endloop
endfacet
facet normal 0 0 -1
    outer loop
        vertex 2.4275792 0.5913194 0
        vertex 2.5306804 0.52820545 0
        vertex 2.4275792 -0.5913194 0
    endloop
endfacet
facet normal 0 0 -1
    outer loop
        vertex 2.5306804 0.52820545 0
        vertex 2.635442 0.46788862 0
        vertex 2.5306804 -0.52820545 0
    endloop
endfacet
facet normal 0 0 -1
    outer loop
        vertex 2.635442 0.46788862 0
        vertex 2.741789 0.41041264 0
        vertex 2.635442 -0.46788862 0
    endloop
endfacet
facet normal 0 0 -1
    outer loop
        vertex 2.741789 0.41041264 0
        vertex 2.8496442 0.35581908 0
        vertex 2.741789 -0.41041264 0
    endloop
endfacet
facet normal 0 0 -1
    outer loop
        vertex 2.8496442 -0.35581908 0
        vertex 2.958929 0.30414748 0
        vertex 2.958929 -0.30414748 0
    endloop
endfacet
facet normal 0 0 -1
    outer loop
        vertex 2.958929 -0.30414748 0
        vertex 3.0695648 0.25543532 0
        vertex 3.0695648 -0.25543532 0
    endloop
endfacet
facet normal 0 0 -1
    outer loop
        vertex 3.1814713 -0.20971778 0
        vertex 3.1814713 0.20971778 0
        vertex 3.2945676 0.16702802 0
    endloop
endfacet
facet normal 0 0 -1
    outer loop
        vertex 0.875 -0 0
        vertex 0.93403065 2.1445081 0
        vertex 0.99587864 2.040643 0
    endloop
endfacet
facet normal 0 0 -1
    outer loop
        vertex 3.2945676 -0.16702802 0
        vertex 3.4087715 0.12739697 0
        vertex 3.4087715 -0.12739697 0
    endloop
endfacet
facet normal 0 -0 -1
    outer loop
        vertex 3.7571993 0.027131746 0
        vertex 3.7571993 -0.027131746 0
        vertex 3.6401713 -0.057423495 0
    endloop
endfacet
facet normal 0 0 -1
    outer loop
        vertex 3.5240006 -0.0908533 0
        vertex 3.5240006 0.0908533 0
        vertex 3.6401713 0.057423495 0
    endloop
endfacet
facet normal 0 0 -0.99999994
    outer loop
        vertex 3.7571993 0.027131746 0
        vertex 3.875 -0 0
        vertex 3.7571993 -0.027131746 0
    endloop
endfacet
facet normal 0 0 -1
    outer loop
        vertex 3.6401713 0.057423495 0
        vertex 3.7571993 0.027131746 0
        vertex 3.6401713 -0.057423495 0
    endloop
endfacet
facet normal 0 -0 -1
    outer loop
        vertex 3.6401713 0.057423495 0
        vertex 3.6401713 -0.057423495 0
        vertex 3.5240006 -0.0908533 0
    endloop
endfacet
facet normal 0 -0 -1
    outer loop
        vertex 3.5240006 0.0908533 0
        vertex 3.5240006 -0.0908533 0
        vertex 3.4087715 -0.12739697 0
    endloop
endfacet
facet normal -0 0 -1
    outer loop
        vertex 3.5240006 0.0908533 0
        vertex 3.4087715 -0.12739697 0
        vertex 3.4087715 0.12739697 0
    endloop
endfacet
facet normal 0 0 -1
    outer loop
        vertex 3.2945676 -0.16702802 0
        vertex 3.2945676 0.16702802 0
        vertex 3.4087715 0.12739697 0
    endloop
endfacet
facet normal 0 0 -1
    outer loop
        vertex 3.1814713 -0.20971778 0
        vertex 3.2945676 0.16702802 0
        vertex 3.2945676 -0.16702802 0
    endloop
endfacet
facet normal 0 0 -1
    outer loop
        vertex 3.0695648 -0.25543532 0
        vertex 3.1814713 0.20971778 0
        vertex 3.1814713 -0.20971778 0
    endloop
endfacet
facet normal 0 0 -1
    outer loop
        vertex 3.0695648 0.25543532 0
        vertex 3.1814713 0.20971778 0
        vertex 3.0695648 -0.25543532 0
    endloop
endfacet
facet normal 0 0 -1
    outer loop
        vertex 2.958929 0.30414748 0
        vertex 3.0695648 0.25543532 0
        vertex 2.958929 -0.30414748 0
    endloop
endfacet
facet normal 0 0 -1
    outer loop
        vertex 2.8496442 0.35581908 0
        vertex 2.958929 0.30414748 0
        vertex 2.8496442 -0.35581908 0
    endloop
endfacet
facet normal 0 -0 -1
    outer loop
        vertex 2.8496442 0.35581908 0
        vertex 2.8496442 -0.35581908 0
        vertex 2.741789 -0.41041264 0
    endloop
endfacet
facet normal 0 -0 -1
    outer loop
        vertex 2.741789 0.41041264 0
        vertex 2.741789 -0.41041264 0
        vertex 2.635442 -0.46788862 0
    endloop
endfacet
facet normal 0 -0 -1
    outer loop
        vertex 2.635442 0.46788862 0
        vertex 2.635442 -0.46788862 0
        vertex 2.5306804 -0.52820545 0
    endloop
endfacet
facet normal 0 -0 -1
    outer loop
        vertex 2.5306804 0.52820545 0
        vertex 2.5306804 -0.52820545 0
        vertex 2.4275792 -0.5913194 0
    endloop
endfacet
facet normal 0 -0 -0.99999994
    outer loop
        vertex 2.4275792 0.5913194 0
        vertex 2.4275792 -0.5913194 0
        vertex 2.326214 -0.6571847 0
    endloop
endfacet
facet normal 0 -0 -1
    outer loop
        vertex 2.326214 0.6571847 0
        vertex 2.326214 -0.6571847 0
        vertex 2.2266579 -0.7257538 0
    endloop
endfacet
facet normal 0 -0 -1
    outer loop
        vertex 2.2266579 0.7257538 0
        vertex 2.2266579 -0.7257538 0
        vertex 0.875 -0 0
    endloop
endfacet
facet normal -0 0 -1
    outer loop
        vertex 2.2266579 -0.7257538 0
        vertex 2.1289828 -0.79697686 0
        vertex 0.875 -0 0
    endloop
endfacet
facet normal -0 0 -1
    outer loop
        vertex 2.1289828 -0.79697686 0
        vertex 2.0332594 -0.8708025 0
        vertex 0.875 -0 0
    endloop
endfacet
facet normal -0 0 -1
    outer loop
        vertex 2.0332594 -0.8708025 0
        vertex 1.9395574 -0.94717723 0
        vertex 0.875 -0 0
    endloop
endfacet
facet normal -0 0 -1
    outer loop
        vertex 1.9395574 -0.94717723 0
        vertex 1.8479444 -1.0260456 0
        vertex 0.875 -0 0
    endloop
endfacet
facet normal -0 0 -1
    outer loop
        vertex 1.8479444 -1.0260456 0
        vertex 1.7584867 -1.1073506 0
        vertex 0.875 -0 0
    endloop
endfacet
facet normal -0 0 -1
    outer loop
        vertex 1.7584867 -1.1073506 0
        vertex 1.6712493 -1.1910331 0
        vertex 0.875 -0 0
    endloop
endfacet
facet normal 0 -0 -1
    outer loop
        vertex 1.503686 1.3652877 0
        vertex 1.5862952 1.2770331 0
        vertex 0.875 -0 0
    endloop
endfacet
facet normal -0 0 -0.99999994
    outer loop
        vertex 1.3457397 -1.5483041 0
        vertex 1.2705171 -1.6429335 0
        vertex 0.875 -0 0
    endloop
endfacet
facet normal 0 0 -1
    outer loop
        vertex 1.3457397 -1.5483041 0
        vertex 0.875 -0 0
        vertex 1.4234816 -1.4557332 0
    endloop
endfacet
facet normal 0 -0 -1
    outer loop
        vertex 1.127845 1.8380919 0
        vertex 1.197868 1.7395527 0
        vertex 0.875 -0 0
    endloop
endfacet
facet normal 0 0 -1
    outer loop
        vertex 0.875 -0 0
        vertex 1.127845 -1.8380919 0
        vertex 1.0604991 -1.9384794 0
    endloop
endfacet
facet normal 0 -0 -1
    outer loop
        vertex 1.4234816 1.4557332 0
        vertex 1.503686 1.3652877 0
        vertex 0.875 -0 0
    endloop
endfacet
facet normal 0 0 -1
    outer loop
        vertex 0.875 -0 0
        vertex 0.93403065 -2.1445081 0
        vertex 0.875 -2.25 0
    endloop
endfacet
facet normal 0 0 1
    outer loop
        vertex 0.875 -0 0.2
        vertex 0.93403065 2.1445081 0.2
        vertex 0.875 2.25 0.2
    endloop
endfacet
facet normal 0 -0 1
    outer loop
        vertex 0.93403065 -2.1445081 0.2
        vertex 0.99587864 -2.040643 0.2
        vertex 0.875 -0 0.2
    endloop
endfacet
facet normal 0 0 1
    outer loop
        vertex 1.0604991 1.9384794 0.2
        vertex 0.99587864 2.040643 0.2
        vertex 0.875 -0 0.2
    endloop
endfacet
facet normal 0 -0 1
    outer loop
        vertex 0.99587864 -2.040643 0.2
        vertex 1.0604991 -1.9384794 0.2
        vertex 0.875 -0 0.2
    endloop
endfacet
facet normal 0 0 1
    outer loop
        vertex 1.127845 1.8380919 0.2
        vertex 1.0604991 1.9384794 0.2
        vertex 0.875 -0 0.2
    endloop
endfacet
facet normal 0 -0 1
    outer loop
        vertex 1.127845 -1.8380919 0.2
        vertex 1.197868 -1.7395527 0.2
        vertex 0.875 -0 0.2
    endloop
endfacet
facet normal 0 -0 1
    outer loop
        vertex 1.197868 -1.7395527 0.2
        vertex 1.2705171 -1.6429335 0.2
        vertex 0.875 -0 0.2
    endloop
endfacet
facet normal 0 0 1
    outer loop
        vertex 0.875 -0 0.2
        vertex 1.2705171 1.6429335 0.2
        vertex 1.197868 1.7395527 0.2
    endloop
endfacet
facet normal 0 0 0.99999994
    outer loop
        vertex 0.875 -0 0.2
        vertex 1.3457397 1.5483041 0.2
        vertex 1.2705171 1.6429335 0.2
    endloop
endfacet
facet normal 0 0 1
    outer loop
        vertex 0.875 -0 0.2
        vertex 1.4234816 1.4557332 0.2
        vertex 1.3457397 1.5483041 0.2
    endloop
endfacet
facet normal 0 0 1
    outer loop
        vertex 0.875 -0 0.2
        vertex 1.4234816 -1.4557332 0.2
        vertex 1.503686 -1.3652877 0.2
    endloop
endfacet
facet normal 0 0 1
    outer loop
        vertex 0.875 -0 0.2
        vertex 1.503686 -1.3652877 0.2
        vertex 1.5862952 -1.2770331 0.2
    endloop
endfacet
facet normal 0 0 1
    outer loop
        vertex 0.875 -0 0.2
        vertex 1.5862952 -1.2770331 0.2
        vertex 1.6712493 -1.1910331 0.2
    endloop
endfacet
facet normal 0 0 1
    outer loop
        vertex 1.5862952 1.2770331 0.2
        vertex 0.875 -0 0.2
        vertex 1.6712493 1.1910331 0.2
    endloop
endfacet
facet normal 0 0 1
    outer loop
        vertex 1.6712493 1.1910331 0.2
        vertex 0.875 -0 0.2
        vertex 1.7584867 1.1073506 0.2
    endloop
endfacet
facet normal 0 0 1
    outer loop
        vertex 1.7584867 1.1073506 0.2
        vertex 0.875 -0 0.2
        vertex 1.8479444 1.0260456 0.2
    endloop
endfacet
facet normal 0 0 1
    outer loop
        vertex 1.8479444 1.0260456 0.2
        vertex 0.875 -0 0.2
        vertex 1.9395574 0.94717723 0.2
    endloop
endfacet
facet normal 0 0 1
    outer loop
        vertex 1.9395574 0.94717723 0.2
        vertex 0.875 -0 0.2
        vertex 2.0332594 0.8708025 0.2
    endloop
endfacet
facet normal 0 0 0.99999994
    outer loop
        vertex 2.0332594 0.8708025 0.2
        vertex 0.875 -0 0.2
        vertex 2.1289828 0.79697686 0.2
    endloop
endfacet
facet normal 0 0 1
    outer loop
        vertex 2.1289828 0.79697686 0.2
        vertex 0.875 -0 0.2
        vertex 2.2266579 0.7257538 0.2
    endloop
endfacet
facet normal 0 0 1
    outer loop
        vertex 2.2266579 0.7257538 0.2
        vertex 2.2266579 -0.7257538 0.2
        vertex 2.326214 0.6571847 0.2
    endloop
endfacet
facet normal 0 0 1
    outer loop
        vertex 2.326214 0.6571847 0.2
        vertex 2.326214 -0.6571847 0.2
        vertex 2.4275792 0.5913194 0.2
    endloop
endfacet
facet normal 0 0 1
    outer loop
        vertex 2.4275792 0.5913194 0.2
        vertex 2.4275792 -0.5913194 0.2
        vertex 2.5306804 0.52820545 0.2
    endloop
endfacet
facet normal 0 0 1
    outer loop
        vertex 2.5306804 0.52820545 0.2
        vertex 2.5306804 -0.52820545 0.2
        vertex 2.635442 0.46788862 0.2
    endloop
endfacet
facet normal 0 0 1
    outer loop
        vertex 2.635442 0.46788862 0.2
        vertex 2.635442 -0.46788862 0.2
        vertex 2.741789 0.41041264 0.2
    endloop
endfacet
facet normal 0 0 1
    outer loop
        vertex 2.741789 0.41041264 0.2
        vertex 2.741789 -0.41041264 0.2
        vertex 2.8496442 0.35581908 0.2
    endloop
endfacet
facet normal 0 0 1
    outer loop
        vertex 2.8496442 -0.35581908 0.2
        vertex 2.958929 -0.30414748 0.2
        vertex 2.958929 0.30414748 0.2
    endloop
endfacet
facet normal 0 0 1
    outer loop
        vertex 2.958929 -0.30414748 0.2
        vertex 3.0695648 -0.25543532 0.2
        vertex 3.0695648 0.25543532 0.2
    endloop
endfacet
facet normal 0 0 1
    outer loop
        vertex 3.1814713 -0.20971778 0.2
        vertex 3.2945676 0.16702802 0.2
        vertex 3.1814713 0.20971778 0.2
    endloop
endfacet
facet normal 0 0 1
    outer loop
        vertex 0.875 -0 0.2
        vertex 0.99587864 2.040643 0.2
        vertex 0.93403065 2.1445081 0.2
    endloop
endfacet
facet normal 0 0 1
    outer loop
        vertex 3.2945676 -0.16702802 0.2
        vertex 3.4087715 -0.12739697 0.2
        vertex 3.4087715 0.12739697 0.2
    endloop
endfacet
facet normal 0 0 1
    outer loop
        vertex 3.7571993 0.027131746 0.2
        vertex 3.6401713 -0.057423495 0.2
        vertex 3.7571993 -0.027131746 0.2
    endloop
endfacet
facet normal 0 0 1
    outer loop
        vertex 3.5240006 -0.0908533 0.2
        vertex 3.6401713 0.057423495 0.2
        vertex 3.5240006 0.0908533 0.2
    endloop
endfacet
facet normal 0 0 0.99999994
    outer loop
        vertex 3.7571993 0.027131746 0.2
        vertex 3.7571993 -0.027131746 0.2
        vertex 3.875 -0 0.2
    endloop
endfacet
facet normal 0 0 1
    outer loop
        vertex 3.6401713 0.057423495 0.2
        vertex 3.6401713 -0.057423495 0.2
        vertex 3.7571993 0.027131746 0.2
    endloop
endfacet
facet normal 0 0 1
    outer loop
        vertex 3.6401713 0.057423495 0.2
        vertex 3.5240006 -0.0908533 0.2
        vertex 3.6401713 -0.057423495 0.2
    endloop
endfacet
facet normal 0 0 1
    outer loop
        vertex 3.5240006 0.0908533 0.2
        vertex 3.4087715 -0.12739697 0.2
        vertex 3.5240006 -0.0908533 0.2
    endloop
endfacet
facet normal 0 0 1
    outer loop
        vertex 3.5240006 0.0908533 0.2
        vertex 3.4087715 0.12739697 0.2
        vertex 3.4087715 -0.12739697 0.2
    endloop
endfacet
facet normal 0 0 1
    outer loop
        vertex 3.2945676 -0.16702802 0.2
        vertex 3.4087715 0.12739697 0.2
        vertex 3.2945676 0.16702802 0.2
    endloop
endfacet
facet normal 0 0 1
    outer loop
        vertex 3.1814713 -0.20971778 0.2
        vertex 3.2945676 -0.16702802 0.2
        vertex 3.2945676 0.16702802 0.2
    endloop
endfacet
facet normal 0 0 1
    outer loop
        vertex 3.0695648 -0.25543532 0.2
        vertex 3.1814713 -0.20971778 0.2
        vertex 3.1814713 0.20971778 0.2
    endloop
endfacet
facet normal 0 0 1
    outer loop
        vertex 3.0695648 0.25543532 0.2
        vertex 3.0695648 -0.25543532 0.2
        vertex 3.1814713 0.20971778 0.2
    endloop
endfacet
facet normal 0 0 1
    outer loop
        vertex 2.958929 0.30414748 0.2
        vertex 2.958929 -0.30414748 0.2
        vertex 3.0695648 0.25543532 0.2
    endloop
endfacet
facet normal 0 0 1
    outer loop
        vertex 2.8496442 0.35581908 0.2
        vertex 2.8496442 -0.35581908 0.2
        vertex 2.958929 0.30414748 0.2
    endloop
endfacet
facet normal 0 0 1
    outer loop
        vertex 2.8496442 0.35581908 0.2
        vertex 2.741789 -0.41041264 0.2
        vertex 2.8496442 -0.35581908 0.2
    endloop
endfacet
facet normal 0 0 1
    outer loop
        vertex 2.741789 0.41041264 0.2
        vertex 2.635442 -0.46788862 0.2
        vertex 2.741789 -0.41041264 0.2
    endloop
endfacet
facet normal 0 0 1
    outer loop
        vertex 2.635442 0.46788862 0.2
        vertex 2.5306804 -0.52820545 0.2
        vertex 2.635442 -0.46788862 0.2
    endloop
endfacet
facet normal 0 0 1
    outer loop
        vertex 2.5306804 0.52820545 0.2
        vertex 2.4275792 -0.5913194 0.2
        vertex 2.5306804 -0.52820545 0.2
    endloop
endfacet
facet normal 0 0 0.99999994
    outer loop
        vertex 2.4275792 0.5913194 0.2
        vertex 2.326214 -0.6571847 0.2
        vertex 2.4275792 -0.5913194 0.2
    endloop
endfacet
facet normal 0 0 1
    outer loop
        vertex 2.326214 0.6571847 0.2
        vertex 2.2266579 -0.7257538 0.2
        vertex 2.326214 -0.6571847 0.2
    endloop
endfacet
facet normal 0 0 1
    outer loop
        vertex 2.2266579 0.7257538 0.2
        vertex 0.875 -0 0.2
        vertex 2.2266579 -0.7257538 0.2
    endloop
endfacet
facet normal 0 0 1
    outer loop
        vertex 2.2266579 -0.7257538 0.2
        vertex 0.875 -0 0.2
        vertex 2.1289828 -0.79697686 0.2
    endloop
endfacet
facet normal 0 0 1
    outer loop
        vertex 2.1289828 -0.79697686 0.2
        vertex 0.875 -0 0.2
        vertex 2.0332594 -0.8708025 0.2
    endloop
endfacet
facet normal 0 0 1
    outer loop
        vertex 2.0332594 -0.8708025 0.2
        vertex 0.875 -0 0.2
        vertex 1.9395574 -0.94717723 0.2
    endloop
endfacet
facet normal 0 0 1
    outer loop
        vertex 1.9395574 -0.94717723 0.2
        vertex 0.875 -0 0.2
        vertex 1.8479444 -1.0260456 0.2
    endloop
endfacet
facet normal 0 0 1
    outer loop
        vertex 1.8479444 -1.0260456 0.2
        vertex 0.875 -0 0.2
        vertex 1.7584867 -1.1073506 0.2
    endloop
endfacet
facet normal 0 0 1
    outer loop
        vertex 1.7584867 -1.1073506 0.2
        vertex 0.875 -0 0.2
        vertex 1.6712493 -1.1910331 0.2
    endloop
endfacet
facet normal 0 0 1
    outer loop
        vertex 1.503686 1.3652877 0.2
        vertex 0.875 -0 0.2
        vertex 1.5862952 1.2770331 0.2
    endloop
endfacet
facet normal 0 0 0.99999994
    outer loop
        vertex 1.3457397 -1.5483041 0.2
        vertex 0.875 -0 0.2
        vertex 1.2705171 -1.6429335 0.2
    endloop
endfacet
facet normal 0 -0 1
    outer loop
        vertex 1.3457397 -1.5483041 0.2
        vertex 1.4234816 -1.4557332 0.2
        vertex 0.875 -0 0.2
    endloop
endfacet
facet normal 0 0 1
    outer loop
        vertex 1.127845 1.8380919 0.2
        vertex 0.875 -0 0.2
        vertex 1.197868 1.7395527 0.2
    endloop
endfacet
facet normal 0 0 1
    outer loop
        vertex 0.875 -0 0.2
        vertex 1.0604991 -1.9384794 0.2
        vertex 1.127845 -1.8380919 0.2
    endloop
endfacet
facet normal 0 0 1
    outer loop
        vertex 1.4234816 1.4557332 0.2
        vertex 0.875 -0 0.2
        vertex 1.503686 1.3652877 0.2
    endloop
endfacet
facet normal 0 0 1
    outer loop
        vertex 0.875 -0 0.2
        vertex 0.875 -2.25 0.2
        vertex 0.93403065 -2.1445081 0.2
    endloop
endfacet
facet normal 1 0 0
    outer loop
        vertex 0.875 -4.5 0.1
        vertex 0.875 -4.2999997 0.1
        vertex 0.875 -4.5 0.59999996
    endloop
endfacet
facet normal 1 -0 0
    outer loop
        vertex 0.875 -4.5 0.59999996
        vertex 0.875 -4.2999997 0.1
        vertex 0.875 -4.2999997 0.59999996
    endloop
endfacet
facet normal -0.27472112 0 0.96152395
    outer loop
        vertex 0.875 -4.5 0.59999996
        vertex 0.875 -4.2999997 0.59999996
        vertex -0.875 -4.5 0.1
    endloop
endfacet
facet normal -0.27472112 0 0.96152395
    outer loop
        vertex -0.875 -4.5 0.1
        vertex 0.875 -4.2999997 0.59999996
        vertex -0.875 -4.2999997 0.1
    endloop
endfacet
facet normal -0.27472115 0 -0.96152395
    outer loop
        vertex -0.875 -4.5 0.1
        vertex -0.875 -4.2999997 0.1
        vertex 0.875 -4.5 -0.4
    endloop
endfacet
facet normal -0.27472115 0 -0.96152395
    outer loop
        vertex 0.875 -4.5 -0.4
        vertex -0.875 -4.2999997 0.1
        vertex 0.875 -4.2999997 -0.4
    endloop
endfacet
facet normal 0.24111322 -0 0.97049701
    outer loop
        vertex 1.1256093 -4.5 0.60872155
        vertex 1.1607143 -4.5 0.59999996
        vertex 1.1256093 -4.2999997 0.60872155
    endloop
endfacet
facet normal 0.17306203 0 0.98491091
    outer loop
        vertex 1.0899829 -4.5 0.6149816
        vertex 1.1256093 -4.5 0.60872155
        vertex 1.1256093 -4.2999997 0.60872155
    endloop
endfacet
facet normal 0.10417227 0 0.99455935
    outer loop
        vertex 1.0540074 -4.5 0.61874974
        vertex 1.0899829 -4.5 0.6149816
        vertex 1.0899829 -4.2999997 0.6149816
    endloop
endfacet
facet normal 0.10417227 0 0.99455935
    outer loop
        vertex 1.0540074 -4.2999997 0.61874974
        vertex 1.0540074 -4.5 0.61874974
        vertex 1.0899829 -4.2999997 0.6149816
    endloop
endfacet
facet normal 0.03478015 0 0.99939495
    outer loop
        vertex 1.0178571 -4.2999997 0.6200078
        vertex 1.0178571 -4.5 0.6200078
        vertex 1.0540074 -4.2999997 0.61874974
    endloop
endfacet
facet normal -0.03478026 0 0.99939495
    outer loop
        vertex 1.0178571 -4.2999997 0.6200078
        vertex 0.98170686 -4.5 0.61874974
        vertex 1.0178571 -4.5 0.6200078
    endloop
endfacet
facet normal -0.10417244 0 0.99455929
    outer loop
        vertex 0.98170686 -4.2999997 0.61874974
        vertex 0.94573146 -4.5 0.6149816
        vertex 0.98170686 -4.5 0.61874974
    endloop
endfacet
facet normal -0.10417244 0 0.99455929
    outer loop
        vertex 0.98170686 -4.2999997 0.61874974
        vertex 0.94573146 -4.2999997 0.6149816
        vertex 0.94573146 -4.5 0.6149816
    endloop
endfacet
facet normal -0.24111322 0 0.97049701
    outer loop
        vertex 0.910105 -4.2999997 0.60872155
        vertex 0.875 -4.2999997 0.59999996
        vertex 0.875 -4.5 0.59999996
    endloop
endfacet
facet normal -0.24111322 0 0.97049701
    outer loop
        vertex 0.910105 -4.5 0.60872155
        vertex 0.910105 -4.2999997 0.60872155
        vertex 0.875 -4.5 0.59999996
    endloop
endfacet
facet normal -0.17306174 0 0.98491091
    outer loop
        vertex 0.910105 -4.5 0.60872155
        vertex 0.94573146 -4.2999997 0.6149816
        vertex 0.910105 -4.2999997 0.60872155
    endloop
endfacet
facet normal -0.17306174 0 0.98491091
    outer loop
        vertex 0.910105 -4.5 0.60872155
        vertex 0.94573146 -4.5 0.6149816
        vertex 0.94573146 -4.2999997 0.6149816
    endloop
endfacet
facet normal -0.03478026 0 0.99939495
    outer loop
        vertex 0.98170686 -4.5 0.61874974
        vertex 1.0178571 -4.2999997 0.6200078
        vertex 0.98170686 -4.2999997 0.61874974
    endloop
endfacet
facet normal 0.03478015 -0 0.99939495
    outer loop
        vertex 1.0540074 -4.5 0.61874974
        vertex 1.0540074 -4.2999997 0.61874974
        vertex 1.0178571 -4.5 0.6200078
    endloop
endfacet
facet normal 0.24111322 0 0.97049701
    outer loop
        vertex 1.1256093 -4.2999997 0.60872155
        vertex 1.1607143 -4.5 0.59999996
        vertex 1.1607143 -4.2999997 0.59999996
    endloop
endfacet
facet normal 0.17306203 -0 0.98491091
    outer loop
        vertex 1.0899829 -4.5 0.6149816
        vertex 1.1256093 -4.2999997 0.60872155
        vertex 1.0899829 -4.2999997 0.6149816
    endloop
endfacet
facet normal -1 0 0
    outer loop
        vertex 0.875 -4.5 0.59999996
        vertex 0.875 -4.2999997 0.59999996
        vertex 0.875 -4.5 0.1
    endloop
endfacet
facet normal -1 0 0
    outer loop
        vertex 0.875 -4.5 0.1
        vertex 0.875 -4.2999997 0.59999996
        vertex 0.875 -4.2999997 0.1
    endloop
endfacet
facet normal 0 1 0
    outer loop
        vertex 0.875 -4.2999997 0.1
        vertex 0.875 -4.2999997 0.59999996
        vertex 0.910105 -4.2999997 0.60872155
    endloop
endfacet
facet normal 0 1 0
    outer loop
        vertex 0.98170686 -4.2999997 0.61874974
        vertex 0.875 -4.2999997 0.1
        vertex 0.94573146 -4.2999997 0.6149816
    endloop
endfacet
facet normal 0 1 0
    outer loop
        vertex 0.875 -4.2999997 0.1
        vertex 0.910105 -4.2999997 0.60872155
        vertex 0.94573146 -4.2999997 0.6149816
    endloop
endfacet
facet normal 0 1 0
    outer loop
        vertex 1.0178571 -4.2999997 0.6200078
        vertex 0.875 -4.2999997 0.1
        vertex 0.98170686 -4.2999997 0.61874974
    endloop
endfacet
facet normal 0 1 0
    outer loop
        vertex 1.0540074 -4.2999997 0.61874974
        vertex 0.875 -4.2999997 0.1
        vertex 1.0178571 -4.2999997 0.6200078
    endloop
endfacet
facet normal 0 1 0
    outer loop
        vertex 0.875 -4.2999997 0.1
        vertex 1.0540074 -4.2999997 0.61874974
        vertex 1.0899829 -4.2999997 0.6149816
    endloop
endfacet
facet normal 0 1 0
    outer loop
        vertex 0.875 -4.2999997 0.1
        vertex 1.0899829 -4.2999997 0.6149816
        vertex 1.1256093 -4.2999997 0.60872155
    endloop
endfacet
facet normal 0 1 0
    outer loop
        vertex 0.875 -4.2999997 0.1
        vertex 1.1256093 -4.2999997 0.60872155
        vertex 1.1607143 -4.2999997 0.59999996
    endloop
endfacet
facet normal 0 1 0
    outer loop
        vertex 0.875 -4.2999997 0.1
        vertex 1.1607143 -4.2999997 0.59999996
        vertex 1.1850761 -4.2999997 0.5923881
    endloop
endfacet
facet normal 0 1 0
    outer loop
        vertex 0.875 -4.2999997 0.1
        vertex 1.1850761 -4.2999997 0.5923881
        vertex 1.2090349 -4.2999997 0.5835899
    endloop
endfacet
facet normal 0 1 0
    outer loop
        vertex 0.875 -4.2999997 0.1
        vertex 1.2090349 -4.2999997 0.5835899
        vertex 1.2325332 -4.2999997 0.57362676
    endloop
endfacet
facet normal 0 1 0
    outer loop
        vertex 0.875 -4.2999997 0.1
        vertex 1.2325332 -4.2999997 0.57362676
        vertex 1.2555145 -4.2999997 0.5625226
    endloop
endfacet
facet normal 0 1 0
    outer loop
        vertex 0.875 -4.2999997 0.1
        vertex 1.2555145 -4.2999997 0.5625226
        vertex 1.2779231 -4.2999997 0.5503042
    endloop
endfacet
facet normal 0 1 0
    outer loop
        vertex 0.875 -4.2999997 0.1
        vertex 1.2779231 -4.2999997 0.5503042
        vertex 1.2997053 -4.2999997 0.53700095
    endloop
endfacet
facet normal 0 1 0
    outer loop
        vertex 0.875 -4.2999997 0.1
        vertex 1.2997053 -4.2999997 0.53700095
        vertex 1.3208084 -4.2999997 0.52264494
    endloop
endfacet
facet normal 0 1 0
    outer loop
        vertex 0.875 -4.2999997 0.1
        vertex 1.3208084 -4.2999997 0.52264494
        vertex 1.3411816 -4.2999997 0.5072707
    endloop
endfacet
facet normal 0 1 0
    outer loop
        vertex 0.875 -4.2999997 0.1
        vertex 1.3411816 -4.2999997 0.5072707
        vertex 1.360776 -4.2999997 0.49091536
    endloop
endfacet
facet normal 0 1 0
    outer loop
        vertex 0.875 -4.2999997 0.1
        vertex 1.360776 -4.2999997 0.49091536
        vertex 1.3795443 -4.2999997 0.47361824
    endloop
endfacet
facet normal 0 1 0
    outer loop
        vertex 0.875 -4.2999997 0.1
        vertex 1.3795443 -4.2999997 0.47361824
        vertex 1.3974411 -4.2999997 0.45542106
    endloop
endfacet
facet normal 0 1 0
    outer loop
        vertex 0.875 -4.2999997 0.1
        vertex 1.3974411 -4.2999997 0.45542106
        vertex 1.4144237 -4.2999997 0.43636763
    endloop
endfacet
facet normal 0 1 0
    outer loop
        vertex 0.875 -4.2999997 0.1
        vertex 1.4144237 -4.2999997 0.43636763
        vertex 1.4304508 -4.2999997 0.41650388
    endloop
endfacet
facet normal 0 1 0
    outer loop
        vertex 0.875 -4.2999997 0.1
        vertex 1.4304508 -4.2999997 0.41650388
        vertex 1.4454839 -4.2999997 0.39587763
    endloop
endfacet
facet normal 0 1 0
    outer loop
        vertex 0.875 -4.2999997 0.1
        vertex 1.4454839 -4.2999997 0.39587763
        vertex 1.4594867 -4.2999997 0.37453857
    endloop
endfacet
facet normal 0 1 0
    outer loop
        vertex 0.875 -4.2999997 0.1
        vertex 1.4594867 -4.2999997 0.37453857
        vertex 1.4724258 -4.2999997 0.35253817
    endloop
endfacet
facet normal 0 1 0
    outer loop
        vertex 0.875 -4.2999997 0.1
        vertex 1.4724258 -4.2999997 0.35253817
        vertex 1.4842697 -4.2999997 0.32992932
    endloop
endfacet
facet normal 0 1 0
    outer loop
        vertex 0.875 -4.2999997 0.1
        vertex 1.4842697 -4.2999997 0.32992932
        vertex 1.49499 -4.2999997 0.30676657
    endloop
endfacet
facet normal 0 1 0
    outer loop
        vertex 0.875 -4.2999997 0.1
        vertex 1.49499 -4.2999997 0.30676657
        vertex 1.5045608 -4.2999997 0.28310573
    endloop
endfacet
facet normal 0 1 0
    outer loop
        vertex 1.5201647 -4.2999997 0.23451872
        vertex 0.875 -4.2999997 0.1
        vertex 1.5129592 -4.2999997 0.25900373
    endloop
endfacet
facet normal 0 1 0
    outer loop
        vertex 0.875 -4.2999997 0.1
        vertex 1.5045608 -4.2999997 0.28310573
        vertex 1.5129592 -4.2999997 0.25900373
    endloop
endfacet
facet normal 0 1 0
    outer loop
        vertex 1.5261602 -4.2999997 0.20970961
        vertex 0.875 -4.2999997 0.1
        vertex 1.5201647 -4.2999997 0.23451872
    endloop
endfacet
facet normal 0 1 0
    outer loop
        vertex 1.5309311 -4.2999997 0.18463622
        vertex 0.875 -4.2999997 0.1
        vertex 1.5261602 -4.2999997 0.20970961
    endloop
endfacet
facet normal 0 1 0
    outer loop
        vertex 1.534466 -4.2999997 0.15935892
        vertex 0.875 -4.2999997 0.1
        vertex 1.5309311 -4.2999997 0.18463622
    endloop
endfacet
facet normal 0 1 0
    outer loop
        vertex 1.5367563 -4.2999997 0.13393863
        vertex 0.875 -4.2999997 0.1
        vertex 1.534466 -4.2999997 0.15935892
    endloop
endfacet
facet normal 0 1 0
    outer loop
        vertex 1.5377966 -4.2999997 0.10843657
        vertex 0.875 -4.2999997 0.1
        vertex 1.5367563 -4.2999997 0.13393863
    endloop
endfacet
facet normal 0 1 -0
    outer loop
        vertex 1.5375842 -4.2999997 0.0829142
        vertex 0.875 -4.2999997 0.1
        vertex 1.5377966 -4.2999997 0.10843657
    endloop
endfacet
facet normal 0 1 -0
    outer loop
        vertex 1.5361198 -4.2999997 0.057432976
        vertex 0.875 -4.2999997 0.1
        vertex 1.5375842 -4.2999997 0.0829142
    endloop
endfacet
facet normal 0 1 -0
    outer loop
        vertex 1.533407 -4.2999997 0.03205431
        vertex 0.875 -4.2999997 0.1
        vertex 1.5361198 -4.2999997 0.057432976
    endloop
endfacet
facet normal 0 1 -0
    outer loop
        vertex 1.529452 -4.2999997 0.0068393233
        vertex 0.875 -4.2999997 0.1
        vertex 1.533407 -4.2999997 0.03205431
    endloop
endfacet
facet normal 0 1 -0
    outer loop
        vertex 1.5242646 -4.2999997 -0.01815123
        vertex 0.875 -4.2999997 0.1
        vertex 1.529452 -4.2999997 0.0068393233
    endloop
endfacet
facet normal 0 1 -0
    outer loop
        vertex 1.5178572 -4.2999997 -0.04285714
        vertex 0.875 -4.2999997 0.1
        vertex 1.5242646 -4.2999997 -0.01815123
    endloop
endfacet
facet normal 0 1 0
    outer loop
        vertex 1.5178572 -4.2999997 -0.04285714
        vertex 1.5102452 -4.2999997 -0.06721891
        vertex 0.875 -4.2999997 0.1
    endloop
endfacet
facet normal 0 1 0
    outer loop
        vertex 1.5102452 -4.2999997 -0.06721891
        vertex 1.501447 -4.2999997 -0.09117782
        vertex 0.875 -4.2999997 0.1
    endloop
endfacet
facet normal 0 1 0
    outer loop
        vertex 1.501447 -4.2999997 -0.09117782
        vertex 1.4914839 -4.2999997 -0.11467617
        vertex 0.875 -4.2999997 0.1
    endloop
endfacet
facet normal 0 1 0
    outer loop
        vertex 1.4914839 -4.2999997 -0.11467617
        vertex 1.4803798 -4.2999997 -0.13765734
        vertex 0.875 -4.2999997 0.1
    endloop
endfacet
facet normal 0 1 0
    outer loop
        vertex 1.4803798 -4.2999997 -0.13765734
        vertex 1.4681612 -4.2999997 -0.160066
        vertex 0.875 -4.2999997 0.1
    endloop
endfacet
facet normal 0 1 0
    outer loop
        vertex 0.875 -4.2999997 0.1
        vertex 1.4548581 -4.2999997 -0.18184811
        vertex 1.440502 -4.2999997 -0.20295124
    endloop
endfacet
facet normal 0 1 0
    outer loop
        vertex 0.875 -4.2999997 0.1
        vertex 1.440502 -4.2999997 -0.20295124
        vertex 1.4251279 -4.2999997 -0.2233245
    endloop
endfacet
facet normal 0 1 0
    outer loop
        vertex 0.875 -4.2999997 0.1
        vertex 1.4251279 -4.2999997 -0.2233245
        vertex 1.4087725 -4.2999997 -0.24291886
    endloop
endfacet
facet normal 0 1 0
    outer loop
        vertex 0.875 -4.2999997 0.1
        vertex 1.4087725 -4.2999997 -0.24291886
        vertex 1.3914754 -4.2999997 -0.26168713
    endloop
endfacet
facet normal 0 1 0
    outer loop
        vertex 0.875 -4.2999997 0.1
        vertex 1.3914754 -4.2999997 -0.26168713
        vertex 1.3732783 -4.2999997 -0.27958402
    endloop
endfacet
facet normal 0 1 0
    outer loop
        vertex 0.875 -4.2999997 0.1
        vertex 1.3732783 -4.2999997 -0.27958402
        vertex 1.3542247 -4.2999997 -0.2965665
    endloop
endfacet
facet normal 0 1 0
    outer loop
        vertex 0.875 -4.2999997 0.1
        vertex 1.3542247 -4.2999997 -0.2965665
        vertex 1.334361 -4.2999997 -0.31259358
    endloop
endfacet
facet normal 0 1 0
    outer loop
        vertex 0.875 -4.2999997 0.1
        vertex 1.334361 -4.2999997 -0.31259358
        vertex 1.3137348 -4.2999997 -0.3276267
    endloop
endfacet
facet normal 0 1 0
    outer loop
        vertex 0.875 -4.2999997 0.1
        vertex 1.3137348 -4.2999997 -0.3276267
        vertex 1.2923957 -4.2999997 -0.34162965
    endloop
endfacet
facet normal 0 1 0
    outer loop
        vertex 0.875 -4.2999997 0.1
        vertex 1.2923957 -4.2999997 -0.34162965
        vertex 1.2703953 -4.2999997 -0.35456866
    endloop
endfacet
facet normal 0 1 -0
    outer loop
        vertex 1.2246237 -4.2999997 -0.37713283
        vertex 0.875 -4.2999997 0.1
        vertex 1.2477864 -4.2999997 -0.36641255
    endloop
endfacet
facet normal 0 0.99999994 0
    outer loop
        vertex 0.875 -4.2999997 0.1
        vertex 1.2703953 -4.2999997 -0.35456866
        vertex 1.2477864 -4.2999997 -0.36641255
    endloop
endfacet
facet normal 0 1 -0
    outer loop
        vertex 1.2009628 -4.2999997 -0.38670364
        vertex 0.875 -4.2999997 0.1
        vertex 1.2246237 -4.2999997 -0.37713283
    endloop
endfacet
facet normal 0 1 -0
    outer loop
        vertex 1.1768608 -4.2999997 -0.39510196
        vertex 0.875 -4.2999997 0.1
        vertex 1.2009628 -4.2999997 -0.38670364
    endloop
endfacet
facet normal 0 1 -0
    outer loop
        vertex 1.1523758 -4.2999997 -0.40230757
        vertex 0.875 -4.2999997 0.1
        vertex 1.1768608 -4.2999997 -0.39510196
    endloop
endfacet
facet normal 0 1 0
    outer loop
        vertex 1.1275668 -4.2999997 -0.40830302
        vertex 1.1024934 -4.2999997 -0.41307393
        vertex 0.875 -4.2999997 0.1
    endloop
endfacet
facet normal 0 1 0
    outer loop
        vertex 1.1024934 -4.2999997 -0.41307393
        vertex 1.0772161 -4.2999997 -0.4166088
        vertex 0.875 -4.2999997 0.1
    endloop
endfacet
facet normal 0 1 0
    outer loop
        vertex 1.0772161 -4.2999997 -0.4166088
        vertex 1.0517957 -4.2999997 -0.41889915
        vertex 0.875 -4.2999997 0.1
    endloop
endfacet
facet normal 0 1 0
    outer loop
        vertex 1.0517957 -4.2999997 -0.41889915
        vertex 1.0262938 -4.2999997 -0.4199394
        vertex 0.875 -4.2999997 0.1
    endloop
endfacet
facet normal 0 1 0
    outer loop
        vertex 1.0262938 -4.2999997 -0.4199394
        vertex 1.0007714 -4.2999997 -0.41972706
        vertex 0.875 -4.2999997 0.1
    endloop
endfacet
facet normal 0 1 0
    outer loop
        vertex 1.0007714 -4.2999997 -0.41972706
        vertex 0.9752901 -4.2999997 -0.4182627
        vertex 0.875 -4.2999997 0.1
    endloop
endfacet
facet normal 0 1 0
    outer loop
        vertex 0.9752901 -4.2999997 -0.4182627
        vertex 0.9499115 -4.2999997 -0.41554976
        vertex 0.875 -4.2999997 0.1
    endloop
endfacet
facet normal 0 1 0
    outer loop
        vertex 0.875 -4.2999997 0.1
        vertex 0.9499115 -4.2999997 -0.41554976
        vertex 0.92469645 -4.2999997 -0.4115948
    endloop
endfacet
facet normal 0 1 -0
    outer loop
        vertex 0.875 -4.2999997 -0.4
        vertex -0.875 -4.2999997 0.1
        vertex 0.875 -4.2999997 0.1
    endloop
endfacet
facet normal -0 1 0
    outer loop
        vertex 0.875 -4.2999997 -0.4
        vertex 0.875 -4.2999997 0.1
        vertex 0.89970595 -4.2999997 -0.4064074
    endloop
endfacet
facet normal 0 1 0
    outer loop
        vertex -0.875 -4.2999997 0.1
        vertex 0.875 -4.2999997 0.59999996
        vertex 0.875 -4.2999997 0.1
    endloop
endfacet
facet normal 0 1 0
    outer loop
        vertex 1.4681612 -4.2999997 -0.160066
        vertex 1.4548581 -4.2999997 -0.18184811
        vertex 0.875 -4.2999997 0.1
    endloop
endfacet
facet normal 0 1 0
    outer loop
        vertex 0.875 -4.2999997 0.1
        vertex 1.1523758 -4.2999997 -0.40230757
        vertex 1.1275668 -4.2999997 -0.40830302
    endloop
endfacet
facet normal -0 1 -0
    outer loop
        vertex 0.89970595 -4.2999997 -0.4064074
        vertex 0.875 -4.2999997 0.1
        vertex 0.92469645 -4.2999997 -0.4115948
    endloop
endfacet
facet normal 0 -1 0
    outer loop
        vertex 0.875 -4.5 0.1
        vertex 0.910105 -4.5 0.60872155
        vertex 0.875 -4.5 0.59999996
    endloop
endfacet
facet normal 0 -1 0
    outer loop
        vertex 0.98170686 -4.5 0.61874974
        vertex 0.94573146 -4.5 0.6149816
        vertex 0.875 -4.5 0.1
    endloop
endfacet
facet normal 0 -1 0
    outer loop
        vertex 0.875 -4.5 0.1
        vertex 0.94573146 -4.5 0.6149816
        vertex 0.910105 -4.5 0.60872155
    endloop
endfacet
facet normal 0 -1 0
    outer loop
        vertex 1.0178571 -4.5 0.6200078
        vertex 0.98170686 -4.5 0.61874974
        vertex 0.875 -4.5 0.1
    endloop
endfacet
facet normal -0 -1 0
    outer loop
        vertex 1.0540074 -4.5 0.61874974
        vertex 1.0178571 -4.5 0.6200078
        vertex 0.875 -4.5 0.1
    endloop
endfacet
facet normal 0 -1 0
    outer loop
        vertex 0.875 -4.5 0.1
        vertex 1.0899829 -4.5 0.6149816
        vertex 1.0540074 -4.5 0.61874974
    endloop
endfacet
facet normal 0 -1 0
    outer loop
        vertex 0.875 -4.5 0.1
        vertex 1.1256093 -4.5 0.60872155
        vertex 1.0899829 -4.5 0.6149816
    endloop
endfacet
facet normal 0 -1 0
    outer loop
        vertex 0.875 -4.5 0.1
        vertex 1.1607143 -4.5 0.59999996
        vertex 1.1256093 -4.5 0.60872155
    endloop
endfacet
facet normal 0 -1 0
    outer loop
        vertex 0.875 -4.5 0.1
        vertex 1.1850761 -4.5 0.5923881
        vertex 1.1607143 -4.5 0.59999996
    endloop
endfacet
facet normal 0 -1 0
    outer loop
        vertex 0.875 -4.5 0.1
        vertex 1.2090349 -4.5 0.5835899
        vertex 1.1850761 -4.5 0.5923881
    endloop
endfacet
facet normal 0 -1 0
    outer loop
        vertex 0.875 -4.5 0.1
        vertex 1.2325332 -4.5 0.57362676
        vertex 1.2090349 -4.5 0.5835899
    endloop
endfacet
facet normal 0 -1 0
    outer loop
        vertex 0.875 -4.5 0.1
        vertex 1.2555145 -4.5 0.5625226
        vertex 1.2325332 -4.5 0.57362676
    endloop
endfacet
facet normal 0 -1 0
    outer loop
        vertex 0.875 -4.5 0.1
        vertex 1.2779231 -4.5 0.5503042
        vertex 1.2555145 -4.5 0.5625226
    endloop
endfacet
facet normal 0 -1 0
    outer loop
        vertex 0.875 -4.5 0.1
        vertex 1.2997053 -4.5 0.53700095
        vertex 1.2779231 -4.5 0.5503042
    endloop
endfacet
facet normal 0 -1 0
    outer loop
        vertex 0.875 -4.5 0.1
        vertex 1.3208084 -4.5 0.52264494
        vertex 1.2997053 -4.5 0.53700095
    endloop
endfacet
facet normal 0 -1 0
    outer loop
        vertex 0.875 -4.5 0.1
        vertex 1.3411816 -4.5 0.5072707
        vertex 1.3208084 -4.5 0.52264494
    endloop
endfacet
facet normal 0 -1 0
    outer loop
        vertex 0.875 -4.5 0.1
        vertex 1.360776 -4.5 0.49091536
        vertex 1.3411816 -4.5 0.5072707
    endloop
endfacet
facet normal 0 -1 0
    outer loop
        vertex 0.875 -4.5 0.1
        vertex 1.3795443 -4.5 0.47361824
        vertex 1.360776 -4.5 0.49091536
    endloop
endfacet
facet normal 0 -1 0
    outer loop
        vertex 0.875 -4.5 0.1
        vertex 1.3974411 -4.5 0.45542106
        vertex 1.3795443 -4.5 0.47361824
    endloop
endfacet
facet normal 0 -1 0
    outer loop
        vertex 0.875 -4.5 0.1
        vertex 1.4144237 -4.5 0.43636763
        vertex 1.3974411 -4.5 0.45542106
    endloop
endfacet
facet normal 0 -1 0
    outer loop
        vertex 0.875 -4.5 0.1
        vertex 1.4304508 -4.5 0.41650388
        vertex 1.4144237 -4.5 0.43636763
    endloop
endfacet
facet normal 0 -1 0
    outer loop
        vertex 0.875 -4.5 0.1
        vertex 1.4454839 -4.5 0.39587763
        vertex 1.4304508 -4.5 0.41650388
    endloop
endfacet
facet normal 0 -1 0
    outer loop
        vertex 0.875 -4.5 0.1
        vertex 1.4594867 -4.5 0.37453857
        vertex 1.4454839 -4.5 0.39587763
    endloop
endfacet
facet normal 0 -1 0
    outer loop
        vertex 0.875 -4.5 0.1
        vertex 1.4724258 -4.5 0.35253817
        vertex 1.4594867 -4.5 0.37453857
    endloop
endfacet
facet normal 0 -1 0
    outer loop
        vertex 0.875 -4.5 0.1
        vertex 1.4842697 -4.5 0.32992932
        vertex 1.4724258 -4.5 0.35253817
    endloop
endfacet
facet normal 0 -1 0
    outer loop
        vertex 0.875 -4.5 0.1
        vertex 1.49499 -4.5 0.30676657
        vertex 1.4842697 -4.5 0.32992932
    endloop
endfacet
facet normal 0 -1 0
    outer loop
        vertex 0.875 -4.5 0.1
        vertex 1.5045608 -4.5 0.28310573
        vertex 1.49499 -4.5 0.30676657
    endloop
endfacet
facet normal -0 -1 0
    outer loop
        vertex 1.5201647 -4.5 0.23451872
        vertex 1.5129592 -4.5 0.25900373
        vertex 0.875 -4.5 0.1
    endloop
endfacet
facet normal 0 -1 0
    outer loop
        vertex 0.875 -4.5 0.1
        vertex 1.5129592 -4.5 0.25900373
        vertex 1.5045608 -4.5 0.28310573
    endloop
endfacet
facet normal -0 -1 0
    outer loop
        vertex 1.5261602 -4.5 0.20970961
        vertex 1.5201647 -4.5 0.23451872
        vertex 0.875 -4.5 0.1
    endloop
endfacet
facet normal -0 -1 0
    outer loop
        vertex 1.5309311 -4.5 0.18463622
        vertex 1.5261602 -4.5 0.20970961
        vertex 0.875 -4.5 0.1
    endloop
endfacet
facet normal -0 -1 0
    outer loop
        vertex 1.534466 -4.5 0.15935892
        vertex 1.5309311 -4.5 0.18463622
        vertex 0.875 -4.5 0.1
    endloop
endfacet
facet normal -0 -1 0
    outer loop
        vertex 1.5367563 -4.5 0.13393863
        vertex 1.534466 -4.5 0.15935892
        vertex 0.875 -4.5 0.1
    endloop
endfacet
facet normal -0 -1 0
    outer loop
        vertex 1.5377966 -4.5 0.10843657
        vertex 1.5367563 -4.5 0.13393863
        vertex 0.875 -4.5 0.1
    endloop
endfacet
facet normal 0 -1 0
    outer loop
        vertex 1.5375842 -4.5 0.0829142
        vertex 1.5377966 -4.5 0.10843657
        vertex 0.875 -4.5 0.1
    endloop
endfacet
facet normal 0 -1 0
    outer loop
        vertex 1.5361198 -4.5 0.057432976
        vertex 1.5375842 -4.5 0.0829142
        vertex 0.875 -4.5 0.1
    endloop
endfacet
facet normal 0 -1 0
    outer loop
        vertex 1.533407 -4.5 0.03205431
        vertex 1.5361198 -4.5 0.057432976
        vertex 0.875 -4.5 0.1
    endloop
endfacet
facet normal 0 -1 0
    outer loop
        vertex 1.529452 -4.5 0.0068393233
        vertex 1.533407 -4.5 0.03205431
        vertex 0.875 -4.5 0.1
    endloop
endfacet
facet normal 0 -1 0
    outer loop
        vertex 1.5242646 -4.5 -0.01815123
        vertex 1.529452 -4.5 0.0068393233
        vertex 0.875 -4.5 0.1
    endloop
endfacet
facet normal 0 -1 0
    outer loop
        vertex 1.5178572 -4.5 -0.04285714
        vertex 1.5242646 -4.5 -0.01815123
        vertex 0.875 -4.5 0.1
    endloop
endfacet
facet normal -0 -1 0
    outer loop
        vertex 1.5178572 -4.5 -0.04285714
        vertex 0.875 -4.5 0.1
        vertex 1.5102452 -4.5 -0.06721891
    endloop
endfacet
facet normal -0 -1 0
    outer loop
        vertex 1.5102452 -4.5 -0.06721891
        vertex 0.875 -4.5 0.1
        vertex 1.501447 -4.5 -0.09117782
    endloop
endfacet
facet normal -0 -1 0
    outer loop
        vertex 1.501447 -4.5 -0.09117782
        vertex 0.875 -4.5 0.1
        vertex 1.4914839 -4.5 -0.11467617
    endloop
endfacet
facet normal -0 -1 0
    outer loop
        vertex 1.4914839 -4.5 -0.11467617
        vertex 0.875 -4.5 0.1
        vertex 1.4803798 -4.5 -0.13765734
    endloop
endfacet
facet normal -0 -1 0
    outer loop
        vertex 1.4803798 -4.5 -0.13765734
        vertex 0.875 -4.5 0.1
        vertex 1.4681612 -4.5 -0.160066
    endloop
endfacet
facet normal 0 -1 0
    outer loop
        vertex 0.875 -4.5 0.1
        vertex 1.440502 -4.5 -0.20295124
        vertex 1.4548581 -4.5 -0.18184811
    endloop
endfacet
facet normal 0 -1 0
    outer loop
        vertex 0.875 -4.5 0.1
        vertex 1.4251279 -4.5 -0.2233245
        vertex 1.440502 -4.5 -0.20295124
    endloop
endfacet
facet normal 0 -1 0
    outer loop
        vertex 0.875 -4.5 0.1
        vertex 1.4087725 -4.5 -0.24291886
        vertex 1.4251279 -4.5 -0.2233245
    endloop
endfacet
facet normal 0 -1 0
    outer loop
        vertex 0.875 -4.5 0.1
        vertex 1.3914754 -4.5 -0.26168713
        vertex 1.4087725 -4.5 -0.24291886
    endloop
endfacet
facet normal 0 -1 0
    outer loop
        vertex 0.875 -4.5 0.1
        vertex 1.3732783 -4.5 -0.27958402
        vertex 1.3914754 -4.5 -0.26168713
    endloop
endfacet
facet normal 0 -1 0
    outer loop
        vertex 0.875 -4.5 0.1
        vertex 1.3542247 -4.5 -0.2965665
        vertex 1.3732783 -4.5 -0.27958402
    endloop
endfacet
facet normal 0 -1 0
    outer loop
        vertex 0.875 -4.5 0.1
        vertex 1.334361 -4.5 -0.31259358
        vertex 1.3542247 -4.5 -0.2965665
    endloop
endfacet
facet normal 0 -1 0
    outer loop
        vertex 0.875 -4.5 0.1
        vertex 1.3137348 -4.5 -0.3276267
        vertex 1.334361 -4.5 -0.31259358
    endloop
endfacet
facet normal 0 -1 0
    outer loop
        vertex 0.875 -4.5 0.1
        vertex 1.2923957 -4.5 -0.34162965
        vertex 1.3137348 -4.5 -0.3276267
    endloop
endfacet
facet normal 0 -1 0
    outer loop
        vertex 0.875 -4.5 0.1
        vertex 1.2703953 -4.5 -0.35456866
        vertex 1.2923957 -4.5 -0.34162965
    endloop
endfacet
facet normal 0 -1 0
    outer loop
        vertex 1.2246237 -4.5 -0.37713283
        vertex 1.2477864 -4.5 -0.36641255
        vertex 0.875 -4.5 0.1
    endloop
endfacet
facet normal 0 -0.99999994 0
    outer loop
        vertex 0.875 -4.5 0.1
        vertex 1.2477864 -4.5 -0.36641255
        vertex 1.2703953 -4.5 -0.35456866
    endloop
endfacet
facet normal 0 -1 0
    outer loop
        vertex 1.2009628 -4.5 -0.38670364
        vertex 1.2246237 -4.5 -0.37713283
        vertex 0.875 -4.5 0.1
    endloop
endfacet
facet normal 0 -1 0
    outer loop
        vertex 1.1768608 -4.5 -0.39510196
        vertex 1.2009628 -4.5 -0.38670364
        vertex 0.875 -4.5 0.1
    endloop
endfacet
facet normal 0 -1 0
    outer loop
        vertex 1.1523758 -4.5 -0.40230757
        vertex 1.1768608 -4.5 -0.39510196
        vertex 0.875 -4.5 0.1
    endloop
endfacet
facet normal -0 -1 0
    outer loop
        vertex 1.1275668 -4.5 -0.40830302
        vertex 0.875 -4.5 0.1
        vertex 1.1024934 -4.5 -0.41307393
    endloop
endfacet
facet normal -0 -1 0
    outer loop
        vertex 1.1024934 -4.5 -0.41307393
        vertex 0.875 -4.5 0.1
        vertex 1.0772161 -4.5 -0.4166088
    endloop
endfacet
facet normal -0 -1 0
    outer loop
        vertex 1.0772161 -4.5 -0.4166088
        vertex 0.875 -4.5 0.1
        vertex 1.0517957 -4.5 -0.41889915
    endloop
endfacet
facet normal -0 -1 0
    outer loop
        vertex 1.0517957 -4.5 -0.41889915
        vertex 0.875 -4.5 0.1
        vertex 1.0262938 -4.5 -0.4199394
    endloop
endfacet
facet normal 0 -1 0
    outer loop
        vertex 1.0262938 -4.5 -0.4199394
        vertex 0.875 -4.5 0.1
        vertex 1.0007714 -4.5 -0.41972706
    endloop
endfacet
facet normal 0 -1 0
    outer loop
        vertex 1.0007714 -4.5 -0.41972706
        vertex 0.875 -4.5 0.1
        vertex 0.9752901 -4.5 -0.4182627
    endloop
endfacet
facet normal 0 -1 0
    outer loop
        vertex 0.9752901 -4.5 -0.4182627
        vertex 0.875 -4.5 0.1
        vertex 0.9499115 -4.5 -0.41554976
    endloop
endfacet
facet normal 0 -1 0
    outer loop
        vertex 0.875 -4.5 0.1
        vertex 0.92469645 -4.5 -0.4115948
        vertex 0.9499115 -4.5 -0.41554976
    endloop
endfacet
facet normal 0 -1 0
    outer loop
        vertex 0.875 -4.5 -0.4
        vertex 0.875 -4.5 0.1
        vertex -0.875 -4.5 0.1
    endloop
endfacet
facet normal 0 -1 0
    outer loop
        vertex 0.875 -4.5 -0.4
        vertex 0.89970595 -4.5 -0.4064074
        vertex 0.875 -4.5 0.1
    endloop
endfacet
facet normal 0 -1 0
    outer loop
        vertex -0.875 -4.5 0.1
        vertex 0.875 -4.5 0.1
        vertex 0.875 -4.5 0.59999996
    endloop
endfacet
facet normal -0 -1 0
    outer loop
        vertex 1.4681612 -4.5 -0.160066
        vertex 0.875 -4.5 0.1
        vertex 1.4548581 -4.5 -0.18184811
    endloop
endfacet
facet normal 0 -1 0
    outer loop
        vertex 0.875 -4.5 0.1
        vertex 1.1275668 -4.5 -0.40830302
        vertex 1.1523758 -4.5 -0.40230757
    endloop
endfacet
facet normal 0 -1 0
    outer loop
        vertex 0.89970595 -4.5 -0.4064074
        vertex 0.92469645 -4.5 -0.4115948
        vertex 0.875 -4.5 0.1
    endloop
endfacet
facet normal 0.2982319 0 0.9544934
    outer loop
        vertex 1.1850761 -4.2999997 0.5923881
        vertex 1.1607143 -4.2999997 0.59999996
        vertex 1.1850761 -4.5 0.5923881
    endloop
endfacet
facet normal 0.34471351 0 0.93870795
    outer loop
        vertex 1.2090349 -4.2999997 0.5835899
        vertex 1.1850761 -4.2999997 0.5923881
        vertex 1.1850761 -4.5 0.5923881
    endloop
endfacet
facet normal 0.3903566 0 0.92066377
    outer loop
        vertex 1.2325332 -4.2999997 0.57362676
        vertex 1.2090349 -4.2999997 0.5835899
        vertex 1.2090349 -4.5 0.5835899
    endloop
endfacet
facet normal 0.3903566 -0 0.92066377
    outer loop
        vertex 1.2325332 -4.5 0.57362676
        vertex 1.2325332 -4.2999997 0.57362676
        vertex 1.2090349 -4.5 0.5835899
    endloop
endfacet
facet normal 0.43505892 -0 0.90040201
    outer loop
        vertex 1.2555145 -4.5 0.5625226
        vertex 1.2555145 -4.2999997 0.5625226
        vertex 1.2325332 -4.5 0.57362676
    endloop
endfacet
facet normal 0.47871748 -0 0.87796903
    outer loop
        vertex 1.2555145 -4.5 0.5625226
        vertex 1.2779231 -4.2999997 0.5503042
        vertex 1.2555145 -4.2999997 0.5625226
    endloop
endfacet
facet normal 0.52121896 -0 0.853423
    outer loop
        vertex 1.2779231 -4.5 0.5503042
        vertex 1.2997053 -4.2999997 0.53700095
        vertex 1.2779231 -4.2999997 0.5503042
    endloop
endfacet
facet normal 0.52121896 0 0.853423
    outer loop
        vertex 1.2779231 -4.5 0.5503042
        vertex 1.2997053 -4.5 0.53700095
        vertex 1.2997053 -4.2999997 0.53700095
    endloop
endfacet
facet normal 0.56246752 0 0.82681936
    outer loop
        vertex 1.2997053 -4.5 0.53700095
        vertex 1.3208084 -4.5 0.52264494
        vertex 1.3208084 -4.2999997 0.52264494
    endloop
endfacet
facet normal 0.60236257 0 0.7982226
    outer loop
        vertex 1.3208084 -4.2999997 0.52264494
        vertex 1.3208084 -4.5 0.52264494
        vertex 1.3411816 -4.2999997 0.5072707
    endloop
endfacet
facet normal 0.6408025 0 0.76770568
    outer loop
        vertex 1.3411816 -4.2999997 0.5072707
        vertex 1.3411816 -4.5 0.5072707
        vertex 1.360776 -4.2999997 0.49091536
    endloop
endfacet
facet normal 0.6408025 0 0.76770568
    outer loop
        vertex 1.360776 -4.2999997 0.49091536
        vertex 1.3411816 -4.5 0.5072707
        vertex 1.360776 -4.5 0.49091536
    endloop
endfacet
facet normal 0.67769861 0 0.7353397
    outer loop
        vertex 1.3795443 -4.2999997 0.47361824
        vertex 1.360776 -4.5 0.49091536
        vertex 1.3795443 -4.5 0.47361824
    endloop
endfacet
facet normal 0.71296489 0 0.70119965
    outer loop
        vertex 1.3974411 -4.2999997 0.45542106
        vertex 1.3795443 -4.2999997 0.47361824
        vertex 1.3795443 -4.5 0.47361824
    endloop
endfacet
facet normal 0.74651033 0 0.6653738
    outer loop
        vertex 1.4144237 -4.2999997 0.43636763
        vertex 1.3974411 -4.2999997 0.45542106
        vertex 1.3974411 -4.5 0.45542106
    endloop
endfacet
facet normal 0.74651033 -0 0.6653738
    outer loop
        vertex 1.4144237 -4.5 0.43636763
        vertex 1.4144237 -4.2999997 0.43636763
        vertex 1.3974411 -4.5 0.45542106
    endloop
endfacet
facet normal 0.77826107 -0 0.62794083
    outer loop
        vertex 1.4304508 -4.5 0.41650388
        vertex 1.4304508 -4.2999997 0.41650388
        vertex 1.4144237 -4.5 0.43636763
    endloop
endfacet
facet normal 0.80813521 -0 0.58899701
    outer loop
        vertex 1.4304508 -4.5 0.41650388
        vertex 1.4454839 -4.2999997 0.39587763
        vertex 1.4304508 -4.2999997 0.41650388
    endloop
endfacet
facet normal 0.83606517 -0 0.54863024
    outer loop
        vertex 1.4454839 -4.5 0.39587763
        vertex 1.4594867 -4.2999997 0.37453857
        vertex 1.4454839 -4.2999997 0.39587763
    endloop
endfacet
facet normal 0.83606517 0 0.54863024
    outer loop
        vertex 1.4454839 -4.5 0.39587763
        vertex 1.4594867 -4.5 0.37453857
        vertex 1.4594867 -4.2999997 0.37453857
    endloop
endfacet
facet normal 0.86197394 0 0.5069527
    outer loop
        vertex 1.4594867 -4.5 0.37453857
        vertex 1.4724258 -4.5 0.35253817
        vertex 1.4724258 -4.2999997 0.35253817
    endloop
endfacet
facet normal 0.88581234 0 0.46404362
    outer loop
        vertex 1.4724258 -4.2999997 0.35253817
        vertex 1.4724258 -4.5 0.35253817
        vertex 1.4842697 -4.2999997 0.32992932
    endloop
endfacet
facet normal 0.90751535 0 0.42001888
    outer loop
        vertex 1.4842697 -4.2999997 0.32992932
        vertex 1.4842697 -4.5 0.32992932
        vertex 1.49499 -4.2999997 0.30676657
    endloop
endfacet
facet normal 0.90751535 0 0.42001888
    outer loop
        vertex 1.49499 -4.2999997 0.30676657
        vertex 1.4842697 -4.5 0.32992932
        vertex 1.49499 -4.5 0.30676657
    endloop
endfacet
facet normal 0.9270308 0 0.37498507
    outer loop
        vertex 1.5045608 -4.2999997 0.28310573
        vertex 1.49499 -4.5 0.30676657
        vertex 1.5045608 -4.5 0.28310573
    endloop
endfacet
facet normal 0.94431299 0 0.32904863
    outer loop
        vertex 1.5129592 -4.2999997 0.25900373
        vertex 1.5045608 -4.2999997 0.28310573
        vertex 1.5045608 -4.5 0.28310573
    endloop
endfacet
facet normal 0.95932299 0 0.28231108
    outer loop
        vertex 1.5201647 -4.2999997 0.23451872
        vertex 1.5129592 -4.2999997 0.25900373
        vertex 1.5129592 -4.5 0.25900373
    endloop
endfacet
facet normal 0.95932299 -0 0.28231108
    outer loop
        vertex 1.5201647 -4.5 0.23451872
        vertex 1.5201647 -4.2999997 0.23451872
        vertex 1.5129592 -4.5 0.25900373
    endloop
endfacet
facet normal 0.97201872 -0 0.23490365
    outer loop
        vertex 1.5261602 -4.5 0.20970961
        vertex 1.5261602 -4.2999997 0.20970961
        vertex 1.5201647 -4.5 0.23451872
    endloop
endfacet
facet normal 0.98237455 -0 0.18692268
    outer loop
        vertex 1.5261602 -4.5 0.20970961
        vertex 1.5309311 -4.2999997 0.18463622
        vertex 1.5261602 -4.2999997 0.20970961
    endloop
endfacet
facet normal 0.99036276 -0 0.13849762
    outer loop
        vertex 1.5309311 -4.5 0.18463622
        vertex 1.534466 -4.2999997 0.15935892
        vertex 1.5309311 -4.2999997 0.18463622
    endloop
endfacet
facet normal 0.99036276 0 0.13849762
    outer loop
        vertex 1.5309311 -4.5 0.18463622
        vertex 1.534466 -4.5 0.15935892
        vertex 1.534466 -4.2999997 0.15935892
    endloop
endfacet
facet normal 0.99916899 0 0.04076044
    outer loop
        vertex 1.5367563 -4.2999997 0.13393863
        vertex 1.5367563 -4.5 0.13393863
        vertex 1.5377966 -4.2999997 0.10843657
    endloop
endfacet
facet normal 0.99996531 0 -0.00832304
    outer loop
        vertex 1.5377966 -4.5 0.10843657
        vertex 1.5375842 -4.5 0.0829142
        vertex 1.5375842 -4.2999997 0.0829142
    endloop
endfacet
facet normal 0.99835283 0 -0.0573738
    outer loop
        vertex 1.5375842 -4.5 0.0829142
        vertex 1.5361198 -4.5 0.057432976
        vertex 1.5361198 -4.2999997 0.057432976
    endloop
endfacet
facet normal 0.98792118 0 -0.15495686
    outer loop
        vertex 1.533407 -4.5 0.03205431
        vertex 1.529452 -4.2999997 0.0068393233
        vertex 1.533407 -4.2999997 0.03205431
    endloop
endfacet
facet normal 0.97912854 0 -0.20324177
    outer loop
        vertex 1.529452 -4.5 0.0068393233
        vertex 1.5242646 -4.2999997 -0.01815123
        vertex 1.529452 -4.2999997 0.0068393233
    endloop
endfacet
facet normal 0.96797651 0 -0.25104088
    outer loop
        vertex 1.5178572 -4.5 -0.04285714
        vertex 1.5178572 -4.2999997 -0.04285714
        vertex 1.5242646 -4.5 -0.01815123
    endloop
endfacet
facet normal 0.95449185 0 -0.29823709
    outer loop
        vertex 1.5102452 -4.5 -0.06721891
        vertex 1.5102452 -4.2999997 -0.06721891
        vertex 1.5178572 -4.5 -0.04285714
    endloop
endfacet
facet normal 0.93870771 0 -0.34471416
    outer loop
        vertex 1.501447 -4.5 -0.09117782
        vertex 1.501447 -4.2999997 -0.09117782
        vertex 1.5102452 -4.5 -0.06721891
    endloop
endfacet
facet normal 0.90040201 0 -0.43505874
    outer loop
        vertex 1.4803798 -4.2999997 -0.13765734
        vertex 1.4914839 -4.2999997 -0.11467617
        vertex 1.4914839 -4.5 -0.11467617
    endloop
endfacet
facet normal 0.87796652 0 -0.47872218
    outer loop
        vertex 1.4681612 -4.2999997 -0.160066
        vertex 1.4803798 -4.2999997 -0.13765734
        vertex 1.4803798 -4.5 -0.13765734
    endloop
endfacet
facet normal 0.85342366 0 -0.521218
    outer loop
        vertex 1.4548581 -4.2999997 -0.18184811
        vertex 1.4681612 -4.5 -0.160066
        vertex 1.4548581 -4.5 -0.18184811
    endloop
endfacet
facet normal 0.82681924 0 -0.56246781
    outer loop
        vertex 1.440502 -4.2999997 -0.20295124
        vertex 1.4548581 -4.5 -0.18184811
        vertex 1.440502 -4.5 -0.20295124
    endloop
endfacet
facet normal 0.7677055 0 -0.6408028
    outer loop
        vertex 1.4251279 -4.2999997 -0.2233245
        vertex 1.4251279 -4.5 -0.2233245
        vertex 1.4087725 -4.2999997 -0.24291886
    endloop
endfacet
facet normal 0.73534071 0 -0.67769766
    outer loop
        vertex 1.4087725 -4.2999997 -0.24291886
        vertex 1.4087725 -4.5 -0.24291886
        vertex 1.3914754 -4.2999997 -0.26168713
    endloop
endfacet
facet normal 0.70119965 0 -0.71296489
    outer loop
        vertex 1.3914754 -4.2999997 -0.26168713
        vertex 1.3914754 -4.5 -0.26168713
        vertex 1.3732783 -4.2999997 -0.27958402
    endloop
endfacet
facet normal 0.66536891 0 -0.74651462
    outer loop
        vertex 1.3732783 -4.5 -0.27958402
        vertex 1.3542247 -4.5 -0.2965665
        vertex 1.3542247 -4.2999997 -0.2965665
    endloop
endfacet
facet normal 0.62794149 0 -0.77826065
    outer loop
        vertex 1.3542247 -4.5 -0.2965665
        vertex 1.334361 -4.5 -0.31259358
        vertex 1.334361 -4.2999997 -0.31259358
    endloop
endfacet
facet normal 0.54863435 0 -0.83606249
    outer loop
        vertex 1.3137348 -4.5 -0.3276267
        vertex 1.2923957 -4.2999997 -0.34162965
        vertex 1.3137348 -4.2999997 -0.3276267
    endloop
endfacet
facet normal 0.50694954 0 -0.86197573
    outer loop
        vertex 1.2923957 -4.5 -0.34162965
        vertex 1.2703953 -4.2999997 -0.35456866
        vertex 1.2923957 -4.2999997 -0.34162965
    endloop
endfacet
facet normal 0.46404222 0 -0.88581306
    outer loop
        vertex 1.2703953 -4.5 -0.35456866
        vertex 1.2477864 -4.2999997 -0.36641255
        vertex 1.2703953 -4.2999997 -0.35456866
    endloop
endfacet
facet normal 0.42002028 0 -0.90751463
    outer loop
        vertex 1.2246237 -4.5 -0.37713283
        vertex 1.2246237 -4.2999997 -0.37713283
        vertex 1.2477864 -4.5 -0.36641255
    endloop
endfacet
facet normal 0.37498325 0 -0.92703164
    outer loop
        vertex 1.2009628 -4.5 -0.38670364
        vertex 1.2009628 -4.2999997 -0.38670364
        vertex 1.2246237 -4.5 -0.37713283
    endloop
endfacet
facet normal 0.32904589 0 -0.94431394
    outer loop
        vertex 1.1768608 -4.5 -0.39510196
        vertex 1.1768608 -4.2999997 -0.39510196
        vertex 1.2009628 -4.5 -0.38670364
    endloop
endfacet
facet normal 0.23490237 0 -0.97201896
    outer loop
        vertex 1.1275668 -4.2999997 -0.40830302
        vertex 1.1523758 -4.2999997 -0.40230757
        vertex 1.1523758 -4.5 -0.40230757
    endloop
endfacet
facet normal 0.1869237 0 -0.98237437
    outer loop
        vertex 1.1024934 -4.2999997 -0.41307393
        vertex 1.1275668 -4.2999997 -0.40830302
        vertex 1.1275668 -4.5 -0.40830302
    endloop
endfacet
facet normal 0.13849671 0 -0.99036288
    outer loop
        vertex 1.0772161 -4.2999997 -0.4166088
        vertex 1.1024934 -4.2999997 -0.41307393
        vertex 1.1024934 -4.5 -0.41307393
    endloop
endfacet
facet normal 0.08973485 0 -0.99596566
    outer loop
        vertex 1.0517957 -4.2999997 -0.41889915
        vertex 1.0772161 -4.2999997 -0.4166088
        vertex 1.0772161 -4.5 -0.4166088
    endloop
endfacet
facet normal 0.04075708 0 -0.99916917
    outer loop
        vertex 1.0262938 -4.2999997 -0.4199394
        vertex 1.0517957 -4.5 -0.41889915
        vertex 1.0262938 -4.5 -0.4199394
    endloop
endfacet
facet normal -0.00831954 -0 -0.99996543
    outer loop
        vertex 1.0007714 -4.2999997 -0.41972706
        vertex 1.0262938 -4.5 -0.4199394
        vertex 1.0007714 -4.5 -0.41972706
    endloop
endfacet
facet normal -0.05737367 -0 -0.99835277
    outer loop
        vertex 0.9752901 -4.2999997 -0.4182627
        vertex 1.0007714 -4.5 -0.41972706
        vertex 0.9752901 -4.5 -0.4182627
    endloop
endfacet
facet normal -0.25104052 -0 -0.96797651
    outer loop
        vertex 0.875 -4.2999997 -0.4
        vertex 0.89970595 -4.5 -0.4064074
        vertex 0.875 -4.5 -0.4
    endloop
endfacet
facet normal -0.10629276 0 -0.99433488
    outer loop
        vertex 0.9499115 -4.5 -0.41554976
        vertex 0.9499115 -4.2999997 -0.41554976
        vertex 0.9752901 -4.5 -0.4182627
    endloop
endfacet
facet normal -0.25104052 -0 -0.96797651
    outer loop
        vertex 0.89970595 -4.2999997 -0.4064074
        vertex 0.89970595 -4.5 -0.4064074
        vertex 0.875 -4.2999997 -0.4
    endloop
endfacet
facet normal -0.2032433 -0 -0.9791283
    outer loop
        vertex 0.92469645 -4.2999997 -0.4115948
        vertex 0.92469645 -4.5 -0.4115948
        vertex 0.89970595 -4.2999997 -0.4064074
    endloop
endfacet
facet normal -0.15495431 -0 -0.9879216
    outer loop
        vertex 0.92469645 -4.2999997 -0.4115948
        vertex 0.9499115 -4.5 -0.41554976
        vertex 0.92469645 -4.5 -0.4115948
    endloop
endfacet
facet normal -0.15495431 0 -0.9879216
    outer loop
        vertex 0.92469645 -4.2999997 -0.4115948
        vertex 0.9499115 -4.2999997 -0.41554976
        vertex 0.9499115 -4.5 -0.41554976
    endloop
endfacet
facet normal -0.10629276 0 -0.99433488
    outer loop
        vertex 0.9499115 -4.2999997 -0.41554976
        vertex 0.9752901 -4.2999997 -0.4182627
        vertex 0.9752901 -4.5 -0.4182627
    endloop
endfacet
facet normal -0.05737367 0 -0.99835277
    outer loop
        vertex 0.9752901 -4.2999997 -0.4182627
        vertex 1.0007714 -4.2999997 -0.41972706
        vertex 1.0007714 -4.5 -0.41972706
    endloop
endfacet
facet normal -0.00831954 0 -0.99996543
    outer loop
        vertex 1.0007714 -4.2999997 -0.41972706
        vertex 1.0262938 -4.2999997 -0.4199394
        vertex 1.0262938 -4.5 -0.4199394
    endloop
endfacet
facet normal 0.04075708 0 -0.99916917
    outer loop
        vertex 1.0262938 -4.2999997 -0.4199394
        vertex 1.0517957 -4.2999997 -0.41889915
        vertex 1.0517957 -4.5 -0.41889915
    endloop
endfacet
facet normal 0.08973485 0 -0.99596566
    outer loop
        vertex 1.0517957 -4.5 -0.41889915
        vertex 1.0517957 -4.2999997 -0.41889915
        vertex 1.0772161 -4.5 -0.4166088
    endloop
endfacet
facet normal 0.13849671 0 -0.99036288
    outer loop
        vertex 1.0772161 -4.5 -0.4166088
        vertex 1.0772161 -4.2999997 -0.4166088
        vertex 1.1024934 -4.5 -0.41307393
    endloop
endfacet
facet normal 0.1869237 0 -0.98237437
    outer loop
        vertex 1.1024934 -4.5 -0.41307393
        vertex 1.1024934 -4.2999997 -0.41307393
        vertex 1.1275668 -4.5 -0.40830302
    endloop
endfacet
facet normal 0.23490237 0 -0.97201896
    outer loop
        vertex 1.1275668 -4.5 -0.40830302
        vertex 1.1275668 -4.2999997 -0.40830302
        vertex 1.1523758 -4.5 -0.40230757
    endloop
endfacet
facet normal 0.28231552 0 -0.95932162
    outer loop
        vertex 1.1523758 -4.5 -0.40230757
        vertex 1.1523758 -4.2999997 -0.40230757
        vertex 1.1768608 -4.5 -0.39510196
    endloop
endfacet
facet normal 0.28231552 0 -0.95932162
    outer loop
        vertex 1.1768608 -4.5 -0.39510196
        vertex 1.1523758 -4.2999997 -0.40230757
        vertex 1.1768608 -4.2999997 -0.39510196
    endloop
endfacet
facet normal 0.32904589 0 -0.94431394
    outer loop
        vertex 1.2009628 -4.5 -0.38670364
        vertex 1.1768608 -4.2999997 -0.39510196
        vertex 1.2009628 -4.2999997 -0.38670364
    endloop
endfacet
facet normal 0.37498325 0 -0.92703164
    outer loop
        vertex 1.2246237 -4.5 -0.37713283
        vertex 1.2009628 -4.2999997 -0.38670364
        vertex 1.2246237 -4.2999997 -0.37713283
    endloop
endfacet
facet normal 0.42002028 0 -0.90751463
    outer loop
        vertex 1.2477864 -4.5 -0.36641255
        vertex 1.2246237 -4.2999997 -0.37713283
        vertex 1.2477864 -4.2999997 -0.36641255
    endloop
endfacet
facet normal 0.46404222 0 -0.88581306
    outer loop
        vertex 1.2703953 -4.5 -0.35456866
        vertex 1.2477864 -4.5 -0.36641255
        vertex 1.2477864 -4.2999997 -0.36641255
    endloop
endfacet
facet normal 0.50694954 0 -0.86197573
    outer loop
        vertex 1.2923957 -4.5 -0.34162965
        vertex 1.2703953 -4.5 -0.35456866
        vertex 1.2703953 -4.2999997 -0.35456866
    endloop
endfacet
facet normal 0.54863435 0 -0.83606249
    outer loop
        vertex 1.3137348 -4.5 -0.3276267
        vertex 1.2923957 -4.5 -0.34162965
        vertex 1.2923957 -4.2999997 -0.34162965
    endloop
endfacet
facet normal 0.58899814 0 -0.80813444
    outer loop
        vertex 1.334361 -4.5 -0.31259358
        vertex 1.3137348 -4.5 -0.3276267
        vertex 1.3137348 -4.2999997 -0.3276267
    endloop
endfacet
facet normal 0.58899814 0 -0.80813444
    outer loop
        vertex 1.334361 -4.2999997 -0.31259358
        vertex 1.334361 -4.5 -0.31259358
        vertex 1.3137348 -4.2999997 -0.3276267
    endloop
endfacet
facet normal 0.62794149 0 -0.77826065
    outer loop
        vertex 1.3542247 -4.2999997 -0.2965665
        vertex 1.3542247 -4.5 -0.2965665
        vertex 1.334361 -4.2999997 -0.31259358
    endloop
endfacet
facet normal 0.66536891 0 -0.74651462
    outer loop
        vertex 1.3732783 -4.2999997 -0.27958402
        vertex 1.3732783 -4.5 -0.27958402
        vertex 1.3542247 -4.2999997 -0.2965665
    endloop
endfacet
facet normal 0.70119965 0 -0.71296489
    outer loop
        vertex 1.3732783 -4.2999997 -0.27958402
        vertex 1.3914754 -4.5 -0.26168713
        vertex 1.3732783 -4.5 -0.27958402
    endloop
endfacet
facet normal 0.73534071 0 -0.67769766
    outer loop
        vertex 1.3914754 -4.2999997 -0.26168713
        vertex 1.4087725 -4.5 -0.24291886
        vertex 1.3914754 -4.5 -0.26168713
    endloop
endfacet
facet normal 0.7677055 0 -0.6408028
    outer loop
        vertex 1.4087725 -4.2999997 -0.24291886
        vertex 1.4251279 -4.5 -0.2233245
        vertex 1.4087725 -4.5 -0.24291886
    endloop
endfacet
facet normal 0.79822415 0 -0.60236049
    outer loop
        vertex 1.4251279 -4.2999997 -0.2233245
        vertex 1.440502 -4.5 -0.20295124
        vertex 1.4251279 -4.5 -0.2233245
    endloop
endfacet
facet normal 0.79822415 0 -0.60236049
    outer loop
        vertex 1.4251279 -4.2999997 -0.2233245
        vertex 1.440502 -4.2999997 -0.20295124
        vertex 1.440502 -4.5 -0.20295124
    endloop
endfacet
facet normal 0.82681924 0 -0.56246781
    outer loop
        vertex 1.440502 -4.2999997 -0.20295124
        vertex 1.4548581 -4.2999997 -0.18184811
        vertex 1.4548581 -4.5 -0.18184811
    endloop
endfacet
facet normal 0.85342366 0 -0.521218
    outer loop
        vertex 1.4548581 -4.2999997 -0.18184811
        vertex 1.4681612 -4.2999997 -0.160066
        vertex 1.4681612 -4.5 -0.160066
    endloop
endfacet
facet normal 0.87796652 0 -0.47872218
    outer loop
        vertex 1.4681612 -4.5 -0.160066
        vertex 1.4681612 -4.2999997 -0.160066
        vertex 1.4803798 -4.5 -0.13765734
    endloop
endfacet
facet normal 0.90040201 0 -0.43505874
    outer loop
        vertex 1.4803798 -4.5 -0.13765734
        vertex 1.4803798 -4.2999997 -0.13765734
        vertex 1.4914839 -4.5 -0.11467617
    endloop
endfacet
facet normal 0.92066568 0 -0.39035192
    outer loop
        vertex 1.4914839 -4.5 -0.11467617
        vertex 1.4914839 -4.2999997 -0.11467617
        vertex 1.501447 -4.5 -0.09117782
    endloop
endfacet
facet normal 0.92066568 0 -0.39035192
    outer loop
        vertex 1.501447 -4.5 -0.09117782
        vertex 1.4914839 -4.2999997 -0.11467617
        vertex 1.501447 -4.2999997 -0.09117782
    endloop
endfacet
facet normal 0.93870771 0 -0.34471416
    outer loop
        vertex 1.5102452 -4.5 -0.06721891
        vertex 1.501447 -4.2999997 -0.09117782
        vertex 1.5102452 -4.2999997 -0.06721891
    endloop
endfacet
facet normal 0.95449185 0 -0.29823709
    outer loop
        vertex 1.5178572 -4.5 -0.04285714
        vertex 1.5102452 -4.2999997 -0.06721891
        vertex 1.5178572 -4.2999997 -0.04285714
    endloop
endfacet
facet normal 0.96797651 0 -0.25104088
    outer loop
        vertex 1.5242646 -4.5 -0.01815123
        vertex 1.5178572 -4.2999997 -0.04285714
        vertex 1.5242646 -4.2999997 -0.01815123
    endloop
endfacet
facet normal 0.97912854 0 -0.20324177
    outer loop
        vertex 1.529452 -4.5 0.0068393233
        vertex 1.5242646 -4.5 -0.01815123
        vertex 1.5242646 -4.2999997 -0.01815123
    endloop
endfacet
facet normal 0.98792118 0 -0.15495686
    outer loop
        vertex 1.533407 -4.5 0.03205431
        vertex 1.529452 -4.5 0.0068393233
        vertex 1.529452 -4.2999997 0.0068393233
    endloop
endfacet
facet normal 0.99433523 0 -0.10628921
    outer loop
        vertex 1.5361198 -4.5 0.057432976
        vertex 1.533407 -4.5 0.03205431
        vertex 1.533407 -4.2999997 0.03205431
    endloop
endfacet
facet normal 0.99433523 0 -0.10628921
    outer loop
        vertex 1.5361198 -4.2999997 0.057432976
        vertex 1.5361198 -4.5 0.057432976
        vertex 1.533407 -4.2999997 0.03205431
    endloop
endfacet
facet normal 0.99835283 0 -0.0573738
    outer loop
        vertex 1.5375842 -4.2999997 0.0829142
        vertex 1.5375842 -4.5 0.0829142
        vertex 1.5361198 -4.2999997 0.057432976
    endloop
endfacet
facet normal 0.99996531 0 -0.00832304
    outer loop
        vertex 1.5377966 -4.2999997 0.10843657
        vertex 1.5377966 -4.5 0.10843657
        vertex 1.5375842 -4.2999997 0.0829142
    endloop
endfacet
facet normal 0.99916899 0 0.04076044
    outer loop
        vertex 1.5377966 -4.2999997 0.10843657
        vertex 1.5367563 -4.5 0.13393863
        vertex 1.5377966 -4.5 0.10843657
    endloop
endfacet
facet normal 0.99596596 0 0.08973185
    outer loop
        vertex 1.5367563 -4.2999997 0.13393863
        vertex 1.534466 -4.5 0.15935892
        vertex 1.5367563 -4.5 0.13393863
    endloop
endfacet
facet normal 0.99596596 0 0.08973185
    outer loop
        vertex 1.5367563 -4.2999997 0.13393863
        vertex 1.534466 -4.2999997 0.15935892
        vertex 1.534466 -4.5 0.15935892
    endloop
endfacet
facet normal 0.98237455 0 0.18692268
    outer loop
        vertex 1.5309311 -4.2999997 0.18463622
        vertex 1.5261602 -4.5 0.20970961
        vertex 1.5309311 -4.5 0.18463622
    endloop
endfacet
facet normal 0.97201872 0 0.23490365
    outer loop
        vertex 1.5201647 -4.2999997 0.23451872
        vertex 1.5201647 -4.5 0.23451872
        vertex 1.5261602 -4.2999997 0.20970961
    endloop
endfacet
facet normal 0.94431299 0 0.32904863
    outer loop
        vertex 1.5045608 -4.5 0.28310573
        vertex 1.5129592 -4.5 0.25900373
        vertex 1.5129592 -4.2999997 0.25900373
    endloop
endfacet
facet normal 0.9270308 -0 0.37498507
    outer loop
        vertex 1.49499 -4.5 0.30676657
        vertex 1.5045608 -4.2999997 0.28310573
        vertex 1.49499 -4.2999997 0.30676657
    endloop
endfacet
facet normal 0.88581234 -0 0.46404362
    outer loop
        vertex 1.4842697 -4.5 0.32992932
        vertex 1.4842697 -4.2999997 0.32992932
        vertex 1.4724258 -4.5 0.35253817
    endloop
endfacet
facet normal 0.86197394 0 0.5069527
    outer loop
        vertex 1.4724258 -4.2999997 0.35253817
        vertex 1.4594867 -4.2999997 0.37453857
        vertex 1.4594867 -4.5 0.37453857
    endloop
endfacet
facet normal 0.80813521 0 0.58899701
    outer loop
        vertex 1.4454839 -4.2999997 0.39587763
        vertex 1.4304508 -4.5 0.41650388
        vertex 1.4454839 -4.5 0.39587763
    endloop
endfacet
facet normal 0.77826107 0 0.62794083
    outer loop
        vertex 1.4144237 -4.2999997 0.43636763
        vertex 1.4144237 -4.5 0.43636763
        vertex 1.4304508 -4.2999997 0.41650388
    endloop
endfacet
facet normal 0.71296489 0 0.70119965
    outer loop
        vertex 1.3795443 -4.5 0.47361824
        vertex 1.3974411 -4.5 0.45542106
        vertex 1.3974411 -4.2999997 0.45542106
    endloop
endfacet
facet normal 0.67769861 -0 0.7353397
    outer loop
        vertex 1.360776 -4.5 0.49091536
        vertex 1.3795443 -4.2999997 0.47361824
        vertex 1.360776 -4.2999997 0.49091536
    endloop
endfacet
facet normal 0.60236257 -0 0.7982226
    outer loop
        vertex 1.3411816 -4.5 0.5072707
        vertex 1.3411816 -4.2999997 0.5072707
        vertex 1.3208084 -4.5 0.52264494
    endloop
endfacet
facet normal 0.56246752 0 0.82681936
    outer loop
        vertex 1.3208084 -4.2999997 0.52264494
        vertex 1.2997053 -4.2999997 0.53700095
        vertex 1.2997053 -4.5 0.53700095
    endloop
endfacet
facet normal 0.47871748 0 0.87796903
    outer loop
        vertex 1.2779231 -4.2999997 0.5503042
        vertex 1.2555145 -4.5 0.5625226
        vertex 1.2779231 -4.5 0.5503042
    endloop
endfacet
facet normal 0.43505892 0 0.90040201
    outer loop
        vertex 1.2325332 -4.2999997 0.57362676
        vertex 1.2325332 -4.5 0.57362676
        vertex 1.2555145 -4.2999997 0.5625226
    endloop
endfacet
facet normal 0.2982319 0 0.9544934
    outer loop
        vertex 1.1850761 -4.5 0.5923881
        vertex 1.1607143 -4.2999997 0.59999996
        vertex 1.1607143 -4.5 0.59999996
    endloop
endfacet
facet normal 0.34471351 0 0.93870795
    outer loop
        vertex 1.2090349 -4.2999997 0.5835899
        vertex 1.1850761 -4.5 0.5923881
        vertex 1.2090349 -4.5 0.5835899
    endloop
endfacet
facet normal -0.2032433 0 -0.9791283
    outer loop
        vertex 0.92469645 -4.5 -0.4115948
        vertex 0.89970595 -4.5 -0.4064074
        vertex 0.89970595 -4.2999997 -0.4064074
    endloop
endfacet
facet normal 1 0 0
    outer loop
        vertex 0.875 4.2999997 0.1
        vertex 0.875 4.5 0.1
        vertex 0.875 4.2999997 0.59999996
    endloop
endfacet
facet normal 1 -0 0
    outer loop
        vertex 0.875 4.2999997 0.59999996
        vertex 0.875 4.5 0.1
        vertex 0.875 4.5 0.59999996
    endloop
endfacet
facet normal -0.27472112 0 0.96152395
    outer loop
        vertex 0.875 4.2999997 0.59999996
        vertex 0.875 4.5 0.59999996
        vertex -0.875 4.2999997 0.1
    endloop
endfacet
facet normal -0.27472112 0 0.96152395
    outer loop
        vertex -0.875 4.2999997 0.1
        vertex 0.875 4.5 0.59999996
        vertex -0.875 4.5 0.1
    endloop
endfacet
facet normal -0.27472115 0 -0.96152395
    outer loop
        vertex -0.875 4.2999997 0.1
        vertex -0.875 4.5 0.1
        vertex 0.875 4.2999997 -0.4
    endloop
endfacet
facet normal -0.27472115 0 -0.96152395
    outer loop
        vertex 0.875 4.2999997 -0.4
        vertex -0.875 4.5 0.1
        vertex 0.875 4.5 -0.4
    endloop
endfacet
facet normal 0.24111322 -0 0.97049701
    outer loop
        vertex 1.1256093 4.2999997 0.60872155
        vertex 1.1607143 4.2999997 0.59999996
        vertex 1.1256093 4.5 0.60872155
    endloop
endfacet
facet normal 0.17306203 0 0.98491091
    outer loop
        vertex 1.0899829 4.2999997 0.6149816
        vertex 1.1256093 4.2999997 0.60872155
        vertex 1.1256093 4.5 0.60872155
    endloop
endfacet
facet normal 0.10417227 0 0.99455935
    outer loop
        vertex 1.0540074 4.2999997 0.61874974
        vertex 1.0899829 4.2999997 0.6149816
        vertex 1.0899829 4.5 0.6149816
    endloop
endfacet
facet normal 0.10417227 0 0.99455935
    outer loop
        vertex 1.0540074 4.5 0.61874974
        vertex 1.0540074 4.2999997 0.61874974
        vertex 1.0899829 4.5 0.6149816
    endloop
endfacet
facet normal 0.03478015 0 0.99939495
    outer loop
        vertex 1.0178571 4.5 0.6200078
        vertex 1.0178571 4.2999997 0.6200078
        vertex 1.0540074 4.5 0.61874974
    endloop
endfacet
facet normal -0.03478026 0 0.99939495
    outer loop
        vertex 1.0178571 4.5 0.6200078
        vertex 0.98170686 4.2999997 0.61874974
        vertex 1.0178571 4.2999997 0.6200078
    endloop
endfacet
facet normal -0.10417244 0 0.99455929
    outer loop
        vertex 0.98170686 4.5 0.61874974
        vertex 0.94573146 4.2999997 0.6149816
        vertex 0.98170686 4.2999997 0.61874974
    endloop
endfacet
facet normal -0.10417244 0 0.99455929
    outer loop
        vertex 0.98170686 4.5 0.61874974
        vertex 0.94573146 4.5 0.6149816
        vertex 0.94573146 4.2999997 0.6149816
    endloop
endfacet
facet normal -0.24111322 0 0.97049701
    outer loop
        vertex 0.910105 4.5 0.60872155
        vertex 0.875 4.5 0.59999996
        vertex 0.875 4.2999997 0.59999996
    endloop
endfacet
facet normal -0.24111322 0 0.97049701
    outer loop
        vertex 0.910105 4.2999997 0.60872155
        vertex 0.910105 4.5 0.60872155
        vertex 0.875 4.2999997 0.59999996
    endloop
endfacet
facet normal -0.17306174 0 0.98491091
    outer loop
        vertex 0.910105 4.2999997 0.60872155
        vertex 0.94573146 4.5 0.6149816
        vertex 0.910105 4.5 0.60872155
    endloop
endfacet
facet normal -0.17306174 0 0.98491091
    outer loop
        vertex 0.910105 4.2999997 0.60872155
        vertex 0.94573146 4.2999997 0.6149816
        vertex 0.94573146 4.5 0.6149816
    endloop
endfacet
facet normal -0.03478026 0 0.99939495
    outer loop
        vertex 0.98170686 4.2999997 0.61874974
        vertex 1.0178571 4.5 0.6200078
        vertex 0.98170686 4.5 0.61874974
    endloop
endfacet
facet normal 0.03478015 -0 0.99939495
    outer loop
        vertex 1.0540074 4.2999997 0.61874974
        vertex 1.0540074 4.5 0.61874974
        vertex 1.0178571 4.2999997 0.6200078
    endloop
endfacet
facet normal 0.24111322 0 0.97049701
    outer loop
        vertex 1.1256093 4.5 0.60872155
        vertex 1.1607143 4.2999997 0.59999996
        vertex 1.1607143 4.5 0.59999996
    endloop
endfacet
facet normal 0.17306203 -0 0.98491091
    outer loop
        vertex 1.0899829 4.2999997 0.6149816
        vertex 1.1256093 4.5 0.60872155
        vertex 1.0899829 4.5 0.6149816
    endloop
endfacet
facet normal -1 0 0
    outer loop
        vertex 0.875 4.2999997 0.59999996
        vertex 0.875 4.5 0.59999996
        vertex 0.875 4.2999997 0.1
    endloop
endfacet
facet normal -1 0 0
    outer loop
        vertex 0.875 4.2999997 0.1
        vertex 0.875 4.5 0.59999996
        vertex 0.875 4.5 0.1
    endloop
endfacet
facet normal 0 1 0
    outer loop
        vertex 0.875 4.5 0.1
        vertex 0.875 4.5 0.59999996
        vertex 0.910105 4.5 0.60872155
    endloop
endfacet
facet normal 0 1 0
    outer loop
        vertex 0.98170686 4.5 0.61874974
        vertex 0.875 4.5 0.1
        vertex 0.94573146 4.5 0.6149816
    endloop
endfacet
facet normal 0 1 0
    outer loop
        vertex 0.875 4.5 0.1
        vertex 0.910105 4.5 0.60872155
        vertex 0.94573146 4.5 0.6149816
    endloop
endfacet
facet normal 0 1 0
    outer loop
        vertex 1.0178571 4.5 0.6200078
        vertex 0.875 4.5 0.1
        vertex 0.98170686 4.5 0.61874974
    endloop
endfacet
facet normal 0 1 0
    outer loop
        vertex 1.0540074 4.5 0.61874974
        vertex 0.875 4.5 0.1
        vertex 1.0178571 4.5 0.6200078
    endloop
endfacet
facet normal 0 1 0
    outer loop
        vertex 0.875 4.5 0.1
        vertex 1.0540074 4.5 0.61874974
        vertex 1.0899829 4.5 0.6149816
    endloop
endfacet
facet normal 0 1 0
    outer loop
        vertex 0.875 4.5 0.1
        vertex 1.0899829 4.5 0.6149816
        vertex 1.1256093 4.5 0.60872155
    endloop
endfacet
facet normal 0 1 0
    outer loop
        vertex 0.875 4.5 0.1
        vertex 1.1256093 4.5 0.60872155
        vertex 1.1607143 4.5 0.59999996
    endloop
endfacet
facet normal 0 1 0
    outer loop
        vertex 0.875 4.5 0.1
        vertex 1.1607143 4.5 0.59999996
        vertex 1.1850761 4.5 0.5923881
    endloop
endfacet
facet normal 0 1 0
    outer loop
        vertex 0.875 4.5 0.1
        vertex 1.1850761 4.5 0.5923881
        vertex 1.2090349 4.5 0.5835899
    endloop
endfacet
facet normal 0 1 0
    outer loop
        vertex 0.875 4.5 0.1
        vertex 1.2090349 4.5 0.5835899
        vertex 1.2325332 4.5 0.57362676
    endloop
endfacet
facet normal 0 1 0
    outer loop
        vertex 0.875 4.5 0.1
        vertex 1.2325332 4.5 0.57362676
        vertex 1.2555145 4.5 0.5625226
    endloop
endfacet
facet normal 0 1 0
    outer loop
        vertex 0.875 4.5 0.1
        vertex 1.2555145 4.5 0.5625226
        vertex 1.2779231 4.5 0.5503042
    endloop
endfacet
facet normal 0 1 0
    outer loop
        vertex 0.875 4.5 0.1
        vertex 1.2779231 4.5 0.5503042
        vertex 1.2997053 4.5 0.53700095
    endloop
endfacet
facet normal 0 1 0
    outer loop
        vertex 0.875 4.5 0.1
        vertex 1.2997053 4.5 0.53700095
        vertex 1.3208084 4.5 0.52264494
    endloop
endfacet
facet normal 0 1 0
    outer loop
        vertex 0.875 4.5 0.1
        vertex 1.3208084 4.5 0.52264494
        vertex 1.3411816 4.5 0.5072707
    endloop
endfacet
facet normal 0 1 0
    outer loop
        vertex 0.875 4.5 0.1
        vertex 1.3411816 4.5 0.5072707
        vertex 1.360776 4.5 0.49091536
    endloop
endfacet
facet normal 0 1 0
    outer loop
        vertex 0.875 4.5 0.1
        vertex 1.360776 4.5 0.49091536
        vertex 1.3795443 4.5 0.47361824
    endloop
endfacet
facet normal 0 1 0
    outer loop
        vertex 0.875 4.5 0.1
        vertex 1.3795443 4.5 0.47361824
        vertex 1.3974411 4.5 0.45542106
    endloop
endfacet
facet normal 0 1 0
    outer loop
        vertex 0.875 4.5 0.1
        vertex 1.3974411 4.5 0.45542106
        vertex 1.4144237 4.5 0.43636763
    endloop
endfacet
facet normal 0 1 0
    outer loop
        vertex 0.875 4.5 0.1
        vertex 1.4144237 4.5 0.43636763
        vertex 1.4304508 4.5 0.41650388
    endloop
endfacet
facet normal 0 1 0
    outer loop
        vertex 0.875 4.5 0.1
        vertex 1.4304508 4.5 0.41650388
        vertex 1.4454839 4.5 0.39587763
    endloop
endfacet
facet normal 0 1 0
    outer loop
        vertex 0.875 4.5 0.1
        vertex 1.4454839 4.5 0.39587763
        vertex 1.4594867 4.5 0.37453857
    endloop
endfacet
facet normal 0 1 0
    outer loop
        vertex 0.875 4.5 0.1
        vertex 1.4594867 4.5 0.37453857
        vertex 1.4724258 4.5 0.35253817
    endloop
endfacet
facet normal 0 1 0
    outer loop
        vertex 0.875 4.5 0.1
        vertex 1.4724258 4.5 0.35253817
        vertex 1.4842697 4.5 0.32992932
    endloop
endfacet
facet normal 0 1 0
    outer loop
        vertex 0.875 4.5 0.1
        vertex 1.4842697 4.5 0.32992932
        vertex 1.49499 4.5 0.30676657
    endloop
endfacet
facet normal 0 1 0
    outer loop
        vertex 0.875 4.5 0.1
        vertex 1.49499 4.5 0.30676657
        vertex 1.5045608 4.5 0.28310573
    endloop
endfacet
facet normal 0 1 0
    outer loop
        vertex 1.5201647 4.5 0.23451872
        vertex 0.875 4.5 0.1
        vertex 1.5129592 4.5 0.25900373
    endloop
endfacet
facet normal 0 1 0
    outer loop
        vertex 0.875 4.5 0.1
        vertex 1.5045608 4.5 0.28310573
        vertex 1.5129592 4.5 0.25900373
    endloop
endfacet
facet normal 0 1 0
    outer loop
        vertex 1.5261602 4.5 0.20970961
        vertex 0.875 4.5 0.1
        vertex 1.5201647 4.5 0.23451872
    endloop
endfacet
facet normal 0 1 0
    outer loop
        vertex 1.5309311 4.5 0.18463622
        vertex 0.875 4.5 0.1
        vertex 1.5261602 4.5 0.20970961
    endloop
endfacet
facet normal 0 1 0
    outer loop
        vertex 1.534466 4.5 0.15935892
        vertex 0.875 4.5 0.1
        vertex 1.5309311 4.5 0.18463622
    endloop
endfacet
facet normal 0 1 0
    outer loop
        vertex 1.5367563 4.5 0.13393863
        vertex 0.875 4.5 0.1
        vertex 1.534466 4.5 0.15935892
    endloop
endfacet
facet normal 0 1 0
    outer loop
        vertex 1.5377966 4.5 0.10843657
        vertex 0.875 4.5 0.1
        vertex 1.5367563 4.5 0.13393863
    endloop
endfacet
facet normal 0 1 -0
    outer loop
        vertex 1.5375842 4.5 0.0829142
        vertex 0.875 4.5 0.1
        vertex 1.5377966 4.5 0.10843657
    endloop
endfacet
facet normal 0 1 -0
    outer loop
        vertex 1.5361198 4.5 0.057432976
        vertex 0.875 4.5 0.1
        vertex 1.5375842 4.5 0.0829142
    endloop
endfacet
facet normal 0 1 -0
    outer loop
        vertex 1.533407 4.5 0.03205431
        vertex 0.875 4.5 0.1
        vertex 1.5361198 4.5 0.057432976
    endloop
endfacet
facet normal 0 1 -0
    outer loop
        vertex 1.529452 4.5 0.0068393233
        vertex 0.875 4.5 0.1
        vertex 1.533407 4.5 0.03205431
    endloop
endfacet
facet normal 0 1 -0
    outer loop
        vertex 1.5242646 4.5 -0.01815123
        vertex 0.875 4.5 0.1
        vertex 1.529452 4.5 0.0068393233
    endloop
endfacet
facet normal 0 1 -0
    outer loop
        vertex 1.5178572 4.5 -0.04285714
        vertex 0.875 4.5 0.1
        vertex 1.5242646 4.5 -0.01815123
    endloop
endfacet
facet normal 0 1 0
    outer loop
        vertex 1.5178572 4.5 -0.04285714
        vertex 1.5102452 4.5 -0.06721891
        vertex 0.875 4.5 0.1
    endloop
endfacet
facet normal 0 1 0
    outer loop
        vertex 1.5102452 4.5 -0.06721891
        vertex 1.501447 4.5 -0.09117782
        vertex 0.875 4.5 0.1
    endloop
endfacet
facet normal 0 1 0
    outer loop
        vertex 1.501447 4.5 -0.09117782
        vertex 1.4914839 4.5 -0.11467617
        vertex 0.875 4.5 0.1
    endloop
endfacet
facet normal 0 1 0
    outer loop
        vertex 1.4914839 4.5 -0.11467617
        vertex 1.4803798 4.5 -0.13765734
        vertex 0.875 4.5 0.1
    endloop
endfacet
facet normal 0 1 0
    outer loop
        vertex 1.4803798 4.5 -0.13765734
        vertex 1.4681612 4.5 -0.160066
        vertex 0.875 4.5 0.1
    endloop
endfacet
facet normal 0 1 0
    outer loop
        vertex 0.875 4.5 0.1
        vertex 1.4548581 4.5 -0.18184811
        vertex 1.440502 4.5 -0.20295124
    endloop
endfacet
facet normal 0 1 0
    outer loop
        vertex 0.875 4.5 0.1
        vertex 1.440502 4.5 -0.20295124
        vertex 1.4251279 4.5 -0.2233245
    endloop
endfacet
facet normal 0 1 0
    outer loop
        vertex 0.875 4.5 0.1
        vertex 1.4251279 4.5 -0.2233245
        vertex 1.4087725 4.5 -0.24291886
    endloop
endfacet
facet normal 0 1 0
    outer loop
        vertex 0.875 4.5 0.1
        vertex 1.4087725 4.5 -0.24291886
        vertex 1.3914754 4.5 -0.26168713
    endloop
endfacet
facet normal 0 1 0
    outer loop
        vertex 0.875 4.5 0.1
        vertex 1.3914754 4.5 -0.26168713
        vertex 1.3732783 4.5 -0.27958402
    endloop
endfacet
facet normal 0 1 0
    outer loop
        vertex 0.875 4.5 0.1
        vertex 1.3732783 4.5 -0.27958402
        vertex 1.3542247 4.5 -0.2965665
    endloop
endfacet
facet normal 0 1 0
    outer loop
        vertex 0.875 4.5 0.1
        vertex 1.3542247 4.5 -0.2965665
        vertex 1.334361 4.5 -0.31259358
    endloop
endfacet
facet normal 0 1 0
    outer loop
        vertex 0.875 4.5 0.1
        vertex 1.334361 4.5 -0.31259358
        vertex 1.3137348 4.5 -0.3276267
    endloop
endfacet
facet normal 0 1 0
    outer loop
        vertex 0.875 4.5 0.1
        vertex 1.3137348 4.5 -0.3276267
        vertex 1.2923957 4.5 -0.34162965
    endloop
endfacet
facet normal 0 1 0
    outer loop
        vertex 0.875 4.5 0.1
        vertex 1.2923957 4.5 -0.34162965
        vertex 1.2703953 4.5 -0.35456866
    endloop
endfacet
facet normal 0 1 -0
    outer loop
        vertex 1.2246237 4.5 -0.37713283
        vertex 0.875 4.5 0.1
        vertex 1.2477864 4.5 -0.36641255
    endloop
endfacet
facet normal 0 0.99999994 0
    outer loop
        vertex 0.875 4.5 0.1
        vertex 1.2703953 4.5 -0.35456866
        vertex 1.2477864 4.5 -0.36641255
    endloop
endfacet
facet normal 0 1 -0
    outer loop
        vertex 1.2009628 4.5 -0.38670364
        vertex 0.875 4.5 0.1
        vertex 1.2246237 4.5 -0.37713283
    endloop
endfacet
facet normal 0 1 -0
    outer loop
        vertex 1.1768608 4.5 -0.39510196
        vertex 0.875 4.5 0.1
        vertex 1.2009628 4.5 -0.38670364
    endloop
endfacet
facet normal 0 1 -0
    outer loop
        vertex 1.1523758 4.5 -0.40230757
        vertex 0.875 4.5 0.1
        vertex 1.1768608 4.5 -0.39510196
    endloop
endfacet
facet normal 0 1 0
    outer loop
        vertex 1.1275668 4.5 -0.40830302
        vertex 1.1024934 4.5 -0.41307393
        vertex 0.875 4.5 0.1
    endloop
endfacet
facet normal 0 1 0
    outer loop
        vertex 1.1024934 4.5 -0.41307393
        vertex 1.0772161 4.5 -0.4166088
        vertex 0.875 4.5 0.1
    endloop
endfacet
facet normal 0 1 0
    outer loop
        vertex 1.0772161 4.5 -0.4166088
        vertex 1.0517957 4.5 -0.41889915
        vertex 0.875 4.5 0.1
    endloop
endfacet
facet normal 0 1 0
    outer loop
        vertex 1.0517957 4.5 -0.41889915
        vertex 1.0262938 4.5 -0.4199394
        vertex 0.875 4.5 0.1
    endloop
endfacet
facet normal 0 1 0
    outer loop
        vertex 1.0262938 4.5 -0.4199394
        vertex 1.0007714 4.5 -0.41972706
        vertex 0.875 4.5 0.1
    endloop
endfacet
facet normal 0 1 0
    outer loop
        vertex 1.0007714 4.5 -0.41972706
        vertex 0.9752901 4.5 -0.4182627
        vertex 0.875 4.5 0.1
    endloop
endfacet
facet normal 0 1 0
    outer loop
        vertex 0.9752901 4.5 -0.4182627
        vertex 0.9499115 4.5 -0.41554976
        vertex 0.875 4.5 0.1
    endloop
endfacet
facet normal 0 1 0
    outer loop
        vertex 0.875 4.5 0.1
        vertex 0.9499115 4.5 -0.41554976
        vertex 0.92469645 4.5 -0.4115948
    endloop
endfacet
facet normal 0 1 -0
    outer loop
        vertex 0.875 4.5 -0.4
        vertex -0.875 4.5 0.1
        vertex 0.875 4.5 0.1
    endloop
endfacet
facet normal -0 1 0
    outer loop
        vertex 0.875 4.5 -0.4
        vertex 0.875 4.5 0.1
        vertex 0.89970595 4.5 -0.4064074
    endloop
endfacet
facet normal 0 1 0
    outer loop
        vertex -0.875 4.5 0.1
        vertex 0.875 4.5 0.59999996
        vertex 0.875 4.5 0.1
    endloop
endfacet
facet normal 0 1 0
    outer loop
        vertex 1.4681612 4.5 -0.160066
        vertex 1.4548581 4.5 -0.18184811
        vertex 0.875 4.5 0.1
    endloop
endfacet
facet normal 0 1 0
    outer loop
        vertex 0.875 4.5 0.1
        vertex 1.1523758 4.5 -0.40230757
        vertex 1.1275668 4.5 -0.40830302
    endloop
endfacet
facet normal -0 1 -0
    outer loop
        vertex 0.89970595 4.5 -0.4064074
        vertex 0.875 4.5 0.1
        vertex 0.92469645 4.5 -0.4115948
    endloop
endfacet
facet normal 0 -1 0
    outer loop
        vertex 0.875 4.2999997 0.1
        vertex 0.910105 4.2999997 0.60872155
        vertex 0.875 4.2999997 0.59999996
    endloop
endfacet
facet normal 0 -1 0
    outer loop
        vertex 0.98170686 4.2999997 0.61874974
        vertex 0.94573146 4.2999997 0.6149816
        vertex 0.875 4.2999997 0.1
    endloop
endfacet
facet normal 0 -1 0
    outer loop
        vertex 0.875 4.2999997 0.1
        vertex 0.94573146 4.2999997 0.6149816
        vertex 0.910105 4.2999997 0.60872155
    endloop
endfacet
facet normal 0 -1 0
    outer loop
        vertex 1.0178571 4.2999997 0.6200078
        vertex 0.98170686 4.2999997 0.61874974
        vertex 0.875 4.2999997 0.1
    endloop
endfacet
facet normal -0 -1 0
    outer loop
        vertex 1.0540074 4.2999997 0.61874974
        vertex 1.0178571 4.2999997 0.6200078
        vertex 0.875 4.2999997 0.1
    endloop
endfacet
facet normal 0 -1 0
    outer loop
        vertex 0.875 4.2999997 0.1
        vertex 1.0899829 4.2999997 0.6149816
        vertex 1.0540074 4.2999997 0.61874974
    endloop
endfacet
facet normal 0 -1 0
    outer loop
        vertex 0.875 4.2999997 0.1
        vertex 1.1256093 4.2999997 0.60872155
        vertex 1.0899829 4.2999997 0.6149816
    endloop
endfacet
facet normal 0 -1 0
    outer loop
        vertex 0.875 4.2999997 0.1
        vertex 1.1607143 4.2999997 0.59999996
        vertex 1.1256093 4.2999997 0.60872155
    endloop
endfacet
facet normal 0 -1 0
    outer loop
        vertex 0.875 4.2999997 0.1
        vertex 1.1850761 4.2999997 0.5923881
        vertex 1.1607143 4.2999997 0.59999996
    endloop
endfacet
facet normal 0 -1 0
    outer loop
        vertex 0.875 4.2999997 0.1
        vertex 1.2090349 4.2999997 0.5835899
        vertex 1.1850761 4.2999997 0.5923881
    endloop
endfacet
facet normal 0 -1 0
    outer loop
        vertex 0.875 4.2999997 0.1
        vertex 1.2325332 4.2999997 0.57362676
        vertex 1.2090349 4.2999997 0.5835899
    endloop
endfacet
facet normal 0 -1 0
    outer loop
        vertex 0.875 4.2999997 0.1
        vertex 1.2555145 4.2999997 0.5625226
        vertex 1.2325332 4.2999997 0.57362676
    endloop
endfacet
facet normal 0 -1 0
    outer loop
        vertex 0.875 4.2999997 0.1
        vertex 1.2779231 4.2999997 0.5503042
        vertex 1.2555145 4.2999997 0.5625226
    endloop
endfacet
facet normal 0 -1 0
    outer loop
        vertex 0.875 4.2999997 0.1
        vertex 1.2997053 4.2999997 0.53700095
        vertex 1.2779231 4.2999997 0.5503042
    endloop
endfacet
facet normal 0 -1 0
    outer loop
        vertex 0.875 4.2999997 0.1
        vertex 1.3208084 4.2999997 0.52264494
        vertex 1.2997053 4.2999997 0.53700095
    endloop
endfacet
facet normal 0 -1 0
    outer loop
        vertex 0.875 4.2999997 0.1
        vertex 1.3411816 4.2999997 0.5072707
        vertex 1.3208084 4.2999997 0.52264494
    endloop
endfacet
facet normal 0 -1 0
    outer loop
        vertex 0.875 4.2999997 0.1
        vertex 1.360776 4.2999997 0.49091536
        vertex 1.3411816 4.2999997 0.5072707
    endloop
endfacet
facet normal 0 -1 0
    outer loop
        vertex 0.875 4.2999997 0.1
        vertex 1.3795443 4.2999997 0.47361824
        vertex 1.360776 4.2999997 0.49091536
    endloop
endfacet
facet normal 0 -1 0
    outer loop
        vertex 0.875 4.2999997 0.1
        vertex 1.3974411 4.2999997 0.45542106
        vertex 1.3795443 4.2999997 0.47361824
    endloop
endfacet
facet normal 0 -1 0
    outer loop
        vertex 0.875 4.2999997 0.1
        vertex 1.4144237 4.2999997 0.43636763
        vertex 1.3974411 4.2999997 0.45542106
    endloop
endfacet
facet normal 0 -1 0
    outer loop
        vertex 0.875 4.2999997 0.1
        vertex 1.4304508 4.2999997 0.41650388
        vertex 1.4144237 4.2999997 0.43636763
    endloop
endfacet
facet normal 0 -1 0
    outer loop
        vertex 0.875 4.2999997 0.1
        vertex 1.4454839 4.2999997 0.39587763
        vertex 1.4304508 4.2999997 0.41650388
    endloop
endfacet
facet normal 0 -1 0
    outer loop
        vertex 0.875 4.2999997 0.1
        vertex 1.4594867 4.2999997 0.37453857
        vertex 1.4454839 4.2999997 0.39587763
    endloop
endfacet
facet normal 0 -1 0
    outer loop
        vertex 0.875 4.2999997 0.1
        vertex 1.4724258 4.2999997 0.35253817
        vertex 1.4594867 4.2999997 0.37453857
    endloop
endfacet
facet normal 0 -1 0
    outer loop
        vertex 0.875 4.2999997 0.1
        vertex 1.4842697 4.2999997 0.32992932
        vertex 1.4724258 4.2999997 0.35253817
    endloop
endfacet
facet normal 0 -1 0
    outer loop
        vertex 0.875 4.2999997 0.1
        vertex 1.49499 4.2999997 0.30676657
        vertex 1.4842697 4.2999997 0.32992932
    endloop
endfacet
facet normal 0 -1 0
    outer loop
        vertex 0.875 4.2999997 0.1
        vertex 1.5045608 4.2999997 0.28310573
        vertex 1.49499 4.2999997 0.30676657
    endloop
endfacet
facet normal -0 -1 0
    outer loop
        vertex 1.5201647 4.2999997 0.23451872
        vertex 1.5129592 4.2999997 0.25900373
        vertex 0.875 4.2999997 0.1
    endloop
endfacet
facet normal 0 -1 0
    outer loop
        vertex 0.875 4.2999997 0.1
        vertex 1.5129592 4.2999997 0.25900373
        vertex 1.5045608 4.2999997 0.28310573
    endloop
endfacet
facet normal -0 -1 0
    outer loop
        vertex 1.5261602 4.2999997 0.20970961
        vertex 1.5201647 4.2999997 0.23451872
        vertex 0.875 4.2999997 0.1
    endloop
endfacet
facet normal -0 -1 0
    outer loop
        vertex 1.5309311 4.2999997 0.18463622
        vertex 1.5261602 4.2999997 0.20970961
        vertex 0.875 4.2999997 0.1
    endloop
endfacet
facet normal -0 -1 0
    outer loop
        vertex 1.534466 4.2999997 0.15935892
        vertex 1.5309311 4.2999997 0.18463622
        vertex 0.875 4.2999997 0.1
    endloop
endfacet
facet normal -0 -1 0
    outer loop
        vertex 1.5367563 4.2999997 0.13393863
        vertex 1.534466 4.2999997 0.15935892
        vertex 0.875 4.2999997 0.1
    endloop
endfacet
facet normal -0 -1 0
    outer loop
        vertex 1.5377966 4.2999997 0.10843657
        vertex 1.5367563 4.2999997 0.13393863
        vertex 0.875 4.2999997 0.1
    endloop
endfacet
facet normal 0 -1 0
    outer loop
        vertex 1.5375842 4.2999997 0.0829142
        vertex 1.5377966 4.2999997 0.10843657
        vertex 0.875 4.2999997 0.1
    endloop
endfacet
facet normal 0 -1 0
    outer loop
        vertex 1.5361198 4.2999997 0.057432976
        vertex 1.5375842 4.2999997 0.0829142
        vertex 0.875 4.2999997 0.1
    endloop
endfacet
facet normal 0 -1 0
    outer loop
        vertex 1.533407 4.2999997 0.03205431
        vertex 1.5361198 4.2999997 0.057432976
        vertex 0.875 4.2999997 0.1
    endloop
endfacet
facet normal 0 -1 0
    outer loop
        vertex 1.529452 4.2999997 0.0068393233
        vertex 1.533407 4.2999997 0.03205431
        vertex 0.875 4.2999997 0.1
    endloop
endfacet
facet normal 0 -1 0
    outer loop
        vertex 1.5242646 4.2999997 -0.01815123
        vertex 1.529452 4.2999997 0.0068393233
        vertex 0.875 4.2999997 0.1
    endloop
endfacet
facet normal 0 -1 0
    outer loop
        vertex 1.5178572 4.2999997 -0.04285714
        vertex 1.5242646 4.2999997 -0.01815123
        vertex 0.875 4.2999997 0.1
    endloop
endfacet
facet normal -0 -1 0
    outer loop
        vertex 1.5178572 4.2999997 -0.04285714
        vertex 0.875 4.2999997 0.1
        vertex 1.5102452 4.2999997 -0.06721891
    endloop
endfacet
facet normal -0 -1 0
    outer loop
        vertex 1.5102452 4.2999997 -0.06721891
        vertex 0.875 4.2999997 0.1
        vertex 1.501447 4.2999997 -0.09117782
    endloop
endfacet
facet normal -0 -1 0
    outer loop
        vertex 1.501447 4.2999997 -0.09117782
        vertex 0.875 4.2999997 0.1
        vertex 1.4914839 4.2999997 -0.11467617
    endloop
endfacet
facet normal -0 -1 0
    outer loop
        vertex 1.4914839 4.2999997 -0.11467617
        vertex 0.875 4.2999997 0.1
        vertex 1.4803798 4.2999997 -0.13765734
    endloop
endfacet
facet normal -0 -1 0
    outer loop
        vertex 1.4803798 4.2999997 -0.13765734
        vertex 0.875 4.2999997 0.1
        vertex 1.4681612 4.2999997 -0.160066
    endloop
endfacet
facet normal 0 -1 0
    outer loop
        vertex 0.875 4.2999997 0.1
        vertex 1.440502 4.2999997 -0.20295124
        vertex 1.4548581 4.2999997 -0.18184811
    endloop
endfacet
facet normal 0 -1 0
    outer loop
        vertex 0.875 4.2999997 0.1
        vertex 1.4251279 4.2999997 -0.2233245
        vertex 1.440502 4.2999997 -0.20295124
    endloop
endfacet
facet normal 0 -1 0
    outer loop
        vertex 0.875 4.2999997 0.1
        vertex 1.4087725 4.2999997 -0.24291886
        vertex 1.4251279 4.2999997 -0.2233245
    endloop
endfacet
facet normal 0 -1 0
    outer loop
        vertex 0.875 4.2999997 0.1
        vertex 1.3914754 4.2999997 -0.26168713
        vertex 1.4087725 4.2999997 -0.24291886
    endloop
endfacet
facet normal 0 -1 0
    outer loop
        vertex 0.875 4.2999997 0.1
        vertex 1.3732783 4.2999997 -0.27958402
        vertex 1.3914754 4.2999997 -0.26168713
    endloop
endfacet
facet normal 0 -1 0
    outer loop
        vertex 0.875 4.2999997 0.1
        vertex 1.3542247 4.2999997 -0.2965665
        vertex 1.3732783 4.2999997 -0.27958402
    endloop
endfacet
facet normal 0 -1 0
    outer loop
        vertex 0.875 4.2999997 0.1
        vertex 1.334361 4.2999997 -0.31259358
        vertex 1.3542247 4.2999997 -0.2965665
    endloop
endfacet
facet normal 0 -1 0
    outer loop
        vertex 0.875 4.2999997 0.1
        vertex 1.3137348 4.2999997 -0.3276267
        vertex 1.334361 4.2999997 -0.31259358
    endloop
endfacet
facet normal 0 -1 0
    outer loop
        vertex 0.875 4.2999997 0.1
        vertex 1.2923957 4.2999997 -0.34162965
        vertex 1.3137348 4.2999997 -0.3276267
    endloop
endfacet
facet normal 0 -1 0
    outer loop
        vertex 0.875 4.2999997 0.1
        vertex 1.2703953 4.2999997 -0.35456866
        vertex 1.2923957 4.2999997 -0.34162965
    endloop
endfacet
facet normal 0 -1 0
    outer loop
        vertex 1.2246237 4.2999997 -0.37713283
        vertex 1.2477864 4.2999997 -0.36641255
        vertex 0.875 4.2999997 0.1
    endloop
endfacet
facet normal 0 -0.99999994 0
    outer loop
        vertex 0.875 4.2999997 0.1
        vertex 1.2477864 4.2999997 -0.36641255
        vertex 1.2703953 4.2999997 -0.35456866
    endloop
endfacet
facet normal 0 -1 0
    outer loop
        vertex 1.2009628 4.2999997 -0.38670364
        vertex 1.2246237 4.2999997 -0.37713283
        vertex 0.875 4.2999997 0.1
    endloop
endfacet
facet normal 0 -1 0
    outer loop
        vertex 1.1768608 4.2999997 -0.39510196
        vertex 1.2009628 4.2999997 -0.38670364
        vertex 0.875 4.2999997 0.1
    endloop
endfacet
facet normal 0 -1 0
    outer loop
        vertex 1.1523758 4.2999997 -0.40230757
        vertex 1.1768608 4.2999997 -0.39510196
        vertex 0.875 4.2999997 0.1
    endloop
endfacet
facet normal -0 -1 0
    outer loop
        vertex 1.1275668 4.2999997 -0.40830302
        vertex 0.875 4.2999997 0.1
        vertex 1.1024934 4.2999997 -0.41307393
    endloop
endfacet
facet normal -0 -1 0
    outer loop
        vertex 1.1024934 4.2999997 -0.41307393
        vertex 0.875 4.2999997 0.1
        vertex 1.0772161 4.2999997 -0.4166088
    endloop
endfacet
facet normal -0 -1 0
    outer loop
        vertex 1.0772161 4.2999997 -0.4166088
        vertex 0.875 4.2999997 0.1
        vertex 1.0517957 4.2999997 -0.41889915
    endloop
endfacet
facet normal -0 -1 0
    outer loop
        vertex 1.0517957 4.2999997 -0.41889915
        vertex 0.875 4.2999997 0.1
        vertex 1.0262938 4.2999997 -0.4199394
    endloop
endfacet
facet normal 0 -1 0
    outer loop
        vertex 1.0262938 4.2999997 -0.4199394
        vertex 0.875 4.2999997 0.1
        vertex 1.0007714 4.2999997 -0.41972706
    endloop
endfacet
facet normal 0 -1 0
    outer loop
        vertex 1.0007714 4.2999997 -0.41972706
        vertex 0.875 4.2999997 0.1
        vertex 0.9752901 4.2999997 -0.4182627
    endloop
endfacet
facet normal 0 -1 0
    outer loop
        vertex 0.9752901 4.2999997 -0.4182627
        vertex 0.875 4.2999997 0.1
        vertex 0.9499115 4.2999997 -0.41554976
    endloop
endfacet
facet normal 0 -1 0
    outer loop
        vertex 0.875 4.2999997 0.1
        vertex 0.92469645 4.2999997 -0.4115948
        vertex 0.9499115 4.2999997 -0.41554976
    endloop
endfacet
facet normal 0 -1 0
    outer loop
        vertex 0.875 4.2999997 -0.4
        vertex 0.875 4.2999997 0.1
        vertex -0.875 4.2999997 0.1
    endloop
endfacet
facet normal 0 -1 0
    outer loop
        vertex 0.875 4.2999997 -0.4
        vertex 0.89970595 4.2999997 -0.4064074
        vertex 0.875 4.2999997 0.1
    endloop
endfacet
facet normal 0 -1 0
    outer loop
        vertex -0.875 4.2999997 0.1
        vertex 0.875 4.2999997 0.1
        vertex 0.875 4.2999997 0.59999996
    endloop
endfacet
facet normal -0 -1 0
    outer loop
        vertex 1.4681612 4.2999997 -0.160066
        vertex 0.875 4.2999997 0.1
        vertex 1.4548581 4.2999997 -0.18184811
    endloop
endfacet
facet normal 0 -1 0
    outer loop
        vertex 0.875 4.2999997 0.1
        vertex 1.1275668 4.2999997 -0.40830302
        vertex 1.1523758 4.2999997 -0.40230757
    endloop
endfacet
facet normal 0 -1 0
    outer loop
        vertex 0.89970595 4.2999997 -0.4064074
        vertex 0.92469645 4.2999997 -0.4115948
        vertex 0.875 4.2999997 0.1
    endloop
endfacet
facet normal 0.2982319 0 0.9544934
    outer loop
        vertex 1.1850761 4.5 0.5923881
        vertex 1.1607143 4.5 0.59999996
        vertex 1.1850761 4.2999997 0.5923881
    endloop
endfacet
facet normal 0.34471351 0 0.93870795
    outer loop
        vertex 1.2090349 4.5 0.5835899
        vertex 1.1850761 4.5 0.5923881
        vertex 1.1850761 4.2999997 0.5923881
    endloop
endfacet
facet normal 0.3903566 0 0.92066377
    outer loop
        vertex 1.2325332 4.5 0.57362676
        vertex 1.2090349 4.5 0.5835899
        vertex 1.2090349 4.2999997 0.5835899
    endloop
endfacet
facet normal 0.3903566 -0 0.92066377
    outer loop
        vertex 1.2325332 4.2999997 0.57362676
        vertex 1.2325332 4.5 0.57362676
        vertex 1.2090349 4.2999997 0.5835899
    endloop
endfacet
facet normal 0.43505892 -0 0.90040201
    outer loop
        vertex 1.2555145 4.2999997 0.5625226
        vertex 1.2555145 4.5 0.5625226
        vertex 1.2325332 4.2999997 0.57362676
    endloop
endfacet
facet normal 0.47871748 -0 0.87796903
    outer loop
        vertex 1.2555145 4.2999997 0.5625226
        vertex 1.2779231 4.5 0.5503042
        vertex 1.2555145 4.5 0.5625226
    endloop
endfacet
facet normal 0.52121896 -0 0.853423
    outer loop
        vertex 1.2779231 4.2999997 0.5503042
        vertex 1.2997053 4.5 0.53700095
        vertex 1.2779231 4.5 0.5503042
    endloop
endfacet
facet normal 0.52121896 0 0.853423
    outer loop
        vertex 1.2779231 4.2999997 0.5503042
        vertex 1.2997053 4.2999997 0.53700095
        vertex 1.2997053 4.5 0.53700095
    endloop
endfacet
facet normal 0.56246752 0 0.82681936
    outer loop
        vertex 1.2997053 4.2999997 0.53700095
        vertex 1.3208084 4.2999997 0.52264494
        vertex 1.3208084 4.5 0.52264494
    endloop
endfacet
facet normal 0.60236257 0 0.7982226
    outer loop
        vertex 1.3208084 4.5 0.52264494
        vertex 1.3208084 4.2999997 0.52264494
        vertex 1.3411816 4.5 0.5072707
    endloop
endfacet
facet normal 0.6408025 0 0.76770568
    outer loop
        vertex 1.3411816 4.5 0.5072707
        vertex 1.3411816 4.2999997 0.5072707
        vertex 1.360776 4.5 0.49091536
    endloop
endfacet
facet normal 0.6408025 0 0.76770568
    outer loop
        vertex 1.360776 4.5 0.49091536
        vertex 1.3411816 4.2999997 0.5072707
        vertex 1.360776 4.2999997 0.49091536
    endloop
endfacet
facet normal 0.67769861 0 0.7353397
    outer loop
        vertex 1.3795443 4.5 0.47361824
        vertex 1.360776 4.2999997 0.49091536
        vertex 1.3795443 4.2999997 0.47361824
    endloop
endfacet
facet normal 0.71296489 0 0.70119965
    outer loop
        vertex 1.3974411 4.5 0.45542106
        vertex 1.3795443 4.5 0.47361824
        vertex 1.3795443 4.2999997 0.47361824
    endloop
endfacet
facet normal 0.74651033 0 0.6653738
    outer loop
        vertex 1.4144237 4.5 0.43636763
        vertex 1.3974411 4.5 0.45542106
        vertex 1.3974411 4.2999997 0.45542106
    endloop
endfacet
facet normal 0.74651033 -0 0.6653738
    outer loop
        vertex 1.4144237 4.2999997 0.43636763
        vertex 1.4144237 4.5 0.43636763
        vertex 1.3974411 4.2999997 0.45542106
    endloop
endfacet
facet normal 0.77826107 -0 0.62794083
    outer loop
        vertex 1.4304508 4.2999997 0.41650388
        vertex 1.4304508 4.5 0.41650388
        vertex 1.4144237 4.2999997 0.43636763
    endloop
endfacet
facet normal 0.80813521 -0 0.58899701
    outer loop
        vertex 1.4304508 4.2999997 0.41650388
        vertex 1.4454839 4.5 0.39587763
        vertex 1.4304508 4.5 0.41650388
    endloop
endfacet
facet normal 0.83606517 -0 0.54863024
    outer loop
        vertex 1.4454839 4.2999997 0.39587763
        vertex 1.4594867 4.5 0.37453857
        vertex 1.4454839 4.5 0.39587763
    endloop
endfacet
facet normal 0.83606517 0 0.54863024
    outer loop
        vertex 1.4454839 4.2999997 0.39587763
        vertex 1.4594867 4.2999997 0.37453857
        vertex 1.4594867 4.5 0.37453857
    endloop
endfacet
facet normal 0.86197394 0 0.5069527
    outer loop
        vertex 1.4594867 4.2999997 0.37453857
        vertex 1.4724258 4.2999997 0.35253817
        vertex 1.4724258 4.5 0.35253817
    endloop
endfacet
facet normal 0.88581234 0 0.46404362
    outer loop
        vertex 1.4724258 4.5 0.35253817
        vertex 1.4724258 4.2999997 0.35253817
        vertex 1.4842697 4.5 0.32992932
    endloop
endfacet
facet normal 0.90751535 0 0.42001888
    outer loop
        vertex 1.4842697 4.5 0.32992932
        vertex 1.4842697 4.2999997 0.32992932
        vertex 1.49499 4.5 0.30676657
    endloop
endfacet
facet normal 0.90751535 0 0.42001888
    outer loop
        vertex 1.49499 4.5 0.30676657
        vertex 1.4842697 4.2999997 0.32992932
        vertex 1.49499 4.2999997 0.30676657
    endloop
endfacet
facet normal 0.9270308 0 0.37498507
    outer loop
        vertex 1.5045608 4.5 0.28310573
        vertex 1.49499 4.2999997 0.30676657
        vertex 1.5045608 4.2999997 0.28310573
    endloop
endfacet
facet normal 0.94431299 0 0.32904863
    outer loop
        vertex 1.5129592 4.5 0.25900373
        vertex 1.5045608 4.5 0.28310573
        vertex 1.5045608 4.2999997 0.28310573
    endloop
endfacet
facet normal 0.95932299 0 0.28231108
    outer loop
        vertex 1.5201647 4.5 0.23451872
        vertex 1.5129592 4.5 0.25900373
        vertex 1.5129592 4.2999997 0.25900373
    endloop
endfacet
facet normal 0.95932299 -0 0.28231108
    outer loop
        vertex 1.5201647 4.2999997 0.23451872
        vertex 1.5201647 4.5 0.23451872
        vertex 1.5129592 4.2999997 0.25900373
    endloop
endfacet
facet normal 0.97201872 -0 0.23490365
    outer loop
        vertex 1.5261602 4.2999997 0.20970961
        vertex 1.5261602 4.5 0.20970961
        vertex 1.5201647 4.2999997 0.23451872
    endloop
endfacet
facet normal 0.98237455 -0 0.18692268
    outer loop
        vertex 1.5261602 4.2999997 0.20970961
        vertex 1.5309311 4.5 0.18463622
        vertex 1.5261602 4.5 0.20970961
    endloop
endfacet
facet normal 0.99036276 -0 0.13849762
    outer loop
        vertex 1.5309311 4.2999997 0.18463622
        vertex 1.534466 4.5 0.15935892
        vertex 1.5309311 4.5 0.18463622
    endloop
endfacet
facet normal 0.99036276 0 0.13849762
    outer loop
        vertex 1.5309311 4.2999997 0.18463622
        vertex 1.534466 4.2999997 0.15935892
        vertex 1.534466 4.5 0.15935892
    endloop
endfacet
facet normal 0.99916899 0 0.04076044
    outer loop
        vertex 1.5367563 4.5 0.13393863
        vertex 1.5367563 4.2999997 0.13393863
        vertex 1.5377966 4.5 0.10843657
    endloop
endfacet
facet normal 0.99996531 0 -0.00832304
    outer loop
        vertex 1.5377966 4.2999997 0.10843657
        vertex 1.5375842 4.2999997 0.0829142
        vertex 1.5375842 4.5 0.0829142
    endloop
endfacet
facet normal 0.99835283 0 -0.0573738
    outer loop
        vertex 1.5375842 4.2999997 0.0829142
        vertex 1.5361198 4.2999997 0.057432976
        vertex 1.5361198 4.5 0.057432976
    endloop
endfacet
facet normal 0.98792118 0 -0.15495686
    outer loop
        vertex 1.533407 4.2999997 0.03205431
        vertex 1.529452 4.5 0.0068393233
        vertex 1.533407 4.5 0.03205431
    endloop
endfacet
facet normal 0.97912854 0 -0.20324177
    outer loop
        vertex 1.529452 4.2999997 0.0068393233
        vertex 1.5242646 4.5 -0.01815123
        vertex 1.529452 4.5 0.0068393233
    endloop
endfacet
facet normal 0.96797651 0 -0.25104088
    outer loop
        vertex 1.5178572 4.2999997 -0.04285714
        vertex 1.5178572 4.5 -0.04285714
        vertex 1.5242646 4.2999997 -0.01815123
    endloop
endfacet
facet normal 0.95449185 0 -0.29823709
    outer loop
        vertex 1.5102452 4.2999997 -0.06721891
        vertex 1.5102452 4.5 -0.06721891
        vertex 1.5178572 4.2999997 -0.04285714
    endloop
endfacet
facet normal 0.93870771 0 -0.34471416
    outer loop
        vertex 1.501447 4.2999997 -0.09117782
        vertex 1.501447 4.5 -0.09117782
        vertex 1.5102452 4.2999997 -0.06721891
    endloop
endfacet
facet normal 0.90040201 0 -0.43505874
    outer loop
        vertex 1.4803798 4.5 -0.13765734
        vertex 1.4914839 4.5 -0.11467617
        vertex 1.4914839 4.2999997 -0.11467617
    endloop
endfacet
facet normal 0.87796652 0 -0.47872218
    outer loop
        vertex 1.4681612 4.5 -0.160066
        vertex 1.4803798 4.5 -0.13765734
        vertex 1.4803798 4.2999997 -0.13765734
    endloop
endfacet
facet normal 0.85342366 0 -0.521218
    outer loop
        vertex 1.4548581 4.5 -0.18184811
        vertex 1.4681612 4.2999997 -0.160066
        vertex 1.4548581 4.2999997 -0.18184811
    endloop
endfacet
facet normal 0.82681924 0 -0.56246781
    outer loop
        vertex 1.440502 4.5 -0.20295124
        vertex 1.4548581 4.2999997 -0.18184811
        vertex 1.440502 4.2999997 -0.20295124
    endloop
endfacet
facet normal 0.7677055 0 -0.6408028
    outer loop
        vertex 1.4251279 4.5 -0.2233245
        vertex 1.4251279 4.2999997 -0.2233245
        vertex 1.4087725 4.5 -0.24291886
    endloop
endfacet
facet normal 0.73534071 0 -0.67769766
    outer loop
        vertex 1.4087725 4.5 -0.24291886
        vertex 1.4087725 4.2999997 -0.24291886
        vertex 1.3914754 4.5 -0.26168713
    endloop
endfacet
facet normal 0.70119965 0 -0.71296489
    outer loop
        vertex 1.3914754 4.5 -0.26168713
        vertex 1.3914754 4.2999997 -0.26168713
        vertex 1.3732783 4.5 -0.27958402
    endloop
endfacet
facet normal 0.66536891 0 -0.74651462
    outer loop
        vertex 1.3732783 4.2999997 -0.27958402
        vertex 1.3542247 4.2999997 -0.2965665
        vertex 1.3542247 4.5 -0.2965665
    endloop
endfacet
facet normal 0.62794149 0 -0.77826065
    outer loop
        vertex 1.3542247 4.2999997 -0.2965665
        vertex 1.334361 4.2999997 -0.31259358
        vertex 1.334361 4.5 -0.31259358
    endloop
endfacet
facet normal 0.54863435 0 -0.83606249
    outer loop
        vertex 1.3137348 4.2999997 -0.3276267
        vertex 1.2923957 4.5 -0.34162965
        vertex 1.3137348 4.5 -0.3276267
    endloop
endfacet
facet normal 0.50694954 0 -0.86197573
    outer loop
        vertex 1.2923957 4.2999997 -0.34162965
        vertex 1.2703953 4.5 -0.35456866
        vertex 1.2923957 4.5 -0.34162965
    endloop
endfacet
facet normal 0.46404222 0 -0.88581306
    outer loop
        vertex 1.2703953 4.2999997 -0.35456866
        vertex 1.2477864 4.5 -0.36641255
        vertex 1.2703953 4.5 -0.35456866
    endloop
endfacet
facet normal 0.42002028 0 -0.90751463
    outer loop
        vertex 1.2246237 4.2999997 -0.37713283
        vertex 1.2246237 4.5 -0.37713283
        vertex 1.2477864 4.2999997 -0.36641255
    endloop
endfacet
facet normal 0.37498325 0 -0.92703164
    outer loop
        vertex 1.2009628 4.2999997 -0.38670364
        vertex 1.2009628 4.5 -0.38670364
        vertex 1.2246237 4.2999997 -0.37713283
    endloop
endfacet
facet normal 0.32904589 0 -0.94431394
    outer loop
        vertex 1.1768608 4.2999997 -0.39510196
        vertex 1.1768608 4.5 -0.39510196
        vertex 1.2009628 4.2999997 -0.38670364
    endloop
endfacet
facet normal 0.23490237 0 -0.97201896
    outer loop
        vertex 1.1275668 4.5 -0.40830302
        vertex 1.1523758 4.5 -0.40230757
        vertex 1.1523758 4.2999997 -0.40230757
    endloop
endfacet
facet normal 0.1869237 0 -0.98237437
    outer loop
        vertex 1.1024934 4.5 -0.41307393
        vertex 1.1275668 4.5 -0.40830302
        vertex 1.1275668 4.2999997 -0.40830302
    endloop
endfacet
facet normal 0.13849671 0 -0.99036288
    outer loop
        vertex 1.0772161 4.5 -0.4166088
        vertex 1.1024934 4.5 -0.41307393
        vertex 1.1024934 4.2999997 -0.41307393
    endloop
endfacet
facet normal 0.08973485 0 -0.99596566
    outer loop
        vertex 1.0517957 4.5 -0.41889915
        vertex 1.0772161 4.5 -0.4166088
        vertex 1.0772161 4.2999997 -0.4166088
    endloop
endfacet
facet normal 0.04075708 0 -0.99916917
    outer loop
        vertex 1.0262938 4.5 -0.4199394
        vertex 1.0517957 4.2999997 -0.41889915
        vertex 1.0262938 4.2999997 -0.4199394
    endloop
endfacet
facet normal -0.00831954 -0 -0.99996543
    outer loop
        vertex 1.0007714 4.5 -0.41972706
        vertex 1.0262938 4.2999997 -0.4199394
        vertex 1.0007714 4.2999997 -0.41972706
    endloop
endfacet
facet normal -0.05737367 -0 -0.99835277
    outer loop
        vertex 0.9752901 4.5 -0.4182627
        vertex 1.0007714 4.2999997 -0.41972706
        vertex 0.9752901 4.2999997 -0.4182627
    endloop
endfacet
facet normal -0.25104052 -0 -0.96797651
    outer loop
        vertex 0.875 4.5 -0.4
        vertex 0.89970595 4.2999997 -0.4064074
        vertex 0.875 4.2999997 -0.4
    endloop
endfacet
facet normal -0.10629276 0 -0.99433488
    outer loop
        vertex 0.9499115 4.2999997 -0.41554976
        vertex 0.9499115 4.5 -0.41554976
        vertex 0.9752901 4.2999997 -0.4182627
    endloop
endfacet
facet normal -0.25104052 -0 -0.96797651
    outer loop
        vertex 0.89970595 4.5 -0.4064074
        vertex 0.89970595 4.2999997 -0.4064074
        vertex 0.875 4.5 -0.4
    endloop
endfacet
facet normal -0.2032433 -0 -0.9791283
    outer loop
        vertex 0.92469645 4.5 -0.4115948
        vertex 0.92469645 4.2999997 -0.4115948
        vertex 0.89970595 4.5 -0.4064074
    endloop
endfacet
facet normal -0.15495431 -0 -0.9879216
    outer loop
        vertex 0.92469645 4.5 -0.4115948
        vertex 0.9499115 4.2999997 -0.41554976
        vertex 0.92469645 4.2999997 -0.4115948
    endloop
endfacet
facet normal -0.15495431 0 -0.9879216
    outer loop
        vertex 0.92469645 4.5 -0.4115948
        vertex 0.9499115 4.5 -0.41554976
        vertex 0.9499115 4.2999997 -0.41554976
    endloop
endfacet
facet normal -0.10629276 0 -0.99433488
    outer loop
        vertex 0.9499115 4.5 -0.41554976
        vertex 0.9752901 4.5 -0.4182627
        vertex 0.9752901 4.2999997 -0.4182627
    endloop
endfacet
facet normal -0.05737367 0 -0.99835277
    outer loop
        vertex 0.9752901 4.5 -0.4182627
        vertex 1.0007714 4.5 -0.41972706
        vertex 1.0007714 4.2999997 -0.41972706
    endloop
endfacet
facet normal -0.00831954 0 -0.99996543
    outer loop
        vertex 1.0007714 4.5 -0.41972706
        vertex 1.0262938 4.5 -0.4199394
        vertex 1.0262938 4.2999997 -0.4199394
    endloop
endfacet
facet normal 0.04075708 0 -0.99916917
    outer loop
        vertex 1.0262938 4.5 -0.4199394
        vertex 1.0517957 4.5 -0.41889915
        vertex 1.0517957 4.2999997 -0.41889915
    endloop
endfacet
facet normal 0.08973485 0 -0.99596566
    outer loop
        vertex 1.0517957 4.2999997 -0.41889915
        vertex 1.0517957 4.5 -0.41889915
        vertex 1.0772161 4.2999997 -0.4166088
    endloop
endfacet
facet normal 0.13849671 0 -0.99036288
    outer loop
        vertex 1.0772161 4.2999997 -0.4166088
        vertex 1.0772161 4.5 -0.4166088
        vertex 1.1024934 4.2999997 -0.41307393
    endloop
endfacet
facet normal 0.1869237 0 -0.98237437
    outer loop
        vertex 1.1024934 4.2999997 -0.41307393
        vertex 1.1024934 4.5 -0.41307393
        vertex 1.1275668 4.2999997 -0.40830302
    endloop
endfacet
facet normal 0.23490237 0 -0.97201896
    outer loop
        vertex 1.1275668 4.2999997 -0.40830302
        vertex 1.1275668 4.5 -0.40830302
        vertex 1.1523758 4.2999997 -0.40230757
    endloop
endfacet
facet normal 0.28231552 0 -0.95932162
    outer loop
        vertex 1.1523758 4.2999997 -0.40230757
        vertex 1.1523758 4.5 -0.40230757
        vertex 1.1768608 4.2999997 -0.39510196
    endloop
endfacet
facet normal 0.28231552 0 -0.95932162
    outer loop
        vertex 1.1768608 4.2999997 -0.39510196
        vertex 1.1523758 4.5 -0.40230757
        vertex 1.1768608 4.5 -0.39510196
    endloop
endfacet
facet normal 0.32904589 0 -0.94431394
    outer loop
        vertex 1.2009628 4.2999997 -0.38670364
        vertex 1.1768608 4.5 -0.39510196
        vertex 1.2009628 4.5 -0.38670364
    endloop
endfacet
facet normal 0.37498325 0 -0.92703164
    outer loop
        vertex 1.2246237 4.2999997 -0.37713283
        vertex 1.2009628 4.5 -0.38670364
        vertex 1.2246237 4.5 -0.37713283
    endloop
endfacet
facet normal 0.42002028 0 -0.90751463
    outer loop
        vertex 1.2477864 4.2999997 -0.36641255
        vertex 1.2246237 4.5 -0.37713283
        vertex 1.2477864 4.5 -0.36641255
    endloop
endfacet
facet normal 0.46404222 0 -0.88581306
    outer loop
        vertex 1.2703953 4.2999997 -0.35456866
        vertex 1.2477864 4.2999997 -0.36641255
        vertex 1.2477864 4.5 -0.36641255
    endloop
endfacet
facet normal 0.50694954 0 -0.86197573
    outer loop
        vertex 1.2923957 4.2999997 -0.34162965
        vertex 1.2703953 4.2999997 -0.35456866
        vertex 1.2703953 4.5 -0.35456866
    endloop
endfacet
facet normal 0.54863435 0 -0.83606249
    outer loop
        vertex 1.3137348 4.2999997 -0.3276267
        vertex 1.2923957 4.2999997 -0.34162965
        vertex 1.2923957 4.5 -0.34162965
    endloop
endfacet
facet normal 0.58899814 0 -0.80813444
    outer loop
        vertex 1.334361 4.2999997 -0.31259358
        vertex 1.3137348 4.2999997 -0.3276267
        vertex 1.3137348 4.5 -0.3276267
    endloop
endfacet
facet normal 0.58899814 0 -0.80813444
    outer loop
        vertex 1.334361 4.5 -0.31259358
        vertex 1.334361 4.2999997 -0.31259358
        vertex 1.3137348 4.5 -0.3276267
    endloop
endfacet
facet normal 0.62794149 0 -0.77826065
    outer loop
        vertex 1.3542247 4.5 -0.2965665
        vertex 1.3542247 4.2999997 -0.2965665
        vertex 1.334361 4.5 -0.31259358
    endloop
endfacet
facet normal 0.66536891 0 -0.74651462
    outer loop
        vertex 1.3732783 4.5 -0.27958402
        vertex 1.3732783 4.2999997 -0.27958402
        vertex 1.3542247 4.5 -0.2965665
    endloop
endfacet
facet normal 0.70119965 0 -0.71296489
    outer loop
        vertex 1.3732783 4.5 -0.27958402
        vertex 1.3914754 4.2999997 -0.26168713
        vertex 1.3732783 4.2999997 -0.27958402
    endloop
endfacet
facet normal 0.73534071 0 -0.67769766
    outer loop
        vertex 1.3914754 4.5 -0.26168713
        vertex 1.4087725 4.2999997 -0.24291886
        vertex 1.3914754 4.2999997 -0.26168713
    endloop
endfacet
facet normal 0.7677055 0 -0.6408028
    outer loop
        vertex 1.4087725 4.5 -0.24291886
        vertex 1.4251279 4.2999997 -0.2233245
        vertex 1.4087725 4.2999997 -0.24291886
    endloop
endfacet
facet normal 0.79822415 0 -0.60236049
    outer loop
        vertex 1.4251279 4.5 -0.2233245
        vertex 1.440502 4.2999997 -0.20295124
        vertex 1.4251279 4.2999997 -0.2233245
    endloop
endfacet
facet normal 0.79822415 0 -0.60236049
    outer loop
        vertex 1.4251279 4.5 -0.2233245
        vertex 1.440502 4.5 -0.20295124
        vertex 1.440502 4.2999997 -0.20295124
    endloop
endfacet
facet normal 0.82681924 0 -0.56246781
    outer loop
        vertex 1.440502 4.5 -0.20295124
        vertex 1.4548581 4.5 -0.18184811
        vertex 1.4548581 4.2999997 -0.18184811
    endloop
endfacet
facet normal 0.85342366 0 -0.521218
    outer loop
        vertex 1.4548581 4.5 -0.18184811
        vertex 1.4681612 4.5 -0.160066
        vertex 1.4681612 4.2999997 -0.160066
    endloop
endfacet
facet normal 0.87796652 0 -0.47872218
    outer loop
        vertex 1.4681612 4.2999997 -0.160066
        vertex 1.4681612 4.5 -0.160066
        vertex 1.4803798 4.2999997 -0.13765734
    endloop
endfacet
facet normal 0.90040201 0 -0.43505874
    outer loop
        vertex 1.4803798 4.2999997 -0.13765734
        vertex 1.4803798 4.5 -0.13765734
        vertex 1.4914839 4.2999997 -0.11467617
    endloop
endfacet
facet normal 0.92066568 0 -0.39035192
    outer loop
        vertex 1.4914839 4.2999997 -0.11467617
        vertex 1.4914839 4.5 -0.11467617
        vertex 1.501447 4.2999997 -0.09117782
    endloop
endfacet
facet normal 0.92066568 0 -0.39035192
    outer loop
        vertex 1.501447 4.2999997 -0.09117782
        vertex 1.4914839 4.5 -0.11467617
        vertex 1.501447 4.5 -0.09117782
    endloop
endfacet
facet normal 0.93870771 0 -0.34471416
    outer loop
        vertex 1.5102452 4.2999997 -0.06721891
        vertex 1.501447 4.5 -0.09117782
        vertex 1.5102452 4.5 -0.06721891
    endloop
endfacet
facet normal 0.95449185 0 -0.29823709
    outer loop
        vertex 1.5178572 4.2999997 -0.04285714
        vertex 1.5102452 4.5 -0.06721891
        vertex 1.5178572 4.5 -0.04285714
    endloop
endfacet
facet normal 0.96797651 0 -0.25104088
    outer loop
        vertex 1.5242646 4.2999997 -0.01815123
        vertex 1.5178572 4.5 -0.04285714
        vertex 1.5242646 4.5 -0.01815123
    endloop
endfacet
facet normal 0.97912854 0 -0.20324177
    outer loop
        vertex 1.529452 4.2999997 0.0068393233
        vertex 1.5242646 4.2999997 -0.01815123
        vertex 1.5242646 4.5 -0.01815123
    endloop
endfacet
facet normal 0.98792118 0 -0.15495686
    outer loop
        vertex 1.533407 4.2999997 0.03205431
        vertex 1.529452 4.2999997 0.0068393233
        vertex 1.529452 4.5 0.0068393233
    endloop
endfacet
facet normal 0.99433523 0 -0.10628921
    outer loop
        vertex 1.5361198 4.2999997 0.057432976
        vertex 1.533407 4.2999997 0.03205431
        vertex 1.533407 4.5 0.03205431
    endloop
endfacet
facet normal 0.99433523 0 -0.10628921
    outer loop
        vertex 1.5361198 4.5 0.057432976
        vertex 1.5361198 4.2999997 0.057432976
        vertex 1.533407 4.5 0.03205431
    endloop
endfacet
facet normal 0.99835283 0 -0.0573738
    outer loop
        vertex 1.5375842 4.5 0.0829142
        vertex 1.5375842 4.2999997 0.0829142
        vertex 1.5361198 4.5 0.057432976
    endloop
endfacet
facet normal 0.99996531 0 -0.00832304
    outer loop
        vertex 1.5377966 4.5 0.10843657
        vertex 1.5377966 4.2999997 0.10843657
        vertex 1.5375842 4.5 0.0829142
    endloop
endfacet
facet normal 0.99916899 0 0.04076044
    outer loop
        vertex 1.5377966 4.5 0.10843657
        vertex 1.5367563 4.2999997 0.13393863
        vertex 1.5377966 4.2999997 0.10843657
    endloop
endfacet
facet normal 0.99596596 0 0.08973185
    outer loop
        vertex 1.5367563 4.5 0.13393863
        vertex 1.534466 4.2999997 0.15935892
        vertex 1.5367563 4.2999997 0.13393863
    endloop
endfacet
facet normal 0.99596596 0 0.08973185
    outer loop
        vertex 1.5367563 4.5 0.13393863
        vertex 1.534466 4.5 0.15935892
        vertex 1.534466 4.2999997 0.15935892
    endloop
endfacet
facet normal 0.98237455 0 0.18692268
    outer loop
        vertex 1.5309311 4.5 0.18463622
        vertex 1.5261602 4.2999997 0.20970961
        vertex 1.5309311 4.2999997 0.18463622
    endloop
endfacet
facet normal 0.97201872 0 0.23490365
    outer loop
        vertex 1.5201647 4.5 0.23451872
        vertex 1.5201647 4.2999997 0.23451872
        vertex 1.5261602 4.5 0.20970961
    endloop
endfacet
facet normal 0.94431299 0 0.32904863
    outer loop
        vertex 1.5045608 4.2999997 0.28310573
        vertex 1.5129592 4.2999997 0.25900373
        vertex 1.5129592 4.5 0.25900373
    endloop
endfacet
facet normal 0.9270308 -0 0.37498507
    outer loop
        vertex 1.49499 4.2999997 0.30676657
        vertex 1.5045608 4.5 0.28310573
        vertex 1.49499 4.5 0.30676657
    endloop
endfacet
facet normal 0.88581234 -0 0.46404362
    outer loop
        vertex 1.4842697 4.2999997 0.32992932
        vertex 1.4842697 4.5 0.32992932
        vertex 1.4724258 4.2999997 0.35253817
    endloop
endfacet
facet normal 0.86197394 0 0.5069527
    outer loop
        vertex 1.4724258 4.5 0.35253817
        vertex 1.4594867 4.5 0.37453857
        vertex 1.4594867 4.2999997 0.37453857
    endloop
endfacet
facet normal 0.80813521 0 0.58899701
    outer loop
        vertex 1.4454839 4.5 0.39587763
        vertex 1.4304508 4.2999997 0.41650388
        vertex 1.4454839 4.2999997 0.39587763
    endloop
endfacet
facet normal 0.77826107 0 0.62794083
    outer loop
        vertex 1.4144237 4.5 0.43636763
        vertex 1.4144237 4.2999997 0.43636763
        vertex 1.4304508 4.5 0.41650388
    endloop
endfacet
facet normal 0.71296489 0 0.70119965
    outer loop
        vertex 1.3795443 4.2999997 0.47361824
        vertex 1.3974411 4.2999997 0.45542106
        vertex 1.3974411 4.5 0.45542106
    endloop
endfacet
facet normal 0.67769861 -0 0.7353397
    outer loop
        vertex 1.360776 4.2999997 0.49091536
        vertex 1.3795443 4.5 0.47361824
        vertex 1.360776 4.5 0.49091536
    endloop
endfacet
facet normal 0.60236257 -0 0.7982226
    outer loop
        vertex 1.3411816 4.2999997 0.5072707
        vertex 1.3411816 4.5 0.5072707
        vertex 1.3208084 4.2999997 0.52264494
    endloop
endfacet
facet normal 0.56246752 0 0.82681936
    outer loop
        vertex 1.3208084 4.5 0.52264494
        vertex 1.2997053 4.5 0.53700095
        vertex 1.2997053 4.2999997 0.53700095
    endloop
endfacet
facet normal 0.47871748 0 0.87796903
    outer loop
        vertex 1.2779231 4.5 0.5503042
        vertex 1.2555145 4.2999997 0.5625226
        vertex 1.2779231 4.2999997 0.5503042
    endloop
endfacet
facet normal 0.43505892 0 0.90040201
    outer loop
        vertex 1.2325332 4.5 0.57362676
        vertex 1.2325332 4.2999997 0.57362676
        vertex 1.2555145 4.5 0.5625226
    endloop
endfacet
facet normal 0.2982319 0 0.9544934
    outer loop
        vertex 1.1850761 4.2999997 0.5923881
        vertex 1.1607143 4.5 0.59999996
        vertex 1.1607143 4.2999997 0.59999996
    endloop
endfacet
facet normal 0.34471351 0 0.93870795
    outer loop
        vertex 1.2090349 4.5 0.5835899
        vertex 1.1850761 4.2999997 0.5923881
        vertex 1.2090349 4.2999997 0.5835899
    endloop
endfacet
facet normal -0.2032433 0 -0.9791283
    outer loop
        vertex 0.92469645 4.2999997 -0.4115948
        vertex 0.89970595 4.2999997 -0.4064074
        vertex 0.89970595 4.5 -0.4064074
    endloop
endfacet
facet normal 1 0 0
    outer loop
        vertex 0.875 -0.1 -0.4
        vertex 0.875 0.1 -0.4
        vertex 0.875 -0.1 0.59999996
    endloop
endfacet
facet normal 1 -0 0
    outer loop
        vertex 0.875 -0.1 0.59999996
        vertex 0.875 0.1 -0.4
        vertex 0.875 0.1 0.59999996
    endloop
endfacet
facet normal -0.27472112 0 0.96152401
    outer loop
        vertex 0.875 -0.1 0.59999996
        vertex 0.875 0.1 0.59999996
        vertex -0.875 -0.1 0.1
    endloop
endfacet
facet normal -0.27472112 0 0.96152401
    outer loop
        vertex -0.875 -0.1 0.1
        vertex 0.875 0.1 0.59999996
        vertex -0.875 0.1 0.1
    endloop
endfacet
facet normal -0.27472115 0 -0.96152401
    outer loop
        vertex -0.875 -0.1 0.1
        vertex -0.875 0.1 0.1
        vertex 0.875 -0.1 -0.4
    endloop
endfacet
facet normal -0.27472115 0 -0.96152401
    outer loop
        vertex 0.875 -0.1 -0.4
        vertex -0.875 0.1 0.1
        vertex 0.875 0.1 -0.4
    endloop
endfacet
facet normal -0 1 0
    outer loop
        vertex -0.875 0.1 0.1
        vertex 0.875 0.1 0.59999996
        vertex 0.875 0.1 -0.4
    endloop
endfacet
facet normal 0 -1 0
    outer loop
        vertex -0.875 -0.1 0.1
        vertex 0.875 -0.1 -0.4
        vertex 0.875 -0.1 0.59999996
    endloop
endfacet
facet normal -0.98917645 0 -0.14673132
    outer loop
        vertex 0.3774076 -4.5 0.050991427
        vertex 0.3774076 4.5 0.050991427
        vertex 0.38460737 -4.5 0.002454839
    endloop
endfacet
facet normal -0.97003144 0 -0.24297975
    outer loop
        vertex 0.38460737 -4.5 0.002454839
        vertex 0.38460737 4.5 0.002454839
        vertex 0.39652982 -4.5 -0.045142338
    endloop
endfacet
facet normal -0.97003144 0 -0.24297975
    outer loop
        vertex 0.39652982 -4.5 -0.045142338
        vertex 0.38460737 4.5 0.002454839
        vertex 0.39652982 4.5 -0.045142338
    endloop
endfacet
facet normal -0.94154418 0 -0.33688971
    outer loop
        vertex 0.41306022 -4.5 -0.09134172
        vertex 0.39652982 4.5 -0.045142338
        vertex 0.41306022 4.5 -0.09134172
    endloop
endfacet
facet normal -0.90398932 0 -0.42755523
    outer loop
        vertex 0.43403935 -4.5 -0.13569836
        vertex 0.41306022 -4.5 -0.09134172
        vertex 0.41306022 4.5 -0.09134172
    endloop
endfacet
facet normal -0.85772836 0 -0.51410306
    outer loop
        vertex 0.4592652 -4.5 -0.17778511
        vertex 0.43403935 -4.5 -0.13569836
        vertex 0.43403935 4.5 -0.13569836
    endloop
endfacet
facet normal -0.85772836 -0 -0.51410306
    outer loop
        vertex 0.4592652 4.5 -0.17778511
        vertex 0.4592652 -4.5 -0.17778511
        vertex 0.43403935 4.5 -0.13569836
    endloop
endfacet
facet normal -0.80320752 -0 -0.59569949
    outer loop
        vertex 0.48849478 4.5 -0.21719663
        vertex 0.48849478 -4.5 -0.21719663
        vertex 0.4592652 4.5 -0.17778511
    endloop
endfacet
facet normal -0.7409516 -0 -0.6715585
    outer loop
        vertex 0.48849478 4.5 -0.21719663
        vertex 0.5214466 -4.5 -0.2535534
        vertex 0.48849478 -4.5 -0.21719663
    endloop
endfacet
facet normal -0.67155832 -0 -0.74095172
    outer loop
        vertex 0.5214466 4.5 -0.2535534
        vertex 0.5578034 -4.5 -0.28650522
        vertex 0.5214466 -4.5 -0.2535534
    endloop
endfacet
facet normal -0.67155832 0 -0.74095172
    outer loop
        vertex 0.5214466 4.5 -0.2535534
        vertex 0.5578034 4.5 -0.28650522
        vertex 0.5578034 -4.5 -0.28650522
    endloop
endfacet
facet normal -0.59569973 0 -0.80320722
    outer loop
        vertex 0.5578034 4.5 -0.28650522
        vertex 0.5972149 4.5 -0.3157348
        vertex 0.5972149 -4.5 -0.3157348
    endloop
endfacet
facet normal -0.51410329 0 -0.85772824
    outer loop
        vertex 0.5972149 -4.5 -0.3157348
        vertex 0.5972149 4.5 -0.3157348
        vertex 0.6393016 -4.5 -0.34096065
    endloop
endfacet
facet normal -0.42755473 0 -0.90398949
    outer loop
        vertex 0.6393016 -4.5 -0.34096065
        vertex 0.6393016 4.5 -0.34096065
        vertex 0.6836583 -4.5 -0.3619398
    endloop
endfacet
facet normal -0.42755473 0 -0.90398949
    outer loop
        vertex 0.6836583 -4.5 -0.3619398
        vertex 0.6393016 4.5 -0.34096065
        vertex 0.6836583 4.5 -0.3619398
    endloop
endfacet
facet normal -0.3368901 0 -0.941544
    outer loop
        vertex 0.7298576 -4.5 -0.37847018
        vertex 0.6836583 4.5 -0.3619398
        vertex 0.7298576 4.5 -0.37847018
    endloop
endfacet
facet normal -0.24297978 0 -0.97003138
    outer loop
        vertex 0.7774548 -4.5 -0.39039263
        vertex 0.7298576 -4.5 -0.37847018
        vertex 0.7298576 4.5 -0.37847018
    endloop
endfacet
facet normal -0.1467299 0 -0.98917651
    outer loop
        vertex 0.82599145 -4.5 -0.39759234
        vertex 0.7774548 -4.5 -0.39039263
        vertex 0.7774548 4.5 -0.39039263
    endloop
endfacet
facet normal -0.1467299 -0 -0.98917651
    outer loop
        vertex 0.82599145 4.5 -0.39759234
        vertex 0.82599145 -4.5 -0.39759234
        vertex 0.7774548 4.5 -0.39039263
    endloop
endfacet
facet normal -0.04906838 -0 -0.99879545
    outer loop
        vertex 0.875 4.5 -0.4
        vertex 0.875 -4.5 -0.4
        vertex 0.82599145 4.5 -0.39759234
    endloop
endfacet
facet normal 0.04906838 0 -0.99879545
    outer loop
        vertex 0.875 4.5 -0.4
        vertex 0.92400855 -4.5 -0.39759234
        vertex 0.875 -4.5 -0.4
    endloop
endfacet
facet normal 0.1467299 0 -0.98917651
    outer loop
        vertex 0.92400855 4.5 -0.39759234
        vertex 0.9725452 -4.5 -0.39039263
        vertex 0.92400855 -4.5 -0.39759234
    endloop
endfacet
facet normal 0.1467299 0 -0.98917651
    outer loop
        vertex 0.92400855 4.5 -0.39759234
        vertex 0.9725452 4.5 -0.39039263
        vertex 0.9725452 -4.5 -0.39039263
    endloop
endfacet
facet normal 0.24298006 0 -0.97003132
    outer loop
        vertex 0.9725452 4.5 -0.39039263
        vertex 1.0201423 4.5 -0.37847018
        vertex 1.0201423 -4.5 -0.37847018
    endloop
endfacet
facet normal 0.3368901 0 -0.941544
    outer loop
        vertex 1.0201423 -4.5 -0.37847018
        vertex 1.0201423 4.5 -0.37847018
        vertex 1.0663416 -4.5 -0.3619398
    endloop
endfacet
facet normal 0.42755473 0 -0.90398949
    outer loop
        vertex 1.0663416 -4.5 -0.3619398
        vertex 1.0663416 4.5 -0.3619398
        vertex 1.1106983 -4.5 -0.34096065
    endloop
endfacet
facet normal 0.42755473 0 -0.90398949
    outer loop
        vertex 1.1106983 -4.5 -0.34096065
        vertex 1.0663416 4.5 -0.3619398
        vertex 1.1106983 4.5 -0.34096065
    endloop
endfacet
facet normal 0.51410222 0 -0.85772884
    outer loop
        vertex 1.1527852 -4.5 -0.3157348
        vertex 1.1106983 4.5 -0.34096065
        vertex 1.1527852 4.5 -0.3157348
    endloop
endfacet
facet normal 0.59570032 0 -0.80320686
    outer loop
        vertex 1.1921966 -4.5 -0.28650522
        vertex 1.1527852 -4.5 -0.3157348
        vertex 1.1527852 4.5 -0.3157348
    endloop
endfacet
facet normal 0.67155832 0 -0.74095172
    outer loop
        vertex 1.2285534 -4.5 -0.2535534
        vertex 1.1921966 -4.5 -0.28650522
        vertex 1.1921966 4.5 -0.28650522
    endloop
endfacet
facet normal 0.67155832 0 -0.74095172
    outer loop
        vertex 1.2285534 4.5 -0.2535534
        vertex 1.2285534 -4.5 -0.2535534
        vertex 1.1921966 4.5 -0.28650522
    endloop
endfacet
facet normal 0.99879545 0 -0.04906835
    outer loop
        vertex 1.375 -4.5 0.1
        vertex 1.3725923 4.5 0.050991427
        vertex 1.375 4.5 0.1
    endloop
endfacet
facet normal 0.99879545 0 -0.04906835
    outer loop
        vertex 1.3725923 -4.5 0.050991427
        vertex 1.3725923 4.5 0.050991427
        vertex 1.375 -4.5 0.1
    endloop
endfacet
facet normal 0.98917681 0 -0.14672893
    outer loop
        vertex 1.3725923 -4.5 0.050991427
        vertex 1.3653927 4.5 0.002454839
        vertex 1.3725923 4.5 0.050991427
    endloop
endfacet
facet normal 0.98917681 0 -0.14672893
    outer loop
        vertex 1.3725923 -4.5 0.050991427
        vertex 1.3653927 -4.5 0.002454839
        vertex 1.3653927 4.5 0.002454839
    endloop
endfacet
facet normal 0.97003061 0 -0.24298258
    outer loop
        vertex 1.3653927 4.5 0.002454839
        vertex 1.3653927 -4.5 0.002454839
        vertex 1.3534701 4.5 -0.045142338
    endloop
endfacet
facet normal 0.97003061 0 -0.24298258
    outer loop
        vertex 1.3534701 4.5 -0.045142338
        vertex 1.3653927 -4.5 0.002454839
        vertex 1.3534701 -4.5 -0.045142338
    endloop
endfacet
facet normal 0.94154483 0 -0.33688754
    outer loop
        vertex 1.3369398 4.5 -0.09134172
        vertex 1.3534701 -4.5 -0.045142338
        vertex 1.3369398 -4.5 -0.09134172
    endloop
endfacet
facet normal 0.90398902 0 -0.42755571
    outer loop
        vertex 1.3159606 4.5 -0.13569836
        vertex 1.3369398 4.5 -0.09134172
        vertex 1.3369398 -4.5 -0.09134172
    endloop
endfacet
facet normal 0.90398902 0 -0.42755571
    outer loop
        vertex 1.3159606 -4.5 -0.13569836
        vertex 1.3159606 4.5 -0.13569836
        vertex 1.3369398 -4.5 -0.09134172
    endloop
endfacet
facet normal 0.85772812 0 -0.51410347
    outer loop
        vertex 1.3159606 -4.5 -0.13569836
        vertex 1.2907348 4.5 -0.17778511
        vertex 1.3159606 4.5 -0.13569836
    endloop
endfacet
facet normal 0.85772812 0 -0.51410347
    outer loop
        vertex 1.3159606 -4.5 -0.13569836
        vertex 1.2907348 -4.5 -0.17778511
        vertex 1.2907348 4.5 -0.17778511
    endloop
endfacet
facet normal 0.8032068 0 -0.5957002
    outer loop
        vertex 1.2907348 4.5 -0.17778511
        vertex 1.2907348 -4.5 -0.17778511
        vertex 1.2615051 4.5 -0.21719663
    endloop
endfacet
facet normal -0.99879557 -0 -0.04906714
    outer loop
        vertex 0.3774076 4.5 0.050991427
        vertex 0.3774076 -4.5 0.050991427
        vertex 0.375 -4.5 0.1
    endloop
endfacet
facet normal 0.8032068 0 -0.5957002
    outer loop
        vertex 1.2615051 -4.5 -0.21719663
        vertex 1.2615051 4.5 -0.21719663
        vertex 1.2907348 -4.5 -0.17778511
    endloop
endfacet
facet normal 0.74095249 0 -0.67155743
    outer loop
        vertex 1.2615051 -4.5 -0.21719663
        vertex 1.2285534 4.5 -0.2535534
        vertex 1.2615051 4.5 -0.21719663
    endloop
endfacet
facet normal 0.74095249 0 -0.67155743
    outer loop
        vertex 1.2615051 -4.5 -0.21719663
        vertex 1.2285534 -4.5 -0.2535534
        vertex 1.2285534 4.5 -0.2535534
    endloop
endfacet
facet normal 0.59570032 0 -0.80320686
    outer loop
        vertex 1.1921966 -4.5 -0.28650522
        vertex 1.1527852 4.5 -0.3157348
        vertex 1.1921966 4.5 -0.28650522
    endloop
endfacet
facet normal 0.51410222 0 -0.85772884
    outer loop
        vertex 1.1106983 -4.5 -0.34096065
        vertex 1.1106983 4.5 -0.34096065
        vertex 1.1527852 -4.5 -0.3157348
    endloop
endfacet
facet normal 0.3368901 0 -0.941544
    outer loop
        vertex 1.0201423 4.5 -0.37847018
        vertex 1.0663416 4.5 -0.3619398
        vertex 1.0663416 -4.5 -0.3619398
    endloop
endfacet
facet normal 0.24298006 0 -0.97003132
    outer loop
        vertex 0.9725452 4.5 -0.39039263
        vertex 1.0201423 -4.5 -0.37847018
        vertex 0.9725452 -4.5 -0.39039263
    endloop
endfacet
facet normal 0.04906838 0 -0.99879545
    outer loop
        vertex 0.92400855 4.5 -0.39759234
        vertex 0.92400855 -4.5 -0.39759234
        vertex 0.875 4.5 -0.4
    endloop
endfacet
facet normal -0.04906838 0 -0.99879545
    outer loop
        vertex 0.875 -4.5 -0.4
        vertex 0.82599145 -4.5 -0.39759234
        vertex 0.82599145 4.5 -0.39759234
    endloop
endfacet
facet normal -0.24297978 0 -0.97003138
    outer loop
        vertex 0.7774548 -4.5 -0.39039263
        vertex 0.7298576 4.5 -0.37847018
        vertex 0.7774548 4.5 -0.39039263
    endloop
endfacet
facet normal -0.3368901 0 -0.941544
    outer loop
        vertex 0.6836583 -4.5 -0.3619398
        vertex 0.6836583 4.5 -0.3619398
        vertex 0.7298576 -4.5 -0.37847018
    endloop
endfacet
facet normal -0.51410329 0 -0.85772824
    outer loop
        vertex 0.5972149 4.5 -0.3157348
        vertex 0.6393016 4.5 -0.34096065
        vertex 0.6393016 -4.5 -0.34096065
    endloop
endfacet
facet normal -0.59569973 -0 -0.80320722
    outer loop
        vertex 0.5578034 4.5 -0.28650522
        vertex 0.5972149 -4.5 -0.3157348
        vertex 0.5578034 -4.5 -0.28650522
    endloop
endfacet
facet normal -0.7409516 -0 -0.6715585
    outer loop
        vertex 0.5214466 4.5 -0.2535534
        vertex 0.5214466 -4.5 -0.2535534
        vertex 0.48849478 4.5 -0.21719663
    endloop
endfacet
facet normal -0.80320752 0 -0.59569949
    outer loop
        vertex 0.48849478 -4.5 -0.21719663
        vertex 0.4592652 -4.5 -0.17778511
        vertex 0.4592652 4.5 -0.17778511
    endloop
endfacet
facet normal -0.90398932 0 -0.42755523
    outer loop
        vertex 0.43403935 -4.5 -0.13569836
        vertex 0.41306022 4.5 -0.09134172
        vertex 0.43403935 4.5 -0.13569836
    endloop
endfacet
facet normal -0.94154418 0 -0.33688971
    outer loop
        vertex 0.39652982 -4.5 -0.045142338
        vertex 0.39652982 4.5 -0.045142338
        vertex 0.41306022 -4.5 -0.09134172
    endloop
endfacet
facet normal -0.99879557 0 -0.04906714
    outer loop
        vertex 0.3774076 4.5 0.050991427
        vertex 0.375 -4.5 0.1
        vertex 0.375 4.5 0.1
    endloop
endfacet
facet normal -0.98917645 0 -0.14673132
    outer loop
        vertex 0.38460737 -4.5 0.002454839
        vertex 0.3774076 4.5 0.050991427
        vertex 0.38460737 4.5 0.002454839
    endloop
endfacet
facet normal 0.94154483 0 -0.33688754
    outer loop
        vertex 1.3534701 4.5 -0.045142338
        vertex 1.3534701 -4.5 -0.045142338
        vertex 1.3369398 4.5 -0.09134172
    endloop
endfacet
facet normal 0 0.99999994 0
    outer loop
        vertex 1.3653927 4.5 0.002454839
        vertex 1.375 4.5 0.1
        vertex 1.3725923 4.5 0.050991427
    endloop
endfacet
facet normal 0 1 0
    outer loop
        vertex 1.3534701 4.5 -0.045142338
        vertex 1.375 4.5 0.1
        vertex 1.3653927 4.5 0.002454839
    endloop
endfacet
facet normal 0 1 0
    outer loop
        vertex 1.3369398 4.5 -0.09134172
        vertex 1.375 4.5 0.1
        vertex 1.3534701 4.5 -0.045142338
    endloop
endfacet
facet normal 0 1 0
    outer loop
        vertex 1.3159606 4.5 -0.13569836
        vertex 1.375 4.5 0.1
        vertex 1.3369398 4.5 -0.09134172
    endloop
endfacet
facet normal 0 1 0
    outer loop
        vertex 1.2907348 4.5 -0.17778511
        vertex 1.375 4.5 0.1
        vertex 1.3159606 4.5 -0.13569836
    endloop
endfacet
facet normal 0 1 0
    outer loop
        vertex 1.2615051 4.5 -0.21719663
        vertex 1.375 4.5 0.1
        vertex 1.2907348 4.5 -0.17778511
    endloop
endfacet
facet normal 0 1 0
    outer loop
        vertex 1.2285534 4.5 -0.2535534
        vertex 1.375 4.5 0.1
        vertex 1.2615051 4.5 -0.21719663
    endloop
endfacet
facet normal 0 1 0
    outer loop
        vertex 1.1921966 4.5 -0.28650522
        vertex 1.375 4.5 0.1
        vertex 1.2285534 4.5 -0.2535534
    endloop
endfacet
facet normal 0 1 0
    outer loop
        vertex 1.1527852 4.5 -0.3157348
        vertex 1.375 4.5 0.1
        vertex 1.1921966 4.5 -0.28650522
    endloop
endfacet
facet normal 0 1 0
    outer loop
        vertex 1.1106983 4.5 -0.34096065
        vertex 1.375 4.5 0.1
        vertex 1.1527852 4.5 -0.3157348
    endloop
endfacet
facet normal 0 1 0
    outer loop
        vertex 1.0663416 4.5 -0.3619398
        vertex 1.375 4.5 0.1
        vertex 1.1106983 4.5 -0.34096065
    endloop
endfacet
facet normal 0 1 -0
    outer loop
        vertex 1.0201423 4.5 -0.37847018
        vertex 0.9725452 4.5 -0.39039263
        vertex 1.375 4.5 0.1
    endloop
endfacet
facet normal 0 1 0
    outer loop
        vertex 1.0201423 4.5 -0.37847018
        vertex 1.375 4.5 0.1
        vertex 1.0663416 4.5 -0.3619398
    endloop
endfacet
facet normal 0 1 -0
    outer loop
        vertex 0.9725452 4.5 -0.39039263
        vertex 0.92400855 4.5 -0.39759234
        vertex 1.375 4.5 0.1
    endloop
endfacet
facet normal 0 0.99999994 -0
    outer loop
        vertex 0.92400855 4.5 -0.39759234
        vertex 0.875 4.5 -0.4
        vertex 1.375 4.5 0.1
    endloop
endfacet
facet normal 0 1 -0
    outer loop
        vertex 0.875 4.5 -0.4
        vertex 0.82599145 4.5 -0.39759234
        vertex 1.375 4.5 0.1
    endloop
endfacet
facet normal 0 1 -0
    outer loop
        vertex 0.82599145 4.5 -0.39759234
        vertex 0.7774548 4.5 -0.39039263
        vertex 1.375 4.5 0.1
    endloop
endfacet
facet normal 0 1 0
    outer loop
        vertex 1.375 4.5 0.1
        vertex 0.7774548 4.5 -0.39039263
        vertex 0.7298576 4.5 -0.37847018
    endloop
endfacet
facet normal 0 1 0
    outer loop
        vertex 1.375 4.5 0.1
        vertex 0.7298576 4.5 -0.37847018
        vertex 0.6836583 4.5 -0.3619398
    endloop
endfacet
facet normal 0 1 0
    outer loop
        vertex 1.375 4.5 0.1
        vertex 0.6836583 4.5 -0.3619398
        vertex 0.6393016 4.5 -0.34096065
    endloop
endfacet
facet normal 0 0.99999994 0
    outer loop
        vertex 1.375 4.5 0.1
        vertex 0.6393016 4.5 -0.34096065
        vertex 0.5972149 4.5 -0.3157348
    endloop
endfacet
facet normal 0 1 0
    outer loop
        vertex 1.375 4.5 0.1
        vertex 0.5972149 4.5 -0.3157348
        vertex 0.5578034 4.5 -0.28650522
    endloop
endfacet
facet normal 0 0.99999994 0
    outer loop
        vertex 1.375 4.5 0.1
        vertex 0.5578034 4.5 -0.28650522
        vertex 0.5214466 4.5 -0.2535534
    endloop
endfacet
facet normal 0 1 0
    outer loop
        vertex 1.375 4.5 0.1
        vertex 0.5214466 4.5 -0.2535534
        vertex 0.48849478 4.5 -0.21719663
    endloop
endfacet
facet normal 0 1 0
    outer loop
        vertex 1.375 4.5 0.1
        vertex 0.48849478 4.5 -0.21719663
        vertex 0.4592652 4.5 -0.17778511
    endloop
endfacet
facet normal -0 0.99999994 0
    outer loop
        vertex 0.41306022 4.5 -0.09134172
        vertex 1.375 4.5 0.1
        vertex 0.43403935 4.5 -0.13569836
    endloop
endfacet
facet normal 0 1 0
    outer loop
        vertex 1.375 4.5 0.1
        vertex 0.4592652 4.5 -0.17778511
        vertex 0.43403935 4.5 -0.13569836
    endloop
endfacet
facet normal -0 1 0
    outer loop
        vertex 0.39652982 4.5 -0.045142338
        vertex 1.375 4.5 0.1
        vertex 0.41306022 4.5 -0.09134172
    endloop
endfacet
facet normal -0 1 0
    outer loop
        vertex 0.38460737 4.5 0.002454839
        vertex 1.375 4.5 0.1
        vertex 0.39652982 4.5 -0.045142338
    endloop
endfacet
facet normal 0 1 -0
    outer loop
        vertex 0.3774076 4.5 0.050991427
        vertex 0.375 4.5 0.1
        vertex 1.375 4.5 0.1
    endloop
endfacet
facet normal 0 1 0
    outer loop
        vertex 0.375 4.5 0.1
        vertex 0.3774076 4.5 0.14900857
        vertex 1.375 4.5 0.1
    endloop
endfacet
facet normal -0 1 0
    outer loop
        vertex 0.3774076 4.5 0.14900857
        vertex 0.38460737 4.5 0.19754516
        vertex 1.375 4.5 0.1
    endloop
endfacet
facet normal 0 0.99999994 0
    outer loop
        vertex 1.375 4.5 0.1
        vertex 0.38460737 4.5 0.19754516
        vertex 0.39652982 4.5 0.24514234
    endloop
endfacet
facet normal 0 1 0
    outer loop
        vertex 1.375 4.5 0.1
        vertex 0.39652982 4.5 0.24514234
        vertex 0.41306022 4.5 0.29134172
    endloop
endfacet
facet normal 0 1 0
    outer loop
        vertex 1.375 4.5 0.1
        vertex 0.41306022 4.5 0.29134172
        vertex 0.43403935 4.5 0.33569837
    endloop
endfacet
facet normal 0 1 0
    outer loop
        vertex 1.375 4.5 0.1
        vertex 0.43403935 4.5 0.33569837
        vertex 0.4592652 4.5 0.3777851
    endloop
endfacet
facet normal 0 1 0
    outer loop
        vertex 1.375 4.5 0.1
        vertex 0.4592652 4.5 0.3777851
        vertex 0.48849478 4.5 0.41719666
    endloop
endfacet
facet normal 0 1 0
    outer loop
        vertex 1.375 4.5 0.1
        vertex 0.48849478 4.5 0.41719666
        vertex 0.5214466 4.5 0.4535534
    endloop
endfacet
facet normal 0 1 0
    outer loop
        vertex 1.375 4.5 0.1
        vertex 0.5214466 4.5 0.4535534
        vertex 0.5578034 4.5 0.48650524
    endloop
endfacet
facet normal 0 1 0
    outer loop
        vertex 1.375 4.5 0.1
        vertex 0.5578034 4.5 0.48650524
        vertex 0.5972149 4.5 0.5157348
    endloop
endfacet
facet normal 0 1 0
    outer loop
        vertex 0.6836583 4.5 0.5619398
        vertex 1.375 4.5 0.1
        vertex 0.6393016 4.5 0.5409606
    endloop
endfacet
facet normal 0 1 0
    outer loop
        vertex 1.375 4.5 0.1
        vertex 0.5972149 4.5 0.5157348
        vertex 0.6393016 4.5 0.5409606
    endloop
endfacet
facet normal 0 1 0
    outer loop
        vertex 0.7298576 4.5 0.5784702
        vertex 1.375 4.5 0.1
        vertex 0.6836583 4.5 0.5619398
    endloop
endfacet
facet normal 0 0.99999994 0
    outer loop
        vertex 0.7774548 4.5 0.59039265
        vertex 1.375 4.5 0.1
        vertex 0.7298576 4.5 0.5784702
    endloop
endfacet
facet normal 0 1 0
    outer loop
        vertex 0.82599145 4.5 0.59759235
        vertex 1.375 4.5 0.1
        vertex 0.7774548 4.5 0.59039265
    endloop
endfacet
facet normal 0 1 0
    outer loop
        vertex 0.875 4.5 0.59999996
        vertex 1.375 4.5 0.1
        vertex 0.82599145 4.5 0.59759235
    endloop
endfacet
facet normal 0 1 0
    outer loop
        vertex 0.92400855 4.5 0.59759235
        vertex 1.375 4.5 0.1
        vertex 0.875 4.5 0.59999996
    endloop
endfacet
facet normal 0 1 0
    outer loop
        vertex 0.92400855 4.5 0.59759235
        vertex 0.9725452 4.5 0.59039265
        vertex 1.375 4.5 0.1
    endloop
endfacet
facet normal 0 0.99999994 0
    outer loop
        vertex 0.9725452 4.5 0.59039265
        vertex 1.0201423 4.5 0.5784702
        vertex 1.375 4.5 0.1
    endloop
endfacet
facet normal 0 1 0
    outer loop
        vertex 1.0201423 4.5 0.5784702
        vertex 1.0663416 4.5 0.5619398
        vertex 1.375 4.5 0.1
    endloop
endfacet
facet normal 0 1 0
    outer loop
        vertex 1.0663416 4.5 0.5619398
        vertex 1.1106983 4.5 0.5409606
        vertex 1.375 4.5 0.1
    endloop
endfacet
facet normal 0 1 0
    outer loop
        vertex 1.1106983 4.5 0.5409606
        vertex 1.1527852 4.5 0.5157348
        vertex 1.375 4.5 0.1
    endloop
endfacet
facet normal 0 1 0
    outer loop
        vertex 1.1527852 4.5 0.5157348
        vertex 1.1921966 4.5 0.48650524
        vertex 1.375 4.5 0.1
    endloop
endfacet
facet normal 0 1 0
    outer loop
        vertex 1.1921966 4.5 0.48650524
        vertex 1.2285534 4.5 0.4535534
        vertex 1.375 4.5 0.1
    endloop
endfacet
facet normal 0 1 0
    outer loop
        vertex 1.2285534 4.5 0.4535534
        vertex 1.2615051 4.5 0.41719666
        vertex 1.375 4.5 0.1
    endloop
endfacet
facet normal 0 1 0
    outer loop
        vertex 1.375 4.5 0.1
        vertex 1.2907348 4.5 0.3777851
        vertex 1.3159606 4.5 0.33569837
    endloop
endfacet
facet normal 0 1 0
    outer loop
        vertex 1.2615051 4.5 0.41719666
        vertex 1.2907348 4.5 0.3777851
        vertex 1.375 4.5 0.1
    endloop
endfacet
facet normal 0 1 0
    outer loop
        vertex 1.375 4.5 0.1
        vertex 1.3159606 4.5 0.33569837
        vertex 1.3369398 4.5 0.29134172
    endloop
endfacet
facet normal 0 1 0
    outer loop
        vertex 1.375 4.5 0.1
        vertex 1.3369398 4.5 0.29134172
        vertex 1.3534701 4.5 0.24514234
    endloop
endfacet
facet normal 0 1 0
    outer loop
        vertex 1.375 4.5 0.1
        vertex 1.3534701 4.5 0.24514234
        vertex 1.3653927 4.5 0.19754516
    endloop
endfacet
facet normal 0 1 0
    outer loop
        vertex 1.375 4.5 0.1
        vertex 1.3653927 4.5 0.19754516
        vertex 1.3725923 4.5 0.14900857
    endloop
endfacet
facet normal -0 0.99999994 0
    outer loop
        vertex 0.3774076 4.5 0.050991427
        vertex 1.375 4.5 0.1
        vertex 0.38460737 4.5 0.002454839
    endloop
endfacet
facet normal 0 -0.99999994 0
    outer loop
        vertex 1.3653927 -4.5 0.002454839
        vertex 1.3725923 -4.5 0.050991427
        vertex 1.375 -4.5 0.1
    endloop
endfacet
facet normal 0 -1 0
    outer loop
        vertex 1.3534701 -4.5 -0.045142338
        vertex 1.3653927 -4.5 0.002454839
        vertex 1.375 -4.5 0.1
    endloop
endfacet
facet normal 0 -1 0
    outer loop
        vertex 1.3369398 -4.5 -0.09134172
        vertex 1.3534701 -4.5 -0.045142338
        vertex 1.375 -4.5 0.1
    endloop
endfacet
facet normal 0 -1 0
    outer loop
        vertex 1.3159606 -4.5 -0.13569836
        vertex 1.3369398 -4.5 -0.09134172
        vertex 1.375 -4.5 0.1
    endloop
endfacet
facet normal 0 -1 0
    outer loop
        vertex 1.2907348 -4.5 -0.17778511
        vertex 1.3159606 -4.5 -0.13569836
        vertex 1.375 -4.5 0.1
    endloop
endfacet
facet normal 0 -1 0
    outer loop
        vertex 1.2615051 -4.5 -0.21719663
        vertex 1.2907348 -4.5 -0.17778511
        vertex 1.375 -4.5 0.1
    endloop
endfacet
facet normal 0 -1 0
    outer loop
        vertex 1.2285534 -4.5 -0.2535534
        vertex 1.2615051 -4.5 -0.21719663
        vertex 1.375 -4.5 0.1
    endloop
endfacet
facet normal 0 -1 0
    outer loop
        vertex 1.1921966 -4.5 -0.28650522
        vertex 1.2285534 -4.5 -0.2535534
        vertex 1.375 -4.5 0.1
    endloop
endfacet
facet normal 0 -1 0
    outer loop
        vertex 1.1527852 -4.5 -0.3157348
        vertex 1.1921966 -4.5 -0.28650522
        vertex 1.375 -4.5 0.1
    endloop
endfacet
facet normal 0 -1 0
    outer loop
        vertex 1.1106983 -4.5 -0.34096065
        vertex 1.1527852 -4.5 -0.3157348
        vertex 1.375 -4.5 0.1
    endloop
endfacet
facet normal 0 -1 0
    outer loop
        vertex 1.0663416 -4.5 -0.3619398
        vertex 1.1106983 -4.5 -0.34096065
        vertex 1.375 -4.5 0.1
    endloop
endfacet
facet normal -0 -1 0
    outer loop
        vertex 1.0201423 -4.5 -0.37847018
        vertex 1.375 -4.5 0.1
        vertex 0.9725452 -4.5 -0.39039263
    endloop
endfacet
facet normal 0 -1 0
    outer loop
        vertex 1.0201423 -4.5 -0.37847018
        vertex 1.0663416 -4.5 -0.3619398
        vertex 1.375 -4.5 0.1
    endloop
endfacet
facet normal -0 -1 0
    outer loop
        vertex 0.9725452 -4.5 -0.39039263
        vertex 1.375 -4.5 0.1
        vertex 0.92400855 -4.5 -0.39759234
    endloop
endfacet
facet normal -0 -0.99999994 0
    outer loop
        vertex 0.92400855 -4.5 -0.39759234
        vertex 1.375 -4.5 0.1
        vertex 0.875 -4.5 -0.4
    endloop
endfacet
facet normal 0 -1 0
    outer loop
        vertex 0.875 -4.5 -0.4
        vertex 1.375 -4.5 0.1
        vertex 0.82599145 -4.5 -0.39759234
    endloop
endfacet
facet normal 0 -1 0
    outer loop
        vertex 0.82599145 -4.5 -0.39759234
        vertex 1.375 -4.5 0.1
        vertex 0.7774548 -4.5 -0.39039263
    endloop
endfacet
facet normal 0 -1 0
    outer loop
        vertex 1.375 -4.5 0.1
        vertex 0.7298576 -4.5 -0.37847018
        vertex 0.7774548 -4.5 -0.39039263
    endloop
endfacet
facet normal 0 -1 0
    outer loop
        vertex 1.375 -4.5 0.1
        vertex 0.6836583 -4.5 -0.3619398
        vertex 0.7298576 -4.5 -0.37847018
    endloop
endfacet
facet normal 0 -1 0
    outer loop
        vertex 1.375 -4.5 0.1
        vertex 0.6393016 -4.5 -0.34096065
        vertex 0.6836583 -4.5 -0.3619398
    endloop
endfacet
facet normal 0 -0.99999994 0
    outer loop
        vertex 1.375 -4.5 0.1
        vertex 0.5972149 -4.5 -0.3157348
        vertex 0.6393016 -4.5 -0.34096065
    endloop
endfacet
facet normal 0 -1 0
    outer loop
        vertex 1.375 -4.5 0.1
        vertex 0.5578034 -4.5 -0.28650522
        vertex 0.5972149 -4.5 -0.3157348
    endloop
endfacet
facet normal 0 -0.99999994 0
    outer loop
        vertex 1.375 -4.5 0.1
        vertex 0.5214466 -4.5 -0.2535534
        vertex 0.5578034 -4.5 -0.28650522
    endloop
endfacet
facet normal 0 -1 0
    outer loop
        vertex 1.375 -4.5 0.1
        vertex 0.48849478 -4.5 -0.21719663
        vertex 0.5214466 -4.5 -0.2535534
    endloop
endfacet
facet normal 0 -1 0
    outer loop
        vertex 1.375 -4.5 0.1
        vertex 0.4592652 -4.5 -0.17778511
        vertex 0.48849478 -4.5 -0.21719663
    endloop
endfacet
facet normal 0 -0.99999994 0
    outer loop
        vertex 0.41306022 -4.5 -0.09134172
        vertex 0.43403935 -4.5 -0.13569836
        vertex 1.375 -4.5 0.1
    endloop
endfacet
facet normal 0 -1 0
    outer loop
        vertex 1.375 -4.5 0.1
        vertex 0.43403935 -4.5 -0.13569836
        vertex 0.4592652 -4.5 -0.17778511
    endloop
endfacet
facet normal 0 -1 0
    outer loop
        vertex 0.39652982 -4.5 -0.045142338
        vertex 0.41306022 -4.5 -0.09134172
        vertex 1.375 -4.5 0.1
    endloop
endfacet
facet normal 0 -1 0
    outer loop
        vertex 0.38460737 -4.5 0.002454839
        vertex 0.39652982 -4.5 -0.045142338
        vertex 1.375 -4.5 0.1
    endloop
endfacet
facet normal 0 -1 0
    outer loop
        vertex 0.3774076 -4.5 0.050991427
        vertex 1.375 -4.5 0.1
        vertex 0.375 -4.5 0.1
    endloop
endfacet
facet normal 0 -1 0
    outer loop
        vertex 0.375 -4.5 0.1
        vertex 1.375 -4.5 0.1
        vertex 0.3774076 -4.5 0.14900857
    endloop
endfacet
facet normal 0 -1 0
    outer loop
        vertex 0.3774076 -4.5 0.14900857
        vertex 1.375 -4.5 0.1
        vertex 0.38460737 -4.5 0.19754516
    endloop
endfacet
facet normal 0 -0.99999994 0
    outer loop
        vertex 1.375 -4.5 0.1
        vertex 0.39652982 -4.5 0.24514234
        vertex 0.38460737 -4.5 0.19754516
    endloop
endfacet
facet normal 0 -1 0
    outer loop
        vertex 1.375 -4.5 0.1
        vertex 0.41306022 -4.5 0.29134172
        vertex 0.39652982 -4.5 0.24514234
    endloop
endfacet
facet normal 0 -1 0
    outer loop
        vertex 1.375 -4.5 0.1
        vertex 0.43403935 -4.5 0.33569837
        vertex 0.41306022 -4.5 0.29134172
    endloop
endfacet
facet normal 0 -1 0
    outer loop
        vertex 1.375 -4.5 0.1
        vertex 0.4592652 -4.5 0.3777851
        vertex 0.43403935 -4.5 0.33569837
    endloop
endfacet
facet normal 0 -1 0
    outer loop
        vertex 1.375 -4.5 0.1
        vertex 0.48849478 -4.5 0.41719666
        vertex 0.4592652 -4.5 0.3777851
    endloop
endfacet
facet normal 0 -1 0
    outer loop
        vertex 1.375 -4.5 0.1
        vertex 0.5214466 -4.5 0.4535534
        vertex 0.48849478 -4.5 0.41719666
    endloop
endfacet
facet normal 0 -1 0
    outer loop
        vertex 1.375 -4.5 0.1
        vertex 0.5578034 -4.5 0.48650524
        vertex 0.5214466 -4.5 0.4535534
    endloop
endfacet
facet normal 0 -1 0
    outer loop
        vertex 1.375 -4.5 0.1
        vertex 0.5972149 -4.5 0.5157348
        vertex 0.5578034 -4.5 0.48650524
    endloop
endfacet
facet normal 0 -1 -0
    outer loop
        vertex 0.6836583 -4.5 0.5619398
        vertex 0.6393016 -4.5 0.5409606
        vertex 1.375 -4.5 0.1
    endloop
endfacet
facet normal 0 -1 0
    outer loop
        vertex 1.375 -4.5 0.1
        vertex 0.6393016 -4.5 0.5409606
        vertex 0.5972149 -4.5 0.5157348
    endloop
endfacet
facet normal 0 -1 -0
    outer loop
        vertex 0.7298576 -4.5 0.5784702
        vertex 0.6836583 -4.5 0.5619398
        vertex 1.375 -4.5 0.1
    endloop
endfacet
facet normal 0 -0.99999994 -0
    outer loop
        vertex 0.7774548 -4.5 0.59039265
        vertex 0.7298576 -4.5 0.5784702
        vertex 1.375 -4.5 0.1
    endloop
endfacet
facet normal 0 -1 -0
    outer loop
        vertex 0.82599145 -4.5 0.59759235
        vertex 0.7774548 -4.5 0.59039265
        vertex 1.375 -4.5 0.1
    endloop
endfacet
facet normal 0 -1 -0
    outer loop
        vertex 0.875 -4.5 0.59999996
        vertex 0.82599145 -4.5 0.59759235
        vertex 1.375 -4.5 0.1
    endloop
endfacet
facet normal -0 -1 -0
    outer loop
        vertex 0.92400855 -4.5 0.59759235
        vertex 0.875 -4.5 0.59999996
        vertex 1.375 -4.5 0.1
    endloop
endfacet
facet normal 0 -1 0
    outer loop
        vertex 0.92400855 -4.5 0.59759235
        vertex 1.375 -4.5 0.1
        vertex 0.9725452 -4.5 0.59039265
    endloop
endfacet
facet normal 0 -0.99999994 0
    outer loop
        vertex 0.9725452 -4.5 0.59039265
        vertex 1.375 -4.5 0.1
        vertex 1.0201423 -4.5 0.5784702
    endloop
endfacet
facet normal 0 -1 0
    outer loop
        vertex 1.0201423 -4.5 0.5784702
        vertex 1.375 -4.5 0.1
        vertex 1.0663416 -4.5 0.5619398
    endloop
endfacet
facet normal 0 -1 0
    outer loop
        vertex 1.0663416 -4.5 0.5619398
        vertex 1.375 -4.5 0.1
        vertex 1.1106983 -4.5 0.5409606
    endloop
endfacet
facet normal 0 -1 0
    outer loop
        vertex 1.1106983 -4.5 0.5409606
        vertex 1.375 -4.5 0.1
        vertex 1.1527852 -4.5 0.5157348
    endloop
endfacet
facet normal 0 -1 0
    outer loop
        vertex 1.1527852 -4.5 0.5157348
        vertex 1.375 -4.5 0.1
        vertex 1.1921966 -4.5 0.48650524
    endloop
endfacet
facet normal 0 -1 0
    outer loop
        vertex 1.1921966 -4.5 0.48650524
        vertex 1.375 -4.5 0.1
        vertex 1.2285534 -4.5 0.4535534
    endloop
endfacet
facet normal 0 -1 0
    outer loop
        vertex 1.2285534 -4.5 0.4535534
        vertex 1.375 -4.5 0.1
        vertex 1.2615051 -4.5 0.41719666
    endloop
endfacet
facet normal 0 -1 0
    outer loop
        vertex 1.375 -4.5 0.1
        vertex 1.3159606 -4.5 0.33569837
        vertex 1.2907348 -4.5 0.3777851
    endloop
endfacet
facet normal 0 -1 0
    outer loop
        vertex 1.2615051 -4.5 0.41719666
        vertex 1.375 -4.5 0.1
        vertex 1.2907348 -4.5 0.3777851
    endloop
endfacet
facet normal 0 -1 0
    outer loop
        vertex 1.375 -4.5 0.1
        vertex 1.3369398 -4.5 0.29134172
        vertex 1.3159606 -4.5 0.33569837
    endloop
endfacet
facet normal 0 -1 0
    outer loop
        vertex 1.375 -4.5 0.1
        vertex 1.3534701 -4.5 0.24514234
        vertex 1.3369398 -4.5 0.29134172
    endloop
endfacet
facet normal 0 -1 0
    outer loop
        vertex 1.375 -4.5 0.1
        vertex 1.3653927 -4.5 0.19754516
        vertex 1.3534701 -4.5 0.24514234
    endloop
endfacet
facet normal 0 -1 0
    outer loop
        vertex 1.375 -4.5 0.1
        vertex 1.3725923 -4.5 0.14900857
        vertex 1.3653927 -4.5 0.19754516
    endloop
endfacet
facet normal 0 -0.99999994 0
    outer loop
        vertex 0.3774076 -4.5 0.050991427
        vertex 0.38460737 -4.5 0.002454839
        vertex 1.375 -4.5 0.1
    endloop
endfacet
facet normal -0.99879551 0 0.04906714
    outer loop
        vertex 0.3774076 4.5 0.14900857
        vertex 0.375 4.5 0.1
        vertex 0.3774076 -4.5 0.14900857
    endloop
endfacet
facet normal -0.98917639 0 0.14673132
    outer loop
        vertex 0.38460737 4.5 0.19754516
        vertex 0.3774076 4.5 0.14900857
        vertex 0.3774076 -4.5 0.14900857
    endloop
endfacet
facet normal -0.97003138 0 0.24297971
    outer loop
        vertex 0.39652982 4.5 0.24514234
        vertex 0.38460737 4.5 0.19754516
        vertex 0.38460737 -4.5 0.19754516
    endloop
endfacet
facet normal -0.97003138 0 0.24297971
    outer loop
        vertex 0.39652982 -4.5 0.24514234
        vertex 0.39652982 4.5 0.24514234
        vertex 0.38460737 -4.5 0.19754516
    endloop
endfacet
facet normal -0.94154418 0 0.33688971
    outer loop
        vertex 0.41306022 -4.5 0.29134172
        vertex 0.41306022 4.5 0.29134172
        vertex 0.39652982 -4.5 0.24514234
    endloop
endfacet
facet normal -0.90398932 0 0.42755523
    outer loop
        vertex 0.41306022 -4.5 0.29134172
        vertex 0.43403935 4.5 0.33569837
        vertex 0.41306022 4.5 0.29134172
    endloop
endfacet
facet normal -0.85772824 0 0.51410329
    outer loop
        vertex 0.43403935 -4.5 0.33569837
        vertex 0.4592652 4.5 0.3777851
        vertex 0.43403935 4.5 0.33569837
    endloop
endfacet
facet normal -0.85772824 0 0.51410329
    outer loop
        vertex 0.43403935 -4.5 0.33569837
        vertex 0.4592652 -4.5 0.3777851
        vertex 0.4592652 4.5 0.3777851
    endloop
endfacet
facet normal -0.80320787 0 0.59569883
    outer loop
        vertex 0.4592652 -4.5 0.3777851
        vertex 0.48849478 -4.5 0.41719666
        vertex 0.48849478 4.5 0.41719666
    endloop
endfacet
facet normal -0.74095148 0 0.67155862
    outer loop
        vertex 0.48849478 4.5 0.41719666
        vertex 0.48849478 -4.5 0.41719666
        vertex 0.5214466 4.5 0.4535534
    endloop
endfacet
facet normal -0.67155832 0 0.74095172
    outer loop
        vertex 0.5214466 4.5 0.4535534
        vertex 0.5214466 -4.5 0.4535534
        vertex 0.5578034 4.5 0.48650524
    endloop
endfacet
facet normal -0.67155832 0 0.74095172
    outer loop
        vertex 0.5578034 4.5 0.48650524
        vertex 0.5214466 -4.5 0.4535534
        vertex 0.5578034 -4.5 0.48650524
    endloop
endfacet
facet normal -0.59569931 0 0.80320746
    outer loop
        vertex 0.5972149 4.5 0.5157348
        vertex 0.5578034 -4.5 0.48650524
        vertex 0.5972149 -4.5 0.5157348
    endloop
endfacet
facet normal -0.51410288 0 0.85772848
    outer loop
        vertex 0.6393016 4.5 0.5409606
        vertex 0.5972149 4.5 0.5157348
        vertex 0.5972149 -4.5 0.5157348
    endloop
endfacet
facet normal -0.42755526 0 0.90398932
    outer loop
        vertex 0.6836583 4.5 0.5619398
        vertex 0.6393016 4.5 0.5409606
        vertex 0.6393016 -4.5 0.5409606
    endloop
endfacet
facet normal -0.42755526 0 0.90398932
    outer loop
        vertex 0.6836583 -4.5 0.5619398
        vertex 0.6836583 4.5 0.5619398
        vertex 0.6393016 -4.5 0.5409606
    endloop
endfacet
facet normal -0.3368901 0 0.941544
    outer loop
        vertex 0.7298576 -4.5 0.5784702
        vertex 0.7298576 4.5 0.5784702
        vertex 0.6836583 -4.5 0.5619398
    endloop
endfacet
facet normal -0.24298036 0 0.97003132
    outer loop
        vertex 0.7298576 -4.5 0.5784702
        vertex 0.7774548 4.5 0.59039265
        vertex 0.7298576 4.5 0.5784702
    endloop
endfacet
facet normal -0.1467299 0 0.98917651
    outer loop
        vertex 0.7774548 -4.5 0.59039265
        vertex 0.82599145 4.5 0.59759235
        vertex 0.7774548 4.5 0.59039265
    endloop
endfacet
facet normal -0.1467299 0 0.98917651
    outer loop
        vertex 0.7774548 -4.5 0.59039265
        vertex 0.82599145 -4.5 0.59759235
        vertex 0.82599145 4.5 0.59759235
    endloop
endfacet
facet normal -0.04906717 0 0.99879557
    outer loop
        vertex 0.82599145 -4.5 0.59759235
        vertex 0.875 -4.5 0.59999996
        vertex 0.875 4.5 0.59999996
    endloop
endfacet
facet normal 0.04906717 0 0.99879557
    outer loop
        vertex 0.875 4.5 0.59999996
        vertex 0.875 -4.5 0.59999996
        vertex 0.92400855 4.5 0.59759235
    endloop
endfacet
facet normal 0.1467299 0 0.98917651
    outer loop
        vertex 0.92400855 4.5 0.59759235
        vertex 0.92400855 -4.5 0.59759235
        vertex 0.9725452 4.5 0.59039265
    endloop
endfacet
facet normal 0.1467299 0 0.98917651
    outer loop
        vertex 0.9725452 4.5 0.59039265
        vertex 0.92400855 -4.5 0.59759235
        vertex 0.9725452 -4.5 0.59039265
    endloop
endfacet
facet normal 0.24298061 0 0.97003108
    outer loop
        vertex 1.0201423 4.5 0.5784702
        vertex 0.9725452 -4.5 0.59039265
        vertex 1.0201423 -4.5 0.5784702
    endloop
endfacet
facet normal 0.3368901 0 0.941544
    outer loop
        vertex 1.0663416 4.5 0.5619398
        vertex 1.0201423 4.5 0.5784702
        vertex 1.0201423 -4.5 0.5784702
    endloop
endfacet
facet normal 0.42755526 0 0.90398932
    outer loop
        vertex 1.1106983 4.5 0.5409606
        vertex 1.0663416 4.5 0.5619398
        vertex 1.0663416 -4.5 0.5619398
    endloop
endfacet
facet normal 0.42755526 -0 0.90398932
    outer loop
        vertex 1.1106983 -4.5 0.5409606
        vertex 1.1106983 4.5 0.5409606
        vertex 1.0663416 -4.5 0.5619398
    endloop
endfacet
facet normal 0.5141018 -0 0.8577292
    outer loop
        vertex 1.1527852 -4.5 0.5157348
        vertex 1.1527852 4.5 0.5157348
        vertex 1.1106983 -4.5 0.5409606
    endloop
endfacet
facet normal 0.59569991 -0 0.8032071
    outer loop
        vertex 1.1527852 -4.5 0.5157348
        vertex 1.1921966 4.5 0.48650524
        vertex 1.1527852 4.5 0.5157348
    endloop
endfacet
facet normal 0.67155832 -0 0.74095172
    outer loop
        vertex 1.1921966 -4.5 0.48650524
        vertex 1.2285534 4.5 0.4535534
        vertex 1.1921966 4.5 0.48650524
    endloop
endfacet
facet normal 0.99879551 0 0.04906835
    outer loop
        vertex 1.3725923 -4.5 0.14900857
        vertex 1.375 -4.5 0.1
        vertex 1.375 4.5 0.1
    endloop
endfacet
facet normal 0.99879551 0 0.04906835
    outer loop
        vertex 1.3725923 4.5 0.14900857
        vertex 1.3725923 -4.5 0.14900857
        vertex 1.375 4.5 0.1
    endloop
endfacet
facet normal 0.98917669 0 0.14672893
    outer loop
        vertex 1.3725923 4.5 0.14900857
        vertex 1.3653927 -4.5 0.19754516
        vertex 1.3725923 -4.5 0.14900857
    endloop
endfacet
facet normal 0.98917669 0 0.14672893
    outer loop
        vertex 1.3725923 4.5 0.14900857
        vertex 1.3653927 4.5 0.19754516
        vertex 1.3653927 -4.5 0.19754516
    endloop
endfacet
facet normal 0.97003067 -0 0.24298257
    outer loop
        vertex 1.3653927 -4.5 0.19754516
        vertex 1.3653927 4.5 0.19754516
        vertex 1.3534701 -4.5 0.24514234
    endloop
endfacet
facet normal 0.97003067 -0 0.24298257
    outer loop
        vertex 1.3534701 -4.5 0.24514234
        vertex 1.3653927 4.5 0.19754516
        vertex 1.3534701 4.5 0.24514234
    endloop
endfacet
facet normal 0.94154483 -0 0.33688754
    outer loop
        vertex 1.3369398 -4.5 0.29134172
        vertex 1.3534701 4.5 0.24514234
        vertex 1.3369398 4.5 0.29134172
    endloop
endfacet
facet normal 0.90398902 0 0.42755571
    outer loop
        vertex 1.3159606 -4.5 0.33569837
        vertex 1.3369398 -4.5 0.29134172
        vertex 1.3369398 4.5 0.29134172
    endloop
endfacet
facet normal 0.90398902 0 0.42755571
    outer loop
        vertex 1.3159606 4.5 0.33569837
        vertex 1.3159606 -4.5 0.33569837
        vertex 1.3369398 4.5 0.29134172
    endloop
endfacet
facet normal 0.85772806 0 0.51410383
    outer loop
        vertex 1.3159606 4.5 0.33569837
        vertex 1.2907348 -4.5 0.3777851
        vertex 1.3159606 -4.5 0.33569837
    endloop
endfacet
facet normal 0.85772806 0 0.51410383
    outer loop
        vertex 1.3159606 4.5 0.33569837
        vertex 1.2907348 4.5 0.3777851
        vertex 1.2907348 -4.5 0.3777851
    endloop
endfacet
facet normal 0.80320734 -0 0.59569967
    outer loop
        vertex 1.2907348 -4.5 0.3777851
        vertex 1.2907348 4.5 0.3777851
        vertex 1.2615051 -4.5 0.41719666
    endloop
endfacet
facet normal 0.67155832 0 0.74095172
    outer loop
        vertex 1.2285534 4.5 0.4535534
        vertex 1.1921966 -4.5 0.48650524
        vertex 1.2285534 -4.5 0.4535534
    endloop
endfacet
facet normal 0.80320734 0 0.59569967
    outer loop
        vertex 1.2615051 4.5 0.41719666
        vertex 1.2615051 -4.5 0.41719666
        vertex 1.2907348 4.5 0.3777851
    endloop
endfacet
facet normal 0.74095237 0 0.67155755
    outer loop
        vertex 1.2615051 4.5 0.41719666
        vertex 1.2285534 -4.5 0.4535534
        vertex 1.2615051 -4.5 0.41719666
    endloop
endfacet
facet normal 0.74095237 0 0.67155755
    outer loop
        vertex 1.2615051 4.5 0.41719666
        vertex 1.2285534 4.5 0.4535534
        vertex 1.2285534 -4.5 0.4535534
    endloop
endfacet
facet normal 0.59569991 0 0.8032071
    outer loop
        vertex 1.1921966 4.5 0.48650524
        vertex 1.1527852 -4.5 0.5157348
        vertex 1.1921966 -4.5 0.48650524
    endloop
endfacet
facet normal 0.5141018 0 0.8577292
    outer loop
        vertex 1.1106983 4.5 0.5409606
        vertex 1.1106983 -4.5 0.5409606
        vertex 1.1527852 4.5 0.5157348
    endloop
endfacet
facet normal 0.3368901 0 0.941544
    outer loop
        vertex 1.0201423 -4.5 0.5784702
        vertex 1.0663416 -4.5 0.5619398
        vertex 1.0663416 4.5 0.5619398
    endloop
endfacet
facet normal 0.24298061 -0 0.97003108
    outer loop
        vertex 0.9725452 -4.5 0.59039265
        vertex 1.0201423 4.5 0.5784702
        vertex 0.9725452 4.5 0.59039265
    endloop
endfacet
facet normal 0.04906717 -0 0.99879557
    outer loop
        vertex 0.92400855 -4.5 0.59759235
        vertex 0.92400855 4.5 0.59759235
        vertex 0.875 -4.5 0.59999996
    endloop
endfacet
facet normal -0.04906717 0 0.99879557
    outer loop
        vertex 0.875 4.5 0.59999996
        vertex 0.82599145 4.5 0.59759235
        vertex 0.82599145 -4.5 0.59759235
    endloop
endfacet
facet normal -0.24298036 0 0.97003132
    outer loop
        vertex 0.7774548 4.5 0.59039265
        vertex 0.7298576 -4.5 0.5784702
        vertex 0.7774548 -4.5 0.59039265
    endloop
endfacet
facet normal -0.3368901 0 0.941544
    outer loop
        vertex 0.6836583 4.5 0.5619398
        vertex 0.6836583 -4.5 0.5619398
        vertex 0.7298576 4.5 0.5784702
    endloop
endfacet
facet normal -0.51410288 0 0.85772848
    outer loop
        vertex 0.5972149 -4.5 0.5157348
        vertex 0.6393016 -4.5 0.5409606
        vertex 0.6393016 4.5 0.5409606
    endloop
endfacet
facet normal -0.59569931 0 0.80320746
    outer loop
        vertex 0.5578034 -4.5 0.48650524
        vertex 0.5972149 4.5 0.5157348
        vertex 0.5578034 4.5 0.48650524
    endloop
endfacet
facet normal -0.74095148 0 0.67155862
    outer loop
        vertex 0.5214466 -4.5 0.4535534
        vertex 0.5214466 4.5 0.4535534
        vertex 0.48849478 -4.5 0.41719666
    endloop
endfacet
facet normal -0.80320787 0 0.59569883
    outer loop
        vertex 0.48849478 4.5 0.41719666
        vertex 0.4592652 4.5 0.3777851
        vertex 0.4592652 -4.5 0.3777851
    endloop
endfacet
facet normal -0.90398932 0 0.42755523
    outer loop
        vertex 0.43403935 4.5 0.33569837
        vertex 0.41306022 -4.5 0.29134172
        vertex 0.43403935 -4.5 0.33569837
    endloop
endfacet
facet normal -0.94154418 0 0.33688971
    outer loop
        vertex 0.39652982 4.5 0.24514234
        vertex 0.39652982 -4.5 0.24514234
        vertex 0.41306022 4.5 0.29134172
    endloop
endfacet
facet normal -0.99879551 0 0.04906714
    outer loop
        vertex 0.3774076 -4.5 0.14900857
        vertex 0.375 4.5 0.1
        vertex 0.375 -4.5 0.1
    endloop
endfacet
facet normal -0.98917639 0 0.14673132
    outer loop
        vertex 0.38460737 4.5 0.19754516
        vertex 0.3774076 -4.5 0.14900857
        vertex 0.38460737 -4.5 0.19754516
    endloop
endfacet
facet normal 0.94154483 -0 0.33688754
    outer loop
        vertex 1.3534701 -4.5 0.24514234
        vertex 1.3534701 4.5 0.24514234
        vertex 1.3369398 -4.5 0.29134172
    endloop
endfacet
facet normal 0 -1 -0
    outer loop
        vertex -0.655 -4.5 0.2
        vertex -0.875 -4.5 0
        vertex 0.875 -4.5 0.2
    endloop
endfacet
facet normal 0 -1 0
    outer loop
        vertex 0.875 -4.5 0.2
        vertex -0.875 -4.5 0
        vertex -0.675 -4.5 0
    endloop
endfacet
facet normal 0 -1 0
    outer loop
        vertex 0.875 -4.5 0.2
        vertex -0.675 -4.5 0
        vertex -0.655 -4.5 0
    endloop
endfacet
facet normal 0 -1 -0
    outer loop
        vertex 0.875 -4.5 0.2
        vertex -0.655 -4.5 0
        vertex 0.875 -4.5 0
    endloop
endfacet
facet normal 0 -1 0
    outer loop
        vertex -0.875 -4.5 0.2
        vertex -0.875 -4.5 0
        vertex -0.675 -4.5 0.2
    endloop
endfacet
facet normal 0 -1 -0
    outer loop
        vertex -0.675 -4.5 0.2
        vertex -0.875 -4.5 0
        vertex -0.655 -4.5 0.2
    endloop
endfacet
facet normal 1 -0 0
    outer loop
        vertex 0.875 -4.5 0.2
        vertex 0.875 -4.5 0
        vertex 0.875 4.5 0.2
    endloop
endfacet
facet normal 1 0 0
    outer loop
        vertex 0.875 4.5 0.2
        vertex 0.875 -4.5 0
        vertex 0.875 4.5 0
    endloop
endfacet
facet normal 0 1 0
    outer loop
        vertex -0.675 4.5 0.2
        vertex 0.875 4.5 0
        vertex -0.875 4.5 0.2
    endloop
endfacet
facet normal 0 1 0
    outer loop
        vertex -0.875 4.5 0.2
        vertex 0.875 4.5 0
        vertex -0.655 4.5 0
    endloop
endfacet
facet normal 0 1 0
    outer loop
        vertex -0.875 4.5 0.2
        vertex -0.655 4.5 0
        vertex -0.675 4.5 0
    endloop
endfacet
facet normal 0 1 0
    outer loop
        vertex -0.875 4.5 0.2
        vertex -0.675 4.5 0
        vertex -0.875 4.5 0
    endloop
endfacet
facet normal 0 1 0
    outer loop
        vertex 0.875 4.5 0.2
        vertex 0.875 4.5 0
        vertex -0.655 4.5 0.2
    endloop
endfacet
facet normal 0 1 0
    outer loop
        vertex -0.655 4.5 0.2
        vertex 0.875 4.5 0
        vertex -0.675 4.5 0.2
    endloop
endfacet
facet normal -1 -0 -0
    outer loop
        vertex -0.875 -0 0.2
        vertex -0.875 4.5 0
        vertex -0.875 -4.5 0.2
    endloop
endfacet
facet normal -1 0 0
    outer loop
        vertex -0.875 -4.5 0.2
        vertex -0.875 4.5 0
        vertex -0.875 -0 0
    endloop
endfacet
facet normal -1 0 0
    outer loop
        vertex -0.875 -4.5 0.2
        vertex -0.875 -0 0
        vertex -0.875 -4.5 0
    endloop
endfacet
facet normal -1 -0 -0
    outer loop
        vertex -0.875 4.5 0.2
        vertex -0.875 4.5 0
        vertex -0.875 -0 0.2
    endloop
endfacet
facet normal 0.98078752 -0.19507906 0
    outer loop
        vertex -0.6742388 -4.496173 0
        vertex -0.675 -4.5 0.2
        vertex -0.675 -4.5 0
    endloop
endfacet
facet normal 0.98078752 -0.19507906 0
    outer loop
        vertex -0.6742388 -4.496173 0.2
        vertex -0.675 -4.5 0.2
        vertex -0.6742388 -4.496173 0
    endloop
endfacet
facet normal 0.83144104 -0.55561298 0
    outer loop
        vertex -0.6742388 -4.496173 0.2
        vertex -0.6742388 -4.496173 0
        vertex -0.67207104 -4.492929 0
    endloop
endfacet
facet normal 0.83144104 -0.55561298 0
    outer loop
        vertex -0.6742388 -4.496173 0.2
        vertex -0.67207104 -4.492929 0
        vertex -0.67207104 -4.492929 0.2
    endloop
endfacet
facet normal 0.55556709 -0.83147162 0
    outer loop
        vertex -0.67207104 -4.492929 0
        vertex -0.6688268 -4.4907613 0
        vertex -0.67207104 -4.492929 0.2
    endloop
endfacet
facet normal 0.55556709 -0.83147162 0
    outer loop
        vertex -0.6688268 -4.4907613 0
        vertex -0.6688268 -4.4907613 0.2
        vertex -0.67207104 -4.492929 0.2
    endloop
endfacet
facet normal 0.19516715 -0.98076999 0
    outer loop
        vertex -0.665 -4.49 0
        vertex -0.6688268 -4.4907613 0.2
        vertex -0.6688268 -4.4907613 0
    endloop
endfacet
facet normal -0.9807846 -0.19509378 0
    outer loop
        vertex -0.655 -4.5 0
        vertex -0.655 -4.5 0.2
        vertex -0.65576124 -4.496173 0.2
    endloop
endfacet
facet normal -0.9807846 -0.19509378 -0
    outer loop
        vertex -0.65576124 -4.496173 0.2
        vertex -0.65576124 -4.496173 0
        vertex -0.655 -4.5 0
    endloop
endfacet
facet normal -0.83144814 -0.55560243 0
    outer loop
        vertex -0.65792894 -4.492929 0.2
        vertex -0.65576124 -4.496173 0
        vertex -0.65576124 -4.496173 0.2
    endloop
endfacet
facet normal -0.83144814 -0.55560243 0
    outer loop
        vertex -0.65792894 -4.492929 0
        vertex -0.65576124 -4.496173 0
        vertex -0.65792894 -4.492929 0.2
    endloop
endfacet
facet normal -0.55556709 -0.83147162 0
    outer loop
        vertex -0.65792894 -4.492929 0
        vertex -0.65792894 -4.492929 0.2
        vertex -0.66117316 -4.4907613 0.2
    endloop
endfacet
facet normal -0.55556709 -0.83147162 0
    outer loop
        vertex -0.65792894 -4.492929 0
        vertex -0.66117316 -4.4907613 0.2
        vertex -0.66117316 -4.4907613 0
    endloop
endfacet
facet normal -0.19516423 -0.98077053 -0
    outer loop
        vertex -0.66117316 -4.4907613 0.2
        vertex -0.665 -4.49 0.2
        vertex -0.66117316 -4.4907613 0
    endloop
endfacet
facet normal -0.19516423 -0.98077053 -0
    outer loop
        vertex -0.665 -4.49 0.2
        vertex -0.665 -4.49 0
        vertex -0.66117316 -4.4907613 0
    endloop
endfacet
facet normal 0.19516715 -0.98076999 0
    outer loop
        vertex -0.6688268 -4.4907613 0.2
        vertex -0.665 -4.49 0
        vertex -0.665 -4.49 0.2
    endloop
endfacet
facet normal 0.98078281 -0.19510244 0
    outer loop
        vertex -0.6742388 -4.022489 0
        vertex -0.675 -4.0263157 0.2
        vertex -0.675 -4.0263157 0
    endloop
endfacet
facet normal 0.98078281 -0.19510244 0
    outer loop
        vertex -0.6742388 -4.022489 0.2
        vertex -0.675 -4.0263157 0.2
        vertex -0.6742388 -4.022489 0
    endloop
endfacet
facet normal 0.83147877 -0.55555648 0
    outer loop
        vertex -0.6742388 -4.022489 0.2
        vertex -0.6742388 -4.022489 0
        vertex -0.67207104 -4.0192447 0
    endloop
endfacet
facet normal 0.83147877 -0.55555648 0
    outer loop
        vertex -0.6742388 -4.022489 0.2
        vertex -0.67207104 -4.0192447 0
        vertex -0.67207104 -4.0192447 0.2
    endloop
endfacet
facet normal 0.55556709 -0.83147162 0
    outer loop
        vertex -0.67207104 -4.0192447 0
        vertex -0.6688268 -4.017077 0
        vertex -0.67207104 -4.0192447 0.2
    endloop
endfacet
facet normal 0.55556709 -0.83147162 0
    outer loop
        vertex -0.6688268 -4.017077 0
        vertex -0.6688268 -4.017077 0.2
        vertex -0.67207104 -4.0192447 0.2
    endloop
endfacet
facet normal 0.1950496 -0.98079336 0
    outer loop
        vertex -0.665 -4.016316 0
        vertex -0.6688268 -4.017077 0.2
        vertex -0.6688268 -4.017077 0
    endloop
endfacet
facet normal -0.98077989 -0.19511716 0
    outer loop
        vertex -0.655 -4.0263157 0
        vertex -0.655 -4.0263157 0.2
        vertex -0.65576124 -4.022489 0.2
    endloop
endfacet
facet normal -0.98077989 -0.19511716 -0
    outer loop
        vertex -0.65576124 -4.022489 0.2
        vertex -0.65576124 -4.022489 0
        vertex -0.655 -4.0263157 0
    endloop
endfacet
facet normal -0.83148581 -0.55554593 0
    outer loop
        vertex -0.65792894 -4.0192447 0.2
        vertex -0.65576124 -4.022489 0
        vertex -0.65576124 -4.022489 0.2
    endloop
endfacet
facet normal -0.83148581 -0.55554593 0
    outer loop
        vertex -0.65792894 -4.0192447 0
        vertex -0.65576124 -4.022489 0
        vertex -0.65792894 -4.0192447 0.2
    endloop
endfacet
facet normal -0.55556709 -0.83147162 0
    outer loop
        vertex -0.65792894 -4.0192447 0
        vertex -0.65792894 -4.0192447 0.2
        vertex -0.66117316 -4.017077 0.2
    endloop
endfacet
facet normal -0.55556709 -0.83147162 0
    outer loop
        vertex -0.65792894 -4.0192447 0
        vertex -0.66117316 -4.017077 0.2
        vertex -0.66117316 -4.017077 0
    endloop
endfacet
facet normal -0.19504668 -0.98079389 -0
    outer loop
        vertex -0.66117316 -4.017077 0.2
        vertex -0.665 -4.016316 0.2
        vertex -0.66117316 -4.017077 0
    endloop
endfacet
facet normal -0.19504668 -0.98079389 -0
    outer loop
        vertex -0.665 -4.016316 0.2
        vertex -0.665 -4.016316 0
        vertex -0.66117316 -4.017077 0
    endloop
endfacet
facet normal 0.1950496 -0.98079336 0
    outer loop
        vertex -0.6688268 -4.017077 0.2
        vertex -0.665 -4.016316 0
        vertex -0.665 -4.016316 0.2
    endloop
endfacet
facet normal 0.98078519 -0.19509077 0
    outer loop
        vertex -0.6742388 -3.5488048 0
        vertex -0.675 -3.5526316 0.2
        vertex -0.675 -3.5526316 0
    endloop
endfacet
facet normal 0.98078519 -0.19509077 0
    outer loop
        vertex -0.6742388 -3.5488048 0.2
        vertex -0.675 -3.5526316 0.2
        vertex -0.6742388 -3.5488048 0
    endloop
endfacet
facet normal 0.83145988 -0.55558473 0
    outer loop
        vertex -0.6742388 -3.5488048 0.2
        vertex -0.6742388 -3.5488048 0
        vertex -0.67207104 -3.5455606 0
    endloop
endfacet
facet normal 0.83145988 -0.55558473 0
    outer loop
        vertex -0.6742388 -3.5488048 0.2
        vertex -0.67207104 -3.5455606 0
        vertex -0.67207104 -3.5455606 0.2
    endloop
endfacet
facet normal 0.55556709 -0.83147162 0
    outer loop
        vertex -0.67207104 -3.5455606 0
        vertex -0.6688268 -3.543393 0
        vertex -0.67207104 -3.5455606 0.2
    endloop
endfacet
facet normal 0.55556709 -0.83147162 0
    outer loop
        vertex -0.6688268 -3.543393 0
        vertex -0.6688268 -3.543393 0.2
        vertex -0.67207104 -3.5455606 0.2
    endloop
endfacet
facet normal 0.19510838 -0.98078167 0
    outer loop
        vertex -0.665 -3.5426316 0
        vertex -0.6688268 -3.543393 0.2
        vertex -0.6688268 -3.543393 0
    endloop
endfacet
facet normal -0.98078221 -0.19510546 0
    outer loop
        vertex -0.655 -3.5526316 0
        vertex -0.655 -3.5526316 0.2
        vertex -0.65576124 -3.5488048 0.2
    endloop
endfacet
facet normal -0.98078221 -0.19510546 -0
    outer loop
        vertex -0.65576124 -3.5488048 0.2
        vertex -0.65576124 -3.5488048 0
        vertex -0.655 -3.5526316 0
    endloop
endfacet
facet normal -0.83146691 -0.55557412 0
    outer loop
        vertex -0.65792894 -3.5455606 0.2
        vertex -0.65576124 -3.5488048 0
        vertex -0.65576124 -3.5488048 0.2
    endloop
endfacet
facet normal -0.83146691 -0.55557412 0
    outer loop
        vertex -0.65792894 -3.5455606 0
        vertex -0.65576124 -3.5488048 0
        vertex -0.65792894 -3.5455606 0.2
    endloop
endfacet
facet normal -0.55556709 -0.83147162 0
    outer loop
        vertex -0.65792894 -3.5455606 0
        vertex -0.65792894 -3.5455606 0.2
        vertex -0.66117316 -3.543393 0.2
    endloop
endfacet
facet normal -0.55556709 -0.83147162 0
    outer loop
        vertex -0.65792894 -3.5455606 0
        vertex -0.66117316 -3.543393 0.2
        vertex -0.66117316 -3.543393 0
    endloop
endfacet
facet normal -0.19510546 -0.98078221 -0
    outer loop
        vertex -0.66117316 -3.543393 0.2
        vertex -0.665 -3.5426316 0.2
        vertex -0.66117316 -3.543393 0
    endloop
endfacet
facet normal -0.19510546 -0.98078221 -0
    outer loop
        vertex -0.665 -3.5426316 0.2
        vertex -0.665 -3.5426316 0
        vertex -0.66117316 -3.543393 0
    endloop
endfacet
facet normal 0.19510838 -0.98078167 0
    outer loop
        vertex -0.6688268 -3.543393 0.2
        vertex -0.665 -3.5426316 0
        vertex -0.665 -3.5426316 0.2
    endloop
endfacet
facet normal 0.98078519 -0.19509077 0
    outer loop
        vertex -0.6742388 -3.0751207 0
        vertex -0.675 -3.0789475 0.2
        vertex -0.675 -3.0789475 0
    endloop
endfacet
facet normal 0.98078519 -0.19509077 0
    outer loop
        vertex -0.6742388 -3.0751207 0.2
        vertex -0.675 -3.0789475 0.2
        vertex -0.6742388 -3.0751207 0
    endloop
endfacet
facet normal 0.83145988 -0.55558473 0
    outer loop
        vertex -0.6742388 -3.0751207 0.2
        vertex -0.6742388 -3.0751207 0
        vertex -0.67207104 -3.0718765 0
    endloop
endfacet
facet normal 0.83145988 -0.55558473 0
    outer loop
        vertex -0.6742388 -3.0751207 0.2
        vertex -0.67207104 -3.0718765 0
        vertex -0.67207104 -3.0718765 0.2
    endloop
endfacet
facet normal 0.55565161 -0.83141524 0
    outer loop
        vertex -0.67207104 -3.0718765 0
        vertex -0.6688268 -3.0697083 0
        vertex -0.67207104 -3.0718765 0.2
    endloop
endfacet
facet normal 0.55565161 -0.83141524 0
    outer loop
        vertex -0.6688268 -3.0697083 0
        vertex -0.6688268 -3.0697083 0.2
        vertex -0.67207104 -3.0718765 0.2
    endloop
endfacet
facet normal 0.1950496 -0.98079336 0
    outer loop
        vertex -0.665 -3.0689473 0
        vertex -0.6688268 -3.0697083 0.2
        vertex -0.6688268 -3.0697083 0
    endloop
endfacet
facet normal -0.98078221 -0.19510546 0
    outer loop
        vertex -0.655 -3.0789475 0
        vertex -0.655 -3.0789475 0.2
        vertex -0.65576124 -3.0751207 0.2
    endloop
endfacet
facet normal -0.98078221 -0.19510546 -0
    outer loop
        vertex -0.65576124 -3.0751207 0.2
        vertex -0.65576124 -3.0751207 0
        vertex -0.655 -3.0789475 0
    endloop
endfacet
facet normal -0.83146691 -0.55557412 0
    outer loop
        vertex -0.65792894 -3.0718765 0.2
        vertex -0.65576124 -3.0751207 0
        vertex -0.65576124 -3.0751207 0.2
    endloop
endfacet
facet normal -0.83146691 -0.55557412 0
    outer loop
        vertex -0.65792894 -3.0718765 0
        vertex -0.65576124 -3.0751207 0
        vertex -0.65792894 -3.0718765 0.2
    endloop
endfacet
facet normal -0.55565161 -0.83141524 0
    outer loop
        vertex -0.65792894 -3.0718765 0
        vertex -0.65792894 -3.0718765 0.2
        vertex -0.66117316 -3.0697083 0.2
    endloop
endfacet
facet normal -0.55565161 -0.83141524 0
    outer loop
        vertex -0.65792894 -3.0718765 0
        vertex -0.66117316 -3.0697083 0.2
        vertex -0.66117316 -3.0697083 0
    endloop
endfacet
facet normal -0.19504668 -0.98079389 -0
    outer loop
        vertex -0.66117316 -3.0697083 0.2
        vertex -0.665 -3.0689473 0.2
        vertex -0.66117316 -3.0697083 0
    endloop
endfacet
facet normal -0.19504668 -0.98079389 -0
    outer loop
        vertex -0.665 -3.0689473 0.2
        vertex -0.665 -3.0689473 0
        vertex -0.66117316 -3.0697083 0
    endloop
endfacet
facet normal 0.1950496 -0.98079336 0
    outer loop
        vertex -0.6688268 -3.0697083 0.2
        vertex -0.665 -3.0689473 0
        vertex -0.665 -3.0689473 0.2
    endloop
endfacet
facet normal 0.98078752 -0.19507906 0
    outer loop
        vertex -0.6742388 -2.6014361 0
        vertex -0.675 -2.6052632 0.2
        vertex -0.675 -2.6052632 0
    endloop
endfacet
facet normal 0.98078752 -0.19507906 0
    outer loop
        vertex -0.6742388 -2.6014361 0.2
        vertex -0.675 -2.6052632 0.2
        vertex -0.6742388 -2.6014361 0
    endloop
endfacet
facet normal 0.83145988 -0.55558473 0
    outer loop
        vertex -0.6742388 -2.6014361 0.2
        vertex -0.6742388 -2.6014361 0
        vertex -0.67207104 -2.598192 0
    endloop
endfacet
facet normal 0.83145988 -0.55558473 0
    outer loop
        vertex -0.6742388 -2.6014361 0.2
        vertex -0.67207104 -2.598192 0
        vertex -0.67207104 -2.598192 0.2
    endloop
endfacet
facet normal 0.55556709 -0.83147162 0
    outer loop
        vertex -0.67207104 -2.598192 0
        vertex -0.6688268 -2.5960243 0
        vertex -0.67207104 -2.598192 0.2
    endloop
endfacet
facet normal 0.55556709 -0.83147162 0
    outer loop
        vertex -0.6688268 -2.5960243 0
        vertex -0.6688268 -2.5960243 0.2
        vertex -0.67207104 -2.598192 0.2
    endloop
endfacet
facet normal 0.19510838 -0.98078167 0
    outer loop
        vertex -0.665 -2.595263 0
        vertex -0.6688268 -2.5960243 0.2
        vertex -0.6688268 -2.5960243 0
    endloop
endfacet
facet normal -0.9807846 -0.19509378 0
    outer loop
        vertex -0.655 -2.6052632 0
        vertex -0.655 -2.6052632 0.2
        vertex -0.65576124 -2.6014361 0.2
    endloop
endfacet
facet normal -0.9807846 -0.19509378 -0
    outer loop
        vertex -0.65576124 -2.6014361 0.2
        vertex -0.65576124 -2.6014361 0
        vertex -0.655 -2.6052632 0
    endloop
endfacet
facet normal -0.83146691 -0.55557412 0
    outer loop
        vertex -0.65792894 -2.598192 0.2
        vertex -0.65576124 -2.6014361 0
        vertex -0.65576124 -2.6014361 0.2
    endloop
endfacet
facet normal -0.83146691 -0.55557412 0
    outer loop
        vertex -0.65792894 -2.598192 0
        vertex -0.65576124 -2.6014361 0
        vertex -0.65792894 -2.598192 0.2
    endloop
endfacet
facet normal -0.55556709 -0.83147162 0
    outer loop
        vertex -0.65792894 -2.598192 0
        vertex -0.65792894 -2.598192 0.2
        vertex -0.66117316 -2.5960243 0.2
    endloop
endfacet
facet normal -0.55556709 -0.83147162 0
    outer loop
        vertex -0.65792894 -2.598192 0
        vertex -0.66117316 -2.5960243 0.2
        vertex -0.66117316 -2.5960243 0
    endloop
endfacet
facet normal -0.19510546 -0.98078221 -0
    outer loop
        vertex -0.66117316 -2.5960243 0.2
        vertex -0.665 -2.595263 0.2
        vertex -0.66117316 -2.5960243 0
    endloop
endfacet
facet normal -0.19510546 -0.98078221 -0
    outer loop
        vertex -0.665 -2.595263 0.2
        vertex -0.665 -2.595263 0
        vertex -0.66117316 -2.5960243 0
    endloop
endfacet
facet normal 0.19510838 -0.98078167 0
    outer loop
        vertex -0.6688268 -2.5960243 0.2
        vertex -0.665 -2.595263 0
        vertex -0.665 -2.595263 0.2
    endloop
endfacet
facet normal 0.98078519 -0.19509077 0
    outer loop
        vertex -0.6742388 -2.127752 0
        vertex -0.675 -2.131579 0.2
        vertex -0.675 -2.131579 0
    endloop
endfacet
facet normal 0.98078519 -0.19509077 0
    outer loop
        vertex -0.6742388 -2.127752 0.2
        vertex -0.675 -2.131579 0.2
        vertex -0.6742388 -2.127752 0
    endloop
endfacet
facet normal 0.83145988 -0.55558473 0
    outer loop
        vertex -0.6742388 -2.127752 0.2
        vertex -0.6742388 -2.127752 0
        vertex -0.67207104 -2.124508 0
    endloop
endfacet
facet normal 0.83145988 -0.55558473 0
    outer loop
        vertex -0.6742388 -2.127752 0.2
        vertex -0.67207104 -2.124508 0
        vertex -0.67207104 -2.124508 0.2
    endloop
endfacet
facet normal 0.55556709 -0.83147162 0
    outer loop
        vertex -0.67207104 -2.124508 0
        vertex -0.6688268 -2.1223402 0
        vertex -0.67207104 -2.124508 0.2
    endloop
endfacet
facet normal 0.55556709 -0.83147162 0
    outer loop
        vertex -0.6688268 -2.1223402 0
        vertex -0.6688268 -2.1223402 0.2
        vertex -0.67207104 -2.124508 0.2
    endloop
endfacet
facet normal 0.19510838 -0.98078167 0
    outer loop
        vertex -0.665 -2.121579 0
        vertex -0.6688268 -2.1223402 0.2
        vertex -0.6688268 -2.1223402 0
    endloop
endfacet
facet normal -0.98078221 -0.19510546 0
    outer loop
        vertex -0.655 -2.131579 0
        vertex -0.655 -2.131579 0.2
        vertex -0.65576124 -2.127752 0.2
    endloop
endfacet
facet normal -0.98078221 -0.19510546 -0
    outer loop
        vertex -0.65576124 -2.127752 0.2
        vertex -0.65576124 -2.127752 0
        vertex -0.655 -2.131579 0
    endloop
endfacet
facet normal -0.83146691 -0.55557412 0
    outer loop
        vertex -0.65792894 -2.124508 0.2
        vertex -0.65576124 -2.127752 0
        vertex -0.65576124 -2.127752 0.2
    endloop
endfacet
facet normal -0.83146691 -0.55557412 0
    outer loop
        vertex -0.65792894 -2.124508 0
        vertex -0.65576124 -2.127752 0
        vertex -0.65792894 -2.124508 0.2
    endloop
endfacet
facet normal -0.55556709 -0.83147162 0
    outer loop
        vertex -0.65792894 -2.124508 0
        vertex -0.65792894 -2.124508 0.2
        vertex -0.66117316 -2.1223402 0.2
    endloop
endfacet
facet normal -0.55556709 -0.83147162 0
    outer loop
        vertex -0.65792894 -2.124508 0
        vertex -0.66117316 -2.1223402 0.2
        vertex -0.66117316 -2.1223402 0
    endloop
endfacet
facet normal -0.19510546 -0.98078221 -0
    outer loop
        vertex -0.66117316 -2.1223402 0.2
        vertex -0.665 -2.121579 0.2
        vertex -0.66117316 -2.1223402 0
    endloop
endfacet
facet normal -0.19510546 -0.98078221 -0
    outer loop
        vertex -0.665 -2.121579 0.2
        vertex -0.665 -2.121579 0
        vertex -0.66117316 -2.1223402 0
    endloop
endfacet
facet normal 0.19510838 -0.98078167 0
    outer loop
        vertex -0.6688268 -2.1223402 0.2
        vertex -0.665 -2.121579 0
        vertex -0.665 -2.121579 0.2
    endloop
endfacet
facet normal 0.98078519 -0.19509077 0
    outer loop
        vertex -0.6742388 -1.6540679 0
        vertex -0.675 -1.6578947 0.2
        vertex -0.675 -1.6578947 0
    endloop
endfacet
facet normal 0.98078519 -0.19509077 0
    outer loop
        vertex -0.6742388 -1.6540679 0.2
        vertex -0.675 -1.6578947 0.2
        vertex -0.6742388 -1.6540679 0
    endloop
endfacet
facet normal 0.83145988 -0.55558473 0
    outer loop
        vertex -0.6742388 -1.6540679 0.2
        vertex -0.6742388 -1.6540679 0
        vertex -0.67207104 -1.6508237 0
    endloop
endfacet
facet normal 0.83145988 -0.55558473 0
    outer loop
        vertex -0.6742388 -1.6540679 0.2
        vertex -0.67207104 -1.6508237 0
        vertex -0.67207104 -1.6508237 0.2
    endloop
endfacet
facet normal 0.55556709 -0.83147162 0
    outer loop
        vertex -0.67207104 -1.6508237 0
        vertex -0.6688268 -1.648656 0
        vertex -0.67207104 -1.6508237 0.2
    endloop
endfacet
facet normal 0.55556709 -0.83147162 0
    outer loop
        vertex -0.6688268 -1.648656 0
        vertex -0.6688268 -1.648656 0.2
        vertex -0.67207104 -1.6508237 0.2
    endloop
endfacet
facet normal 0.19510838 -0.98078167 0
    outer loop
        vertex -0.665 -1.6478947 0
        vertex -0.6688268 -1.648656 0.2
        vertex -0.6688268 -1.648656 0
    endloop
endfacet
facet normal -0.98078221 -0.19510546 0
    outer loop
        vertex -0.655 -1.6578947 0
        vertex -0.655 -1.6578947 0.2
        vertex -0.65576124 -1.6540679 0.2
    endloop
endfacet
facet normal -0.98078221 -0.19510546 -0
    outer loop
        vertex -0.65576124 -1.6540679 0.2
        vertex -0.65576124 -1.6540679 0
        vertex -0.655 -1.6578947 0
    endloop
endfacet
facet normal -0.83146691 -0.55557412 0
    outer loop
        vertex -0.65792894 -1.6508237 0.2
        vertex -0.65576124 -1.6540679 0
        vertex -0.65576124 -1.6540679 0.2
    endloop
endfacet
facet normal -0.83146691 -0.55557412 0
    outer loop
        vertex -0.65792894 -1.6508237 0
        vertex -0.65576124 -1.6540679 0
        vertex -0.65792894 -1.6508237 0.2
    endloop
endfacet
facet normal -0.55556709 -0.83147162 0
    outer loop
        vertex -0.65792894 -1.6508237 0
        vertex -0.65792894 -1.6508237 0.2
        vertex -0.66117316 -1.648656 0.2
    endloop
endfacet
facet normal -0.55556709 -0.83147162 0
    outer loop
        vertex -0.65792894 -1.6508237 0
        vertex -0.66117316 -1.648656 0.2
        vertex -0.66117316 -1.648656 0
    endloop
endfacet
facet normal -0.19510546 -0.98078221 -0
    outer loop
        vertex -0.66117316 -1.648656 0.2
        vertex -0.665 -1.6478947 0.2
        vertex -0.66117316 -1.648656 0
    endloop
endfacet
facet normal -0.19510546 -0.98078221 -0
    outer loop
        vertex -0.665 -1.6478947 0.2
        vertex -0.665 -1.6478947 0
        vertex -0.66117316 -1.648656 0
    endloop
endfacet
facet normal 0.19510838 -0.98078167 0
    outer loop
        vertex -0.6688268 -1.648656 0.2
        vertex -0.665 -1.6478947 0
        vertex -0.665 -1.6478947 0.2
    endloop
endfacet
facet normal 0.98078519 -0.19509077 0
    outer loop
        vertex -0.6742388 -1.1803837 0
        vertex -0.675 -1.1842105 0.2
        vertex -0.675 -1.1842105 0
    endloop
endfacet
facet normal 0.98078519 -0.19509077 0
    outer loop
        vertex -0.6742388 -1.1803837 0.2
        vertex -0.675 -1.1842105 0.2
        vertex -0.6742388 -1.1803837 0
    endloop
endfacet
facet normal 0.83146936 -0.5555706 0
    outer loop
        vertex -0.6742388 -1.1803837 0.2
        vertex -0.6742388 -1.1803837 0
        vertex -0.67207104 -1.1771394 0
    endloop
endfacet
facet normal 0.83146936 -0.5555706 0
    outer loop
        vertex -0.6742388 -1.1803837 0.2
        vertex -0.67207104 -1.1771394 0
        vertex -0.67207104 -1.1771394 0.2
    endloop
endfacet
facet normal 0.55556709 -0.83147162 0
    outer loop
        vertex -0.67207104 -1.1771394 0
        vertex -0.6688268 -1.1749717 0
        vertex -0.67207104 -1.1771394 0.2
    endloop
endfacet
facet normal 0.55556709 -0.83147162 0
    outer loop
        vertex -0.6688268 -1.1749717 0
        vertex -0.6688268 -1.1749717 0.2
        vertex -0.67207104 -1.1771394 0.2
    endloop
endfacet
facet normal 0.195079 -0.98078758 0
    outer loop
        vertex -0.665 -1.1742105 0
        vertex -0.6688268 -1.1749717 0.2
        vertex -0.6688268 -1.1749717 0
    endloop
endfacet
facet normal -0.98078221 -0.19510546 0
    outer loop
        vertex -0.655 -1.1842105 0
        vertex -0.655 -1.1842105 0.2
        vertex -0.65576124 -1.1803837 0.2
    endloop
endfacet
facet normal -0.98078221 -0.19510546 -0
    outer loop
        vertex -0.65576124 -1.1803837 0.2
        vertex -0.65576124 -1.1803837 0
        vertex -0.655 -1.1842105 0
    endloop
endfacet
facet normal -0.83147639 -0.55556005 0
    outer loop
        vertex -0.65792894 -1.1771394 0.2
        vertex -0.65576124 -1.1803837 0
        vertex -0.65576124 -1.1803837 0.2
    endloop
endfacet
facet normal -0.83147639 -0.55556005 0
    outer loop
        vertex -0.65792894 -1.1771394 0
        vertex -0.65576124 -1.1803837 0
        vertex -0.65792894 -1.1771394 0.2
    endloop
endfacet
facet normal -0.55556709 -0.83147162 0
    outer loop
        vertex -0.65792894 -1.1771394 0
        vertex -0.65792894 -1.1771394 0.2
        vertex -0.66117316 -1.1749717 0.2
    endloop
endfacet
facet normal -0.55556709 -0.83147162 0
    outer loop
        vertex -0.65792894 -1.1771394 0
        vertex -0.66117316 -1.1749717 0.2
        vertex -0.66117316 -1.1749717 0
    endloop
endfacet
facet normal -0.19507608 -0.98078811 -0
    outer loop
        vertex -0.66117316 -1.1749717 0.2
        vertex -0.665 -1.1742105 0.2
        vertex -0.66117316 -1.1749717 0
    endloop
endfacet
facet normal -0.19507608 -0.98078811 -0
    outer loop
        vertex -0.665 -1.1742105 0.2
        vertex -0.665 -1.1742105 0
        vertex -0.66117316 -1.1749717 0
    endloop
endfacet
facet normal 0.195079 -0.98078758 0
    outer loop
        vertex -0.6688268 -1.1749717 0.2
        vertex -0.665 -1.1742105 0
        vertex -0.665 -1.1742105 0.2
    endloop
endfacet
facet normal 0.98078519 -0.19509077 0
    outer loop
        vertex -0.6742388 -0.70669943 0
        vertex -0.675 -0.7105263 0.2
        vertex -0.675 -0.7105263 0
    endloop
endfacet
facet normal 0.98078519 -0.19509077 0
    outer loop
        vertex -0.6742388 -0.70669943 0.2
        vertex -0.675 -0.7105263 0.2
        vertex -0.6742388 -0.70669943 0
    endloop
endfacet
facet normal 0.83146459 -0.5555777 0
    outer loop
        vertex -0.6742388 -0.70669943 0.2
        vertex -0.6742388 -0.70669943 0
        vertex -0.67207104 -0.7034552 0
    endloop
endfacet
facet normal 0.83146459 -0.5555777 0
    outer loop
        vertex -0.6742388 -0.70669943 0.2
        vertex -0.67207104 -0.7034552 0
        vertex -0.67207104 -0.7034552 0.2
    endloop
endfacet
facet normal 0.55556709 -0.83147162 0
    outer loop
        vertex -0.67207104 -0.7034552 0
        vertex -0.6688268 -0.7012875 0
        vertex -0.67207104 -0.7034552 0.2
    endloop
endfacet
facet normal 0.55556709 -0.83147162 0
    outer loop
        vertex -0.6688268 -0.7012875 0
        vertex -0.6688268 -0.7012875 0.2
        vertex -0.67207104 -0.7034552 0.2
    endloop
endfacet
facet normal 0.19509368 -0.9807846 0
    outer loop
        vertex -0.665 -0.7005263 0
        vertex -0.6688268 -0.7012875 0.2
        vertex -0.6688268 -0.7012875 0
    endloop
endfacet
facet normal -0.98078221 -0.19510546 0
    outer loop
        vertex -0.655 -0.7105263 0
        vertex -0.655 -0.7105263 0.2
        vertex -0.65576124 -0.70669943 0.2
    endloop
endfacet
facet normal -0.98078221 -0.19510546 -0
    outer loop
        vertex -0.65576124 -0.70669943 0.2
        vertex -0.65576124 -0.70669943 0
        vertex -0.655 -0.7105263 0
    endloop
endfacet
facet normal -0.83147162 -0.55556709 0
    outer loop
        vertex -0.65792894 -0.7034552 0.2
        vertex -0.65576124 -0.70669943 0
        vertex -0.65576124 -0.70669943 0.2
    endloop
endfacet
facet normal -0.83147162 -0.55556709 0
    outer loop
        vertex -0.65792894 -0.7034552 0
        vertex -0.65576124 -0.70669943 0
        vertex -0.65792894 -0.7034552 0.2
    endloop
endfacet
facet normal -0.55556709 -0.83147162 0
    outer loop
        vertex -0.65792894 -0.7034552 0
        vertex -0.65792894 -0.7034552 0.2
        vertex -0.66117316 -0.7012875 0.2
    endloop
endfacet
facet normal -0.55556709 -0.83147162 0
    outer loop
        vertex -0.65792894 -0.7034552 0
        vertex -0.66117316 -0.7012875 0.2
        vertex -0.66117316 -0.7012875 0
    endloop
endfacet
facet normal -0.19509077 -0.98078519 -0
    outer loop
        vertex -0.66117316 -0.7012875 0.2
        vertex -0.665 -0.7005263 0.2
        vertex -0.66117316 -0.7012875 0
    endloop
endfacet
facet normal -0.19509077 -0.98078519 -0
    outer loop
        vertex -0.665 -0.7005263 0.2
        vertex -0.665 -0.7005263 0
        vertex -0.66117316 -0.7012875 0
    endloop
endfacet
facet normal 0.19509368 -0.9807846 0
    outer loop
        vertex -0.6688268 -0.7012875 0.2
        vertex -0.665 -0.7005263 0
        vertex -0.665 -0.7005263 0.2
    endloop
endfacet
facet normal 0.98078489 -0.19509222 0
    outer loop
        vertex -0.6742388 -0.23301528 0
        vertex -0.675 -0.23684211 0.2
        vertex -0.675 -0.23684211 0
    endloop
endfacet
facet normal 0.98078489 -0.19509222 0
    outer loop
        vertex -0.6742388 -0.23301528 0.2
        vertex -0.675 -0.23684211 0.2
        vertex -0.6742388 -0.23301528 0
    endloop
endfacet
facet normal 0.83146703 -0.55557418 0
    outer loop
        vertex -0.6742388 -0.23301528 0.2
        vertex -0.6742388 -0.23301528 0
        vertex -0.67207104 -0.22977103 0
    endloop
endfacet
facet normal 0.83146703 -0.55557418 0
    outer loop
        vertex -0.6742388 -0.23301528 0.2
        vertex -0.67207104 -0.22977103 0
        vertex -0.67207104 -0.22977103 0.2
    endloop
endfacet
facet normal 0.55557239 -0.83146816 0
    outer loop
        vertex -0.67207104 -0.22977103 0
        vertex -0.6688268 -0.2276033 0
        vertex -0.67207104 -0.22977103 0.2
    endloop
endfacet
facet normal 0.55557239 -0.83146816 0
    outer loop
        vertex -0.6688268 -0.2276033 0
        vertex -0.6688268 -0.2276033 0.2
        vertex -0.67207104 -0.22977103 0.2
    endloop
endfacet
facet normal 0.19509001 -0.98078531 0
    outer loop
        vertex -0.665 -0.2268421 0
        vertex -0.6688268 -0.2276033 0.2
        vertex -0.6688268 -0.2276033 0
    endloop
endfacet
facet normal -0.98078197 -0.19510694 0
    outer loop
        vertex -0.655 -0.23684211 0
        vertex -0.655 -0.23684211 0.2
        vertex -0.65576124 -0.23301528 0.2
    endloop
endfacet
facet normal -0.98078197 -0.19510694 -0
    outer loop
        vertex -0.65576124 -0.23301528 0.2
        vertex -0.65576124 -0.23301528 0
        vertex -0.655 -0.23684211 0
    endloop
endfacet
facet normal -0.83147407 -0.55556357 0
    outer loop
        vertex -0.65792894 -0.22977103 0.2
        vertex -0.65576124 -0.23301528 0
        vertex -0.65576124 -0.23301528 0.2
    endloop
endfacet
facet normal -0.83147407 -0.55556357 0
    outer loop
        vertex -0.65792894 -0.22977103 0
        vertex -0.65576124 -0.23301528 0
        vertex -0.65792894 -0.22977103 0.2
    endloop
endfacet
facet normal -0.55557239 -0.83146816 0
    outer loop
        vertex -0.65792894 -0.22977103 0
        vertex -0.65792894 -0.22977103 0.2
        vertex -0.66117316 -0.2276033 0.2
    endloop
endfacet
facet normal -0.55557239 -0.83146816 0
    outer loop
        vertex -0.65792894 -0.22977103 0
        vertex -0.66117316 -0.2276033 0.2
        vertex -0.66117316 -0.2276033 0
    endloop
endfacet
facet normal -0.19508712 -0.98078597 -0
    outer loop
        vertex -0.66117316 -0.2276033 0.2
        vertex -0.665 -0.2268421 0.2
        vertex -0.66117316 -0.2276033 0
    endloop
endfacet
facet normal -0.19508712 -0.98078597 -0
    outer loop
        vertex -0.665 -0.2268421 0.2
        vertex -0.665 -0.2268421 0
        vertex -0.66117316 -0.2276033 0
    endloop
endfacet
facet normal 0.19509001 -0.98078531 0
    outer loop
        vertex -0.6688268 -0.2276033 0.2
        vertex -0.665 -0.2268421 0
        vertex -0.665 -0.2268421 0.2
    endloop
endfacet
facet normal 0.98078489 -0.19509222 0
    outer loop
        vertex -0.6742388 0.24066894 0
        vertex -0.675 0.23684211 0.2
        vertex -0.675 0.23684211 0
    endloop
endfacet
facet normal 0.98078489 -0.19509222 0
    outer loop
        vertex -0.6742388 0.24066894 0.2
        vertex -0.675 0.23684211 0.2
        vertex -0.6742388 0.24066894 0
    endloop
endfacet
facet normal 0.83146578 -0.55557585 0
    outer loop
        vertex -0.6742388 0.24066894 0.2
        vertex -0.6742388 0.24066894 0
        vertex -0.67207104 0.24391317 0
    endloop
endfacet
facet normal 0.83146578 -0.55557585 0
    outer loop
        vertex -0.6742388 0.24066894 0.2
        vertex -0.67207104 0.24391317 0
        vertex -0.67207104 0.24391317 0.2
    endloop
endfacet
facet normal 0.55557239 -0.83146816 0
    outer loop
        vertex -0.67207104 0.24391317 0
        vertex -0.6688268 0.2460809 0
        vertex -0.67207104 0.24391317 0.2
    endloop
endfacet
facet normal 0.55557239 -0.83146816 0
    outer loop
        vertex -0.6688268 0.2460809 0
        vertex -0.6688268 0.2460809 0.2
        vertex -0.67207104 0.24391317 0.2
    endloop
endfacet
facet normal 0.19509001 -0.98078531 0
    outer loop
        vertex -0.665 0.2468421 0
        vertex -0.6688268 0.2460809 0.2
        vertex -0.6688268 0.2460809 0
    endloop
endfacet
facet normal -0.98078197 -0.19510694 0
    outer loop
        vertex -0.655 0.23684211 0
        vertex -0.655 0.23684211 0.2
        vertex -0.65576124 0.24066894 0.2
    endloop
endfacet
facet normal -0.98078197 -0.19510694 -0
    outer loop
        vertex -0.65576124 0.24066894 0.2
        vertex -0.65576124 0.24066894 0
        vertex -0.655 0.23684211 0
    endloop
endfacet
facet normal -0.83147287 -0.55556536 0
    outer loop
        vertex -0.65792894 0.24391317 0.2
        vertex -0.65576124 0.24066894 0
        vertex -0.65576124 0.24066894 0.2
    endloop
endfacet
facet normal -0.83147287 -0.55556536 0
    outer loop
        vertex -0.65792894 0.24391317 0
        vertex -0.65576124 0.24066894 0
        vertex -0.65792894 0.24391317 0.2
    endloop
endfacet
facet normal -0.55557239 -0.83146816 0
    outer loop
        vertex -0.65792894 0.24391317 0
        vertex -0.65792894 0.24391317 0.2
        vertex -0.66117316 0.2460809 0.2
    endloop
endfacet
facet normal -0.55557239 -0.83146816 0
    outer loop
        vertex -0.65792894 0.24391317 0
        vertex -0.66117316 0.2460809 0.2
        vertex -0.66117316 0.2460809 0
    endloop
endfacet
facet normal -0.19508712 -0.98078597 -0
    outer loop
        vertex -0.66117316 0.2460809 0.2
        vertex -0.665 0.2468421 0.2
        vertex -0.66117316 0.2460809 0
    endloop
endfacet
facet normal -0.19508712 -0.98078597 -0
    outer loop
        vertex -0.665 0.2468421 0.2
        vertex -0.665 0.2468421 0
        vertex -0.66117316 0.2460809 0
    endloop
endfacet
facet normal 0.19509001 -0.98078531 0
    outer loop
        vertex -0.6688268 0.2460809 0.2
        vertex -0.665 0.2468421 0
        vertex -0.665 0.2468421 0.2
    endloop
endfacet
facet normal 0.98078519 -0.19509077 0
    outer loop
        vertex -0.6742388 0.71435314 0
        vertex -0.675 0.7105263 0.2
        vertex -0.675 0.7105263 0
    endloop
endfacet
facet normal 0.98078519 -0.19509077 0
    outer loop
        vertex -0.6742388 0.71435314 0.2
        vertex -0.675 0.7105263 0.2
        vertex -0.6742388 0.71435314 0
    endloop
endfacet
facet normal 0.83146459 -0.5555777 0
    outer loop
        vertex -0.6742388 0.71435314 0.2
        vertex -0.6742388 0.71435314 0
        vertex -0.67207104 0.71759737 0
    endloop
endfacet
facet normal 0.83146459 -0.5555777 0
    outer loop
        vertex -0.6742388 0.71435314 0.2
        vertex -0.67207104 0.71759737 0
        vertex -0.67207104 0.71759737 0.2
    endloop
endfacet
facet normal 0.5555777 -0.83146459 0
    outer loop
        vertex -0.67207104 0.71759737 0
        vertex -0.6688268 0.7197651 0
        vertex -0.67207104 0.71759737 0.2
    endloop
endfacet
facet normal 0.5555777 -0.83146459 0
    outer loop
        vertex -0.6688268 0.7197651 0
        vertex -0.6688268 0.7197651 0.2
        vertex -0.67207104 0.71759737 0.2
    endloop
endfacet
facet normal 0.195079 -0.98078758 0
    outer loop
        vertex -0.665 0.7205263 0
        vertex -0.6688268 0.7197651 0.2
        vertex -0.6688268 0.7197651 0
    endloop
endfacet
facet normal -0.98078221 -0.19510546 0
    outer loop
        vertex -0.655 0.7105263 0
        vertex -0.655 0.7105263 0.2
        vertex -0.65576124 0.71435314 0.2
    endloop
endfacet
facet normal -0.98078221 -0.19510546 -0
    outer loop
        vertex -0.65576124 0.71435314 0.2
        vertex -0.65576124 0.71435314 0
        vertex -0.655 0.7105263 0
    endloop
endfacet
facet normal -0.83147162 -0.55556709 0
    outer loop
        vertex -0.65792894 0.71759737 0.2
        vertex -0.65576124 0.71435314 0
        vertex -0.65576124 0.71435314 0.2
    endloop
endfacet
facet normal -0.83147162 -0.55556709 0
    outer loop
        vertex -0.65792894 0.71759737 0
        vertex -0.65576124 0.71435314 0
        vertex -0.65792894 0.71759737 0.2
    endloop
endfacet
facet normal -0.5555777 -0.83146459 0
    outer loop
        vertex -0.65792894 0.71759737 0
        vertex -0.65792894 0.71759737 0.2
        vertex -0.66117316 0.7197651 0.2
    endloop
endfacet
facet normal -0.5555777 -0.83146459 0
    outer loop
        vertex -0.65792894 0.71759737 0
        vertex -0.66117316 0.7197651 0.2
        vertex -0.66117316 0.7197651 0
    endloop
endfacet
facet normal -0.19507608 -0.98078811 -0
    outer loop
        vertex -0.66117316 0.7197651 0.2
        vertex -0.665 0.7205263 0.2
        vertex -0.66117316 0.7197651 0
    endloop
endfacet
facet normal -0.19507608 -0.98078811 -0
    outer loop
        vertex -0.665 0.7205263 0.2
        vertex -0.665 0.7205263 0
        vertex -0.66117316 0.7197651 0
    endloop
endfacet
facet normal 0.195079 -0.98078758 0
    outer loop
        vertex -0.6688268 0.7197651 0.2
        vertex -0.665 0.7205263 0
        vertex -0.665 0.7205263 0.2
    endloop
endfacet
facet normal 0.98078519 -0.19509077 0
    outer loop
        vertex -0.6742388 1.1880374 0
        vertex -0.675 1.1842105 0.2
        vertex -0.675 1.1842105 0
    endloop
endfacet
facet normal 0.98078519 -0.19509077 0
    outer loop
        vertex -0.6742388 1.1880374 0.2
        vertex -0.675 1.1842105 0.2
        vertex -0.6742388 1.1880374 0
    endloop
endfacet
facet normal 0.83146936 -0.5555706 0
    outer loop
        vertex -0.6742388 1.1880374 0.2
        vertex -0.6742388 1.1880374 0
        vertex -0.67207104 1.1912817 0
    endloop
endfacet
facet normal 0.83146936 -0.5555706 0
    outer loop
        vertex -0.6742388 1.1880374 0.2
        vertex -0.67207104 1.1912817 0
        vertex -0.67207104 1.1912817 0.2
    endloop
endfacet
facet normal 0.55556709 -0.83147162 0
    outer loop
        vertex -0.67207104 1.1912817 0
        vertex -0.6688268 1.1934494 0
        vertex -0.67207104 1.1912817 0.2
    endloop
endfacet
facet normal 0.55556709 -0.83147162 0
    outer loop
        vertex -0.6688268 1.1934494 0
        vertex -0.6688268 1.1934494 0.2
        vertex -0.67207104 1.1912817 0.2
    endloop
endfacet
facet normal 0.195079 -0.98078758 0
    outer loop
        vertex -0.665 1.1942105 0
        vertex -0.6688268 1.1934494 0.2
        vertex -0.6688268 1.1934494 0
    endloop
endfacet
facet normal -0.98078221 -0.19510546 0
    outer loop
        vertex -0.655 1.1842105 0
        vertex -0.655 1.1842105 0.2
        vertex -0.65576124 1.1880374 0.2
    endloop
endfacet
facet normal -0.98078221 -0.19510546 -0
    outer loop
        vertex -0.65576124 1.1880374 0.2
        vertex -0.65576124 1.1880374 0
        vertex -0.655 1.1842105 0
    endloop
endfacet
facet normal -0.83147639 -0.55556005 0
    outer loop
        vertex -0.65792894 1.1912817 0.2
        vertex -0.65576124 1.1880374 0
        vertex -0.65576124 1.1880374 0.2
    endloop
endfacet
facet normal -0.83147639 -0.55556005 0
    outer loop
        vertex -0.65792894 1.1912817 0
        vertex -0.65576124 1.1880374 0
        vertex -0.65792894 1.1912817 0.2
    endloop
endfacet
facet normal -0.55556709 -0.83147162 0
    outer loop
        vertex -0.65792894 1.1912817 0
        vertex -0.65792894 1.1912817 0.2
        vertex -0.66117316 1.1934494 0.2
    endloop
endfacet
facet normal -0.55556709 -0.83147162 0
    outer loop
        vertex -0.65792894 1.1912817 0
        vertex -0.66117316 1.1934494 0.2
        vertex -0.66117316 1.1934494 0
    endloop
endfacet
facet normal -0.19507608 -0.98078811 -0
    outer loop
        vertex -0.66117316 1.1934494 0.2
        vertex -0.665 1.1942105 0.2
        vertex -0.66117316 1.1934494 0
    endloop
endfacet
facet normal -0.19507608 -0.98078811 -0
    outer loop
        vertex -0.665 1.1942105 0.2
        vertex -0.665 1.1942105 0
        vertex -0.66117316 1.1934494 0
    endloop
endfacet
facet normal 0.195079 -0.98078758 0
    outer loop
        vertex -0.6688268 1.1934494 0.2
        vertex -0.665 1.1942105 0
        vertex -0.665 1.1942105 0.2
    endloop
endfacet
facet normal 0.98078519 -0.19509077 0
    outer loop
        vertex -0.6742388 1.6617216 0
        vertex -0.675 1.6578947 0.2
        vertex -0.675 1.6578947 0
    endloop
endfacet
facet normal 0.98078519 -0.19509077 0
    outer loop
        vertex -0.6742388 1.6617216 0.2
        vertex -0.675 1.6578947 0.2
        vertex -0.6742388 1.6617216 0
    endloop
endfacet
facet normal 0.83146936 -0.5555706 0
    outer loop
        vertex -0.6742388 1.6617216 0.2
        vertex -0.6742388 1.6617216 0
        vertex -0.67207104 1.6649659 0
    endloop
endfacet
facet normal 0.83146936 -0.5555706 0
    outer loop
        vertex -0.6742388 1.6617216 0.2
        vertex -0.67207104 1.6649659 0
        vertex -0.67207104 1.6649659 0.2
    endloop
endfacet
facet normal 0.55556709 -0.83147162 0
    outer loop
        vertex -0.67207104 1.6649659 0
        vertex -0.6688268 1.6671336 0
        vertex -0.67207104 1.6649659 0.2
    endloop
endfacet
facet normal 0.55556709 -0.83147162 0
    outer loop
        vertex -0.6688268 1.6671336 0
        vertex -0.6688268 1.6671336 0.2
        vertex -0.67207104 1.6649659 0.2
    endloop
endfacet
facet normal 0.195079 -0.98078758 0
    outer loop
        vertex -0.665 1.6678947 0
        vertex -0.6688268 1.6671336 0.2
        vertex -0.6688268 1.6671336 0
    endloop
endfacet
facet normal -0.98078221 -0.19510546 0
    outer loop
        vertex -0.655 1.6578947 0
        vertex -0.655 1.6578947 0.2
        vertex -0.65576124 1.6617216 0.2
    endloop
endfacet
facet normal -0.98078221 -0.19510546 -0
    outer loop
        vertex -0.65576124 1.6617216 0.2
        vertex -0.65576124 1.6617216 0
        vertex -0.655 1.6578947 0
    endloop
endfacet
facet normal -0.83147639 -0.55556005 0
    outer loop
        vertex -0.65792894 1.6649659 0.2
        vertex -0.65576124 1.6617216 0
        vertex -0.65576124 1.6617216 0.2
    endloop
endfacet
facet normal -0.83147639 -0.55556005 0
    outer loop
        vertex -0.65792894 1.6649659 0
        vertex -0.65576124 1.6617216 0
        vertex -0.65792894 1.6649659 0.2
    endloop
endfacet
facet normal -0.55556709 -0.83147162 0
    outer loop
        vertex -0.65792894 1.6649659 0
        vertex -0.65792894 1.6649659 0.2
        vertex -0.66117316 1.6671336 0.2
    endloop
endfacet
facet normal -0.55556709 -0.83147162 0
    outer loop
        vertex -0.65792894 1.6649659 0
        vertex -0.66117316 1.6671336 0.2
        vertex -0.66117316 1.6671336 0
    endloop
endfacet
facet normal -0.19507608 -0.98078811 -0
    outer loop
        vertex -0.66117316 1.6671336 0.2
        vertex -0.665 1.6678947 0.2
        vertex -0.66117316 1.6671336 0
    endloop
endfacet
facet normal -0.19507608 -0.98078811 -0
    outer loop
        vertex -0.665 1.6678947 0.2
        vertex -0.665 1.6678947 0
        vertex -0.66117316 1.6671336 0
    endloop
endfacet
facet normal 0.195079 -0.98078758 0
    outer loop
        vertex -0.6688268 1.6671336 0.2
        vertex -0.665 1.6678947 0
        vertex -0.665 1.6678947 0.2
    endloop
endfacet
facet normal 0.98078519 -0.19509077 0
    outer loop
        vertex -0.6742388 2.1354058 0
        vertex -0.675 2.131579 0.2
        vertex -0.675 2.131579 0
    endloop
endfacet
facet normal 0.98078519 -0.19509077 0
    outer loop
        vertex -0.6742388 2.1354058 0.2
        vertex -0.675 2.131579 0.2
        vertex -0.6742388 2.1354058 0
    endloop
endfacet
facet normal 0.83145988 -0.55558473 0
    outer loop
        vertex -0.6742388 2.1354058 0.2
        vertex -0.6742388 2.1354058 0
        vertex -0.67207104 2.13865 0
    endloop
endfacet
facet normal 0.83145988 -0.55558473 0
    outer loop
        vertex -0.6742388 2.1354058 0.2
        vertex -0.67207104 2.13865 0
        vertex -0.67207104 2.13865 0.2
    endloop
endfacet
facet normal 0.55556709 -0.83147162 0
    outer loop
        vertex -0.67207104 2.13865 0
        vertex -0.6688268 2.1408176 0
        vertex -0.67207104 2.13865 0.2
    endloop
endfacet
facet normal 0.55556709 -0.83147162 0
    outer loop
        vertex -0.6688268 2.1408176 0
        vertex -0.6688268 2.1408176 0.2
        vertex -0.67207104 2.13865 0.2
    endloop
endfacet
facet normal 0.19510838 -0.98078167 0
    outer loop
        vertex -0.665 2.141579 0
        vertex -0.6688268 2.1408176 0.2
        vertex -0.6688268 2.1408176 0
    endloop
endfacet
facet normal -0.98078221 -0.19510546 0
    outer loop
        vertex -0.655 2.131579 0
        vertex -0.655 2.131579 0.2
        vertex -0.65576124 2.1354058 0.2
    endloop
endfacet
facet normal -0.98078221 -0.19510546 -0
    outer loop
        vertex -0.65576124 2.1354058 0.2
        vertex -0.65576124 2.1354058 0
        vertex -0.655 2.131579 0
    endloop
endfacet
facet normal -0.83146691 -0.55557412 0
    outer loop
        vertex -0.65792894 2.13865 0.2
        vertex -0.65576124 2.1354058 0
        vertex -0.65576124 2.1354058 0.2
    endloop
endfacet
facet normal -0.83146691 -0.55557412 0
    outer loop
        vertex -0.65792894 2.13865 0
        vertex -0.65576124 2.1354058 0
        vertex -0.65792894 2.13865 0.2
    endloop
endfacet
facet normal -0.55556709 -0.83147162 0
    outer loop
        vertex -0.65792894 2.13865 0
        vertex -0.65792894 2.13865 0.2
        vertex -0.66117316 2.1408176 0.2
    endloop
endfacet
facet normal -0.55556709 -0.83147162 0
    outer loop
        vertex -0.65792894 2.13865 0
        vertex -0.66117316 2.1408176 0.2
        vertex -0.66117316 2.1408176 0
    endloop
endfacet
facet normal -0.19510546 -0.98078221 -0
    outer loop
        vertex -0.66117316 2.1408176 0.2
        vertex -0.665 2.141579 0.2
        vertex -0.66117316 2.1408176 0
    endloop
endfacet
facet normal -0.19510546 -0.98078221 -0
    outer loop
        vertex -0.665 2.141579 0.2
        vertex -0.665 2.141579 0
        vertex -0.66117316 2.1408176 0
    endloop
endfacet
facet normal 0.19510838 -0.98078167 0
    outer loop
        vertex -0.6688268 2.1408176 0.2
        vertex -0.665 2.141579 0
        vertex -0.665 2.141579 0.2
    endloop
endfacet
facet normal 0.98078519 -0.19509077 0
    outer loop
        vertex -0.6742388 2.60909 0
        vertex -0.675 2.6052632 0.2
        vertex -0.675 2.6052632 0
    endloop
endfacet
facet normal 0.98078519 -0.19509077 0
    outer loop
        vertex -0.6742388 2.60909 0.2
        vertex -0.675 2.6052632 0.2
        vertex -0.6742388 2.60909 0
    endloop
endfacet
facet normal 0.83145988 -0.55558473 0
    outer loop
        vertex -0.6742388 2.60909 0.2
        vertex -0.6742388 2.60909 0
        vertex -0.67207104 2.6123343 0
    endloop
endfacet
facet normal 0.83145988 -0.55558473 0
    outer loop
        vertex -0.6742388 2.60909 0.2
        vertex -0.67207104 2.6123343 0
        vertex -0.67207104 2.6123343 0.2
    endloop
endfacet
facet normal 0.55556709 -0.83147162 0
    outer loop
        vertex -0.67207104 2.6123343 0
        vertex -0.6688268 2.614502 0
        vertex -0.67207104 2.6123343 0.2
    endloop
endfacet
facet normal 0.55556709 -0.83147162 0
    outer loop
        vertex -0.6688268 2.614502 0
        vertex -0.6688268 2.614502 0.2
        vertex -0.67207104 2.6123343 0.2
    endloop
endfacet
facet normal 0.19510838 -0.98078167 0
    outer loop
        vertex -0.665 2.6152632 0
        vertex -0.6688268 2.614502 0.2
        vertex -0.6688268 2.614502 0
    endloop
endfacet
facet normal -0.98078221 -0.19510546 0
    outer loop
        vertex -0.655 2.6052632 0
        vertex -0.655 2.6052632 0.2
        vertex -0.65576124 2.60909 0.2
    endloop
endfacet
facet normal -0.98078221 -0.19510546 -0
    outer loop
        vertex -0.65576124 2.60909 0.2
        vertex -0.65576124 2.60909 0
        vertex -0.655 2.6052632 0
    endloop
endfacet
facet normal -0.83146691 -0.55557412 0
    outer loop
        vertex -0.65792894 2.6123343 0.2
        vertex -0.65576124 2.60909 0
        vertex -0.65576124 2.60909 0.2
    endloop
endfacet
facet normal -0.83146691 -0.55557412 0
    outer loop
        vertex -0.65792894 2.6123343 0
        vertex -0.65576124 2.60909 0
        vertex -0.65792894 2.6123343 0.2
    endloop
endfacet
facet normal -0.55556709 -0.83147162 0
    outer loop
        vertex -0.65792894 2.6123343 0
        vertex -0.65792894 2.6123343 0.2
        vertex -0.66117316 2.614502 0.2
    endloop
endfacet
facet normal -0.55556709 -0.83147162 0
    outer loop
        vertex -0.65792894 2.6123343 0
        vertex -0.66117316 2.614502 0.2
        vertex -0.66117316 2.614502 0
    endloop
endfacet
facet normal -0.19510546 -0.98078221 -0
    outer loop
        vertex -0.66117316 2.614502 0.2
        vertex -0.665 2.6152632 0.2
        vertex -0.66117316 2.614502 0
    endloop
endfacet
facet normal -0.19510546 -0.98078221 -0
    outer loop
        vertex -0.665 2.6152632 0.2
        vertex -0.665 2.6152632 0
        vertex -0.66117316 2.614502 0
    endloop
endfacet
facet normal 0.19510838 -0.98078167 0
    outer loop
        vertex -0.6688268 2.614502 0.2
        vertex -0.665 2.6152632 0
        vertex -0.665 2.6152632 0.2
    endloop
endfacet
facet normal 0.98078281 -0.19510244 0
    outer loop
        vertex -0.6742388 3.0827742 0
        vertex -0.675 3.0789475 0.2
        vertex -0.675 3.0789475 0
    endloop
endfacet
facet normal 0.98078281 -0.19510244 0
    outer loop
        vertex -0.6742388 3.0827742 0.2
        vertex -0.675 3.0789475 0.2
        vertex -0.6742388 3.0827742 0
    endloop
endfacet
facet normal 0.83147877 -0.55555648 0
    outer loop
        vertex -0.6742388 3.0827742 0.2
        vertex -0.6742388 3.0827742 0
        vertex -0.67207104 3.0860186 0
    endloop
endfacet
facet normal 0.83147877 -0.55555648 0
    outer loop
        vertex -0.6742388 3.0827742 0.2
        vertex -0.67207104 3.0860186 0
        vertex -0.67207104 3.0860186 0.2
    endloop
endfacet
facet normal 0.55556709 -0.83147162 0
    outer loop
        vertex -0.67207104 3.0860186 0
        vertex -0.6688268 3.0881863 0
        vertex -0.67207104 3.0860186 0.2
    endloop
endfacet
facet normal 0.55556709 -0.83147162 0
    outer loop
        vertex -0.6688268 3.0881863 0
        vertex -0.6688268 3.0881863 0.2
        vertex -0.67207104 3.0860186 0.2
    endloop
endfacet
facet normal 0.1950496 -0.98079336 0
    outer loop
        vertex -0.665 3.0889473 0
        vertex -0.6688268 3.0881863 0.2
        vertex -0.6688268 3.0881863 0
    endloop
endfacet
facet normal -0.98077989 -0.19511716 0
    outer loop
        vertex -0.655 3.0789475 0
        vertex -0.655 3.0789475 0.2
        vertex -0.65576124 3.0827742 0.2
    endloop
endfacet
facet normal -0.98077989 -0.19511716 -0
    outer loop
        vertex -0.65576124 3.0827742 0.2
        vertex -0.65576124 3.0827742 0
        vertex -0.655 3.0789475 0
    endloop
endfacet
facet normal -0.83148581 -0.55554593 0
    outer loop
        vertex -0.65792894 3.0860186 0.2
        vertex -0.65576124 3.0827742 0
        vertex -0.65576124 3.0827742 0.2
    endloop
endfacet
facet normal -0.83148581 -0.55554593 0
    outer loop
        vertex -0.65792894 3.0860186 0
        vertex -0.65576124 3.0827742 0
        vertex -0.65792894 3.0860186 0.2
    endloop
endfacet
facet normal -0.55556709 -0.83147162 0
    outer loop
        vertex -0.65792894 3.0860186 0
        vertex -0.65792894 3.0860186 0.2
        vertex -0.66117316 3.0881863 0.2
    endloop
endfacet
facet normal -0.55556709 -0.83147162 0
    outer loop
        vertex -0.65792894 3.0860186 0
        vertex -0.66117316 3.0881863 0.2
        vertex -0.66117316 3.0881863 0
    endloop
endfacet
facet normal -0.19504668 -0.98079389 -0
    outer loop
        vertex -0.66117316 3.0881863 0.2
        vertex -0.665 3.0889473 0.2
        vertex -0.66117316 3.0881863 0
    endloop
endfacet
facet normal -0.19504668 -0.98079389 -0
    outer loop
        vertex -0.665 3.0889473 0.2
        vertex -0.665 3.0889473 0
        vertex -0.66117316 3.0881863 0
    endloop
endfacet
facet normal 0.1950496 -0.98079336 0
    outer loop
        vertex -0.6688268 3.0881863 0.2
        vertex -0.665 3.0889473 0
        vertex -0.665 3.0889473 0.2
    endloop
endfacet
facet normal 0.98078519 -0.19509077 0
    outer loop
        vertex -0.6742388 3.5564585 0
        vertex -0.675 3.5526316 0.2
        vertex -0.675 3.5526316 0
    endloop
endfacet
facet normal 0.98078519 -0.19509077 0
    outer loop
        vertex -0.6742388 3.5564585 0.2
        vertex -0.675 3.5526316 0.2
        vertex -0.6742388 3.5564585 0
    endloop
endfacet
facet normal 0.83145988 -0.55558473 0
    outer loop
        vertex -0.6742388 3.5564585 0.2
        vertex -0.6742388 3.5564585 0
        vertex -0.67207104 3.5597026 0
    endloop
endfacet
facet normal 0.83145988 -0.55558473 0
    outer loop
        vertex -0.6742388 3.5564585 0.2
        vertex -0.67207104 3.5597026 0
        vertex -0.67207104 3.5597026 0.2
    endloop
endfacet
facet normal 0.55556709 -0.83147162 0
    outer loop
        vertex -0.67207104 3.5597026 0
        vertex -0.6688268 3.5618703 0
        vertex -0.67207104 3.5597026 0.2
    endloop
endfacet
facet normal 0.55556709 -0.83147162 0
    outer loop
        vertex -0.6688268 3.5618703 0
        vertex -0.6688268 3.5618703 0.2
        vertex -0.67207104 3.5597026 0.2
    endloop
endfacet
facet normal 0.19510838 -0.98078167 0
    outer loop
        vertex -0.665 3.5626316 0
        vertex -0.6688268 3.5618703 0.2
        vertex -0.6688268 3.5618703 0
    endloop
endfacet
facet normal -0.98078221 -0.19510546 0
    outer loop
        vertex -0.655 3.5526316 0
        vertex -0.655 3.5526316 0.2
        vertex -0.65576124 3.5564585 0.2
    endloop
endfacet
facet normal -0.98078221 -0.19510546 -0
    outer loop
        vertex -0.65576124 3.5564585 0.2
        vertex -0.65576124 3.5564585 0
        vertex -0.655 3.5526316 0
    endloop
endfacet
facet normal -0.83146691 -0.55557412 0
    outer loop
        vertex -0.65792894 3.5597026 0.2
        vertex -0.65576124 3.5564585 0
        vertex -0.65576124 3.5564585 0.2
    endloop
endfacet
facet normal -0.83146691 -0.55557412 0
    outer loop
        vertex -0.65792894 3.5597026 0
        vertex -0.65576124 3.5564585 0
        vertex -0.65792894 3.5597026 0.2
    endloop
endfacet
facet normal -0.55556709 -0.83147162 0
    outer loop
        vertex -0.65792894 3.5597026 0
        vertex -0.65792894 3.5597026 0.2
        vertex -0.66117316 3.5618703 0.2
    endloop
endfacet
facet normal -0.55556709 -0.83147162 0
    outer loop
        vertex -0.65792894 3.5597026 0
        vertex -0.66117316 3.5618703 0.2
        vertex -0.66117316 3.5618703 0
    endloop
endfacet
facet normal -0.19510546 -0.98078221 -0
    outer loop
        vertex -0.66117316 3.5618703 0.2
        vertex -0.665 3.5626316 0.2
        vertex -0.66117316 3.5618703 0
    endloop
endfacet
facet normal -0.19510546 -0.98078221 -0
    outer loop
        vertex -0.665 3.5626316 0.2
        vertex -0.665 3.5626316 0
        vertex -0.66117316 3.5618703 0
    endloop
endfacet
facet normal 0.19510838 -0.98078167 0
    outer loop
        vertex -0.6688268 3.5618703 0.2
        vertex -0.665 3.5626316 0
        vertex -0.665 3.5626316 0.2
    endloop
endfacet
facet normal 0.98078281 -0.19510244 0
    outer loop
        vertex -0.6742388 4.0301423 0
        vertex -0.675 4.0263157 0.2
        vertex -0.675 4.0263157 0
    endloop
endfacet
facet normal 0.98078281 -0.19510244 0
    outer loop
        vertex -0.6742388 4.0301423 0.2
        vertex -0.675 4.0263157 0.2
        vertex -0.6742388 4.0301423 0
    endloop
endfacet
facet normal 0.83147877 -0.55555648 0
    outer loop
        vertex -0.6742388 4.0301423 0.2
        vertex -0.6742388 4.0301423 0
        vertex -0.67207104 4.0333867 0
    endloop
endfacet
facet normal 0.83147877 -0.55555648 0
    outer loop
        vertex -0.6742388 4.0301423 0.2
        vertex -0.67207104 4.0333867 0
        vertex -0.67207104 4.0333867 0.2
    endloop
endfacet
facet normal 0.55556709 -0.83147162 0
    outer loop
        vertex -0.67207104 4.0333867 0
        vertex -0.6688268 4.0355544 0
        vertex -0.67207104 4.0333867 0.2
    endloop
endfacet
facet normal 0.55556709 -0.83147162 0
    outer loop
        vertex -0.6688268 4.0355544 0
        vertex -0.6688268 4.0355544 0.2
        vertex -0.67207104 4.0333867 0.2
    endloop
endfacet
facet normal 0.1950496 -0.98079336 0
    outer loop
        vertex -0.665 4.0363154 0
        vertex -0.6688268 4.0355544 0.2
        vertex -0.6688268 4.0355544 0
    endloop
endfacet
facet normal -0.98077989 -0.19511716 0
    outer loop
        vertex -0.655 4.0263157 0
        vertex -0.655 4.0263157 0.2
        vertex -0.65576124 4.0301423 0.2
    endloop
endfacet
facet normal -0.98077989 -0.19511716 -0
    outer loop
        vertex -0.65576124 4.0301423 0.2
        vertex -0.65576124 4.0301423 0
        vertex -0.655 4.0263157 0
    endloop
endfacet
facet normal -0.83148581 -0.55554593 0
    outer loop
        vertex -0.65792894 4.0333867 0.2
        vertex -0.65576124 4.0301423 0
        vertex -0.65576124 4.0301423 0.2
    endloop
endfacet
facet normal -0.83148581 -0.55554593 0
    outer loop
        vertex -0.65792894 4.0333867 0
        vertex -0.65576124 4.0301423 0
        vertex -0.65792894 4.0333867 0.2
    endloop
endfacet
facet normal -0.55556709 -0.83147162 0
    outer loop
        vertex -0.65792894 4.0333867 0
        vertex -0.65792894 4.0333867 0.2
        vertex -0.66117316 4.0355544 0.2
    endloop
endfacet
facet normal -0.55556709 -0.83147162 0
    outer loop
        vertex -0.65792894 4.0333867 0
        vertex -0.66117316 4.0355544 0.2
        vertex -0.66117316 4.0355544 0
    endloop
endfacet
facet normal -0.19504668 -0.98079389 -0
    outer loop
        vertex -0.66117316 4.0355544 0.2
        vertex -0.665 4.0363154 0.2
        vertex -0.66117316 4.0355544 0
    endloop
endfacet
facet normal -0.19504668 -0.98079389 -0
    outer loop
        vertex -0.665 4.0363154 0.2
        vertex -0.665 4.0363154 0
        vertex -0.66117316 4.0355544 0
    endloop
endfacet
facet normal 0.1950496 -0.98079336 0
    outer loop
        vertex -0.6688268 4.0355544 0.2
        vertex -0.665 4.0363154 0
        vertex -0.665 4.0363154 0.2
    endloop
endfacet
facet normal 0.98078281 -0.19510244 0
    outer loop
        vertex -0.6742388 4.5038266 0
        vertex -0.675 4.5 0.2
        vertex -0.675 4.5 0
    endloop
endfacet
facet normal 0.98078281 -0.19510244 0
    outer loop
        vertex -0.6742388 4.5038266 0.2
        vertex -0.675 4.5 0.2
        vertex -0.6742388 4.5038266 0
    endloop
endfacet
facet normal 0.83147877 -0.55555648 0
    outer loop
        vertex -0.6742388 4.5038266 0.2
        vertex -0.6742388 4.5038266 0
        vertex -0.67207104 4.507071 0
    endloop
endfacet
facet normal 0.83147877 -0.55555648 0
    outer loop
        vertex -0.6742388 4.5038266 0.2
        vertex -0.67207104 4.507071 0
        vertex -0.67207104 4.507071 0.2
    endloop
endfacet
facet normal 0.55556709 -0.83147162 0
    outer loop
        vertex -0.67207104 4.507071 0
        vertex -0.6688268 4.5092387 0
        vertex -0.67207104 4.507071 0.2
    endloop
endfacet
facet normal 0.55556709 -0.83147162 0
    outer loop
        vertex -0.6688268 4.5092387 0
        vertex -0.6688268 4.5092387 0.2
        vertex -0.67207104 4.507071 0.2
    endloop
endfacet
facet normal 0.19516715 -0.98076999 0
    outer loop
        vertex -0.665 4.51 0
        vertex -0.6688268 4.5092387 0.2
        vertex -0.6688268 4.5092387 0
    endloop
endfacet
facet normal -0.98077989 -0.19511716 0
    outer loop
        vertex -0.655 4.5 0
        vertex -0.655 4.5 0.2
        vertex -0.65576124 4.5038266 0.2
    endloop
endfacet
facet normal -0.98077989 -0.19511716 -0
    outer loop
        vertex -0.65576124 4.5038266 0.2
        vertex -0.65576124 4.5038266 0
        vertex -0.655 4.5 0
    endloop
endfacet
facet normal -0.83148581 -0.55554593 0
    outer loop
        vertex -0.65792894 4.507071 0.2
        vertex -0.65576124 4.5038266 0
        vertex -0.65576124 4.5038266 0.2
    endloop
endfacet
facet normal -0.83148581 -0.55554593 0
    outer loop
        vertex -0.65792894 4.507071 0
        vertex -0.65576124 4.5038266 0
        vertex -0.65792894 4.507071 0.2
    endloop
endfacet
facet normal -0.55556709 -0.83147162 0
    outer loop
        vertex -0.65792894 4.507071 0
        vertex -0.65792894 4.507071 0.2
        vertex -0.66117316 4.5092387 0.2
    endloop
endfacet
facet normal -0.55556709 -0.83147162 0
    outer loop
        vertex -0.65792894 4.507071 0
        vertex -0.66117316 4.5092387 0.2
        vertex -0.66117316 4.5092387 0
    endloop
endfacet
facet normal -0.19516423 -0.98077053 -0
    outer loop
        vertex -0.66117316 4.5092387 0.2
        vertex -0.665 4.51 0.2
        vertex -0.66117316 4.5092387 0
    endloop
endfacet
facet normal -0.19516423 -0.98077053 -0
    outer loop
        vertex -0.665 4.51 0.2
        vertex -0.665 4.51 0
        vertex -0.66117316 4.5092387 0
    endloop
endfacet
facet normal 0.19516715 -0.98076999 0
    outer loop
        vertex -0.6688268 4.5092387 0.2
        vertex -0.665 4.51 0
        vertex -0.665 4.51 0.2
    endloop
endfacet
facet normal 0 0 -1
    outer loop
        vertex -0.875 -0 0
        vertex -0.6742388 -0.23301528 0
        vertex -0.675 -0.23684211 0
    endloop
endfacet
facet normal 0 0 -0.99999994
    outer loop
        vertex -0.65792894 4.507071 0
        vertex -0.65576124 4.5038266 0
        vertex -0.655 4.5 0
    endloop
endfacet
facet normal 0 0 -1
    outer loop
        vertex -0.66117316 4.5092387 0
        vertex -0.65792894 4.507071 0
        vertex -0.655 4.5 0
    endloop
endfacet
facet normal 0 0 -1
    outer loop
        vertex -0.665 4.51 0
        vertex -0.66117316 4.5092387 0
        vertex -0.655 4.5 0
    endloop
endfacet
facet normal 0 0 -1
    outer loop
        vertex -0.6688268 4.5092387 0
        vertex -0.665 4.51 0
        vertex -0.655 4.5 0
    endloop
endfacet
facet normal 0 0 -1
    outer loop
        vertex -0.67207104 4.507071 0
        vertex -0.6688268 4.5092387 0
        vertex -0.655 4.5 0
    endloop
endfacet
facet normal 0 -0 -1
    outer loop
        vertex -0.67207104 4.507071 0
        vertex -0.655 4.5 0
        vertex -0.6742388 4.5038266 0
    endloop
endfacet
facet normal 0 -0 -1
    outer loop
        vertex -0.6742388 4.5038266 0
        vertex -0.655 4.5 0
        vertex -0.675 4.5 0
    endloop
endfacet
facet normal 0 0 -1
    outer loop
        vertex -0.67207104 4.492929 0
        vertex -0.875 4.5 0
        vertex -0.6742388 4.496173 0
    endloop
endfacet
facet normal 0 0 -0.99999994
    outer loop
        vertex -0.6688268 4.4907613 0
        vertex -0.875 4.5 0
        vertex -0.67207104 4.492929 0
    endloop
endfacet
facet normal 0 -0 -1
    outer loop
        vertex -0.665 4.49 0
        vertex -0.665 4.0363154 0
        vertex -0.6688268 4.0355544 0
    endloop
endfacet
facet normal -0 0 -1
    outer loop
        vertex -0.665 4.49 0
        vertex -0.6688268 4.0355544 0
        vertex -0.6688268 4.4907613 0
    endloop
endfacet
facet normal 0 0 -0.99999994
    outer loop
        vertex -0.66117316 4.4907613 0
        vertex -0.665 4.0363154 0
        vertex -0.665 4.49 0
    endloop
endfacet
facet normal 0 0 -1
    outer loop
        vertex -0.665 4.0363154 0
        vertex -0.66117316 4.4907613 0
        vertex -0.66117316 4.0355544 0
    endloop
endfacet
facet normal 0 0 -1
    outer loop
        vertex -0.6688268 4.0355544 0
        vertex -0.875 4.5 0
        vertex -0.6688268 4.4907613 0
    endloop
endfacet
facet normal 0 0 -1
    outer loop
        vertex -0.6742388 4.496173 0
        vertex -0.875 4.5 0
        vertex -0.675 4.5 0
    endloop
endfacet
facet normal 0 0 -0.99999994
    outer loop
        vertex -0.66117316 4.4907613 0
        vertex -0.65792894 4.492929 0
        vertex -0.66117316 4.0355544 0
    endloop
endfacet
facet normal 0 0 -0.99999994
    outer loop
        vertex -0.65576124 4.496173 0
        vertex -0.655 4.5 0
        vertex 0.875 4.5 0
    endloop
endfacet
facet normal 0 0 -1
    outer loop
        vertex -0.65576124 4.0301423 0
        vertex 0.875 4.5 0
        vertex -0.655 4.0263157 0
    endloop
endfacet
facet normal 0 0 -0.99999994
    outer loop
        vertex -0.65576124 4.496173 0
        vertex 0.875 4.5 0
        vertex -0.65576124 4.0301423 0
    endloop
endfacet
facet normal 0 0 -1
    outer loop
        vertex -0.65792894 4.492929 0
        vertex -0.65576124 4.496173 0
        vertex -0.65792894 4.0333867 0
    endloop
endfacet
facet normal 0 -0 -1
    outer loop
        vertex -0.65792894 4.492929 0
        vertex -0.65792894 4.0333867 0
        vertex -0.66117316 4.0355544 0
    endloop
endfacet
facet normal -0 0 -1
    outer loop
        vertex -0.6688268 4.0355544 0
        vertex -0.67207104 4.0333867 0
        vertex -0.875 4.5 0
    endloop
endfacet
facet normal 0 0 -1
    outer loop
        vertex -0.6742388 4.0301423 0
        vertex -0.875 4.5 0
        vertex -0.67207104 4.0333867 0
    endloop
endfacet
facet normal 0 0 -1
    outer loop
        vertex -0.675 4.0263157 0
        vertex -0.875 4.5 0
        vertex -0.6742388 4.0301423 0
    endloop
endfacet
facet normal 0 -0 -1
    outer loop
        vertex -0.6742388 4.022489 0
        vertex -0.6742388 3.5564585 0
        vertex -0.675 3.5526316 0
    endloop
endfacet
facet normal -0 0 -1
    outer loop
        vertex -0.6742388 4.022489 0
        vertex -0.675 3.5526316 0
        vertex -0.675 4.0263157 0
    endloop
endfacet
facet normal 0 -0 -1
    outer loop
        vertex -0.67207104 4.0192447 0
        vertex -0.67207104 3.5597026 0
        vertex -0.6742388 3.5564585 0
    endloop
endfacet
facet normal -0 0 -1
    outer loop
        vertex -0.6688268 4.017077 0
        vertex -0.67207104 3.5597026 0
        vertex -0.67207104 4.0192447 0
    endloop
endfacet
facet normal 0 0 -1
    outer loop
        vertex -0.67207104 3.5597026 0
        vertex -0.6688268 4.017077 0
        vertex -0.6688268 3.5618703 0
    endloop
endfacet
facet normal 0 0 -1
    outer loop
        vertex -0.6688268 4.017077 0
        vertex -0.665 4.016316 0
        vertex -0.6688268 3.5618703 0
    endloop
endfacet
facet normal 0 -0 -1
    outer loop
        vertex -0.665 4.016316 0
        vertex -0.665 3.5626316 0
        vertex -0.6688268 3.5618703 0
    endloop
endfacet
facet normal 0 0 -1
    outer loop
        vertex -0.675 3.5526316 0
        vertex -0.875 4.5 0
        vertex -0.675 4.0263157 0
    endloop
endfacet
facet normal 0 -0 -1
    outer loop
        vertex -0.65576124 4.496173 0
        vertex -0.65576124 4.0301423 0
        vertex -0.65792894 4.0333867 0
    endloop
endfacet
facet normal 0 0 -0.99999994
    outer loop
        vertex 0.875 4.5 0
        vertex -0.65576124 3.5564585 0
        vertex -0.65576124 4.022489 0
    endloop
endfacet
facet normal 0 0 -1
    outer loop
        vertex -0.65576124 4.022489 0
        vertex -0.655 4.0263157 0
        vertex 0.875 4.5 0
    endloop
endfacet
facet normal 0 0 -1
    outer loop
        vertex -0.65576124 3.5564585 0
        vertex 0.875 4.5 0
        vertex -0.655 3.5526316 0
    endloop
endfacet
facet normal 0 0 -1
    outer loop
        vertex -0.665 3.5626316 0
        vertex -0.665 4.016316 0
        vertex -0.66117316 4.017077 0
    endloop
endfacet
facet normal 0 0 -1
    outer loop
        vertex -0.65792894 4.0192447 0
        vertex -0.65576124 4.022489 0
        vertex -0.65792894 3.5597026 0
    endloop
endfacet
facet normal 0 -0 -1
    outer loop
        vertex -0.65792894 4.0192447 0
        vertex -0.65792894 3.5597026 0
        vertex -0.66117316 3.5618703 0
    endloop
endfacet
facet normal 0 0 -1
    outer loop
        vertex -0.65792894 4.0192447 0
        vertex -0.66117316 3.5618703 0
        vertex -0.66117316 4.017077 0
    endloop
endfacet
facet normal 0 0 -1
    outer loop
        vertex -0.665 3.5626316 0
        vertex -0.66117316 4.017077 0
        vertex -0.66117316 3.5618703 0
    endloop
endfacet
facet normal 0 0 -1
    outer loop
        vertex -0.6742388 4.022489 0
        vertex -0.67207104 4.0192447 0
        vertex -0.6742388 3.5564585 0
    endloop
endfacet
facet normal 0 -0 -1
    outer loop
        vertex -0.6742388 3.5488048 0
        vertex -0.6742388 3.0827742 0
        vertex -0.675 3.0789475 0
    endloop
endfacet
facet normal -0 0 -1
    outer loop
        vertex -0.6742388 3.5488048 0
        vertex -0.675 3.0789475 0
        vertex -0.675 3.5526316 0
    endloop
endfacet
facet normal -0 0 -1
    outer loop
        vertex -0.67207104 3.5455606 0
        vertex -0.6742388 3.0827742 0
        vertex -0.6742388 3.5488048 0
    endloop
endfacet
facet normal -0 0 -1
    outer loop
        vertex -0.67207104 3.0860186 0
        vertex -0.6742388 3.0827742 0
        vertex -0.67207104 3.5455606 0
    endloop
endfacet
facet normal 0 0 -1
    outer loop
        vertex -0.67207104 3.5455606 0
        vertex -0.6688268 3.543393 0
        vertex -0.67207104 3.0860186 0
    endloop
endfacet
facet normal 0 -0 -1
    outer loop
        vertex -0.6688268 3.543393 0
        vertex -0.6688268 3.0881863 0
        vertex -0.67207104 3.0860186 0
    endloop
endfacet
facet normal -0 0 -1
    outer loop
        vertex -0.665 3.5426316 0
        vertex -0.6688268 3.0881863 0
        vertex -0.6688268 3.543393 0
    endloop
endfacet
facet normal 0 0 -1
    outer loop
        vertex -0.675 3.0789475 0
        vertex -0.875 4.5 0
        vertex -0.675 3.5526316 0
    endloop
endfacet
facet normal 0 -0 -1
    outer loop
        vertex -0.65576124 4.022489 0
        vertex -0.65576124 3.5564585 0
        vertex -0.65792894 3.5597026 0
    endloop
endfacet
facet normal 0 0 -0.99999994
    outer loop
        vertex -0.655 3.5526316 0
        vertex -0.65576124 3.0827742 0
        vertex -0.65576124 3.5488048 0
    endloop
endfacet
facet normal 0 0 -1
    outer loop
        vertex -0.65576124 3.0827742 0
        vertex -0.655 3.5526316 0
        vertex -0.655 3.0789475 0
    endloop
endfacet
facet normal 0 0 -1
    outer loop
        vertex -0.655 3.5526316 0
        vertex 0.875 4.5 0
        vertex -0.655 3.0789475 0
    endloop
endfacet
facet normal 0 0 -1
    outer loop
        vertex -0.6688268 3.0881863 0
        vertex -0.665 3.5426316 0
        vertex -0.665 3.0889473 0
    endloop
endfacet
facet normal 0 -0 -1
    outer loop
        vertex -0.65576124 3.5488048 0
        vertex -0.65576124 3.0827742 0
        vertex -0.65792894 3.0860186 0
    endloop
endfacet
facet normal 0 -0 -1
    outer loop
        vertex -0.65792894 3.5455606 0
        vertex -0.65792894 3.0860186 0
        vertex -0.66117316 3.0881863 0
    endloop
endfacet
facet normal 0 0 -1
    outer loop
        vertex -0.65792894 3.5455606 0
        vertex -0.66117316 3.0881863 0
        vertex -0.66117316 3.543393 0
    endloop
endfacet
facet normal 0 0 -1
    outer loop
        vertex -0.665 3.0889473 0
        vertex -0.66117316 3.543393 0
        vertex -0.66117316 3.0881863 0
    endloop
endfacet
facet normal 0 0 -1
    outer loop
        vertex -0.675 3.0789475 0
        vertex -0.6742388 3.0751207 0
        vertex -0.675 2.6052632 0
    endloop
endfacet
facet normal -0 -0 -1
    outer loop
        vertex -0.675 3.0789475 0
        vertex -0.675 2.6052632 0
        vertex -0.875 4.5 0
    endloop
endfacet
facet normal 0 -0 -1
    outer loop
        vertex -0.6742388 3.0751207 0
        vertex -0.6742388 2.60909 0
        vertex -0.675 2.6052632 0
    endloop
endfacet
facet normal -0 0 -1
    outer loop
        vertex -0.67207104 3.0718765 0
        vertex -0.6742388 2.60909 0
        vertex -0.6742388 3.0751207 0
    endloop
endfacet
facet normal -0 0 -1
    outer loop
        vertex -0.67207104 2.6123343 0
        vertex -0.6742388 2.60909 0
        vertex -0.67207104 3.0718765 0
    endloop
endfacet
facet normal 0 0 -1
    outer loop
        vertex -0.67207104 3.0718765 0
        vertex -0.6688268 3.0697083 0
        vertex -0.67207104 2.6123343 0
    endloop
endfacet
facet normal 0 -0 -1
    outer loop
        vertex -0.6688268 3.0697083 0
        vertex -0.6688268 2.614502 0
        vertex -0.67207104 2.6123343 0
    endloop
endfacet
facet normal -0 0 -1
    outer loop
        vertex -0.665 3.0689473 0
        vertex -0.6688268 2.614502 0
        vertex -0.6688268 3.0697083 0
    endloop
endfacet
facet normal 0 0 -1
    outer loop
        vertex -0.665 3.5426316 0
        vertex -0.66117316 3.543393 0
        vertex -0.665 3.0889473 0
    endloop
endfacet
facet normal 0 0 -1
    outer loop
        vertex -0.65576124 3.5488048 0
        vertex -0.65792894 3.0860186 0
        vertex -0.65792894 3.5455606 0
    endloop
endfacet
facet normal 0 0 -1
    outer loop
        vertex -0.65576124 2.60909 0
        vertex -0.65792894 2.6123343 0
        vertex -0.65576124 3.0751207 0
    endloop
endfacet
facet normal 0 0 -0.99999994
    outer loop
        vertex -0.65576124 2.60909 0
        vertex -0.655 3.0789475 0
        vertex -0.655 2.6052632 0
    endloop
endfacet
facet normal 0 0 -1
    outer loop
        vertex -0.655 3.0789475 0
        vertex 0.875 4.5 0
        vertex -0.655 2.6052632 0
    endloop
endfacet
facet normal 0 0 -0.99999994
    outer loop
        vertex -0.65576124 3.0751207 0
        vertex -0.655 3.0789475 0
        vertex -0.65576124 2.60909 0
    endloop
endfacet
facet normal 0 0 -1
    outer loop
        vertex -0.6688268 2.614502 0
        vertex -0.665 3.0689473 0
        vertex -0.665 2.6152632 0
    endloop
endfacet
facet normal 0 0 -1
    outer loop
        vertex -0.65792894 3.0718765 0
        vertex -0.66117316 2.614502 0
        vertex -0.66117316 3.0697083 0
    endloop
endfacet
facet normal 0 0 -1
    outer loop
        vertex -0.65792894 2.6123343 0
        vertex -0.65792894 3.0718765 0
        vertex -0.65576124 3.0751207 0
    endloop
endfacet
facet normal 0 0 -1
    outer loop
        vertex -0.665 2.6152632 0
        vertex -0.66117316 3.0697083 0
        vertex -0.66117316 2.614502 0
    endloop
endfacet
facet normal 0 0 -1
    outer loop
        vertex -0.675 2.6052632 0
        vertex -0.6742388 2.6014361 0
        vertex -0.675 2.131579 0
    endloop
endfacet
facet normal -0 -0 -1
    outer loop
        vertex -0.675 2.6052632 0
        vertex -0.675 2.131579 0
        vertex -0.875 4.5 0
    endloop
endfacet
facet normal 0 -0 -1
    outer loop
        vertex -0.6742388 2.6014361 0
        vertex -0.6742388 2.1354058 0
        vertex -0.675 2.131579 0
    endloop
endfacet
facet normal -0 0 -1
    outer loop
        vertex -0.67207104 2.598192 0
        vertex -0.6742388 2.1354058 0
        vertex -0.6742388 2.6014361 0
    endloop
endfacet
facet normal -0 0 -1
    outer loop
        vertex -0.67207104 2.13865 0
        vertex -0.6742388 2.1354058 0
        vertex -0.67207104 2.598192 0
    endloop
endfacet
facet normal 0 0 -1
    outer loop
        vertex -0.67207104 2.598192 0
        vertex -0.6688268 2.5960243 0
        vertex -0.67207104 2.13865 0
    endloop
endfacet
facet normal 0 -0 -1
    outer loop
        vertex -0.6688268 2.5960243 0
        vertex -0.6688268 2.1408176 0
        vertex -0.67207104 2.13865 0
    endloop
endfacet
facet normal -0 0 -1
    outer loop
        vertex -0.665 2.595263 0
        vertex -0.6688268 2.1408176 0
        vertex -0.6688268 2.5960243 0
    endloop
endfacet
facet normal 0 0 -1
    outer loop
        vertex -0.665 3.0689473 0
        vertex -0.66117316 3.0697083 0
        vertex -0.665 2.6152632 0
    endloop
endfacet
facet normal 0 0 -1
    outer loop
        vertex -0.65792894 2.6123343 0
        vertex -0.66117316 2.614502 0
        vertex -0.65792894 3.0718765 0
    endloop
endfacet
facet normal 0 0 -1
    outer loop
        vertex -0.65576124 2.1354058 0
        vertex -0.65792894 2.13865 0
        vertex -0.65576124 2.6014361 0
    endloop
endfacet
facet normal 0 0 -0.99999994
    outer loop
        vertex -0.65576124 2.1354058 0
        vertex -0.655 2.6052632 0
        vertex -0.655 2.131579 0
    endloop
endfacet
facet normal 0 0 -1
    outer loop
        vertex -0.655 2.6052632 0
        vertex 0.875 4.5 0
        vertex -0.655 2.131579 0
    endloop
endfacet
facet normal 0 0 -1
    outer loop
        vertex -0.65576124 2.6014361 0
        vertex -0.655 2.6052632 0
        vertex -0.65576124 2.1354058 0
    endloop
endfacet
facet normal 0 0 -1
    outer loop
        vertex -0.6688268 2.1408176 0
        vertex -0.665 2.595263 0
        vertex -0.665 2.141579 0
    endloop
endfacet
facet normal 0 0 -1
    outer loop
        vertex -0.65576124 2.6014361 0
        vertex -0.65792894 2.13865 0
        vertex -0.65792894 2.598192 0
    endloop
endfacet
facet normal 0 0 -1
    outer loop
        vertex -0.65792894 2.598192 0
        vertex -0.66117316 2.1408176 0
        vertex -0.66117316 2.5960243 0
    endloop
endfacet
facet normal 0 0 -1
    outer loop
        vertex -0.665 2.141579 0
        vertex -0.66117316 2.5960243 0
        vertex -0.66117316 2.1408176 0
    endloop
endfacet
facet normal 0 0 -1
    outer loop
        vertex -0.675 2.131579 0
        vertex -0.6742388 2.127752 0
        vertex -0.675 1.6578947 0
    endloop
endfacet
facet normal -0 0 -1
    outer loop
        vertex -0.675 2.131579 0
        vertex -0.875 -0 0
        vertex -0.875 4.5 0
    endloop
endfacet
facet normal 0 -0 -1
    outer loop
        vertex -0.6742388 2.127752 0
        vertex -0.6742388 1.6617216 0
        vertex -0.675 1.6578947 0
    endloop
endfacet
facet normal -0 0 -1
    outer loop
        vertex -0.67207104 2.124508 0
        vertex -0.6742388 1.6617216 0
        vertex -0.6742388 2.127752 0
    endloop
endfacet
facet normal -0 0 -1
    outer loop
        vertex -0.67207104 1.6649659 0
        vertex -0.6742388 1.6617216 0
        vertex -0.67207104 2.124508 0
    endloop
endfacet
facet normal 0 0 -1
    outer loop
        vertex -0.67207104 2.124508 0
        vertex -0.6688268 2.1223402 0
        vertex -0.67207104 1.6649659 0
    endloop
endfacet
facet normal 0 -0 -1
    outer loop
        vertex -0.6688268 2.1223402 0
        vertex -0.6688268 1.6671336 0
        vertex -0.67207104 1.6649659 0
    endloop
endfacet
facet normal -0 0 -1
    outer loop
        vertex -0.665 2.121579 0
        vertex -0.6688268 1.6671336 0
        vertex -0.6688268 2.1223402 0
    endloop
endfacet
facet normal 0 0 -1
    outer loop
        vertex -0.665 2.595263 0
        vertex -0.66117316 2.5960243 0
        vertex -0.665 2.141579 0
    endloop
endfacet
facet normal 0 0 -1
    outer loop
        vertex -0.65792894 2.13865 0
        vertex -0.66117316 2.1408176 0
        vertex -0.65792894 2.598192 0
    endloop
endfacet
facet normal 0 0 -1
    outer loop
        vertex -0.65576124 1.6617216 0
        vertex -0.65792894 1.6649659 0
        vertex -0.65576124 2.127752 0
    endloop
endfacet
facet normal 0 0 -1
    outer loop
        vertex -0.65576124 1.6617216 0
        vertex -0.655 2.131579 0
        vertex -0.655 1.6578947 0
    endloop
endfacet
facet normal 0 0 -1
    outer loop
        vertex -0.655 2.131579 0
        vertex 0.875 4.5 0
        vertex -0.655 1.6578947 0
    endloop
endfacet
facet normal 0 0 -1
    outer loop
        vertex -0.65576124 2.127752 0
        vertex -0.655 2.131579 0
        vertex -0.65576124 1.6617216 0
    endloop
endfacet
facet normal 0 0 -1
    outer loop
        vertex -0.6688268 1.6671336 0
        vertex -0.665 2.121579 0
        vertex -0.665 1.6678947 0
    endloop
endfacet
facet normal 0 0 -1
    outer loop
        vertex -0.65576124 2.127752 0
        vertex -0.65792894 1.6649659 0
        vertex -0.65792894 2.124508 0
    endloop
endfacet
facet normal 0 0 -1
    outer loop
        vertex -0.65792894 2.124508 0
        vertex -0.66117316 1.6671336 0
        vertex -0.66117316 2.1223402 0
    endloop
endfacet
facet normal 0 0 -1
    outer loop
        vertex -0.665 1.6678947 0
        vertex -0.66117316 2.1223402 0
        vertex -0.66117316 1.6671336 0
    endloop
endfacet
facet normal 0 0 -1
    outer loop
        vertex -0.675 1.6578947 0
        vertex -0.6742388 1.6540679 0
        vertex -0.675 1.1842105 0
    endloop
endfacet
facet normal -0 0 -1
    outer loop
        vertex -0.675 1.6578947 0
        vertex -0.875 -0 0
        vertex -0.675 2.131579 0
    endloop
endfacet
facet normal 0 -0 -1
    outer loop
        vertex -0.6742388 1.6540679 0
        vertex -0.6742388 1.1880374 0
        vertex -0.675 1.1842105 0
    endloop
endfacet
facet normal -0 0 -1
    outer loop
        vertex -0.67207104 1.6508237 0
        vertex -0.6742388 1.1880374 0
        vertex -0.6742388 1.6540679 0
    endloop
endfacet
facet normal -0 0 -1
    outer loop
        vertex -0.67207104 1.1912817 0
        vertex -0.6742388 1.1880374 0
        vertex -0.67207104 1.6508237 0
    endloop
endfacet
facet normal 0 0 -1
    outer loop
        vertex -0.67207104 1.6508237 0
        vertex -0.6688268 1.648656 0
        vertex -0.67207104 1.1912817 0
    endloop
endfacet
facet normal 0 -0 -1
    outer loop
        vertex -0.6688268 1.648656 0
        vertex -0.6688268 1.1934494 0
        vertex -0.67207104 1.1912817 0
    endloop
endfacet
facet normal -0 0 -1
    outer loop
        vertex -0.665 1.6478947 0
        vertex -0.6688268 1.1934494 0
        vertex -0.6688268 1.648656 0
    endloop
endfacet
facet normal 0 0 -1
    outer loop
        vertex -0.665 2.121579 0
        vertex -0.66117316 2.1223402 0
        vertex -0.665 1.6678947 0
    endloop
endfacet
facet normal 0 0 -1
    outer loop
        vertex -0.65792894 1.6649659 0
        vertex -0.66117316 1.6671336 0
        vertex -0.65792894 2.124508 0
    endloop
endfacet
facet normal 0 0 -1
    outer loop
        vertex -0.65576124 1.1880374 0
        vertex -0.65792894 1.1912817 0
        vertex -0.65576124 1.6540679 0
    endloop
endfacet
facet normal 0 0 -1
    outer loop
        vertex -0.65576124 1.1880374 0
        vertex -0.655 1.6578947 0
        vertex -0.655 1.1842105 0
    endloop
endfacet
facet normal 0 0 -1
    outer loop
        vertex -0.655 1.6578947 0
        vertex 0.875 4.5 0
        vertex -0.655 1.1842105 0
    endloop
endfacet
facet normal 0 0 -1
    outer loop
        vertex -0.65576124 1.6540679 0
        vertex -0.655 1.6578947 0
        vertex -0.65576124 1.1880374 0
    endloop
endfacet
facet normal 0 0 -1
    outer loop
        vertex -0.6688268 1.1934494 0
        vertex -0.665 1.6478947 0
        vertex -0.665 1.1942105 0
    endloop
endfacet
facet normal 0 0 -1
    outer loop
        vertex -0.65576124 1.6540679 0
        vertex -0.65792894 1.1912817 0
        vertex -0.65792894 1.6508237 0
    endloop
endfacet
facet normal 0 0 -1
    outer loop
        vertex -0.66117316 1.1934494 0
        vertex -0.65792894 1.6508237 0
        vertex -0.65792894 1.1912817 0
    endloop
endfacet
facet normal 0 0 -1
    outer loop
        vertex -0.665 1.1942105 0
        vertex -0.66117316 1.648656 0
        vertex -0.66117316 1.1934494 0
    endloop
endfacet
facet normal 0 0 -1
    outer loop
        vertex -0.675 1.1842105 0
        vertex -0.6742388 1.1803837 0
        vertex -0.675 0.7105263 0
    endloop
endfacet
facet normal -0 0 -1
    outer loop
        vertex -0.675 1.1842105 0
        vertex -0.875 -0 0
        vertex -0.675 1.6578947 0
    endloop
endfacet
facet normal 0 -0 -1
    outer loop
        vertex -0.6742388 1.1803837 0
        vertex -0.6742388 0.71435314 0
        vertex -0.675 0.7105263 0
    endloop
endfacet
facet normal -0 0 -1
    outer loop
        vertex -0.67207104 1.1771394 0
        vertex -0.6742388 0.71435314 0
        vertex -0.6742388 1.1803837 0
    endloop
endfacet
facet normal -0 0 -1
    outer loop
        vertex -0.67207104 0.71759737 0
        vertex -0.6742388 0.71435314 0
        vertex -0.67207104 1.1771394 0
    endloop
endfacet
facet normal 0 0 -1
    outer loop
        vertex -0.67207104 1.1771394 0
        vertex -0.6688268 1.1749717 0
        vertex -0.67207104 0.71759737 0
    endloop
endfacet
facet normal 0 -0 -0.99999994
    outer loop
        vertex -0.6688268 1.1749717 0
        vertex -0.6688268 0.7197651 0
        vertex -0.67207104 0.71759737 0
    endloop
endfacet
facet normal -0 0 -1
    outer loop
        vertex -0.665 1.1742105 0
        vertex -0.6688268 0.7197651 0
        vertex -0.6688268 1.1749717 0
    endloop
endfacet
facet normal 0 0 -1
    outer loop
        vertex -0.665 1.6478947 0
        vertex -0.66117316 1.648656 0
        vertex -0.665 1.1942105 0
    endloop
endfacet
facet normal 0 0 -1
    outer loop
        vertex -0.66117316 1.1934494 0
        vertex -0.66117316 1.648656 0
        vertex -0.65792894 1.6508237 0
    endloop
endfacet
facet normal 0 0 -1
    outer loop
        vertex -0.65576124 0.71435314 0
        vertex -0.65792894 0.71759737 0
        vertex -0.65576124 1.1803837 0
    endloop
endfacet
facet normal 0 0 -1
    outer loop
        vertex -0.65576124 0.71435314 0
        vertex -0.655 1.1842105 0
        vertex -0.655 0.7105263 0
    endloop
endfacet
facet normal 0 0 -1
    outer loop
        vertex -0.655 1.1842105 0
        vertex 0.875 4.5 0
        vertex -0.655 0.7105263 0
    endloop
endfacet
facet normal 0 0 -0.99999994
    outer loop
        vertex -0.65576124 1.1803837 0
        vertex -0.655 1.1842105 0
        vertex -0.65576124 0.71435314 0
    endloop
endfacet
facet normal 0 0 -1
    outer loop
        vertex -0.65576124 1.1803837 0
        vertex -0.65792894 0.71759737 0
        vertex -0.65792894 1.1771394 0
    endloop
endfacet
facet normal 0 0 -1
    outer loop
        vertex -0.66117316 0.7197651 0
        vertex -0.65792894 1.1771394 0
        vertex -0.65792894 0.71759737 0
    endloop
endfacet
facet normal 0 0 -1
    outer loop
        vertex -0.665 0.7205263 0
        vertex -0.66117316 1.1749717 0
        vertex -0.66117316 0.7197651 0
    endloop
endfacet
facet normal 0 -0 -1
    outer loop
        vertex -0.675 0.7105263 0
        vertex -0.6742388 0.70669943 0
        vertex -0.875 -0 0
    endloop
endfacet
facet normal -0 0 -1
    outer loop
        vertex -0.675 0.7105263 0
        vertex -0.875 -0 0
        vertex -0.675 1.1842105 0
    endloop
endfacet
facet normal 0 -0 -1
    outer loop
        vertex -0.6742388 0.70669943 0
        vertex -0.6742388 0.24066894 0
        vertex -0.875 -0 0
    endloop
endfacet
facet normal -0 0 -1
    outer loop
        vertex -0.67207104 0.7034552 0
        vertex -0.6742388 0.24066894 0
        vertex -0.6742388 0.70669943 0
    endloop
endfacet
facet normal -0 0 -1
    outer loop
        vertex -0.67207104 0.24391317 0
        vertex -0.6742388 0.24066894 0
        vertex -0.67207104 0.7034552 0
    endloop
endfacet
facet normal 0 0 -1
    outer loop
        vertex -0.67207104 0.7034552 0
        vertex -0.6688268 0.7012875 0
        vertex -0.67207104 0.24391317 0
    endloop
endfacet
facet normal 0 -0 -0.99999994
    outer loop
        vertex -0.6688268 0.7012875 0
        vertex -0.6688268 0.2460809 0
        vertex -0.67207104 0.24391317 0
    endloop
endfacet
facet normal -0 0 -1
    outer loop
        vertex -0.665 0.7005263 0
        vertex -0.6688268 0.2460809 0
        vertex -0.6688268 0.7012875 0
    endloop
endfacet
facet normal 0 0 -1
    outer loop
        vertex -0.665 1.1742105 0
        vertex -0.66117316 1.1749717 0
        vertex -0.665 0.7205263 0
    endloop
endfacet
facet normal 0 0 -0.99999994
    outer loop
        vertex -0.66117316 0.7197651 0
        vertex -0.66117316 1.1749717 0
        vertex -0.65792894 1.1771394 0
    endloop
endfacet
facet normal 0 0 -1
    outer loop
        vertex -0.65576124 0.24066894 0
        vertex -0.65792894 0.24391317 0
        vertex -0.65576124 0.70669943 0
    endloop
endfacet
facet normal 0 0 -1
    outer loop
        vertex -0.65576124 0.24066894 0
        vertex -0.655 0.7105263 0
        vertex -0.655 0.23684211 0
    endloop
endfacet
facet normal 0 0 -1
    outer loop
        vertex -0.655 0.7105263 0
        vertex 0.875 4.5 0
        vertex -0.655 0.23684211 0
    endloop
endfacet
facet normal 0 0 -1
    outer loop
        vertex -0.65576124 0.70669943 0
        vertex -0.655 0.7105263 0
        vertex -0.65576124 0.24066894 0
    endloop
endfacet
facet normal 0 -0 -0.99999994
    outer loop
        vertex -0.665 1.1742105 0
        vertex -0.665 0.7205263 0
        vertex -0.6688268 0.7197651 0
    endloop
endfacet
facet normal 0 0 -1
    outer loop
        vertex -0.65576124 0.70669943 0
        vertex -0.65792894 0.24391317 0
        vertex -0.65792894 0.7034552 0
    endloop
endfacet
facet normal 0 0 -1
    outer loop
        vertex -0.66117316 0.2460809 0
        vertex -0.65792894 0.7034552 0
        vertex -0.65792894 0.24391317 0
    endloop
endfacet
facet normal 0 0 -0.99999994
    outer loop
        vertex -0.665 0.2468421 0
        vertex -0.66117316 0.7012875 0
        vertex -0.66117316 0.2460809 0
    endloop
endfacet
facet normal 0 -0 -1
    outer loop
        vertex -0.675 0.23684211 0
        vertex -0.6742388 0.23301528 0
        vertex -0.875 -0 0
    endloop
endfacet
facet normal -0 0 -1
    outer loop
        vertex -0.675 0.23684211 0
        vertex -0.875 -0 0
        vertex -0.6742388 0.24066894 0
    endloop
endfacet
facet normal -0 0 -1
    outer loop
        vertex -0.67207104 -0.22977103 0
        vertex -0.6742388 -0.23301528 0
        vertex -0.875 -0 0
    endloop
endfacet
facet normal -0 0 -1
    outer loop
        vertex -0.67207104 0.22977103 0
        vertex -0.875 -0 0
        vertex -0.6742388 0.23301528 0
    endloop
endfacet
facet normal 0 0 -1
    outer loop
        vertex -0.67207104 -0.22977103 0
        vertex -0.875 -0 0
        vertex -0.6688268 -0.2276033 0
    endloop
endfacet
facet normal 0 -0 -1
    outer loop
        vertex -0.67207104 0.22977103 0
        vertex -0.6688268 0.2276033 0
        vertex -0.875 -0 0
    endloop
endfacet
facet normal -0 0 -1
    outer loop
        vertex -0.665 -0.2268421 0
        vertex -0.6688268 -0.2276033 0
        vertex -0.875 -0 0
    endloop
endfacet
facet normal -0 0 -1
    outer loop
        vertex -0.665 0.2268421 0
        vertex -0.875 -0 0
        vertex -0.6688268 0.2276033 0
    endloop
endfacet
facet normal 0 0 -1
    outer loop
        vertex -0.665 0.7005263 0
        vertex -0.66117316 0.7012875 0
        vertex -0.665 0.2468421 0
    endloop
endfacet
facet normal 0 0 -0.99999994
    outer loop
        vertex -0.66117316 0.2460809 0
        vertex -0.66117316 0.7012875 0
        vertex -0.65792894 0.7034552 0
    endloop
endfacet
facet normal 0 0 -1
    outer loop
        vertex -0.65576124 -0.23301528 0
        vertex -0.65792894 -0.22977103 0
        vertex -0.65576124 0.23301528 0
    endloop
endfacet
facet normal 0 0 -1
    outer loop
        vertex -0.65576124 -0.23301528 0
        vertex -0.655 0.23684211 0
        vertex -0.655 -0.23684211 0
    endloop
endfacet
facet normal 0 0 -1
    outer loop
        vertex -0.655 0.23684211 0
        vertex 0.875 4.5 0
        vertex -0.655 -0.23684211 0
    endloop
endfacet
facet normal 0 0 -0.99999994
    outer loop
        vertex -0.65576124 0.23301528 0
        vertex -0.655 0.23684211 0
        vertex -0.65576124 -0.23301528 0
    endloop
endfacet
facet normal 0 -0 -1
    outer loop
        vertex -0.665 0.7005263 0
        vertex -0.665 0.2468421 0
        vertex -0.6688268 0.2460809 0
    endloop
endfacet
facet normal 0 0 -1
    outer loop
        vertex -0.65576124 0.23301528 0
        vertex -0.65792894 -0.22977103 0
        vertex -0.65792894 0.22977103 0
    endloop
endfacet
facet normal 0 0 -0.99999994
    outer loop
        vertex -0.66117316 -0.2276033 0
        vertex -0.65792894 0.22977103 0
        vertex -0.65792894 -0.22977103 0
    endloop
endfacet
facet normal 0 0 -0.99999994
    outer loop
        vertex -0.665 -0.2268421 0
        vertex -0.66117316 0.2276033 0
        vertex -0.66117316 -0.2276033 0
    endloop
endfacet
facet normal -0 0 -1
    outer loop
        vertex -0.6742388 -0.70669943 0
        vertex -0.675 -0.7105263 0
        vertex -0.875 -0 0
    endloop
endfacet
facet normal 0 0 -1
    outer loop
        vertex -0.6742388 -0.24066894 0
        vertex -0.875 -0 0
        vertex -0.675 -0.23684211 0
    endloop
endfacet
facet normal -0 0 -1
    outer loop
        vertex -0.67207104 -0.24391317 0
        vertex -0.6742388 -0.70669943 0
        vertex -0.6742388 -0.24066894 0
    endloop
endfacet
facet normal -0 0 -1
    outer loop
        vertex -0.67207104 -0.7034552 0
        vertex -0.6742388 -0.70669943 0
        vertex -0.67207104 -0.24391317 0
    endloop
endfacet
facet normal 0 0 -1
    outer loop
        vertex -0.67207104 -0.24391317 0
        vertex -0.6688268 -0.2460809 0
        vertex -0.67207104 -0.7034552 0
    endloop
endfacet
facet normal 0 -0 -0.99999994
    outer loop
        vertex -0.6688268 -0.2460809 0
        vertex -0.6688268 -0.7012875 0
        vertex -0.67207104 -0.7034552 0
    endloop
endfacet
facet normal -0 0 -1
    outer loop
        vertex -0.665 -0.2468421 0
        vertex -0.6688268 -0.7012875 0
        vertex -0.6688268 -0.2460809 0
    endloop
endfacet
facet normal 0 0 -1
    outer loop
        vertex -0.665 0.2268421 0
        vertex -0.66117316 0.2276033 0
        vertex -0.665 -0.2268421 0
    endloop
endfacet
facet normal 0 0 -0.99999994
    outer loop
        vertex -0.66117316 -0.2276033 0
        vertex -0.66117316 0.2276033 0
        vertex -0.65792894 0.22977103 0
    endloop
endfacet
facet normal 0 0 -1
    outer loop
        vertex -0.65576124 -0.70669943 0
        vertex -0.65792894 -0.7034552 0
        vertex -0.65576124 -0.24066894 0
    endloop
endfacet
facet normal 0 0 -1
    outer loop
        vertex -0.65576124 -0.70669943 0
        vertex -0.655 -0.23684211 0
        vertex -0.655 -0.7105263 0
    endloop
endfacet
facet normal 0 0 -1
    outer loop
        vertex -0.655 -0.23684211 0
        vertex 0.875 -4.5 0
        vertex -0.655 -0.7105263 0
    endloop
endfacet
facet normal 0 0 -1
    outer loop
        vertex -0.65576124 -0.24066894 0
        vertex -0.655 -0.23684211 0
        vertex -0.65576124 -0.70669943 0
    endloop
endfacet
facet normal 0 -0 -0.99999994
    outer loop
        vertex -0.665 0.2268421 0
        vertex -0.665 -0.2268421 0
        vertex -0.875 -0 0
    endloop
endfacet
facet normal 0 0 -1
    outer loop
        vertex -0.65576124 -0.24066894 0
        vertex -0.65792894 -0.7034552 0
        vertex -0.65792894 -0.24391317 0
    endloop
endfacet
facet normal 0 0 -1
    outer loop
        vertex -0.66117316 -0.7012875 0
        vertex -0.65792894 -0.24391317 0
        vertex -0.65792894 -0.7034552 0
    endloop
endfacet
facet normal 0 0 -1
    outer loop
        vertex -0.665 -0.7005263 0
        vertex -0.66117316 -0.2460809 0
        vertex -0.66117316 -0.7012875 0
    endloop
endfacet
facet normal -0 -0 -1
    outer loop
        vertex -0.675 -0.7105263 0
        vertex -0.675 -1.1842105 0
        vertex -0.875 -0 0
    endloop
endfacet
facet normal 0 0 -0.99999994
    outer loop
        vertex -0.875 -0 0
        vertex -0.6742388 -0.24066894 0
        vertex -0.6742388 -0.70669943 0
    endloop
endfacet
facet normal -0 0 -1
    outer loop
        vertex -0.6742388 -0.71435314 0
        vertex -0.675 -1.1842105 0
        vertex -0.675 -0.7105263 0
    endloop
endfacet
facet normal -0 0 -1
    outer loop
        vertex -0.6742388 -1.1803837 0
        vertex -0.675 -1.1842105 0
        vertex -0.6742388 -0.71435314 0
    endloop
endfacet
facet normal 0 0 -1
    outer loop
        vertex -0.6742388 -1.1803837 0
        vertex -0.6742388 -0.71435314 0
        vertex -0.67207104 -0.71759737 0
    endloop
endfacet
facet normal 0 0 -1
    outer loop
        vertex -0.67207104 -0.71759737 0
        vertex -0.6688268 -0.7197651 0
        vertex -0.67207104 -1.1771394 0
    endloop
endfacet
facet normal 0 -0 -0.99999994
    outer loop
        vertex -0.6688268 -0.7197651 0
        vertex -0.6688268 -1.1749717 0
        vertex -0.67207104 -1.1771394 0
    endloop
endfacet
facet normal -0 0 -1
    outer loop
        vertex -0.665 -0.7205263 0
        vertex -0.6688268 -1.1749717 0
        vertex -0.6688268 -0.7197651 0
    endloop
endfacet
facet normal 0 0 -1
    outer loop
        vertex -0.665 -0.2468421 0
        vertex -0.66117316 -0.2460809 0
        vertex -0.665 -0.7005263 0
    endloop
endfacet
facet normal 0 0 -0.99999994
    outer loop
        vertex -0.66117316 -0.7012875 0
        vertex -0.66117316 -0.2460809 0
        vertex -0.65792894 -0.24391317 0
    endloop
endfacet
facet normal 0 0 -1
    outer loop
        vertex -0.65576124 -1.1803837 0
        vertex -0.65792894 -1.1771394 0
        vertex -0.65576124 -0.71435314 0
    endloop
endfacet
facet normal 0 0 -1
    outer loop
        vertex -0.65576124 -1.1803837 0
        vertex -0.655 -0.7105263 0
        vertex -0.655 -1.1842105 0
    endloop
endfacet
facet normal 0 0 -1
    outer loop
        vertex -0.655 -0.7105263 0
        vertex 0.875 -4.5 0
        vertex -0.655 -1.1842105 0
    endloop
endfacet
facet normal 0 0 -0.99999994
    outer loop
        vertex -0.65576124 -0.71435314 0
        vertex -0.655 -0.7105263 0
        vertex -0.65576124 -1.1803837 0
    endloop
endfacet
facet normal 0 -0 -1
    outer loop
        vertex -0.665 -0.2468421 0
        vertex -0.665 -0.7005263 0
        vertex -0.6688268 -0.7012875 0
    endloop
endfacet
facet normal 0 0 -1
    outer loop
        vertex -0.65576124 -0.71435314 0
        vertex -0.65792894 -1.1771394 0
        vertex -0.65792894 -0.71759737 0
    endloop
endfacet
facet normal 0 0 -1
    outer loop
        vertex -0.66117316 -1.1749717 0
        vertex -0.65792894 -0.71759737 0
        vertex -0.65792894 -1.1771394 0
    endloop
endfacet
facet normal 0 0 -1
    outer loop
        vertex -0.665 -1.1742105 0
        vertex -0.66117316 -0.7197651 0
        vertex -0.66117316 -1.1749717 0
    endloop
endfacet
facet normal -0 -0 -1
    outer loop
        vertex -0.675 -1.1842105 0
        vertex -0.675 -1.6578947 0
        vertex -0.875 -0 0
    endloop
endfacet
facet normal 0 -0 -1
    outer loop
        vertex -0.67207104 -0.71759737 0
        vertex -0.67207104 -1.1771394 0
        vertex -0.6742388 -1.1803837 0
    endloop
endfacet
facet normal -0 0 -0.99999994
    outer loop
        vertex -0.6742388 -1.1880374 0
        vertex -0.675 -1.6578947 0
        vertex -0.675 -1.1842105 0
    endloop
endfacet
facet normal -0 0 -1
    outer loop
        vertex -0.6742388 -1.6540679 0
        vertex -0.675 -1.6578947 0
        vertex -0.6742388 -1.1880374 0
    endloop
endfacet
facet normal 0 0 -1
    outer loop
        vertex -0.6742388 -1.6540679 0
        vertex -0.6742388 -1.1880374 0
        vertex -0.67207104 -1.1912817 0
    endloop
endfacet
facet normal 0 -0 -1
    outer loop
        vertex -0.67207104 -1.1912817 0
        vertex -0.67207104 -1.6508237 0
        vertex -0.6742388 -1.6540679 0
    endloop
endfacet
facet normal -0 0 -1
    outer loop
        vertex -0.6688268 -1.1934494 0
        vertex -0.67207104 -1.6508237 0
        vertex -0.67207104 -1.1912817 0
    endloop
endfacet
facet normal -0 0 -1
    outer loop
        vertex -0.665 -1.1942105 0
        vertex -0.6688268 -1.648656 0
        vertex -0.6688268 -1.1934494 0
    endloop
endfacet
facet normal 0 0 -1
    outer loop
        vertex -0.665 -0.7205263 0
        vertex -0.66117316 -0.7197651 0
        vertex -0.665 -1.1742105 0
    endloop
endfacet
facet normal 0 0 -0.99999994
    outer loop
        vertex -0.66117316 -1.1749717 0
        vertex -0.66117316 -0.7197651 0
        vertex -0.65792894 -0.71759737 0
    endloop
endfacet
facet normal 0 0 -1
    outer loop
        vertex -0.65576124 -1.6540679 0
        vertex -0.65792894 -1.6508237 0
        vertex -0.65576124 -1.1880374 0
    endloop
endfacet
facet normal 0 0 -1
    outer loop
        vertex -0.65576124 -1.6540679 0
        vertex -0.655 -1.1842105 0
        vertex -0.655 -1.6578947 0
    endloop
endfacet
facet normal 0 0 -1
    outer loop
        vertex -0.655 -1.1842105 0
        vertex 0.875 -4.5 0
        vertex -0.655 -1.6578947 0
    endloop
endfacet
facet normal 0 0 -1
    outer loop
        vertex -0.65576124 -1.1880374 0
        vertex -0.655 -1.1842105 0
        vertex -0.65576124 -1.6540679 0
    endloop
endfacet
facet normal 0 -0 -0.99999994
    outer loop
        vertex -0.665 -0.7205263 0
        vertex -0.665 -1.1742105 0
        vertex -0.6688268 -1.1749717 0
    endloop
endfacet
facet normal 0 0 -1
    outer loop
        vertex -0.65576124 -1.1880374 0
        vertex -0.65792894 -1.6508237 0
        vertex -0.65792894 -1.1912817 0
    endloop
endfacet
facet normal 0 0 -1
    outer loop
        vertex -0.66117316 -1.648656 0
        vertex -0.65792894 -1.1912817 0
        vertex -0.65792894 -1.6508237 0
    endloop
endfacet
facet normal 0 0 -1
    outer loop
        vertex -0.665 -1.6478947 0
        vertex -0.66117316 -1.1934494 0
        vertex -0.66117316 -1.648656 0
    endloop
endfacet
facet normal -0 -0 -1
    outer loop
        vertex -0.675 -1.6578947 0
        vertex -0.675 -2.131579 0
        vertex -0.875 -0 0
    endloop
endfacet
facet normal -0 0 -1
    outer loop
        vertex -0.6688268 -1.648656 0
        vertex -0.67207104 -1.6508237 0
        vertex -0.6688268 -1.1934494 0
    endloop
endfacet
facet normal -0 0 -0.99999994
    outer loop
        vertex -0.6742388 -1.6617216 0
        vertex -0.675 -2.131579 0
        vertex -0.675 -1.6578947 0
    endloop
endfacet
facet normal -0 0 -1
    outer loop
        vertex -0.6742388 -2.127752 0
        vertex -0.675 -2.131579 0
        vertex -0.6742388 -1.6617216 0
    endloop
endfacet
facet normal 0 0 -1
    outer loop
        vertex -0.6742388 -2.127752 0
        vertex -0.6742388 -1.6617216 0
        vertex -0.67207104 -1.6649659 0
    endloop
endfacet
facet normal 0 -0 -1
    outer loop
        vertex -0.67207104 -1.6649659 0
        vertex -0.67207104 -2.124508 0
        vertex -0.6742388 -2.127752 0
    endloop
endfacet
facet normal -0 0 -1
    outer loop
        vertex -0.6688268 -1.6671336 0
        vertex -0.67207104 -2.124508 0
        vertex -0.67207104 -1.6649659 0
    endloop
endfacet
facet normal -0 0 -1
    outer loop
        vertex -0.6688268 -2.1223402 0
        vertex -0.67207104 -2.124508 0
        vertex -0.6688268 -1.6671336 0
    endloop
endfacet
facet normal 0 0 -1
    outer loop
        vertex -0.665 -1.1942105 0
        vertex -0.66117316 -1.1934494 0
        vertex -0.665 -1.6478947 0
    endloop
endfacet
facet normal 0 0 -1
    outer loop
        vertex -0.66117316 -1.648656 0
        vertex -0.66117316 -1.1934494 0
        vertex -0.65792894 -1.1912817 0
    endloop
endfacet
facet normal 0 0 -1
    outer loop
        vertex -0.65792894 -2.124508 0
        vertex -0.65792894 -1.6649659 0
        vertex -0.65576124 -1.6617216 0
    endloop
endfacet
facet normal 0 0 -1
    outer loop
        vertex -0.65576124 -2.127752 0
        vertex -0.655 -1.6578947 0
        vertex -0.655 -2.131579 0
    endloop
endfacet
facet normal 0 0 -1
    outer loop
        vertex -0.655 -1.6578947 0
        vertex 0.875 -4.5 0
        vertex -0.655 -2.131579 0
    endloop
endfacet
facet normal 0 0 -1
    outer loop
        vertex -0.65576124 -1.6617216 0
        vertex -0.655 -1.6578947 0
        vertex -0.65576124 -2.127752 0
    endloop
endfacet
facet normal 0 -0 -1
    outer loop
        vertex -0.65576124 -1.6617216 0
        vertex -0.65576124 -2.127752 0
        vertex -0.65792894 -2.124508 0
    endloop
endfacet
facet normal 0 -0 -1
    outer loop
        vertex -0.665 -1.1942105 0
        vertex -0.665 -1.6478947 0
        vertex -0.6688268 -1.648656 0
    endloop
endfacet
facet normal 0 0 -1
    outer loop
        vertex -0.66117316 -2.1223402 0
        vertex -0.65792894 -1.6649659 0
        vertex -0.65792894 -2.124508 0
    endloop
endfacet
facet normal 0 0 -1
    outer loop
        vertex -0.665 -2.121579 0
        vertex -0.66117316 -1.6671336 0
        vertex -0.66117316 -2.1223402 0
    endloop
endfacet
facet normal -0 0 -1
    outer loop
        vertex -0.675 -2.131579 0
        vertex -0.875 -4.5 0
        vertex -0.875 -0 0
    endloop
endfacet
facet normal 0 0 -1
    outer loop
        vertex -0.6688268 -2.1223402 0
        vertex -0.665 -1.6678947 0
        vertex -0.665 -2.121579 0
    endloop
endfacet
facet normal -0 0 -1
    outer loop
        vertex -0.675 -2.6052632 0
        vertex -0.875 -4.5 0
        vertex -0.675 -2.131579 0
    endloop
endfacet
facet normal 0 0 -1
    outer loop
        vertex -0.675 -2.6052632 0
        vertex -0.675 -2.131579 0
        vertex -0.6742388 -2.1354058 0
    endloop
endfacet
facet normal 0 0 -1
    outer loop
        vertex -0.675 -2.6052632 0
        vertex -0.6742388 -2.1354058 0
        vertex -0.6742388 -2.6014361 0
    endloop
endfacet
facet normal -0 0 -1
    outer loop
        vertex -0.67207104 -2.13865 0
        vertex -0.6742388 -2.6014361 0
        vertex -0.6742388 -2.1354058 0
    endloop
endfacet
facet normal -0 0 -1
    outer loop
        vertex -0.67207104 -2.598192 0
        vertex -0.6742388 -2.6014361 0
        vertex -0.67207104 -2.13865 0
    endloop
endfacet
facet normal -0 0 -1
    outer loop
        vertex -0.6688268 -2.5960243 0
        vertex -0.67207104 -2.598192 0
        vertex -0.6688268 -2.1408176 0
    endloop
endfacet
facet normal 0 0 -1
    outer loop
        vertex -0.665 -1.6678947 0
        vertex -0.66117316 -1.6671336 0
        vertex -0.665 -2.121579 0
    endloop
endfacet
facet normal 0 0 -1
    outer loop
        vertex -0.66117316 -2.1223402 0
        vertex -0.66117316 -1.6671336 0
        vertex -0.65792894 -1.6649659 0
    endloop
endfacet
facet normal 0 0 -1
    outer loop
        vertex -0.65792894 -2.598192 0
        vertex -0.65792894 -2.13865 0
        vertex -0.65576124 -2.1354058 0
    endloop
endfacet
facet normal 0 0 -1
    outer loop
        vertex -0.655 -2.131579 0
        vertex 0.875 -4.5 0
        vertex -0.655 -2.6052632 0
    endloop
endfacet
facet normal 0 0 -1
    outer loop
        vertex -0.65576124 -2.1354058 0
        vertex -0.655 -2.131579 0
        vertex -0.65576124 -2.6014361 0
    endloop
endfacet
facet normal 0 -0 -1
    outer loop
        vertex 0.875 4.5 0
        vertex 0.875 -4.5 0
        vertex -0.655 -0.23684211 0
    endloop
endfacet
facet normal 0 -0 -1
    outer loop
        vertex -0.65576124 -2.1354058 0
        vertex -0.65576124 -2.6014361 0
        vertex -0.65792894 -2.598192 0
    endloop
endfacet
facet normal -0 0 -1
    outer loop
        vertex -0.665 -1.6678947 0
        vertex -0.6688268 -2.1223402 0
        vertex -0.6688268 -1.6671336 0
    endloop
endfacet
facet normal 0 0 -1
    outer loop
        vertex -0.66117316 -2.5960243 0
        vertex -0.65792894 -2.13865 0
        vertex -0.65792894 -2.598192 0
    endloop
endfacet
facet normal 0 0 -1
    outer loop
        vertex -0.66117316 -2.1408176 0
        vertex -0.65792894 -2.13865 0
        vertex -0.66117316 -2.5960243 0
    endloop
endfacet
facet normal -0 0 -1
    outer loop
        vertex -0.6688268 -2.1408176 0
        vertex -0.67207104 -2.598192 0
        vertex -0.67207104 -2.13865 0
    endloop
endfacet
facet normal 0 0 -1
    outer loop
        vertex -0.6688268 -2.5960243 0
        vertex -0.665 -2.141579 0
        vertex -0.665 -2.595263 0
    endloop
endfacet
facet normal -0 0 -1
    outer loop
        vertex -0.675 -3.0789475 0
        vertex -0.875 -4.5 0
        vertex -0.675 -2.6052632 0
    endloop
endfacet
facet normal 0 0 -1
    outer loop
        vertex -0.675 -3.0789475 0
        vertex -0.675 -2.6052632 0
        vertex -0.6742388 -2.60909 0
    endloop
endfacet
facet normal 0 0 -1
    outer loop
        vertex -0.675 -3.0789475 0
        vertex -0.6742388 -2.60909 0
        vertex -0.6742388 -3.0751207 0
    endloop
endfacet
facet normal -0 0 -1
    outer loop
        vertex -0.67207104 -2.6123343 0
        vertex -0.6742388 -3.0751207 0
        vertex -0.6742388 -2.60909 0
    endloop
endfacet
facet normal -0 0 -1
    outer loop
        vertex -0.67207104 -3.0718765 0
        vertex -0.6742388 -3.0751207 0
        vertex -0.67207104 -2.6123343 0
    endloop
endfacet
facet normal 0 0 -1
    outer loop
        vertex -0.67207104 -3.0718765 0
        vertex -0.67207104 -2.6123343 0
        vertex -0.6688268 -2.614502 0
    endloop
endfacet
facet normal 0 0 -1
    outer loop
        vertex -0.665 -2.141579 0
        vertex -0.66117316 -2.1408176 0
        vertex -0.665 -2.595263 0
    endloop
endfacet
facet normal 0 0 -1
    outer loop
        vertex -0.665 -2.595263 0
        vertex -0.66117316 -2.1408176 0
        vertex -0.66117316 -2.5960243 0
    endloop
endfacet
facet normal 0 0 -1
    outer loop
        vertex -0.65792894 -3.0718765 0
        vertex -0.65792894 -2.6123343 0
        vertex -0.65576124 -2.60909 0
    endloop
endfacet
facet normal 0 0 -0.99999994
    outer loop
        vertex -0.65576124 -3.0751207 0
        vertex -0.655 -2.6052632 0
        vertex -0.655 -3.0789475 0
    endloop
endfacet
facet normal 0 0 -1
    outer loop
        vertex -0.655 -2.6052632 0
        vertex 0.875 -4.5 0
        vertex -0.655 -3.0789475 0
    endloop
endfacet
facet normal 0 0 -0.99999994
    outer loop
        vertex -0.65576124 -2.60909 0
        vertex -0.655 -2.6052632 0
        vertex -0.65576124 -3.0751207 0
    endloop
endfacet
facet normal 0 -0 -0.99999994
    outer loop
        vertex -0.655 -2.131579 0
        vertex -0.655 -2.6052632 0
        vertex -0.65576124 -2.6014361 0
    endloop
endfacet
facet normal 0 -0 -1
    outer loop
        vertex -0.65576124 -2.60909 0
        vertex -0.65576124 -3.0751207 0
        vertex -0.65792894 -3.0718765 0
    endloop
endfacet
facet normal -0 0 -1
    outer loop
        vertex -0.665 -2.141579 0
        vertex -0.6688268 -2.5960243 0
        vertex -0.6688268 -2.1408176 0
    endloop
endfacet
facet normal 0 0 -1
    outer loop
        vertex -0.66117316 -3.0697083 0
        vertex -0.65792894 -2.6123343 0
        vertex -0.65792894 -3.0718765 0
    endloop
endfacet
facet normal 0 0 -1
    outer loop
        vertex -0.66117316 -2.614502 0
        vertex -0.65792894 -2.6123343 0
        vertex -0.66117316 -3.0697083 0
    endloop
endfacet
facet normal 0 0 -1
    outer loop
        vertex -0.6688268 -3.0697083 0
        vertex -0.665 -2.6152632 0
        vertex -0.665 -3.0689473 0
    endloop
endfacet
facet normal 0 0 -1
    outer loop
        vertex -0.6688268 -2.614502 0
        vertex -0.665 -2.6152632 0
        vertex -0.6688268 -3.0697083 0
    endloop
endfacet
facet normal -0 0 -1
    outer loop
        vertex -0.675 -3.5526316 0
        vertex -0.875 -4.5 0
        vertex -0.675 -3.0789475 0
    endloop
endfacet
facet normal -0 0 -1
    outer loop
        vertex -0.6742388 -3.5488048 0
        vertex -0.675 -3.5526316 0
        vertex -0.6742388 -3.0827742 0
    endloop
endfacet
facet normal 0 -0 -1
    outer loop
        vertex -0.6688268 -2.614502 0
        vertex -0.6688268 -3.0697083 0
        vertex -0.67207104 -3.0718765 0
    endloop
endfacet
facet normal 0 0 -1
    outer loop
        vertex -0.6742388 -3.5488048 0
        vertex -0.6742388 -3.0827742 0
        vertex -0.67207104 -3.0860186 0
    endloop
endfacet
facet normal 0 -0 -1
    outer loop
        vertex -0.67207104 -3.0860186 0
        vertex -0.67207104 -3.5455606 0
        vertex -0.6742388 -3.5488048 0
    endloop
endfacet
facet normal -0 0 -1
    outer loop
        vertex -0.6688268 -3.0881863 0
        vertex -0.67207104 -3.5455606 0
        vertex -0.67207104 -3.0860186 0
    endloop
endfacet
facet normal -0 0 -1
    outer loop
        vertex -0.6688268 -3.543393 0
        vertex -0.67207104 -3.5455606 0
        vertex -0.6688268 -3.0881863 0
    endloop
endfacet
facet normal 0 0 -1
    outer loop
        vertex -0.665 -2.6152632 0
        vertex -0.66117316 -2.614502 0
        vertex -0.665 -3.0689473 0
    endloop
endfacet
facet normal 0 0 -1
    outer loop
        vertex -0.665 -3.0689473 0
        vertex -0.66117316 -2.614502 0
        vertex -0.66117316 -3.0697083 0
    endloop
endfacet
facet normal 0 0 -1
    outer loop
        vertex -0.65792894 -3.5455606 0
        vertex -0.65792894 -3.0860186 0
        vertex -0.65576124 -3.0827742 0
    endloop
endfacet
facet normal 0 0 -1
    outer loop
        vertex -0.65576124 -3.5488048 0
        vertex -0.655 -3.0789475 0
        vertex -0.655 -3.5526316 0
    endloop
endfacet
facet normal 0 0 -1
    outer loop
        vertex -0.655 -3.0789475 0
        vertex 0.875 -4.5 0
        vertex -0.655 -3.5526316 0
    endloop
endfacet
facet normal 0 -0 -1
    outer loop
        vertex -0.65576124 -3.0827742 0
        vertex -0.65576124 -3.5488048 0
        vertex -0.65792894 -3.5455606 0
    endloop
endfacet
facet normal 0 0 -0.99999994
    outer loop
        vertex -0.655 -3.0789475 0
        vertex -0.65576124 -3.5488048 0
        vertex -0.65576124 -3.0827742 0
    endloop
endfacet
facet normal 0 0 -1
    outer loop
        vertex -0.6688268 -3.0881863 0
        vertex -0.665 -3.0889473 0
        vertex -0.6688268 -3.543393 0
    endloop
endfacet
facet normal 0 0 -1
    outer loop
        vertex -0.66117316 -3.543393 0
        vertex -0.65792894 -3.0860186 0
        vertex -0.65792894 -3.5455606 0
    endloop
endfacet
facet normal 0 0 -1
    outer loop
        vertex -0.66117316 -3.0881863 0
        vertex -0.65792894 -3.0860186 0
        vertex -0.66117316 -3.543393 0
    endloop
endfacet
facet normal 0 -0 -1
    outer loop
        vertex -0.675 -3.5526316 0
        vertex -0.675 -4.0263157 0
        vertex -0.875 -4.5 0
    endloop
endfacet
facet normal 0 0 -1
    outer loop
        vertex -0.6688268 -3.543393 0
        vertex -0.665 -3.0889473 0
        vertex -0.665 -3.5426316 0
    endloop
endfacet
facet normal -0 0 -1
    outer loop
        vertex -0.6742388 -3.5564585 0
        vertex -0.675 -4.0263157 0
        vertex -0.675 -3.5526316 0
    endloop
endfacet
facet normal -0 0 -1
    outer loop
        vertex -0.6742388 -4.022489 0
        vertex -0.675 -4.0263157 0
        vertex -0.6742388 -3.5564585 0
    endloop
endfacet
facet normal 0 0 -1
    outer loop
        vertex -0.6742388 -4.022489 0
        vertex -0.6742388 -3.5564585 0
        vertex -0.67207104 -3.5597026 0
    endloop
endfacet
facet normal 0 0 -1
    outer loop
        vertex -0.67207104 -3.5597026 0
        vertex -0.6688268 -3.5618703 0
        vertex -0.67207104 -4.0192447 0
    endloop
endfacet
facet normal 0 -0 -1
    outer loop
        vertex -0.6688268 -3.5618703 0
        vertex -0.6688268 -4.017077 0
        vertex -0.67207104 -4.0192447 0
    endloop
endfacet
facet normal 0 0 -1
    outer loop
        vertex -0.665 -3.0889473 0
        vertex -0.66117316 -3.0881863 0
        vertex -0.665 -3.5426316 0
    endloop
endfacet
facet normal 0 0 -1
    outer loop
        vertex -0.665 -3.5626316 0
        vertex -0.66117316 -3.5618703 0
        vertex -0.665 -4.016316 0
    endloop
endfacet
facet normal 0 -0 -1
    outer loop
        vertex -0.665 -3.5626316 0
        vertex -0.665 -4.016316 0
        vertex -0.6688268 -4.017077 0
    endloop
endfacet
facet normal 0 0 -1
    outer loop
        vertex -0.665 -3.5426316 0
        vertex -0.66117316 -3.0881863 0
        vertex -0.66117316 -3.543393 0
    endloop
endfacet
facet normal 0 0 -1
    outer loop
        vertex -0.65792894 -4.0192447 0
        vertex -0.65792894 -3.5597026 0
        vertex -0.65576124 -3.5564585 0
    endloop
endfacet
facet normal 0 0 -1
    outer loop
        vertex -0.65576124 -3.5564585 0
        vertex -0.655 -3.5526316 0
        vertex 0.875 -4.5 0
    endloop
endfacet
facet normal 0 0 -1
    outer loop
        vertex -0.65576124 -4.022489 0
        vertex 0.875 -4.5 0
        vertex -0.655 -4.0263157 0
    endloop
endfacet
facet normal 0 -0 -1
    outer loop
        vertex -0.65576124 -3.5564585 0
        vertex -0.65576124 -4.022489 0
        vertex -0.65792894 -4.0192447 0
    endloop
endfacet
facet normal 0 0 -1
    outer loop
        vertex -0.6688268 -4.017077 0
        vertex -0.6688268 -3.5618703 0
        vertex -0.665 -3.5626316 0
    endloop
endfacet
facet normal 0 0 -0.99999994
    outer loop
        vertex 0.875 -4.5 0
        vertex -0.65576124 -4.022489 0
        vertex -0.65576124 -3.5564585 0
    endloop
endfacet
facet normal 0 0 -1
    outer loop
        vertex -0.66117316 -4.017077 0
        vertex -0.65792894 -3.5597026 0
        vertex -0.65792894 -4.0192447 0
    endloop
endfacet
facet normal 0 0 -1
    outer loop
        vertex -0.66117316 -3.5618703 0
        vertex -0.65792894 -3.5597026 0
        vertex -0.66117316 -4.017077 0
    endloop
endfacet
facet normal 0 -0 -1
    outer loop
        vertex -0.675 -4.0263157 0
        vertex -0.6742388 -4.0301423 0
        vertex -0.875 -4.5 0
    endloop
endfacet
facet normal 0 -0 -1
    outer loop
        vertex -0.67207104 -3.5597026 0
        vertex -0.67207104 -4.0192447 0
        vertex -0.6742388 -4.022489 0
    endloop
endfacet
facet normal 0 -0 -1
    outer loop
        vertex -0.6742388 -4.0301423 0
        vertex -0.67207104 -4.0333867 0
        vertex -0.875 -4.5 0
    endloop
endfacet
facet normal 0 -0 -1
    outer loop
        vertex -0.67207104 -4.0333867 0
        vertex -0.6688268 -4.0355544 0
        vertex -0.875 -4.5 0
    endloop
endfacet
facet normal -0 0 -1
    outer loop
        vertex -0.6688268 -4.4907613 0
        vertex -0.875 -4.5 0
        vertex -0.6688268 -4.0355544 0
    endloop
endfacet
facet normal 0 0 -1
    outer loop
        vertex -0.6688268 -4.4907613 0
        vertex -0.6688268 -4.0355544 0
        vertex -0.665 -4.0363154 0
    endloop
endfacet
facet normal 0 0 -1
    outer loop
        vertex -0.665 -4.49 0
        vertex -0.665 -4.0363154 0
        vertex -0.66117316 -4.0355544 0
    endloop
endfacet
facet normal 0 0 -1
    outer loop
        vertex -0.665 -4.49 0
        vertex -0.66117316 -4.0355544 0
        vertex -0.66117316 -4.4907613 0
    endloop
endfacet
facet normal 0 0 -1
    outer loop
        vertex -0.665 -4.016316 0
        vertex -0.66117316 -3.5618703 0
        vertex -0.66117316 -4.017077 0
    endloop
endfacet
facet normal 0 0 -1
    outer loop
        vertex -0.65792894 -4.492929 0
        vertex -0.65792894 -4.0333867 0
        vertex -0.65576124 -4.0301423 0
    endloop
endfacet
facet normal 0 0 -1
    outer loop
        vertex -0.65576124 -4.0301423 0
        vertex -0.655 -4.0263157 0
        vertex 0.875 -4.5 0
    endloop
endfacet
facet normal 0 0 -0.99999994
    outer loop
        vertex -0.65576124 -4.496173 0
        vertex 0.875 -4.5 0
        vertex -0.655 -4.5 0
    endloop
endfacet
facet normal 0 0 -0.99999994
    outer loop
        vertex -0.65576124 -4.0301423 0
        vertex 0.875 -4.5 0
        vertex -0.65576124 -4.496173 0
    endloop
endfacet
facet normal 0 -0 -1
    outer loop
        vertex -0.665 -4.0363154 0
        vertex -0.665 -4.49 0
        vertex -0.6688268 -4.4907613 0
    endloop
endfacet
facet normal 0 0 -0.99999994
    outer loop
        vertex -0.66117316 -4.4907613 0
        vertex -0.66117316 -4.0355544 0
        vertex -0.65792894 -4.0333867 0
    endloop
endfacet
facet normal 0 0 -1
    outer loop
        vertex -0.65576124 -4.496173 0
        vertex -0.65792894 -4.492929 0
        vertex -0.65576124 -4.0301423 0
    endloop
endfacet
facet normal 0 0 -1
    outer loop
        vertex -0.675 -4.5 0
        vertex -0.875 -4.5 0
        vertex -0.6742388 -4.496173 0
    endloop
endfacet
facet normal 0 0 -1
    outer loop
        vertex -0.6742388 -4.5038266 0
        vertex -0.675 -4.5 0
        vertex -0.655 -4.5 0
    endloop
endfacet
facet normal 0 0 -1
    outer loop
        vertex -0.6742388 -4.5038266 0
        vertex -0.655 -4.5 0
        vertex -0.67207104 -4.507071 0
    endloop
endfacet
facet normal 0 0 -1
    outer loop
        vertex -0.67207104 -4.507071 0
        vertex -0.655 -4.5 0
        vertex -0.6688268 -4.5092387 0
    endloop
endfacet
facet normal 0 0 -1
    outer loop
        vertex -0.6688268 -4.5092387 0
        vertex -0.655 -4.5 0
        vertex -0.665 -4.51 0
    endloop
endfacet
facet normal -0 0 -1
    outer loop
        vertex -0.66117316 -4.5092387 0
        vertex -0.665 -4.51 0
        vertex -0.655 -4.5 0
    endloop
endfacet
facet normal 0 0 -1
    outer loop
        vertex -0.66117316 -4.5092387 0
        vertex -0.655 -4.5 0
        vertex -0.65792894 -4.507071 0
    endloop
endfacet
facet normal 0 0 -0.99999994
    outer loop
        vertex -0.65792894 -4.507071 0
        vertex -0.655 -4.5 0
        vertex -0.65576124 -4.5038266 0
    endloop
endfacet
facet normal 0 -0 -1
    outer loop
        vertex -0.65792894 -4.0333867 0
        vertex -0.65792894 -4.492929 0
        vertex -0.66117316 -4.4907613 0
    endloop
endfacet
facet normal 0 0 -1
    outer loop
        vertex -0.67207104 -4.492929 0
        vertex -0.6742388 -4.496173 0
        vertex -0.875 -4.5 0
    endloop
endfacet
facet normal -0 0 -0.99999994
    outer loop
        vertex -0.67207104 -4.492929 0
        vertex -0.875 -4.5 0
        vertex -0.6688268 -4.4907613 0
    endloop
endfacet
facet normal -0 0 -1
    outer loop
        vertex -0.6742388 -3.0827742 0
        vertex -0.675 -3.5526316 0
        vertex -0.675 -3.0789475 0
    endloop
endfacet
facet normal 0 0 1
    outer loop
        vertex -0.875 -0 0.2
        vertex -0.675 -0.23684211 0.2
        vertex -0.6742388 -0.23301528 0.2
    endloop
endfacet
facet normal 0 0 0.99999994
    outer loop
        vertex -0.65792894 4.507071 0.2
        vertex -0.655 4.5 0.2
        vertex -0.65576124 4.5038266 0.2
    endloop
endfacet
facet normal 0 0 1
    outer loop
        vertex -0.66117316 4.5092387 0.2
        vertex -0.655 4.5 0.2
        vertex -0.65792894 4.507071 0.2
    endloop
endfacet
facet normal 0 0 1
    outer loop
        vertex -0.665 4.51 0.2
        vertex -0.655 4.5 0.2
        vertex -0.66117316 4.5092387 0.2
    endloop
endfacet
facet normal -0 0 1
    outer loop
        vertex -0.6688268 4.5092387 0.2
        vertex -0.655 4.5 0.2
        vertex -0.665 4.51 0.2
    endloop
endfacet
facet normal -0 0 1
    outer loop
        vertex -0.67207104 4.507071 0.2
        vertex -0.655 4.5 0.2
        vertex -0.6688268 4.5092387 0.2
    endloop
endfacet
facet normal 0 0 1
    outer loop
        vertex -0.67207104 4.507071 0.2
        vertex -0.6742388 4.5038266 0.2
        vertex -0.655 4.5 0.2
    endloop
endfacet
facet normal 0 0 1
    outer loop
        vertex -0.6742388 4.5038266 0.2
        vertex -0.675 4.5 0.2
        vertex -0.655 4.5 0.2
    endloop
endfacet
facet normal 0 0 1
    outer loop
        vertex -0.67207104 4.492929 0.2
        vertex -0.6742388 4.496173 0.2
        vertex -0.875 4.5 0.2
    endloop
endfacet
facet normal 0 0 0.99999994
    outer loop
        vertex -0.6688268 4.4907613 0.2
        vertex -0.67207104 4.492929 0.2
        vertex -0.875 4.5 0.2
    endloop
endfacet
facet normal 0 0 1
    outer loop
        vertex -0.665 4.49 0.2
        vertex -0.6688268 4.0355544 0.2
        vertex -0.665 4.0363154 0.2
    endloop
endfacet
facet normal 0 0 1
    outer loop
        vertex -0.665 4.49 0.2
        vertex -0.6688268 4.4907613 0.2
        vertex -0.6688268 4.0355544 0.2
    endloop
endfacet
facet normal 0 0 0.99999994
    outer loop
        vertex -0.66117316 4.4907613 0.2
        vertex -0.665 4.49 0.2
        vertex -0.665 4.0363154 0.2
    endloop
endfacet
facet normal -0 0 1
    outer loop
        vertex -0.665 4.0363154 0.2
        vertex -0.66117316 4.0355544 0.2
        vertex -0.66117316 4.4907613 0.2
    endloop
endfacet
facet normal 0 -0 1
    outer loop
        vertex -0.6688268 4.0355544 0.2
        vertex -0.6688268 4.4907613 0.2
        vertex -0.875 4.5 0.2
    endloop
endfacet
facet normal 0 0 1
    outer loop
        vertex -0.6742388 4.496173 0.2
        vertex -0.675 4.5 0.2
        vertex -0.875 4.5 0.2
    endloop
endfacet
facet normal -0 0 0.99999994
    outer loop
        vertex -0.66117316 4.4907613 0.2
        vertex -0.66117316 4.0355544 0.2
        vertex -0.65792894 4.492929 0.2
    endloop
endfacet
facet normal 0 0 0.99999994
    outer loop
        vertex -0.65576124 4.496173 0.2
        vertex 0.875 4.5 0.2
        vertex -0.655 4.5 0.2
    endloop
endfacet
facet normal -0 0 1
    outer loop
        vertex -0.65576124 4.0301423 0.2
        vertex -0.655 4.0263157 0.2
        vertex 0.875 4.5 0.2
    endloop
endfacet
facet normal -0 0 0.99999994
    outer loop
        vertex -0.65576124 4.496173 0.2
        vertex -0.65576124 4.0301423 0.2
        vertex 0.875 4.5 0.2
    endloop
endfacet
facet normal -0 0 1
    outer loop
        vertex -0.65792894 4.492929 0.2
        vertex -0.65792894 4.0333867 0.2
        vertex -0.65576124 4.496173 0.2
    endloop
endfacet
facet normal 0 0 1
    outer loop
        vertex -0.65792894 4.492929 0.2
        vertex -0.66117316 4.0355544 0.2
        vertex -0.65792894 4.0333867 0.2
    endloop
endfacet
facet normal 0 0 1
    outer loop
        vertex -0.6688268 4.0355544 0.2
        vertex -0.875 4.5 0.2
        vertex -0.67207104 4.0333867 0.2
    endloop
endfacet
facet normal 0 -0 1
    outer loop
        vertex -0.6742388 4.0301423 0.2
        vertex -0.67207104 4.0333867 0.2
        vertex -0.875 4.5 0.2
    endloop
endfacet
facet normal 0 -0 1
    outer loop
        vertex -0.675 4.0263157 0.2
        vertex -0.6742388 4.0301423 0.2
        vertex -0.875 4.5 0.2
    endloop
endfacet
facet normal 0 0 1
    outer loop
        vertex -0.6742388 4.022489 0.2
        vertex -0.675 3.5526316 0.2
        vertex -0.6742388 3.5564585 0.2
    endloop
endfacet
facet normal 0 0 1
    outer loop
        vertex -0.6742388 4.022489 0.2
        vertex -0.675 4.0263157 0.2
        vertex -0.675 3.5526316 0.2
    endloop
endfacet
facet normal 0 0 1
    outer loop
        vertex -0.67207104 4.0192447 0.2
        vertex -0.6742388 3.5564585 0.2
        vertex -0.67207104 3.5597026 0.2
    endloop
endfacet
facet normal 0 0 1
    outer loop
        vertex -0.6688268 4.017077 0.2
        vertex -0.67207104 4.0192447 0.2
        vertex -0.67207104 3.5597026 0.2
    endloop
endfacet
facet normal 0 0 1
    outer loop
        vertex -0.67207104 3.5597026 0.2
        vertex -0.6688268 3.5618703 0.2
        vertex -0.6688268 4.017077 0.2
    endloop
endfacet
facet normal 0 0 1
    outer loop
        vertex -0.6688268 4.017077 0.2
        vertex -0.6688268 3.5618703 0.2
        vertex -0.665 4.016316 0.2
    endloop
endfacet
facet normal 0 0 1
    outer loop
        vertex -0.665 4.016316 0.2
        vertex -0.6688268 3.5618703 0.2
        vertex -0.665 3.5626316 0.2
    endloop
endfacet
facet normal 0 -0 1
    outer loop
        vertex -0.675 3.5526316 0.2
        vertex -0.675 4.0263157 0.2
        vertex -0.875 4.5 0.2
    endloop
endfacet
facet normal 0 0 1
    outer loop
        vertex -0.65576124 4.496173 0.2
        vertex -0.65792894 4.0333867 0.2
        vertex -0.65576124 4.0301423 0.2
    endloop
endfacet
facet normal 0 0 0.99999994
    outer loop
        vertex 0.875 4.5 0.2
        vertex -0.65576124 4.022489 0.2
        vertex -0.65576124 3.5564585 0.2
    endloop
endfacet
facet normal 0 0 1
    outer loop
        vertex -0.65576124 4.022489 0.2
        vertex 0.875 4.5 0.2
        vertex -0.655 4.0263157 0.2
    endloop
endfacet
facet normal -0 0 1
    outer loop
        vertex -0.65576124 3.5564585 0.2
        vertex -0.655 3.5526316 0.2
        vertex 0.875 4.5 0.2
    endloop
endfacet
facet normal 0 0 1
    outer loop
        vertex -0.665 3.5626316 0.2
        vertex -0.66117316 4.017077 0.2
        vertex -0.665 4.016316 0.2
    endloop
endfacet
facet normal -0 0 1
    outer loop
        vertex -0.65792894 4.0192447 0.2
        vertex -0.65792894 3.5597026 0.2
        vertex -0.65576124 4.022489 0.2
    endloop
endfacet
facet normal 0 0 1
    outer loop
        vertex -0.65792894 4.0192447 0.2
        vertex -0.66117316 3.5618703 0.2
        vertex -0.65792894 3.5597026 0.2
    endloop
endfacet
facet normal 0 0 1
    outer loop
        vertex -0.65792894 4.0192447 0.2
        vertex -0.66117316 4.017077 0.2
        vertex -0.66117316 3.5618703 0.2
    endloop
endfacet
facet normal -0 0 1
    outer loop
        vertex -0.665 3.5626316 0.2
        vertex -0.66117316 3.5618703 0.2
        vertex -0.66117316 4.017077 0.2
    endloop
endfacet
facet normal 0 0 1
    outer loop
        vertex -0.6742388 4.022489 0.2
        vertex -0.6742388 3.5564585 0.2
        vertex -0.67207104 4.0192447 0.2
    endloop
endfacet
facet normal 0 0 1
    outer loop
        vertex -0.6742388 3.5488048 0.2
        vertex -0.675 3.0789475 0.2
        vertex -0.6742388 3.0827742 0.2
    endloop
endfacet
facet normal 0 0 1
    outer loop
        vertex -0.6742388 3.5488048 0.2
        vertex -0.675 3.5526316 0.2
        vertex -0.675 3.0789475 0.2
    endloop
endfacet
facet normal 0 0 1
    outer loop
        vertex -0.67207104 3.5455606 0.2
        vertex -0.6742388 3.5488048 0.2
        vertex -0.6742388 3.0827742 0.2
    endloop
endfacet
facet normal 0 -0 1
    outer loop
        vertex -0.67207104 3.0860186 0.2
        vertex -0.67207104 3.5455606 0.2
        vertex -0.6742388 3.0827742 0.2
    endloop
endfacet
facet normal 0 0 1
    outer loop
        vertex -0.67207104 3.5455606 0.2
        vertex -0.67207104 3.0860186 0.2
        vertex -0.6688268 3.543393 0.2
    endloop
endfacet
facet normal 0 0 1
    outer loop
        vertex -0.6688268 3.543393 0.2
        vertex -0.67207104 3.0860186 0.2
        vertex -0.6688268 3.0881863 0.2
    endloop
endfacet
facet normal 0 0 1
    outer loop
        vertex -0.665 3.5426316 0.2
        vertex -0.6688268 3.543393 0.2
        vertex -0.6688268 3.0881863 0.2
    endloop
endfacet
facet normal 0 -0 1
    outer loop
        vertex -0.675 3.0789475 0.2
        vertex -0.675 3.5526316 0.2
        vertex -0.875 4.5 0.2
    endloop
endfacet
facet normal 0 0 1
    outer loop
        vertex -0.65576124 4.022489 0.2
        vertex -0.65792894 3.5597026 0.2
        vertex -0.65576124 3.5564585 0.2
    endloop
endfacet
facet normal 0 0 0.99999994
    outer loop
        vertex -0.655 3.5526316 0.2
        vertex -0.65576124 3.5488048 0.2
        vertex -0.65576124 3.0827742 0.2
    endloop
endfacet
facet normal -0 0 1
    outer loop
        vertex -0.65576124 3.0827742 0.2
        vertex -0.655 3.0789475 0.2
        vertex -0.655 3.5526316 0.2
    endloop
endfacet
facet normal -0 0 1
    outer loop
        vertex -0.655 3.5526316 0.2
        vertex -0.655 3.0789475 0.2
        vertex 0.875 4.5 0.2
    endloop
endfacet
facet normal 0 0 1
    outer loop
        vertex -0.6688268 3.0881863 0.2
        vertex -0.665 3.0889473 0.2
        vertex -0.665 3.5426316 0.2
    endloop
endfacet
facet normal 0 0 1
    outer loop
        vertex -0.65576124 3.5488048 0.2
        vertex -0.65792894 3.0860186 0.2
        vertex -0.65576124 3.0827742 0.2
    endloop
endfacet
facet normal 0 0 1
    outer loop
        vertex -0.65792894 3.5455606 0.2
        vertex -0.66117316 3.0881863 0.2
        vertex -0.65792894 3.0860186 0.2
    endloop
endfacet
facet normal 0 0 1
    outer loop
        vertex -0.65792894 3.5455606 0.2
        vertex -0.66117316 3.543393 0.2
        vertex -0.66117316 3.0881863 0.2
    endloop
endfacet
facet normal -0 0 1
    outer loop
        vertex -0.665 3.0889473 0.2
        vertex -0.66117316 3.0881863 0.2
        vertex -0.66117316 3.543393 0.2
    endloop
endfacet
facet normal 0 0 1
    outer loop
        vertex -0.675 3.0789475 0.2
        vertex -0.675 2.6052632 0.2
        vertex -0.6742388 3.0751207 0.2
    endloop
endfacet
facet normal 0 0 1
    outer loop
        vertex -0.675 3.0789475 0.2
        vertex -0.875 4.5 0.2
        vertex -0.675 2.6052632 0.2
    endloop
endfacet
facet normal 0 0 1
    outer loop
        vertex -0.6742388 3.0751207 0.2
        vertex -0.675 2.6052632 0.2
        vertex -0.6742388 2.60909 0.2
    endloop
endfacet
facet normal 0 0 1
    outer loop
        vertex -0.67207104 3.0718765 0.2
        vertex -0.6742388 3.0751207 0.2
        vertex -0.6742388 2.60909 0.2
    endloop
endfacet
facet normal 0 -0 1
    outer loop
        vertex -0.67207104 2.6123343 0.2
        vertex -0.67207104 3.0718765 0.2
        vertex -0.6742388 2.60909 0.2
    endloop
endfacet
facet normal 0 0 1
    outer loop
        vertex -0.67207104 3.0718765 0.2
        vertex -0.67207104 2.6123343 0.2
        vertex -0.6688268 3.0697083 0.2
    endloop
endfacet
facet normal 0 0 1
    outer loop
        vertex -0.6688268 3.0697083 0.2
        vertex -0.67207104 2.6123343 0.2
        vertex -0.6688268 2.614502 0.2
    endloop
endfacet
facet normal 0 0 1
    outer loop
        vertex -0.665 3.0689473 0.2
        vertex -0.6688268 3.0697083 0.2
        vertex -0.6688268 2.614502 0.2
    endloop
endfacet
facet normal -0 0 1
    outer loop
        vertex -0.665 3.5426316 0.2
        vertex -0.665 3.0889473 0.2
        vertex -0.66117316 3.543393 0.2
    endloop
endfacet
facet normal 0 0 1
    outer loop
        vertex -0.65576124 3.5488048 0.2
        vertex -0.65792894 3.5455606 0.2
        vertex -0.65792894 3.0860186 0.2
    endloop
endfacet
facet normal 0 -0 1
    outer loop
        vertex -0.65576124 2.60909 0.2
        vertex -0.65576124 3.0751207 0.2
        vertex -0.65792894 2.6123343 0.2
    endloop
endfacet
facet normal -0 0 0.99999994
    outer loop
        vertex -0.65576124 2.60909 0.2
        vertex -0.655 2.6052632 0.2
        vertex -0.655 3.0789475 0.2
    endloop
endfacet
facet normal -0 0 1
    outer loop
        vertex -0.655 3.0789475 0.2
        vertex -0.655 2.6052632 0.2
        vertex 0.875 4.5 0.2
    endloop
endfacet
facet normal -0 0 0.99999994
    outer loop
        vertex -0.65576124 3.0751207 0.2
        vertex -0.65576124 2.60909 0.2
        vertex -0.655 3.0789475 0.2
    endloop
endfacet
facet normal 0 0 1
    outer loop
        vertex -0.6688268 2.614502 0.2
        vertex -0.665 2.6152632 0.2
        vertex -0.665 3.0689473 0.2
    endloop
endfacet
facet normal 0 0 1
    outer loop
        vertex -0.65792894 3.0718765 0.2
        vertex -0.66117316 3.0697083 0.2
        vertex -0.66117316 2.614502 0.2
    endloop
endfacet
facet normal 0 0 1
    outer loop
        vertex -0.65792894 2.6123343 0.2
        vertex -0.65576124 3.0751207 0.2
        vertex -0.65792894 3.0718765 0.2
    endloop
endfacet
facet normal -0 0 1
    outer loop
        vertex -0.665 2.6152632 0.2
        vertex -0.66117316 2.614502 0.2
        vertex -0.66117316 3.0697083 0.2
    endloop
endfacet
facet normal 0 0 1
    outer loop
        vertex -0.675 2.6052632 0.2
        vertex -0.675 2.131579 0.2
        vertex -0.6742388 2.6014361 0.2
    endloop
endfacet
facet normal 0 0 1
    outer loop
        vertex -0.675 2.6052632 0.2
        vertex -0.875 4.5 0.2
        vertex -0.675 2.131579 0.2
    endloop
endfacet
facet normal 0 0 1
    outer loop
        vertex -0.6742388 2.6014361 0.2
        vertex -0.675 2.131579 0.2
        vertex -0.6742388 2.1354058 0.2
    endloop
endfacet
facet normal 0 0 1
    outer loop
        vertex -0.67207104 2.598192 0.2
        vertex -0.6742388 2.6014361 0.2
        vertex -0.6742388 2.1354058 0.2
    endloop
endfacet
facet normal 0 -0 1
    outer loop
        vertex -0.67207104 2.13865 0.2
        vertex -0.67207104 2.598192 0.2
        vertex -0.6742388 2.1354058 0.2
    endloop
endfacet
facet normal 0 0 1
    outer loop
        vertex -0.67207104 2.598192 0.2
        vertex -0.67207104 2.13865 0.2
        vertex -0.6688268 2.5960243 0.2
    endloop
endfacet
facet normal 0 0 1
    outer loop
        vertex -0.6688268 2.5960243 0.2
        vertex -0.67207104 2.13865 0.2
        vertex -0.6688268 2.1408176 0.2
    endloop
endfacet
facet normal 0 0 1
    outer loop
        vertex -0.665 2.595263 0.2
        vertex -0.6688268 2.5960243 0.2
        vertex -0.6688268 2.1408176 0.2
    endloop
endfacet
facet normal -0 0 1
    outer loop
        vertex -0.665 3.0689473 0.2
        vertex -0.665 2.6152632 0.2
        vertex -0.66117316 3.0697083 0.2
    endloop
endfacet
facet normal 0 -0 1
    outer loop
        vertex -0.65792894 2.6123343 0.2
        vertex -0.65792894 3.0718765 0.2
        vertex -0.66117316 2.614502 0.2
    endloop
endfacet
facet normal 0 -0 1
    outer loop
        vertex -0.65576124 2.1354058 0.2
        vertex -0.65576124 2.6014361 0.2
        vertex -0.65792894 2.13865 0.2
    endloop
endfacet
facet normal -0 0 0.99999994
    outer loop
        vertex -0.65576124 2.1354058 0.2
        vertex -0.655 2.131579 0.2
        vertex -0.655 2.6052632 0.2
    endloop
endfacet
facet normal -0 0 1
    outer loop
        vertex -0.655 2.6052632 0.2
        vertex -0.655 2.131579 0.2
        vertex 0.875 4.5 0.2
    endloop
endfacet
facet normal -0 0 1
    outer loop
        vertex -0.65576124 2.6014361 0.2
        vertex -0.65576124 2.1354058 0.2
        vertex -0.655 2.6052632 0.2
    endloop
endfacet
facet normal 0 0 1
    outer loop
        vertex -0.6688268 2.1408176 0.2
        vertex -0.665 2.141579 0.2
        vertex -0.665 2.595263 0.2
    endloop
endfacet
facet normal 0 0 1
    outer loop
        vertex -0.65576124 2.6014361 0.2
        vertex -0.65792894 2.598192 0.2
        vertex -0.65792894 2.13865 0.2
    endloop
endfacet
facet normal 0 0 1
    outer loop
        vertex -0.65792894 2.598192 0.2
        vertex -0.66117316 2.5960243 0.2
        vertex -0.66117316 2.1408176 0.2
    endloop
endfacet
facet normal -0 0 1
    outer loop
        vertex -0.665 2.141579 0.2
        vertex -0.66117316 2.1408176 0.2
        vertex -0.66117316 2.5960243 0.2
    endloop
endfacet
facet normal 0 0 1
    outer loop
        vertex -0.675 2.131579 0.2
        vertex -0.675 1.6578947 0.2
        vertex -0.6742388 2.127752 0.2
    endloop
endfacet
facet normal 0 0 1
    outer loop
        vertex -0.675 2.131579 0.2
        vertex -0.875 4.5 0.2
        vertex -0.875 -0 0.2
    endloop
endfacet
facet normal 0 0 1
    outer loop
        vertex -0.6742388 2.127752 0.2
        vertex -0.675 1.6578947 0.2
        vertex -0.6742388 1.6617216 0.2
    endloop
endfacet
facet normal 0 0 1
    outer loop
        vertex -0.67207104 2.124508 0.2
        vertex -0.6742388 2.127752 0.2
        vertex -0.6742388 1.6617216 0.2
    endloop
endfacet
facet normal 0 -0 1
    outer loop
        vertex -0.67207104 1.6649659 0.2
        vertex -0.67207104 2.124508 0.2
        vertex -0.6742388 1.6617216 0.2
    endloop
endfacet
facet normal 0 0 1
    outer loop
        vertex -0.67207104 2.124508 0.2
        vertex -0.67207104 1.6649659 0.2
        vertex -0.6688268 2.1223402 0.2
    endloop
endfacet
facet normal 0 0 1
    outer loop
        vertex -0.6688268 2.1223402 0.2
        vertex -0.67207104 1.6649659 0.2
        vertex -0.6688268 1.6671336 0.2
    endloop
endfacet
facet normal 0 0 1
    outer loop
        vertex -0.665 2.121579 0.2
        vertex -0.6688268 2.1223402 0.2
        vertex -0.6688268 1.6671336 0.2
    endloop
endfacet
facet normal -0 0 1
    outer loop
        vertex -0.665 2.595263 0.2
        vertex -0.665 2.141579 0.2
        vertex -0.66117316 2.5960243 0.2
    endloop
endfacet
facet normal 0 -0 1
    outer loop
        vertex -0.65792894 2.13865 0.2
        vertex -0.65792894 2.598192 0.2
        vertex -0.66117316 2.1408176 0.2
    endloop
endfacet
facet normal 0 -0 1
    outer loop
        vertex -0.65576124 1.6617216 0.2
        vertex -0.65576124 2.127752 0.2
        vertex -0.65792894 1.6649659 0.2
    endloop
endfacet
facet normal -0 0 1
    outer loop
        vertex -0.65576124 1.6617216 0.2
        vertex -0.655 1.6578947 0.2
        vertex -0.655 2.131579 0.2
    endloop
endfacet
facet normal -0 0 1
    outer loop
        vertex -0.655 2.131579 0.2
        vertex -0.655 1.6578947 0.2
        vertex 0.875 4.5 0.2
    endloop
endfacet
facet normal -0 0 1
    outer loop
        vertex -0.65576124 2.127752 0.2
        vertex -0.65576124 1.6617216 0.2
        vertex -0.655 2.131579 0.2
    endloop
endfacet
facet normal 0 0 1
    outer loop
        vertex -0.6688268 1.6671336 0.2
        vertex -0.665 1.6678947 0.2
        vertex -0.665 2.121579 0.2
    endloop
endfacet
facet normal 0 0 1
    outer loop
        vertex -0.65576124 2.127752 0.2
        vertex -0.65792894 2.124508 0.2
        vertex -0.65792894 1.6649659 0.2
    endloop
endfacet
facet normal 0 0 1
    outer loop
        vertex -0.65792894 2.124508 0.2
        vertex -0.66117316 2.1223402 0.2
        vertex -0.66117316 1.6671336 0.2
    endloop
endfacet
facet normal -0 0 1
    outer loop
        vertex -0.665 1.6678947 0.2
        vertex -0.66117316 1.6671336 0.2
        vertex -0.66117316 2.1223402 0.2
    endloop
endfacet
facet normal 0 0 1
    outer loop
        vertex -0.675 1.6578947 0.2
        vertex -0.675 1.1842105 0.2
        vertex -0.6742388 1.6540679 0.2
    endloop
endfacet
facet normal 0 -0 1
    outer loop
        vertex -0.675 1.6578947 0.2
        vertex -0.675 2.131579 0.2
        vertex -0.875 -0 0.2
    endloop
endfacet
facet normal 0 0 1
    outer loop
        vertex -0.6742388 1.6540679 0.2
        vertex -0.675 1.1842105 0.2
        vertex -0.6742388 1.1880374 0.2
    endloop
endfacet
facet normal 0 0 1
    outer loop
        vertex -0.67207104 1.6508237 0.2
        vertex -0.6742388 1.6540679 0.2
        vertex -0.6742388 1.1880374 0.2
    endloop
endfacet
facet normal 0 -0 1
    outer loop
        vertex -0.67207104 1.1912817 0.2
        vertex -0.67207104 1.6508237 0.2
        vertex -0.6742388 1.1880374 0.2
    endloop
endfacet
facet normal 0 0 1
    outer loop
        vertex -0.67207104 1.6508237 0.2
        vertex -0.67207104 1.1912817 0.2
        vertex -0.6688268 1.648656 0.2
    endloop
endfacet
facet normal 0 0 1
    outer loop
        vertex -0.6688268 1.648656 0.2
        vertex -0.67207104 1.1912817 0.2
        vertex -0.6688268 1.1934494 0.2
    endloop
endfacet
facet normal 0 0 1
    outer loop
        vertex -0.665 1.6478947 0.2
        vertex -0.6688268 1.648656 0.2
        vertex -0.6688268 1.1934494 0.2
    endloop
endfacet
facet normal -0 0 1
    outer loop
        vertex -0.665 2.121579 0.2
        vertex -0.665 1.6678947 0.2
        vertex -0.66117316 2.1223402 0.2
    endloop
endfacet
facet normal 0 -0 1
    outer loop
        vertex -0.65792894 1.6649659 0.2
        vertex -0.65792894 2.124508 0.2
        vertex -0.66117316 1.6671336 0.2
    endloop
endfacet
facet normal 0 -0 1
    outer loop
        vertex -0.65576124 1.1880374 0.2
        vertex -0.65576124 1.6540679 0.2
        vertex -0.65792894 1.1912817 0.2
    endloop
endfacet
facet normal -0 0 1
    outer loop
        vertex -0.65576124 1.1880374 0.2
        vertex -0.655 1.1842105 0.2
        vertex -0.655 1.6578947 0.2
    endloop
endfacet
facet normal -0 0 1
    outer loop
        vertex -0.655 1.6578947 0.2
        vertex -0.655 1.1842105 0.2
        vertex 0.875 4.5 0.2
    endloop
endfacet
facet normal -0 0 1
    outer loop
        vertex -0.65576124 1.6540679 0.2
        vertex -0.65576124 1.1880374 0.2
        vertex -0.655 1.6578947 0.2
    endloop
endfacet
facet normal 0 0 1
    outer loop
        vertex -0.6688268 1.1934494 0.2
        vertex -0.665 1.1942105 0.2
        vertex -0.665 1.6478947 0.2
    endloop
endfacet
facet normal 0 0 1
    outer loop
        vertex -0.65576124 1.6540679 0.2
        vertex -0.65792894 1.6508237 0.2
        vertex -0.65792894 1.1912817 0.2
    endloop
endfacet
facet normal -0 0 1
    outer loop
        vertex -0.66117316 1.1934494 0.2
        vertex -0.65792894 1.1912817 0.2
        vertex -0.65792894 1.6508237 0.2
    endloop
endfacet
facet normal -0 0 1
    outer loop
        vertex -0.665 1.1942105 0.2
        vertex -0.66117316 1.1934494 0.2
        vertex -0.66117316 1.648656 0.2
    endloop
endfacet
facet normal 0 0 1
    outer loop
        vertex -0.675 1.1842105 0.2
        vertex -0.675 0.7105263 0.2
        vertex -0.6742388 1.1803837 0.2
    endloop
endfacet
facet normal 0 -0 1
    outer loop
        vertex -0.675 1.1842105 0.2
        vertex -0.675 1.6578947 0.2
        vertex -0.875 -0 0.2
    endloop
endfacet
facet normal 0 0 1
    outer loop
        vertex -0.6742388 1.1803837 0.2
        vertex -0.675 0.7105263 0.2
        vertex -0.6742388 0.71435314 0.2
    endloop
endfacet
facet normal 0 0 1
    outer loop
        vertex -0.67207104 1.1771394 0.2
        vertex -0.6742388 1.1803837 0.2
        vertex -0.6742388 0.71435314 0.2
    endloop
endfacet
facet normal 0 -0 1
    outer loop
        vertex -0.67207104 0.71759737 0.2
        vertex -0.67207104 1.1771394 0.2
        vertex -0.6742388 0.71435314 0.2
    endloop
endfacet
facet normal 0 0 1
    outer loop
        vertex -0.67207104 1.1771394 0.2
        vertex -0.67207104 0.71759737 0.2
        vertex -0.6688268 1.1749717 0.2
    endloop
endfacet
facet normal 0 0 0.99999994
    outer loop
        vertex -0.6688268 1.1749717 0.2
        vertex -0.67207104 0.71759737 0.2
        vertex -0.6688268 0.7197651 0.2
    endloop
endfacet
facet normal 0 0 1
    outer loop
        vertex -0.665 1.1742105 0.2
        vertex -0.6688268 1.1749717 0.2
        vertex -0.6688268 0.7197651 0.2
    endloop
endfacet
facet normal -0 0 1
    outer loop
        vertex -0.665 1.6478947 0.2
        vertex -0.665 1.1942105 0.2
        vertex -0.66117316 1.648656 0.2
    endloop
endfacet
facet normal 0 0 1
    outer loop
        vertex -0.66117316 1.1934494 0.2
        vertex -0.65792894 1.6508237 0.2
        vertex -0.66117316 1.648656 0.2
    endloop
endfacet
facet normal 0 -0 1
    outer loop
        vertex -0.65576124 0.71435314 0.2
        vertex -0.65576124 1.1803837 0.2
        vertex -0.65792894 0.71759737 0.2
    endloop
endfacet
facet normal -0 0 1
    outer loop
        vertex -0.65576124 0.71435314 0.2
        vertex -0.655 0.7105263 0.2
        vertex -0.655 1.1842105 0.2
    endloop
endfacet
facet normal -0 0 1
    outer loop
        vertex -0.655 1.1842105 0.2
        vertex -0.655 0.7105263 0.2
        vertex 0.875 4.5 0.2
    endloop
endfacet
facet normal -0 0 0.99999994
    outer loop
        vertex -0.65576124 1.1803837 0.2
        vertex -0.65576124 0.71435314 0.2
        vertex -0.655 1.1842105 0.2
    endloop
endfacet
facet normal 0 0 1
    outer loop
        vertex -0.65576124 1.1803837 0.2
        vertex -0.65792894 1.1771394 0.2
        vertex -0.65792894 0.71759737 0.2
    endloop
endfacet
facet normal -0 0 1
    outer loop
        vertex -0.66117316 0.7197651 0.2
        vertex -0.65792894 0.71759737 0.2
        vertex -0.65792894 1.1771394 0.2
    endloop
endfacet
facet normal -0 0 1
    outer loop
        vertex -0.665 0.7205263 0.2
        vertex -0.66117316 0.7197651 0.2
        vertex -0.66117316 1.1749717 0.2
    endloop
endfacet
facet normal 0 0 1
    outer loop
        vertex -0.675 0.7105263 0.2
        vertex -0.875 -0 0.2
        vertex -0.6742388 0.70669943 0.2
    endloop
endfacet
facet normal 0 -0 1
    outer loop
        vertex -0.675 0.7105263 0.2
        vertex -0.675 1.1842105 0.2
        vertex -0.875 -0 0.2
    endloop
endfacet
facet normal 0 0 1
    outer loop
        vertex -0.6742388 0.70669943 0.2
        vertex -0.875 -0 0.2
        vertex -0.6742388 0.24066894 0.2
    endloop
endfacet
facet normal 0 0 1
    outer loop
        vertex -0.67207104 0.7034552 0.2
        vertex -0.6742388 0.70669943 0.2
        vertex -0.6742388 0.24066894 0.2
    endloop
endfacet
facet normal 0 -0 1
    outer loop
        vertex -0.67207104 0.24391317 0.2
        vertex -0.67207104 0.7034552 0.2
        vertex -0.6742388 0.24066894 0.2
    endloop
endfacet
facet normal 0 0 1
    outer loop
        vertex -0.67207104 0.7034552 0.2
        vertex -0.67207104 0.24391317 0.2
        vertex -0.6688268 0.7012875 0.2
    endloop
endfacet
facet normal 0 0 0.99999994
    outer loop
        vertex -0.6688268 0.7012875 0.2
        vertex -0.67207104 0.24391317 0.2
        vertex -0.6688268 0.2460809 0.2
    endloop
endfacet
facet normal 0 0 1
    outer loop
        vertex -0.665 0.7005263 0.2
        vertex -0.6688268 0.7012875 0.2
        vertex -0.6688268 0.2460809 0.2
    endloop
endfacet
facet normal -0 0 1
    outer loop
        vertex -0.665 1.1742105 0.2
        vertex -0.665 0.7205263 0.2
        vertex -0.66117316 1.1749717 0.2
    endloop
endfacet
facet normal 0 0 0.99999994
    outer loop
        vertex -0.66117316 0.7197651 0.2
        vertex -0.65792894 1.1771394 0.2
        vertex -0.66117316 1.1749717 0.2
    endloop
endfacet
facet normal 0 -0 1
    outer loop
        vertex -0.65576124 0.24066894 0.2
        vertex -0.65576124 0.70669943 0.2
        vertex -0.65792894 0.24391317 0.2
    endloop
endfacet
facet normal -0 0 1
    outer loop
        vertex -0.65576124 0.24066894 0.2
        vertex -0.655 0.23684211 0.2
        vertex -0.655 0.7105263 0.2
    endloop
endfacet
facet normal -0 0 1
    outer loop
        vertex -0.655 0.7105263 0.2
        vertex -0.655 0.23684211 0.2
        vertex 0.875 4.5 0.2
    endloop
endfacet
facet normal -0 0 1
    outer loop
        vertex -0.65576124 0.70669943 0.2
        vertex -0.65576124 0.24066894 0.2
        vertex -0.655 0.7105263 0.2
    endloop
endfacet
facet normal 0 0 0.99999994
    outer loop
        vertex -0.665 1.1742105 0.2
        vertex -0.6688268 0.7197651 0.2
        vertex -0.665 0.7205263 0.2
    endloop
endfacet
facet normal 0 0 1
    outer loop
        vertex -0.65576124 0.70669943 0.2
        vertex -0.65792894 0.7034552 0.2
        vertex -0.65792894 0.24391317 0.2
    endloop
endfacet
facet normal -0 0 1
    outer loop
        vertex -0.66117316 0.2460809 0.2
        vertex -0.65792894 0.24391317 0.2
        vertex -0.65792894 0.7034552 0.2
    endloop
endfacet
facet normal -0 0 0.99999994
    outer loop
        vertex -0.665 0.2468421 0.2
        vertex -0.66117316 0.2460809 0.2
        vertex -0.66117316 0.7012875 0.2
    endloop
endfacet
facet normal 0 0 1
    outer loop
        vertex -0.675 0.23684211 0.2
        vertex -0.875 -0 0.2
        vertex -0.6742388 0.23301528 0.2
    endloop
endfacet
facet normal 0 -0 1
    outer loop
        vertex -0.675 0.23684211 0.2
        vertex -0.6742388 0.24066894 0.2
        vertex -0.875 -0 0.2
    endloop
endfacet
facet normal 0 0 1
    outer loop
        vertex -0.67207104 -0.22977103 0.2
        vertex -0.875 -0 0.2
        vertex -0.6742388 -0.23301528 0.2
    endloop
endfacet
facet normal 0 0 1
    outer loop
        vertex -0.67207104 0.22977103 0.2
        vertex -0.6742388 0.23301528 0.2
        vertex -0.875 -0 0.2
    endloop
endfacet
facet normal 0 -0 1
    outer loop
        vertex -0.67207104 -0.22977103 0.2
        vertex -0.6688268 -0.2276033 0.2
        vertex -0.875 -0 0.2
    endloop
endfacet
facet normal 0 0 1
    outer loop
        vertex -0.67207104 0.22977103 0.2
        vertex -0.875 -0 0.2
        vertex -0.6688268 0.2276033 0.2
    endloop
endfacet
facet normal 0 0 1
    outer loop
        vertex -0.665 -0.2268421 0.2
        vertex -0.875 -0 0.2
        vertex -0.6688268 -0.2276033 0.2
    endloop
endfacet
facet normal 0 0 1
    outer loop
        vertex -0.665 0.2268421 0.2
        vertex -0.6688268 0.2276033 0.2
        vertex -0.875 -0 0.2
    endloop
endfacet
facet normal -0 0 1
    outer loop
        vertex -0.665 0.7005263 0.2
        vertex -0.665 0.2468421 0.2
        vertex -0.66117316 0.7012875 0.2
    endloop
endfacet
facet normal 0 0 0.99999994
    outer loop
        vertex -0.66117316 0.2460809 0.2
        vertex -0.65792894 0.7034552 0.2
        vertex -0.66117316 0.7012875 0.2
    endloop
endfacet
facet normal 0 -0 1
    outer loop
        vertex -0.65576124 -0.23301528 0.2
        vertex -0.65576124 0.23301528 0.2
        vertex -0.65792894 -0.22977103 0.2
    endloop
endfacet
facet normal -0 0 1
    outer loop
        vertex -0.65576124 -0.23301528 0.2
        vertex -0.655 -0.23684211 0.2
        vertex -0.655 0.23684211 0.2
    endloop
endfacet
facet normal -0 0 1
    outer loop
        vertex -0.655 0.23684211 0.2
        vertex -0.655 -0.23684211 0.2
        vertex 0.875 4.5 0.2
    endloop
endfacet
facet normal -0 0 0.99999994
    outer loop
        vertex -0.65576124 0.23301528 0.2
        vertex -0.65576124 -0.23301528 0.2
        vertex -0.655 0.23684211 0.2
    endloop
endfacet
facet normal 0 0 1
    outer loop
        vertex -0.665 0.7005263 0.2
        vertex -0.6688268 0.2460809 0.2
        vertex -0.665 0.2468421 0.2
    endloop
endfacet
facet normal 0 0 1
    outer loop
        vertex -0.65576124 0.23301528 0.2
        vertex -0.65792894 0.22977103 0.2
        vertex -0.65792894 -0.22977103 0.2
    endloop
endfacet
facet normal -0 0 0.99999994
    outer loop
        vertex -0.66117316 -0.2276033 0.2
        vertex -0.65792894 -0.22977103 0.2
        vertex -0.65792894 0.22977103 0.2
    endloop
endfacet
facet normal -0 0 0.99999994
    outer loop
        vertex -0.665 -0.2268421 0.2
        vertex -0.66117316 -0.2276033 0.2
        vertex -0.66117316 0.2276033 0.2
    endloop
endfacet
facet normal 0 0 1
    outer loop
        vertex -0.6742388 -0.70669943 0.2
        vertex -0.875 -0 0.2
        vertex -0.675 -0.7105263 0.2
    endloop
endfacet
facet normal 0 0 1
    outer loop
        vertex -0.6742388 -0.24066894 0.2
        vertex -0.675 -0.23684211 0.2
        vertex -0.875 -0 0.2
    endloop
endfacet
facet normal 0 0 1
    outer loop
        vertex -0.67207104 -0.24391317 0.2
        vertex -0.6742388 -0.24066894 0.2
        vertex -0.6742388 -0.70669943 0.2
    endloop
endfacet
facet normal 0 -0 1
    outer loop
        vertex -0.67207104 -0.7034552 0.2
        vertex -0.67207104 -0.24391317 0.2
        vertex -0.6742388 -0.70669943 0.2
    endloop
endfacet
facet normal 0 0 1
    outer loop
        vertex -0.67207104 -0.24391317 0.2
        vertex -0.67207104 -0.7034552 0.2
        vertex -0.6688268 -0.2460809 0.2
    endloop
endfacet
facet normal 0 0 0.99999994
    outer loop
        vertex -0.6688268 -0.2460809 0.2
        vertex -0.67207104 -0.7034552 0.2
        vertex -0.6688268 -0.7012875 0.2
    endloop
endfacet
facet normal 0 0 1
    outer loop
        vertex -0.665 -0.2468421 0.2
        vertex -0.6688268 -0.2460809 0.2
        vertex -0.6688268 -0.7012875 0.2
    endloop
endfacet
facet normal -0 0 1
    outer loop
        vertex -0.665 0.2268421 0.2
        vertex -0.665 -0.2268421 0.2
        vertex -0.66117316 0.2276033 0.2
    endloop
endfacet
facet normal 0 0 0.99999994
    outer loop
        vertex -0.66117316 -0.2276033 0.2
        vertex -0.65792894 0.22977103 0.2
        vertex -0.66117316 0.2276033 0.2
    endloop
endfacet
facet normal 0 -0 1
    outer loop
        vertex -0.65576124 -0.70669943 0.2
        vertex -0.65576124 -0.24066894 0.2
        vertex -0.65792894 -0.7034552 0.2
    endloop
endfacet
facet normal -0 0 1
    outer loop
        vertex -0.65576124 -0.70669943 0.2
        vertex -0.655 -0.7105263 0.2
        vertex -0.655 -0.23684211 0.2
    endloop
endfacet
facet normal 0 0 1
    outer loop
        vertex -0.655 -0.23684211 0.2
        vertex -0.655 -0.7105263 0.2
        vertex 0.875 -4.5 0.2
    endloop
endfacet
facet normal -0 0 1
    outer loop
        vertex -0.65576124 -0.24066894 0.2
        vertex -0.65576124 -0.70669943 0.2
        vertex -0.655 -0.23684211 0.2
    endloop
endfacet
facet normal 0 0 0.99999994
    outer loop
        vertex -0.665 0.2268421 0.2
        vertex -0.875 -0 0.2
        vertex -0.665 -0.2268421 0.2
    endloop
endfacet
facet normal 0 0 1
    outer loop
        vertex -0.65576124 -0.24066894 0.2
        vertex -0.65792894 -0.24391317 0.2
        vertex -0.65792894 -0.7034552 0.2
    endloop
endfacet
facet normal -0 0 1
    outer loop
        vertex -0.66117316 -0.7012875 0.2
        vertex -0.65792894 -0.7034552 0.2
        vertex -0.65792894 -0.24391317 0.2
    endloop
endfacet
facet normal -0 0 1
    outer loop
        vertex -0.665 -0.7005263 0.2
        vertex -0.66117316 -0.7012875 0.2
        vertex -0.66117316 -0.2460809 0.2
    endloop
endfacet
facet normal 0 0 1
    outer loop
        vertex -0.675 -0.7105263 0.2
        vertex -0.875 -0 0.2
        vertex -0.675 -1.1842105 0.2
    endloop
endfacet
facet normal 0 0 0.99999994
    outer loop
        vertex -0.875 -0 0.2
        vertex -0.6742388 -0.70669943 0.2
        vertex -0.6742388 -0.24066894 0.2
    endloop
endfacet
facet normal 0 0 1
    outer loop
        vertex -0.6742388 -0.71435314 0.2
        vertex -0.675 -0.7105263 0.2
        vertex -0.675 -1.1842105 0.2
    endloop
endfacet
facet normal 0 -0 1
    outer loop
        vertex -0.6742388 -1.1803837 0.2
        vertex -0.6742388 -0.71435314 0.2
        vertex -0.675 -1.1842105 0.2
    endloop
endfacet
facet normal 0 0 1
    outer loop
        vertex -0.6742388 -1.1803837 0.2
        vertex -0.67207104 -0.71759737 0.2
        vertex -0.6742388 -0.71435314 0.2
    endloop
endfacet
facet normal 0 0 1
    outer loop
        vertex -0.67207104 -0.71759737 0.2
        vertex -0.67207104 -1.1771394 0.2
        vertex -0.6688268 -0.7197651 0.2
    endloop
endfacet
facet normal 0 0 0.99999994
    outer loop
        vertex -0.6688268 -0.7197651 0.2
        vertex -0.67207104 -1.1771394 0.2
        vertex -0.6688268 -1.1749717 0.2
    endloop
endfacet
facet normal 0 0 1
    outer loop
        vertex -0.665 -0.7205263 0.2
        vertex -0.6688268 -0.7197651 0.2
        vertex -0.6688268 -1.1749717 0.2
    endloop
endfacet
facet normal -0 0 1
    outer loop
        vertex -0.665 -0.2468421 0.2
        vertex -0.665 -0.7005263 0.2
        vertex -0.66117316 -0.2460809 0.2
    endloop
endfacet
facet normal 0 0 0.99999994
    outer loop
        vertex -0.66117316 -0.7012875 0.2
        vertex -0.65792894 -0.24391317 0.2
        vertex -0.66117316 -0.2460809 0.2
    endloop
endfacet
facet normal 0 -0 1
    outer loop
        vertex -0.65576124 -1.1803837 0.2
        vertex -0.65576124 -0.71435314 0.2
        vertex -0.65792894 -1.1771394 0.2
    endloop
endfacet
facet normal -0 0 1
    outer loop
        vertex -0.65576124 -1.1803837 0.2
        vertex -0.655 -1.1842105 0.2
        vertex -0.655 -0.7105263 0.2
    endloop
endfacet
facet normal 0 0 1
    outer loop
        vertex -0.655 -0.7105263 0.2
        vertex -0.655 -1.1842105 0.2
        vertex 0.875 -4.5 0.2
    endloop
endfacet
facet normal -0 0 0.99999994
    outer loop
        vertex -0.65576124 -0.71435314 0.2
        vertex -0.65576124 -1.1803837 0.2
        vertex -0.655 -0.7105263 0.2
    endloop
endfacet
facet normal 0 0 1
    outer loop
        vertex -0.665 -0.2468421 0.2
        vertex -0.6688268 -0.7012875 0.2
        vertex -0.665 -0.7005263 0.2
    endloop
endfacet
facet normal 0 0 1
    outer loop
        vertex -0.65576124 -0.71435314 0.2
        vertex -0.65792894 -0.71759737 0.2
        vertex -0.65792894 -1.1771394 0.2
    endloop
endfacet
facet normal -0 0 1
    outer loop
        vertex -0.66117316 -1.1749717 0.2
        vertex -0.65792894 -1.1771394 0.2
        vertex -0.65792894 -0.71759737 0.2
    endloop
endfacet
facet normal -0 0 1
    outer loop
        vertex -0.665 -1.1742105 0.2
        vertex -0.66117316 -1.1749717 0.2
        vertex -0.66117316 -0.7197651 0.2
    endloop
endfacet
facet normal 0 0 1
    outer loop
        vertex -0.675 -1.1842105 0.2
        vertex -0.875 -0 0.2
        vertex -0.675 -1.6578947 0.2
    endloop
endfacet
facet normal 0 0 1
    outer loop
        vertex -0.67207104 -0.71759737 0.2
        vertex -0.6742388 -1.1803837 0.2
        vertex -0.67207104 -1.1771394 0.2
    endloop
endfacet
facet normal 0 0 0.99999994
    outer loop
        vertex -0.6742388 -1.1880374 0.2
        vertex -0.675 -1.1842105 0.2
        vertex -0.675 -1.6578947 0.2
    endloop
endfacet
facet normal 0 -0 1
    outer loop
        vertex -0.6742388 -1.6540679 0.2
        vertex -0.6742388 -1.1880374 0.2
        vertex -0.675 -1.6578947 0.2
    endloop
endfacet
facet normal 0 0 1
    outer loop
        vertex -0.6742388 -1.6540679 0.2
        vertex -0.67207104 -1.1912817 0.2
        vertex -0.6742388 -1.1880374 0.2
    endloop
endfacet
facet normal 0 0 1
    outer loop
        vertex -0.67207104 -1.1912817 0.2
        vertex -0.6742388 -1.6540679 0.2
        vertex -0.67207104 -1.6508237 0.2
    endloop
endfacet
facet normal 0 0 1
    outer loop
        vertex -0.6688268 -1.1934494 0.2
        vertex -0.67207104 -1.1912817 0.2
        vertex -0.67207104 -1.6508237 0.2
    endloop
endfacet
facet normal 0 0 1
    outer loop
        vertex -0.665 -1.1942105 0.2
        vertex -0.6688268 -1.1934494 0.2
        vertex -0.6688268 -1.648656 0.2
    endloop
endfacet
facet normal -0 0 1
    outer loop
        vertex -0.665 -0.7205263 0.2
        vertex -0.665 -1.1742105 0.2
        vertex -0.66117316 -0.7197651 0.2
    endloop
endfacet
facet normal 0 0 0.99999994
    outer loop
        vertex -0.66117316 -1.1749717 0.2
        vertex -0.65792894 -0.71759737 0.2
        vertex -0.66117316 -0.7197651 0.2
    endloop
endfacet
facet normal 0 -0 1
    outer loop
        vertex -0.65576124 -1.6540679 0.2
        vertex -0.65576124 -1.1880374 0.2
        vertex -0.65792894 -1.6508237 0.2
    endloop
endfacet
facet normal -0 0 1
    outer loop
        vertex -0.65576124 -1.6540679 0.2
        vertex -0.655 -1.6578947 0.2
        vertex -0.655 -1.1842105 0.2
    endloop
endfacet
facet normal 0 0 1
    outer loop
        vertex -0.655 -1.1842105 0.2
        vertex -0.655 -1.6578947 0.2
        vertex 0.875 -4.5 0.2
    endloop
endfacet
facet normal -0 0 1
    outer loop
        vertex -0.65576124 -1.1880374 0.2
        vertex -0.65576124 -1.6540679 0.2
        vertex -0.655 -1.1842105 0.2
    endloop
endfacet
facet normal 0 0 0.99999994
    outer loop
        vertex -0.665 -0.7205263 0.2
        vertex -0.6688268 -1.1749717 0.2
        vertex -0.665 -1.1742105 0.2
    endloop
endfacet
facet normal 0 0 1
    outer loop
        vertex -0.65576124 -1.1880374 0.2
        vertex -0.65792894 -1.1912817 0.2
        vertex -0.65792894 -1.6508237 0.2
    endloop
endfacet
facet normal -0 0 1
    outer loop
        vertex -0.66117316 -1.648656 0.2
        vertex -0.65792894 -1.6508237 0.2
        vertex -0.65792894 -1.1912817 0.2
    endloop
endfacet
facet normal -0 0 1
    outer loop
        vertex -0.665 -1.6478947 0.2
        vertex -0.66117316 -1.648656 0.2
        vertex -0.66117316 -1.1934494 0.2
    endloop
endfacet
facet normal 0 0 1
    outer loop
        vertex -0.675 -1.6578947 0.2
        vertex -0.875 -0 0.2
        vertex -0.675 -2.131579 0.2
    endloop
endfacet
facet normal 0 -0 1
    outer loop
        vertex -0.6688268 -1.648656 0.2
        vertex -0.6688268 -1.1934494 0.2
        vertex -0.67207104 -1.6508237 0.2
    endloop
endfacet
facet normal 0 0 0.99999994
    outer loop
        vertex -0.6742388 -1.6617216 0.2
        vertex -0.675 -1.6578947 0.2
        vertex -0.675 -2.131579 0.2
    endloop
endfacet
facet normal 0 -0 1
    outer loop
        vertex -0.6742388 -2.127752 0.2
        vertex -0.6742388 -1.6617216 0.2
        vertex -0.675 -2.131579 0.2
    endloop
endfacet
facet normal 0 0 1
    outer loop
        vertex -0.6742388 -2.127752 0.2
        vertex -0.67207104 -1.6649659 0.2
        vertex -0.6742388 -1.6617216 0.2
    endloop
endfacet
facet normal 0 0 1
    outer loop
        vertex -0.67207104 -1.6649659 0.2
        vertex -0.6742388 -2.127752 0.2
        vertex -0.67207104 -2.124508 0.2
    endloop
endfacet
facet normal 0 0 1
    outer loop
        vertex -0.6688268 -1.6671336 0.2
        vertex -0.67207104 -1.6649659 0.2
        vertex -0.67207104 -2.124508 0.2
    endloop
endfacet
facet normal 0 -0 1
    outer loop
        vertex -0.6688268 -2.1223402 0.2
        vertex -0.6688268 -1.6671336 0.2
        vertex -0.67207104 -2.124508 0.2
    endloop
endfacet
facet normal -0 0 1
    outer loop
        vertex -0.665 -1.1942105 0.2
        vertex -0.665 -1.6478947 0.2
        vertex -0.66117316 -1.1934494 0.2
    endloop
endfacet
facet normal 0 0 1
    outer loop
        vertex -0.66117316 -1.648656 0.2
        vertex -0.65792894 -1.1912817 0.2
        vertex -0.66117316 -1.1934494 0.2
    endloop
endfacet
facet normal 0 0 1
    outer loop
        vertex -0.65792894 -2.124508 0.2
        vertex -0.65576124 -1.6617216 0.2
        vertex -0.65792894 -1.6649659 0.2
    endloop
endfacet
facet normal -0 0 1
    outer loop
        vertex -0.65576124 -2.127752 0.2
        vertex -0.655 -2.131579 0.2
        vertex -0.655 -1.6578947 0.2
    endloop
endfacet
facet normal 0 0 1
    outer loop
        vertex -0.655 -1.6578947 0.2
        vertex -0.655 -2.131579 0.2
        vertex 0.875 -4.5 0.2
    endloop
endfacet
facet normal -0 0 1
    outer loop
        vertex -0.65576124 -1.6617216 0.2
        vertex -0.65576124 -2.127752 0.2
        vertex -0.655 -1.6578947 0.2
    endloop
endfacet
facet normal 0 0 1
    outer loop
        vertex -0.65576124 -1.6617216 0.2
        vertex -0.65792894 -2.124508 0.2
        vertex -0.65576124 -2.127752 0.2
    endloop
endfacet
facet normal 0 0 1
    outer loop
        vertex -0.665 -1.1942105 0.2
        vertex -0.6688268 -1.648656 0.2
        vertex -0.665 -1.6478947 0.2
    endloop
endfacet
facet normal -0 0 1
    outer loop
        vertex -0.66117316 -2.1223402 0.2
        vertex -0.65792894 -2.124508 0.2
        vertex -0.65792894 -1.6649659 0.2
    endloop
endfacet
facet normal -0 0 1
    outer loop
        vertex -0.665 -2.121579 0.2
        vertex -0.66117316 -2.1223402 0.2
        vertex -0.66117316 -1.6671336 0.2
    endloop
endfacet
facet normal 0 0 1
    outer loop
        vertex -0.675 -2.131579 0.2
        vertex -0.875 -0 0.2
        vertex -0.875 -4.5 0.2
    endloop
endfacet
facet normal 0 0 1
    outer loop
        vertex -0.6688268 -2.1223402 0.2
        vertex -0.665 -2.121579 0.2
        vertex -0.665 -1.6678947 0.2
    endloop
endfacet
facet normal 0 -0 1
    outer loop
        vertex -0.675 -2.6052632 0.2
        vertex -0.675 -2.131579 0.2
        vertex -0.875 -4.5 0.2
    endloop
endfacet
facet normal 0 0 1
    outer loop
        vertex -0.675 -2.6052632 0.2
        vertex -0.6742388 -2.1354058 0.2
        vertex -0.675 -2.131579 0.2
    endloop
endfacet
facet normal 0 0 1
    outer loop
        vertex -0.675 -2.6052632 0.2
        vertex -0.6742388 -2.6014361 0.2
        vertex -0.6742388 -2.1354058 0.2
    endloop
endfacet
facet normal 0 0 1
    outer loop
        vertex -0.67207104 -2.13865 0.2
        vertex -0.6742388 -2.1354058 0.2
        vertex -0.6742388 -2.6014361 0.2
    endloop
endfacet
facet normal 0 -0 1
    outer loop
        vertex -0.67207104 -2.598192 0.2
        vertex -0.67207104 -2.13865 0.2
        vertex -0.6742388 -2.6014361 0.2
    endloop
endfacet
facet normal 0 -0 1
    outer loop
        vertex -0.6688268 -2.5960243 0.2
        vertex -0.6688268 -2.1408176 0.2
        vertex -0.67207104 -2.598192 0.2
    endloop
endfacet
facet normal -0 0 1
    outer loop
        vertex -0.665 -1.6678947 0.2
        vertex -0.665 -2.121579 0.2
        vertex -0.66117316 -1.6671336 0.2
    endloop
endfacet
facet normal 0 0 1
    outer loop
        vertex -0.66117316 -2.1223402 0.2
        vertex -0.65792894 -1.6649659 0.2
        vertex -0.66117316 -1.6671336 0.2
    endloop
endfacet
facet normal 0 0 1
    outer loop
        vertex -0.65792894 -2.598192 0.2
        vertex -0.65576124 -2.1354058 0.2
        vertex -0.65792894 -2.13865 0.2
    endloop
endfacet
facet normal 0 0 1
    outer loop
        vertex -0.655 -2.131579 0.2
        vertex -0.655 -2.6052632 0.2
        vertex 0.875 -4.5 0.2
    endloop
endfacet
facet normal -0 0 1
    outer loop
        vertex -0.65576124 -2.1354058 0.2
        vertex -0.65576124 -2.6014361 0.2
        vertex -0.655 -2.131579 0.2
    endloop
endfacet
facet normal 0 0 1
    outer loop
        vertex 0.875 4.5 0.2
        vertex -0.655 -0.23684211 0.2
        vertex 0.875 -4.5 0.2
    endloop
endfacet
facet normal 0 0 1
    outer loop
        vertex -0.65576124 -2.1354058 0.2
        vertex -0.65792894 -2.598192 0.2
        vertex -0.65576124 -2.6014361 0.2
    endloop
endfacet
facet normal 0 0 1
    outer loop
        vertex -0.665 -1.6678947 0.2
        vertex -0.6688268 -1.6671336 0.2
        vertex -0.6688268 -2.1223402 0.2
    endloop
endfacet
facet normal -0 0 1
    outer loop
        vertex -0.66117316 -2.5960243 0.2
        vertex -0.65792894 -2.598192 0.2
        vertex -0.65792894 -2.13865 0.2
    endloop
endfacet
facet normal -0 0 1
    outer loop
        vertex -0.66117316 -2.1408176 0.2
        vertex -0.66117316 -2.5960243 0.2
        vertex -0.65792894 -2.13865 0.2
    endloop
endfacet
facet normal 0 0 1
    outer loop
        vertex -0.6688268 -2.1408176 0.2
        vertex -0.67207104 -2.13865 0.2
        vertex -0.67207104 -2.598192 0.2
    endloop
endfacet
facet normal 0 0 1
    outer loop
        vertex -0.6688268 -2.5960243 0.2
        vertex -0.665 -2.595263 0.2
        vertex -0.665 -2.141579 0.2
    endloop
endfacet
facet normal 0 -0 1
    outer loop
        vertex -0.675 -3.0789475 0.2
        vertex -0.675 -2.6052632 0.2
        vertex -0.875 -4.5 0.2
    endloop
endfacet
facet normal 0 0 1
    outer loop
        vertex -0.675 -3.0789475 0.2
        vertex -0.6742388 -2.60909 0.2
        vertex -0.675 -2.6052632 0.2
    endloop
endfacet
facet normal 0 0 1
    outer loop
        vertex -0.675 -3.0789475 0.2
        vertex -0.6742388 -3.0751207 0.2
        vertex -0.6742388 -2.60909 0.2
    endloop
endfacet
facet normal 0 0 1
    outer loop
        vertex -0.67207104 -2.6123343 0.2
        vertex -0.6742388 -2.60909 0.2
        vertex -0.6742388 -3.0751207 0.2
    endloop
endfacet
facet normal 0 -0 1
    outer loop
        vertex -0.67207104 -3.0718765 0.2
        vertex -0.67207104 -2.6123343 0.2
        vertex -0.6742388 -3.0751207 0.2
    endloop
endfacet
facet normal 0 0 1
    outer loop
        vertex -0.67207104 -3.0718765 0.2
        vertex -0.6688268 -2.614502 0.2
        vertex -0.67207104 -2.6123343 0.2
    endloop
endfacet
facet normal -0 0 1
    outer loop
        vertex -0.665 -2.141579 0.2
        vertex -0.665 -2.595263 0.2
        vertex -0.66117316 -2.1408176 0.2
    endloop
endfacet
facet normal -0 0 1
    outer loop
        vertex -0.665 -2.595263 0.2
        vertex -0.66117316 -2.5960243 0.2
        vertex -0.66117316 -2.1408176 0.2
    endloop
endfacet
facet normal 0 0 1
    outer loop
        vertex -0.65792894 -3.0718765 0.2
        vertex -0.65576124 -2.60909 0.2
        vertex -0.65792894 -2.6123343 0.2
    endloop
endfacet
facet normal -0 0 0.99999994
    outer loop
        vertex -0.65576124 -3.0751207 0.2
        vertex -0.655 -3.0789475 0.2
        vertex -0.655 -2.6052632 0.2
    endloop
endfacet
facet normal 0 0 1
    outer loop
        vertex -0.655 -2.6052632 0.2
        vertex -0.655 -3.0789475 0.2
        vertex 0.875 -4.5 0.2
    endloop
endfacet
facet normal -0 0 0.99999994
    outer loop
        vertex -0.65576124 -2.60909 0.2
        vertex -0.65576124 -3.0751207 0.2
        vertex -0.655 -2.6052632 0.2
    endloop
endfacet
facet normal 0 0 0.99999994
    outer loop
        vertex -0.655 -2.131579 0.2
        vertex -0.65576124 -2.6014361 0.2
        vertex -0.655 -2.6052632 0.2
    endloop
endfacet
facet normal 0 0 1
    outer loop
        vertex -0.65576124 -2.60909 0.2
        vertex -0.65792894 -3.0718765 0.2
        vertex -0.65576124 -3.0751207 0.2
    endloop
endfacet
facet normal 0 0 1
    outer loop
        vertex -0.665 -2.141579 0.2
        vertex -0.6688268 -2.1408176 0.2
        vertex -0.6688268 -2.5960243 0.2
    endloop
endfacet
facet normal -0 0 1
    outer loop
        vertex -0.66117316 -3.0697083 0.2
        vertex -0.65792894 -3.0718765 0.2
        vertex -0.65792894 -2.6123343 0.2
    endloop
endfacet
facet normal -0 0 1
    outer loop
        vertex -0.66117316 -2.614502 0.2
        vertex -0.66117316 -3.0697083 0.2
        vertex -0.65792894 -2.6123343 0.2
    endloop
endfacet
facet normal 0 0 1
    outer loop
        vertex -0.6688268 -3.0697083 0.2
        vertex -0.665 -3.0689473 0.2
        vertex -0.665 -2.6152632 0.2
    endloop
endfacet
facet normal 0 0 1
    outer loop
        vertex -0.6688268 -2.614502 0.2
        vertex -0.6688268 -3.0697083 0.2
        vertex -0.665 -2.6152632 0.2
    endloop
endfacet
facet normal 0 -0 1
    outer loop
        vertex -0.675 -3.5526316 0.2
        vertex -0.675 -3.0789475 0.2
        vertex -0.875 -4.5 0.2
    endloop
endfacet
facet normal 0 -0 1
    outer loop
        vertex -0.6742388 -3.5488048 0.2
        vertex -0.6742388 -3.0827742 0.2
        vertex -0.675 -3.5526316 0.2
    endloop
endfacet
facet normal 0 0 1
    outer loop
        vertex -0.6688268 -2.614502 0.2
        vertex -0.67207104 -3.0718765 0.2
        vertex -0.6688268 -3.0697083 0.2
    endloop
endfacet
facet normal 0 0 1
    outer loop
        vertex -0.6742388 -3.5488048 0.2
        vertex -0.67207104 -3.0860186 0.2
        vertex -0.6742388 -3.0827742 0.2
    endloop
endfacet
facet normal 0 0 1
    outer loop
        vertex -0.67207104 -3.0860186 0.2
        vertex -0.6742388 -3.5488048 0.2
        vertex -0.67207104 -3.5455606 0.2
    endloop
endfacet
facet normal 0 0 1
    outer loop
        vertex -0.6688268 -3.0881863 0.2
        vertex -0.67207104 -3.0860186 0.2
        vertex -0.67207104 -3.5455606 0.2
    endloop
endfacet
facet normal 0 -0 1
    outer loop
        vertex -0.6688268 -3.543393 0.2
        vertex -0.6688268 -3.0881863 0.2
        vertex -0.67207104 -3.5455606 0.2
    endloop
endfacet
facet normal -0 0 1
    outer loop
        vertex -0.665 -2.6152632 0.2
        vertex -0.665 -3.0689473 0.2
        vertex -0.66117316 -2.614502 0.2
    endloop
endfacet
facet normal -0 0 1
    outer loop
        vertex -0.665 -3.0689473 0.2
        vertex -0.66117316 -3.0697083 0.2
        vertex -0.66117316 -2.614502 0.2
    endloop
endfacet
facet normal 0 0 1
    outer loop
        vertex -0.65792894 -3.5455606 0.2
        vertex -0.65576124 -3.0827742 0.2
        vertex -0.65792894 -3.0860186 0.2
    endloop
endfacet
facet normal -0 0 1
    outer loop
        vertex -0.65576124 -3.5488048 0.2
        vertex -0.655 -3.5526316 0.2
        vertex -0.655 -3.0789475 0.2
    endloop
endfacet
facet normal 0 0 1
    outer loop
        vertex -0.655 -3.0789475 0.2
        vertex -0.655 -3.5526316 0.2
        vertex 0.875 -4.5 0.2
    endloop
endfacet
facet normal 0 0 1
    outer loop
        vertex -0.65576124 -3.0827742 0.2
        vertex -0.65792894 -3.5455606 0.2
        vertex -0.65576124 -3.5488048 0.2
    endloop
endfacet
facet normal 0 0 0.99999994
    outer loop
        vertex -0.655 -3.0789475 0.2
        vertex -0.65576124 -3.0827742 0.2
        vertex -0.65576124 -3.5488048 0.2
    endloop
endfacet
facet normal 0 0 1
    outer loop
        vertex -0.6688268 -3.0881863 0.2
        vertex -0.6688268 -3.543393 0.2
        vertex -0.665 -3.0889473 0.2
    endloop
endfacet
facet normal -0 0 1
    outer loop
        vertex -0.66117316 -3.543393 0.2
        vertex -0.65792894 -3.5455606 0.2
        vertex -0.65792894 -3.0860186 0.2
    endloop
endfacet
facet normal -0 0 1
    outer loop
        vertex -0.66117316 -3.0881863 0.2
        vertex -0.66117316 -3.543393 0.2
        vertex -0.65792894 -3.0860186 0.2
    endloop
endfacet
facet normal 0 0 1
    outer loop
        vertex -0.675 -3.5526316 0.2
        vertex -0.875 -4.5 0.2
        vertex -0.675 -4.0263157 0.2
    endloop
endfacet
facet normal 0 0 1
    outer loop
        vertex -0.6688268 -3.543393 0.2
        vertex -0.665 -3.5426316 0.2
        vertex -0.665 -3.0889473 0.2
    endloop
endfacet
facet normal 0 0 1
    outer loop
        vertex -0.6742388 -3.5564585 0.2
        vertex -0.675 -3.5526316 0.2
        vertex -0.675 -4.0263157 0.2
    endloop
endfacet
facet normal 0 -0 1
    outer loop
        vertex -0.6742388 -4.022489 0.2
        vertex -0.6742388 -3.5564585 0.2
        vertex -0.675 -4.0263157 0.2
    endloop
endfacet
facet normal 0 0 1
    outer loop
        vertex -0.6742388 -4.022489 0.2
        vertex -0.67207104 -3.5597026 0.2
        vertex -0.6742388 -3.5564585 0.2
    endloop
endfacet
facet normal 0 0 1
    outer loop
        vertex -0.67207104 -3.5597026 0.2
        vertex -0.67207104 -4.0192447 0.2
        vertex -0.6688268 -3.5618703 0.2
    endloop
endfacet
facet normal 0 0 1
    outer loop
        vertex -0.6688268 -3.5618703 0.2
        vertex -0.67207104 -4.0192447 0.2
        vertex -0.6688268 -4.017077 0.2
    endloop
endfacet
facet normal -0 0 1
    outer loop
        vertex -0.665 -3.0889473 0.2
        vertex -0.665 -3.5426316 0.2
        vertex -0.66117316 -3.0881863 0.2
    endloop
endfacet
facet normal -0 0 1
    outer loop
        vertex -0.665 -3.5626316 0.2
        vertex -0.665 -4.016316 0.2
        vertex -0.66117316 -3.5618703 0.2
    endloop
endfacet
facet normal 0 0 1
    outer loop
        vertex -0.665 -3.5626316 0.2
        vertex -0.6688268 -4.017077 0.2
        vertex -0.665 -4.016316 0.2
    endloop
endfacet
facet normal -0 0 1
    outer loop
        vertex -0.665 -3.5426316 0.2
        vertex -0.66117316 -3.543393 0.2
        vertex -0.66117316 -3.0881863 0.2
    endloop
endfacet
facet normal 0 0 1
    outer loop
        vertex -0.65792894 -4.0192447 0.2
        vertex -0.65576124 -3.5564585 0.2
        vertex -0.65792894 -3.5597026 0.2
    endloop
endfacet
facet normal -0 0 1
    outer loop
        vertex -0.65576124 -3.5564585 0.2
        vertex 0.875 -4.5 0.2
        vertex -0.655 -3.5526316 0.2
    endloop
endfacet
facet normal 0 0 1
    outer loop
        vertex -0.65576124 -4.022489 0.2
        vertex -0.655 -4.0263157 0.2
        vertex 0.875 -4.5 0.2
    endloop
endfacet
facet normal 0 0 1
    outer loop
        vertex -0.65576124 -3.5564585 0.2
        vertex -0.65792894 -4.0192447 0.2
        vertex -0.65576124 -4.022489 0.2
    endloop
endfacet
facet normal 0 0 1
    outer loop
        vertex -0.6688268 -4.017077 0.2
        vertex -0.665 -3.5626316 0.2
        vertex -0.6688268 -3.5618703 0.2
    endloop
endfacet
facet normal 0 0 0.99999994
    outer loop
        vertex 0.875 -4.5 0.2
        vertex -0.65576124 -3.5564585 0.2
        vertex -0.65576124 -4.022489 0.2
    endloop
endfacet
facet normal -0 0 1
    outer loop
        vertex -0.66117316 -4.017077 0.2
        vertex -0.65792894 -4.0192447 0.2
        vertex -0.65792894 -3.5597026 0.2
    endloop
endfacet
facet normal -0 0 1
    outer loop
        vertex -0.66117316 -3.5618703 0.2
        vertex -0.66117316 -4.017077 0.2
        vertex -0.65792894 -3.5597026 0.2
    endloop
endfacet
facet normal 0 0 1
    outer loop
        vertex -0.675 -4.0263157 0.2
        vertex -0.875 -4.5 0.2
        vertex -0.6742388 -4.0301423 0.2
    endloop
endfacet
facet normal 0 0 1
    outer loop
        vertex -0.67207104 -3.5597026 0.2
        vertex -0.6742388 -4.022489 0.2
        vertex -0.67207104 -4.0192447 0.2
    endloop
endfacet
facet normal 0 0 1
    outer loop
        vertex -0.6742388 -4.0301423 0.2
        vertex -0.875 -4.5 0.2
        vertex -0.67207104 -4.0333867 0.2
    endloop
endfacet
facet normal 0 0 1
    outer loop
        vertex -0.67207104 -4.0333867 0.2
        vertex -0.875 -4.5 0.2
        vertex -0.6688268 -4.0355544 0.2
    endloop
endfacet
facet normal 0 -0 1
    outer loop
        vertex -0.6688268 -4.4907613 0.2
        vertex -0.6688268 -4.0355544 0.2
        vertex -0.875 -4.5 0.2
    endloop
endfacet
facet normal 0 0 1
    outer loop
        vertex -0.6688268 -4.4907613 0.2
        vertex -0.665 -4.0363154 0.2
        vertex -0.6688268 -4.0355544 0.2
    endloop
endfacet
facet normal 0 0 1
    outer loop
        vertex -0.665 -4.49 0.2
        vertex -0.66117316 -4.0355544 0.2
        vertex -0.665 -4.0363154 0.2
    endloop
endfacet
facet normal -0 0 1
    outer loop
        vertex -0.665 -4.49 0.2
        vertex -0.66117316 -4.4907613 0.2
        vertex -0.66117316 -4.0355544 0.2
    endloop
endfacet
facet normal -0 0 1
    outer loop
        vertex -0.665 -4.016316 0.2
        vertex -0.66117316 -4.017077 0.2
        vertex -0.66117316 -3.5618703 0.2
    endloop
endfacet
facet normal 0 0 1
    outer loop
        vertex -0.65792894 -4.492929 0.2
        vertex -0.65576124 -4.0301423 0.2
        vertex -0.65792894 -4.0333867 0.2
    endloop
endfacet
facet normal -0 0 1
    outer loop
        vertex -0.65576124 -4.0301423 0.2
        vertex 0.875 -4.5 0.2
        vertex -0.655 -4.0263157 0.2
    endloop
endfacet
facet normal 0 0 0.99999994
    outer loop
        vertex -0.65576124 -4.496173 0.2
        vertex -0.655 -4.5 0.2
        vertex 0.875 -4.5 0.2
    endloop
endfacet
facet normal 0 0 0.99999994
    outer loop
        vertex -0.65576124 -4.0301423 0.2
        vertex -0.65576124 -4.496173 0.2
        vertex 0.875 -4.5 0.2
    endloop
endfacet
facet normal 0 0 1
    outer loop
        vertex -0.665 -4.0363154 0.2
        vertex -0.6688268 -4.4907613 0.2
        vertex -0.665 -4.49 0.2
    endloop
endfacet
facet normal 0 0 0.99999994
    outer loop
        vertex -0.66117316 -4.4907613 0.2
        vertex -0.65792894 -4.0333867 0.2
        vertex -0.66117316 -4.0355544 0.2
    endloop
endfacet
facet normal 0 -0 1
    outer loop
        vertex -0.65576124 -4.496173 0.2
        vertex -0.65576124 -4.0301423 0.2
        vertex -0.65792894 -4.492929 0.2
    endloop
endfacet
facet normal 0 -0 1
    outer loop
        vertex -0.675 -4.5 0.2
        vertex -0.6742388 -4.496173 0.2
        vertex -0.875 -4.5 0.2
    endloop
endfacet
facet normal 0 -0 1
    outer loop
        vertex -0.6742388 -4.5038266 0.2
        vertex -0.655 -4.5 0.2
        vertex -0.675 -4.5 0.2
    endloop
endfacet
facet normal -0 0 1
    outer loop
        vertex -0.6742388 -4.5038266 0.2
        vertex -0.67207104 -4.507071 0.2
        vertex -0.655 -4.5 0.2
    endloop
endfacet
facet normal -0 0 1
    outer loop
        vertex -0.67207104 -4.507071 0.2
        vertex -0.6688268 -4.5092387 0.2
        vertex -0.655 -4.5 0.2
    endloop
endfacet
facet normal -0 0 1
    outer loop
        vertex -0.6688268 -4.5092387 0.2
        vertex -0.665 -4.51 0.2
        vertex -0.655 -4.5 0.2
    endloop
endfacet
facet normal 0 -0 1
    outer loop
        vertex -0.66117316 -4.5092387 0.2
        vertex -0.655 -4.5 0.2
        vertex -0.665 -4.51 0.2
    endloop
endfacet
facet normal 0 0 1
    outer loop
        vertex -0.66117316 -4.5092387 0.2
        vertex -0.65792894 -4.507071 0.2
        vertex -0.655 -4.5 0.2
    endloop
endfacet
facet normal 0 0 0.99999994
    outer loop
        vertex -0.65792894 -4.507071 0.2
        vertex -0.65576124 -4.5038266 0.2
        vertex -0.655 -4.5 0.2
    endloop
endfacet
facet normal 0 0 1
    outer loop
        vertex -0.65792894 -4.0333867 0.2
        vertex -0.66117316 -4.4907613 0.2
        vertex -0.65792894 -4.492929 0.2
    endloop
endfacet
facet normal 0 0 1
    outer loop
        vertex -0.67207104 -4.492929 0.2
        vertex -0.875 -4.5 0.2
        vertex -0.6742388 -4.496173 0.2
    endloop
endfacet
facet normal 0 -0 0.99999994
    outer loop
        vertex -0.67207104 -4.492929 0.2
        vertex -0.6688268 -4.4907613 0.2
        vertex -0.875 -4.5 0.2
    endloop
endfacet
facet normal 0 0 1
    outer loop
        vertex -0.6742388 -3.0827742 0.2
        vertex -0.675 -3.0789475 0.2
        vertex -0.675 -3.5526316 0.2
    endloop
endfacet
facet normal 0.98078281 0.19510244 0
    outer loop
        vertex -0.6742388 -4.5038266 0.2
        vertex -0.675 -4.5 0
        vertex -0.675 -4.5 0.2
    endloop
endfacet
facet normal 0.98078281 0.19510244 -0
    outer loop
        vertex -0.6742388 -4.5038266 0
        vertex -0.675 -4.5 0
        vertex -0.6742388 -4.5038266 0.2
    endloop
endfacet
facet normal 0.83147877 0.55555648 -0
    outer loop
        vertex -0.6742388 -4.5038266 0
        vertex -0.6742388 -4.5038266 0.2
        vertex -0.67207104 -4.507071 0.2
    endloop
endfacet
facet normal 0.83147877 0.55555648 0
    outer loop
        vertex -0.6742388 -4.5038266 0
        vertex -0.67207104 -4.507071 0.2
        vertex -0.67207104 -4.507071 0
    endloop
endfacet
facet normal 0.55556709 0.83147162 0
    outer loop
        vertex -0.67207104 -4.507071 0.2
        vertex -0.6688268 -4.5092387 0.2
        vertex -0.67207104 -4.507071 0
    endloop
endfacet
facet normal 0.55556709 0.83147162 0
    outer loop
        vertex -0.6688268 -4.5092387 0.2
        vertex -0.6688268 -4.5092387 0
        vertex -0.67207104 -4.507071 0
    endloop
endfacet
facet normal 0.19516715 0.98076999 0
    outer loop
        vertex -0.665 -4.51 0.2
        vertex -0.6688268 -4.5092387 0
        vertex -0.6688268 -4.5092387 0.2
    endloop
endfacet
facet normal -0.98077989 0.19511716 0
    outer loop
        vertex -0.655 -4.5 0.2
        vertex -0.655 -4.5 0
        vertex -0.65576124 -4.5038266 0
    endloop
endfacet
facet normal -0.98077989 0.19511716 0
    outer loop
        vertex -0.65576124 -4.5038266 0
        vertex -0.65576124 -4.5038266 0.2
        vertex -0.655 -4.5 0.2
    endloop
endfacet
facet normal -0.83148581 0.55554593 0
    outer loop
        vertex -0.65792894 -4.507071 0
        vertex -0.65576124 -4.5038266 0.2
        vertex -0.65576124 -4.5038266 0
    endloop
endfacet
facet normal -0.83148581 0.55554593 0
    outer loop
        vertex -0.65792894 -4.507071 0.2
        vertex -0.65576124 -4.5038266 0.2
        vertex -0.65792894 -4.507071 0
    endloop
endfacet
facet normal -0.55556709 0.83147162 0
    outer loop
        vertex -0.65792894 -4.507071 0.2
        vertex -0.65792894 -4.507071 0
        vertex -0.66117316 -4.5092387 0
    endloop
endfacet
facet normal -0.55556709 0.83147162 0
    outer loop
        vertex -0.65792894 -4.507071 0.2
        vertex -0.66117316 -4.5092387 0
        vertex -0.66117316 -4.5092387 0.2
    endloop
endfacet
facet normal -0.19516423 0.98077053 0
    outer loop
        vertex -0.66117316 -4.5092387 0
        vertex -0.665 -4.51 0
        vertex -0.66117316 -4.5092387 0.2
    endloop
endfacet
facet normal -0.19516423 0.98077053 0
    outer loop
        vertex -0.665 -4.51 0
        vertex -0.665 -4.51 0.2
        vertex -0.66117316 -4.5092387 0.2
    endloop
endfacet
facet normal 0.19516715 0.98076999 0
    outer loop
        vertex -0.6688268 -4.5092387 0
        vertex -0.665 -4.51 0.2
        vertex -0.665 -4.51 0
    endloop
endfacet
facet normal 0.98078281 0.19510244 0
    outer loop
        vertex -0.6742388 -4.0301423 0.2
        vertex -0.675 -4.0263157 0
        vertex -0.675 -4.0263157 0.2
    endloop
endfacet
facet normal 0.98078281 0.19510244 -0
    outer loop
        vertex -0.6742388 -4.0301423 0
        vertex -0.675 -4.0263157 0
        vertex -0.6742388 -4.0301423 0.2
    endloop
endfacet
facet normal 0.83147877 0.55555648 -0
    outer loop
        vertex -0.6742388 -4.0301423 0
        vertex -0.6742388 -4.0301423 0.2
        vertex -0.67207104 -4.0333867 0.2
    endloop
endfacet
facet normal 0.83147877 0.55555648 0
    outer loop
        vertex -0.6742388 -4.0301423 0
        vertex -0.67207104 -4.0333867 0.2
        vertex -0.67207104 -4.0333867 0
    endloop
endfacet
facet normal 0.55556709 0.83147162 0
    outer loop
        vertex -0.67207104 -4.0333867 0.2
        vertex -0.6688268 -4.0355544 0.2
        vertex -0.67207104 -4.0333867 0
    endloop
endfacet
facet normal 0.55556709 0.83147162 0
    outer loop
        vertex -0.6688268 -4.0355544 0.2
        vertex -0.6688268 -4.0355544 0
        vertex -0.67207104 -4.0333867 0
    endloop
endfacet
facet normal 0.1950496 0.98079336 0
    outer loop
        vertex -0.665 -4.0363154 0.2
        vertex -0.6688268 -4.0355544 0
        vertex -0.6688268 -4.0355544 0.2
    endloop
endfacet
facet normal -0.98077989 0.19511716 0
    outer loop
        vertex -0.655 -4.0263157 0.2
        vertex -0.655 -4.0263157 0
        vertex -0.65576124 -4.0301423 0
    endloop
endfacet
facet normal -0.98077989 0.19511716 0
    outer loop
        vertex -0.65576124 -4.0301423 0
        vertex -0.65576124 -4.0301423 0.2
        vertex -0.655 -4.0263157 0.2
    endloop
endfacet
facet normal -0.83148581 0.55554593 0
    outer loop
        vertex -0.65792894 -4.0333867 0
        vertex -0.65576124 -4.0301423 0.2
        vertex -0.65576124 -4.0301423 0
    endloop
endfacet
facet normal -0.83148581 0.55554593 0
    outer loop
        vertex -0.65792894 -4.0333867 0.2
        vertex -0.65576124 -4.0301423 0.2
        vertex -0.65792894 -4.0333867 0
    endloop
endfacet
facet normal -0.55556709 0.83147162 0
    outer loop
        vertex -0.65792894 -4.0333867 0.2
        vertex -0.65792894 -4.0333867 0
        vertex -0.66117316 -4.0355544 0
    endloop
endfacet
facet normal -0.55556709 0.83147162 0
    outer loop
        vertex -0.65792894 -4.0333867 0.2
        vertex -0.66117316 -4.0355544 0
        vertex -0.66117316 -4.0355544 0.2
    endloop
endfacet
facet normal -0.19504668 0.98079389 0
    outer loop
        vertex -0.66117316 -4.0355544 0
        vertex -0.665 -4.0363154 0
        vertex -0.66117316 -4.0355544 0.2
    endloop
endfacet
facet normal -0.19504668 0.98079389 0
    outer loop
        vertex -0.665 -4.0363154 0
        vertex -0.665 -4.0363154 0.2
        vertex -0.66117316 -4.0355544 0.2
    endloop
endfacet
facet normal 0.1950496 0.98079336 0
    outer loop
        vertex -0.6688268 -4.0355544 0
        vertex -0.665 -4.0363154 0.2
        vertex -0.665 -4.0363154 0
    endloop
endfacet
facet normal 0.98078519 0.19509077 0
    outer loop
        vertex -0.6742388 -3.5564585 0.2
        vertex -0.675 -3.5526316 0
        vertex -0.675 -3.5526316 0.2
    endloop
endfacet
facet normal 0.98078519 0.19509077 -0
    outer loop
        vertex -0.6742388 -3.5564585 0
        vertex -0.675 -3.5526316 0
        vertex -0.6742388 -3.5564585 0.2
    endloop
endfacet
facet normal 0.83145988 0.55558473 -0
    outer loop
        vertex -0.6742388 -3.5564585 0
        vertex -0.6742388 -3.5564585 0.2
        vertex -0.67207104 -3.5597026 0.2
    endloop
endfacet
facet normal 0.83145988 0.55558473 0
    outer loop
        vertex -0.6742388 -3.5564585 0
        vertex -0.67207104 -3.5597026 0.2
        vertex -0.67207104 -3.5597026 0
    endloop
endfacet
facet normal 0.55556709 0.83147162 0
    outer loop
        vertex -0.67207104 -3.5597026 0.2
        vertex -0.6688268 -3.5618703 0.2
        vertex -0.67207104 -3.5597026 0
    endloop
endfacet
facet normal 0.55556709 0.83147162 0
    outer loop
        vertex -0.6688268 -3.5618703 0.2
        vertex -0.6688268 -3.5618703 0
        vertex -0.67207104 -3.5597026 0
    endloop
endfacet
facet normal 0.19510838 0.98078167 0
    outer loop
        vertex -0.665 -3.5626316 0.2
        vertex -0.6688268 -3.5618703 0
        vertex -0.6688268 -3.5618703 0.2
    endloop
endfacet
facet normal -0.98078221 0.19510546 0
    outer loop
        vertex -0.655 -3.5526316 0.2
        vertex -0.655 -3.5526316 0
        vertex -0.65576124 -3.5564585 0
    endloop
endfacet
facet normal -0.98078221 0.19510546 0
    outer loop
        vertex -0.65576124 -3.5564585 0
        vertex -0.65576124 -3.5564585 0.2
        vertex -0.655 -3.5526316 0.2
    endloop
endfacet
facet normal -0.83146691 0.55557412 0
    outer loop
        vertex -0.65792894 -3.5597026 0
        vertex -0.65576124 -3.5564585 0.2
        vertex -0.65576124 -3.5564585 0
    endloop
endfacet
facet normal -0.83146691 0.55557412 0
    outer loop
        vertex -0.65792894 -3.5597026 0.2
        vertex -0.65576124 -3.5564585 0.2
        vertex -0.65792894 -3.5597026 0
    endloop
endfacet
facet normal -0.55556709 0.83147162 0
    outer loop
        vertex -0.65792894 -3.5597026 0.2
        vertex -0.65792894 -3.5597026 0
        vertex -0.66117316 -3.5618703 0
    endloop
endfacet
facet normal -0.55556709 0.83147162 0
    outer loop
        vertex -0.65792894 -3.5597026 0.2
        vertex -0.66117316 -3.5618703 0
        vertex -0.66117316 -3.5618703 0.2
    endloop
endfacet
facet normal -0.19510546 0.98078221 0
    outer loop
        vertex -0.66117316 -3.5618703 0
        vertex -0.665 -3.5626316 0
        vertex -0.66117316 -3.5618703 0.2
    endloop
endfacet
facet normal -0.19510546 0.98078221 0
    outer loop
        vertex -0.665 -3.5626316 0
        vertex -0.665 -3.5626316 0.2
        vertex -0.66117316 -3.5618703 0.2
    endloop
endfacet
facet normal 0.19510838 0.98078167 0
    outer loop
        vertex -0.6688268 -3.5618703 0
        vertex -0.665 -3.5626316 0.2
        vertex -0.665 -3.5626316 0
    endloop
endfacet
facet normal 0.98078281 0.19510244 0
    outer loop
        vertex -0.6742388 -3.0827742 0.2
        vertex -0.675 -3.0789475 0
        vertex -0.675 -3.0789475 0.2
    endloop
endfacet
facet normal 0.98078281 0.19510244 -0
    outer loop
        vertex -0.6742388 -3.0827742 0
        vertex -0.675 -3.0789475 0
        vertex -0.6742388 -3.0827742 0.2
    endloop
endfacet
facet normal 0.83147877 0.55555648 -0
    outer loop
        vertex -0.6742388 -3.0827742 0
        vertex -0.6742388 -3.0827742 0.2
        vertex -0.67207104 -3.0860186 0.2
    endloop
endfacet
facet normal 0.83147877 0.55555648 0
    outer loop
        vertex -0.6742388 -3.0827742 0
        vertex -0.67207104 -3.0860186 0.2
        vertex -0.67207104 -3.0860186 0
    endloop
endfacet
facet normal 0.55556709 0.83147162 0
    outer loop
        vertex -0.67207104 -3.0860186 0.2
        vertex -0.6688268 -3.0881863 0.2
        vertex -0.67207104 -3.0860186 0
    endloop
endfacet
facet normal 0.55556709 0.83147162 0
    outer loop
        vertex -0.6688268 -3.0881863 0.2
        vertex -0.6688268 -3.0881863 0
        vertex -0.67207104 -3.0860186 0
    endloop
endfacet
facet normal 0.1950496 0.98079336 0
    outer loop
        vertex -0.665 -3.0889473 0.2
        vertex -0.6688268 -3.0881863 0
        vertex -0.6688268 -3.0881863 0.2
    endloop
endfacet
facet normal -0.98077989 0.19511716 0
    outer loop
        vertex -0.655 -3.0789475 0.2
        vertex -0.655 -3.0789475 0
        vertex -0.65576124 -3.0827742 0
    endloop
endfacet
facet normal -0.98077989 0.19511716 0
    outer loop
        vertex -0.65576124 -3.0827742 0
        vertex -0.65576124 -3.0827742 0.2
        vertex -0.655 -3.0789475 0.2
    endloop
endfacet
facet normal -0.83148581 0.55554593 0
    outer loop
        vertex -0.65792894 -3.0860186 0
        vertex -0.65576124 -3.0827742 0.2
        vertex -0.65576124 -3.0827742 0
    endloop
endfacet
facet normal -0.83148581 0.55554593 0
    outer loop
        vertex -0.65792894 -3.0860186 0.2
        vertex -0.65576124 -3.0827742 0.2
        vertex -0.65792894 -3.0860186 0
    endloop
endfacet
facet normal -0.55556709 0.83147162 0
    outer loop
        vertex -0.65792894 -3.0860186 0.2
        vertex -0.65792894 -3.0860186 0
        vertex -0.66117316 -3.0881863 0
    endloop
endfacet
facet normal -0.55556709 0.83147162 0
    outer loop
        vertex -0.65792894 -3.0860186 0.2
        vertex -0.66117316 -3.0881863 0
        vertex -0.66117316 -3.0881863 0.2
    endloop
endfacet
facet normal -0.19504668 0.98079389 0
    outer loop
        vertex -0.66117316 -3.0881863 0
        vertex -0.665 -3.0889473 0
        vertex -0.66117316 -3.0881863 0.2
    endloop
endfacet
facet normal -0.19504668 0.98079389 0
    outer loop
        vertex -0.665 -3.0889473 0
        vertex -0.665 -3.0889473 0.2
        vertex -0.66117316 -3.0881863 0.2
    endloop
endfacet
facet normal 0.1950496 0.98079336 0
    outer loop
        vertex -0.6688268 -3.0881863 0
        vertex -0.665 -3.0889473 0.2
        vertex -0.665 -3.0889473 0
    endloop
endfacet
facet normal 0.98078519 0.19509077 0
    outer loop
        vertex -0.6742388 -2.60909 0.2
        vertex -0.675 -2.6052632 0
        vertex -0.675 -2.6052632 0.2
    endloop
endfacet
facet normal 0.98078519 0.19509077 -0
    outer loop
        vertex -0.6742388 -2.60909 0
        vertex -0.675 -2.6052632 0
        vertex -0.6742388 -2.60909 0.2
    endloop
endfacet
facet normal 0.83145988 0.55558473 -0
    outer loop
        vertex -0.6742388 -2.60909 0
        vertex -0.6742388 -2.60909 0.2
        vertex -0.67207104 -2.6123343 0.2
    endloop
endfacet
facet normal 0.83145988 0.55558473 0
    outer loop
        vertex -0.6742388 -2.60909 0
        vertex -0.67207104 -2.6123343 0.2
        vertex -0.67207104 -2.6123343 0
    endloop
endfacet
facet normal 0.55556709 0.83147162 0
    outer loop
        vertex -0.67207104 -2.6123343 0.2
        vertex -0.6688268 -2.614502 0.2
        vertex -0.67207104 -2.6123343 0
    endloop
endfacet
facet normal 0.55556709 0.83147162 0
    outer loop
        vertex -0.6688268 -2.614502 0.2
        vertex -0.6688268 -2.614502 0
        vertex -0.67207104 -2.6123343 0
    endloop
endfacet
facet normal 0.19510838 0.98078167 0
    outer loop
        vertex -0.665 -2.6152632 0.2
        vertex -0.6688268 -2.614502 0
        vertex -0.6688268 -2.614502 0.2
    endloop
endfacet
facet normal -0.98078221 0.19510546 0
    outer loop
        vertex -0.655 -2.6052632 0.2
        vertex -0.655 -2.6052632 0
        vertex -0.65576124 -2.60909 0
    endloop
endfacet
facet normal -0.98078221 0.19510546 0
    outer loop
        vertex -0.65576124 -2.60909 0
        vertex -0.65576124 -2.60909 0.2
        vertex -0.655 -2.6052632 0.2
    endloop
endfacet
facet normal -0.83146691 0.55557412 0
    outer loop
        vertex -0.65792894 -2.6123343 0
        vertex -0.65576124 -2.60909 0.2
        vertex -0.65576124 -2.60909 0
    endloop
endfacet
facet normal -0.83146691 0.55557412 0
    outer loop
        vertex -0.65792894 -2.6123343 0.2
        vertex -0.65576124 -2.60909 0.2
        vertex -0.65792894 -2.6123343 0
    endloop
endfacet
facet normal -0.55556709 0.83147162 0
    outer loop
        vertex -0.65792894 -2.6123343 0.2
        vertex -0.65792894 -2.6123343 0
        vertex -0.66117316 -2.614502 0
    endloop
endfacet
facet normal -0.55556709 0.83147162 0
    outer loop
        vertex -0.65792894 -2.6123343 0.2
        vertex -0.66117316 -2.614502 0
        vertex -0.66117316 -2.614502 0.2
    endloop
endfacet
facet normal -0.19510546 0.98078221 0
    outer loop
        vertex -0.66117316 -2.614502 0
        vertex -0.665 -2.6152632 0
        vertex -0.66117316 -2.614502 0.2
    endloop
endfacet
facet normal -0.19510546 0.98078221 0
    outer loop
        vertex -0.665 -2.6152632 0
        vertex -0.665 -2.6152632 0.2
        vertex -0.66117316 -2.614502 0.2
    endloop
endfacet
facet normal 0.19510838 0.98078167 0
    outer loop
        vertex -0.6688268 -2.614502 0
        vertex -0.665 -2.6152632 0.2
        vertex -0.665 -2.6152632 0
    endloop
endfacet
facet normal 0.98078519 0.19509077 0
    outer loop
        vertex -0.6742388 -2.1354058 0.2
        vertex -0.675 -2.131579 0
        vertex -0.675 -2.131579 0.2
    endloop
endfacet
facet normal 0.98078519 0.19509077 -0
    outer loop
        vertex -0.6742388 -2.1354058 0
        vertex -0.675 -2.131579 0
        vertex -0.6742388 -2.1354058 0.2
    endloop
endfacet
facet normal 0.83145988 0.55558473 -0
    outer loop
        vertex -0.6742388 -2.1354058 0
        vertex -0.6742388 -2.1354058 0.2
        vertex -0.67207104 -2.13865 0.2
    endloop
endfacet
facet normal 0.83145988 0.55558473 0
    outer loop
        vertex -0.6742388 -2.1354058 0
        vertex -0.67207104 -2.13865 0.2
        vertex -0.67207104 -2.13865 0
    endloop
endfacet
facet normal 0.55556709 0.83147162 0
    outer loop
        vertex -0.67207104 -2.13865 0.2
        vertex -0.6688268 -2.1408176 0.2
        vertex -0.67207104 -2.13865 0
    endloop
endfacet
facet normal 0.55556709 0.83147162 0
    outer loop
        vertex -0.6688268 -2.1408176 0.2
        vertex -0.6688268 -2.1408176 0
        vertex -0.67207104 -2.13865 0
    endloop
endfacet
facet normal 0.19510838 0.98078167 0
    outer loop
        vertex -0.665 -2.141579 0.2
        vertex -0.6688268 -2.1408176 0
        vertex -0.6688268 -2.1408176 0.2
    endloop
endfacet
facet normal -0.98078221 0.19510546 0
    outer loop
        vertex -0.655 -2.131579 0.2
        vertex -0.655 -2.131579 0
        vertex -0.65576124 -2.1354058 0
    endloop
endfacet
facet normal -0.98078221 0.19510546 0
    outer loop
        vertex -0.65576124 -2.1354058 0
        vertex -0.65576124 -2.1354058 0.2
        vertex -0.655 -2.131579 0.2
    endloop
endfacet
facet normal -0.83146691 0.55557412 0
    outer loop
        vertex -0.65792894 -2.13865 0
        vertex -0.65576124 -2.1354058 0.2
        vertex -0.65576124 -2.1354058 0
    endloop
endfacet
facet normal -0.83146691 0.55557412 0
    outer loop
        vertex -0.65792894 -2.13865 0.2
        vertex -0.65576124 -2.1354058 0.2
        vertex -0.65792894 -2.13865 0
    endloop
endfacet
facet normal -0.55556709 0.83147162 0
    outer loop
        vertex -0.65792894 -2.13865 0.2
        vertex -0.65792894 -2.13865 0
        vertex -0.66117316 -2.1408176 0
    endloop
endfacet
facet normal -0.55556709 0.83147162 0
    outer loop
        vertex -0.65792894 -2.13865 0.2
        vertex -0.66117316 -2.1408176 0
        vertex -0.66117316 -2.1408176 0.2
    endloop
endfacet
facet normal -0.19510546 0.98078221 0
    outer loop
        vertex -0.66117316 -2.1408176 0
        vertex -0.665 -2.141579 0
        vertex -0.66117316 -2.1408176 0.2
    endloop
endfacet
facet normal -0.19510546 0.98078221 0
    outer loop
        vertex -0.665 -2.141579 0
        vertex -0.665 -2.141579 0.2
        vertex -0.66117316 -2.1408176 0.2
    endloop
endfacet
facet normal 0.19510838 0.98078167 0
    outer loop
        vertex -0.6688268 -2.1408176 0
        vertex -0.665 -2.141579 0.2
        vertex -0.665 -2.141579 0
    endloop
endfacet
facet normal 0.98078519 0.19509077 0
    outer loop
        vertex -0.6742388 -1.6617216 0.2
        vertex -0.675 -1.6578947 0
        vertex -0.675 -1.6578947 0.2
    endloop
endfacet
facet normal 0.98078519 0.19509077 -0
    outer loop
        vertex -0.6742388 -1.6617216 0
        vertex -0.675 -1.6578947 0
        vertex -0.6742388 -1.6617216 0.2
    endloop
endfacet
facet normal 0.83146936 0.5555706 -0
    outer loop
        vertex -0.6742388 -1.6617216 0
        vertex -0.6742388 -1.6617216 0.2
        vertex -0.67207104 -1.6649659 0.2
    endloop
endfacet
facet normal 0.83146936 0.5555706 0
    outer loop
        vertex -0.6742388 -1.6617216 0
        vertex -0.67207104 -1.6649659 0.2
        vertex -0.67207104 -1.6649659 0
    endloop
endfacet
facet normal 0.55556709 0.83147162 0
    outer loop
        vertex -0.67207104 -1.6649659 0.2
        vertex -0.6688268 -1.6671336 0.2
        vertex -0.67207104 -1.6649659 0
    endloop
endfacet
facet normal 0.55556709 0.83147162 0
    outer loop
        vertex -0.6688268 -1.6671336 0.2
        vertex -0.6688268 -1.6671336 0
        vertex -0.67207104 -1.6649659 0
    endloop
endfacet
facet normal 0.195079 0.98078758 0
    outer loop
        vertex -0.665 -1.6678947 0.2
        vertex -0.6688268 -1.6671336 0
        vertex -0.6688268 -1.6671336 0.2
    endloop
endfacet
facet normal -0.98078221 0.19510546 0
    outer loop
        vertex -0.655 -1.6578947 0.2
        vertex -0.655 -1.6578947 0
        vertex -0.65576124 -1.6617216 0
    endloop
endfacet
facet normal -0.98078221 0.19510546 0
    outer loop
        vertex -0.65576124 -1.6617216 0
        vertex -0.65576124 -1.6617216 0.2
        vertex -0.655 -1.6578947 0.2
    endloop
endfacet
facet normal -0.83147639 0.55556005 0
    outer loop
        vertex -0.65792894 -1.6649659 0
        vertex -0.65576124 -1.6617216 0.2
        vertex -0.65576124 -1.6617216 0
    endloop
endfacet
facet normal -0.83147639 0.55556005 0
    outer loop
        vertex -0.65792894 -1.6649659 0.2
        vertex -0.65576124 -1.6617216 0.2
        vertex -0.65792894 -1.6649659 0
    endloop
endfacet
facet normal -0.55556709 0.83147162 0
    outer loop
        vertex -0.65792894 -1.6649659 0.2
        vertex -0.65792894 -1.6649659 0
        vertex -0.66117316 -1.6671336 0
    endloop
endfacet
facet normal -0.55556709 0.83147162 0
    outer loop
        vertex -0.65792894 -1.6649659 0.2
        vertex -0.66117316 -1.6671336 0
        vertex -0.66117316 -1.6671336 0.2
    endloop
endfacet
facet normal -0.19507608 0.98078811 0
    outer loop
        vertex -0.66117316 -1.6671336 0
        vertex -0.665 -1.6678947 0
        vertex -0.66117316 -1.6671336 0.2
    endloop
endfacet
facet normal -0.19507608 0.98078811 0
    outer loop
        vertex -0.665 -1.6678947 0
        vertex -0.665 -1.6678947 0.2
        vertex -0.66117316 -1.6671336 0.2
    endloop
endfacet
facet normal 0.195079 0.98078758 0
    outer loop
        vertex -0.6688268 -1.6671336 0
        vertex -0.665 -1.6678947 0.2
        vertex -0.665 -1.6678947 0
    endloop
endfacet
facet normal 0.98078519 0.19509077 0
    outer loop
        vertex -0.6742388 -1.1880374 0.2
        vertex -0.675 -1.1842105 0
        vertex -0.675 -1.1842105 0.2
    endloop
endfacet
facet normal 0.98078519 0.19509077 -0
    outer loop
        vertex -0.6742388 -1.1880374 0
        vertex -0.675 -1.1842105 0
        vertex -0.6742388 -1.1880374 0.2
    endloop
endfacet
facet normal 0.83146936 0.5555706 -0
    outer loop
        vertex -0.6742388 -1.1880374 0
        vertex -0.6742388 -1.1880374 0.2
        vertex -0.67207104 -1.1912817 0.2
    endloop
endfacet
facet normal 0.83146936 0.5555706 0
    outer loop
        vertex -0.6742388 -1.1880374 0
        vertex -0.67207104 -1.1912817 0.2
        vertex -0.67207104 -1.1912817 0
    endloop
endfacet
facet normal 0.55556709 0.83147162 0
    outer loop
        vertex -0.67207104 -1.1912817 0.2
        vertex -0.6688268 -1.1934494 0.2
        vertex -0.67207104 -1.1912817 0
    endloop
endfacet
facet normal 0.55556709 0.83147162 0
    outer loop
        vertex -0.6688268 -1.1934494 0.2
        vertex -0.6688268 -1.1934494 0
        vertex -0.67207104 -1.1912817 0
    endloop
endfacet
facet normal 0.195079 0.98078758 0
    outer loop
        vertex -0.665 -1.1942105 0.2
        vertex -0.6688268 -1.1934494 0
        vertex -0.6688268 -1.1934494 0.2
    endloop
endfacet
facet normal -0.98078221 0.19510546 0
    outer loop
        vertex -0.655 -1.1842105 0.2
        vertex -0.655 -1.1842105 0
        vertex -0.65576124 -1.1880374 0
    endloop
endfacet
facet normal -0.98078221 0.19510546 0
    outer loop
        vertex -0.65576124 -1.1880374 0
        vertex -0.65576124 -1.1880374 0.2
        vertex -0.655 -1.1842105 0.2
    endloop
endfacet
facet normal -0.83147639 0.55556005 0
    outer loop
        vertex -0.65792894 -1.1912817 0
        vertex -0.65576124 -1.1880374 0.2
        vertex -0.65576124 -1.1880374 0
    endloop
endfacet
facet normal -0.83147639 0.55556005 0
    outer loop
        vertex -0.65792894 -1.1912817 0.2
        vertex -0.65576124 -1.1880374 0.2
        vertex -0.65792894 -1.1912817 0
    endloop
endfacet
facet normal -0.55556709 0.83147162 0
    outer loop
        vertex -0.65792894 -1.1912817 0.2
        vertex -0.65792894 -1.1912817 0
        vertex -0.66117316 -1.1934494 0
    endloop
endfacet
facet normal -0.55556709 0.83147162 0
    outer loop
        vertex -0.65792894 -1.1912817 0.2
        vertex -0.66117316 -1.1934494 0
        vertex -0.66117316 -1.1934494 0.2
    endloop
endfacet
facet normal -0.19507608 0.98078811 0
    outer loop
        vertex -0.66117316 -1.1934494 0
        vertex -0.665 -1.1942105 0
        vertex -0.66117316 -1.1934494 0.2
    endloop
endfacet
facet normal -0.19507608 0.98078811 0
    outer loop
        vertex -0.665 -1.1942105 0
        vertex -0.665 -1.1942105 0.2
        vertex -0.66117316 -1.1934494 0.2
    endloop
endfacet
facet normal 0.195079 0.98078758 0
    outer loop
        vertex -0.6688268 -1.1934494 0
        vertex -0.665 -1.1942105 0.2
        vertex -0.665 -1.1942105 0
    endloop
endfacet
facet normal 0.98078519 0.19509077 0
    outer loop
        vertex -0.6742388 -0.71435314 0.2
        vertex -0.675 -0.7105263 0
        vertex -0.675 -0.7105263 0.2
    endloop
endfacet
facet normal 0.98078519 0.19509077 -0
    outer loop
        vertex -0.6742388 -0.71435314 0
        vertex -0.675 -0.7105263 0
        vertex -0.6742388 -0.71435314 0.2
    endloop
endfacet
facet normal 0.83146459 0.5555777 -0
    outer loop
        vertex -0.6742388 -0.71435314 0
        vertex -0.6742388 -0.71435314 0.2
        vertex -0.67207104 -0.71759737 0.2
    endloop
endfacet
facet normal 0.83146459 0.5555777 0
    outer loop
        vertex -0.6742388 -0.71435314 0
        vertex -0.67207104 -0.71759737 0.2
        vertex -0.67207104 -0.71759737 0
    endloop
endfacet
facet normal 0.5555777 0.83146459 0
    outer loop
        vertex -0.67207104 -0.71759737 0.2
        vertex -0.6688268 -0.7197651 0.2
        vertex -0.67207104 -0.71759737 0
    endloop
endfacet
facet normal 0.5555777 0.83146459 0
    outer loop
        vertex -0.6688268 -0.7197651 0.2
        vertex -0.6688268 -0.7197651 0
        vertex -0.67207104 -0.71759737 0
    endloop
endfacet
facet normal 0.195079 0.98078758 0
    outer loop
        vertex -0.665 -0.7205263 0.2
        vertex -0.6688268 -0.7197651 0
        vertex -0.6688268 -0.7197651 0.2
    endloop
endfacet
facet normal -0.98078221 0.19510546 0
    outer loop
        vertex -0.655 -0.7105263 0.2
        vertex -0.655 -0.7105263 0
        vertex -0.65576124 -0.71435314 0
    endloop
endfacet
facet normal -0.98078221 0.19510546 0
    outer loop
        vertex -0.65576124 -0.71435314 0
        vertex -0.65576124 -0.71435314 0.2
        vertex -0.655 -0.7105263 0.2
    endloop
endfacet
facet normal -0.83147162 0.55556709 0
    outer loop
        vertex -0.65792894 -0.71759737 0
        vertex -0.65576124 -0.71435314 0.2
        vertex -0.65576124 -0.71435314 0
    endloop
endfacet
facet normal -0.83147162 0.55556709 0
    outer loop
        vertex -0.65792894 -0.71759737 0.2
        vertex -0.65576124 -0.71435314 0.2
        vertex -0.65792894 -0.71759737 0
    endloop
endfacet
facet normal -0.5555777 0.83146459 0
    outer loop
        vertex -0.65792894 -0.71759737 0.2
        vertex -0.65792894 -0.71759737 0
        vertex -0.66117316 -0.7197651 0
    endloop
endfacet
facet normal -0.5555777 0.83146459 0
    outer loop
        vertex -0.65792894 -0.71759737 0.2
        vertex -0.66117316 -0.7197651 0
        vertex -0.66117316 -0.7197651 0.2
    endloop
endfacet
facet normal -0.19507608 0.98078811 0
    outer loop
        vertex -0.66117316 -0.7197651 0
        vertex -0.665 -0.7205263 0
        vertex -0.66117316 -0.7197651 0.2
    endloop
endfacet
facet normal -0.19507608 0.98078811 0
    outer loop
        vertex -0.665 -0.7205263 0
        vertex -0.665 -0.7205263 0.2
        vertex -0.66117316 -0.7197651 0.2
    endloop
endfacet
facet normal 0.195079 0.98078758 0
    outer loop
        vertex -0.6688268 -0.7197651 0
        vertex -0.665 -0.7205263 0.2
        vertex -0.665 -0.7205263 0
    endloop
endfacet
facet normal 0.98078489 0.19509222 0
    outer loop
        vertex -0.6742388 -0.24066894 0.2
        vertex -0.675 -0.23684211 0
        vertex -0.675 -0.23684211 0.2
    endloop
endfacet
facet normal 0.98078489 0.19509222 -0
    outer loop
        vertex -0.6742388 -0.24066894 0
        vertex -0.675 -0.23684211 0
        vertex -0.6742388 -0.24066894 0.2
    endloop
endfacet
facet normal 0.83146578 0.55557585 -0
    outer loop
        vertex -0.6742388 -0.24066894 0
        vertex -0.6742388 -0.24066894 0.2
        vertex -0.67207104 -0.24391317 0.2
    endloop
endfacet
facet normal 0.83146578 0.55557585 0
    outer loop
        vertex -0.6742388 -0.24066894 0
        vertex -0.67207104 -0.24391317 0.2
        vertex -0.67207104 -0.24391317 0
    endloop
endfacet
facet normal 0.55557239 0.83146816 0
    outer loop
        vertex -0.67207104 -0.24391317 0.2
        vertex -0.6688268 -0.2460809 0.2
        vertex -0.67207104 -0.24391317 0
    endloop
endfacet
facet normal 0.55557239 0.83146816 0
    outer loop
        vertex -0.6688268 -0.2460809 0.2
        vertex -0.6688268 -0.2460809 0
        vertex -0.67207104 -0.24391317 0
    endloop
endfacet
facet normal 0.19509001 0.98078531 0
    outer loop
        vertex -0.665 -0.2468421 0.2
        vertex -0.6688268 -0.2460809 0
        vertex -0.6688268 -0.2460809 0.2
    endloop
endfacet
facet normal -0.98078197 0.19510694 0
    outer loop
        vertex -0.655 -0.23684211 0.2
        vertex -0.655 -0.23684211 0
        vertex -0.65576124 -0.24066894 0
    endloop
endfacet
facet normal -0.98078197 0.19510694 0
    outer loop
        vertex -0.65576124 -0.24066894 0
        vertex -0.65576124 -0.24066894 0.2
        vertex -0.655 -0.23684211 0.2
    endloop
endfacet
facet normal -0.83147287 0.55556536 0
    outer loop
        vertex -0.65792894 -0.24391317 0
        vertex -0.65576124 -0.24066894 0.2
        vertex -0.65576124 -0.24066894 0
    endloop
endfacet
facet normal -0.83147287 0.55556536 0
    outer loop
        vertex -0.65792894 -0.24391317 0.2
        vertex -0.65576124 -0.24066894 0.2
        vertex -0.65792894 -0.24391317 0
    endloop
endfacet
facet normal -0.55557239 0.83146816 0
    outer loop
        vertex -0.65792894 -0.24391317 0.2
        vertex -0.65792894 -0.24391317 0
        vertex -0.66117316 -0.2460809 0
    endloop
endfacet
facet normal -0.55557239 0.83146816 0
    outer loop
        vertex -0.65792894 -0.24391317 0.2
        vertex -0.66117316 -0.2460809 0
        vertex -0.66117316 -0.2460809 0.2
    endloop
endfacet
facet normal -0.19508712 0.98078597 0
    outer loop
        vertex -0.66117316 -0.2460809 0
        vertex -0.665 -0.2468421 0
        vertex -0.66117316 -0.2460809 0.2
    endloop
endfacet
facet normal -0.19508712 0.98078597 0
    outer loop
        vertex -0.665 -0.2468421 0
        vertex -0.665 -0.2468421 0.2
        vertex -0.66117316 -0.2460809 0.2
    endloop
endfacet
facet normal 0.19509001 0.98078531 0
    outer loop
        vertex -0.6688268 -0.2460809 0
        vertex -0.665 -0.2468421 0.2
        vertex -0.665 -0.2468421 0
    endloop
endfacet
facet normal 0.98078489 0.19509222 0
    outer loop
        vertex -0.6742388 0.23301528 0.2
        vertex -0.675 0.23684211 0
        vertex -0.675 0.23684211 0.2
    endloop
endfacet
facet normal 0.98078489 0.19509222 -0
    outer loop
        vertex -0.6742388 0.23301528 0
        vertex -0.675 0.23684211 0
        vertex -0.6742388 0.23301528 0.2
    endloop
endfacet
facet normal 0.83146703 0.55557418 -0
    outer loop
        vertex -0.6742388 0.23301528 0
        vertex -0.6742388 0.23301528 0.2
        vertex -0.67207104 0.22977103 0.2
    endloop
endfacet
facet normal 0.83146703 0.55557418 0
    outer loop
        vertex -0.6742388 0.23301528 0
        vertex -0.67207104 0.22977103 0.2
        vertex -0.67207104 0.22977103 0
    endloop
endfacet
facet normal 0.55557239 0.83146816 0
    outer loop
        vertex -0.67207104 0.22977103 0.2
        vertex -0.6688268 0.2276033 0.2
        vertex -0.67207104 0.22977103 0
    endloop
endfacet
facet normal 0.55557239 0.83146816 0
    outer loop
        vertex -0.6688268 0.2276033 0.2
        vertex -0.6688268 0.2276033 0
        vertex -0.67207104 0.22977103 0
    endloop
endfacet
facet normal 0.19509001 0.98078531 0
    outer loop
        vertex -0.665 0.2268421 0.2
        vertex -0.6688268 0.2276033 0
        vertex -0.6688268 0.2276033 0.2
    endloop
endfacet
facet normal -0.98078197 0.19510694 0
    outer loop
        vertex -0.655 0.23684211 0.2
        vertex -0.655 0.23684211 0
        vertex -0.65576124 0.23301528 0
    endloop
endfacet
facet normal -0.98078197 0.19510694 0
    outer loop
        vertex -0.65576124 0.23301528 0
        vertex -0.65576124 0.23301528 0.2
        vertex -0.655 0.23684211 0.2
    endloop
endfacet
facet normal -0.83147407 0.55556357 0
    outer loop
        vertex -0.65792894 0.22977103 0
        vertex -0.65576124 0.23301528 0.2
        vertex -0.65576124 0.23301528 0
    endloop
endfacet
facet normal -0.83147407 0.55556357 0
    outer loop
        vertex -0.65792894 0.22977103 0.2
        vertex -0.65576124 0.23301528 0.2
        vertex -0.65792894 0.22977103 0
    endloop
endfacet
facet normal -0.55557239 0.83146816 0
    outer loop
        vertex -0.65792894 0.22977103 0.2
        vertex -0.65792894 0.22977103 0
        vertex -0.66117316 0.2276033 0
    endloop
endfacet
facet normal -0.55557239 0.83146816 0
    outer loop
        vertex -0.65792894 0.22977103 0.2
        vertex -0.66117316 0.2276033 0
        vertex -0.66117316 0.2276033 0.2
    endloop
endfacet
facet normal -0.19508712 0.98078597 0
    outer loop
        vertex -0.66117316 0.2276033 0
        vertex -0.665 0.2268421 0
        vertex -0.66117316 0.2276033 0.2
    endloop
endfacet
facet normal -0.19508712 0.98078597 0
    outer loop
        vertex -0.665 0.2268421 0
        vertex -0.665 0.2268421 0.2
        vertex -0.66117316 0.2276033 0.2
    endloop
endfacet
facet normal 0.19509001 0.98078531 0
    outer loop
        vertex -0.6688268 0.2276033 0
        vertex -0.665 0.2268421 0.2
        vertex -0.665 0.2268421 0
    endloop
endfacet
facet normal 0.98078519 0.19509077 0
    outer loop
        vertex -0.6742388 0.70669943 0.2
        vertex -0.675 0.7105263 0
        vertex -0.675 0.7105263 0.2
    endloop
endfacet
facet normal 0.98078519 0.19509077 -0
    outer loop
        vertex -0.6742388 0.70669943 0
        vertex -0.675 0.7105263 0
        vertex -0.6742388 0.70669943 0.2
    endloop
endfacet
facet normal 0.83146459 0.5555777 -0
    outer loop
        vertex -0.6742388 0.70669943 0
        vertex -0.6742388 0.70669943 0.2
        vertex -0.67207104 0.7034552 0.2
    endloop
endfacet
facet normal 0.83146459 0.5555777 0
    outer loop
        vertex -0.6742388 0.70669943 0
        vertex -0.67207104 0.7034552 0.2
        vertex -0.67207104 0.7034552 0
    endloop
endfacet
facet normal 0.55556709 0.83147162 0
    outer loop
        vertex -0.67207104 0.7034552 0.2
        vertex -0.6688268 0.7012875 0.2
        vertex -0.67207104 0.7034552 0
    endloop
endfacet
facet normal 0.55556709 0.83147162 0
    outer loop
        vertex -0.6688268 0.7012875 0.2
        vertex -0.6688268 0.7012875 0
        vertex -0.67207104 0.7034552 0
    endloop
endfacet
facet normal 0.19509368 0.9807846 0
    outer loop
        vertex -0.665 0.7005263 0.2
        vertex -0.6688268 0.7012875 0
        vertex -0.6688268 0.7012875 0.2
    endloop
endfacet
facet normal -0.98078221 0.19510546 0
    outer loop
        vertex -0.655 0.7105263 0.2
        vertex -0.655 0.7105263 0
        vertex -0.65576124 0.70669943 0
    endloop
endfacet
facet normal -0.98078221 0.19510546 0
    outer loop
        vertex -0.65576124 0.70669943 0
        vertex -0.65576124 0.70669943 0.2
        vertex -0.655 0.7105263 0.2
    endloop
endfacet
facet normal -0.83147162 0.55556709 0
    outer loop
        vertex -0.65792894 0.7034552 0
        vertex -0.65576124 0.70669943 0.2
        vertex -0.65576124 0.70669943 0
    endloop
endfacet
facet normal -0.83147162 0.55556709 0
    outer loop
        vertex -0.65792894 0.7034552 0.2
        vertex -0.65576124 0.70669943 0.2
        vertex -0.65792894 0.7034552 0
    endloop
endfacet
facet normal -0.55556709 0.83147162 0
    outer loop
        vertex -0.65792894 0.7034552 0.2
        vertex -0.65792894 0.7034552 0
        vertex -0.66117316 0.7012875 0
    endloop
endfacet
facet normal -0.55556709 0.83147162 0
    outer loop
        vertex -0.65792894 0.7034552 0.2
        vertex -0.66117316 0.7012875 0
        vertex -0.66117316 0.7012875 0.2
    endloop
endfacet
facet normal -0.19509077 0.98078519 0
    outer loop
        vertex -0.66117316 0.7012875 0
        vertex -0.665 0.7005263 0
        vertex -0.66117316 0.7012875 0.2
    endloop
endfacet
facet normal -0.19509077 0.98078519 0
    outer loop
        vertex -0.665 0.7005263 0
        vertex -0.665 0.7005263 0.2
        vertex -0.66117316 0.7012875 0.2
    endloop
endfacet
facet normal 0.19509368 0.9807846 0
    outer loop
        vertex -0.6688268 0.7012875 0
        vertex -0.665 0.7005263 0.2
        vertex -0.665 0.7005263 0
    endloop
endfacet
facet normal 0.98078519 0.19509077 0
    outer loop
        vertex -0.6742388 1.1803837 0.2
        vertex -0.675 1.1842105 0
        vertex -0.675 1.1842105 0.2
    endloop
endfacet
facet normal 0.98078519 0.19509077 -0
    outer loop
        vertex -0.6742388 1.1803837 0
        vertex -0.675 1.1842105 0
        vertex -0.6742388 1.1803837 0.2
    endloop
endfacet
facet normal 0.83146936 0.5555706 -0
    outer loop
        vertex -0.6742388 1.1803837 0
        vertex -0.6742388 1.1803837 0.2
        vertex -0.67207104 1.1771394 0.2
    endloop
endfacet
facet normal 0.83146936 0.5555706 0
    outer loop
        vertex -0.6742388 1.1803837 0
        vertex -0.67207104 1.1771394 0.2
        vertex -0.67207104 1.1771394 0
    endloop
endfacet
facet normal 0.55556709 0.83147162 0
    outer loop
        vertex -0.67207104 1.1771394 0.2
        vertex -0.6688268 1.1749717 0.2
        vertex -0.67207104 1.1771394 0
    endloop
endfacet
facet normal 0.55556709 0.83147162 0
    outer loop
        vertex -0.6688268 1.1749717 0.2
        vertex -0.6688268 1.1749717 0
        vertex -0.67207104 1.1771394 0
    endloop
endfacet
facet normal 0.195079 0.98078758 0
    outer loop
        vertex -0.665 1.1742105 0.2
        vertex -0.6688268 1.1749717 0
        vertex -0.6688268 1.1749717 0.2
    endloop
endfacet
facet normal -0.98078221 0.19510546 0
    outer loop
        vertex -0.655 1.1842105 0.2
        vertex -0.655 1.1842105 0
        vertex -0.65576124 1.1803837 0
    endloop
endfacet
facet normal -0.98078221 0.19510546 0
    outer loop
        vertex -0.65576124 1.1803837 0
        vertex -0.65576124 1.1803837 0.2
        vertex -0.655 1.1842105 0.2
    endloop
endfacet
facet normal -0.83147639 0.55556005 0
    outer loop
        vertex -0.65792894 1.1771394 0
        vertex -0.65576124 1.1803837 0.2
        vertex -0.65576124 1.1803837 0
    endloop
endfacet
facet normal -0.83147639 0.55556005 0
    outer loop
        vertex -0.65792894 1.1771394 0.2
        vertex -0.65576124 1.1803837 0.2
        vertex -0.65792894 1.1771394 0
    endloop
endfacet
facet normal -0.55556709 0.83147162 0
    outer loop
        vertex -0.65792894 1.1771394 0.2
        vertex -0.65792894 1.1771394 0
        vertex -0.66117316 1.1749717 0
    endloop
endfacet
facet normal -0.55556709 0.83147162 0
    outer loop
        vertex -0.65792894 1.1771394 0.2
        vertex -0.66117316 1.1749717 0
        vertex -0.66117316 1.1749717 0.2
    endloop
endfacet
facet normal -0.19507608 0.98078811 0
    outer loop
        vertex -0.66117316 1.1749717 0
        vertex -0.665 1.1742105 0
        vertex -0.66117316 1.1749717 0.2
    endloop
endfacet
facet normal -0.19507608 0.98078811 0
    outer loop
        vertex -0.665 1.1742105 0
        vertex -0.665 1.1742105 0.2
        vertex -0.66117316 1.1749717 0.2
    endloop
endfacet
facet normal 0.195079 0.98078758 0
    outer loop
        vertex -0.6688268 1.1749717 0
        vertex -0.665 1.1742105 0.2
        vertex -0.665 1.1742105 0
    endloop
endfacet
facet normal 0.98078519 0.19509077 0
    outer loop
        vertex -0.6742388 1.6540679 0.2
        vertex -0.675 1.6578947 0
        vertex -0.675 1.6578947 0.2
    endloop
endfacet
facet normal 0.98078519 0.19509077 -0
    outer loop
        vertex -0.6742388 1.6540679 0
        vertex -0.675 1.6578947 0
        vertex -0.6742388 1.6540679 0.2
    endloop
endfacet
facet normal 0.83145988 0.55558473 -0
    outer loop
        vertex -0.6742388 1.6540679 0
        vertex -0.6742388 1.6540679 0.2
        vertex -0.67207104 1.6508237 0.2
    endloop
endfacet
facet normal 0.83145988 0.55558473 0
    outer loop
        vertex -0.6742388 1.6540679 0
        vertex -0.67207104 1.6508237 0.2
        vertex -0.67207104 1.6508237 0
    endloop
endfacet
facet normal 0.55556709 0.83147162 0
    outer loop
        vertex -0.67207104 1.6508237 0.2
        vertex -0.6688268 1.648656 0.2
        vertex -0.67207104 1.6508237 0
    endloop
endfacet
facet normal 0.55556709 0.83147162 0
    outer loop
        vertex -0.6688268 1.648656 0.2
        vertex -0.6688268 1.648656 0
        vertex -0.67207104 1.6508237 0
    endloop
endfacet
facet normal 0.19510838 0.98078167 0
    outer loop
        vertex -0.665 1.6478947 0.2
        vertex -0.6688268 1.648656 0
        vertex -0.6688268 1.648656 0.2
    endloop
endfacet
facet normal -0.98078221 0.19510546 0
    outer loop
        vertex -0.655 1.6578947 0.2
        vertex -0.655 1.6578947 0
        vertex -0.65576124 1.6540679 0
    endloop
endfacet
facet normal -0.98078221 0.19510546 0
    outer loop
        vertex -0.65576124 1.6540679 0
        vertex -0.65576124 1.6540679 0.2
        vertex -0.655 1.6578947 0.2
    endloop
endfacet
facet normal -0.83146691 0.55557412 0
    outer loop
        vertex -0.65792894 1.6508237 0
        vertex -0.65576124 1.6540679 0.2
        vertex -0.65576124 1.6540679 0
    endloop
endfacet
facet normal -0.83146691 0.55557412 0
    outer loop
        vertex -0.65792894 1.6508237 0.2
        vertex -0.65576124 1.6540679 0.2
        vertex -0.65792894 1.6508237 0
    endloop
endfacet
facet normal -0.55556709 0.83147162 0
    outer loop
        vertex -0.65792894 1.6508237 0.2
        vertex -0.65792894 1.6508237 0
        vertex -0.66117316 1.648656 0
    endloop
endfacet
facet normal -0.55556709 0.83147162 0
    outer loop
        vertex -0.65792894 1.6508237 0.2
        vertex -0.66117316 1.648656 0
        vertex -0.66117316 1.648656 0.2
    endloop
endfacet
facet normal -0.19510546 0.98078221 0
    outer loop
        vertex -0.66117316 1.648656 0
        vertex -0.665 1.6478947 0
        vertex -0.66117316 1.648656 0.2
    endloop
endfacet
facet normal -0.19510546 0.98078221 0
    outer loop
        vertex -0.665 1.6478947 0
        vertex -0.665 1.6478947 0.2
        vertex -0.66117316 1.648656 0.2
    endloop
endfacet
facet normal 0.19510838 0.98078167 0
    outer loop
        vertex -0.6688268 1.648656 0
        vertex -0.665 1.6478947 0.2
        vertex -0.665 1.6478947 0
    endloop
endfacet
facet normal 0.98078519 0.19509077 0
    outer loop
        vertex -0.6742388 2.127752 0.2
        vertex -0.675 2.131579 0
        vertex -0.675 2.131579 0.2
    endloop
endfacet
facet normal 0.98078519 0.19509077 -0
    outer loop
        vertex -0.6742388 2.127752 0
        vertex -0.675 2.131579 0
        vertex -0.6742388 2.127752 0.2
    endloop
endfacet
facet normal 0.83145988 0.55558473 -0
    outer loop
        vertex -0.6742388 2.127752 0
        vertex -0.6742388 2.127752 0.2
        vertex -0.67207104 2.124508 0.2
    endloop
endfacet
facet normal 0.83145988 0.55558473 0
    outer loop
        vertex -0.6742388 2.127752 0
        vertex -0.67207104 2.124508 0.2
        vertex -0.67207104 2.124508 0
    endloop
endfacet
facet normal 0.55556709 0.83147162 0
    outer loop
        vertex -0.67207104 2.124508 0.2
        vertex -0.6688268 2.1223402 0.2
        vertex -0.67207104 2.124508 0
    endloop
endfacet
facet normal 0.55556709 0.83147162 0
    outer loop
        vertex -0.6688268 2.1223402 0.2
        vertex -0.6688268 2.1223402 0
        vertex -0.67207104 2.124508 0
    endloop
endfacet
facet normal 0.19510838 0.98078167 0
    outer loop
        vertex -0.665 2.121579 0.2
        vertex -0.6688268 2.1223402 0
        vertex -0.6688268 2.1223402 0.2
    endloop
endfacet
facet normal -0.98078221 0.19510546 0
    outer loop
        vertex -0.655 2.131579 0.2
        vertex -0.655 2.131579 0
        vertex -0.65576124 2.127752 0
    endloop
endfacet
facet normal -0.98078221 0.19510546 0
    outer loop
        vertex -0.65576124 2.127752 0
        vertex -0.65576124 2.127752 0.2
        vertex -0.655 2.131579 0.2
    endloop
endfacet
facet normal -0.83146691 0.55557412 0
    outer loop
        vertex -0.65792894 2.124508 0
        vertex -0.65576124 2.127752 0.2
        vertex -0.65576124 2.127752 0
    endloop
endfacet
facet normal -0.83146691 0.55557412 0
    outer loop
        vertex -0.65792894 2.124508 0.2
        vertex -0.65576124 2.127752 0.2
        vertex -0.65792894 2.124508 0
    endloop
endfacet
facet normal -0.55556709 0.83147162 0
    outer loop
        vertex -0.65792894 2.124508 0.2
        vertex -0.65792894 2.124508 0
        vertex -0.66117316 2.1223402 0
    endloop
endfacet
facet normal -0.55556709 0.83147162 0
    outer loop
        vertex -0.65792894 2.124508 0.2
        vertex -0.66117316 2.1223402 0
        vertex -0.66117316 2.1223402 0.2
    endloop
endfacet
facet normal -0.19510546 0.98078221 0
    outer loop
        vertex -0.66117316 2.1223402 0
        vertex -0.665 2.121579 0
        vertex -0.66117316 2.1223402 0.2
    endloop
endfacet
facet normal -0.19510546 0.98078221 0
    outer loop
        vertex -0.665 2.121579 0
        vertex -0.665 2.121579 0.2
        vertex -0.66117316 2.1223402 0.2
    endloop
endfacet
facet normal 0.19510838 0.98078167 0
    outer loop
        vertex -0.6688268 2.1223402 0
        vertex -0.665 2.121579 0.2
        vertex -0.665 2.121579 0
    endloop
endfacet
facet normal 0.98078752 0.19507906 0
    outer loop
        vertex -0.6742388 2.6014361 0.2
        vertex -0.675 2.6052632 0
        vertex -0.675 2.6052632 0.2
    endloop
endfacet
facet normal 0.98078752 0.19507906 -0
    outer loop
        vertex -0.6742388 2.6014361 0
        vertex -0.675 2.6052632 0
        vertex -0.6742388 2.6014361 0.2
    endloop
endfacet
facet normal 0.83145988 0.55558473 -0
    outer loop
        vertex -0.6742388 2.6014361 0
        vertex -0.6742388 2.6014361 0.2
        vertex -0.67207104 2.598192 0.2
    endloop
endfacet
facet normal 0.83145988 0.55558473 0
    outer loop
        vertex -0.6742388 2.6014361 0
        vertex -0.67207104 2.598192 0.2
        vertex -0.67207104 2.598192 0
    endloop
endfacet
facet normal 0.55556709 0.83147162 0
    outer loop
        vertex -0.67207104 2.598192 0.2
        vertex -0.6688268 2.5960243 0.2
        vertex -0.67207104 2.598192 0
    endloop
endfacet
facet normal 0.55556709 0.83147162 0
    outer loop
        vertex -0.6688268 2.5960243 0.2
        vertex -0.6688268 2.5960243 0
        vertex -0.67207104 2.598192 0
    endloop
endfacet
facet normal 0.19510838 0.98078167 0
    outer loop
        vertex -0.665 2.595263 0.2
        vertex -0.6688268 2.5960243 0
        vertex -0.6688268 2.5960243 0.2
    endloop
endfacet
facet normal -0.9807846 0.19509378 0
    outer loop
        vertex -0.655 2.6052632 0.2
        vertex -0.655 2.6052632 0
        vertex -0.65576124 2.6014361 0
    endloop
endfacet
facet normal -0.9807846 0.19509378 0
    outer loop
        vertex -0.65576124 2.6014361 0
        vertex -0.65576124 2.6014361 0.2
        vertex -0.655 2.6052632 0.2
    endloop
endfacet
facet normal -0.83146691 0.55557412 0
    outer loop
        vertex -0.65792894 2.598192 0
        vertex -0.65576124 2.6014361 0.2
        vertex -0.65576124 2.6014361 0
    endloop
endfacet
facet normal -0.83146691 0.55557412 0
    outer loop
        vertex -0.65792894 2.598192 0.2
        vertex -0.65576124 2.6014361 0.2
        vertex -0.65792894 2.598192 0
    endloop
endfacet
facet normal -0.55556709 0.83147162 0
    outer loop
        vertex -0.65792894 2.598192 0.2
        vertex -0.65792894 2.598192 0
        vertex -0.66117316 2.5960243 0
    endloop
endfacet
facet normal -0.55556709 0.83147162 0
    outer loop
        vertex -0.65792894 2.598192 0.2
        vertex -0.66117316 2.5960243 0
        vertex -0.66117316 2.5960243 0.2
    endloop
endfacet
facet normal -0.19510546 0.98078221 0
    outer loop
        vertex -0.66117316 2.5960243 0
        vertex -0.665 2.595263 0
        vertex -0.66117316 2.5960243 0.2
    endloop
endfacet
facet normal -0.19510546 0.98078221 0
    outer loop
        vertex -0.665 2.595263 0
        vertex -0.665 2.595263 0.2
        vertex -0.66117316 2.5960243 0.2
    endloop
endfacet
facet normal 0.19510838 0.98078167 0
    outer loop
        vertex -0.6688268 2.5960243 0
        vertex -0.665 2.595263 0.2
        vertex -0.665 2.595263 0
    endloop
endfacet
facet normal 0.98078519 0.19509077 0
    outer loop
        vertex -0.6742388 3.0751207 0.2
        vertex -0.675 3.0789475 0
        vertex -0.675 3.0789475 0.2
    endloop
endfacet
facet normal 0.98078519 0.19509077 -0
    outer loop
        vertex -0.6742388 3.0751207 0
        vertex -0.675 3.0789475 0
        vertex -0.6742388 3.0751207 0.2
    endloop
endfacet
facet normal 0.83145988 0.55558473 -0
    outer loop
        vertex -0.6742388 3.0751207 0
        vertex -0.6742388 3.0751207 0.2
        vertex -0.67207104 3.0718765 0.2
    endloop
endfacet
facet normal 0.83145988 0.55558473 0
    outer loop
        vertex -0.6742388 3.0751207 0
        vertex -0.67207104 3.0718765 0.2
        vertex -0.67207104 3.0718765 0
    endloop
endfacet
facet normal 0.55565161 0.83141524 0
    outer loop
        vertex -0.67207104 3.0718765 0.2
        vertex -0.6688268 3.0697083 0.2
        vertex -0.67207104 3.0718765 0
    endloop
endfacet
facet normal 0.55565161 0.83141524 0
    outer loop
        vertex -0.6688268 3.0697083 0.2
        vertex -0.6688268 3.0697083 0
        vertex -0.67207104 3.0718765 0
    endloop
endfacet
facet normal 0.1950496 0.98079336 0
    outer loop
        vertex -0.665 3.0689473 0.2
        vertex -0.6688268 3.0697083 0
        vertex -0.6688268 3.0697083 0.2
    endloop
endfacet
facet normal -0.98078221 0.19510546 0
    outer loop
        vertex -0.655 3.0789475 0.2
        vertex -0.655 3.0789475 0
        vertex -0.65576124 3.0751207 0
    endloop
endfacet
facet normal -0.98078221 0.19510546 0
    outer loop
        vertex -0.65576124 3.0751207 0
        vertex -0.65576124 3.0751207 0.2
        vertex -0.655 3.0789475 0.2
    endloop
endfacet
facet normal -0.83146691 0.55557412 0
    outer loop
        vertex -0.65792894 3.0718765 0
        vertex -0.65576124 3.0751207 0.2
        vertex -0.65576124 3.0751207 0
    endloop
endfacet
facet normal -0.83146691 0.55557412 0
    outer loop
        vertex -0.65792894 3.0718765 0.2
        vertex -0.65576124 3.0751207 0.2
        vertex -0.65792894 3.0718765 0
    endloop
endfacet
facet normal -0.55565161 0.83141524 0
    outer loop
        vertex -0.65792894 3.0718765 0.2
        vertex -0.65792894 3.0718765 0
        vertex -0.66117316 3.0697083 0
    endloop
endfacet
facet normal -0.55565161 0.83141524 0
    outer loop
        vertex -0.65792894 3.0718765 0.2
        vertex -0.66117316 3.0697083 0
        vertex -0.66117316 3.0697083 0.2
    endloop
endfacet
facet normal -0.19504668 0.98079389 0
    outer loop
        vertex -0.66117316 3.0697083 0
        vertex -0.665 3.0689473 0
        vertex -0.66117316 3.0697083 0.2
    endloop
endfacet
facet normal -0.19504668 0.98079389 0
    outer loop
        vertex -0.665 3.0689473 0
        vertex -0.665 3.0689473 0.2
        vertex -0.66117316 3.0697083 0.2
    endloop
endfacet
facet normal 0.1950496 0.98079336 0
    outer loop
        vertex -0.6688268 3.0697083 0
        vertex -0.665 3.0689473 0.2
        vertex -0.665 3.0689473 0
    endloop
endfacet
facet normal 0.98078519 0.19509077 0
    outer loop
        vertex -0.6742388 3.5488048 0.2
        vertex -0.675 3.5526316 0
        vertex -0.675 3.5526316 0.2
    endloop
endfacet
facet normal 0.98078519 0.19509077 -0
    outer loop
        vertex -0.6742388 3.5488048 0
        vertex -0.675 3.5526316 0
        vertex -0.6742388 3.5488048 0.2
    endloop
endfacet
facet normal 0.83145988 0.55558473 -0
    outer loop
        vertex -0.6742388 3.5488048 0
        vertex -0.6742388 3.5488048 0.2
        vertex -0.67207104 3.5455606 0.2
    endloop
endfacet
facet normal 0.83145988 0.55558473 0
    outer loop
        vertex -0.6742388 3.5488048 0
        vertex -0.67207104 3.5455606 0.2
        vertex -0.67207104 3.5455606 0
    endloop
endfacet
facet normal 0.55556709 0.83147162 0
    outer loop
        vertex -0.67207104 3.5455606 0.2
        vertex -0.6688268 3.543393 0.2
        vertex -0.67207104 3.5455606 0
    endloop
endfacet
facet normal 0.55556709 0.83147162 0
    outer loop
        vertex -0.6688268 3.543393 0.2
        vertex -0.6688268 3.543393 0
        vertex -0.67207104 3.5455606 0
    endloop
endfacet
facet normal 0.19510838 0.98078167 0
    outer loop
        vertex -0.665 3.5426316 0.2
        vertex -0.6688268 3.543393 0
        vertex -0.6688268 3.543393 0.2
    endloop
endfacet
facet normal -0.98078221 0.19510546 0
    outer loop
        vertex -0.655 3.5526316 0.2
        vertex -0.655 3.5526316 0
        vertex -0.65576124 3.5488048 0
    endloop
endfacet
facet normal -0.98078221 0.19510546 0
    outer loop
        vertex -0.65576124 3.5488048 0
        vertex -0.65576124 3.5488048 0.2
        vertex -0.655 3.5526316 0.2
    endloop
endfacet
facet normal -0.83146691 0.55557412 0
    outer loop
        vertex -0.65792894 3.5455606 0
        vertex -0.65576124 3.5488048 0.2
        vertex -0.65576124 3.5488048 0
    endloop
endfacet
facet normal -0.83146691 0.55557412 0
    outer loop
        vertex -0.65792894 3.5455606 0.2
        vertex -0.65576124 3.5488048 0.2
        vertex -0.65792894 3.5455606 0
    endloop
endfacet
facet normal -0.55556709 0.83147162 0
    outer loop
        vertex -0.65792894 3.5455606 0.2
        vertex -0.65792894 3.5455606 0
        vertex -0.66117316 3.543393 0
    endloop
endfacet
facet normal -0.55556709 0.83147162 0
    outer loop
        vertex -0.65792894 3.5455606 0.2
        vertex -0.66117316 3.543393 0
        vertex -0.66117316 3.543393 0.2
    endloop
endfacet
facet normal -0.19510546 0.98078221 0
    outer loop
        vertex -0.66117316 3.543393 0
        vertex -0.665 3.5426316 0
        vertex -0.66117316 3.543393 0.2
    endloop
endfacet
facet normal -0.19510546 0.98078221 0
    outer loop
        vertex -0.665 3.5426316 0
        vertex -0.665 3.5426316 0.2
        vertex -0.66117316 3.543393 0.2
    endloop
endfacet
facet normal 0.19510838 0.98078167 0
    outer loop
        vertex -0.6688268 3.543393 0
        vertex -0.665 3.5426316 0.2
        vertex -0.665 3.5426316 0
    endloop
endfacet
facet normal 0.98078281 0.19510244 0
    outer loop
        vertex -0.6742388 4.022489 0.2
        vertex -0.675 4.0263157 0
        vertex -0.675 4.0263157 0.2
    endloop
endfacet
facet normal 0.98078281 0.19510244 -0
    outer loop
        vertex -0.6742388 4.022489 0
        vertex -0.675 4.0263157 0
        vertex -0.6742388 4.022489 0.2
    endloop
endfacet
facet normal 0.83147877 0.55555648 -0
    outer loop
        vertex -0.6742388 4.022489 0
        vertex -0.6742388 4.022489 0.2
        vertex -0.67207104 4.0192447 0.2
    endloop
endfacet
facet normal 0.83147877 0.55555648 0
    outer loop
        vertex -0.6742388 4.022489 0
        vertex -0.67207104 4.0192447 0.2
        vertex -0.67207104 4.0192447 0
    endloop
endfacet
facet normal 0.55556709 0.83147162 0
    outer loop
        vertex -0.67207104 4.0192447 0.2
        vertex -0.6688268 4.017077 0.2
        vertex -0.67207104 4.0192447 0
    endloop
endfacet
facet normal 0.55556709 0.83147162 0
    outer loop
        vertex -0.6688268 4.017077 0.2
        vertex -0.6688268 4.017077 0
        vertex -0.67207104 4.0192447 0
    endloop
endfacet
facet normal 0.1950496 0.98079336 0
    outer loop
        vertex -0.665 4.016316 0.2
        vertex -0.6688268 4.017077 0
        vertex -0.6688268 4.017077 0.2
    endloop
endfacet
facet normal -0.98077989 0.19511716 0
    outer loop
        vertex -0.655 4.0263157 0.2
        vertex -0.655 4.0263157 0
        vertex -0.65576124 4.022489 0
    endloop
endfacet
facet normal -0.98077989 0.19511716 0
    outer loop
        vertex -0.65576124 4.022489 0
        vertex -0.65576124 4.022489 0.2
        vertex -0.655 4.0263157 0.2
    endloop
endfacet
facet normal -0.83148581 0.55554593 0
    outer loop
        vertex -0.65792894 4.0192447 0
        vertex -0.65576124 4.022489 0.2
        vertex -0.65576124 4.022489 0
    endloop
endfacet
facet normal -0.83148581 0.55554593 0
    outer loop
        vertex -0.65792894 4.0192447 0.2
        vertex -0.65576124 4.022489 0.2
        vertex -0.65792894 4.0192447 0
    endloop
endfacet
facet normal -0.55556709 0.83147162 0
    outer loop
        vertex -0.65792894 4.0192447 0.2
        vertex -0.65792894 4.0192447 0
        vertex -0.66117316 4.017077 0
    endloop
endfacet
facet normal -0.55556709 0.83147162 0
    outer loop
        vertex -0.65792894 4.0192447 0.2
        vertex -0.66117316 4.017077 0
        vertex -0.66117316 4.017077 0.2
    endloop
endfacet
facet normal -0.19504668 0.98079389 0
    outer loop
        vertex -0.66117316 4.017077 0
        vertex -0.665 4.016316 0
        vertex -0.66117316 4.017077 0.2
    endloop
endfacet
facet normal -0.19504668 0.98079389 0
    outer loop
        vertex -0.665 4.016316 0
        vertex -0.665 4.016316 0.2
        vertex -0.66117316 4.017077 0.2
    endloop
endfacet
facet normal 0.1950496 0.98079336 0
    outer loop
        vertex -0.6688268 4.017077 0
        vertex -0.665 4.016316 0.2
        vertex -0.665 4.016316 0
    endloop
endfacet
facet normal 0.98078752 0.19507906 0
    outer loop
        vertex -0.6742388 4.496173 0.2
        vertex -0.675 4.5 0
        vertex -0.675 4.5 0.2
    endloop
endfacet
facet normal 0.98078752 0.19507906 -0
    outer loop
        vertex -0.6742388 4.496173 0
        vertex -0.675 4.5 0
        vertex -0.6742388 4.496173 0.2
    endloop
endfacet
facet normal 0.83144104 0.55561298 -0
    outer loop
        vertex -0.6742388 4.496173 0
        vertex -0.6742388 4.496173 0.2
        vertex -0.67207104 4.492929 0.2
    endloop
endfacet
facet normal 0.83144104 0.55561298 0
    outer loop
        vertex -0.6742388 4.496173 0
        vertex -0.67207104 4.492929 0.2
        vertex -0.67207104 4.492929 0
    endloop
endfacet
facet normal 0.55556709 0.83147162 0
    outer loop
        vertex -0.67207104 4.492929 0.2
        vertex -0.6688268 4.4907613 0.2
        vertex -0.67207104 4.492929 0
    endloop
endfacet
facet normal 0.55556709 0.83147162 0
    outer loop
        vertex -0.6688268 4.4907613 0.2
        vertex -0.6688268 4.4907613 0
        vertex -0.67207104 4.492929 0
    endloop
endfacet
facet normal 0.19516715 0.98076999 0
    outer loop
        vertex -0.665 4.49 0.2
        vertex -0.6688268 4.4907613 0
        vertex -0.6688268 4.4907613 0.2
    endloop
endfacet
facet normal -0.9807846 0.19509378 0
    outer loop
        vertex -0.655 4.5 0.2
        vertex -0.655 4.5 0
        vertex -0.65576124 4.496173 0
    endloop
endfacet
facet normal -0.9807846 0.19509378 0
    outer loop
        vertex -0.65576124 4.496173 0
        vertex -0.65576124 4.496173 0.2
        vertex -0.655 4.5 0.2
    endloop
endfacet
facet normal -0.83144814 0.55560243 0
    outer loop
        vertex -0.65792894 4.492929 0
        vertex -0.65576124 4.496173 0.2
        vertex -0.65576124 4.496173 0
    endloop
endfacet
facet normal -0.83144814 0.55560243 0
    outer loop
        vertex -0.65792894 4.492929 0.2
        vertex -0.65576124 4.496173 0.2
        vertex -0.65792894 4.492929 0
    endloop
endfacet
facet normal -0.55556709 0.83147162 0
    outer loop
        vertex -0.65792894 4.492929 0.2
        vertex -0.65792894 4.492929 0
        vertex -0.66117316 4.4907613 0
    endloop
endfacet
facet normal -0.55556709 0.83147162 0
    outer loop
        vertex -0.65792894 4.492929 0.2
        vertex -0.66117316 4.4907613 0
        vertex -0.66117316 4.4907613 0.2
    endloop
endfacet
facet normal -0.19516423 0.98077053 0
    outer loop
        vertex -0.66117316 4.4907613 0
        vertex -0.665 4.49 0
        vertex -0.66117316 4.4907613 0.2
    endloop
endfacet
facet normal -0.19516423 0.98077053 0
    outer loop
        vertex -0.665 4.49 0
        vertex -0.665 4.49 0.2
        vertex -0.66117316 4.4907613 0.2
    endloop
endfacet
facet normal 0.19516715 0.98076999 0
    outer loop
        vertex -0.6688268 4.4907613 0
        vertex -0.665 4.49 0.2
        vertex -0.665 4.49 0
    endloop
endfacet
endsolid unnamed
